record_id	record_type	lemma	source_primary	quality_tier	missing_fields	details
LX-ef7b289959	lexeme	אִבְטֵחַ	unimorph_heb	QUESTIONABLE	root_id|binyan|gloss_en	NO_MATCH
LX-31c701a1d6	lexeme	אִחֵד	unimorph_heb	QUESTIONABLE	root_id|binyan|gloss_en	NO_MATCH
LX-202db61ffe	lexeme	אֻבְטַח	unimorph_heb	QUESTIONABLE	root_id|binyan|infinitive_vocalized|gloss_en	NO_MATCH
LX-cd0c117aac	lexeme	בִּכָּה	unimorph_heb	SILVER	gloss_en	MATCHED
LX-c8a888740b	lexeme	בִּלְבֵּל	unimorph_heb	SILVER	gloss_en	MATCHED
LX-479fe41b4f	lexeme	בֵּאֵס	unimorph_heb	GOLD	gloss_en	MATCHED
LX-2fc0487e27	lexeme	בֻּטַּל	unimorph_heb	SILVER	infinitive_vocalized|gloss_en	MATCHED
LX-e9ecf1fa4a	lexeme	בֻּטָּא	unimorph_heb	GOLD	infinitive_vocalized|gloss_en	MATCHED
LX-819d01186a	lexeme	גֻּלָּה	unimorph_heb	SILVER	infinitive_vocalized	MATCHED
LX-63e472a7fb	lexeme	דִּכֵּא	unimorph_heb	SILVER	gloss_en	MATCHED
LX-bd8d081d7a	lexeme	דֻּכָּא	unimorph_heb	SILVER	infinitive_vocalized|gloss_en	MATCHED
LX-67c9dc861d	lexeme	הִבְלִיעַ	unimorph_heb	QUESTIONABLE	root_id|binyan|gloss_en	NO_MATCH
LX-0365751b4c	lexeme	הִדְלִיק	unimorph_heb	SILVER	gloss_en	MATCHED
LX-10a8c597e8	lexeme	הִזְכִּיר	unimorph_heb	SILVER	gloss_en	MATCHED
LX-41a9722335	lexeme	הִכְשִׁיר	unimorph_heb	SILVER	gloss_en	MATCHED
LX-915582e34b	lexeme	הִסְבִּיר	unimorph_heb	SILVER	gloss_en	MATCHED
LX-c24a551a7f	lexeme	הִסִּיעַ	unimorph_heb	GOLD	gloss_en	MATCHED
LX-5e2a89adb9	lexeme	הִפְחִיד	unimorph_heb	QUESTIONABLE	root_id|binyan|gloss_en	NO_MATCH
LX-47455ab9cc	lexeme	הִפְלִיא	unimorph_heb	QUESTIONABLE	root_id|binyan|gloss_en	NO_MATCH
LX-adc89f33e5	lexeme	הִפְלִיץ	unimorph_heb	QUESTIONABLE	root_id|binyan|gloss_en	NO_MATCH
LX-6192a7a203	lexeme	הִצְחִיק	unimorph_heb	SILVER	gloss_en	MATCHED
LX-722e83ef24	lexeme	הִקְבִּיל	unimorph_heb	QUESTIONABLE	root_id|binyan|gloss_en	NO_MATCH
LX-f6dee4dee4	lexeme	הִקְרִיס	unimorph_heb	QUESTIONABLE	root_id|binyan|gloss_en	NO_MATCH
LX-dfdc540224	lexeme	הִרְחִיק	unimorph_heb	SILVER	gloss_en	MATCHED
LX-0860796507	lexeme	הִשְׁלִיט	unimorph_heb	QUESTIONABLE	root_id|binyan|gloss_en	NO_MATCH
LX-1c873da7a6	lexeme	הִשְׁמִיד	unimorph_heb	QUESTIONABLE	root_id|binyan|gloss_en	NO_MATCH
LX-b6dd4ef5a9	lexeme	הִשְׁפִּיעַ	unimorph_heb	QUESTIONABLE	root_id|binyan|gloss_en	NO_MATCH
LX-fdc31b123d	lexeme	הִתְאַבֵּךְ	unimorph_heb	SILVER	gloss_en	MATCHED
LX-b5f86cb852	lexeme	הִתְאַבֵּל	unimorph_heb	QUESTIONABLE	root_id|binyan|gloss_en	NO_MATCH
LX-b33353af4e	lexeme	הִתְבַּטֵּא	unimorph_heb	SILVER	gloss_en	MATCHED
LX-19fbe79dd5	lexeme	הִתְבַּשֵּׁל	unimorph_heb	SILVER	gloss_en	MATCHED
LX-d284aaf979	lexeme	הִתְגַּלְגֵּל	unimorph_heb	SILVER	gloss_en	MATCHED
LX-828b91b0c3	lexeme	הִתְוַכֵּחַ	unimorph_heb	QUESTIONABLE	gloss_en	MATCHED
LX-6c9df5203f	lexeme	הִתְחַבֵּא	unimorph_heb	QUESTIONABLE	root_id|binyan|gloss_en	NO_MATCH
LX-ca66f4d375	lexeme	הִתְחַמֵּם	unimorph_heb	SILVER	gloss_en	MATCHED
LX-caf5449955	lexeme	הִתְחָרֵט	unimorph_heb	QUESTIONABLE	root_id|binyan|gloss_en	NO_MATCH
LX-279b759703	lexeme	הִתְכַּנֵּס	unimorph_heb	SILVER	gloss_en	MATCHED
LX-7598d9bfae	lexeme	הִתְכַּתֵּב	unimorph_heb	QUESTIONABLE	root_id	ROOT_AMBIGUOUS
LX-a8183f4292	lexeme	הִתְכּוֹנֵן	unimorph_heb	SILVER	gloss_en	MATCHED
LX-e365017775	lexeme	הִתְכּוֹפֵף	unimorph_heb	SILVER	gloss_en	MATCHED
LX-da58ea4612	lexeme	הִתְמַצֵּא	unimorph_heb	SILVER	gloss_en	MATCHED
LX-e3dbc11ba5	lexeme	הִתְנַבֵּא	unimorph_heb	QUESTIONABLE	root_id|binyan|gloss_en	NO_MATCH
LX-c6c5520e5b	lexeme	הִתְנַדֵּב	unimorph_heb	SILVER	gloss_en	MATCHED
LX-8b691001e1	lexeme	הִתְנַזֵּר	unimorph_heb	QUESTIONABLE	root_id|binyan|gloss_en	NO_MATCH
LX-ff0a75f9d2	lexeme	הִתְנַפֵּל	unimorph_heb	GOLD	gloss_en	MATCHED
LX-aa5f3f97ad	lexeme	הִתְנַצֵּל	unimorph_heb	SILVER	gloss_en	MATCHED
LX-b84daf0549	lexeme	הִתְנַקֵּשׁ	unimorph_heb	SILVER	gloss_en	MATCHED
LX-9389d0d56a	lexeme	הִתְנַשֵּׁק	unimorph_heb	SILVER	gloss_en	MATCHED
LX-2516618eea	lexeme	הִתְעַטֵּף	unimorph_heb	SILVER	gloss_en	MATCHED
LX-3e6cdd925d	lexeme	הִתְעַצֵּל	unimorph_heb	SILVER	gloss_en	MATCHED
LX-2e98c0beb0	lexeme	הִתְפַּשֵּׁט	unimorph_heb	SILVER	gloss_en	MATCHED
LX-0eb21333e9	lexeme	הִתְפַסְפֵס	unimorph_heb	QUESTIONABLE	root_id|binyan|gloss_en	NO_MATCH
LX-ec6a963ec5	lexeme	הִתְקַבֵּל	unimorph_heb	QUESTIONABLE	root_id|binyan|gloss_en	NO_MATCH
LX-ef3e26f237	lexeme	הִתְקַמֵּט	unimorph_heb	QUESTIONABLE	root_id|binyan|gloss_en	NO_MATCH
LX-2f8a48da70	lexeme	הִתְקַנֵּא	unimorph_heb	SILVER	gloss_en	MATCHED
LX-58e6bb7696	lexeme	הִתְקַשֵּׁר	unimorph_heb	SILVER	gloss_en	MATCHED
LX-93aad878fe	lexeme	הִתְקוֹמֵם	unimorph_heb	SILVER	gloss_en	MATCHED
LX-117900dfa8	lexeme	הִתְרַגֵּז	unimorph_heb	QUESTIONABLE	root_id|binyan|gloss_en	NO_MATCH
LX-60079d536b	lexeme	הִתְרַגֵּל	unimorph_heb	QUESTIONABLE	root_id|binyan|gloss_en	NO_MATCH
LX-433573875b	lexeme	הִתְרוֹמֵם	unimorph_heb	GOLD	gloss_en	MATCHED
LX-47b371ce9e	lexeme	הֵאֵט	unimorph_heb	GOLD	gloss_en	MATCHED
LX-0c9db8c268	lexeme	הֶחְלִיט	unimorph_heb	SILVER	gloss_en	MATCHED
LX-c77a638fe9	lexeme	הֻזְכַּר	unimorph_heb	SILVER	infinitive_vocalized|gloss_en	MATCHED
LX-7c7f91a4b8	lexeme	הֻחְלַט	unimorph_heb	SILVER	infinitive_vocalized|gloss_en	MATCHED
LX-0966d22501	lexeme	הֻכְנַס	unimorph_heb	SILVER	infinitive_vocalized|gloss_en	MATCHED
LX-b60212497e	lexeme	הֻכְשַׁר	unimorph_heb	QUESTIONABLE	root_id|binyan|infinitive_vocalized|gloss_en	NO_MATCH
LX-f7c78e84bd	lexeme	הֻכַּר	unimorph_heb	SILVER	infinitive_vocalized|gloss_en	MATCHED
LX-3b2fdf89d4	lexeme	הֻסַּע	unimorph_heb	SILVER	infinitive_vocalized|gloss_en	MATCHED
LX-90e9f30f07	lexeme	הֻפְשַׁט	unimorph_heb	SILVER	infinitive_vocalized|gloss_en	MATCHED
LX-0d9e372cdb	lexeme	הֻצַּל	unimorph_heb	SILVER	infinitive_vocalized|gloss_en	MATCHED
LX-b64c2d737c	lexeme	הֻקַּף	unimorph_heb	QUESTIONABLE	root_id|binyan|infinitive_vocalized|gloss_en	NO_MATCH
LX-29fa38336f	lexeme	הֻשְׁלַט	unimorph_heb	QUESTIONABLE	root_id|binyan|infinitive_vocalized|gloss_en	NO_MATCH
LX-a099a47335	lexeme	הֻתְפַּל	unimorph_heb	QUESTIONABLE	root_id|binyan|infinitive_vocalized|gloss_en	NO_MATCH
LX-9d187e35c4	lexeme	הֻתְקַף	unimorph_heb	SILVER	infinitive_vocalized|gloss_en	MATCHED
LX-5d26abed74	lexeme	הוֹכִיחַ	unimorph_heb	QUESTIONABLE	root_id	ROOT_AMBIGUOUS
LX-b21954ec6c	lexeme	הוֹלִיד	unimorph_heb	SILVER	gloss_en	MATCHED
LX-4d2ff493ca	lexeme	הוֹשִׁיב	unimorph_heb	SILVER	gloss_en	MATCHED
LX-af4d4f3365	lexeme	הוֹתִיר	unimorph_heb	SILVER	gloss_en	MATCHED
LX-ce89cee166	lexeme	הוּבַל	unimorph_heb	SILVER	infinitive_vocalized|gloss_en	MATCHED
LX-84abc2fe49	lexeme	הוּכַח	unimorph_heb	SILVER	infinitive_vocalized|gloss_en	MATCHED
LX-d2a3bcec99	lexeme	הוּסַף	unimorph_heb	SILVER	infinitive_vocalized|gloss_en	MATCHED
LX-4a74ca1f24	lexeme	הוּרַד	unimorph_heb	SILVER	infinitive_vocalized|gloss_en	MATCHED
LX-26a5c615b3	lexeme	זָכָה	unimorph_heb	QUESTIONABLE	root_id|binyan|gloss_en	NO_MATCH
LX-b3899b9aae	lexeme	חָזַק	unimorph_heb	SILVER	gloss_en	MATCHED
LX-cf3a338b24	lexeme	חָס	unimorph_heb	SILVER	gloss_en	MATCHED
LX-833fdcfadb	lexeme	חוֹלֵל	unimorph_heb	QUESTIONABLE	root_id	ROOT_AMBIGUOUS
LX-94e6564083	lexeme	טֻפַּל	unimorph_heb	QUESTIONABLE	root_id|binyan|infinitive_vocalized|gloss_en	NO_MATCH
LX-971f876f7b	lexeme	יָכֹל	unimorph_heb	SILVER	gloss_en	MATCHED
LX-3c90c37a94	lexeme	כִּבֵּד	unimorph_heb	GOLD	gloss_en	MATCHED
LX-97654703cd	lexeme	כֻּבָּה	unimorph_heb	QUESTIONABLE	root_id|binyan|infinitive_vocalized|gloss_en	NO_MATCH
LX-2c4f064f15	lexeme	כֻּנַּס	unimorph_heb	SILVER	infinitive_vocalized|gloss_en	MATCHED
LX-1e667b6cf8	lexeme	לִקֵּק	unimorph_heb	SILVER	gloss_en	MATCHED
LX-4d4104b919	lexeme	לָקָה	unimorph_heb	SILVER	gloss_en	MATCHED
LX-7bf44013b2	lexeme	לֻקַּק	unimorph_heb	QUESTIONABLE	root_id|binyan|infinitive_vocalized|gloss_en	NO_MATCH
LX-1a8bb53e56	lexeme	מָצַץ	unimorph_heb	SILVER	gloss_en	MATCHED
LX-ffc5e79e93	lexeme	מָרַד	unimorph_heb	GOLD	gloss_en	MATCHED
LX-f247ae6a19	lexeme	מֻזַּג	unimorph_heb	QUESTIONABLE	root_id|binyan|infinitive_vocalized|gloss_en	NO_MATCH
LX-df5eb7224e	lexeme	מֻלָּא	unimorph_heb	GOLD	infinitive_vocalized|gloss_en	MATCHED
LX-f2988da37f	lexeme	מֻקַּשׁ	unimorph_heb	QUESTIONABLE	root_id|binyan|infinitive_vocalized|gloss_en	NO_MATCH
LX-e49ccc7b5d	lexeme	מוֹטֵט	unimorph_heb	QUESTIONABLE	root_id|binyan|gloss_en	NO_MATCH
LX-f6d3ae66f2	lexeme	נִבְדַּק	unimorph_heb	QUESTIONABLE	root_id|binyan|gloss_en	NO_MATCH
LX-f40ce2ea1a	lexeme	נִבְרָא	unimorph_heb	QUESTIONABLE	root_id|binyan|gloss_en	NO_MATCH
LX-d716b2c31d	lexeme	נִבֵּא	unimorph_heb	SILVER	gloss_en	MATCHED
LX-27ecb0d9f6	lexeme	נִגַּשׁ	unimorph_heb	QUESTIONABLE	binyan	BINYAN_AMBIGUOUS
LX-3a6ffbd265	lexeme	נִמְאַס	unimorph_heb	QUESTIONABLE	root_id|binyan|gloss_en	NO_MATCH
LX-ccdfd26a66	lexeme	נִמְצָא	unimorph_heb	SILVER	gloss_en	MATCHED
LX-20a10d0ecb	lexeme	נִפְגַּשׁ	unimorph_heb	QUESTIONABLE	root_id|binyan|gloss_en	NO_MATCH
LX-9d8f0c1ee0	lexeme	נֶאֱגַר	unimorph_heb	QUESTIONABLE	root_id|binyan|gloss_en	NO_MATCH
LX-8bd5392093	lexeme	נֶאֱהַב	unimorph_heb	SILVER	gloss_en	MATCHED
LX-06d7302519	lexeme	נֶאֱהַד	unimorph_heb	QUESTIONABLE	root_id|binyan|gloss_en	NO_MATCH
LX-acf6d0c26e	lexeme	נֶאֱחַז	unimorph_heb	GOLD	gloss_en	MATCHED
LX-f54543aebc	lexeme	נֶאֱכַל	unimorph_heb	SILVER	gloss_en	MATCHED
LX-580a14db7b	lexeme	נֶאֱכַף	unimorph_heb	SILVER	gloss_en	MATCHED
LX-0abda6f174	lexeme	נָגַד	unimorph_heb	SILVER	gloss_en	MATCHED
LX-8fad168902	lexeme	נֻסָּה	unimorph_heb	QUESTIONABLE	root_id|binyan|infinitive_vocalized|gloss_en	NO_MATCH
LX-0ab103d61a	lexeme	עוֹרֵר	unimorph_heb	QUESTIONABLE	root_id	ROOT_AMBIGUOUS
LX-929dec664d	lexeme	פָּקַח	unimorph_heb	SILVER	gloss_en	MATCHED
LX-2ae5d33863	lexeme	צָרַךְ	unimorph_heb	SILVER	gloss_en	MATCHED
LX-034b40ed0d	lexeme	קִפֵּל	unimorph_heb	SILVER	gloss_en	MATCHED
LX-0175462ba3	lexeme	קָדַם	unimorph_heb	GOLD	gloss_en	MATCHED
LX-a646782180	lexeme	קָטַן	unimorph_heb	QUESTIONABLE	gloss_en	MATCHED
LX-3474548eed	lexeme	קֻצַּר	unimorph_heb	SILVER	infinitive_vocalized|gloss_en	MATCHED
LX-114ebed813	lexeme	רִתֵּךְ	unimorph_heb	QUESTIONABLE	root_id|binyan|gloss_en	NO_MATCH
LX-7a323af8bb	lexeme	רָזָה	unimorph_heb	SILVER	gloss_en	MATCHED
LX-aac197a310	lexeme	רָעַב	unimorph_heb	QUESTIONABLE	root_id|binyan|gloss_en	NO_MATCH
LX-67d6ca1efe	lexeme	רֻפָּא	unimorph_heb	QUESTIONABLE	root_id|binyan|infinitive_vocalized|gloss_en	NO_MATCH
LX-00ebeb3c62	lexeme	רֻתַּךְ	unimorph_heb	QUESTIONABLE	root_id|binyan|infinitive_vocalized|gloss_en	NO_MATCH
LX-774bf3792c	lexeme	רוֹמֵם	unimorph_heb	SILVER	gloss_en	MATCHED
LX-3809f3d028	lexeme	שָׁפַע	unimorph_heb	QUESTIONABLE	root_id|binyan|gloss_en	NO_MATCH
LX-5f3a36b9a2	lexeme	שֻׁנָּה	unimorph_heb	SILVER	infinitive_vocalized|gloss_en	MATCHED
LX-e31de2e059	lexeme	תֻּבַּל	unimorph_heb	QUESTIONABLE	root_id|binyan|infinitive_vocalized|gloss_en	NO_MATCH
LX-abdd104da2	lexeme	אִבְזֵר	unimorph_heb	SILVER	gloss_en	MATCHED
LX-35741b5868	lexeme	אִזְכֵּר	unimorph_heb	QUESTIONABLE	root_id|binyan|gloss_en	NO_MATCH
LX-a420b915b8	lexeme	אָבַל	unimorph_heb	SILVER	gloss_en	MATCHED
LX-4cd06352c1	lexeme	אֹרַס	unimorph_heb	QUESTIONABLE	root_id|binyan|infinitive_vocalized|gloss_en	NO_MATCH
LX-a9d91bd3a7	lexeme	אֻבְזַר	unimorph_heb	QUESTIONABLE	root_id|binyan|infinitive_vocalized|gloss_en	NO_MATCH
LX-1a565e6bf3	lexeme	אֻבְחַן	unimorph_heb	SILVER	infinitive_vocalized|gloss_en	MATCHED
LX-5a1b805acb	lexeme	אֻזְכַּר	unimorph_heb	QUESTIONABLE	root_id|binyan|infinitive_vocalized|gloss_en	NO_MATCH
LX-7ef28cc1a5	lexeme	אֻחַד	unimorph_heb	QUESTIONABLE	root_id|binyan|infinitive_vocalized|gloss_en	NO_MATCH
LX-8f51ad5f53	lexeme	אֻכַּל	unimorph_heb	GOLD	infinitive_vocalized	MATCHED
LX-3d3b9d1489	lexeme	אֻמְלַל	unimorph_heb	QUESTIONABLE	infinitive_vocalized|gloss_en	MATCHED_UNVOC_ONLY
LX-d756a3a904	lexeme	אֻמַּן	unimorph_heb	GOLD	infinitive_vocalized	MATCHED
LX-a4a3b63a4b	lexeme	אֻמַּץ	unimorph_heb	QUESTIONABLE	root_id|binyan|infinitive_vocalized|gloss_en	NO_MATCH
LX-6302ea5da3	lexeme	אוֹר	unimorph_heb	SILVER	infinitive_vocalized	MATCHED
LX-e671b27ab0	lexeme	אוֹתֵת	unimorph_heb	SILVER	gloss_en	MATCHED
LX-aa1972304f	lexeme	בִּדֵּחַ	unimorph_heb	SILVER	gloss_en	MATCHED
LX-fac650e6e0	lexeme	בִּלֵּעַ	unimorph_heb	SILVER	gloss_en	MATCHED
LX-7dbcf03053	lexeme	בִּקֵּעַ	unimorph_heb	SILVER	gloss_en	MATCHED
LX-c9fa5fb2eb	lexeme	בָּלַם	unimorph_heb	SILVER	gloss_en	MATCHED
LX-6c1729499c	lexeme	בָּן	unimorph_heb	GOLD	gloss_en	MATCHED
LX-1f9c2c0a46	lexeme	בָּקַע	unimorph_heb	GOLD	gloss_en	MATCHED
LX-dcb25d506c	lexeme	בֹּרַךְ	unimorph_heb	SILVER	infinitive_vocalized|gloss_en	MATCHED
LX-45ba3e59b3	lexeme	בֻּקַּר	unimorph_heb	QUESTIONABLE	root_id|binyan|infinitive_vocalized|gloss_en	NO_MATCH
LX-82d311e1e1	lexeme	בּוֹשׁ	unimorph_heb	SILVER	gloss_en	MATCHED
LX-05b424973a	lexeme	גִּבָּה	unimorph_heb	QUESTIONABLE	root_id	MATCHED
LX-44614d31d8	lexeme	גִּמֵּד	unimorph_heb	SILVER	gloss_en	MATCHED
LX-2b38e4d0bf	lexeme	גָּז	unimorph_heb	GOLD	gloss_en	MATCHED
LX-5796699888	lexeme	גָּמַל	unimorph_heb	GOLD	gloss_en	MATCHED
LX-6ce95ca814	lexeme	גָּרַב	unimorph_heb	SILVER	gloss_en	MATCHED
LX-57bb45b232	lexeme	גֹּרַשׁ	unimorph_heb	GOLD	infinitive_vocalized|gloss_en	MATCHED
LX-3043db5936	lexeme	דִּגְדֵּג	unimorph_heb	SILVER	gloss_en	MATCHED
LX-e737d03de5	lexeme	דִּגֵּל	unimorph_heb	QUESTIONABLE	root_id|binyan|gloss_en	NO_MATCH
LX-1ee90f472e	lexeme	דִּכְדֵּךְ	unimorph_heb	SILVER	gloss_en	MATCHED
LX-4589a8c915	lexeme	דָּבַק	unimorph_heb	SILVER	gloss_en	MATCHED
LX-b71dee7c98	lexeme	דָּרַס	unimorph_heb	SILVER	gloss_en	MATCHED
LX-5f4ffeb810	lexeme	דֻּבַּר	unimorph_heb	SILVER	infinitive_vocalized|gloss_en	MATCHED
LX-d4d6c24997	lexeme	דֻּכְדַּךְ	unimorph_heb	QUESTIONABLE	root_id|binyan|infinitive_vocalized|gloss_en	NO_MATCH
LX-ca93468c6e	lexeme	הִבְדִּיל	unimorph_heb	SILVER	gloss_en	MATCHED
LX-bcc6e77d08	lexeme	הִבְהִיר	unimorph_heb	SILVER	gloss_en	MATCHED
LX-8bad694631	lexeme	הִבְטִיחַ	unimorph_heb	QUESTIONABLE	root_id|binyan|gloss_en	NO_MATCH
LX-fa7c5b58d1	lexeme	הִבְרִיג	unimorph_heb	QUESTIONABLE	root_id|binyan|gloss_en	NO_MATCH
LX-5987e4d604	lexeme	הִגְבִּיל	unimorph_heb	QUESTIONABLE	root_id|binyan|gloss_en	NO_MATCH
LX-94f949cad8	lexeme	הִגְבִּיר	unimorph_heb	SILVER	gloss_en	MATCHED
LX-f668c623a6	lexeme	הִגְדִּיל	unimorph_heb	SILVER	gloss_en	MATCHED
LX-1b4c6830ce	lexeme	הִדְאִיג	unimorph_heb	QUESTIONABLE	root_id|binyan|gloss_en	NO_MATCH
LX-9187694021	lexeme	הִזְדַּעְזֵעַ	unimorph_heb	QUESTIONABLE	gloss_en	MATCHED_UNVOC_ONLY
LX-520a0e9752	lexeme	הִזְדַּקֵּן	unimorph_heb	QUESTIONABLE	root_id|binyan|gloss_en	NO_MATCH
LX-a3dc4f722f	lexeme	הִזְדָּרֵז	unimorph_heb	QUESTIONABLE	root_id|binyan|gloss_en	NO_MATCH
LX-d3c798d66c	lexeme	הִזְמִין	unimorph_heb	QUESTIONABLE	root_id|binyan|gloss_en	NO_MATCH
LX-63ce11f077	lexeme	הִזִּיעַ	unimorph_heb	SILVER	gloss_en	MATCHED
LX-94279da3a4	lexeme	הִטְבִּיעַ	unimorph_heb	SILVER	gloss_en	MATCHED
LX-f381657aef	lexeme	הִטַּגֵּן	unimorph_heb	SILVER	gloss_en	MATCHED
LX-f8dff23754	lexeme	הִטַּהֵר	unimorph_heb	SILVER	gloss_en	MATCHED
LX-82b04903a1	lexeme	הִטַּנֵּף	unimorph_heb	SILVER	gloss_en	MATCHED
LX-365f2c8b45	lexeme	הִכְנִיס	unimorph_heb	SILVER	gloss_en	MATCHED
LX-60815ced6b	lexeme	הִכְעִיס	unimorph_heb	SILVER	gloss_en	MATCHED
LX-a884f3aa6c	lexeme	הִלֵּל	unimorph_heb	QUESTIONABLE	binyan	BINYAN_AMBIGUOUS
LX-8fa48ed626	lexeme	הִמְלִיץ	unimorph_heb	QUESTIONABLE	root_id|binyan|gloss_en	NO_MATCH
LX-87df3fc6d7	lexeme	הִמְתִּין	unimorph_heb	QUESTIONABLE	root_id|binyan|gloss_en	NO_MATCH
LX-be025cdb2a	lexeme	הִנְחָה	unimorph_heb	QUESTIONABLE	root_id|binyan|gloss_en	NO_MATCH
LX-b50751ff7e	lexeme	הִסְתַּגֵּר	unimorph_heb	SILVER	gloss_en	MATCHED
LX-c1d0bf9649	lexeme	הִסְתַּעְרֵב	unimorph_heb	QUESTIONABLE	root_id|binyan|gloss_en	NO_MATCH
LX-931f628b7b	lexeme	הִסְתַּעֵף	unimorph_heb	QUESTIONABLE	root_id|binyan|gloss_en	NO_MATCH
LX-5a82cc12e2	lexeme	הִסְתַּתֵּר	unimorph_heb	SILVER	gloss_en	MATCHED
LX-932d874cf9	lexeme	הִפְחִית	unimorph_heb	SILVER	gloss_en	MATCHED
LX-01f5e31b41	lexeme	הִפְטִיר	unimorph_heb	GOLD	gloss_en	MATCHED
LX-5fbefe15ca	lexeme	הִפְסִיק	unimorph_heb	SILVER	gloss_en	MATCHED
LX-d931a00a27	lexeme	הִפְרִיעַ	unimorph_heb	SILVER	gloss_en	MATCHED
LX-a2d95ab3c6	lexeme	הִצְהִיר	unimorph_heb	QUESTIONABLE	root_id|binyan|gloss_en	NO_MATCH
LX-5b2d8a4c32	lexeme	הִצְטַבְרֵחַ	unimorph_heb	QUESTIONABLE	root_id|binyan|gloss_en	NO_MATCH
LX-e25287e53f	lexeme	הִצְטַחֵק	unimorph_heb	SILVER	gloss_en	MATCHED
LX-bc7b3ef67f	lexeme	הִצְטַלֵּם	unimorph_heb	SILVER	gloss_en	MATCHED
LX-876d8f472f	lexeme	הִצְטָרֵף	unimorph_heb	QUESTIONABLE	root_id|binyan|gloss_en	NO_MATCH
LX-1490142e6c	lexeme	הִקְטִין	unimorph_heb	QUESTIONABLE	root_id|binyan|gloss_en	NO_MATCH
LX-d120856cac	lexeme	הִקְטִיר	unimorph_heb	QUESTIONABLE	root_id|binyan|gloss_en	NO_MATCH
LX-6ed9158543	lexeme	הִרְבָּה	unimorph_heb	SILVER	gloss_en	MATCHED
LX-d74fbf641c	lexeme	הִרְגִּיעַ	unimorph_heb	QUESTIONABLE	root_id|binyan|gloss_en	NO_MATCH
LX-a502ee8488	lexeme	הִרְחִיב	unimorph_heb	SILVER	gloss_en	MATCHED
LX-c157d29cd8	lexeme	הִרְטִיב	unimorph_heb	SILVER	gloss_en	MATCHED
LX-61da2d7d4b	lexeme	הִרְשִׁים	unimorph_heb	SILVER	gloss_en	MATCHED
LX-85fc90d283	lexeme	הִרְתִּיחַ	unimorph_heb	QUESTIONABLE	root_id|binyan|gloss_en	NO_MATCH
LX-4132cb40c8	lexeme	הִשְׁהָה	unimorph_heb	SILVER	gloss_en	MATCHED
LX-2eabea208f	lexeme	הִשְׁחִים	unimorph_heb	QUESTIONABLE	root_id|binyan|gloss_en	NO_MATCH
LX-b1e944da04	lexeme	הִשְׁקָה	unimorph_heb	QUESTIONABLE	root_id	ROOT_AMBIGUOUS
LX-96172c4114	lexeme	הִשְׁתִּיל	unimorph_heb	QUESTIONABLE	root_id|binyan|gloss_en	NO_MATCH
LX-d0c538f1c2	lexeme	הִשְׁתַּזֵּף	unimorph_heb	QUESTIONABLE	root_id|binyan|gloss_en	NO_MATCH
LX-e3c3e1e3c8	lexeme	הִשְׁתַּחְרֵר	unimorph_heb	SILVER	gloss_en	MATCHED
LX-b71b9f8aa9	lexeme	הִשְׁתַּכְּנֵז	unimorph_heb	SILVER	gloss_en	MATCHED
LX-93ee65b449	lexeme	הִשְׁתַּכְנֵעַ	unimorph_heb	QUESTIONABLE	root_id|binyan|gloss_en	NO_MATCH
LX-51429076b1	lexeme	הִשְׁתַּלֵּט	unimorph_heb	QUESTIONABLE	root_id|binyan|gloss_en	NO_MATCH
LX-a1721232ad	lexeme	הִשְׁתַּמֵּר	unimorph_heb	SILVER	gloss_en	MATCHED
LX-2f77cbe54c	lexeme	הִשְׁתַּפֵּר	unimorph_heb	QUESTIONABLE	root_id|binyan|gloss_en	NO_MATCH
LX-6a99ad64fb	lexeme	הִשְׁתַּתֵּף	unimorph_heb	SILVER	gloss_en	MATCHED
LX-8e7a7d8db5	lexeme	הִשְׁתּוֹחֵחַ	unimorph_heb	QUESTIONABLE	root_id|binyan|gloss_en	NO_MATCH
LX-013b1f126e	lexeme	הִשְׂתַּכֵּר	unimorph_heb	SILVER	gloss_en	MATCHED
LX-80118e8b33	lexeme	הִתְאַגְרֵף	unimorph_heb	QUESTIONABLE	root_id|binyan|gloss_en	NO_MATCH
LX-753743cd88	lexeme	הִתְאַגֵּד	unimorph_heb	QUESTIONABLE	root_id|binyan|gloss_en	NO_MATCH
LX-0ab684b4f0	lexeme	הִתְאַדָּה	unimorph_heb	QUESTIONABLE	root_id|binyan|gloss_en	NO_MATCH
LX-662bb44764	lexeme	הִתְאַהֵב	unimorph_heb	GOLD	gloss_en	MATCHED
LX-e545484ad5	lexeme	הִתְאַזְרֵחַ	unimorph_heb	GOLD	gloss_en	MATCHED
LX-f9d62d9df6	lexeme	הִתְאַזֵּן	unimorph_heb	SILVER	gloss_en	MATCHED
LX-78868f4b87	lexeme	הִתְאַכְזֵב	unimorph_heb	QUESTIONABLE	root_id|binyan|gloss_en	NO_MATCH
LX-cf42f5d720	lexeme	הִתְאַמֵּן	unimorph_heb	SILVER	gloss_en	MATCHED
LX-222c345c8f	lexeme	הִתְאַסֵּף	unimorph_heb	SILVER	gloss_en	MATCHED
LX-549458f290	lexeme	הִתְאַרְגֵּן	unimorph_heb	SILVER	gloss_en	MATCHED
LX-9b5ec63a2f	lexeme	הִתְבַּדֵּחַ	unimorph_heb	QUESTIONABLE	root_id|binyan|gloss_en	NO_MATCH
LX-a095e48d2a	lexeme	הִתְבַּזְבֵּז	unimorph_heb	QUESTIONABLE	root_id|binyan|gloss_en	NO_MATCH
LX-8e660a607c	lexeme	הִתְבַּלְבֵּל	unimorph_heb	SILVER	gloss_en	MATCHED
LX-2d68c8fa39	lexeme	הִתְבַּלָּה	unimorph_heb	QUESTIONABLE	root_id|binyan|gloss_en	NO_MATCH
LX-2568c325e0	lexeme	הִתְבַּקֵּשׁ	unimorph_heb	QUESTIONABLE	root_id|binyan|gloss_en	NO_MATCH
LX-bb77b6c1b1	lexeme	הִתְבּוֹדֵד	unimorph_heb	SILVER	gloss_en	MATCHED
LX-b55e0a36a2	lexeme	הִתְגַּבֵּר	unimorph_heb	QUESTIONABLE	root_id|binyan|gloss_en	NO_MATCH
LX-54ac4f3924	lexeme	הִתְגַּלֵּחַ	unimorph_heb	QUESTIONABLE	root_id|binyan|gloss_en	NO_MATCH
LX-8afe62993c	lexeme	הִתְגַּלָּה	unimorph_heb	QUESTIONABLE	root_id|binyan|gloss_en	NO_MATCH
LX-f186e5a3c6	lexeme	הִתְגַּעְגֵּעַ	unimorph_heb	QUESTIONABLE	root_id|binyan|gloss_en	NO_MATCH
LX-af3a35eb19	lexeme	הִתְגָּרֵשׁ	unimorph_heb	SILVER	gloss_en	MATCHED
LX-505eab44cd	lexeme	הִתְוַכֵּחַ	unimorph_heb	QUESTIONABLE	gloss_en	MATCHED
LX-4dfe7ffa33	lexeme	הִתְחַנֵּךְ	unimorph_heb	QUESTIONABLE	root_id|binyan|gloss_en	NO_MATCH
LX-5a85c74caf	lexeme	הִתְחַשְׁמֵל	unimorph_heb	SILVER	gloss_en	MATCHED
LX-046387da42	lexeme	הִתְלַכְלֵךְ	unimorph_heb	QUESTIONABLE	root_id|binyan|gloss_en	NO_MATCH
LX-8ca872eb38	lexeme	הִתְמַתֵּחַ	unimorph_heb	QUESTIONABLE	root_id|binyan|gloss_en	NO_MATCH
LX-1935eb78f7	lexeme	הִתְנַהֵג	unimorph_heb	SILVER	gloss_en	MATCHED
LX-6f0d46ab71	lexeme	הִתְנַסָּה	unimorph_heb	QUESTIONABLE	root_id|binyan|gloss_en	NO_MATCH
LX-2fc69aede1	lexeme	הִתְנַעֵר	unimorph_heb	SILVER	gloss_en	MATCHED
LX-74298ca113	lexeme	הִתְנַקֵּף	unimorph_heb	QUESTIONABLE	root_id|binyan|gloss_en	NO_MATCH
LX-1bc2c51286	lexeme	הִתְנַשֵּׁם	unimorph_heb	QUESTIONABLE	root_id|binyan|gloss_en	NO_MATCH
LX-45354b3bf0	lexeme	הִתְעַלָּה	unimorph_heb	SILVER	gloss_en	MATCHED
LX-a3ab5c17da	lexeme	הִתְעַמֵּר	unimorph_heb	SILVER	gloss_en	MATCHED
LX-0718c7cad2	lexeme	הִתְעַקֵּשׁ	unimorph_heb	QUESTIONABLE	root_id|binyan|gloss_en	NO_MATCH
LX-d9e5b26fd0	lexeme	הִתְעָרֵב	unimorph_heb	QUESTIONABLE	root_id|binyan|gloss_en	NO_MATCH
LX-0ddcd20481	lexeme	הִתְפַּרְסֵם	unimorph_heb	SILVER	gloss_en	MATCHED
LX-468481ce44	lexeme	הִתְפַּתָּה	unimorph_heb	QUESTIONABLE	root_id|binyan|gloss_en	NO_MATCH
LX-7564e8bfac	lexeme	הִתְפָּאֵר	unimorph_heb	SILVER	gloss_en	MATCHED
LX-fe24b909c1	lexeme	הִתְפָּרֵד	unimorph_heb	SILVER	gloss_en	MATCHED
LX-ba6e15c2a7	lexeme	הִתְפָּרֵעַ	unimorph_heb	SILVER	gloss_en	MATCHED
LX-a7607e39c4	lexeme	הִתְקַדֵּשׁ	unimorph_heb	QUESTIONABLE	root_id|binyan|gloss_en	NO_MATCH
LX-4e306ea0a8	lexeme	הִתְקַהֵל	unimorph_heb	QUESTIONABLE	root_id|binyan|gloss_en	NO_MATCH
LX-6f25d226a9	lexeme	הִתְקַלְקֵל	unimorph_heb	QUESTIONABLE	root_id|binyan|gloss_en	NO_MATCH
LX-e51a2d6777	lexeme	הִתְקַלֵּחַ	unimorph_heb	QUESTIONABLE	root_id|binyan|gloss_en	NO_MATCH
LX-92afd53891	lexeme	הִתְקָרֵר	unimorph_heb	QUESTIONABLE	root_id|binyan|gloss_en	NO_MATCH
LX-a29d1723dd	lexeme	הִתְרַבָּה	unimorph_heb	QUESTIONABLE	root_id|binyan|gloss_en	NO_MATCH
LX-6d643f462e	lexeme	הִתְרַגֵּשׁ	unimorph_heb	SILVER	gloss_en	MATCHED
LX-ad6c5ac614	lexeme	הִתְרָאָה	unimorph_heb	GOLD	gloss_en	MATCHED
LX-c0a6efc8c6	lexeme	הִתְרוֹקֵן	unimorph_heb	QUESTIONABLE	root_id|binyan|gloss_en	NO_MATCH
LX-d3e71a75ea	lexeme	הֵאִיץ	unimorph_heb	QUESTIONABLE	binyan	MATCHED
LX-eca4a0ebc1	lexeme	הֵאִיר	unimorph_heb	GOLD	gloss_en	MATCHED
LX-6006f30f19	lexeme	הֵזִיז	unimorph_heb	SILVER	gloss_en	MATCHED
LX-f66a0ca4da	lexeme	הֵחִיל	unimorph_heb	QUESTIONABLE	root_id	ROOT_AMBIGUOUS
LX-598169fddb	lexeme	הֵחֵל	unimorph_heb	GOLD	gloss_en	MATCHED
LX-309ffe2abc	lexeme	הֵעִיף	unimorph_heb	SILVER	gloss_en	MATCHED
LX-10ba36eee3	lexeme	הֵעִיר	unimorph_heb	QUESTIONABLE	binyan	BINYAN_AMBIGUOUS
LX-6a8efafe61	lexeme	הֵפִיץ	unimorph_heb	QUESTIONABLE	root_id|binyan|gloss_en	NO_MATCH
LX-e665a00f13	lexeme	הֵפֵר	unimorph_heb	GOLD	gloss_en	MATCHED
LX-769de717f6	lexeme	הֵקִים	unimorph_heb	SILVER	gloss_en	MATCHED
LX-6d4848df9d	lexeme	הֵקֵר	unimorph_heb	SILVER	gloss_en	MATCHED
LX-c4177147a0	lexeme	הֵרִיחַ	unimorph_heb	GOLD	gloss_en	MATCHED
LX-43375698ae	lexeme	הֶאֱבִיס	unimorph_heb	QUESTIONABLE	root_id|binyan|gloss_en	NO_MATCH
LX-a4e65457f5	lexeme	הֶחְזִיר	unimorph_heb	QUESTIONABLE	root_id|binyan|gloss_en	NO_MATCH
LX-d8d15a72aa	lexeme	הֶחְכִּים	unimorph_heb	SILVER	gloss_en	MATCHED
LX-f1093e1dd3	lexeme	הֶחְלִיק	unimorph_heb	QUESTIONABLE	root_id|binyan|gloss_en	NO_MATCH
LX-737584c3fa	lexeme	הֶעֱבִיר	unimorph_heb	SILVER	gloss_en	MATCHED
LX-5580082729	lexeme	הֶעֱדִיף	unimorph_heb	QUESTIONABLE	root_id|binyan|gloss_en	NO_MATCH
LX-36154a9a6e	lexeme	הֶעֱטִיר	unimorph_heb	QUESTIONABLE	root_id|binyan|gloss_en	NO_MATCH
LX-20babe10e6	lexeme	הֶעֱלִים	unimorph_heb	QUESTIONABLE	root_id|binyan|gloss_en	NO_MATCH
LX-ee797e30b2	lexeme	הֶעֱמִיד	unimorph_heb	QUESTIONABLE	root_id|binyan|gloss_en	NO_MATCH
LX-fed75d45a4	lexeme	הֶעֱמִיק	unimorph_heb	QUESTIONABLE	root_id|binyan|gloss_en	NO_MATCH
LX-e2cb522b2d	lexeme	הֶעֱרִיךְ	unimorph_heb	SILVER	gloss_en	MATCHED
LX-89fe062dac	lexeme	הֶעֱרִיץ	unimorph_heb	QUESTIONABLE	root_id|binyan|gloss_en	NO_MATCH
LX-1d3a030898	lexeme	הֶרְאָה	unimorph_heb	SILVER	gloss_en	MATCHED
LX-b7acb7ab10	lexeme	הֻגְבַּר	unimorph_heb	SILVER	infinitive_vocalized|gloss_en	MATCHED
LX-baa093e1cf	lexeme	הֻכָּה	unimorph_heb	GOLD	infinitive_vocalized|gloss_en	MATCHED
LX-8748f07a1a	lexeme	הֻפַּל	unimorph_heb	SILVER	infinitive_vocalized|gloss_en	MATCHED
LX-dc81622ef9	lexeme	הֻצַּע	unimorph_heb	QUESTIONABLE	root_id|binyan|infinitive_vocalized|gloss_en	NO_MATCH
LX-574a26d5e9	lexeme	הֻרְאָה	unimorph_heb	QUESTIONABLE	root_id|binyan|infinitive_vocalized|gloss_en	NO_MATCH
LX-d14f973955	lexeme	הֻרְגַּשׁ	unimorph_heb	SILVER	infinitive_vocalized|gloss_en	MATCHED
LX-76b5be462b	lexeme	הֻרְשַׁע	unimorph_heb	SILVER	infinitive_vocalized	MATCHED
LX-ea25ee3884	lexeme	הֻשְׁתַּק	unimorph_heb	SILVER	infinitive_vocalized|gloss_en	MATCHED
LX-c20a30b9f2	lexeme	הֻתְקַן	unimorph_heb	QUESTIONABLE	root_id|binyan|infinitive_vocalized|gloss_en	NO_MATCH
LX-ff60cb398a	lexeme	הוֹשִׁיעַ	unimorph_heb	SILVER	gloss_en	MATCHED
LX-dcd56f7a3b	lexeme	הוּאַץ	unimorph_heb	QUESTIONABLE	root_id|binyan|infinitive_vocalized|gloss_en	NO_MATCH
LX-d7a81169f7	lexeme	הוּאַר	unimorph_heb	QUESTIONABLE	root_id|infinitive_vocalized|gloss_en	ROOT_AMBIGUOUS
LX-d9bcdab04e	lexeme	הוּזַז	unimorph_heb	SILVER	infinitive_vocalized|gloss_en	MATCHED
LX-b36fd75c35	lexeme	הוּטַב	unimorph_heb	QUESTIONABLE	root_id|infinitive_vocalized|gloss_en	ROOT_AMBIGUOUS
LX-caa5d9467a	lexeme	הוּכַן	unimorph_heb	SILVER	infinitive_vocalized|gloss_en	MATCHED
LX-71245d7de6	lexeme	הוּסַב	unimorph_heb	GOLD	infinitive_vocalized|gloss_en	MATCHED
LX-288fc0ffa7	lexeme	הוּצָא	unimorph_heb	SILVER	infinitive_vocalized|gloss_en	MATCHED
LX-5a23bf0684	lexeme	הוּקַם	unimorph_heb	SILVER	infinitive_vocalized|gloss_en	MATCHED
LX-a74f1fcae7	lexeme	הוּשַׁב	unimorph_heb	SILVER	infinitive_vocalized|gloss_en	MATCHED
LX-f18e40231a	lexeme	זֹהַם	unimorph_heb	QUESTIONABLE	root_id|binyan|infinitive_vocalized|gloss_en	NO_MATCH
LX-e67a8b6fe4	lexeme	זֻעְזַע	unimorph_heb	QUESTIONABLE	root_id|binyan|infinitive_vocalized|gloss_en	NO_MATCH
LX-68c5c9f516	lexeme	חִטֵּא	unimorph_heb	QUESTIONABLE	root_id|binyan|gloss_en	NO_MATCH
LX-7c4d57096f	lexeme	חִפָּה	unimorph_heb	SILVER	gloss_en	MATCHED
LX-a00b218f35	lexeme	חִצְרֵץ	unimorph_heb	QUESTIONABLE	root_id|binyan|gloss_en	NO_MATCH
LX-8d3da3f90b	lexeme	חָג	unimorph_heb	QUESTIONABLE	root_id	ROOT_AMBIGUOUS
LX-a3d04ae0f7	lexeme	חָטָא	unimorph_heb	QUESTIONABLE	root_id|binyan|gloss_en	NO_MATCH
LX-f4db6e236f	lexeme	חָל	unimorph_heb	QUESTIONABLE	root_id|gloss_en	ROOT_AMBIGUOUS
LX-d49ff7207b	lexeme	חָלַב	unimorph_heb	QUESTIONABLE	root_id|binyan|gloss_en	NO_MATCH
LX-d91b907eb2	lexeme	חָלַף	unimorph_heb	GOLD	gloss_en	MATCHED
LX-e28abbab54	lexeme	חָצָה	unimorph_heb	SILVER	gloss_en	MATCHED
LX-c56987a72e	lexeme	חָקַר	unimorph_heb	SILVER	gloss_en	MATCHED
LX-87906e22bd	lexeme	חָרַב	unimorph_heb	SILVER	gloss_en	MATCHED
LX-b701de28d8	lexeme	חָרַפּ	unimorph_heb	QUESTIONABLE	root_id|binyan|gloss_en	NO_MATCH
LX-ef36af359d	lexeme	חָרָה	unimorph_heb	QUESTIONABLE	root_id	ROOT_AMBIGUOUS
LX-a7703049f1	lexeme	חֻבַּר	unimorph_heb	QUESTIONABLE	root_id|binyan|infinitive_vocalized|gloss_en	NO_MATCH
LX-ebbb34c23c	lexeme	חֻזַּק	unimorph_heb	SILVER	infinitive_vocalized|gloss_en	MATCHED
LX-84a27c0c03	lexeme	חֻנַּךְ	unimorph_heb	QUESTIONABLE	root_id|binyan|infinitive_vocalized|gloss_en	NO_MATCH
LX-ff1c17daf7	lexeme	חֻשַּׁב	unimorph_heb	SILVER	infinitive_vocalized|gloss_en	MATCHED
LX-614ce13de3	lexeme	חוֹקֵק	unimorph_heb	SILVER	gloss_en	MATCHED
LX-138c49c2ad	lexeme	טִאְטֵא	unimorph_heb	SILVER	gloss_en	MATCHED
LX-11f14f0611	lexeme	טִלְפֵן	unimorph_heb	QUESTIONABLE	root_id|binyan|gloss_en	NO_MATCH
LX-04565cf696	lexeme	טִנֵּף	unimorph_heb	GOLD	gloss_en	MATCHED
LX-066e3c4444	lexeme	טָעַן	unimorph_heb	SILVER	gloss_en	MATCHED
LX-d3eb1aae80	lexeme	טֻאְטָא	unimorph_heb	QUESTIONABLE	root_id|binyan|infinitive_vocalized|gloss_en	NO_MATCH
LX-777d67b75a	lexeme	טֻלְטַל	unimorph_heb	SILVER	infinitive_vocalized|gloss_en	MATCHED
LX-675c10f4a7	lexeme	טֻנַּף	unimorph_heb	SILVER	infinitive_vocalized|gloss_en	MATCHED
LX-870b26ad1b	lexeme	יָרֵא	unimorph_heb	GOLD	gloss_en	MATCHED
LX-19c903e54d	lexeme	כִּכֵב	unimorph_heb	QUESTIONABLE	root_id|binyan|gloss_en	NO_MATCH
LX-9e5c4f8bbc	lexeme	כִּנֵּס	unimorph_heb	SILVER	gloss_en	MATCHED
LX-d735eedbfd	lexeme	כָּמַהּ	unimorph_heb	SILVER	gloss_en	MATCHED
LX-2b081a0c8f	lexeme	כּוֹנֵן	unimorph_heb	GOLD	gloss_en	MATCHED
LX-4141dae76a	lexeme	לִבֵּב	unimorph_heb	SILVER	gloss_en	MATCHED
LX-256bcdadc3	lexeme	מִהֵר	unimorph_heb	QUESTIONABLE	root_id|binyan|gloss_en	NO_MATCH
LX-03e43d6791	lexeme	מִקֵּם	unimorph_heb	QUESTIONABLE	root_id|binyan|gloss_en	NO_MATCH
LX-48c554da1d	lexeme	מָעַל	unimorph_heb	SILVER	gloss_en	MATCHED
LX-9ed9e23d39	lexeme	מֻפָּה	unimorph_heb	QUESTIONABLE	root_id|binyan|infinitive_vocalized|gloss_en	NO_MATCH
LX-e2d7408010	lexeme	נִבְנָה	unimorph_heb	SILVER	gloss_en	MATCHED
LX-53d478f095	lexeme	נִגְאַל	unimorph_heb	QUESTIONABLE	root_id|binyan|gloss_en	NO_MATCH
LX-7dcd5a96fd	lexeme	נִגְנַב	unimorph_heb	SILVER	gloss_en	MATCHED
LX-770850bf80	lexeme	נִדְחָה	unimorph_heb	SILVER	gloss_en	MATCHED
LX-21a93fa1f4	lexeme	נִדְרַס	unimorph_heb	QUESTIONABLE	root_id|binyan|gloss_en	NO_MATCH
LX-8306c21941	lexeme	נִהְיָה	unimorph_heb	QUESTIONABLE	root_id|infinitive_vocalized|gloss_en	MATCHED
LX-f5eb0a9081	lexeme	נִטַּל	unimorph_heb	SILVER	gloss_en	MATCHED
LX-71b1aa15b2	lexeme	נִכְוָה	unimorph_heb	QUESTIONABLE	root_id|binyan|gloss_en	NO_MATCH
LX-e919f52b15	lexeme	נִכְלַם	unimorph_heb	SILVER	gloss_en	MATCHED
LX-073639b610	lexeme	נִכְרַת	unimorph_heb	SILVER	gloss_en	MATCHED
LX-41b6c6ff2a	lexeme	נִכְתַּב	unimorph_heb	GOLD	gloss_en	MATCHED
LX-473dcf4ef6	lexeme	נִכֵּר	unimorph_heb	SILVER	gloss_en	MATCHED
LX-fce081a266	lexeme	נִמְכַּר	unimorph_heb	SILVER	gloss_en	MATCHED
LX-4a9c655e0c	lexeme	נִמְשַׁךְ	unimorph_heb	QUESTIONABLE	root_id|binyan|gloss_en	NO_MATCH
LX-b34e036e57	lexeme	נִנְעַל	unimorph_heb	QUESTIONABLE	root_id|binyan|gloss_en	NO_MATCH
LX-9c8c65490a	lexeme	נִסְגַּר	unimorph_heb	SILVER	gloss_en	MATCHED
LX-b3caa239df	lexeme	נִסְחַף	unimorph_heb	QUESTIONABLE	root_id|binyan|gloss_en	NO_MATCH
LX-bd64bd5f86	lexeme	נִפְגַּע	unimorph_heb	QUESTIONABLE	root_id|binyan|gloss_en	NO_MATCH
LX-5a8b7d9716	lexeme	נִצֵּל	unimorph_heb	QUESTIONABLE	binyan	BINYAN_AMBIGUOUS
LX-d30e019b1c	lexeme	נִצֵּר	unimorph_heb	QUESTIONABLE	root_id|binyan|gloss_en	NO_MATCH
LX-df09f84dea	lexeme	נִצַּב	unimorph_heb	SILVER	infinitive_vocalized	MATCHED
LX-5216072da6	lexeme	נִקְבַּר	unimorph_heb	SILVER	gloss_en	MATCHED
LX-9300efaa00	lexeme	נִקְנָה	unimorph_heb	SILVER	gloss_en	MATCHED
LX-3d32f79efb	lexeme	נִקְרָא	unimorph_heb	GOLD	gloss_en	MATCHED
LX-415c771e37	lexeme	נִקָּה	unimorph_heb	QUESTIONABLE	binyan	BINYAN_AMBIGUOUS
LX-c04cf3a925	lexeme	נִרְאָה	unimorph_heb	SILVER	gloss_en	MATCHED
LX-7121c772bf	lexeme	נִרְגַּע	unimorph_heb	QUESTIONABLE	root_id|binyan|gloss_en	NO_MATCH
LX-a43a976054	lexeme	נִרְצַח	unimorph_heb	QUESTIONABLE	root_id|binyan|gloss_en	NO_MATCH
LX-704e73012f	lexeme	נִשְׁבַּר	unimorph_heb	SILVER	gloss_en	MATCHED
LX-8cb779c4eb	lexeme	נִשְׁלַט	unimorph_heb	QUESTIONABLE	root_id|binyan|gloss_en	NO_MATCH
LX-aff5a4ad55	lexeme	נִשְׁמַע	unimorph_heb	SILVER	gloss_en	MATCHED
LX-4b1ca5313c	lexeme	נִשְׂרַף	unimorph_heb	SILVER	gloss_en	MATCHED
LX-221b7aaaa0	lexeme	נִתַּן	unimorph_heb	GOLD	gloss_en	MATCHED
LX-03b66917fd	lexeme	נֶאֱמַן	unimorph_heb	SILVER	gloss_en	MATCHED
LX-0f9c3c2451	lexeme	נֶאֱצַל	unimorph_heb	SILVER	gloss_en	MATCHED
LX-470258a91e	lexeme	נֶהֱגָה	unimorph_heb	QUESTIONABLE	root_id|binyan|gloss_en	NO_MATCH
LX-6b94440c9f	lexeme	נֶהֱרַג	unimorph_heb	SILVER	gloss_en	MATCHED
LX-25c3ce87e7	lexeme	נֶחְלַק	unimorph_heb	QUESTIONABLE	root_id|binyan|gloss_en	NO_MATCH
LX-7f3553a9e1	lexeme	נֶחְקַר	unimorph_heb	SILVER	gloss_en	MATCHED
LX-add8596aaf	lexeme	נַעֲשָׂה	unimorph_heb	QUESTIONABLE	root_id|binyan|gloss_en	NO_MATCH
LX-66f2569f15	lexeme	נָגַהּ	unimorph_heb	QUESTIONABLE	gloss_en	MATCHED
LX-ff717a0d94	lexeme	נָפַשׁ	unimorph_heb	GOLD	gloss_en	MATCHED
LX-0dd13b0a79	lexeme	נָשַׁךְ	unimorph_heb	SILVER	gloss_en	MATCHED
LX-f09c39ee18	lexeme	נָשָׁה	unimorph_heb	SILVER	gloss_en	MATCHED
LX-8097b3b1bb	lexeme	נוֹשַׁע	unimorph_heb	SILVER	gloss_en	MATCHED
LX-67dfe7696c	lexeme	סִבְּסֵד	unimorph_heb	SILVER	gloss_en	MATCHED
LX-60f0688ef8	lexeme	סִכֵּךְ	unimorph_heb	SILVER	gloss_en	MATCHED
LX-cb3830c820	lexeme	סִמֵּן	unimorph_heb	QUESTIONABLE	binyan	BINYAN_AMBIGUOUS
LX-eee9bf0186	lexeme	סִנְכְרֵן	unimorph_heb	QUESTIONABLE	root_id|binyan|gloss_en	NO_MATCH
LX-9b38478215	lexeme	סֵרֵב	unimorph_heb	SILVER	gloss_en	MATCHED
LX-0ec3e07334	lexeme	סָדַק	unimorph_heb	QUESTIONABLE	root_id|binyan|gloss_en	NO_MATCH
LX-6ce2aab235	lexeme	סֻנְכְרַן	unimorph_heb	QUESTIONABLE	root_id|binyan|infinitive_vocalized|gloss_en	NO_MATCH
LX-473ee29c60	lexeme	סוֹכֵךְ	unimorph_heb	QUESTIONABLE	root_id|binyan|gloss_en	NO_MATCH
LX-3fb3906fc7	lexeme	עִגֵּל	unimorph_heb	QUESTIONABLE	root_id|binyan|gloss_en	NO_MATCH
LX-68f4d3f8ce	lexeme	עִלֵּף	unimorph_heb	QUESTIONABLE	root_id|binyan|gloss_en	NO_MATCH
LX-d40c6ac470	lexeme	עָמַק	unimorph_heb	QUESTIONABLE	root_id|binyan|gloss_en	NO_MATCH
LX-f1da8bbf7d	lexeme	עָצַם	unimorph_heb	SILVER	gloss_en	MATCHED
LX-64f2d1b9b5	lexeme	עָקַד	unimorph_heb	GOLD	gloss_en	MATCHED
LX-9e8eef1f05	lexeme	עָרַק	unimorph_heb	SILVER	gloss_en	MATCHED
LX-c1b252996c	lexeme	פִּלְפֵּל	unimorph_heb	SILVER	gloss_en	MATCHED
LX-489e35f223	lexeme	פִּלֵּל	unimorph_heb	GOLD	gloss_en	MATCHED
LX-6df509260e	lexeme	פִּקֵּד	unimorph_heb	SILVER	gloss_en	MATCHED
LX-ce6c008b8b	lexeme	פִּשֵּׁל	unimorph_heb	QUESTIONABLE	root_id|binyan|gloss_en	NO_MATCH
LX-ceeec4b77e	lexeme	פֵּאֵר	unimorph_heb	GOLD	gloss_en	MATCHED
LX-13221c77de	lexeme	פָּשַׁע	unimorph_heb	QUESTIONABLE	root_id|binyan|gloss_en	NO_MATCH
LX-5f5844711c	lexeme	פֻּטַּר	unimorph_heb	SILVER	infinitive_vocalized|gloss_en	MATCHED
LX-e6667ea209	lexeme	פֻּצָּה	unimorph_heb	QUESTIONABLE	root_id|binyan|infinitive_vocalized|gloss_en	NO_MATCH
LX-616836a354	lexeme	פֻּרְסַם	unimorph_heb	SILVER	infinitive_vocalized|gloss_en	MATCHED
LX-6bdcd8bb1b	lexeme	פֻּשַּׁט	unimorph_heb	SILVER	infinitive_vocalized|gloss_en	MATCHED
LX-07cb60a837	lexeme	צִנֵּן	unimorph_heb	SILVER	gloss_en	MATCHED
LX-5547676956	lexeme	צָבָא	unimorph_heb	SILVER	gloss_en	MATCHED
LX-03b4b36136	lexeme	צָמֵא	unimorph_heb	SILVER	gloss_en	MATCHED
LX-4505cd8989	lexeme	צֻטַּט	unimorph_heb	QUESTIONABLE	root_id|binyan|infinitive_vocalized|gloss_en	NO_MATCH
LX-451e014656	lexeme	צֻנְזַר	unimorph_heb	QUESTIONABLE	root_id|binyan|infinitive_vocalized|gloss_en	NO_MATCH
LX-69c35ed59d	lexeme	קִבֵּעַ	unimorph_heb	SILVER	gloss_en	MATCHED
LX-0c0e5ea21c	lexeme	קִדֵּשׁ	unimorph_heb	SILVER	gloss_en	MATCHED
LX-89d9a3afbf	lexeme	קִטְלֵג	unimorph_heb	QUESTIONABLE	root_id|binyan|gloss_en	NO_MATCH
LX-ebdb503530	lexeme	קִטֵּב	unimorph_heb	QUESTIONABLE	root_id|binyan|gloss_en	NO_MATCH
LX-61535ef73a	lexeme	קִנְטֵר	unimorph_heb	QUESTIONABLE	root_id	MATCHED
LX-35856ad369	lexeme	קָטֹן	unimorph_heb	QUESTIONABLE	gloss_en	MATCHED
LX-74ac9d1867	lexeme	קֻבַּע	unimorph_heb	QUESTIONABLE	root_id|binyan|infinitive_vocalized|gloss_en	NO_MATCH
LX-b202d13eff	lexeme	קֻדַּשׁ	unimorph_heb	QUESTIONABLE	root_id|binyan|infinitive_vocalized|gloss_en	NO_MATCH
LX-870f27eb3a	lexeme	קֻנְטַר	unimorph_heb	QUESTIONABLE	root_id|binyan|infinitive_vocalized|gloss_en	NO_MATCH
LX-c809c15e49	lexeme	רִחְרֵחַ	unimorph_heb	QUESTIONABLE	root_id|binyan|gloss_en	NO_MATCH
LX-6056bed834	lexeme	רִסֵּס	unimorph_heb	QUESTIONABLE	root_id|binyan|gloss_en	NO_MATCH
LX-0c712b4b70	lexeme	רִפֵּד	unimorph_heb	SILVER	gloss_en	MATCHED
LX-1865ff0b18	lexeme	רִקֵּעַ	unimorph_heb	SILVER	gloss_en	MATCHED
LX-f24c0c7236	lexeme	רִשֵּׁת	unimorph_heb	SILVER	gloss_en	MATCHED
LX-e06ae3db70	lexeme	רֹהַט	unimorph_heb	SILVER	infinitive_vocalized|gloss_en	MATCHED
LX-4481f5d610	lexeme	רֻפַּד	unimorph_heb	QUESTIONABLE	root_id|binyan|infinitive_vocalized|gloss_en	NO_MATCH
LX-91fbe13128	lexeme	רוֹקֵן	unimorph_heb	QUESTIONABLE	root_id|binyan|gloss_en	NO_MATCH
LX-92432ef023	lexeme	שִׁגֵּעַ	unimorph_heb	SILVER	gloss_en	MATCHED
LX-ca3adcaa91	lexeme	שִׁחֵד	unimorph_heb	SILVER	gloss_en	MATCHED
LX-bc5f7c42c3	lexeme	שִׁכְתֵּב	unimorph_heb	QUESTIONABLE	root_id|binyan|gloss_en	NO_MATCH
LX-d38eacbf0b	lexeme	שִׁמֵּר	unimorph_heb	SILVER	gloss_en	MATCHED
LX-05b4d79f2d	lexeme	שָׁף	unimorph_heb	SILVER	gloss_en	MATCHED
LX-156883c374	lexeme	שָׁר	unimorph_heb	QUESTIONABLE	root_id	ROOT_AMBIGUOUS
LX-42d535a285	lexeme	שָׁת	unimorph_heb	SILVER	gloss_en	MATCHED
LX-68486119bb	lexeme	שָׂבַע	unimorph_heb	SILVER	gloss_en	MATCHED
LX-b43202ccf1	lexeme	שָׂחָה	unimorph_heb	SILVER	gloss_en	MATCHED
LX-1916dd333a	lexeme	שֹׁרַשׁ	unimorph_heb	SILVER	infinitive_vocalized|gloss_en	MATCHED
LX-5769f7912b	lexeme	שֻׁחְרַר	unimorph_heb	SILVER	infinitive_vocalized|gloss_en	MATCHED
LX-bc39ca2850	lexeme	שֻׁחַד	unimorph_heb	QUESTIONABLE	root_id|binyan|infinitive_vocalized|gloss_en	NO_MATCH
LX-55334cadd8	lexeme	שֻׁמַּר	unimorph_heb	SILVER	infinitive_vocalized|gloss_en	MATCHED
LX-471a2d7289	lexeme	שֻׁתַּק	unimorph_heb	GOLD	infinitive_vocalized	MATCHED
LX-8e72ec679b	lexeme	תִּעֵד	unimorph_heb	SILVER	gloss_en	MATCHED
LX-fa3c6dc716	lexeme	תִּרְגֵּם	unimorph_heb	QUESTIONABLE	root_id|binyan|gloss_en	NO_MATCH
LX-00779369da	lexeme	תָּמַהּ	unimorph_heb	QUESTIONABLE	root_id|binyan|gloss_en	NO_MATCH
LX-3bdc7b1e08	lexeme	תֹּאַר	unimorph_heb	QUESTIONABLE	root_id|binyan|infinitive_vocalized|gloss_en	NO_MATCH
LX-87e0cfa16a	lexeme	נִחֵל	hewiktionary	SILVER	infinitive_vocalized|gloss_en	WIKTIONARY_ONLY
LX-23d12c6181	lexeme	צָבַר	hewiktionary	SILVER	infinitive_vocalized	WIKTIONARY_ONLY
LX-1cd5251589	lexeme	קָמַע	hewiktionary	SILVER	infinitive_vocalized|gloss_en	WIKTIONARY_ONLY
LX-39131bdb6b	lexeme	זִנֵּב	hewiktionary	SILVER	gloss_en	WIKTIONARY_ONLY
LX-de16713294	lexeme	כָּשַׁר	hewiktionary	SILVER	infinitive_vocalized	WIKTIONARY_ONLY
LX-527a56a45f	lexeme	שֵׁרֵשׁ	hewiktionary	SILVER	gloss_en	WIKTIONARY_ONLY
LX-0bea152de7	lexeme	חָשַׁךְ	hewiktionary	SILVER	infinitive_vocalized	WIKTIONARY_ONLY
LX-6d2ea0734b	lexeme	חָשַׂךְ	hewiktionary	SILVER	infinitive_vocalized	WIKTIONARY_ONLY
LX-6ce881f673	lexeme	יִחֵס	hewiktionary	SILVER	lemma_unvocalized|infinitive_vocalized|gloss_en	WIKTIONARY_ONLY
LX-2ece8e6248	lexeme	אָרַךְ	hewiktionary	SILVER	gloss_en	WIKTIONARY_ONLY
LX-a78a437437	lexeme	סֻפַּר	hewiktionary	SILVER	infinitive_vocalized|gloss_en	WIKTIONARY_ONLY
LX-b35d7ff9d2	lexeme	שָׁפָה	hewiktionary	SILVER	lemma_unvocalized|infinitive_vocalized|gloss_en	WIKTIONARY_ONLY
LX-219d252175	lexeme	שִׁפָּה	hewiktionary	SILVER	infinitive_vocalized	WIKTIONARY_ONLY
LX-90c5f70300	lexeme	שֻׁפָּה	hewiktionary	SILVER	infinitive_vocalized	WIKTIONARY_ONLY
LX-415aa11f2f	lexeme	רָגַע	hewiktionary	SILVER	lemma_unvocalized|infinitive_vocalized|gloss_en	WIKTIONARY_ONLY
LX-37aeda48fc	lexeme	צִלְחֵת	hewiktionary	SILVER	infinitive_vocalized	WIKTIONARY_ONLY
LX-f867433fcc	lexeme	נָהַם	hewiktionary	SILVER	gloss_en	WIKTIONARY_ONLY
LX-f78abcc548	lexeme	נָהֹם	hewiktionary	SILVER	infinitive_vocalized|gloss_en	WIKTIONARY_ONLY
LX-e3aff2f3a6	lexeme	חָמַר	hewiktionary	SILVER	gloss_en	WIKTIONARY_ONLY
LX-1814a7d08c	lexeme	חִמֵּר	hewiktionary	SILVER	gloss_en	WIKTIONARY_ONLY
LX-83020414c8	lexeme	עִמֵּר	hewiktionary	SILVER	infinitive_vocalized|gloss_en	WIKTIONARY_ONLY
LX-6e4a1c6395	lexeme	שִׁתֵּךְ	hewiktionary	SILVER	infinitive_vocalized	WIKTIONARY_ONLY
LX-ee9b24baf6	lexeme	גִגֵּל	hewiktionary	SILVER	infinitive_vocalized	WIKTIONARY_ONLY
LX-67c0549e14	lexeme	רִגֵּל	hewiktionary	SILVER	infinitive_vocalized	WIKTIONARY_ONLY
LX-1c524271ec	lexeme	בִּיֵּת	hewiktionary	SILVER	infinitive_vocalized	WIKTIONARY_ONLY
LX-d3bd300763	lexeme	יָשַׁר	hewiktionary	SILVER	infinitive_vocalized|gloss_en	WIKTIONARY_ONLY
LX-390eb5e26c	lexeme	חִיֵּל	hewiktionary	SILVER	lemma_unvocalized|infinitive_vocalized	WIKTIONARY_ONLY
LX-c7b74d3dc8	lexeme	הִתְנַיֵּד	hewiktionary	QUESTIONABLE	infinitive_vocalized|gloss_en	WIKTIONARY_ONLY
LX-a82e682a26	lexeme	הִתְחַפֵף	hewiktionary	SILVER	infinitive_vocalized|gloss_en	WIKTIONARY_ONLY
LX-48cf39dea9	lexeme	הִתְקַמְבֵּק	hewiktionary	SILVER	infinitive_vocalized|gloss_en	WIKTIONARY_ONLY
LX-14b64696d9	lexeme	הִתְחַתֵּךְ	hewiktionary	SILVER	gloss_en	WIKTIONARY_ONLY
LX-debcd1ce43	lexeme	הִתְבָּאֵס	hewiktionary	SILVER	gloss_en	WIKTIONARY_ONLY
LX-e271cf98d6	lexeme	חָרַג	hewiktionary	SILVER	infinitive_vocalized	WIKTIONARY_ONLY
LX-579700e196	lexeme	דִּמָּה	hewiktionary	SILVER	infinitive_vocalized	WIKTIONARY_ONLY
LX-d11dc52b19	lexeme	הִשְׁתַּרְלֵל	hewiktionary	SILVER	infinitive_vocalized|gloss_en	WIKTIONARY_ONLY
LX-67fcba2d65	lexeme	הִשְׁתַּרְמֵט	hewiktionary	SILVER	infinitive_vocalized|gloss_en	WIKTIONARY_ONLY
LX-1bd80bc343	lexeme	רָבַע	hewiktionary	SILVER	infinitive_vocalized	WIKTIONARY_ONLY
LX-497a9bf34e	lexeme	רִבֵּעַ	hewiktionary	SILVER	infinitive_vocalized	WIKTIONARY_ONLY
LX-31ea95a485	lexeme	יִחֵף	hewiktionary	SILVER	gloss_en	WIKTIONARY_ONLY
LX-d03441ef0a	lexeme	הִתְיַחֵף	hewiktionary	SILVER	gloss_en	WIKTIONARY_ONLY
LX-9450fde195	lexeme	צִרְפֵת	hewiktionary	SILVER	infinitive_vocalized	WIKTIONARY_ONLY
LX-681d868535	lexeme	יִבֵּם	hewiktionary	SILVER	infinitive_vocalized|gloss_en	WIKTIONARY_ONLY
LX-e918df766b	lexeme	בָּר	hewiktionary	SILVER	infinitive_vocalized|gloss_en	WIKTIONARY_ONLY
LX-9ed1c296bb	lexeme	טֻבַּע	hewiktionary	SILVER	infinitive_vocalized|gloss_en	WIKTIONARY_ONLY
LX-7811254f22	lexeme	טִבֵּעַ	hewiktionary	SILVER	infinitive_vocalized	WIKTIONARY_ONLY
LX-0aebc10f6c	lexeme	קִרְקַע	hewiktionary	SILVER	infinitive_vocalized	WIKTIONARY_ONLY
LX-e507e197de	lexeme	שִׁבֵּט	hewiktionary	SILVER	infinitive_vocalized	WIKTIONARY_ONLY
LX-f66ab000dd	lexeme	עֻבַּד	hewiktionary	SILVER	infinitive_vocalized|gloss_en	WIKTIONARY_ONLY
LX-1a603a7040	lexeme	עָנַשׁ	hewiktionary	SILVER	gloss_en	WIKTIONARY_ONLY
LX-ae39558ab8	lexeme	עִיֵּן	hewiktionary	SILVER	infinitive_vocalized	WIKTIONARY_ONLY
LX-db4272bf51	lexeme	פִּרְכֵּס	hewiktionary	SILVER	infinitive_vocalized	WIKTIONARY_ONLY
LX-fd7341fadb	lexeme	צָבַת	hewiktionary	SILVER	infinitive_vocalized|gloss_en	WIKTIONARY_ONLY
LX-1e0f6aa440	lexeme	שִׁוֵּק	hewiktionary	SILVER	infinitive_vocalized	WIKTIONARY_ONLY
LX-3508e7e929	lexeme	תִּקְתֵּק	hewiktionary	SILVER	infinitive_vocalized	WIKTIONARY_ONLY
LX-17bc2cad84	lexeme	חָפַת	hewiktionary	SILVER	infinitive_vocalized	WIKTIONARY_ONLY
LX-cec9322126	lexeme	רָעַף	hewiktionary	SILVER	infinitive_vocalized	WIKTIONARY_ONLY
LX-3d6025e984	lexeme	עֵרֵס	hewiktionary	SILVER	infinitive_vocalized|gloss_en	WIKTIONARY_ONLY
LX-790ac2b128	lexeme	וִסֵּת	hewiktionary	SILVER	infinitive_vocalized	WIKTIONARY_ONLY
LX-2413453de5	lexeme	בָּלַשׁ	hewiktionary	SILVER	infinitive_vocalized	WIKTIONARY_ONLY
LX-c1a7d1036d	lexeme	צָהַב	hewiktionary	SILVER	lemma_unvocalized|infinitive_vocalized	WIKTIONARY_ONLY
LX-bf5ce9e651	lexeme	הִצְהִיב	hewiktionary	SILVER	infinitive_vocalized	WIKTIONARY_ONLY
LX-fc220aa712	lexeme	הִתְחַרְפֵן	hewiktionary	SILVER	infinitive_vocalized|gloss_en	WIKTIONARY_ONLY
LX-4b37a3acd7	lexeme	עָט	hewiktionary	SILVER	lemma_unvocalized|infinitive_vocalized	WIKTIONARY_ONLY
LX-46649dcccb	lexeme	שִׁיֵּר	hewiktionary	QUESTIONABLE	gloss_en	WIKTIONARY_ONLY
LX-11c80bb07f	lexeme	טִפֵּחַ	hewiktionary	SILVER	infinitive_vocalized|gloss_en	WIKTIONARY_ONLY
LX-7e55965401	lexeme	נִפַּח	hewiktionary	QUESTIONABLE	infinitive_vocalized	WIKTIONARY_ONLY
LX-0d5a4a2ea8	lexeme	סִנְדֵּל	hewiktionary	SILVER	infinitive_vocalized|gloss_en	WIKTIONARY_ONLY
LX-3c72f58d16	lexeme	הִתְנַקְנֵק	hewiktionary	SILVER	gloss_en	WIKTIONARY_ONLY
LX-c11236b088	lexeme	סָחַף	hewiktionary	SILVER	infinitive_vocalized	WIKTIONARY_ONLY
LX-fc93abc47a	lexeme	חָק	hewiktionary	SILVER	lemma_unvocalized|infinitive_vocalized|gloss_en	WIKTIONARY_ONLY
LX-6e606baed1	lexeme	חָרַף	hewiktionary	SILVER	lemma_unvocalized|infinitive_vocalized|gloss_en	WIKTIONARY_ONLY
LX-679540d0e0	lexeme	חֵרֵף	hewiktionary	SILVER	infinitive_vocalized	WIKTIONARY_ONLY
LX-cc4830da94	lexeme	אִכְזֵב	hewiktionary	SILVER	infinitive_vocalized	WIKTIONARY_ONLY
LX-0b9b9f3bd0	lexeme	קִיֵּץ	hewiktionary	QUESTIONABLE	infinitive_vocalized|gloss_en	WIKTIONARY_ONLY
LX-4b7a6949b3	lexeme	נֶחְתַּם	hewiktionary	SILVER	lemma_unvocalized|gloss_en	WIKTIONARY_ONLY
LX-e088627f45	lexeme	נָמַל	hewiktionary	SILVER	infinitive_vocalized|gloss_en	WIKTIONARY_ONLY
LX-af180307d1	lexeme	הוּטַס	hewiktionary	SILVER	infinitive_vocalized	WIKTIONARY_ONLY
LX-1ef98f32c6	lexeme	מִסָּה	hewiktionary	SILVER	infinitive_vocalized	WIKTIONARY_ONLY
LX-96deb39145	lexeme	סִקֵּל	hewiktionary	SILVER	lemma_unvocalized	WIKTIONARY_ONLY
LX-dcf86fedd4	lexeme	סֻקַּל	hewiktionary	SILVER	lemma_unvocalized|infinitive_vocalized	WIKTIONARY_ONLY
LX-3443de02c3	lexeme	סִכֵּל	hewiktionary	SILVER	lemma_unvocalized	WIKTIONARY_ONLY
LX-5ebc0ee3d6	lexeme	סֻכַּל	hewiktionary	SILVER	lemma_unvocalized|infinitive_vocalized	WIKTIONARY_ONLY
LX-0347c12393	lexeme	חֻפַּשׁ	hewiktionary	SILVER	infinitive_vocalized|gloss_en	WIKTIONARY_ONLY
LX-7923b24f2a	lexeme	עֵרֵב	hewiktionary	SILVER	infinitive_vocalized	WIKTIONARY_ONLY
LX-49e4d17751	lexeme	מִגֵּר	hewiktionary	SILVER	infinitive_vocalized	WIKTIONARY_ONLY
LX-fbd0044717	lexeme	סֻפַּק	hewiktionary	SILVER	infinitive_vocalized	WIKTIONARY_ONLY
LX-ad1a80a70a	lexeme	סָפַק	hewiktionary	SILVER	infinitive_vocalized	WIKTIONARY_ONLY
LX-616d4df8a6	lexeme	עִטֵּף	hewiktionary	SILVER	gloss_en	WIKTIONARY_ONLY
LX-36ccf8fa17	lexeme	טָפַשׁ	hewiktionary	SILVER	infinitive_vocalized	WIKTIONARY_ONLY
LX-e59ddd8af5	lexeme	מַר	hewiktionary	SILVER	infinitive_vocalized	WIKTIONARY_ONLY
LX-d47a0298e6	lexeme	אִכְלֵס	hewiktionary	SILVER	infinitive_vocalized	WIKTIONARY_ONLY
LX-b115b6ca31	lexeme	רִפְרֵף	hewiktionary	QUESTIONABLE	infinitive_vocalized	WIKTIONARY_ONLY
LX-fa3871ae1b	lexeme	יִהֵד	hewiktionary	SILVER	infinitive_vocalized	WIKTIONARY_ONLY
LX-11e30d534a	lexeme	יָהַב	hewiktionary	SILVER	infinitive_vocalized	WIKTIONARY_ONLY
LX-fa50df65d8	lexeme	צָלַף	hewiktionary	SILVER	gloss_en	WIKTIONARY_ONLY
LX-134b03d5f6	lexeme	דַּל	hewiktionary	QUESTIONABLE	infinitive_vocalized|gloss_en	WIKTIONARY_ONLY
LX-adf4cb6990	lexeme	סֻמַּן	hewiktionary	SILVER	infinitive_vocalized|gloss_en	WIKTIONARY_ONLY
LX-e3b678e796	lexeme	הִסְתַּמֵּן	hewiktionary	SILVER	gloss_en	WIKTIONARY_ONLY
LX-83e5bcd20b	lexeme	הִשְׁמִישׁ	hewiktionary	SILVER	gloss_en	WIKTIONARY_ONLY
LX-b39251dd2d	lexeme	מִתֵּג	hewiktionary	SILVER	lemma_unvocalized|infinitive_vocalized	WIKTIONARY_ONLY
LX-5687373cfd	lexeme	שָׁלַק	hewiktionary	SILVER	infinitive_vocalized	WIKTIONARY_ONLY
LX-1a01befa21	lexeme	הִדֵּס	hewiktionary	SILVER	infinitive_vocalized	WIKTIONARY_ONLY
LX-e8e7d2cc06	lexeme	צִבַּע	hewiktionary	QUESTIONABLE	infinitive_vocalized|gloss_en	WIKTIONARY_ONLY
LX-65b067c891	lexeme	אֻבַּק	hewiktionary	SILVER	infinitive_vocalized|gloss_en	WIKTIONARY_ONLY
LX-33d6892637	lexeme	צִפְצֵף	hewiktionary	SILVER	infinitive_vocalized	WIKTIONARY_ONLY
LX-b8c91ce3e8	lexeme	סָכַךְ	hewiktionary	QUESTIONABLE	infinitive_vocalized|gloss_en	WIKTIONARY_ONLY
LX-2db5aa5470	lexeme	עֵר	hewiktionary	QUESTIONABLE	infinitive_vocalized	WIKTIONARY_ONLY
LX-e10ba2bac9	lexeme	סָכַר	hewiktionary	SILVER	infinitive_vocalized	WIKTIONARY_ONLY
LX-6af296288f	lexeme	סִכֵּר	hewiktionary	SILVER	infinitive_vocalized|gloss_en	WIKTIONARY_ONLY
LX-b4672a3ca2	lexeme	גִּיֵּר	hewiktionary	SILVER	gloss_en	WIKTIONARY_ONLY
LX-4d75786f98	lexeme	חָבַר	hewiktionary	SILVER	infinitive_vocalized	WIKTIONARY_ONLY
LX-d2d1e66cf0	lexeme	נִסְכַּר	hewiktionary	SILVER	infinitive_vocalized	WIKTIONARY_ONLY
LX-93b5a9138d	lexeme	סִִלָּה	hewiktionary	SILVER	infinitive_vocalized	WIKTIONARY_ONLY
LX-e26dd8b9d2	lexeme	אִפֵּר	hewiktionary	SILVER	infinitive_vocalized	WIKTIONARY_ONLY
LX-16e7e19607	lexeme	אֻפַּר	hewiktionary	SILVER	infinitive_vocalized|gloss_en	WIKTIONARY_ONLY
LX-be18f680e2	lexeme	שָׁמַן	hewiktionary	SILVER	infinitive_vocalized	WIKTIONARY_ONLY
LX-1753c703b7	lexeme	חָבָה	hewiktionary	SILVER	infinitive_vocalized	WIKTIONARY_ONLY
LX-d4dd502c61	lexeme	רָגַשׁ	hewiktionary	SILVER	gloss_en	WIKTIONARY_ONLY
LX-d9a3da4d81	lexeme	חָפֵץ	hewiktionary	SILVER	infinitive_vocalized	WIKTIONARY_ONLY
LX-2a30d42ba0	lexeme	הִתְפַּקֵּד	hewiktionary	SILVER	gloss_en	WIKTIONARY_ONLY
LX-d1a3fe4631	lexeme	חֻשְׁמַל	hewiktionary	SILVER	infinitive_vocalized	WIKTIONARY_ONLY
LX-e9ee30c8cc	lexeme	עֻקַּל	hewiktionary	SILVER	infinitive_vocalized	WIKTIONARY_ONLY
LX-ee694bed32	lexeme	חָמַס	hewiktionary	SILVER	infinitive_vocalized	WIKTIONARY_ONLY
LX-8bbda9ccba	lexeme	שָׁקַר	hewiktionary	SILVER	infinitive_vocalized	WIKTIONARY_ONLY
LX-fa9bf43b56	lexeme	בָּזַק	hewiktionary	SILVER	infinitive_vocalized	WIKTIONARY_ONLY
LX-a77ac6ea84	lexeme	עֻפַּל	hewiktionary	SILVER	lemma_unvocalized|infinitive_vocalized|gloss_en	WIKTIONARY_ONLY
LX-d16921dbca	lexeme	טֻקַּס	hewiktionary	SILVER	infinitive_vocalized	WIKTIONARY_ONLY
LX-478c7dfd3c	lexeme	סָךְ	hewiktionary	SILVER	infinitive_vocalized	WIKTIONARY_ONLY
LX-1f460534d2	lexeme	סַךְ	hewiktionary	QUESTIONABLE	infinitive_vocalized	WIKTIONARY_ONLY
LX-586d07f181	lexeme	הֶעְפִּיל	hewiktionary	SILVER	infinitive_vocalized	WIKTIONARY_ONLY
LX-c99302ab8f	lexeme	כִּעֵס	hewiktionary	SILVER	gloss_en	WIKTIONARY_ONLY
LX-5efb36a461	lexeme	הֶחֱזִיק	hewiktionary	SILVER	infinitive_vocalized	WIKTIONARY_ONLY
LX-1d17b0a590	lexeme	כֻּתַּר	hewiktionary	QUESTIONABLE	infinitive_vocalized	WIKTIONARY_ONLY
LX-6c2f2b5e25	lexeme	שָֹטַן	hewiktionary	SILVER	lemma_unvocalized	WIKTIONARY_ONLY
LX-6169ff91d5	lexeme	צִלֵּל	hewiktionary	SILVER	infinitive_vocalized|gloss_en	WIKTIONARY_ONLY
LX-c5d6e4d3e3	lexeme	מֵרֵר	hewiktionary	SILVER	infinitive_vocalized	WIKTIONARY_ONLY
LX-e62652197a	lexeme	הֵמֵר	hewiktionary	SILVER	infinitive_vocalized	WIKTIONARY_ONLY
LX-94c528c9a9	lexeme	עִשָֹּה	hewiktionary	SILVER	infinitive_vocalized|gloss_en	WIKTIONARY_ONLY
LX-44c2655f1b	lexeme	אֻכַּף	hewiktionary	QUESTIONABLE	infinitive_vocalized	WIKTIONARY_ONLY
LX-7857c9191d	lexeme	כָּמַר	hewiktionary	SILVER	infinitive_vocalized|gloss_en	WIKTIONARY_ONLY
LX-f08ffa0ed2	lexeme	כִּמֵּר	hewiktionary	SILVER	infinitive_vocalized|gloss_en	WIKTIONARY_ONLY
LX-01e1ef29e8	lexeme	הוּחַל	hewiktionary	QUESTIONABLE	infinitive_vocalized|gloss_en	WIKTIONARY_ONLY
LX-82f9f837f2	lexeme	הוּחַל	hewiktionary	QUESTIONABLE	infinitive_vocalized|gloss_en	WIKTIONARY_ONLY
LX-f195feaf95	lexeme	גֻּשַׁם	hewiktionary	SILVER	infinitive_vocalized	WIKTIONARY_ONLY
LX-5b49a26013	lexeme	פִּרְגֵּעַ	hewiktionary	SILVER	infinitive_vocalized|gloss_en	WIKTIONARY_ONLY
LX-09d6682a9d	lexeme	בִּלְגֵּן	hewiktionary	SILVER	infinitive_vocalized	WIKTIONARY_ONLY
LX-0a284b103e	lexeme	עִרְגֵּל	hewiktionary	SILVER	infinitive_vocalized	WIKTIONARY_ONLY
LX-ab806a4ee6	lexeme	שִׁנָּא	hewiktionary	SILVER	infinitive_vocalized	WIKTIONARY_ONLY
LX-8e65cca84e	lexeme	שֻׁנָּא	hewiktionary	SILVER	infinitive_vocalized	WIKTIONARY_ONLY
LX-d4661a797a	lexeme	הִתְיַחֵס	hewiktionary	SILVER	infinitive_vocalized	WIKTIONARY_ONLY
LX-d25a7bceea	lexeme	שִׁדֵּךְ	hewiktionary	SILVER	infinitive_vocalized	WIKTIONARY_ONLY
LX-be2849edb0	lexeme	פָּצָה	hewiktionary	SILVER	infinitive_vocalized	WIKTIONARY_ONLY
LX-145ac9f9c9	lexeme	חִרְבֵּן	hewiktionary	SILVER	gloss_en	WIKTIONARY_ONLY
LX-43e26fbcca	lexeme	גִּבֵּן	hewiktionary	SILVER	infinitive_vocalized	WIKTIONARY_ONLY
LX-bf266fcac6	lexeme	גָּרַף	hewiktionary	SILVER	infinitive_vocalized	WIKTIONARY_ONLY
LX-3cb5392329	lexeme	גֵּרֵף	hewiktionary	SILVER	infinitive_vocalized	WIKTIONARY_ONLY
LX-3095c8f16c	lexeme	מִתֵּק	hewiktionary	SILVER	gloss_en	WIKTIONARY_ONLY
LX-7b5792ef38	lexeme	בָּקַק	hewiktionary	SILVER	infinitive_vocalized	WIKTIONARY_ONLY
LX-ffdea948f9	lexeme	שִׁלֵּט	hewiktionary	SILVER	infinitive_vocalized	WIKTIONARY_ONLY
LX-5b636c65ee	lexeme	נָשַׁר	hewiktionary	SILVER	lemma_unvocalized|infinitive_vocalized	WIKTIONARY_ONLY
LX-ef9675a7f0	lexeme	נִשֵּׁר	hewiktionary	SILVER	infinitive_vocalized|gloss_en	WIKTIONARY_ONLY
LX-1b662b1e57	lexeme	גָּרַט	hewiktionary	SILVER	infinitive_vocalized	WIKTIONARY_ONLY
LX-2d5091252b	lexeme	הִתְבַּרְבֵּר	hewiktionary	SILVER	infinitive_vocalized	WIKTIONARY_ONLY
LX-67597cf05a	lexeme	קָלַח	hewiktionary	SILVER	lemma_unvocalized|infinitive_vocalized	WIKTIONARY_ONLY
LX-44e461499d	lexeme	קִלֵּח	hewiktionary	SILVER	infinitive_vocalized	WIKTIONARY_ONLY
LX-790bdd0b87	lexeme	פָּתַק	hewiktionary	SILVER	infinitive_vocalized|gloss_en	WIKTIONARY_ONLY
LX-ebad7f3c8b	lexeme	אָתָה	hewiktionary	SILVER	lemma_unvocalized|infinitive_vocalized	WIKTIONARY_ONLY
LX-839a2c2d04	lexeme	קָבַּבּ	hewiktionary	SILVER	infinitive_vocalized	WIKTIONARY_ONLY
LX-27c5ff9780	lexeme	הֻלַּל	hewiktionary	SILVER	infinitive_vocalized|gloss_en	WIKTIONARY_ONLY
LX-f249989f70	lexeme	שִׁקֵּץ	hewiktionary	SILVER	infinitive_vocalized	WIKTIONARY_ONLY
LX-a251063c37	lexeme	פִּכָּה	hewiktionary	SILVER	infinitive_vocalized	WIKTIONARY_ONLY
LX-5c81c52ab0	lexeme	סָלַק	hewiktionary	SILVER	infinitive_vocalized	WIKTIONARY_ONLY
LX-479de61416	lexeme	סֻלַּק	hewiktionary	SILVER	infinitive_vocalized	WIKTIONARY_ONLY
LX-4f8f38cc56	lexeme	מִשְׁמֵשׁ	hewiktionary	SILVER	infinitive_vocalized|gloss_en	WIKTIONARY_ONLY
LX-953f98423f	lexeme	חִלֵּט	hewiktionary	SILVER	gloss_en	WIKTIONARY_ONLY
LX-3b3c4a7f66	lexeme	אָהַל	hewiktionary	SILVER	infinitive_vocalized	WIKTIONARY_ONLY
LX-462df30a80	lexeme	אִהֵל	hewiktionary	SILVER	infinitive_vocalized	WIKTIONARY_ONLY
LX-000c168e7e	lexeme	נִמֵּר	hewiktionary	SILVER	infinitive_vocalized	WIKTIONARY_ONLY
LX-477328f513	lexeme	צָר	hewiktionary	QUESTIONABLE	infinitive_vocalized	WIKTIONARY_ONLY
LX-b90cc8c23c	lexeme	אִיֵּד	hewiktionary	SILVER	infinitive_vocalized	WIKTIONARY_ONLY
LX-128e33cad6	lexeme	טָבַל	hewiktionary	SILVER	infinitive_vocalized	WIKTIONARY_ONLY
LX-6baa3bd5bc	lexeme	נָכוֹן	hewiktionary	SILVER	lemma_unvocalized	WIKTIONARY_ONLY
LX-4cfbc9283b	lexeme	מִחֵק	hewiktionary	SILVER	lemma_unvocalized|gloss_en	WIKTIONARY_ONLY
LX-876628fc5c	lexeme	נָר	hewiktionary	SILVER	gloss_en	WIKTIONARY_ONLY
LX-13b90bd659	lexeme	פָּלַט	hewiktionary	SILVER	infinitive_vocalized	WIKTIONARY_ONLY
LX-7b5d7bc38d	lexeme	פָּקַס	hewiktionary	SILVER	lemma_unvocalized|infinitive_vocalized|gloss_en	WIKTIONARY_ONLY
LX-2c50205e81	lexeme	פָּרַף	hewiktionary	SILVER	infinitive_vocalized	WIKTIONARY_ONLY
LX-21964d1281	lexeme	רָכַס	hewiktionary	SILVER	infinitive_vocalized	WIKTIONARY_ONLY
LX-c1783f7659	lexeme	רִכֵּס	hewiktionary	SILVER	infinitive_vocalized|gloss_en	WIKTIONARY_ONLY
LX-4ca723d302	lexeme	נָגַב	hewiktionary	SILVER	infinitive_vocalized|gloss_en	WIKTIONARY_ONLY
LX-e637fd9b8a	lexeme	נִגֵּב	hewiktionary	SILVER	infinitive_vocalized	WIKTIONARY_ONLY
LX-8aa6ef3cee	lexeme	לָפַת	hewiktionary	SILVER	infinitive_vocalized	WIKTIONARY_ONLY
LX-6d87adbd25	lexeme	לִפֵּת	hewiktionary	SILVER	lemma_unvocalized|infinitive_vocalized	WIKTIONARY_ONLY
LX-51d4d2e080	lexeme	יָתַד	hewiktionary	SILVER	gloss_en	WIKTIONARY_ONLY
LX-fccf058033	lexeme	פִּשְׁפֵּשׁ	hewiktionary	SILVER	infinitive_vocalized	WIKTIONARY_ONLY
LX-fb0871bc3d	lexeme	נִפֵּט	hewiktionary	SILVER	infinitive_vocalized	WIKTIONARY_ONLY
LX-24b1b773e1	lexeme	שָׁחַר	hewiktionary	SILVER	infinitive_vocalized	WIKTIONARY_ONLY
LX-1fc1ba24f1	lexeme	שִׁחֵר	hewiktionary	SILVER	infinitive_vocalized	WIKTIONARY_ONLY
LX-1bb2218723	lexeme	אוּיַּל	hewiktionary	SILVER	infinitive_vocalized	WIKTIONARY_ONLY
LX-9a0b4e41ce	lexeme	אָפַס	hewiktionary	SILVER	infinitive_vocalized	WIKTIONARY_ONLY
LX-3ed1cc7747	lexeme	אִפֵּס	hewiktionary	SILVER	infinitive_vocalized	WIKTIONARY_ONLY
LX-79b1fb1a46	lexeme	אֵרֵחַ	hewiktionary	SILVER	infinitive_vocalized	WIKTIONARY_ONLY
LX-145c86be9e	lexeme	פִּחְמֵן	hewiktionary	SILVER	infinitive_vocalized|gloss_en	WIKTIONARY_ONLY
LX-db0eea5266	lexeme	חִמְצֵן	hewiktionary	SILVER	infinitive_vocalized	WIKTIONARY_ONLY
LX-1af562e7eb	lexeme	אָרַג	hewiktionary	SILVER	infinitive_vocalized	WIKTIONARY_ONLY
LX-07b18a92ca	lexeme	פָּעַל	hewiktionary	QUESTIONABLE	infinitive_vocalized	WIKTIONARY_ONLY
LX-3f838ed083	lexeme	קָמַץ	hewiktionary	SILVER	infinitive_vocalized|gloss_en	WIKTIONARY_ONLY
LX-86b0772c53	lexeme	קִמֵּץ	hewiktionary	SILVER	infinitive_vocalized|gloss_en	WIKTIONARY_ONLY
LX-50b5f0bda2	lexeme	כָּבֵד	hewiktionary	SILVER	gloss_en	WIKTIONARY_ONLY
LX-6c276c1d5a	lexeme	מִשְׂכֵּן	hewiktionary	QUESTIONABLE	lemma_unvocalized|infinitive_vocalized	WIKTIONARY_ONLY
LX-5294764d5e	lexeme	פֹּרַשׁ	hewiktionary	SILVER	infinitive_vocalized	WIKTIONARY_ONLY
LX-bc5a991233	lexeme	זִרְחֵן	hewiktionary	SILVER	infinitive_vocalized	WIKTIONARY_ONLY
LX-2a6fc0337a	lexeme	צָלַב	hewiktionary	SILVER	infinitive_vocalized	WIKTIONARY_ONLY
LX-1f097c2fd1	lexeme	קָרַח	hewiktionary	SILVER	infinitive_vocalized|gloss_en	WIKTIONARY_ONLY
LX-304b80c1ec	lexeme	חָמֵץ	hewiktionary	SILVER	infinitive_vocalized|gloss_en	WIKTIONARY_ONLY
LX-e2066ddfe1	lexeme	מָזַג	hewiktionary	SILVER	infinitive_vocalized	WIKTIONARY_ONLY
LX-48b5750ef8	lexeme	בָּצַק	hewiktionary	SILVER	infinitive_vocalized	WIKTIONARY_ONLY
LX-721f13f5d1	lexeme	אִמֵּת	hewiktionary	SILVER	infinitive_vocalized	WIKTIONARY_ONLY
LX-3270532dcf	lexeme	אֻמַּת	hewiktionary	SILVER	infinitive_vocalized	WIKTIONARY_ONLY
LX-7eef3a6acc	lexeme	הִסְתַּלֵּק	hewiktionary	SILVER	infinitive_vocalized	WIKTIONARY_ONLY
LX-43dc63465f	lexeme	קָדַשׁ	hewiktionary	SILVER	infinitive_vocalized|gloss_en	WIKTIONARY_ONLY
LX-0c040b9ac8	lexeme	שָׁח	hewiktionary	SILVER	infinitive_vocalized|gloss_en	WIKTIONARY_ONLY
LX-8f7ba8afd9	lexeme	שַׁח	hewiktionary	SILVER	infinitive_vocalized|gloss_en	WIKTIONARY_ONLY
LX-02528bf589	lexeme	חָפָה	hewiktionary	SILVER	infinitive_vocalized|gloss_en	WIKTIONARY_ONLY
LX-61066be5b3	lexeme	אִתְרֵג	hewiktionary	SILVER	infinitive_vocalized|gloss_en	WIKTIONARY_ONLY
LX-63975267de	lexeme	גִּשֵּׁשׁ	hewiktionary	SILVER	infinitive_vocalized|gloss_en	WIKTIONARY_ONLY
LX-0f3af00f64	lexeme	גָּשַׁשׁ	hewiktionary	SILVER	infinitive_vocalized|gloss_en	WIKTIONARY_ONLY
LX-64720c5e76	lexeme	שִֹבֵּעַ	hewiktionary	SILVER	infinitive_vocalized|gloss_en	WIKTIONARY_ONLY
LX-5892455fa2	lexeme	חִמֵּשׁ	hewiktionary	SILVER	infinitive_vocalized	WIKTIONARY_ONLY
LX-ccb07b63fc	lexeme	הִפְשִׁיל	hewiktionary	SILVER	infinitive_vocalized	WIKTIONARY_ONLY
LX-6f80bfc4b5	lexeme	לֻקַּח	hewiktionary	SILVER	infinitive_vocalized|gloss_en	WIKTIONARY_ONLY
LX-d200df23b0	lexeme	עִזֵּק	hewiktionary	SILVER	infinitive_vocalized	WIKTIONARY_ONLY
LX-b02ebd0c06	lexeme	עָזַק	hewiktionary	SILVER	infinitive_vocalized	WIKTIONARY_ONLY
LX-9112d78de6	lexeme	חִלָּה	hewiktionary	SILVER	lemma_unvocalized|infinitive_vocalized	WIKTIONARY_ONLY
LX-1bfcd22439	lexeme	נִפְנֵף	hewiktionary	SILVER	infinitive_vocalized	WIKTIONARY_ONLY
LX-a5b5832115	lexeme	גַּן	hewiktionary	SILVER	gloss_en	WIKTIONARY_ONLY
LX-aaa680df06	lexeme	צָרַב	hewiktionary	SILVER	infinitive_vocalized	WIKTIONARY_ONLY
LX-32abdede88	lexeme	עִגֵּן	hewiktionary	SILVER	infinitive_vocalized	WIKTIONARY_ONLY
LX-5159c11567	lexeme	שָׁטַח	hewiktionary	SILVER	infinitive_vocalized	WIKTIONARY_ONLY
LX-c65336d065	lexeme	תָּקַע	hewiktionary	SILVER	infinitive_vocalized	WIKTIONARY_ONLY
LX-b31cc64ce7	lexeme	נָקַע	hewiktionary	SILVER	infinitive_vocalized|gloss_en	WIKTIONARY_ONLY
LX-5f1f738719	lexeme	עָבַט	hewiktionary	SILVER	infinitive_vocalized	WIKTIONARY_ONLY
LX-8fe9eb3ff1	lexeme	עִבֵּט	hewiktionary	SILVER	infinitive_vocalized	WIKTIONARY_ONLY
LX-7f227b83ca	lexeme	אִפֵּן	hewiktionary	SILVER	lemma_unvocalized|infinitive_vocalized	WIKTIONARY_ONLY
LX-683e9fe7de	lexeme	קַל	hewiktionary	SILVER	gloss_en	WIKTIONARY_ONLY
LX-8a25cb8b2c	lexeme	רַב	hewiktionary	SILVER	infinitive_vocalized	WIKTIONARY_ONLY
LX-573a2fa497	lexeme	חִסֵּד	hewiktionary	SILVER	infinitive_vocalized	WIKTIONARY_ONLY
LX-f2517b04ab	lexeme	כָּחַל	hewiktionary	SILVER	gloss_en	WIKTIONARY_ONLY
LX-7f710cecf4	lexeme	סִגֵּל	hewiktionary	SILVER	infinitive_vocalized	WIKTIONARY_ONLY
LX-71a4decb66	lexeme	בִּטֵּן	hewiktionary	SILVER	infinitive_vocalized|gloss_en	WIKTIONARY_ONLY
LX-62c257979b	lexeme	מִדֵּף	hewiktionary	SILVER	infinitive_vocalized	WIKTIONARY_ONLY
LX-a2cd25c99c	lexeme	כִּתֵּף	hewiktionary	SILVER	infinitive_vocalized	WIKTIONARY_ONLY
LX-fe27319d78	lexeme	פִּעְפַּע	hewiktionary	SILVER	infinitive_vocalized	WIKTIONARY_ONLY
LX-b0e53e06f6	lexeme	נִפָּה	hewiktionary	SILVER	infinitive_vocalized	WIKTIONARY_ONLY
LX-8bb64b81e5	lexeme	סִמֵּס	hewiktionary	SILVER	infinitive_vocalized|gloss_en	WIKTIONARY_ONLY
LX-13e60071b6	lexeme	סָפָה	hewiktionary	SILVER	lemma_unvocalized|infinitive_vocalized|gloss_en	WIKTIONARY_ONLY
LX-8cbefc8aae	lexeme	עִרְסֵל	hewiktionary	SILVER	infinitive_vocalized	WIKTIONARY_ONLY
LX-5da012b2b5	lexeme	שִׁיֵּךְ	hewiktionary	SILVER	infinitive_vocalized	WIKTIONARY_ONLY
LX-e59013e362	lexeme	שֻׁיַּךְ	hewiktionary	SILVER	infinitive_vocalized	WIKTIONARY_ONLY
LX-694018c1e4	lexeme	זִמֵּן	hewiktionary	SILVER	infinitive_vocalized	WIKTIONARY_ONLY
LX-598eae73f6	lexeme	אִפְשֵׁר	hewiktionary	SILVER	infinitive_vocalized	WIKTIONARY_ONLY
LX-78c4affced	lexeme	טֻשְׁטָשׁ	hewiktionary	SILVER	infinitive_vocalized	WIKTIONARY_ONLY
LX-d3ed724b0f	lexeme	טִשְׁטֵשׁ	hewiktionary	SILVER	infinitive_vocalized	WIKTIONARY_ONLY
LX-16433fe5e9	lexeme	פָּח	hewiktionary	SILVER	infinitive_vocalized	WIKTIONARY_ONLY
LX-ec49c4dcc6	lexeme	הִיָּה	hewiktionary	SILVER	infinitive_vocalized|gloss_en	WIKTIONARY_ONLY
LX-16f1333b9e	lexeme	שָׂכַל	hewiktionary	SILVER	infinitive_vocalized|gloss_en	WIKTIONARY_ONLY
LX-2bd7f3670b	lexeme	שִׂכֵּל	hewiktionary	SILVER	infinitive_vocalized|gloss_en	WIKTIONARY_ONLY
LX-3f8a61cd76	lexeme	שָׁכַל	hewiktionary	SILVER	infinitive_vocalized|gloss_en	WIKTIONARY_ONLY
LX-7c2f5fb686	lexeme	כִּיֵּף	hewiktionary	SILVER	infinitive_vocalized	WIKTIONARY_ONLY
LX-ea25287b3f	lexeme	מִסְמֵר	hewiktionary	SILVER	infinitive_vocalized	WIKTIONARY_ONLY
LX-dae5c2bc9c	lexeme	מֻסְמַר	hewiktionary	SILVER	infinitive_vocalized|gloss_en	WIKTIONARY_ONLY
LX-1c807b5d91	lexeme	עִשֵּׂב	hewiktionary	SILVER	infinitive_vocalized	WIKTIONARY_ONLY
LX-ac1088b036	lexeme	דָּךְ	hewiktionary	SILVER	gloss_en	WIKTIONARY_ONLY
LX-5ea23bbedf	lexeme	מָךְ	hewiktionary	SILVER	infinitive_vocalized	WIKTIONARY_ONLY
LX-c922e67326	lexeme	רָשׁ	hewiktionary	SILVER	gloss_en	WIKTIONARY_ONLY
LX-6b0a105ce4	lexeme	מֻתַּן	hewiktionary	SILVER	infinitive_vocalized	WIKTIONARY_ONLY
LX-cf8198b3b5	lexeme	הִשְׁחִית	hewiktionary	SILVER	infinitive_vocalized	WIKTIONARY_ONLY
LX-45ea3b99e9	lexeme	אָסַם	hewiktionary	SILVER	infinitive_vocalized|gloss_en	WIKTIONARY_ONLY
LX-55bebfd699	lexeme	אָצַר	hewiktionary	SILVER	infinitive_vocalized	WIKTIONARY_ONLY
LX-f43d6b382f	lexeme	הִתְחַפְשֵׁשׁ	hewiktionary	SILVER	infinitive_vocalized|gloss_en	WIKTIONARY_ONLY
LX-3f4737b6ad	lexeme	בָּדַל	hewiktionary	SILVER	infinitive_vocalized	WIKTIONARY_ONLY
LX-1bad0be06a	lexeme	הִקְסִים	hewiktionary	SILVER	infinitive_vocalized	WIKTIONARY_ONLY
LX-3ea68ece57	lexeme	גִּוֵּן	hewiktionary	SILVER	infinitive_vocalized	WIKTIONARY_ONLY
LX-b6c01a9d19	lexeme	נִגַּר	hewiktionary	SILVER	infinitive_vocalized	WIKTIONARY_ONLY
LX-402cab5c1a	lexeme	נִגֵּר	hewiktionary	SILVER	infinitive_vocalized|gloss_en	WIKTIONARY_ONLY
LX-13ac4aa629	lexeme	רָהַט	hewiktionary	SILVER	infinitive_vocalized	WIKTIONARY_ONLY
LX-c861ef51aa	lexeme	נָדַר	hewiktionary	SILVER	infinitive_vocalized	WIKTIONARY_ONLY
LX-b43c923c8f	lexeme	נִדַּר	hewiktionary	SILVER	infinitive_vocalized|gloss_en	WIKTIONARY_ONLY
LX-e7c31abdf2	lexeme	פָּשָׂה	hewiktionary	SILVER	lemma_unvocalized|infinitive_vocalized|gloss_en	WIKTIONARY_ONLY
LX-4c4cca24d0	lexeme	זָד	hewiktionary	SILVER	infinitive_vocalized	WIKTIONARY_ONLY
LX-97a76efecc	lexeme	כִּרְכֵּר	hewiktionary	SILVER	infinitive_vocalized	WIKTIONARY_ONLY
LX-27ac8397f5	lexeme	עִקֵּשׁ	hewiktionary	SILVER	infinitive_vocalized	WIKTIONARY_ONLY
LX-20b5635e25	lexeme	נִעְנֵעַ	hewiktionary	SILVER	infinitive_vocalized	WIKTIONARY_ONLY
LX-ec12e49cc4	lexeme	כִּיֵּל	hewiktionary	SILVER	infinitive_vocalized	WIKTIONARY_ONLY
LX-93a1b038c9	lexeme	עָגַב	hewiktionary	SILVER	infinitive_vocalized	WIKTIONARY_ONLY
LX-e8c840251f	lexeme	חִטֵּט	hewiktionary	SILVER	infinitive_vocalized	WIKTIONARY_ONLY
LX-48a80b73be	lexeme	נָדַף	hewiktionary	SILVER	lemma_unvocalized|infinitive_vocalized	WIKTIONARY_ONLY
LX-9249592966	lexeme	נִדַּף	hewiktionary	SILVER	lemma_unvocalized|infinitive_vocalized	WIKTIONARY_ONLY
LX-4c22d3d2bb	lexeme	נִדֵּף	hewiktionary	SILVER	lemma_unvocalized|infinitive_vocalized	WIKTIONARY_ONLY
LX-99511a140c	lexeme	קָבַל	hewiktionary	SILVER	infinitive_vocalized	WIKTIONARY_ONLY
LX-a36bd103b7	lexeme	אִסְפֵּן	hewiktionary	SILVER	infinitive_vocalized	WIKTIONARY_ONLY
LX-2ad972f236	lexeme	מִגֵּן	hewiktionary	SILVER	infinitive_vocalized	WIKTIONARY_ONLY
LX-ce8cf78655	lexeme	פָּזַל	hewiktionary	SILVER	infinitive_vocalized	WIKTIONARY_ONLY
LX-46a42dc20d	lexeme	לָעַט	hewiktionary	SILVER	infinitive_vocalized	WIKTIONARY_ONLY
LX-967f4f4574	lexeme	רָתַם	hewiktionary	SILVER	infinitive_vocalized	WIKTIONARY_ONLY
LX-a26a8e3527	lexeme	זָר	hewiktionary	SILVER	infinitive_vocalized|gloss_en	WIKTIONARY_ONLY
LX-47d10f7f29	lexeme	חָמַל	hewiktionary	SILVER	infinitive_vocalized|gloss_en	WIKTIONARY_ONLY
LX-58da86cf41	lexeme	עָקַר	hewiktionary	SILVER	infinitive_vocalized	WIKTIONARY_ONLY
LX-bcf0488d80	lexeme	עִקֵּר	hewiktionary	SILVER	infinitive_vocalized	WIKTIONARY_ONLY
LX-d38cbaec6e	lexeme	חָבַל	hewiktionary	SILVER	infinitive_vocalized	WIKTIONARY_ONLY
LX-de44a9bf75	lexeme	הִלְעִיט	hewiktionary	SILVER	infinitive_vocalized	WIKTIONARY_ONLY
LX-a8a9b5657c	lexeme	יֻלַּד	hewiktionary	SILVER	infinitive_vocalized|gloss_en	WIKTIONARY_ONLY
LX-b98b6f732d	lexeme	הִתְפַּעֵל	hewiktionary	QUESTIONABLE	infinitive_vocalized	WIKTIONARY_ONLY
LX-30d14115f4	lexeme	גֻּנַּב	hewiktionary	SILVER	infinitive_vocalized|gloss_en	WIKTIONARY_ONLY
LX-7064c75f32	lexeme	כָּוָה	hewiktionary	SILVER	infinitive_vocalized	WIKTIONARY_ONLY
LX-c52a1d5c26	lexeme	שָֹטָה	hewiktionary	SILVER	lemma_unvocalized|infinitive_vocalized	WIKTIONARY_ONLY
LX-2db5f4e6ad	lexeme	שִׁטָּה	hewiktionary	SILVER	infinitive_vocalized	WIKTIONARY_ONLY
LX-3b1fc87d2e	lexeme	פִּיֵּס	hewiktionary	SILVER	infinitive_vocalized	WIKTIONARY_ONLY
LX-4567dc6634	lexeme	חָוַר	hewiktionary	SILVER	infinitive_vocalized	WIKTIONARY_ONLY
LX-0b3ada2cb2	lexeme	חִוֵּר	hewiktionary	SILVER	infinitive_vocalized	WIKTIONARY_ONLY
LX-9b37e0d98c	lexeme	פִּרְפֵּר	hewiktionary	SILVER	infinitive_vocalized	WIKTIONARY_ONLY
LX-7a91801c97	lexeme	נֻכָּה	hewiktionary	SILVER	infinitive_vocalized	WIKTIONARY_ONLY
LX-e5a831e269	lexeme	שַׁאֲנָן	hewiktionary	SILVER	infinitive_vocalized|gloss_en	WIKTIONARY_ONLY
LX-40255def31	lexeme	יִנּוֹן	hewiktionary	SILVER	infinitive_vocalized	WIKTIONARY_ONLY
LX-346871bbcd	lexeme	לִהֵט	hewiktionary	SILVER	infinitive_vocalized|gloss_en	WIKTIONARY_ONLY
LX-f176506a0d	lexeme	חָרַק	hewiktionary	SILVER	infinitive_vocalized	WIKTIONARY_ONLY
LX-85d81e9183	lexeme	סָכַם	hewiktionary	SILVER	infinitive_vocalized	WIKTIONARY_ONLY
LX-bc0c52a84e	lexeme	טִוַּח	hewiktionary	QUESTIONABLE	infinitive_vocalized	WIKTIONARY_ONLY
LX-469b26a221	lexeme	יִבֵּשׁ	hewiktionary	SILVER	infinitive_vocalized	WIKTIONARY_ONLY
LX-71ca5d4c26	lexeme	יֻבַּשׁ	hewiktionary	SILVER	infinitive_vocalized|gloss_en	WIKTIONARY_ONLY
LX-741910b248	lexeme	יָבַשׁ	hewiktionary	SILVER	infinitive_vocalized	WIKTIONARY_ONLY
LX-72b75856ca	lexeme	נָזַל	hewiktionary	SILVER	gloss_en	WIKTIONARY_ONLY
LX-f6bfc6cd85	lexeme	נִזַּל	hewiktionary	SILVER	gloss_en	WIKTIONARY_ONLY
LX-b53bdf437c	lexeme	נָזֹל	hewiktionary	SILVER	gloss_en	WIKTIONARY_ONLY
LX-5a100c26b6	lexeme	צוֹתֵת	hewiktionary	QUESTIONABLE	infinitive_vocalized	WIKTIONARY_ONLY
LX-855243abec	lexeme	נִקֵּב	hewiktionary	SILVER	infinitive_vocalized	WIKTIONARY_ONLY
LX-6d305b2470	lexeme	נָקַב	hewiktionary	SILVER	infinitive_vocalized	WIKTIONARY_ONLY
LX-f5cc5101c7	lexeme	נִקַּב	hewiktionary	SILVER	infinitive_vocalized	WIKTIONARY_ONLY
LX-7fbe8944e3	lexeme	נָחַר	hewiktionary	SILVER	lemma_unvocalized|infinitive_vocalized	WIKTIONARY_ONLY
LX-4c1e9289d6	lexeme	נִחַר	hewiktionary	SILVER	infinitive_vocalized	WIKTIONARY_ONLY
LX-fce425f1c8	lexeme	נִחָר	hewiktionary	QUESTIONABLE	infinitive_vocalized|gloss_en	WIKTIONARY_ONLY
LX-6cdf5567e7	lexeme	גִּנְדֵּר	hewiktionary	SILVER	infinitive_vocalized	WIKTIONARY_ONLY
LX-0e7b45ec35	lexeme	נֶחֱרָה	hewiktionary	QUESTIONABLE	lemma_unvocalized|infinitive_vocalized	WIKTIONARY_ONLY
LX-fa3824b51c	lexeme	הִצְחִין	hewiktionary	SILVER	infinitive_vocalized	WIKTIONARY_ONLY
LX-92bc84e393	lexeme	הִבְרִיק	hewiktionary	SILVER	infinitive_vocalized	WIKTIONARY_ONLY
LX-a1730da6ca	lexeme	כֻּתַּב	hewiktionary	SILVER	infinitive_vocalized|gloss_en	WIKTIONARY_ONLY
LX-14e5e6e90a	lexeme	נוֹכַח	hewiktionary	QUESTIONABLE	infinitive_vocalized|gloss_en	WIKTIONARY_ONLY
LX-6d3dc28ce6	lexeme	טִיֵּט	hewiktionary	SILVER	infinitive_vocalized|gloss_en	WIKTIONARY_ONLY
LX-732163575a	lexeme	רִחֵם	hewiktionary	SILVER	infinitive_vocalized|gloss_en	WIKTIONARY_ONLY
LX-57b5b1e565	lexeme	רֻחַם	hewiktionary	SILVER	infinitive_vocalized|gloss_en	WIKTIONARY_ONLY
LX-b6f5646b01	lexeme	יָפָה	hewiktionary	SILVER	infinitive_vocalized|gloss_en	WIKTIONARY_ONLY
LX-41b06d7ac9	lexeme	יִפָּה	hewiktionary	SILVER	infinitive_vocalized	WIKTIONARY_ONLY
LX-c58f54caa0	lexeme	כָּפַר	hewiktionary	SILVER	infinitive_vocalized	WIKTIONARY_ONLY
LX-6f2704c2f9	lexeme	קִמַּח	hewiktionary	SILVER	infinitive_vocalized	WIKTIONARY_ONLY
LX-5188ce8d1c	lexeme	קָרַם	hewiktionary	SILVER	infinitive_vocalized	WIKTIONARY_ONLY
LX-6792786ac2	lexeme	טֹעַן	hewiktionary	SILVER	infinitive_vocalized|gloss_en	WIKTIONARY_ONLY
LX-e0d840c9d5	lexeme	שִׁכְנֵעַ	hewiktionary	SILVER	infinitive_vocalized	WIKTIONARY_ONLY
LX-f7cae61930	lexeme	קָרַס	hewiktionary	SILVER	infinitive_vocalized	WIKTIONARY_ONLY
LX-520ff82886	lexeme	אָדַק	hewiktionary	SILVER	infinitive_vocalized	WIKTIONARY_ONLY
LX-6e4e5fd3a0	lexeme	נִוֵּט	hewiktionary	SILVER	infinitive_vocalized	WIKTIONARY_ONLY
LX-6746922790	lexeme	צִלְצֵל	hewiktionary	SILVER	infinitive_vocalized	WIKTIONARY_ONLY
LX-2fff4c700e	lexeme	סָפַן	hewiktionary	SILVER	infinitive_vocalized|gloss_en	WIKTIONARY_ONLY
LX-f41aac3623	lexeme	פִּקֵּחַ	hewiktionary	SILVER	infinitive_vocalized	WIKTIONARY_ONLY
LX-4cf36bb702	lexeme	פֻּקַּח	hewiktionary	SILVER	infinitive_vocalized|gloss_en	WIKTIONARY_ONLY
LX-cc3f2398fd	lexeme	פִּלַּח	hewiktionary	QUESTIONABLE	infinitive_vocalized	WIKTIONARY_ONLY
LX-2dd2a5ba7e	lexeme	פֻּלַּח	hewiktionary	SILVER	infinitive_vocalized|gloss_en	WIKTIONARY_ONLY
LX-97086b4118	lexeme	פָּלַח	hewiktionary	SILVER	infinitive_vocalized	WIKTIONARY_ONLY
LX-b8c9b0da56	lexeme	פִלֵּחַ	hewiktionary	QUESTIONABLE	infinitive_vocalized|gloss_en	WIKTIONARY_ONLY
LX-ac32d7cc7c	lexeme	עִלְעֵל	hewiktionary	SILVER	infinitive_vocalized	WIKTIONARY_ONLY
LX-9e776bfd15	lexeme	הָרָה	hewiktionary	SILVER	infinitive_vocalized|gloss_en	WIKTIONARY_ONLY
LX-1672fe566f	lexeme	שִׁקֵּם	hewiktionary	SILVER	infinitive_vocalized	WIKTIONARY_ONLY
LX-02d90973fa	lexeme	שֻׁקַּם	hewiktionary	SILVER	infinitive_vocalized|gloss_en	WIKTIONARY_ONLY
LX-ffe0ad4a12	lexeme	הָם	hewiktionary	SILVER	infinitive_vocalized|gloss_en	WIKTIONARY_ONLY
LX-5165dbc0e1	lexeme	אָנָה	hewiktionary	SILVER	infinitive_vocalized	WIKTIONARY_ONLY
LX-6b007d8346	lexeme	אִנָּה	hewiktionary	SILVER	infinitive_vocalized	WIKTIONARY_ONLY
LX-5a63c864d1	lexeme	אֻנָּה	hewiktionary	SILVER	infinitive_vocalized	WIKTIONARY_ONLY
LX-10a9586b11	lexeme	יָקַר	hewiktionary	SILVER	infinitive_vocalized|gloss_en	WIKTIONARY_ONLY
LX-17d53a6f2d	lexeme	יִקֵּר	hewiktionary	SILVER	infinitive_vocalized|gloss_en	WIKTIONARY_ONLY
LX-84db811ddf	lexeme	חָנַן	hewiktionary	SILVER	infinitive_vocalized	WIKTIONARY_ONLY
LX-5ec86f97dc	lexeme	דִּיֵּג	hewiktionary	SILVER	infinitive_vocalized	WIKTIONARY_ONLY
LX-266b66b86d	lexeme	גָּבָה	hewiktionary	QUESTIONABLE	infinitive_vocalized	WIKTIONARY_ONLY
LX-ce1266e7b3	lexeme	שָׁרַץ	hewiktionary	SILVER	infinitive_vocalized	WIKTIONARY_ONLY
LX-4ccfe04128	lexeme	כָּלַל	hewiktionary	SILVER	infinitive_vocalized	WIKTIONARY_ONLY
LX-fd041d639d	lexeme	סֻקַּר	hewiktionary	SILVER	infinitive_vocalized	WIKTIONARY_ONLY
LX-1d652b9931	lexeme	חִתֵּן	hewiktionary	SILVER	infinitive_vocalized	WIKTIONARY_ONLY
LX-8e0c9e0a42	lexeme	חָפַף	hewiktionary	SILVER	infinitive_vocalized	WIKTIONARY_ONLY
LX-f413ddef96	lexeme	חִפֵף	hewiktionary	SILVER	infinitive_vocalized	WIKTIONARY_ONLY
LX-415be95ffe	lexeme	זָמַם	hewiktionary	SILVER	infinitive_vocalized	WIKTIONARY_ONLY
LX-d99038dde9	lexeme	וִלֵּן	hewiktionary	SILVER	infinitive_vocalized|gloss_en	WIKTIONARY_ONLY
LX-aa8433cbe1	lexeme	בֻּיַּשׁ	hewiktionary	SILVER	infinitive_vocalized|gloss_en	WIKTIONARY_ONLY
LX-478c74b8d5	lexeme	נוֹאַל	hewiktionary	SILVER	lemma_unvocalized|infinitive_vocalized|gloss_en	WIKTIONARY_ONLY
LX-c83c8885b8	lexeme	עַד	hewiktionary	SILVER	gloss_en	WIKTIONARY_ONLY
LX-2e993d47ed	lexeme	צָהַל	hewiktionary	SILVER	infinitive_vocalized	WIKTIONARY_ONLY
LX-f481a46abc	lexeme	שֻׂמַּח	hewiktionary	SILVER	infinitive_vocalized|gloss_en	WIKTIONARY_ONLY
LX-9c9c09b71d	lexeme	יָעַד	hewiktionary	SILVER	infinitive_vocalized|gloss_en	WIKTIONARY_ONLY
LX-2a17bbf756	lexeme	תִּמֵּד	hewiktionary	SILVER	infinitive_vocalized|gloss_en	WIKTIONARY_ONLY
LX-ac2df4b35c	lexeme	סָרַט	hewiktionary	SILVER	infinitive_vocalized	WIKTIONARY_ONLY
LX-110651b1a1	lexeme	רָשַׁע	hewiktionary	SILVER	lemma_unvocalized|infinitive_vocalized|gloss_en	WIKTIONARY_ONLY
LX-356e543bb4	lexeme	צִוָּה	hewiktionary	SILVER	infinitive_vocalized|gloss_en	WIKTIONARY_ONLY
LX-b35ca9314d	lexeme	פִּרְנֵס	hewiktionary	SILVER	infinitive_vocalized	WIKTIONARY_ONLY
LX-b908ea16e9	lexeme	שָׂרַר	hewiktionary	SILVER	lemma_unvocalized|infinitive_vocalized	WIKTIONARY_ONLY
LX-c47ecb504e	lexeme	הִסְכִּית	hewiktionary	SILVER	infinitive_vocalized	WIKTIONARY_ONLY
LX-12df7a26ad	lexeme	הִשְׁלִישׁ	hewiktionary	SILVER	infinitive_vocalized|gloss_en	WIKTIONARY_ONLY
LX-5eee8f558b	lexeme	קָפַח	hewiktionary	SILVER	infinitive_vocalized	WIKTIONARY_ONLY
LX-19250d96c6	lexeme	קִפֵּחַ	hewiktionary	SILVER	infinitive_vocalized	WIKTIONARY_ONLY
LX-831fcdca32	lexeme	יָקַד	hewiktionary	SILVER	infinitive_vocalized	WIKTIONARY_ONLY
LX-9e452d4a5a	lexeme	שְׁפִּכְטֵל	hewiktionary	SILVER	infinitive_vocalized|gloss_en	WIKTIONARY_ONLY
LX-945bba3113	lexeme	שְׁפֻּכְטַל	hewiktionary	SILVER	infinitive_vocalized|gloss_en	WIKTIONARY_ONLY
LX-21d17ae65e	lexeme	דִקְלֵם	hewiktionary	SILVER	infinitive_vocalized	WIKTIONARY_ONLY
LX-e5ce829881	lexeme	שָׁעָה	hewiktionary	SILVER	infinitive_vocalized|gloss_en	WIKTIONARY_ONLY
LX-9dd8936324	lexeme	הִתְאַרְגְמֵן	hewiktionary	SILVER	infinitive_vocalized|gloss_en	WIKTIONARY_ONLY
LX-fe978c2c9b	lexeme	שִׁעַטְנֵז	hewiktionary	SILVER	infinitive_vocalized|gloss_en	WIKTIONARY_ONLY
LX-c8f963e176	lexeme	כִּשֵּׁף	hewiktionary	SILVER	infinitive_vocalized	WIKTIONARY_ONLY
LX-37a9ceddd8	lexeme	הִתְכְּחַלְחֵל	hewiktionary	SILVER	infinitive_vocalized|gloss_en	WIKTIONARY_ONLY
LX-b1442b2e85	lexeme	צִנְתֵּר	hewiktionary	SILVER	lemma_unvocalized|infinitive_vocalized	WIKTIONARY_ONLY
LX-31973e20e7	lexeme	גָּהָה	hewiktionary	SILVER	infinitive_vocalized	WIKTIONARY_ONLY
LX-768bbfb9a6	lexeme	הִשְׁתְּמַנְמֵן	hewiktionary	SILVER	infinitive_vocalized|gloss_en	WIKTIONARY_ONLY
LX-eaf1a885d0	lexeme	הִתְכְּלַבְלֵב	hewiktionary	SILVER	infinitive_vocalized|gloss_en	WIKTIONARY_ONLY
LX-59b9ddbeaf	lexeme	הִתְקְטַנְטֵן	hewiktionary	SILVER	infinitive_vocalized|gloss_en	WIKTIONARY_ONLY
LX-3321ed80a2	lexeme	הִשְׁתְּפַנְפֵן	hewiktionary	SILVER	infinitive_vocalized|gloss_en	WIKTIONARY_ONLY
LX-242bdf81ed	lexeme	שְׁמִרְטֵף	hewiktionary	SILVER	infinitive_vocalized	WIKTIONARY_ONLY
LX-495fa9ea5d	lexeme	סָדַר	hewiktionary	SILVER	infinitive_vocalized	WIKTIONARY_ONLY
LX-8a6f1e7cdb	lexeme	אִנְדֵקְס	hewiktionary	SILVER	infinitive_vocalized|gloss_en	WIKTIONARY_ONLY
LX-c88fdb60c9	lexeme	אֻנְדַקְס	hewiktionary	SILVER	infinitive_vocalized|gloss_en	WIKTIONARY_ONLY
LX-016e35ef6b	lexeme	בִּתֵּר	hewiktionary	SILVER	infinitive_vocalized|gloss_en	WIKTIONARY_ONLY
LX-5ef157ccc5	lexeme	דִּרְדֵּר	hewiktionary	SILVER	lemma_unvocalized|infinitive_vocalized	WIKTIONARY_ONLY
LX-23fa5d0e0f	lexeme	נִרְגַּן	hewiktionary	SILVER	infinitive_vocalized|gloss_en	WIKTIONARY_ONLY
LX-c2e532cd4c	lexeme	כִּנֵּן	hewiktionary	SILVER	infinitive_vocalized|gloss_en	WIKTIONARY_ONLY
LX-a07840d54f	lexeme	חִנֵּק	hewiktionary	SILVER	gloss_en	WIKTIONARY_ONLY
LX-fbb2ec3f9e	lexeme	קִרְקֵשׁ	hewiktionary	SILVER	infinitive_vocalized|gloss_en	WIKTIONARY_ONLY
LX-67d47b1912	lexeme	זֵרֵז	hewiktionary	SILVER	infinitive_vocalized	WIKTIONARY_ONLY
LX-1258bcb92f	lexeme	הִתְנַפֵּץ	hewiktionary	SILVER	infinitive_vocalized	WIKTIONARY_ONLY
LX-5db7575c1e	lexeme	הִגְלִיד	hewiktionary	SILVER	infinitive_vocalized	WIKTIONARY_ONLY
LX-e2709500a3	lexeme	רָעַם	hewiktionary	SILVER	infinitive_vocalized	WIKTIONARY_ONLY
LX-1fadb7cebf	lexeme	אָלָה	hewiktionary	SILVER	infinitive_vocalized	WIKTIONARY_ONLY
LX-4fb4ced786	lexeme	רָהַב	hewiktionary	SILVER	lemma_unvocalized|infinitive_vocalized	WIKTIONARY_ONLY
LX-c701cfd115	lexeme	רָפַס	hewiktionary	SILVER	lemma_unvocalized	WIKTIONARY_ONLY
LX-ae655dd671	lexeme	נָמוֹג	hewiktionary	SILVER	gloss_en	WIKTIONARY_ONLY
LX-478cc2820c	lexeme	כָּנַף	hewiktionary	SILVER	infinitive_vocalized|gloss_en	WIKTIONARY_ONLY
LX-12d5da50cd	lexeme	וִדֵּא	hewiktionary	SILVER	infinitive_vocalized	WIKTIONARY_ONLY
LX-f7cedab952	lexeme	הָדַר	hewiktionary	SILVER	infinitive_vocalized|gloss_en	WIKTIONARY_ONLY
LX-82d47680c7	lexeme	הִדֵּר	hewiktionary	SILVER	infinitive_vocalized|gloss_en	WIKTIONARY_ONLY
LX-7c885b5a2e	lexeme	שורש	hewiktionary	QUESTIONABLE	infinitive_vocalized|gloss_en	WIKTIONARY_ONLY
LX-8b502f003f	lexeme	נִתַּק	hewiktionary	SILVER	gloss_en	WIKTIONARY_ONLY
LX-c6c73931ee	lexeme	כָּס	hewiktionary	SILVER	infinitive_vocalized|gloss_en	WIKTIONARY_ONLY
LX-2dd7572987	lexeme	נָקַף	hewiktionary	SILVER	lemma_unvocalized|infinitive_vocalized	WIKTIONARY_ONLY
LX-97fe389386	lexeme	נִקֵּף	hewiktionary	SILVER	lemma_unvocalized|infinitive_vocalized	WIKTIONARY_ONLY
LX-d22a47a998	lexeme	טָפַל	hewiktionary	SILVER	infinitive_vocalized	WIKTIONARY_ONLY
LX-dabb7f3444	lexeme	נִפְלָא	hewiktionary	SILVER	lemma_unvocalized|infinitive_vocalized|gloss_en	WIKTIONARY_ONLY
LX-3a2404c54d	lexeme	רֻבַּב	hewiktionary	SILVER	infinitive_vocalized	WIKTIONARY_ONLY
LX-ac34343e74	lexeme	רִבֵּב	hewiktionary	SILVER	lemma_unvocalized|infinitive_vocalized	WIKTIONARY_ONLY
LX-835c99280f	lexeme	זָקַר	hewiktionary	SILVER	lemma_unvocalized|infinitive_vocalized	WIKTIONARY_ONLY
LX-20bc2d1777	lexeme	נִזְקַר	hewiktionary	SILVER	infinitive_vocalized	WIKTIONARY_ONLY
LX-a7b146f64f	lexeme	הִזְדַקֵּר	hewiktionary	SILVER	infinitive_vocalized	WIKTIONARY_ONLY
LX-f50f95b1c3	lexeme	כִּיֵּר	hewiktionary	SILVER	infinitive_vocalized|gloss_en	WIKTIONARY_ONLY
LX-6be4599cf0	lexeme	הִבְלִיחַ	hewiktionary	SILVER	lemma_unvocalized	WIKTIONARY_ONLY
LX-2de9ce6a99	lexeme	כָּזַב	hewiktionary	SILVER	infinitive_vocalized	WIKTIONARY_ONLY
LX-d5938fa4a1	lexeme	צִ	hewiktionary	QUESTIONABLE	infinitive_vocalized	WIKTIONARY_ONLY
LX-5cad26b51a	lexeme	סַף	hewiktionary	SILVER	infinitive_vocalized	WIKTIONARY_ONLY
LX-4090478e1d	lexeme	צָפַד	hewiktionary	SILVER	infinitive_vocalized	WIKTIONARY_ONLY
LX-d3e33d21d1	lexeme	שִׁכֵּן	hewiktionary	SILVER	infinitive_vocalized	WIKTIONARY_ONLY
LX-bc3f744848	lexeme	גֵּאֵל	hewiktionary	SILVER	infinitive_vocalized	WIKTIONARY_ONLY
LX-548f1a67ca	lexeme	נִדְנֵד	hewiktionary	SILVER	lemma_unvocalized|infinitive_vocalized	WIKTIONARY_ONLY
LX-c887f970ea	lexeme	תָּשַׁשׁ	hewiktionary	SILVER	infinitive_vocalized	WIKTIONARY_ONLY
LX-a611ede711	lexeme	אִתֵּר	hewiktionary	SILVER	infinitive_vocalized|gloss_en	WIKTIONARY_ONLY
LX-df3ce4c137	lexeme	נָשַׁף	hewiktionary	SILVER	infinitive_vocalized	WIKTIONARY_ONLY
LX-1bdb6bf8fc	lexeme	פִּעֲנַח	hewiktionary	SILVER	infinitive_vocalized	WIKTIONARY_ONLY
LX-37aaece110	lexeme	דִּיֵּק	hewiktionary	SILVER	infinitive_vocalized	WIKTIONARY_ONLY
LX-6a7a84c623	lexeme	הֵעִיב	hewiktionary	SILVER	infinitive_vocalized|gloss_en	WIKTIONARY_ONLY
LX-4dcfd56317	lexeme	גִרְבֵּץ	hewiktionary	SILVER	infinitive_vocalized	WIKTIONARY_ONLY
LX-13dd0c6b62	lexeme	סִתֵּם	hewiktionary	SILVER	lemma_unvocalized|infinitive_vocalized|gloss_en	WIKTIONARY_ONLY
LX-72d779a025	lexeme	כִּחֵשׁ	hewiktionary	SILVER	infinitive_vocalized|gloss_en	WIKTIONARY_ONLY
LX-27ac435f46	lexeme	הִשְׂבִּיעַ	hewiktionary	SILVER	infinitive_vocalized|gloss_en	WIKTIONARY_ONLY
LX-3bf0d5d5d4	lexeme	הִשְׁבִּיעַ	hewiktionary	SILVER	infinitive_vocalized|gloss_en	WIKTIONARY_ONLY
LX-161a172042	lexeme	הִדְאִיב	hewiktionary	SILVER	infinitive_vocalized	WIKTIONARY_ONLY
LX-f09e5ec94e	lexeme	יָגֹר	hewiktionary	SILVER	infinitive_vocalized|gloss_en	WIKTIONARY_ONLY
LX-9e25f7706e	lexeme	הִכְחִיל	hewiktionary	SILVER	gloss_en	WIKTIONARY_ONLY
LX-a52a3aab56	lexeme	סֻלָּא	hewiktionary	QUESTIONABLE	infinitive_vocalized	WIKTIONARY_ONLY
LX-dc38b74b72	lexeme	קוֹשֵׁשׁ	hewiktionary	SILVER	infinitive_vocalized|gloss_en	WIKTIONARY_ONLY
LX-92e186d970	lexeme	נִטְמַר	hewiktionary	SILVER	infinitive_vocalized|gloss_en	WIKTIONARY_ONLY
LX-156e3609cd	lexeme	רָגַם	hewiktionary	SILVER	infinitive_vocalized|gloss_en	WIKTIONARY_ONLY
LX-b0c4449b8b	lexeme	אָהַהּ	hewiktionary	SILVER	infinitive_vocalized	WIKTIONARY_ONLY
LX-78b6583db2	lexeme	קִרְקֵר	hewiktionary	SILVER	infinitive_vocalized	WIKTIONARY_ONLY
LX-b20385392f	lexeme	חָנַב	hewiktionary	SILVER	infinitive_vocalized	WIKTIONARY_ONLY
LX-17bdd84dfd	lexeme	הִתְלַהְלֵהַּ	hewiktionary	SILVER	gloss_en	WIKTIONARY_ONLY
LX-6d1745425e	lexeme	רָזַח	hewiktionary	SILVER	infinitive_vocalized|gloss_en	WIKTIONARY_ONLY
LX-f4580ae92f	lexeme	קָרַשׁ	hewiktionary	SILVER	lemma_unvocalized|infinitive_vocalized	WIKTIONARY_ONLY
LX-506463b7be	lexeme	צָעָה	hewiktionary	SILVER	gloss_en	WIKTIONARY_ONLY
LX-4de31e0c1d	lexeme	שָׁלֵו	hewiktionary	SILVER	lemma_unvocalized|infinitive_vocalized	WIKTIONARY_ONLY
LX-b360b196b5	lexeme	זָלַל	hewiktionary	SILVER	infinitive_vocalized|gloss_en	WIKTIONARY_ONLY
LX-14dab60aea	lexeme	זְבַן	hewiktionary	SILVER	infinitive_vocalized|gloss_en	WIKTIONARY_ONLY
LX-b5aacc39c3	lexeme	חִגֵּר	hewiktionary	SILVER	infinitive_vocalized	WIKTIONARY_ONLY
LX-0f6ad02af2	lexeme	סֻבֵב	hewiktionary	SILVER	infinitive_vocalized|gloss_en	WIKTIONARY_ONLY
LX-57eb0ee197	lexeme	נָסַב	hewiktionary	SILVER	gloss_en	WIKTIONARY_ONLY
LX-b5bfdb502b	lexeme	סִנְוֵר	hewiktionary	SILVER	infinitive_vocalized	WIKTIONARY_ONLY
LX-a7def51bb3	lexeme	נֵחַן	hewiktionary	SILVER	infinitive_vocalized|gloss_en	WIKTIONARY_ONLY
LX-5e6ef008f5	lexeme	מָסַק	hewiktionary	SILVER	gloss_en	WIKTIONARY_ONLY
LX-86896bcb16	lexeme	נִבְעַת	hewiktionary	SILVER	infinitive_vocalized|gloss_en	WIKTIONARY_ONLY
LX-ee1c753777	lexeme	נִמֵּק	hewiktionary	SILVER	gloss_en	WIKTIONARY_ONLY
LX-cee2d167a2	lexeme	הִתְבּוֹסֵס	hewiktionary	SILVER	gloss_en	WIKTIONARY_ONLY
LX-d14df6bd0e	lexeme	צִעֵר	hewiktionary	SILVER	gloss_en	WIKTIONARY_ONLY
LX-761688ee48	lexeme	צָעַר	hewiktionary	SILVER	infinitive_vocalized	WIKTIONARY_ONLY
LX-634a999ac8	lexeme	נֵקָל	hewiktionary	QUESTIONABLE	lemma_unvocalized|infinitive_vocalized|gloss_en	WIKTIONARY_ONLY
LX-01ed6db596	lexeme	גִּבֵּס	hewiktionary	SILVER	infinitive_vocalized	WIKTIONARY_ONLY
LX-13f0a3e9fd	lexeme	הִשְׁתָּעֵל	hewiktionary	SILVER	infinitive_vocalized	WIKTIONARY_ONLY
LX-dda346c8e0	lexeme	הֵעִיק	hewiktionary	SILVER	infinitive_vocalized|gloss_en	WIKTIONARY_ONLY
LX-f2b72073cb	lexeme	חָלַשׁ	hewiktionary	SILVER	infinitive_vocalized	WIKTIONARY_ONLY
LX-35d4c1e4bd	lexeme	הִקִּישׁ	hewiktionary	SILVER	gloss_en	WIKTIONARY_ONLY
LX-2c147efe5e	lexeme	רָמָה	hewiktionary	SILVER	lemma_unvocalized|infinitive_vocalized|gloss_en	WIKTIONARY_ONLY
LX-abc72269d7	lexeme	גּוֹנַן	hewiktionary	SILVER	infinitive_vocalized	WIKTIONARY_ONLY
LX-9bdd36fb99	lexeme	גִּלְוֵן	hewiktionary	SILVER	infinitive_vocalized	WIKTIONARY_ONLY
LX-1bbca3916a	lexeme	הֻצַּת	hewiktionary	SILVER	infinitive_vocalized|gloss_en	WIKTIONARY_ONLY
LX-57da71abc5	lexeme	הָמָה	hewiktionary	SILVER	infinitive_vocalized	WIKTIONARY_ONLY
LX-e0d4547649	lexeme	זָבַל	hewiktionary	SILVER	infinitive_vocalized|gloss_en	WIKTIONARY_ONLY
LX-f85d441fb9	lexeme	זִבֵּל	hewiktionary	SILVER	infinitive_vocalized	WIKTIONARY_ONLY
LX-1fb002bb5a	lexeme	זָרַם	hewiktionary	SILVER	infinitive_vocalized	WIKTIONARY_ONLY
LX-e2cda7f2e3	lexeme	זֹרַם	hewiktionary	SILVER	infinitive_vocalized|gloss_en	WIKTIONARY_ONLY
LX-04e61204ba	lexeme	חָזָה	hewiktionary	SILVER	infinitive_vocalized	WIKTIONARY_ONLY
LX-ad7b2a9ea9	lexeme	קָטַע	hewiktionary	SILVER	infinitive_vocalized	WIKTIONARY_ONLY
LX-369258a4fc	lexeme	הִתֵּל	hewiktionary	SILVER	infinitive_vocalized|gloss_en	WIKTIONARY_ONLY
LX-ca57e570d3	lexeme	הִזִּיל	hewiktionary	SILVER	gloss_en	WIKTIONARY_ONLY
LX-9b04920b10	lexeme	טָרַק	hewiktionary	SILVER	infinitive_vocalized	WIKTIONARY_ONLY
LX-5cbdd1dbe4	lexeme	מִעֵן	hewiktionary	SILVER	infinitive_vocalized	WIKTIONARY_ONLY
LX-7dbfbb6a72	lexeme	מֹעֵן	hewiktionary	SILVER	infinitive_vocalized|gloss_en	WIKTIONARY_ONLY
LX-21d2fe5e0e	lexeme	שַׁס	hewiktionary	SILVER	gloss_en	WIKTIONARY_ONLY
LX-14a77a07c6	lexeme	הֹעֲלָה	hewiktionary	SILVER	infinitive_vocalized|gloss_en	WIKTIONARY_ONLY
LX-a31ab7f3b2	lexeme	הִתְאוֹנֵן	hewiktionary	SILVER	infinitive_vocalized|gloss_en	WIKTIONARY_ONLY
LX-4551fd8673	lexeme	פִּתָּה	hewiktionary	SILVER	infinitive_vocalized	WIKTIONARY_ONLY
LX-d2b5581247	lexeme	פֻּתָּה	hewiktionary	SILVER	infinitive_vocalized|gloss_en	WIKTIONARY_ONLY
LX-8cf9461e2d	lexeme	פָּתָה	hewiktionary	SILVER	infinitive_vocalized	WIKTIONARY_ONLY
LX-6f7c2b0f82	lexeme	צִיֵּץ	hewiktionary	QUESTIONABLE	infinitive_vocalized	WIKTIONARY_ONLY
LX-316915cde5	lexeme	נוֹלַד	hewiktionary	SILVER	gloss_en	WIKTIONARY_ONLY
LX-11d209beca	lexeme	הִתְחָרֵשׁ	hewiktionary	SILVER	gloss_en	WIKTIONARY_ONLY
LX-c95ee3e90b	lexeme	רָד	hewiktionary	SILVER	gloss_en	WIKTIONARY_ONLY
LX-6483f88c0d	lexeme	הוֹלִיךְ	hewiktionary	QUESTIONABLE	infinitive_vocalized	WIKTIONARY_ONLY
LX-d985a10b5b	lexeme	הִתְגּוֹלֵל	hewiktionary	SILVER	gloss_en	WIKTIONARY_ONLY
LX-75de231387	lexeme	הִשְׁתּוֹמֵם	hewiktionary	SILVER	infinitive_vocalized|gloss_en	WIKTIONARY_ONLY
LX-a383999e28	lexeme	דָּץ	hewiktionary	SILVER	gloss_en	WIKTIONARY_ONLY
LX-c8511b6776	lexeme	מִמֵּשׁ	hewiktionary	SILVER	infinitive_vocalized	WIKTIONARY_ONLY
LX-000a71e8a7	lexeme	נָטַף	hewiktionary	SILVER	gloss_en	WIKTIONARY_ONLY
LX-8e20de150b	lexeme	הוֹחִיל	hewiktionary	SILVER	gloss_en	WIKTIONARY_ONLY
LX-35e55483e9	lexeme	הֵתֵז	hewiktionary	SILVER	gloss_en	WIKTIONARY_ONLY
LX-11e982568b	lexeme	נָשַׁס	hewiktionary	SILVER	gloss_en	WIKTIONARY_ONLY
LX-016bdfd17e	lexeme	לָאַט	hewiktionary	SILVER	infinitive_vocalized	WIKTIONARY_ONLY
LX-2bf3582352	lexeme	הִתְכַּרְכֵּם	hewiktionary	SILVER	gloss_en	WIKTIONARY_ONLY
LX-22a40d835c	lexeme	נִדָּה	hewiktionary	SILVER	infinitive_vocalized	WIKTIONARY_ONLY
LX-54f890529d	lexeme	הִתְעַתֵּד	hewiktionary	SILVER	infinitive_vocalized	WIKTIONARY_ONLY
LX-473e7aa7f1	lexeme	סַל	hewiktionary	SILVER	infinitive_vocalized|gloss_en	WIKTIONARY_ONLY
LX-ede9b6980d	lexeme	בִּרְמֵן	hewiktionary	SILVER	infinitive_vocalized	WIKTIONARY_ONLY
LX-bc97e4fdfb	lexeme	נִקֵּד	hewiktionary	SILVER	lemma_unvocalized|infinitive_vocalized|gloss_en	WIKTIONARY_ONLY
LX-b7b3d4dc7b	lexeme	אָרַר	hewiktionary	SILVER	infinitive_vocalized	WIKTIONARY_ONLY
LX-d92786ed04	lexeme	הֵילִיל	hewiktionary	SILVER	gloss_en	WIKTIONARY_ONLY
LX-f8a78b1436	lexeme	הִנָּה	hewiktionary	SILVER	gloss_en	WIKTIONARY_ONLY
LX-78db274276	lexeme	עִנָּה	hewiktionary	SILVER	infinitive_vocalized	WIKTIONARY_ONLY
LX-1b43f35788	lexeme	עֻנָּה	hewiktionary	SILVER	infinitive_vocalized|gloss_en	WIKTIONARY_ONLY
LX-65901fb26d	lexeme	סִנְגֵ	hewiktionary	QUESTIONABLE	infinitive_vocalized|gloss_en	WIKTIONARY_ONLY
LX-f7c8e8c4af	lexeme	כָּרַךְ	hewiktionary	SILVER	infinitive_vocalized|gloss_en	WIKTIONARY_ONLY
LX-9d298db02c	lexeme	שָׁאַר	hewiktionary	SILVER	infinitive_vocalized|gloss_en	WIKTIONARY_ONLY
LX-2d83d0e0c8	lexeme	הִתִּיז	hewiktionary	SILVER	gloss_en	WIKTIONARY_ONLY
LX-6d854a022d	lexeme	הֻפְסַק	hewiktionary	SILVER	infinitive_vocalized	WIKTIONARY_ONLY
LX-9ff9462c57	lexeme	הִתְאַלְמֵן	hewiktionary	SILVER	infinitive_vocalized	WIKTIONARY_ONLY
LX-4a4f91c404	lexeme	חָשַׁק	hewiktionary	SILVER	infinitive_vocalized	WIKTIONARY_ONLY
LX-97e325fa97	lexeme	חִשֵּׁק	hewiktionary	SILVER	infinitive_vocalized|gloss_en	WIKTIONARY_ONLY
LX-4150e9ca98	lexeme	חֻשַּׁק	hewiktionary	SILVER	infinitive_vocalized|gloss_en	WIKTIONARY_ONLY
LX-0ae0e9a7e6	lexeme	בִּעֵת	hewiktionary	SILVER	gloss_en	WIKTIONARY_ONLY
LX-6192b05613	lexeme	הִתְלַקַּח	hewiktionary	SILVER	infinitive_vocalized|gloss_en	WIKTIONARY_ONLY
LX-cef6869f5b	lexeme	בָּצַר	hewiktionary	SILVER	infinitive_vocalized	WIKTIONARY_ONLY
LX-49ab67176e	lexeme	בִּצֵּר	hewiktionary	SILVER	infinitive_vocalized	WIKTIONARY_ONLY
LX-daf49e6f72	lexeme	הִסְתּוֹפֵף	hewiktionary	SILVER	gloss_en	WIKTIONARY_ONLY
LX-77d99ff65d	lexeme	גָּדַשׁ	hewiktionary	SILVER	infinitive_vocalized|gloss_en	WIKTIONARY_ONLY
LX-a83b3a264c	lexeme	גָּדַר	hewiktionary	SILVER	gloss_en	WIKTIONARY_ONLY
LX-04231ca3b5	lexeme	גִּדֵּר	hewiktionary	SILVER	gloss_en	WIKTIONARY_ONLY
LX-8437c39c3b	lexeme	הֵנִיא	hewiktionary	SILVER	infinitive_vocalized	WIKTIONARY_ONLY
LX-419428d059	lexeme	קָמַל	hewiktionary	SILVER	infinitive_vocalized|gloss_en	WIKTIONARY_ONLY
LX-0acb35a65f	lexeme	הֻדְבַּק	hewiktionary	SILVER	infinitive_vocalized	WIKTIONARY_ONLY
LX-24eb7af26f	lexeme	יֵרֵא	hewiktionary	SILVER	gloss_en	WIKTIONARY_ONLY
LX-cb6496261b	lexeme	נָשַׁל	hewiktionary	SILVER	infinitive_vocalized|gloss_en	WIKTIONARY_ONLY
LX-65a2b0e964	lexeme	נִשֵּׁל	hewiktionary	SILVER	infinitive_vocalized|gloss_en	WIKTIONARY_ONLY
LX-a06d9babe1	lexeme	הִשִּׁיל	hewiktionary	SILVER	infinitive_vocalized|gloss_en	WIKTIONARY_ONLY
LX-27aab04646	lexeme	פָּזַז	hewiktionary	SILVER	gloss_en	WIKTIONARY_ONLY
LX-dcfce1c08f	lexeme	פִּזֵּז	hewiktionary	SILVER	infinitive_vocalized|gloss_en	WIKTIONARY_ONLY
LX-0e4055578f	lexeme	נָדוֹן	hewiktionary	SILVER	gloss_en	WIKTIONARY_ONLY
LX-2a3e35cd97	lexeme	בָּרָה	hewiktionary	SILVER	gloss_en	WIKTIONARY_ONLY
LX-c7f6bf32fa	lexeme	נֶהְפַּךְ	hewiktionary	SILVER	gloss_en	WIKTIONARY_ONLY
LX-8a1a2a07b9	lexeme	גִּבַּח	hewiktionary	SILVER	gloss_en	WIKTIONARY_ONLY
LX-4932d03a8f	lexeme	זָלַח	hewiktionary	SILVER	gloss_en	WIKTIONARY_ONLY
LX-2bd0718c92	lexeme	זִלַּח	hewiktionary	SILVER	gloss_en	WIKTIONARY_ONLY
LX-920755d5f1	lexeme	שִׁעֲשַׁע	hewiktionary	SILVER	infinitive_vocalized	WIKTIONARY_ONLY
LX-ca044dee40	lexeme	שָׁעֳשַׁע	hewiktionary	SILVER	infinitive_vocalized|gloss_en	WIKTIONARY_ONLY
LX-aeb392b931	lexeme	חָנַט	hewiktionary	SILVER	infinitive_vocalized	WIKTIONARY_ONLY
LX-32216f670d	lexeme	הִתְאַוָּה	hewiktionary	SILVER	infinitive_vocalized|gloss_en	WIKTIONARY_ONLY
LX-5ca17ec877	lexeme	רָפָה	hewiktionary	SILVER	infinitive_vocalized|gloss_en	WIKTIONARY_ONLY
LX-ae5cb1272e	lexeme	רִפָּה	hewiktionary	SILVER	infinitive_vocalized|gloss_en	WIKTIONARY_ONLY
LX-475e1133ae	lexeme	רֻפָּה	hewiktionary	SILVER	infinitive_vocalized|gloss_en	WIKTIONARY_ONLY
LX-64cf505fec	lexeme	נָכַס	hewiktionary	SILVER	infinitive_vocalized|gloss_en	WIKTIONARY_ONLY
LX-b7fb63436d	lexeme	תִּחְמֵן	hewiktionary	SILVER	infinitive_vocalized	WIKTIONARY_ONLY
LX-77b0ccbe74	lexeme	יָעָה	hewiktionary	SILVER	infinitive_vocalized|gloss_en	WIKTIONARY_ONLY
LX-5eeef4fb61	lexeme	טֹב	hewiktionary	SILVER	gloss_en	WIKTIONARY_ONLY
LX-a40368b6cd	lexeme	הִתְדַּפֵּק	hewiktionary	SILVER	gloss_en	WIKTIONARY_ONLY
LX-a38ed990e7	lexeme	קָצַץ	hewiktionary	SILVER	infinitive_vocalized|gloss_en	WIKTIONARY_ONLY
LX-25763c32aa	lexeme	קִצֵּץ	hewiktionary	SILVER	gloss_en	WIKTIONARY_ONLY
LX-3ea8f34a03	lexeme	קֻצַּץ	hewiktionary	SILVER	infinitive_vocalized|gloss_en	WIKTIONARY_ONLY
LX-a29f1e280c	lexeme	הוּשַׁר	hewiktionary	SILVER	infinitive_vocalized|gloss_en	WIKTIONARY_ONLY
LX-fe46456d22	lexeme	נָסוֹג	hewiktionary	SILVER	infinitive_vocalized|gloss_en	WIKTIONARY_ONLY
LX-b17c3bdc42	lexeme	הוֹאִיל	hewiktionary	SILVER	infinitive_vocalized|gloss_en	WIKTIONARY_ONLY
LX-1945407efd	lexeme	שִֹבֵּר	hewiktionary	QUESTIONABLE	lemma_unvocalized|infinitive_vocalized|gloss_en	WIKTIONARY_ONLY
LX-49c7ff3bf5	lexeme	צִחֵק	hewiktionary	SILVER	gloss_en	WIKTIONARY_ONLY
LX-b0494f6979	lexeme	טָרַם	hewiktionary	SILVER	infinitive_vocalized|gloss_en	WIKTIONARY_ONLY
LX-42b27b48e4	lexeme	נָד	hewiktionary	SILVER	gloss_en	WIKTIONARY_ONLY
LX-4eee71a503	lexeme	הִתְנוֹדֵד	hewiktionary	QUESTIONABLE	gloss_en	WIKTIONARY_ONLY
LX-2680608423	lexeme	נָהַק	hewiktionary	SILVER	infinitive_vocalized|gloss_en	WIKTIONARY_ONLY
LX-d38b40df5c	lexeme	הֵנִיד	hewiktionary	SILVER	gloss_en	WIKTIONARY_ONLY
LX-3d9a3706db	lexeme	גִּפֵּף	hewiktionary	SILVER	infinitive_vocalized|gloss_en	WIKTIONARY_ONLY
LX-b005523e2e	lexeme	גֻּפַּף	hewiktionary	SILVER	infinitive_vocalized|gloss_en	WIKTIONARY_ONLY
LX-6bebeec24c	lexeme	נָאַק	hewiktionary	SILVER	infinitive_vocalized	WIKTIONARY_ONLY
LX-c3bcb7e643	lexeme	יָזַם	hewiktionary	SILVER	infinitive_vocalized	WIKTIONARY_ONLY
LX-ff28f68220	lexeme	מָחַט	hewiktionary	SILVER	lemma_unvocalized|infinitive_vocalized|gloss_en	WIKTIONARY_ONLY
LX-e78df1f55e	lexeme	מֵרֵק	hewiktionary	SILVER	lemma_unvocalized|infinitive_vocalized	WIKTIONARY_ONLY
LX-50bbf76633	lexeme	מָרַק	hewiktionary	SILVER	lemma_unvocalized|infinitive_vocalized|gloss_en	WIKTIONARY_ONLY
LX-7bdd45be47	lexeme	מִסְגֵּר	hewiktionary	SILVER	lemma_unvocalized|infinitive_vocalized	WIKTIONARY_ONLY
LX-c0c36e741b	lexeme	טִלֵּף	hewiktionary	SILVER	infinitive_vocalized|gloss_en	WIKTIONARY_ONLY
LX-d1cc6fe64c	lexeme	צָג	hewiktionary	SILVER	infinitive_vocalized	WIKTIONARY_ONLY
LX-a1f91652ea	lexeme	חִצֵּר	hewiktionary	SILVER	infinitive_vocalized	WIKTIONARY_ONLY
LX-76e7a20c07	lexeme	הִתְרַצָה	hewiktionary	SILVER	infinitive_vocalized	WIKTIONARY_ONLY
LX-57e3588448	lexeme	זִמְזֵם	hewiktionary	SILVER	infinitive_vocalized	WIKTIONARY_ONLY
LX-6df64c0213	lexeme	קַר	hewiktionary	SILVER	infinitive_vocalized|gloss_en	WIKTIONARY_ONLY
LX-d0976d35e2	lexeme	סִוֵּג	hewiktionary	SILVER	infinitive_vocalized	WIKTIONARY_ONLY
LX-08ead51299	lexeme	זוֹרֵר	hewiktionary	SILVER	infinitive_vocalized|gloss_en	WIKTIONARY_ONLY
LX-d8c485053f	lexeme	הִצִּיג	hewiktionary	SILVER	gloss_en	WIKTIONARY_ONLY
LX-2a3104003c	lexeme	הִתְקַבֵּץ	hewiktionary	SILVER	infinitive_vocalized|gloss_en	WIKTIONARY_ONLY
LX-8e4cb79342	lexeme	נָטַר	hewiktionary	SILVER	gloss_en	WIKTIONARY_ONLY
LX-b0f2703e2a	lexeme	נִכֵּשׁ	hewiktionary	SILVER	infinitive_vocalized	WIKTIONARY_ONLY
LX-eeb5a10e05	lexeme	נֻכַּשׁ	hewiktionary	SILVER	infinitive_vocalized	WIKTIONARY_ONLY
LX-c67768ea1e	lexeme	עוֹלֵל	hewiktionary	SILVER	infinitive_vocalized|gloss_en	WIKTIONARY_ONLY
LX-bd1a802f7d	lexeme	עָנַק	hewiktionary	SILVER	infinitive_vocalized|gloss_en	WIKTIONARY_ONLY
LX-e993860304	lexeme	מָעַד	hewiktionary	SILVER	infinitive_vocalized	WIKTIONARY_ONLY
LX-50ef95f0eb	lexeme	קִוֵּץ	hewiktionary	QUESTIONABLE	infinitive_vocalized|gloss_en	WIKTIONARY_ONLY
LX-d937a2fa08	lexeme	שִׁלֵּשׁ	hewiktionary	SILVER	gloss_en	WIKTIONARY_ONLY
LX-5a82ad03c3	lexeme	שֻׁלַּשׁ	hewiktionary	SILVER	infinitive_vocalized|gloss_en	WIKTIONARY_ONLY
LX-c6210d19e1	lexeme	גֻּנָּה	hewiktionary	SILVER	infinitive_vocalized|gloss_en	WIKTIONARY_ONLY
LX-e0d727684e	lexeme	כָּח	hewiktionary	SILVER	infinitive_vocalized	WIKTIONARY_ONLY
LX-752d362230	lexeme	נִשְׁתַּק	hewiktionary	SILVER	gloss_en	WIKTIONARY_ONLY
LX-dc529e6500	lexeme	הִשְׁתַּתֵּק	hewiktionary	SILVER	gloss_en	WIKTIONARY_ONLY
LX-89801f30a3	lexeme	תָּעַר	hewiktionary	SILVER	infinitive_vocalized|gloss_en	WIKTIONARY_ONLY
LX-9777d160a2	lexeme	תִּעֵר	hewiktionary	SILVER	infinitive_vocalized|gloss_en	WIKTIONARY_ONLY
LX-5e660f2389	lexeme	הִתְעַלֵּק	hewiktionary	SILVER	gloss_en	WIKTIONARY_ONLY
LX-fcb9cca484	lexeme	רָעַשׁ	hewiktionary	SILVER	infinitive_vocalized|gloss_en	WIKTIONARY_ONLY
LX-662da97047	lexeme	שִׁכֵּחַ	hewiktionary	SILVER	infinitive_vocalized|gloss_en	WIKTIONARY_ONLY
LX-ce1df35103	lexeme	אִלֵּם	hewiktionary	SILVER	infinitive_vocalized	WIKTIONARY_ONLY
LX-3cc0d55a4c	lexeme	נָחַת	hewiktionary	SILVER	infinitive_vocalized	WIKTIONARY_ONLY
LX-2e1f16f179	lexeme	הִתְפַלֵּחַ	hewiktionary	SILVER	infinitive_vocalized	WIKTIONARY_ONLY
LX-90f7e3668e	lexeme	גָּעָה	hewiktionary	SILVER	infinitive_vocalized|gloss_en	WIKTIONARY_ONLY
LX-fd08b264d3	lexeme	הָדַף	hewiktionary	SILVER	infinitive_vocalized|gloss_en	WIKTIONARY_ONLY
LX-beccb36bf8	lexeme	הִדֵּף	hewiktionary	SILVER	infinitive_vocalized|gloss_en	WIKTIONARY_ONLY
LX-9b685ef8d5	lexeme	הֻטָּה	hewiktionary	SILVER	infinitive_vocalized|gloss_en	WIKTIONARY_ONLY
LX-0698255036	lexeme	נָבַר	hewiktionary	SILVER	gloss_en	WIKTIONARY_ONLY
LX-21b2515d1d	lexeme	נָבַר	hewiktionary	SILVER	infinitive_vocalized|gloss_en	WIKTIONARY_ONLY
LX-461c9f230b	lexeme	נוֹשַׁב	hewiktionary	SILVER	gloss_en	WIKTIONARY_ONLY
LX-5b8dc83a07	lexeme	נָגֹל	hewiktionary	SILVER	gloss_en	WIKTIONARY_ONLY
LX-dfe6c77772	lexeme	נִטָּה	hewiktionary	SILVER	gloss_en	WIKTIONARY_ONLY
LX-589398857c	lexeme	נָמַד	hewiktionary	SILVER	gloss_en	WIKTIONARY_ONLY
LX-4e6bedbebc	lexeme	לָקַט	hewiktionary	SILVER	infinitive_vocalized|gloss_en	WIKTIONARY_ONLY
LX-7d8d44f976	lexeme	לִקֵּט	hewiktionary	SILVER	infinitive_vocalized|gloss_en	WIKTIONARY_ONLY
LX-dda0e16a59	lexeme	לֻקַּט	hewiktionary	SILVER	infinitive_vocalized|gloss_en	WIKTIONARY_ONLY
LX-03339f285e	lexeme	נָב	hewiktionary	SILVER	infinitive_vocalized|gloss_en	WIKTIONARY_ONLY
LX-de1e0feea3	lexeme	הָרַס	hewiktionary	SILVER	infinitive_vocalized	WIKTIONARY_ONLY
LX-644b8370ca	lexeme	הֵרֵס	hewiktionary	SILVER	infinitive_vocalized|gloss_en	WIKTIONARY_ONLY
LX-5058369aa9	lexeme	כָּל	hewiktionary	SILVER	infinitive_vocalized|gloss_en	WIKTIONARY_ONLY
LX-66941389d0	lexeme	הִתְמוֹלֵל	hewiktionary	SILVER	infinitive_vocalized	WIKTIONARY_ONLY
LX-2ef2a3a31b	lexeme	פַּס	hewiktionary	SILVER	infinitive_vocalized	WIKTIONARY_ONLY
LX-84c550598d	lexeme	נִאֵף	hewiktionary	SILVER	infinitive_vocalized|gloss_en	WIKTIONARY_ONLY
LX-d6638c8ede	lexeme	טָלַא	hewiktionary	SILVER	infinitive_vocalized|gloss_en	WIKTIONARY_ONLY
LX-50746e8f81	lexeme	טִלֵּא	hewiktionary	SILVER	infinitive_vocalized|gloss_en	WIKTIONARY_ONLY
LX-e7f6ce89c7	lexeme	הִתְעוֹדֵד	hewiktionary	SILVER	infinitive_vocalized|gloss_en	WIKTIONARY_ONLY
LX-943a15fb32	lexeme	תִּוֵּךְ	hewiktionary	SILVER	infinitive_vocalized	WIKTIONARY_ONLY
LX-844b8ad260	lexeme	דָּגַר	hewiktionary	SILVER	infinitive_vocalized	WIKTIONARY_ONLY
LX-be255996a1	lexeme	עָרַם	hewiktionary	SILVER	infinitive_vocalized	WIKTIONARY_ONLY
LX-90edbd6a1e	lexeme	קִרְצֵף	hewiktionary	SILVER	infinitive_vocalized	WIKTIONARY_ONLY
LX-25ce6b5d64	lexeme	תִּפֵּר	hewiktionary	SILVER	infinitive_vocalized|gloss_en	WIKTIONARY_ONLY
LX-bc1059121a	lexeme	שׁוֹרֵר	hewiktionary	QUESTIONABLE	infinitive_vocalized|gloss_en	WIKTIONARY_ONLY
LX-d75ac86a36	lexeme	מָעַט	hewiktionary	SILVER	infinitive_vocalized|gloss_en	WIKTIONARY_ONLY
LX-2774bf6fc3	lexeme	מִעֵט	hewiktionary	SILVER	infinitive_vocalized|gloss_en	WIKTIONARY_ONLY
LX-959869f94b	lexeme	מֻעַט	hewiktionary	SILVER	infinitive_vocalized|gloss_en	WIKTIONARY_ONLY
LX-a59c401dfe	lexeme	הָלַם	hewiktionary	SILVER	infinitive_vocalized	WIKTIONARY_ONLY
LX-1239e8839a	lexeme	נִקְוָה	hewiktionary	SILVER	gloss_en	WIKTIONARY_ONLY
LX-c8dfbd7823	lexeme	נָצָה	hewiktionary	SILVER	infinitive_vocalized|gloss_en	WIKTIONARY_ONLY
LX-3c59cc9776	lexeme	נִצָּה	hewiktionary	QUESTIONABLE	infinitive_vocalized|gloss_en	WIKTIONARY_ONLY
LX-28debcf2e2	lexeme	נִצָּה	hewiktionary	QUESTIONABLE	infinitive_vocalized|gloss_en	WIKTIONARY_ONLY
LX-12b5161651	lexeme	דָּהַר	hewiktionary	SILVER	infinitive_vocalized	WIKTIONARY_ONLY
LX-018abf1da5	lexeme	דִּהֵר	hewiktionary	SILVER	infinitive_vocalized|gloss_en	WIKTIONARY_ONLY
LX-202700cfce	lexeme	טִבְעֵן	hewiktionary	SILVER	infinitive_vocalized|gloss_en	WIKTIONARY_ONLY
LX-e7fceca1ff	lexeme	נִצּוֹד	hewiktionary	SILVER	infinitive_vocalized|gloss_en	WIKTIONARY_ONLY
LX-d68c7191e9	lexeme	עִדֵּן	hewiktionary	SILVER	infinitive_vocalized|gloss_en	WIKTIONARY_ONLY
LX-4fcf5c1d32	lexeme	הִתְלוֹצֵץ	hewiktionary	SILVER	gloss_en	WIKTIONARY_ONLY
LX-7600fa6fa0	lexeme	חִזֵּן	hewiktionary	SILVER	infinitive_vocalized	WIKTIONARY_ONLY
LX-c501b7f2b3	lexeme	פָּג	hewiktionary	SILVER	infinitive_vocalized	WIKTIONARY_ONLY
LX-24d1f53e15	lexeme	הִצְטַנֵּף	hewiktionary	SILVER	infinitive_vocalized	WIKTIONARY_ONLY
LX-e75b2841c6	lexeme	הִסְתַּלְבֵּט	hewiktionary	SILVER	infinitive_vocalized|gloss_en	WIKTIONARY_ONLY
LX-4a13629343	lexeme	הִסְתּוֹדֵד	hewiktionary	SILVER	gloss_en	WIKTIONARY_ONLY
LX-98e57a7ffd	lexeme	עָת	hewiktionary	SILVER	infinitive_vocalized|gloss_en	WIKTIONARY_ONLY
LX-968401e79f	lexeme	שׁוֹבֵב	hewiktionary	SILVER	infinitive_vocalized	WIKTIONARY_ONLY
LX-977ae56e79	lexeme	שׁוֹבַב	hewiktionary	SILVER	infinitive_vocalized|gloss_en	WIKTIONARY_ONLY
LX-a25799ed65	lexeme	הֵצִיף	hewiktionary	SILVER	infinitive_vocalized	WIKTIONARY_ONLY
LX-20712c16e7	lexeme	הִסְעִיר	hewiktionary	SILVER	infinitive_vocalized	WIKTIONARY_ONLY
LX-4effc79928	lexeme	קָנַס	hewiktionary	SILVER	infinitive_vocalized	WIKTIONARY_ONLY
LX-eed6bf1ed0	lexeme	כָּנַס	hewiktionary	SILVER	lemma_unvocalized|gloss_en	WIKTIONARY_ONLY
LX-f00bfd179b	lexeme	נִגֵּ	hewiktionary	QUESTIONABLE	infinitive_vocalized	WIKTIONARY_ONLY
LX-3f42f9cd8d	lexeme	לִבָּה	hewiktionary	SILVER	infinitive_vocalized	WIKTIONARY_ONLY
LX-f2cf70d14a	lexeme	שָׂכַר	hewiktionary	SILVER	infinitive_vocalized	WIKTIONARY_ONLY
LX-bc03d2e086	lexeme	שָׁכַר	hewiktionary	SILVER	infinitive_vocalized|gloss_en	WIKTIONARY_ONLY
LX-bba62d2916	lexeme	שִׁכֵּר	hewiktionary	SILVER	infinitive_vocalized	WIKTIONARY_ONLY
LX-c9fb341c5e	lexeme	פָּכַר	hewiktionary	SILVER	infinitive_vocalized|gloss_en	WIKTIONARY_ONLY
LX-434a323923	lexeme	פָּקַק	hewiktionary	SILVER	infinitive_vocalized	WIKTIONARY_ONLY
LX-45f580b597	lexeme	כִּפְכֵּף	hewiktionary	SILVER	infinitive_vocalized	WIKTIONARY_ONLY
LX-42e36bc3bd	lexeme	אִלְמֵן	hewiktionary	SILVER	infinitive_vocalized|gloss_en	WIKTIONARY_ONLY
LX-eade514aa8	lexeme	כָּבַל	hewiktionary	SILVER	infinitive_vocalized	WIKTIONARY_ONLY
LX-b1d1c4583c	lexeme	רִתָּה	hewiktionary	SILVER	infinitive_vocalized|gloss_en	WIKTIONARY_ONLY
LX-739607a148	lexeme	אִמְלֵל	hewiktionary	SILVER	infinitive_vocalized	WIKTIONARY_ONLY
LX-8a1c8f00aa	lexeme	חָסַךְ	hewiktionary	SILVER	infinitive_vocalized|gloss_en	WIKTIONARY_ONLY
LX-8dbd20c2de	lexeme	חִסֵּךְ	hewiktionary	SILVER	infinitive_vocalized|gloss_en	WIKTIONARY_ONLY
LX-5bd0a836ed	lexeme	הוּנַף	hewiktionary	SILVER	infinitive_vocalized	WIKTIONARY_ONLY
LX-7ad6473c67	lexeme	הִוֵּן	hewiktionary	SILVER	infinitive_vocalized|gloss_en	WIKTIONARY_ONLY
LX-78cecf9170	lexeme	נָשֹׁם	hewiktionary	SILVER	infinitive_vocalized	WIKTIONARY_ONLY
LX-6c439996fa	lexeme	נִשָּׁם	hewiktionary	SILVER	infinitive_vocalized|gloss_en	WIKTIONARY_ONLY
LX-ab4d5ac21a	lexeme	הִתְעַטֵּשׁ	hewiktionary	SILVER	infinitive_vocalized	WIKTIONARY_ONLY
LX-a751838a3b	lexeme	רִסֵּק	hewiktionary	SILVER	infinitive_vocalized	WIKTIONARY_ONLY
LX-6bb5c4fab6	lexeme	דֻּקַּר	hewiktionary	SILVER	infinitive_vocalized|gloss_en	WIKTIONARY_ONLY
LX-1c64e1db73	lexeme	הִלְשִׁין	hewiktionary	SILVER	infinitive_vocalized	WIKTIONARY_ONLY
LX-ef6951828e	lexeme	הִגְעִיל	hewiktionary	SILVER	infinitive_vocalized	WIKTIONARY_ONLY
LX-a6eaf02629	lexeme	זָע	hewiktionary	SILVER	infinitive_vocalized|gloss_en	WIKTIONARY_ONLY
LX-5cb92fd753	lexeme	וְדוֹק	hewiktionary	SILVER	infinitive_vocalized	WIKTIONARY_ONLY
LX-b77f3d9266	lexeme	שָׂרָה	hewiktionary	SILVER	infinitive_vocalized|gloss_en	WIKTIONARY_ONLY
LX-06ead13e36	lexeme	שָׁרָה	hewiktionary	SILVER	infinitive_vocalized	WIKTIONARY_ONLY
LX-b3eb7c1bbc	lexeme	טָמֵא	hewiktionary	SILVER	infinitive_vocalized	WIKTIONARY_ONLY
LX-96d64c3ccb	lexeme	נֶאֱלַם	hewiktionary	SILVER	infinitive_vocalized	WIKTIONARY_ONLY
LX-037981b2f1	lexeme	הִתְפַּרְפֵּר	hewiktionary	SILVER	infinitive_vocalized|gloss_en	WIKTIONARY_ONLY
LX-fa3c98e1b4	lexeme	חֻסַּן	hewiktionary	SILVER	infinitive_vocalized	WIKTIONARY_ONLY
LX-31fdace26a	lexeme	כָּהָה	hewiktionary	SILVER	infinitive_vocalized	WIKTIONARY_ONLY
LX-e20b76dcaa	lexeme	כִּהָה	hewiktionary	SILVER	infinitive_vocalized|gloss_en	WIKTIONARY_ONLY
LX-3bb685e941	lexeme	נָסַק	hewiktionary	SILVER	lemma_unvocalized|gloss_en	WIKTIONARY_ONLY
LX-dc6958424d	lexeme	מָשָׁה	hewiktionary	SILVER	infinitive_vocalized	WIKTIONARY_ONLY
LX-556d52e787	lexeme	דִּלָּה	hewiktionary	SILVER	infinitive_vocalized|gloss_en	WIKTIONARY_ONLY
LX-bb92ad8212	lexeme	שָׁמֵם	hewiktionary	SILVER	infinitive_vocalized|gloss_en	WIKTIONARY_ONLY
LX-0dacca9e7a	lexeme	הִתְחַתֵּן	hewiktionary	SILVER	infinitive_vocalized	WIKTIONARY_ONLY
LX-37ecdb3fec	lexeme	נֵאַר	hewiktionary	SILVER	gloss_en	WIKTIONARY_ONLY
LX-6f5747b435	lexeme	נִאֵר	hewiktionary	SILVER	infinitive_vocalized|gloss_en	WIKTIONARY_ONLY
LX-02c16b7bbe	lexeme	נִטּוֹחַ	hewiktionary	SILVER	gloss_en	WIKTIONARY_ONLY
LX-fd72d9008a	lexeme	סִגֵּר	hewiktionary	SILVER	gloss_en	WIKTIONARY_ONLY
LX-65a8e4727b	lexeme	סֻגַּר	hewiktionary	SILVER	infinitive_vocalized|gloss_en	WIKTIONARY_ONLY
LX-6f176e0b2c	lexeme	נוֹסַד	hewiktionary	SILVER	infinitive_vocalized|gloss_en	WIKTIONARY_ONLY
LX-f039abacea	lexeme	הוּמַם	hewiktionary	SILVER	infinitive_vocalized|gloss_en	WIKTIONARY_ONLY
LX-45117a3943	lexeme	הוּמַּם	hewiktionary	SILVER	infinitive_vocalized|gloss_en	WIKTIONARY_ONLY
LX-e9b38efd9a	lexeme	הִסִּית	hewiktionary	SILVER	infinitive_vocalized	WIKTIONARY_ONLY
LX-32a3a905d1	lexeme	הוּפַר	hewiktionary	SILVER	infinitive_vocalized|gloss_en	WIKTIONARY_ONLY
LX-7d52ae2c4d	lexeme	הוּקַל	hewiktionary	SILVER	infinitive_vocalized|gloss_en	WIKTIONARY_ONLY
LX-05eb202067	lexeme	נָזוֹר	hewiktionary	SILVER	infinitive_vocalized|gloss_en	WIKTIONARY_ONLY
LX-70b25855b2	lexeme	בִּדָּה	hewiktionary	SILVER	gloss_en	WIKTIONARY_ONLY
LX-95858e8ae0	lexeme	קָשָׁה	hewiktionary	SILVER	infinitive_vocalized|gloss_en	WIKTIONARY_ONLY
LX-ebe6399db9	lexeme	קִשָּׁה	hewiktionary	SILVER	infinitive_vocalized|gloss_en	WIKTIONARY_ONLY
LX-e9c2da2a65	lexeme	קֻשָּׁה	hewiktionary	SILVER	infinitive_vocalized|gloss_en	WIKTIONARY_ONLY
LX-827a9b203b	lexeme	הֵטֵן	hewiktionary	SILVER	infinitive_vocalized|gloss_en	WIKTIONARY_ONLY
LX-1150a9cb62	lexeme	הִתְגּוֹנֵן	hewiktionary	SILVER	gloss_en	WIKTIONARY_ONLY
LX-2c4e4ea52a	lexeme	טִרְפֵּד	hewiktionary	SILVER	infinitive_vocalized	WIKTIONARY_ONLY
LX-7f24113cfd	lexeme	טֻרְפַּד	hewiktionary	SILVER	infinitive_vocalized	WIKTIONARY_ONLY
LX-196c37637c	lexeme	גָּמַז	hewiktionary	SILVER	infinitive_vocalized|gloss_en	WIKTIONARY_ONLY
LX-1261cf5971	lexeme	גִּמֵּז	hewiktionary	SILVER	infinitive_vocalized|gloss_en	WIKTIONARY_ONLY
LX-47d1ab4b74	lexeme	מוֹדֵד	hewiktionary	SILVER	gloss_en	WIKTIONARY_ONLY
LX-08a99b0a79	lexeme	בָּלַל	hewiktionary	SILVER	gloss_en	WIKTIONARY_ONLY
LX-80828f4c19	lexeme	נִגְמַז	hewiktionary	SILVER	infinitive_vocalized|gloss_en	WIKTIONARY_ONLY
LX-ce03606226	lexeme	גִּרְגֵּר	hewiktionary	SILVER	infinitive_vocalized	WIKTIONARY_ONLY
LX-3b8b7bb0d1	lexeme	עִפְעֵף	hewiktionary	SILVER	lemma_unvocalized|infinitive_vocalized|gloss_en	WIKTIONARY_ONLY
LX-35ea9cf445	lexeme	הִתְּבַּנְזֵג	hewiktionary	SILVER	infinitive_vocalized	WIKTIONARY_ONLY
LX-7f4b550583	lexeme	חַת	hewiktionary	SILVER	lemma_unvocalized|infinitive_vocalized|gloss_en	WIKTIONARY_ONLY
LX-57abfa1c4b	lexeme	הִצְטָרֵד	hewiktionary	SILVER	infinitive_vocalized|gloss_en	WIKTIONARY_ONLY
LX-d720038497	lexeme	כִּמֵּת	hewiktionary	SILVER	infinitive_vocalized	WIKTIONARY_ONLY
LX-fc2c9b0e05	lexeme	הִזְדַּנְגֵּף	hewiktionary	SILVER	infinitive_vocalized|gloss_en	WIKTIONARY_ONLY
LX-70550ad735	lexeme	עָנַד	hewiktionary	SILVER	infinitive_vocalized|gloss_en	WIKTIONARY_ONLY
LX-30724c6b39	lexeme	הִמְטִיר	hewiktionary	SILVER	infinitive_vocalized	WIKTIONARY_ONLY
LX-7ae7dbd4b2	lexeme	קִפֵּד	hewiktionary	SILVER	infinitive_vocalized|gloss_en	WIKTIONARY_ONLY
LX-fa718f1538	lexeme	קֻפַּד	hewiktionary	SILVER	infinitive_vocalized|gloss_en	WIKTIONARY_ONLY
LX-4a2ba928b2	lexeme	וִתֵּר	hewiktionary	SILVER	infinitive_vocalized	WIKTIONARY_ONLY
LX-8173a362e7	lexeme	תָּרַע	hewiktionary	SILVER	infinitive_vocalized|gloss_en	WIKTIONARY_ONLY
LX-47953f977b	lexeme	הִתְרַעֵל	hewiktionary	SILVER	gloss_en	WIKTIONARY_ONLY
LX-b44ce608f3	lexeme	לִטֵּן	hewiktionary	SILVER	infinitive_vocalized	WIKTIONARY_ONLY
LX-9f8735eb3f	lexeme	הִתְלַקֵּט	hewiktionary	SILVER	infinitive_vocalized|gloss_en	WIKTIONARY_ONLY
LX-1e58b5aabf	lexeme	הֵרִיק	hewiktionary	SILVER	infinitive_vocalized|gloss_en	WIKTIONARY_ONLY
LX-d4d982b4ae	lexeme	רָדַף	hewiktionary	SILVER	infinitive_vocalized	WIKTIONARY_ONLY
LX-bc7f3424a5	lexeme	רִדֵּף	hewiktionary	SILVER	infinitive_vocalized|gloss_en	WIKTIONARY_ONLY
LX-932db801ca	lexeme	הִתְנוֹסֵס	hewiktionary	SILVER	infinitive_vocalized|gloss_en	WIKTIONARY_ONLY
LX-3040ef9b22	lexeme	גִּדֵּף	hewiktionary	SILVER	infinitive_vocalized	WIKTIONARY_ONLY
LX-6a7921d8e4	lexeme	פָּזַם	hewiktionary	SILVER	infinitive_vocalized	WIKTIONARY_ONLY
LX-804a434214	lexeme	פִּזֵּם	hewiktionary	SILVER	infinitive_vocalized|gloss_en	WIKTIONARY_ONLY
LX-c0eea18508	lexeme	עָלַץ	hewiktionary	SILVER	infinitive_vocalized|gloss_en	WIKTIONARY_ONLY
LX-ed8a4d68ec	lexeme	רָחַשׁ	hewiktionary	SILVER	infinitive_vocalized|gloss_en	WIKTIONARY_ONLY
LX-4c0722a014	lexeme	דּוֹבֵב	hewiktionary	SILVER	infinitive_vocalized	WIKTIONARY_ONLY
LX-431f38f42d	lexeme	כָּסָה	hewiktionary	SILVER	lemma_unvocalized|infinitive_vocalized|gloss_en	WIKTIONARY_ONLY
LX-9a893fd19e	lexeme	עָרַף	hewiktionary	SILVER	infinitive_vocalized	WIKTIONARY_ONLY
LX-1201ec8b24	lexeme	חָלַץ	hewiktionary	SILVER	infinitive_vocalized|gloss_en	WIKTIONARY_ONLY
LX-f81c8dbf3a	lexeme	חִלֵּץ	hewiktionary	SILVER	infinitive_vocalized|gloss_en	WIKTIONARY_ONLY
LX-c39004d8f9	lexeme	חָצַץ	hewiktionary	SILVER	infinitive_vocalized|gloss_en	WIKTIONARY_ONLY
LX-067d33f9a4	lexeme	חֻצָּץ	hewiktionary	SILVER	infinitive_vocalized|gloss_en	WIKTIONARY_ONLY
LX-2e24d9134c	lexeme	מִעֵךְ	hewiktionary	SILVER	infinitive_vocalized|gloss_en	WIKTIONARY_ONLY
LX-76ce1005b0	lexeme	צָרַר	hewiktionary	QUESTIONABLE	gloss_en	WIKTIONARY_ONLY
LX-7d0a7b863f	lexeme	שָׁוָה	hewiktionary	SILVER	infinitive_vocalized|gloss_en	WIKTIONARY_ONLY
LX-ac61034613	lexeme	שִׁוָּה	hewiktionary	SILVER	infinitive_vocalized|gloss_en	WIKTIONARY_ONLY
LX-dc5678b985	lexeme	סָרַק	hewiktionary	SILVER	infinitive_vocalized	WIKTIONARY_ONLY
LX-fce402d549	lexeme	סֵרֵק	hewiktionary	SILVER	infinitive_vocalized|gloss_en	WIKTIONARY_ONLY
LX-998ff85fb1	lexeme	זִיֵּף	hewiktionary	SILVER	infinitive_vocalized	WIKTIONARY_ONLY
LX-70b60a8062	lexeme	מָט	hewiktionary	SILVER	infinitive_vocalized|gloss_en	WIKTIONARY_ONLY
LX-220cd0685c	lexeme	הִתְאַפֵּק	hewiktionary	SILVER	infinitive_vocalized|gloss_en	WIKTIONARY_ONLY
LX-77aa54e57b	lexeme	קָדַר	hewiktionary	SILVER	infinitive_vocalized|gloss_en	WIKTIONARY_ONLY
LX-1343f444e3	lexeme	אָטַר	hewiktionary	SILVER	infinitive_vocalized|gloss_en	WIKTIONARY_ONLY
LX-e785081f63	lexeme	הֵצֵר	hewiktionary	SILVER	gloss_en	WIKTIONARY_ONLY
LX-0a9322e123	lexeme	שִׁסֵּעַ	hewiktionary	SILVER	infinitive_vocalized|gloss_en	WIKTIONARY_ONLY
LX-065f7adff5	lexeme	צָרַף	hewiktionary	SILVER	lemma_unvocalized|infinitive_vocalized|gloss_en	WIKTIONARY_ONLY
LX-24013b753f	lexeme	פִּסֵּג	hewiktionary	SILVER	infinitive_vocalized|gloss_en	WIKTIONARY_ONLY
LX-1ea480e132	lexeme	סִיֵּג	hewiktionary	SILVER	infinitive_vocalized|gloss_en	WIKTIONARY_ONLY
LX-6a9e9e4866	lexeme	נָפוֹץ	hewiktionary	SILVER	infinitive_vocalized|gloss_en	WIKTIONARY_ONLY
LX-37925960b8	lexeme	נָפַץ	hewiktionary	SILVER	infinitive_vocalized|gloss_en	WIKTIONARY_ONLY
LX-58a94a0154	lexeme	פִּזֵר	hewiktionary	SILVER	infinitive_vocalized|gloss_en	WIKTIONARY_ONLY
LX-436bdf2e54	lexeme	פֻּזַּר	hewiktionary	SILVER	infinitive_vocalized|gloss_en	WIKTIONARY_ONLY
LX-d151dc5200	lexeme	הִתְבַּדֵר	hewiktionary	SILVER	infinitive_vocalized|gloss_en	WIKTIONARY_ONLY
LX-dde76fb714	lexeme	הִדְלָה	hewiktionary	SILVER	infinitive_vocalized|gloss_en	WIKTIONARY_ONLY
LX-fa8785a968	lexeme	הֻמְלַח	hewiktionary	SILVER	infinitive_vocalized|gloss_en	WIKTIONARY_ONLY
LX-0de0fe2c19	lexeme	חָמַק	hewiktionary	SILVER	infinitive_vocalized|gloss_en	WIKTIONARY_ONLY
LX-e8801d5939	lexeme	צָדָה	hewiktionary	SILVER	infinitive_vocalized|gloss_en	WIKTIONARY_ONLY
LX-4b53fba61b	lexeme	רמז	hewiktionary	SILVER	infinitive_vocalized|gloss_en	WIKTIONARY_ONLY
LX-4abe60193e	lexeme	שִׁוֵּעַ	hewiktionary	SILVER	infinitive_vocalized|gloss_en	WIKTIONARY_ONLY
LX-3c60643a87	lexeme	הִשְׁבִּיחַ	hewiktionary	SILVER	infinitive_vocalized	WIKTIONARY_ONLY
LX-6e4dc9cebe	lexeme	סָרַג	hewiktionary	SILVER	infinitive_vocalized	WIKTIONARY_ONLY
LX-5669c2eec9	lexeme	נִמּוֹחַ	hewiktionary	SILVER	infinitive_vocalized|gloss_en	WIKTIONARY_ONLY
LX-dbdd2b16bd	lexeme	פִִּטֵּם	hewiktionary	SILVER	infinitive_vocalized|gloss_en	WIKTIONARY_ONLY
LX-71bb739a50	lexeme	גָּרַס	hewiktionary	SILVER	infinitive_vocalized	WIKTIONARY_ONLY
LX-9b0e31a245	lexeme	שָׁנַן	hewiktionary	SILVER	infinitive_vocalized	WIKTIONARY_ONLY
LX-476a8333df	lexeme	שִׁנֵּן	hewiktionary	SILVER	infinitive_vocalized|gloss_en	WIKTIONARY_ONLY
LX-c71a81d9e4	lexeme	רָצַע	hewiktionary	SILVER	infinitive_vocalized	WIKTIONARY_ONLY
LX-e502229419	lexeme	חָרַך	hewiktionary	SILVER	infinitive_vocalized	WIKTIONARY_ONLY
LX-d5d21bdb5b	lexeme	שָֹגַב	hewiktionary	SILVER	infinitive_vocalized|gloss_en	WIKTIONARY_ONLY
LX-2a3f1fca6b	lexeme	הִתְחַטָּא	hewiktionary	SILVER	infinitive_vocalized|gloss_en	WIKTIONARY_ONLY
LX-5b8a445934	lexeme	הִתְפַּנֵק	hewiktionary	SILVER	infinitive_vocalized|gloss_en	WIKTIONARY_ONLY
LX-84746658fd	lexeme	הִתְעַנֵֵּג	hewiktionary	SILVER	infinitive_vocalized	WIKTIONARY_ONLY
LX-f8a7582a9f	lexeme	הִסְתַּגֵּף	hewiktionary	SILVER	gloss_en	WIKTIONARY_ONLY
LX-88ddc19d12	lexeme	הִתְעַנָּה	hewiktionary	SILVER	infinitive_vocalized	WIKTIONARY_ONLY
LX-a0a0920f3e	lexeme	הִקְדִּיחַ	hewiktionary	SILVER	infinitive_vocalized|gloss_en	WIKTIONARY_ONLY
LX-5c8e1c7306	lexeme	הִכְפִּישׁ	hewiktionary	SILVER	gloss_en	WIKTIONARY_ONLY
LX-7205d19f99	lexeme	קָפַשׁ	hewiktionary	SILVER	infinitive_vocalized	WIKTIONARY_ONLY
LX-3d1a8e8aa4	lexeme	בִּעֵר	hewiktionary	SILVER	infinitive_vocalized|gloss_en	WIKTIONARY_ONLY
LX-c84adf1cbe	lexeme	הִשְֹתָּרֵר	hewiktionary	SILVER	infinitive_vocalized	WIKTIONARY_ONLY
LX-21169bd902	lexeme	סָלַד	hewiktionary	SILVER	infinitive_vocalized|gloss_en	WIKTIONARY_ONLY
LX-0fbfc51379	lexeme	טֹרַף	hewiktionary	SILVER	lemma_unvocalized|infinitive_vocalized|gloss_en	WIKTIONARY_ONLY
LX-74787f35cb	lexeme	הִתְנַכֵּל	hewiktionary	SILVER	gloss_en	WIKTIONARY_ONLY
LX-bc3af48200	lexeme	סִלְסֵל	hewiktionary	SILVER	infinitive_vocalized|gloss_en	WIKTIONARY_ONLY
LX-c6b93497f8	lexeme	סָמַר	hewiktionary	SILVER	lemma_unvocalized|infinitive_vocalized|gloss_en	WIKTIONARY_ONLY
LX-6077046334	lexeme	סִמֵּר	hewiktionary	SILVER	infinitive_vocalized|gloss_en	WIKTIONARY_ONLY
LX-6904fc8491	lexeme	הִצְמִיד	hewiktionary	SILVER	gloss_en	WIKTIONARY_ONLY
LX-c2935ed35b	lexeme	אִיֵּת	hewiktionary	SILVER	infinitive_vocalized	WIKTIONARY_ONLY
LX-88793bef53	lexeme	רָגַז	hewiktionary	SILVER	infinitive_vocalized	WIKTIONARY_ONLY
LX-17d166ea05	lexeme	נִמְשַׁל	hewiktionary	SILVER	infinitive_vocalized|gloss_en	WIKTIONARY_ONLY
LX-0149b72ebd	lexeme	לִוָּה	hewiktionary	SILVER	infinitive_vocalized	WIKTIONARY_ONLY
LX-64b1b152f1	lexeme	לֻוָּה	hewiktionary	SILVER	infinitive_vocalized|gloss_en	WIKTIONARY_ONLY
LX-4bb52d3082	lexeme	דָּלַף	hewiktionary	SILVER	infinitive_vocalized|gloss_en	WIKTIONARY_ONLY
LX-3bc4f31b9e	lexeme	שָׁפַל	hewiktionary	SILVER	infinitive_vocalized|gloss_en	WIKTIONARY_ONLY
LX-88324c3b94	lexeme	פָּרַךְ	hewiktionary	SILVER	gloss_en	WIKTIONARY_ONLY
LX-59968d86cf	lexeme	פִּגֵּר	hewiktionary	SILVER	infinitive_vocalized	WIKTIONARY_ONLY
LX-a40113227b	lexeme	לִחֵךְ	hewiktionary	SILVER	infinitive_vocalized|gloss_en	WIKTIONARY_ONLY
LX-4f5a2216e1	lexeme	הִרְגִּיל	hewiktionary	SILVER	infinitive_vocalized	WIKTIONARY_ONLY
LX-d4c56e97f8	lexeme	הֶעֱנִיק	hewiktionary	SILVER	infinitive_vocalized	WIKTIONARY_ONLY
LX-3c060dcd0b	lexeme	הִסְוָה	hewiktionary	SILVER	infinitive_vocalized	WIKTIONARY_ONLY
LX-87cfdb0e42	lexeme	דָּהָה	hewiktionary	SILVER	infinitive_vocalized|gloss_en	WIKTIONARY_ONLY
LX-2b512a721f	lexeme	הֵפִיס	hewiktionary	SILVER	infinitive_vocalized|gloss_en	WIKTIONARY_ONLY
LX-73f05dfd73	lexeme	זָלַג	hewiktionary	SILVER	infinitive_vocalized	WIKTIONARY_ONLY
LX-db5b2718fa	lexeme	סָמַךְ	hewiktionary	SILVER	infinitive_vocalized|gloss_en	WIKTIONARY_ONLY
LX-c814283b46	lexeme	גָּחַן	hewiktionary	SILVER	lemma_unvocalized|infinitive_vocalized	WIKTIONARY_ONLY
LX-43227cfc1d	lexeme	נִגֵּחַ	hewiktionary	SILVER	gloss_en	WIKTIONARY_ONLY
LX-3680903e9c	lexeme	חָבַשׁ	hewiktionary	SILVER	lemma_unvocalized|infinitive_vocalized	WIKTIONARY_ONLY
LX-f3e82ff654	lexeme	חֻבָּשׁ	hewiktionary	SILVER	infinitive_vocalized|gloss_en	WIKTIONARY_ONLY
LX-02388c6a3a	lexeme	גָּס	hewiktionary	QUESTIONABLE	infinitive_vocalized|gloss_en	WIKTIONARY_ONLY
LX-fefe17f85f	lexeme	כָּשַׁל	hewiktionary	SILVER	infinitive_vocalized	WIKTIONARY_ONLY
LX-133c0d3ba2	lexeme	תָּלָה	hewiktionary	SILVER	infinitive_vocalized	WIKTIONARY_ONLY
LX-ba357185dc	lexeme	נִתְלָה	hewiktionary	SILVER	infinitive_vocalized|gloss_en	WIKTIONARY_ONLY
LX-33cbea718b	lexeme	סִבֵּר	hewiktionary	SILVER	gloss_en	WIKTIONARY_ONLY
LX-44173bd051	lexeme	מָחַל	hewiktionary	SILVER	infinitive_vocalized	WIKTIONARY_ONLY
LX-61cc23d1d9	lexeme	טָמַן	hewiktionary	SILVER	infinitive_vocalized|gloss_en	WIKTIONARY_ONLY
LX-76ec361283	lexeme	נֻחָם	hewiktionary	SILVER	infinitive_vocalized|gloss_en	WIKTIONARY_ONLY
LX-d0dae5e42f	lexeme	נֵחָם	hewiktionary	SILVER	lemma_unvocalized|infinitive_vocalized|gloss_en	WIKTIONARY_ONLY
LX-e9ff228857	lexeme	חָנַף	hewiktionary	SILVER	infinitive_vocalized|gloss_en	WIKTIONARY_ONLY
LX-9e9a388d65	lexeme	חִנֵּף	hewiktionary	SILVER	infinitive_vocalized|gloss_en	WIKTIONARY_ONLY
LX-176a441d04	lexeme	הֶחֱנִיף	hewiktionary	SILVER	infinitive_vocalized|gloss_en	WIKTIONARY_ONLY
LX-66e21f04aa	lexeme	הִתְנָה	hewiktionary	SILVER	infinitive_vocalized	WIKTIONARY_ONLY
LX-8036faba97	lexeme	זָח	hewiktionary	SILVER	gloss_en	WIKTIONARY_ONLY
LX-0d5ac9afab	lexeme	מָשׁ	hewiktionary	SILVER	infinitive_vocalized|gloss_en	WIKTIONARY_ONLY
LX-e5a6225c11	lexeme	אָרָה	hewiktionary	SILVER	gloss_en	WIKTIONARY_ONLY
LX-6762d3a90a	lexeme	שִׁפֵּץ	hewiktionary	SILVER	infinitive_vocalized	WIKTIONARY_ONLY
LX-3f40a1aef1	lexeme	שָׁפַת	hewiktionary	SILVER	infinitive_vocalized	WIKTIONARY_ONLY
LX-9fcd3514ff	lexeme	רִוָּה	hewiktionary	SILVER	infinitive_vocalized|gloss_en	WIKTIONARY_ONLY
LX-76872e6e22	lexeme	רָוָה	hewiktionary	SILVER	infinitive_vocalized|gloss_en	WIKTIONARY_ONLY
LX-be33d2d675	lexeme	הִרְוָה	hewiktionary	SILVER	infinitive_vocalized|gloss_en	WIKTIONARY_ONLY
LX-94266b214e	lexeme	נִמְחָה	hewiktionary	SILVER	infinitive_vocalized|gloss_en	WIKTIONARY_ONLY
LX-604cf9784b	lexeme	מָחָה	hewiktionary	QUESTIONABLE	infinitive_vocalized	WIKTIONARY_ONLY
LX-0c975d4a1c	lexeme	מָחָה	hewiktionary	QUESTIONABLE	infinitive_vocalized	WIKTIONARY_ONLY
LX-e9cd517630	lexeme	הִרְקִיעַ	hewiktionary	SILVER	infinitive_vocalized|gloss_en	WIKTIONARY_ONLY
LX-186c9e7451	lexeme	הִתְפַּלֵּשׁ	hewiktionary	SILVER	infinitive_vocalized	WIKTIONARY_ONLY
LX-70ed88463c	lexeme	פָּלַשׁ	hewiktionary	SILVER	infinitive_vocalized	WIKTIONARY_ONLY
LX-5687a24644	lexeme	פִּלֵּס	hewiktionary	SILVER	infinitive_vocalized|gloss_en	WIKTIONARY_ONLY
LX-62fbafc806	lexeme	אָצַל	hewiktionary	SILVER	infinitive_vocalized|gloss_en	WIKTIONARY_ONLY
LX-b3f7e37f59	lexeme	הֵדַק	hewiktionary	SILVER	infinitive_vocalized	WIKTIONARY_ONLY
LX-c8e368f5b0	lexeme	הִדֵּק	hewiktionary	SILVER	infinitive_vocalized	WIKTIONARY_ONLY
LX-6690bf2bbf	lexeme	הֻדַּק	hewiktionary	SILVER	infinitive_vocalized|gloss_en	WIKTIONARY_ONLY
LX-d2900bdeb5	lexeme	סִעֵף	hewiktionary	SILVER	infinitive_vocalized|gloss_en	WIKTIONARY_ONLY
LX-7de82341ba	lexeme	הִסִּיג	hewiktionary	SILVER	infinitive_vocalized|gloss_en	WIKTIONARY_ONLY
LX-43e64fbb22	lexeme	הָוָה	hewiktionary	SILVER	infinitive_vocalized	WIKTIONARY_ONLY
LX-1544af2363	lexeme	הִוָּה	hewiktionary	SILVER	gloss_en	WIKTIONARY_ONLY
LX-5b272130a8	lexeme	הִדִּיר	hewiktionary	SILVER	infinitive_vocalized|gloss_en	WIKTIONARY_ONLY
LX-308b0af23b	lexeme	הִסֵּס	hewiktionary	SILVER	infinitive_vocalized	WIKTIONARY_ONLY
LX-28844c4fa1	lexeme	עָגַם	hewiktionary	SILVER	infinitive_vocalized	WIKTIONARY_ONLY
LX-d0dd4c56a4	lexeme	הִתְעַמֵּת	hewiktionary	SILVER	lemma_unvocalized|infinitive_vocalized	WIKTIONARY_ONLY
LX-1e8e9e2814	lexeme	הֻשַּׂם	hewiktionary	SILVER	infinitive_vocalized|gloss_en	WIKTIONARY_ONLY
LX-d2da4d16ca	lexeme	הִתְמִיד	hewiktionary	SILVER	infinitive_vocalized|gloss_en	WIKTIONARY_ONLY
LX-2a17c90d12	lexeme	נִגֵּעַ	hewiktionary	SILVER	infinitive_vocalized	WIKTIONARY_ONLY
LX-ef6d53ba67	lexeme	קָמַט	hewiktionary	SILVER	infinitive_vocalized|gloss_en	WIKTIONARY_ONLY
LX-b68e0d2e92	lexeme	קִמֵּט	hewiktionary	SILVER	infinitive_vocalized|gloss_en	WIKTIONARY_ONLY
LX-624f57d440	lexeme	קֻמַּט	hewiktionary	SILVER	infinitive_vocalized|gloss_en	WIKTIONARY_ONLY
LX-259c932c96	lexeme	עִוֵּת	hewiktionary	SILVER	infinitive_vocalized	WIKTIONARY_ONLY
LX-99acc0375b	lexeme	עִוָּה	hewiktionary	SILVER	infinitive_vocalized|gloss_en	WIKTIONARY_ONLY
LX-4add224897	lexeme	עָוָה	hewiktionary	SILVER	infinitive_vocalized|gloss_en	WIKTIONARY_ONLY
LX-88d3cca151	lexeme	חָפַז	hewiktionary	SILVER	lemma_unvocalized|infinitive_vocalized	WIKTIONARY_ONLY
LX-93bbd4b6a0	lexeme	פָּחַז	hewiktionary	SILVER	infinitive_vocalized|gloss_en	WIKTIONARY_ONLY
LX-27993d42f8	lexeme	סָפַת	hewiktionary	SILVER	infinitive_vocalized	WIKTIONARY_ONLY
LX-426378fac9	lexeme	נִסְפָּה	hewiktionary	SILVER	infinitive_vocalized|gloss_en	WIKTIONARY_ONLY
LX-09f423ee9d	lexeme	סָרַח	hewiktionary	SILVER	infinitive_vocalized|gloss_en	WIKTIONARY_ONLY
LX-60357612c7	lexeme	נָאַם	hewiktionary	SILVER	infinitive_vocalized	WIKTIONARY_ONLY
LX-22a34fa766	lexeme	חָרַד	hewiktionary	SILVER	infinitive_vocalized	WIKTIONARY_ONLY
LX-3db4467c57	lexeme	מִצֵּעַ	hewiktionary	SILVER	infinitive_vocalized|gloss_en	WIKTIONARY_ONLY
LX-b1c2f43d63	lexeme	קָצָה	hewiktionary	SILVER	gloss_en	WIKTIONARY_ONLY
LX-56f994ecd1	lexeme	עָמַם	hewiktionary	SILVER	infinitive_vocalized|gloss_en	WIKTIONARY_ONLY
LX-b78dae861a	lexeme	עֻמָּם	hewiktionary	SILVER	infinitive_vocalized|gloss_en	WIKTIONARY_ONLY
LX-8f01e27992	lexeme	בָּרַר	hewiktionary	SILVER	infinitive_vocalized	WIKTIONARY_ONLY
LX-7c45967264	lexeme	בֵּרֵר	hewiktionary	SILVER	infinitive_vocalized	WIKTIONARY_ONLY
LX-e84a124d37	lexeme	מָתַח	hewiktionary	SILVER	infinitive_vocalized	WIKTIONARY_ONLY
LX-167af15359	lexeme	הֵשִׁיט	hewiktionary	SILVER	infinitive_vocalized	WIKTIONARY_ONLY
LX-08b709701f	lexeme	חִכֵּךְ	hewiktionary	SILVER	infinitive_vocalized|gloss_en	WIKTIONARY_ONLY
LX-e1a84341fa	lexeme	חָכַךְ	hewiktionary	SILVER	infinitive_vocalized|gloss_en	WIKTIONARY_ONLY
LX-0d84703d86	lexeme	הוֹשִׁיט	hewiktionary	SILVER	gloss_en	WIKTIONARY_ONLY
LX-01f3f3918f	lexeme	אֵרֵס	hewiktionary	SILVER	infinitive_vocalized	WIKTIONARY_ONLY
LX-9df540c029	lexeme	עָכַר	hewiktionary	SILVER	lemma_unvocalized|infinitive_vocalized|gloss_en	WIKTIONARY_ONLY
LX-aec8e8b94b	lexeme	זָעַק	hewiktionary	SILVER	infinitive_vocalized	WIKTIONARY_ONLY
LX-3332d6b60c	lexeme	צָפַר	hewiktionary	SILVER	infinitive_vocalized	WIKTIONARY_ONLY
LX-7d0e38bff8	lexeme	הִלִּין	hewiktionary	QUESTIONABLE	infinitive_vocalized	WIKTIONARY_ONLY
LX-0eff985111	lexeme	הִתְעַשֵּׁת	hewiktionary	SILVER	infinitive_vocalized|gloss_en	WIKTIONARY_ONLY
LX-d23c1419b9	lexeme	יִרֵט	hewiktionary	SILVER	infinitive_vocalized|gloss_en	WIKTIONARY_ONLY
LX-361edfa727	lexeme	חָשַֹף	hewiktionary	SILVER	infinitive_vocalized	WIKTIONARY_ONLY
LX-8249c86584	lexeme	בָּזָה	hewiktionary	SILVER	infinitive_vocalized	WIKTIONARY_ONLY
LX-821fad506c	lexeme	שָׁפַר	hewiktionary	SILVER	lemma_unvocalized|infinitive_vocalized|gloss_en	WIKTIONARY_ONLY
LX-3ffb39c040	lexeme	חָשׁ	hewiktionary	QUESTIONABLE	infinitive_vocalized	WIKTIONARY_ONLY
LX-d87b5c856f	lexeme	חָשׁ	hewiktionary	QUESTIONABLE	infinitive_vocalized	WIKTIONARY_ONLY
LX-e87a0a1a01	lexeme	עָמַס	hewiktionary	SILVER	infinitive_vocalized|gloss_en	WIKTIONARY_ONLY
LX-3e2a5c7b39	lexeme	צָבַט	hewiktionary	SILVER	infinitive_vocalized	WIKTIONARY_ONLY
LX-d76ecca4be	lexeme	נִתֵּר	hewiktionary	SILVER	infinitive_vocalized	WIKTIONARY_ONLY
LX-114051c97f	lexeme	טָרַד	hewiktionary	SILVER	infinitive_vocalized	WIKTIONARY_ONLY
LX-db46336319	lexeme	קֵרֵד	hewiktionary	SILVER	infinitive_vocalized|gloss_en	WIKTIONARY_ONLY
LX-b1cad9f406	lexeme	כָּבָה	hewiktionary	SILVER	infinitive_vocalized	WIKTIONARY_ONLY
LX-a293280b97	lexeme	נִקְלָה	hewiktionary	QUESTIONABLE	lemma_unvocalized|infinitive_vocalized	WIKTIONARY_ONLY
LX-0a6ced5078	lexeme	נִקְלָה	hewiktionary	QUESTIONABLE	lemma_unvocalized|infinitive_vocalized|gloss_en	WIKTIONARY_ONLY
LX-57336e3057	lexeme	הִפְרִיס	hewiktionary	SILVER	gloss_en	WIKTIONARY_ONLY
LX-01bfa90dc6	lexeme	הֶעֱמִיס	hewiktionary	SILVER	gloss_en	WIKTIONARY_ONLY
LX-42e842285a	lexeme	הִתְעַסֵּק	hewiktionary	SILVER	infinitive_vocalized	WIKTIONARY_ONLY
LX-d5295283d9	lexeme	עָסַק	hewiktionary	SILVER	infinitive_vocalized	WIKTIONARY_ONLY
LX-ff3dd2b781	lexeme	עִסֵּק	hewiktionary	SILVER	infinitive_vocalized|gloss_en	WIKTIONARY_ONLY
LX-7860009f62	lexeme	אָיַב	hewiktionary	SILVER	infinitive_vocalized	WIKTIONARY_ONLY
LX-8506952c84	lexeme	שָֹטַם	hewiktionary	SILVER	infinitive_vocalized|gloss_en	WIKTIONARY_ONLY
LX-b1eeed7073	lexeme	הִתְחָרָה	hewiktionary	SILVER	infinitive_vocalized	WIKTIONARY_ONLY
LX-525c7bfb30	lexeme	קָץ	hewiktionary	SILVER	lemma_unvocalized|infinitive_vocalized|gloss_en	WIKTIONARY_ONLY
LX-f6d6c32492	lexeme	מִלֵּל	hewiktionary	SILVER	infinitive_vocalized	WIKTIONARY_ONLY
LX-246a4a83a9	lexeme	מָלַל	hewiktionary	SILVER	infinitive_vocalized|gloss_en	WIKTIONARY_ONLY
LX-48b5b5e9f8	lexeme	נָכַח	hewiktionary	SILVER	infinitive_vocalized|gloss_en	WIKTIONARY_ONLY
LX-79d8a5f23a	lexeme	פָּגַם	hewiktionary	SILVER	infinitive_vocalized	WIKTIONARY_ONLY
LX-7210ba5679	lexeme	גָּלַל	hewiktionary	QUESTIONABLE	infinitive_vocalized	WIKTIONARY_ONLY
LX-7b9ceda99f	lexeme	אָטַם	hewiktionary	SILVER	infinitive_vocalized|gloss_en	WIKTIONARY_ONLY
LX-652b2e0470	lexeme	פִּגֵּשׁ	hewiktionary	SILVER	infinitive_vocalized|gloss_en	WIKTIONARY_ONLY
LX-81f19917ab	lexeme	קִנֵּן	hewiktionary	SILVER	infinitive_vocalized	WIKTIONARY_ONLY
LX-623563bd79	lexeme	נִפְעַר	hewiktionary	SILVER	infinitive_vocalized|gloss_en	WIKTIONARY_ONLY
LX-3ff6c1a418	lexeme	פָּעַר	hewiktionary	SILVER	lemma_unvocalized|infinitive_vocalized|gloss_en	WIKTIONARY_ONLY
LX-5aaeaa4560	lexeme	כִּלְכֵּל	hewiktionary	SILVER	infinitive_vocalized	WIKTIONARY_ONLY
LX-3a399d5db4	lexeme	תָּכַף	hewiktionary	SILVER	infinitive_vocalized|gloss_en	WIKTIONARY_ONLY
LX-a630e23e9f	lexeme	גִּבֵּשׁ	hewiktionary	SILVER	infinitive_vocalized	WIKTIONARY_ONLY
LX-9a2ae1bcc2	lexeme	סִלֵּף	hewiktionary	SILVER	infinitive_vocalized	WIKTIONARY_ONLY
LX-6d80eccb17	lexeme	שָׁחַד	hewiktionary	SILVER	infinitive_vocalized|gloss_en	WIKTIONARY_ONLY
LX-b70955db83	lexeme	אָנַף	hewiktionary	SILVER	infinitive_vocalized	WIKTIONARY_ONLY
LX-40b3195ef1	lexeme	סִבֵּן	hewiktionary	SILVER	infinitive_vocalized|gloss_en	WIKTIONARY_ONLY
LX-9b16717b14	lexeme	סָפַח	hewiktionary	SILVER	infinitive_vocalized|gloss_en	WIKTIONARY_ONLY
LX-05671d5814	lexeme	סֻפָּח	hewiktionary	SILVER	infinitive_vocalized|gloss_en	WIKTIONARY_ONLY
LX-f63a7dcd77	lexeme	בָּטַל	hewiktionary	SILVER	gloss_en	WIKTIONARY_ONLY
LX-87c9d4f64e	lexeme	לָאָה	hewiktionary	SILVER	lemma_unvocalized|infinitive_vocalized|gloss_en	WIKTIONARY_ONLY
LX-dd89ae38da	lexeme	שִֹפַּח	hewiktionary	SILVER	infinitive_vocalized	WIKTIONARY_ONLY
LX-31322ed202	lexeme	הִתְמַקֵּחַ	hewiktionary	SILVER	infinitive_vocalized|gloss_en	WIKTIONARY_ONLY
LX-8432233d36	lexeme	חָב	hewiktionary	SILVER	infinitive_vocalized	WIKTIONARY_ONLY
LX-19e16e8566	lexeme	חִיֵּב	hewiktionary	SILVER	infinitive_vocalized	WIKTIONARY_ONLY
LX-2c74e73619	lexeme	חֻבָּא	hewiktionary	SILVER	infinitive_vocalized|gloss_en	WIKTIONARY_ONLY
LX-9d80857da0	lexeme	הִבְלִיג	hewiktionary	SILVER	gloss_en	WIKTIONARY_ONLY
LX-b8b6690d4a	lexeme	שִׁחֵת	hewiktionary	SILVER	infinitive_vocalized	WIKTIONARY_ONLY
LX-661b974ec3	lexeme	תָּלַשׁ	hewiktionary	SILVER	infinitive_vocalized	WIKTIONARY_ONLY
LX-45a36ce353	lexeme	רִשֵּׁל	hewiktionary	SILVER	gloss_en	WIKTIONARY_ONLY
LX-a8d0b3faa5	lexeme	הִזְהִיר	hewiktionary	SILVER	infinitive_vocalized	WIKTIONARY_ONLY
LX-33e884360f	lexeme	סָנַק	hewiktionary	SILVER	infinitive_vocalized	WIKTIONARY_ONLY
LX-68f3607993	lexeme	סָטַר	hewiktionary	SILVER	infinitive_vocalized	WIKTIONARY_ONLY
LX-d154737697	lexeme	יִבֵּב	hewiktionary	SILVER	infinitive_vocalized	WIKTIONARY_ONLY
LX-45959bcc81	lexeme	הִתְגָּרֵד	hewiktionary	SILVER	infinitive_vocalized	WIKTIONARY_ONLY
LX-1480472b88	lexeme	לָתַת	hewiktionary	SILVER	infinitive_vocalized|gloss_en	WIKTIONARY_ONLY
LX-3340e58487	lexeme	קִשְׁקֵשׁ	hewiktionary	SILVER	infinitive_vocalized	WIKTIONARY_ONLY
LX-3c3d4c9f5b	lexeme	נִבַּט	hewiktionary	SILVER	gloss_en	WIKTIONARY_ONLY
LX-ce00fb00dd	lexeme	הִתְגָּרָה	hewiktionary	SILVER	infinitive_vocalized	WIKTIONARY_ONLY
LX-817fbc227a	lexeme	גֵּרֵד	hewiktionary	SILVER	infinitive_vocalized	WIKTIONARY_ONLY
LX-0f3dfff948	lexeme	קִרָה	hewiktionary	SILVER	infinitive_vocalized|gloss_en	WIKTIONARY_ONLY
LX-fc8d208440	lexeme	טָח	hewiktionary	SILVER	gloss_en	WIKTIONARY_ONLY
LX-788f0c4d36	lexeme	הִשִּׁיא	hewiktionary	SILVER	infinitive_vocalized|gloss_en	WIKTIONARY_ONLY
LX-51bd1d4a29	lexeme	הִשִֹּיא	hewiktionary	SILVER	infinitive_vocalized|gloss_en	WIKTIONARY_ONLY
LX-e7a53daca0	lexeme	צִעֵק	hewiktionary	SILVER	infinitive_vocalized|gloss_en	WIKTIONARY_ONLY
LX-7c7ca7f4a2	lexeme	שִֹגְשֵֹג	hewiktionary	SILVER	infinitive_vocalized	WIKTIONARY_ONLY
LX-1523407e42	lexeme	רָקַם	hewiktionary	SILVER	infinitive_vocalized	WIKTIONARY_ONLY
LX-138e4b6817	lexeme	רִקֵּם	hewiktionary	SILVER	infinitive_vocalized|gloss_en	WIKTIONARY_ONLY
LX-4fee3ce4fc	lexeme	רֻקַּם	hewiktionary	SILVER	infinitive_vocalized|gloss_en	WIKTIONARY_ONLY
LX-162c84d8b8	lexeme	חִסֵּל	hewiktionary	SILVER	infinitive_vocalized	WIKTIONARY_ONLY
LX-3b54f9e7ff	lexeme	כָּתַשׁ	hewiktionary	SILVER	infinitive_vocalized|gloss_en	WIKTIONARY_ONLY
LX-fd09ab99f2	lexeme	כָּרָה	hewiktionary	SILVER	infinitive_vocalized	WIKTIONARY_ONLY
LX-3c2dc09994	lexeme	נִתֵּחַ	hewiktionary	SILVER	infinitive_vocalized	WIKTIONARY_ONLY
LX-6d47d541a3	lexeme	הִפְרִישׁ	hewiktionary	SILVER	infinitive_vocalized	WIKTIONARY_ONLY
LX-76aa699b5e	lexeme	הִפְרִישׂ	hewiktionary	SILVER	infinitive_vocalized	WIKTIONARY_ONLY
LX-83abc9a869	lexeme	צִמְצֵם	hewiktionary	SILVER	infinitive_vocalized	WIKTIONARY_ONLY
LX-3482410b80	lexeme	פָּסַע	hewiktionary	SILVER	infinitive_vocalized	WIKTIONARY_ONLY
LX-168199ce9b	lexeme	תָּחַם	hewiktionary	SILVER	infinitive_vocalized|gloss_en	WIKTIONARY_ONLY
LX-990ecabff5	lexeme	סֵרֵס	hewiktionary	SILVER	infinitive_vocalized	WIKTIONARY_ONLY
LX-df7a860aab	lexeme	דָּעַךְ	hewiktionary	SILVER	infinitive_vocalized|gloss_en	WIKTIONARY_ONLY
LX-e133581a50	lexeme	שָׁכַך	hewiktionary	SILVER	infinitive_vocalized	WIKTIONARY_ONLY
LX-1e68b49468	lexeme	שִׁכֵּךְ	hewiktionary	SILVER	infinitive_vocalized|gloss_en	WIKTIONARY_ONLY
LX-8a8fa0eb64	lexeme	שָׁבַק	hewiktionary	SILVER	infinitive_vocalized	WIKTIONARY_ONLY
LX-097e276147	lexeme	רָטַן	hewiktionary	SILVER	infinitive_vocalized|gloss_en	WIKTIONARY_ONLY
LX-6ee50b343c	lexeme	צָוַח	hewiktionary	SILVER	infinitive_vocalized	WIKTIONARY_ONLY
LX-fd0c963db1	lexeme	רָמַשֹ	hewiktionary	SILVER	infinitive_vocalized	WIKTIONARY_ONLY
LX-ce4ebd1f55	lexeme	עִמֵּת	hewiktionary	SILVER	infinitive_vocalized	WIKTIONARY_ONLY
LX-7e6a46826d	lexeme	מָרָה	hewiktionary	SILVER	lemma_unvocalized|infinitive_vocalized|gloss_en	WIKTIONARY_ONLY
LX-4a2b66ec24	lexeme	גָּסַס	hewiktionary	QUESTIONABLE	infinitive_vocalized|gloss_en	WIKTIONARY_ONLY
LX-4901a7c8ea	lexeme	עָרַץ	hewiktionary	SILVER	infinitive_vocalized|gloss_en	WIKTIONARY_ONLY
LX-26fab05d8d	lexeme	סֻלְעַם	hewiktionary	SILVER	infinitive_vocalized|gloss_en	WIKTIONARY_ONLY
LX-3021442b7f	lexeme	בָּחַל	hewiktionary	SILVER	infinitive_vocalized|gloss_en	WIKTIONARY_ONLY
LX-8c363376ac	lexeme	בִּחֵל	hewiktionary	SILVER	infinitive_vocalized	WIKTIONARY_ONLY
LX-73e9d036b6	lexeme	טִיֵּל	hewiktionary	SILVER	infinitive_vocalized	WIKTIONARY_ONLY
LX-a8d7792185	lexeme	פִּגֵּל	hewiktionary	SILVER	infinitive_vocalized|gloss_en	WIKTIONARY_ONLY
LX-ff7a7fd5c4	lexeme	צָבָה	hewiktionary	SILVER	lemma_unvocalized|infinitive_vocalized|gloss_en	WIKTIONARY_ONLY
LX-2a705b2e5e	lexeme	כִּתֵּת	hewiktionary	SILVER	infinitive_vocalized	WIKTIONARY_ONLY
LX-09aaa1007b	lexeme	כֻּתָּת	hewiktionary	SILVER	infinitive_vocalized|gloss_en	WIKTIONARY_ONLY
LX-6e9f9920dc	lexeme	מוֹתֵת	hewiktionary	SILVER	gloss_en	WIKTIONARY_ONLY
LX-2896a7dd04	lexeme	סִכְסֵךְ	hewiktionary	SILVER	infinitive_vocalized	WIKTIONARY_ONLY
LX-807bbb658d	lexeme	אִחָה	hewiktionary	SILVER	infinitive_vocalized	WIKTIONARY_ONLY
LX-0f9c90afcb	lexeme	שָׁזַף	hewiktionary	SILVER	infinitive_vocalized|gloss_en	WIKTIONARY_ONLY
LX-60a8b60118	lexeme	פִּצֵּל	hewiktionary	SILVER	infinitive_vocalized	WIKTIONARY_ONLY
LX-a2e782f7ef	lexeme	עִרְבֵּל	hewiktionary	SILVER	infinitive_vocalized	WIKTIONARY_ONLY
LX-6eb4edb1ca	lexeme	חָצַב	hewiktionary	SILVER	infinitive_vocalized	WIKTIONARY_ONLY
LX-b1d344e935	lexeme	חֻצָּב	hewiktionary	SILVER	lemma_unvocalized|infinitive_vocalized|gloss_en	WIKTIONARY_ONLY
LX-f33276161e	lexeme	נִאָה	hewiktionary	SILVER	lemma_unvocalized|infinitive_vocalized|gloss_en	WIKTIONARY_ONLY
LX-70c5a084e6	lexeme	נֵאוֹת	hewiktionary	SILVER	infinitive_vocalized|gloss_en	WIKTIONARY_ONLY
LX-9ae31f7c0e	lexeme	נָוַה	hewiktionary	SILVER	infinitive_vocalized|gloss_en	WIKTIONARY_ONLY
LX-4c7aaee15e	lexeme	הִבְרָה	hewiktionary	QUESTIONABLE	infinitive_vocalized	WIKTIONARY_ONLY
LX-f34e197b89	lexeme	הִשְׂמִיל	hewiktionary	SILVER	infinitive_vocalized	WIKTIONARY_ONLY
LX-66839d6b1b	lexeme	לָטַשׁ	hewiktionary	SILVER	infinitive_vocalized|gloss_en	WIKTIONARY_ONLY
LX-803566b746	lexeme	לִטֵּשׁ	hewiktionary	SILVER	lemma_unvocalized|infinitive_vocalized|gloss_en	WIKTIONARY_ONLY
LX-16a953365a	lexeme	תָּפַח	hewiktionary	SILVER	infinitive_vocalized|gloss_en	WIKTIONARY_ONLY
LX-b3849b359d	lexeme	פָּקַם	hewiktionary	SILVER	infinitive_vocalized	WIKTIONARY_ONLY
LX-90f69c1c97	lexeme	פִּקֵּם	hewiktionary	SILVER	infinitive_vocalized	WIKTIONARY_ONLY
LX-f48accec97	lexeme	הֶעֱגִין	hewiktionary	SILVER	infinitive_vocalized	WIKTIONARY_ONLY
LX-6ca49c5513	lexeme	נִמְהָה	hewiktionary	SILVER	lemma_unvocalized|infinitive_vocalized|gloss_en	WIKTIONARY_ONLY
LX-b33a072682	lexeme	נִזְעַךְ	hewiktionary	SILVER	lemma_unvocalized|infinitive_vocalized	WIKTIONARY_ONLY
LX-8898848b15	lexeme	זָעַךְ	hewiktionary	SILVER	infinitive_vocalized|gloss_en	WIKTIONARY_ONLY
LX-1605d9cb79	lexeme	נֶאֱנַח	hewiktionary	SILVER	infinitive_vocalized	WIKTIONARY_ONLY
LX-244ff0f8d1	lexeme	בָּעָה	hewiktionary	SILVER	infinitive_vocalized|gloss_en	WIKTIONARY_ONLY
LX-27d4fb317e	lexeme	זִפֵּף	hewiktionary	SILVER	infinitive_vocalized	WIKTIONARY_ONLY
LX-e27458f89c	lexeme	זֻפַּף	hewiktionary	SILVER	infinitive_vocalized	WIKTIONARY_ONLY
LX-8e38ba73e2	lexeme	עֻזַּב	hewiktionary	SILVER	infinitive_vocalized|gloss_en	WIKTIONARY_ONLY
LX-0382f218a3	lexeme	הֶאֱפִיל	hewiktionary	SILVER	infinitive_vocalized	WIKTIONARY_ONLY
LX-83c0352e24	lexeme	הֵזֵם	hewiktionary	SILVER	infinitive_vocalized	WIKTIONARY_ONLY
LX-7386904e31	lexeme	שָׁגָה	hewiktionary	SILVER	gloss_en	WIKTIONARY_ONLY
LX-e0b4462f7f	lexeme	שָׂגָה	hewiktionary	SILVER	infinitive_vocalized|gloss_en	WIKTIONARY_ONLY
LX-5279051404	lexeme	סִנֵּף	hewiktionary	SILVER	infinitive_vocalized	WIKTIONARY_ONLY
LX-09b026b5f9	lexeme	סָד	hewiktionary	SILVER	infinitive_vocalized|gloss_en	WIKTIONARY_ONLY
LX-7cb06d55b2	lexeme	סִיֵּד	hewiktionary	SILVER	infinitive_vocalized	WIKTIONARY_ONLY
LX-ec2b5b0e05	lexeme	יָעַט	hewiktionary	SILVER	infinitive_vocalized	WIKTIONARY_ONLY
LX-0b43bca61c	lexeme	הִקְפִּיד	hewiktionary	SILVER	lemma_unvocalized|infinitive_vocalized	WIKTIONARY_ONLY
LX-2ff4b7045a	lexeme	נָקַט	hewiktionary	SILVER	lemma_unvocalized|infinitive_vocalized|gloss_en	WIKTIONARY_ONLY
LX-852031e649	lexeme	נָקַט	hewiktionary	SILVER	lemma_unvocalized|infinitive_vocalized|gloss_en	WIKTIONARY_ONLY
LX-3cddbd7c30	lexeme	הֵזִיד	hewiktionary	SILVER	infinitive_vocalized	WIKTIONARY_ONLY
LX-a421bd4836	lexeme	נִכְפָּה	hewiktionary	SILVER	gloss_en	WIKTIONARY_ONLY
LX-8959494ff1	lexeme	הֵלִיץ	hewiktionary	SILVER	gloss_en	WIKTIONARY_ONLY
LX-96181f3f27	lexeme	אָפַד	hewiktionary	SILVER	infinitive_vocalized	WIKTIONARY_ONLY
LX-0efd1e9f13	lexeme	רִכֵל	hewiktionary	SILVER	infinitive_vocalized	WIKTIONARY_ONLY
LX-c998288509	lexeme	נִזְקַק	hewiktionary	SILVER	infinitive_vocalized	WIKTIONARY_ONLY
LX-c496821e83	lexeme	שִׁלְשֵׁל	hewiktionary	SILVER	infinitive_vocalized|gloss_en	WIKTIONARY_ONLY
LX-5f8867e01b	lexeme	עִסָּה	hewiktionary	QUESTIONABLE	infinitive_vocalized	WIKTIONARY_ONLY
LX-5b9231b0ac	lexeme	הִמְרָה	hewiktionary	SILVER	infinitive_vocalized	WIKTIONARY_ONLY
LX-894b4cf04f	lexeme	נִרְדָּף	hewiktionary	SILVER	lemma_unvocalized|infinitive_vocalized|gloss_en	WIKTIONARY_ONLY
LX-730464a7ea	lexeme	קוֹסֵס	hewiktionary	QUESTIONABLE	infinitive_vocalized|gloss_en	WIKTIONARY_ONLY
LX-de46498e3d	lexeme	גָּעַל	hewiktionary	SILVER	infinitive_vocalized|gloss_en	WIKTIONARY_ONLY
LX-475c337550	lexeme	כִּיֵּחַ	hewiktionary	SILVER	infinitive_vocalized|gloss_en	WIKTIONARY_ONLY
LX-e423718347	lexeme	יִתָּכֵן	hewiktionary	SILVER	infinitive_vocalized	WIKTIONARY_ONLY
LX-787c64611b	lexeme	אִלְתֵּר	hewiktionary	SILVER	lemma_unvocalized|infinitive_vocalized	WIKTIONARY_ONLY
LX-2ce069885e	lexeme	חָדַל	hewiktionary	SILVER	infinitive_vocalized	WIKTIONARY_ONLY
LX-e77ef02a51	lexeme	נִלְאָה	hewiktionary	SILVER	lemma_unvocalized|infinitive_vocalized|gloss_en	WIKTIONARY_ONLY
LX-bff7e1391d	lexeme	חָפַן	hewiktionary	SILVER	infinitive_vocalized	WIKTIONARY_ONLY
LX-c9b4804ced	lexeme	עִמֵּץ	hewiktionary	SILVER	infinitive_vocalized|gloss_en	WIKTIONARY_ONLY
LX-4028bdf1e9	lexeme	הוֹבִישׁ	hewiktionary	QUESTIONABLE	lemma_unvocalized|infinitive_vocalized|gloss_en	WIKTIONARY_ONLY
LX-9e25ae0545	lexeme	הוֹבִישׁ	hewiktionary	QUESTIONABLE	infinitive_vocalized|gloss_en	WIKTIONARY_ONLY
LX-ab714229aa	lexeme	כָּבַר	hewiktionary	SILVER	infinitive_vocalized|gloss_en	WIKTIONARY_ONLY
LX-600416a304	lexeme	הִכְבִּיר	hewiktionary	SILVER	infinitive_vocalized|gloss_en	WIKTIONARY_ONLY
LX-d2acd35fd4	lexeme	בָּהָה	hewiktionary	SILVER	infinitive_vocalized	WIKTIONARY_ONLY
LX-3d72177ef6	lexeme	כִּרְכֵּב	hewiktionary	SILVER	infinitive_vocalized	WIKTIONARY_ONLY
LX-b9c80e6b98	lexeme	נֶחֱסָן	hewiktionary	SILVER	infinitive_vocalized|gloss_en	WIKTIONARY_ONLY
LX-72c7647450	lexeme	פִּגֵּעַ	hewiktionary	SILVER	infinitive_vocalized|gloss_en	WIKTIONARY_ONLY
LX-5f1610985f	lexeme	הִתְנַהֵל	hewiktionary	SILVER	infinitive_vocalized|gloss_en	WIKTIONARY_ONLY
LX-4b2de93c76	lexeme	נִהֵל	hewiktionary	SILVER	infinitive_vocalized	WIKTIONARY_ONLY
LX-6a9b6a2424	lexeme	הִבְעִית	hewiktionary	SILVER	gloss_en	WIKTIONARY_ONLY
LX-d1f72d3199	lexeme	פָּחַס	hewiktionary	SILVER	infinitive_vocalized	WIKTIONARY_ONLY
LX-3a237d2e55	lexeme	סָעַר	hewiktionary	SILVER	infinitive_vocalized	WIKTIONARY_ONLY
LX-23f7ee0166	lexeme	סִעֵר	hewiktionary	SILVER	infinitive_vocalized	WIKTIONARY_ONLY
LX-4c72b20503	lexeme	נִסְעַר	hewiktionary	SILVER	infinitive_vocalized|gloss_en	WIKTIONARY_ONLY
LX-daf58ce8dc	lexeme	הִסְתָּעֵר	hewiktionary	SILVER	infinitive_vocalized	WIKTIONARY_ONLY
LX-8339c0e9fc	lexeme	זָרָה	hewiktionary	SILVER	infinitive_vocalized	WIKTIONARY_ONLY
LX-f53afb80db	lexeme	זֵרָה	hewiktionary	SILVER	infinitive_vocalized|gloss_en	WIKTIONARY_ONLY
LX-81cd58242d	lexeme	עָשַׁת	hewiktionary	SILVER	infinitive_vocalized	WIKTIONARY_ONLY
LX-bc5248864a	lexeme	גֻּלָּח	hewiktionary	SILVER	infinitive_vocalized|gloss_en	WIKTIONARY_ONLY
LX-5443c3ff8a	lexeme	אָחַר	hewiktionary	SILVER	infinitive_vocalized|gloss_en	WIKTIONARY_ONLY
LX-30f88398b7	lexeme	רָקַק	hewiktionary	SILVER	lemma_unvocalized|infinitive_vocalized	WIKTIONARY_ONLY
LX-32613315c0	lexeme	רָגַן	hewiktionary	SILVER	infinitive_vocalized	WIKTIONARY_ONLY
LX-aa87e5350e	lexeme	רִגֵּן	hewiktionary	SILVER	infinitive_vocalized|gloss_en	WIKTIONARY_ONLY
LX-84a624c902	lexeme	הִשְׁתַּבֵּשׁ	hewiktionary	SILVER	infinitive_vocalized	WIKTIONARY_ONLY
LX-8e6bcf3e9f	lexeme	שִׁבֵּשׁ	hewiktionary	SILVER	infinitive_vocalized	WIKTIONARY_ONLY
LX-1813043bae	lexeme	שִׁגֵּשׁ	hewiktionary	SILVER	infinitive_vocalized|gloss_en	WIKTIONARY_ONLY
LX-5d81a46081	lexeme	שָׁגַשׁ	hewiktionary	SILVER	lemma_unvocalized|infinitive_vocalized|gloss_en	WIKTIONARY_ONLY
LX-3e6e40c334	lexeme	הִשְׁתַּנֵּק	hewiktionary	SILVER	infinitive_vocalized	WIKTIONARY_ONLY
LX-e620c8dad2	lexeme	רִתֵּק	hewiktionary	SILVER	infinitive_vocalized|gloss_en	WIKTIONARY_ONLY
LX-05b1931b6b	lexeme	רֻתַּק	hewiktionary	SILVER	infinitive_vocalized|gloss_en	WIKTIONARY_ONLY
LX-58255d2982	lexeme	רָתַק	hewiktionary	SILVER	infinitive_vocalized	WIKTIONARY_ONLY
LX-bfe69dac6d	lexeme	שִׁקְשֵׁק	hewiktionary	SILVER	infinitive_vocalized	WIKTIONARY_ONLY
LX-79abdfc9d8	lexeme	שִׁקְלֵל	hewiktionary	SILVER	infinitive_vocalized|gloss_en	WIKTIONARY_ONLY
LX-7f5648790f	lexeme	צִוֵּת	hewiktionary	QUESTIONABLE	infinitive_vocalized	WIKTIONARY_ONLY
LX-50464e7d8a	lexeme	הִרְכִּין	hewiktionary	SILVER	infinitive_vocalized|gloss_en	WIKTIONARY_ONLY
LX-1c8b92a7a0	lexeme	רָכַן	hewiktionary	SILVER	lemma_unvocalized|infinitive_vocalized|gloss_en	WIKTIONARY_ONLY
LX-332b08bf65	lexeme	אָפַף	hewiktionary	SILVER	infinitive_vocalized	WIKTIONARY_ONLY
LX-b0bdd4efc9	lexeme	נָקַשׁ	hewiktionary	SILVER	gloss_en	WIKTIONARY_ONLY
LX-8aa072a09a	lexeme	נִקֵּשׁ	hewiktionary	SILVER	gloss_en	WIKTIONARY_ONLY
LX-42f272bb25	lexeme	נִקַּשׁ	hewiktionary	SILVER	lemma_unvocalized|infinitive_vocalized|gloss_en	WIKTIONARY_ONLY
LX-d95bf09a37	lexeme	גָּח	hewiktionary	SILVER	gloss_en	WIKTIONARY_ONLY
LX-cd60458e84	lexeme	דָּלַח	hewiktionary	SILVER	infinitive_vocalized	WIKTIONARY_ONLY
LX-856881a305	lexeme	כָּרַז	hewiktionary	SILVER	infinitive_vocalized|gloss_en	WIKTIONARY_ONLY
LX-69e7e04bae	lexeme	סִנְכְּרֵן	hewiktionary	SILVER	infinitive_vocalized	WIKTIONARY_ONLY
LX-cc7ef99f25	lexeme	נֶעְתָּר	hewiktionary	SILVER	infinitive_vocalized|gloss_en	WIKTIONARY_ONLY
LX-52a124e78b	lexeme	עָתַר	hewiktionary	SILVER	infinitive_vocalized|gloss_en	WIKTIONARY_ONLY
LX-bb1560ddb2	lexeme	בִּצְבֵּץ	hewiktionary	SILVER	lemma_unvocalized|infinitive_vocalized	WIKTIONARY_ONLY
LX-47d91144dd	lexeme	הִטְפִּיחַ	hewiktionary	SILVER	lemma_unvocalized|infinitive_vocalized|gloss_en	WIKTIONARY_ONLY
LX-479927df68	lexeme	מָהַל	hewiktionary	SILVER	lemma_unvocalized|infinitive_vocalized	WIKTIONARY_ONLY
LX-b98311f91d	lexeme	שִׁיֵּף	hewiktionary	SILVER	infinitive_vocalized	WIKTIONARY_ONLY
LX-30ac3b8acd	lexeme	הִתְפַּלֵּץ	hewiktionary	SILVER	infinitive_vocalized	WIKTIONARY_ONLY
LX-8c9bf9e8e1	lexeme	צִיֵּת	hewiktionary	SILVER	infinitive_vocalized	WIKTIONARY_ONLY
LX-c73ea73d03	lexeme	הִשְׁתָּאָה	hewiktionary	SILVER	infinitive_vocalized	WIKTIONARY_ONLY
LX-6b63994c31	lexeme	שָׁאָה	hewiktionary	SILVER	infinitive_vocalized	WIKTIONARY_ONLY
LX-928ee2b973	lexeme	נִבָּא	hewiktionary	SILVER	lemma_unvocalized|infinitive_vocalized|gloss_en	WIKTIONARY_ONLY
LX-91940ebeb6	lexeme	לָט	hewiktionary	SILVER	infinitive_vocalized	WIKTIONARY_ONLY
LX-57bc50a604	lexeme	הִטְרִיף	hewiktionary	SILVER	gloss_en	WIKTIONARY_ONLY
LX-f111e9773e	lexeme	בָּזַר	hewiktionary	SILVER	infinitive_vocalized	WIKTIONARY_ONLY
LX-e1d32d87ae	lexeme	בִּזַּר	hewiktionary	SILVER	infinitive_vocalized|gloss_en	WIKTIONARY_ONLY
LX-bdcb07aa12	lexeme	נִפְתָּה	hewiktionary	SILVER	infinitive_vocalized|gloss_en	WIKTIONARY_ONLY
LX-caac389562	lexeme	דָּאַב	hewiktionary	SILVER	infinitive_vocalized	WIKTIONARY_ONLY
LX-fa6f665b58	lexeme	פִּלֵּא	hewiktionary	SILVER	lemma_unvocalized|infinitive_vocalized|gloss_en	WIKTIONARY_ONLY
LX-27a63a3b00	lexeme	דָּוָה	hewiktionary	SILVER	infinitive_vocalized|gloss_en	WIKTIONARY_ONLY
LX-dc46c3147e	lexeme	אָזַק	hewiktionary	SILVER	gloss_en	WIKTIONARY_ONLY
LX-d4426dd0b2	lexeme	צָפַן	hewiktionary	SILVER	infinitive_vocalized|gloss_en	WIKTIONARY_ONLY
LX-9362848116	lexeme	הֵפִיק	hewiktionary	SILVER	infinitive_vocalized	WIKTIONARY_ONLY
LX-089e6da768	lexeme	הִפְלִיג	hewiktionary	SILVER	lemma_unvocalized	WIKTIONARY_ONLY
LX-69807701ae	lexeme	נִמְנַע	hewiktionary	SILVER	infinitive_vocalized	WIKTIONARY_ONLY
LX-93dc7a5c95	lexeme	שִׁהָה	hewiktionary	SILVER	gloss_en	WIKTIONARY_ONLY
LX-8e6a60d599	lexeme	פִּמְפֵּם	hewiktionary	SILVER	lemma_unvocalized|infinitive_vocalized|gloss_en	WIKTIONARY_ONLY
LX-7f57b52b28	lexeme	תֻּכָּה	hewiktionary	SILVER	infinitive_vocalized|gloss_en	WIKTIONARY_ONLY
LX-8d520f65b0	lexeme	זִנֵּק	hewiktionary	SILVER	infinitive_vocalized|gloss_en	WIKTIONARY_ONLY
LX-ca8f4c87a2	lexeme	שְׁנוֹרֵר	hewiktionary	SILVER	lemma_unvocalized	WIKTIONARY_ONLY
LX-2a960d764f	lexeme	הִתְבַּשֵֹר	hewiktionary	SILVER	infinitive_vocalized	WIKTIONARY_ONLY
LX-a4420ab428	lexeme	הִלְחִית	hewiktionary	SILVER	lemma_unvocalized|infinitive_vocalized	WIKTIONARY_ONLY
LX-5e44df6bb0	lexeme	הִשְׁתַּמֵּעַ	hewiktionary	SILVER	gloss_en	WIKTIONARY_ONLY
LX-75e28b90c8	lexeme	הִכְאָה	hewiktionary	SILVER	lemma_unvocalized|gloss_en	WIKTIONARY_ONLY
LX-2a89379a7e	lexeme	נִכְאָה	hewiktionary	SILVER	lemma_unvocalized	WIKTIONARY_ONLY
LX-1a89b6e248	lexeme	נוֹבֵב	hewiktionary	SILVER	infinitive_vocalized|gloss_en	WIKTIONARY_ONLY
LX-2c78909878	lexeme	נִבְצַר	hewiktionary	SILVER	infinitive_vocalized|gloss_en	WIKTIONARY_ONLY
LX-15847ca93f	lexeme	גָּעַר	hewiktionary	SILVER	infinitive_vocalized	WIKTIONARY_ONLY
LX-0bf09b1daa	lexeme	גָּּדַד	hewiktionary	QUESTIONABLE	infinitive_vocalized|gloss_en	WIKTIONARY_ONLY
LX-21c001ee27	lexeme	גָּדַד	hewiktionary	QUESTIONABLE	infinitive_vocalized	WIKTIONARY_ONLY
LX-102d32e4c7	lexeme	הִמְלִיט	hewiktionary	SILVER	infinitive_vocalized	WIKTIONARY_ONLY
LX-c1f97768fb	lexeme	כָּפַף	hewiktionary	SILVER	lemma_unvocalized	WIKTIONARY_ONLY
LX-566f27d681	lexeme	גַָּעַשׁ	hewiktionary	SILVER	infinitive_vocalized	WIKTIONARY_ONLY
LX-673a419aee	lexeme	רָבַץ	hewiktionary	SILVER	lemma_unvocalized	WIKTIONARY_ONLY
LX-08db6fc647	lexeme	חִבְלֵל	hewiktionary	SILVER	infinitive_vocalized	WIKTIONARY_ONLY
LX-7919d7c6ca	lexeme	פָּצַח	hewiktionary	SILVER	infinitive_vocalized	WIKTIONARY_ONLY
LX-9190afef64	lexeme	פִּצֵּחַ	hewiktionary	SILVER	infinitive_vocalized	WIKTIONARY_ONLY
LX-dc8eebefc4	lexeme	כָּמַשׁ	hewiktionary	SILVER	lemma_unvocalized|infinitive_vocalized	WIKTIONARY_ONLY
LX-0795a1c119	lexeme	נִקֵּר	hewiktionary	SILVER	infinitive_vocalized	WIKTIONARY_ONLY
LX-0d07759dd4	lexeme	שָׁזַר	hewiktionary	SILVER	infinitive_vocalized	WIKTIONARY_ONLY
LX-eec3a0c68f	lexeme	חָשַׁשׁ	hewiktionary	QUESTIONABLE	infinitive_vocalized	WIKTIONARY_ONLY
LX-a07022db8f	lexeme	גָּהַר	hewiktionary	SILVER	infinitive_vocalized	WIKTIONARY_ONLY
LX-8c939c8672	lexeme	טֵרֵר	hewiktionary	SILVER	infinitive_vocalized|gloss_en	WIKTIONARY_ONLY
LX-ee29d7438a	lexeme	עָתַק	hewiktionary	SILVER	gloss_en	WIKTIONARY_ONLY
LX-fa96b3af27	lexeme	הִלְעִיב	hewiktionary	SILVER	lemma_unvocalized|infinitive_vocalized	WIKTIONARY_ONLY
LX-cbb932820c	lexeme	בִּתֵּק	hewiktionary	SILVER	lemma_unvocalized|infinitive_vocalized	WIKTIONARY_ONLY
LX-1cbc6e2291	lexeme	גָּלַשׁ	hewiktionary	SILVER	infinitive_vocalized	WIKTIONARY_ONLY
LX-2747b85b0e	lexeme	טִלְפֵּן	hewiktionary	SILVER	infinitive_vocalized	WIKTIONARY_ONLY
LX-fa857169fb	lexeme	הִתְעַלֵּם	hewiktionary	SILVER	infinitive_vocalized	WIKTIONARY_ONLY
LX-67b25fddbe	lexeme	נָבַע	hewiktionary	SILVER	lemma_unvocalized|infinitive_vocalized|gloss_en	WIKTIONARY_ONLY
LX-21b9ecf50d	lexeme	נִבְעָה	hewiktionary	SILVER	infinitive_vocalized|gloss_en	WIKTIONARY_ONLY
LX-58e50a47a6	lexeme	סִמֵּם	hewiktionary	SILVER	infinitive_vocalized	WIKTIONARY_ONLY
LX-3871f04fb2	lexeme	חִרְטֵט	hewiktionary	SILVER	infinitive_vocalized	WIKTIONARY_ONLY
LX-662377e257	lexeme	חָרַט	hewiktionary	SILVER	infinitive_vocalized|gloss_en	WIKTIONARY_ONLY
LX-e9ac96c0bc	lexeme	גָּרַע	hewiktionary	SILVER	infinitive_vocalized|gloss_en	WIKTIONARY_ONLY
LX-bf99f85763	lexeme	גֵּרֵעַ	hewiktionary	SILVER	infinitive_vocalized|gloss_en	WIKTIONARY_ONLY
LX-be33959bf5	lexeme	כִּעֵר	hewiktionary	SILVER	lemma_unvocalized|infinitive_vocalized|gloss_en	WIKTIONARY_ONLY
LX-557865dae9	lexeme	רָטַט	hewiktionary	SILVER	lemma_unvocalized|infinitive_vocalized	WIKTIONARY_ONLY
LX-7173151157	lexeme	זִנָּה	hewiktionary	SILVER	infinitive_vocalized|gloss_en	WIKTIONARY_ONLY
LX-b65dd7f500	lexeme	חִשֵּׁל	hewiktionary	SILVER	infinitive_vocalized	WIKTIONARY_ONLY
LX-8068ce2be5	lexeme	חָשַׁל	hewiktionary	SILVER	infinitive_vocalized	WIKTIONARY_ONLY
LX-1a40e082a6	lexeme	לָגַם	hewiktionary	SILVER	infinitive_vocalized	WIKTIONARY_ONLY
LX-9a701f9456	lexeme	נָחָה	hewiktionary	SILVER	lemma_unvocalized|infinitive_vocalized|gloss_en	WIKTIONARY_ONLY
LX-4c102df746	lexeme	גָּמַע	hewiktionary	SILVER	lemma_unvocalized|infinitive_vocalized|gloss_en	WIKTIONARY_ONLY
LX-af71559f30	lexeme	גִּמֵּעַ	hewiktionary	SILVER	infinitive_vocalized|gloss_en	WIKTIONARY_ONLY
LX-2b9f6bbe71	lexeme	חָנַךְ	hewiktionary	SILVER	lemma_unvocalized|infinitive_vocalized	WIKTIONARY_ONLY
LX-5040654f2c	lexeme	שִׁנֵּס	hewiktionary	SILVER	infinitive_vocalized|gloss_en	WIKTIONARY_ONLY
LX-d76390843f	lexeme	עִנֵּג	hewiktionary	SILVER	infinitive_vocalized|gloss_en	WIKTIONARY_ONLY
LX-5e270e4bf5	lexeme	חָסַם	hewiktionary	SILVER	infinitive_vocalized	WIKTIONARY_ONLY
LX-af85acdf1f	lexeme	חִסֵּם	hewiktionary	SILVER	infinitive_vocalized|gloss_en	WIKTIONARY_ONLY
LX-db47fba3b9	lexeme	פִנְטֵז	hewiktionary	SILVER	infinitive_vocalized	WIKTIONARY_ONLY
LX-ad801439aa	lexeme	שָׁעַט	hewiktionary	SILVER	infinitive_vocalized	WIKTIONARY_ONLY
LX-4907cb3861	lexeme	קִנֵּב	hewiktionary	SILVER	infinitive_vocalized	WIKTIONARY_ONLY
LX-108c5318ac	lexeme	תָּחַב	hewiktionary	SILVER	lemma_unvocalized|infinitive_vocalized|gloss_en	WIKTIONARY_ONLY
LX-1f1a2f125d	lexeme	שָׁתַע	hewiktionary	SILVER	infinitive_vocalized	WIKTIONARY_ONLY
LX-7a2577c542	lexeme	שִׁתַּע	hewiktionary	SILVER	infinitive_vocalized|gloss_en	WIKTIONARY_ONLY
LX-e77325478c	lexeme	דָּחַס	hewiktionary	SILVER	lemma_unvocalized|infinitive_vocalized|gloss_en	WIKTIONARY_ONLY
LX-cf2ec64cd0	lexeme	פִּטְפֵּט	hewiktionary	SILVER	lemma_unvocalized|infinitive_vocalized|gloss_en	WIKTIONARY_ONLY
LX-0055a37845	lexeme	הִסָּה	hewiktionary	SILVER	infinitive_vocalized	WIKTIONARY_ONLY
LX-500c25cfd2	lexeme	פִּשֵֹק	hewiktionary	SILVER	infinitive_vocalized|gloss_en	WIKTIONARY_ONLY
LX-de5a04b36e	lexeme	דָּלַג	hewiktionary	SILVER	lemma_unvocalized|infinitive_vocalized|gloss_en	WIKTIONARY_ONLY
LX-30eaa6ec2b	lexeme	דִּלֵּג	hewiktionary	SILVER	infinitive_vocalized	WIKTIONARY_ONLY
LX-99c5da4d60	lexeme	הֶחֱשָׁה	hewiktionary	SILVER	lemma_unvocalized|infinitive_vocalized|gloss_en	WIKTIONARY_ONLY
LX-94b186b5b7	lexeme	רָצַף	hewiktionary	SILVER	infinitive_vocalized|gloss_en	WIKTIONARY_ONLY
LX-04a06a4bf1	lexeme	רִצֵּף	hewiktionary	SILVER	infinitive_vocalized	WIKTIONARY_ONLY
LX-66d571ebbe	lexeme	נוֹאַשׁ	hewiktionary	SILVER	lemma_unvocalized|gloss_en	WIKTIONARY_ONLY
LX-70158a79ac	lexeme	יִאֵשׁ	hewiktionary	SILVER	gloss_en	WIKTIONARY_ONLY
LX-2dfeecc811	lexeme	פָּסַק	hewiktionary	SILVER	lemma_unvocalized|gloss_en	WIKTIONARY_ONLY
LX-324bf7cccf	lexeme	פִּסֵּק	hewiktionary	SILVER	gloss_en	WIKTIONARY_ONLY
LX-518983d9a7	lexeme	נִרְצָף	hewiktionary	SILVER	lemma_unvocalized|infinitive_vocalized|gloss_en	WIKTIONARY_ONLY
LX-d87ade6c5d	lexeme	חָרַץ	hewiktionary	SILVER	gloss_en	WIKTIONARY_ONLY
LX-acb8557198	lexeme	גִּהֵץ	hewiktionary	SILVER	infinitive_vocalized	WIKTIONARY_ONLY
LX-55afd13e12	lexeme	נָהָה	hewiktionary	SILVER	infinitive_vocalized|gloss_en	WIKTIONARY_ONLY
LX-5982d9b8bc	lexeme	עִטֵּשׁ	hewiktionary	SILVER	infinitive_vocalized|gloss_en	WIKTIONARY_ONLY
LX-3ad98f0ab7	lexeme	שָׁאַף	hewiktionary	SILVER	infinitive_vocalized	WIKTIONARY_ONLY
LX-1590e73dc8	lexeme	גָּבַל	hewiktionary	SILVER	infinitive_vocalized	WIKTIONARY_ONLY
LX-205fc76ae0	lexeme	גִּבֵּל	hewiktionary	SILVER	infinitive_vocalized	WIKTIONARY_ONLY
LX-a6ffb9cf53	lexeme	הִשְׁתַּרְבֵּב	hewiktionary	SILVER	infinitive_vocalized|gloss_en	WIKTIONARY_ONLY
LX-cdc98d5f9f	lexeme	שִׁרְבֵּב	hewiktionary	SILVER	infinitive_vocalized|gloss_en	WIKTIONARY_ONLY
LX-d6cda2335d	lexeme	הִכְתִיב	hewiktionary	SILVER	infinitive_vocalized	WIKTIONARY_ONLY
LX-7a60c926a3	lexeme	לָעַג	hewiktionary	SILVER	infinitive_vocalized|gloss_en	WIKTIONARY_ONLY
LX-16b3c0854b	lexeme	לָטַף	hewiktionary	SILVER	lemma_unvocalized|gloss_en	WIKTIONARY_ONLY
LX-21cdf102b6	lexeme	אִכֵּן	hewiktionary	SILVER	lemma_unvocalized|infinitive_vocalized	WIKTIONARY_ONLY
LX-4d4221d3d3	lexeme	כִּדְּרֵר	hewiktionary	SILVER	lemma_unvocalized|infinitive_vocalized	WIKTIONARY_ONLY
LX-5f78e3e614	lexeme	גָּזַז	hewiktionary	SILVER	lemma_unvocalized|infinitive_vocalized	WIKTIONARY_ONLY
LX-932186c0a1	lexeme	חִלֵּן	hewiktionary	SILVER	infinitive_vocalized	WIKTIONARY_ONLY
LX-ced0e2316c	lexeme	פִדֵּחַ	hewiktionary	SILVER	infinitive_vocalized|gloss_en	WIKTIONARY_ONLY
LX-8444660d36	lexeme	הִמְחִישׁ	hewiktionary	SILVER	infinitive_vocalized	WIKTIONARY_ONLY
LX-c80096cb4a	lexeme	הִמְחִיז	hewiktionary	SILVER	infinitive_vocalized	WIKTIONARY_ONLY
LX-a52ac1a88c	lexeme	כָּסַס	hewiktionary	SILVER	lemma_unvocalized|infinitive_vocalized	WIKTIONARY_ONLY
LX-eb5ea0e29d	lexeme	שֵׂרֵךְ	hewiktionary	SILVER	lemma_unvocalized|infinitive_vocalized|gloss_en	WIKTIONARY_ONLY
LX-28401c0ba2	lexeme	שָׂרַךְ	hewiktionary	SILVER	lemma_unvocalized|infinitive_vocalized|gloss_en	WIKTIONARY_ONLY
LX-0e05fff14b	lexeme	עִפֵּשׁ	hewiktionary	SILVER	infinitive_vocalized	WIKTIONARY_ONLY
LX-09135174a0	lexeme	רָקַב	hewiktionary	SILVER	infinitive_vocalized	WIKTIONARY_ONLY
LX-0a6d4e5e33	lexeme	חִבֵּב	hewiktionary	SILVER	infinitive_vocalized	WIKTIONARY_ONLY
LX-80a15e9d74	lexeme	הָמַם	hewiktionary	SILVER	lemma_unvocalized|infinitive_vocalized	WIKTIONARY_ONLY
LX-1bcf7da9c7	lexeme	הִמֵּם	hewiktionary	SILVER	lemma_unvocalized|infinitive_vocalized	WIKTIONARY_ONLY
LX-71d1844571	lexeme	פָּתַת	hewiktionary	SILVER	lemma_unvocalized|infinitive_vocalized	WIKTIONARY_ONLY
LX-a765e2e1d3	lexeme	שָׁאט	hewiktionary	SILVER	lemma_unvocalized|infinitive_vocalized|gloss_en	WIKTIONARY_ONLY
LX-1b12b4f1aa	lexeme	הִפְצִיר	hewiktionary	SILVER	lemma_unvocalized|infinitive_vocalized	WIKTIONARY_ONLY
LX-15874fd734	lexeme	פָּצַר	hewiktionary	SILVER	infinitive_vocalized|gloss_en	WIKTIONARY_ONLY
LX-e027bca174	lexeme	זִגְזֵג	hewiktionary	SILVER	infinitive_vocalized	WIKTIONARY_ONLY
LX-a090356050	lexeme	רָעַד	hewiktionary	SILVER	lemma_unvocalized|infinitive_vocalized	WIKTIONARY_ONLY
LX-bf35288856	lexeme	דָּלַל	hewiktionary	QUESTIONABLE	lemma_unvocalized|infinitive_vocalized|gloss_en	WIKTIONARY_ONLY
LX-cff2aa36cf	lexeme	דִּלֵּל	hewiktionary	SILVER	infinitive_vocalized|gloss_en	WIKTIONARY_ONLY
LX-48b619fe93	lexeme	נִפֵּק	hewiktionary	SILVER	infinitive_vocalized|gloss_en	WIKTIONARY_ONLY
LX-24f23683ee	lexeme	פָּק	hewiktionary	SILVER	lemma_unvocalized|infinitive_vocalized|gloss_en	WIKTIONARY_ONLY
LX-32ada5a698	lexeme	שָׁאַב	hewiktionary	SILVER	infinitive_vocalized	WIKTIONARY_ONLY
LX-8c6b6a89ee	lexeme	גִּחֵךְ	hewiktionary	SILVER	infinitive_vocalized	WIKTIONARY_ONLY
LX-9e23c4570d	lexeme	עָרַל	hewiktionary	SILVER	infinitive_vocalized|gloss_en	WIKTIONARY_ONLY
LX-da855fd4fe	lexeme	רֻטֲפַשׁ	hewiktionary	SILVER	infinitive_vocalized	WIKTIONARY_ONLY
LX-522367b15b	lexeme	עָדָה	hewiktionary	SILVER	infinitive_vocalized|gloss_en	WIKTIONARY_ONLY
LX-d9390efea7	lexeme	מָג	hewiktionary	SILVER	lemma_unvocalized|infinitive_vocalized|gloss_en	WIKTIONARY_ONLY
LX-314ea16d5d	lexeme	סָחַב	hewiktionary	SILVER	infinitive_vocalized	WIKTIONARY_ONLY
LX-d87777e6e6	lexeme	נָתַשׁ	hewiktionary	SILVER	infinitive_vocalized|gloss_en	WIKTIONARY_ONLY
LX-89db438309	lexeme	נִתַּשׁ	hewiktionary	SILVER	infinitive_vocalized|gloss_en	WIKTIONARY_ONLY
LX-979e8864e4	lexeme	כָּפַת	hewiktionary	SILVER	infinitive_vocalized	WIKTIONARY_ONLY
LX-e5e0f93d5b	lexeme	אִלֵּץ	hewiktionary	SILVER	infinitive_vocalized|gloss_en	WIKTIONARY_ONLY
LX-3defd9e540	lexeme	שָׁלָה	hewiktionary	QUESTIONABLE	lemma_unvocalized|infinitive_vocalized|gloss_en	WIKTIONARY_ONLY
LX-79fc5bc4c1	lexeme	שָׁלָה	hewiktionary	QUESTIONABLE	lemma_unvocalized|infinitive_vocalized|gloss_en	WIKTIONARY_ONLY
LX-9cd765a300	lexeme	לִפֵּף	hewiktionary	SILVER	infinitive_vocalized	WIKTIONARY_ONLY
LX-c03886fbc8	lexeme	קָרַץ	hewiktionary	SILVER	infinitive_vocalized	WIKTIONARY_ONLY
LX-5c417065b3	lexeme	קֹרַץ	hewiktionary	SILVER	infinitive_vocalized|gloss_en	WIKTIONARY_ONLY
LX-1ad746bced	lexeme	צָמַק	hewiktionary	SILVER	infinitive_vocalized|gloss_en	WIKTIONARY_ONLY
LX-b9c5cb139a	lexeme	צִמֵּק	hewiktionary	SILVER	infinitive_vocalized|gloss_en	WIKTIONARY_ONLY
LX-7d2269343d	lexeme	נִצְרָב	hewiktionary	SILVER	infinitive_vocalized	WIKTIONARY_ONLY
LX-da2bc9ba16	lexeme	פִּלָּה	hewiktionary	SILVER	infinitive_vocalized	WIKTIONARY_ONLY
LX-f8c3ed2606	lexeme	יָסַף	hewiktionary	SILVER	lemma_unvocalized|infinitive_vocalized	WIKTIONARY_ONLY
LX-13df5f3577	lexeme	יִנֵּן	hewiktionary	SILVER	infinitive_vocalized	WIKTIONARY_ONLY
LX-b2ee69701b	lexeme	רָכַשׁ	hewiktionary	SILVER	lemma_unvocalized|infinitive_vocalized	WIKTIONARY_ONLY
LX-25660a5223	lexeme	הִקְרִיץ	hewiktionary	SILVER	infinitive_vocalized	WIKTIONARY_ONLY
LX-13f3604819	lexeme	הֶלְאָה	hewiktionary	SILVER	infinitive_vocalized|gloss_en	WIKTIONARY_ONLY
LX-5ffdc8bb8a	lexeme	נֶעֱתָּק	hewiktionary	SILVER	lemma_unvocalized|infinitive_vocalized|gloss_en	WIKTIONARY_ONLY
LX-6050725c07	lexeme	אִוָּה	hewiktionary	SILVER	infinitive_vocalized	WIKTIONARY_ONLY
LX-649d3acd08	lexeme	חָרַת	hewiktionary	SILVER	infinitive_vocalized|gloss_en	WIKTIONARY_ONLY
LX-1e990417e0	lexeme	זִבֵּחַ	hewiktionary	SILVER	gloss_en	WIKTIONARY_ONLY
LX-650e3dd848	lexeme	בִּעֵט	hewiktionary	SILVER	infinitive_vocalized|gloss_en	WIKTIONARY_ONLY
LX-0ec0b9afe9	lexeme	נִבְעַט	hewiktionary	SILVER	infinitive_vocalized|gloss_en	WIKTIONARY_ONLY
LX-5df7c61d65	lexeme	הִטִּיף	hewiktionary	SILVER	lemma_unvocalized	WIKTIONARY_ONLY
LX-546a2a9f5d	lexeme	סָאַן	hewiktionary	SILVER	infinitive_vocalized|gloss_en	WIKTIONARY_ONLY
LX-3fb40d5f19	lexeme	אָבַס	hewiktionary	SILVER	infinitive_vocalized	WIKTIONARY_ONLY
LX-050661ec9d	lexeme	בָּס	hewiktionary	SILVER	gloss_en	WIKTIONARY_ONLY
LX-a17940ce93	lexeme	בָּסָה	hewiktionary	SILVER	lemma_unvocalized|infinitive_vocalized	WIKTIONARY_ONLY
LX-716e8750b4	lexeme	אָזַר	hewiktionary	SILVER	infinitive_vocalized	WIKTIONARY_ONLY
LX-2469b9e6f5	lexeme	אִזֵּר	hewiktionary	SILVER	infinitive_vocalized|gloss_en	WIKTIONARY_ONLY
LX-0b66ab3ba7	lexeme	הִצִּיב	hewiktionary	SILVER	gloss_en	WIKTIONARY_ONLY
LX-b7fc800153	lexeme	גָּדַע	hewiktionary	SILVER	infinitive_vocalized	WIKTIONARY_ONLY
LX-3b63bf7345	lexeme	גִּדֵּע	hewiktionary	SILVER	infinitive_vocalized|gloss_en	WIKTIONARY_ONLY
LX-54a8c8346c	lexeme	בָּטַשׁ	hewiktionary	SILVER	lemma_unvocalized|infinitive_vocalized|gloss_en	WIKTIONARY_ONLY
LX-a5fa42846e	lexeme	יִצֵּב	hewiktionary	SILVER	gloss_en	WIKTIONARY_ONLY
LX-60bdb063fa	lexeme	בִּלֵּף	hewiktionary	SILVER	infinitive_vocalized	WIKTIONARY_ONLY
LX-84fb8f91cb	lexeme	אִשֵּׁשׁ	hewiktionary	SILVER	infinitive_vocalized	WIKTIONARY_ONLY
LX-406c9fac5a	lexeme	רָעַץ	hewiktionary	SILVER	infinitive_vocalized|gloss_en	WIKTIONARY_ONLY
LX-3bef60a0f2	lexeme	נֶאֱלַח	hewiktionary	SILVER	infinitive_vocalized|gloss_en	WIKTIONARY_ONLY
LX-cf3cb73ee1	lexeme	חָתַם	hewiktionary	SILVER	lemma_unvocalized	WIKTIONARY_ONLY
LX-78843c5aea	lexeme	גִּלֵּף	hewiktionary	SILVER	infinitive_vocalized	WIKTIONARY_ONLY
LX-83c57868c8	lexeme	נִטְרַד	hewiktionary	SILVER	infinitive_vocalized	WIKTIONARY_ONLY
LX-7afb0491a5	lexeme	בִּיֵּץ	hewiktionary	SILVER	infinitive_vocalized	WIKTIONARY_ONLY
LX-08d774dc2c	lexeme	הוֹקִיעַ	hewiktionary	SILVER	infinitive_vocalized	WIKTIONARY_ONLY
LX-4296a2f246	lexeme	קִעְקֵעַ	hewiktionary	QUESTIONABLE	lemma_unvocalized|infinitive_vocalized|gloss_en	WIKTIONARY_ONLY
LX-5a320289a5	lexeme	קִעֲקֵעַ	hewiktionary	QUESTIONABLE	lemma_unvocalized|infinitive_vocalized|gloss_en	WIKTIONARY_ONLY
LX-54dacfb337	lexeme	אִפְסֵן	hewiktionary	SILVER	lemma_unvocalized|infinitive_vocalized	WIKTIONARY_ONLY
LX-af3a82ee1d	lexeme	אִכְסֵן	hewiktionary	SILVER	infinitive_vocalized	WIKTIONARY_ONLY
LX-69edcc0bb7	lexeme	בָּחַשׁ	hewiktionary	SILVER	infinitive_vocalized	WIKTIONARY_ONLY
LX-c1d7a2649f	lexeme	נֶעְצַל	hewiktionary	SILVER	lemma_unvocalized|infinitive_vocalized|gloss_en	WIKTIONARY_ONLY
LX-9c59bf80bc	lexeme	גָּזַל	hewiktionary	SILVER	lemma_unvocalized	WIKTIONARY_ONLY
LX-78bfcb8850	lexeme	יִחֵם	hewiktionary	SILVER	infinitive_vocalized|gloss_en	WIKTIONARY_ONLY
LX-1ac70fad53	lexeme	חָבַט	hewiktionary	SILVER	lemma_unvocalized	WIKTIONARY_ONLY
LX-b5cbb6d983	lexeme	דָּמַע	hewiktionary	SILVER	lemma_unvocalized|infinitive_vocalized	WIKTIONARY_ONLY
LX-f3bce3e145	lexeme	דִּמֵּעַ	hewiktionary	SILVER	infinitive_vocalized|gloss_en	WIKTIONARY_ONLY
LX-9f6b4eb775	lexeme	גָּנַח	hewiktionary	SILVER	infinitive_vocalized	WIKTIONARY_ONLY
LX-cbc0c3db36	lexeme	הִצָּה	hewiktionary	SILVER	infinitive_vocalized|gloss_en	WIKTIONARY_ONLY
LX-03b2c34164	lexeme	קָלַשׁ	hewiktionary	SILVER	infinitive_vocalized|gloss_en	WIKTIONARY_ONLY
LX-5188de47e9	lexeme	דָּחַק	hewiktionary	SILVER	infinitive_vocalized	WIKTIONARY_ONLY
LX-a31ee32a5d	lexeme	שִׁדֵּל	hewiktionary	SILVER	infinitive_vocalized|gloss_en	WIKTIONARY_ONLY
LX-42cdf222ef	lexeme	הִתְעַבָּה	hewiktionary	QUESTIONABLE	lemma_unvocalized|infinitive_vocalized	WIKTIONARY_ONLY
LX-e20c67fd03	lexeme	סָטָה	hewiktionary	QUESTIONABLE	lemma_unvocalized|infinitive_vocalized	WIKTIONARY_ONLY
LX-f749816ad0	lexeme	הִסְנִיף	hewiktionary	SILVER	infinitive_vocalized	WIKTIONARY_ONLY
LX-dc3b6ea10f	lexeme	הֻכְלָם	hewiktionary	SILVER	infinitive_vocalized|gloss_en	WIKTIONARY_ONLY
LX-5d4711bc30	lexeme	לִסְטֵם	hewiktionary	SILVER	lemma_unvocalized	WIKTIONARY_ONLY
LX-894db47402	lexeme	מִסְטֵל	hewiktionary	SILVER	lemma_unvocalized|infinitive_vocalized|gloss_en	WIKTIONARY_ONLY
LX-517a5e5540	lexeme	גִּעֲגַעַ	hewiktionary	SILVER	lemma_unvocalized|infinitive_vocalized|gloss_en	WIKTIONARY_ONLY
LX-2d052aeaff	lexeme	שֻׁטַּף	hewiktionary	SILVER	infinitive_vocalized|gloss_en	WIKTIONARY_ONLY
LX-e007dabd91	lexeme	צָנַח	hewiktionary	SILVER	infinitive_vocalized|gloss_en	WIKTIONARY_ONLY
LX-7a3e5edacb	lexeme	יָגַע	hewiktionary	SILVER	infinitive_vocalized	WIKTIONARY_ONLY
LX-9bcd64d9f0	lexeme	נָדַח	hewiktionary	SILVER	gloss_en	WIKTIONARY_ONLY
LX-7bc08633fb	lexeme	נִדַּח	hewiktionary	SILVER	infinitive_vocalized|gloss_en	WIKTIONARY_ONLY
LX-ef330a538f	lexeme	סִיֵּט	hewiktionary	SILVER	infinitive_vocalized|gloss_en	WIKTIONARY_ONLY
LX-c6c0728743	lexeme	הִתְפַקְשֵׁשׁ	hewiktionary	SILVER	infinitive_vocalized|gloss_en	WIKTIONARY_ONLY
LX-c9f98ffa70	lexeme	הִתְבַּהֵם	hewiktionary	SILVER	lemma_unvocalized|gloss_en	WIKTIONARY_ONLY
LX-0b7ed4f396	lexeme	הִבְהֵב	hewiktionary	SILVER	infinitive_vocalized	WIKTIONARY_ONLY
LX-ad44653f8f	lexeme	נִמְנֵם	hewiktionary	SILVER	lemma_unvocalized	WIKTIONARY_ONLY
LX-2173cdfc12	lexeme	סִגֵּף	hewiktionary	SILVER	gloss_en	WIKTIONARY_ONLY
LX-6783d21215	lexeme	פָּשַׁח	hewiktionary	SILVER	gloss_en	WIKTIONARY_ONLY
LX-b8d734ea1d	lexeme	פִּשֵּׁחַ	hewiktionary	SILVER	gloss_en	WIKTIONARY_ONLY
LX-6ddc80ceab	lexeme	הִרְהֵר	hewiktionary	SILVER	lemma_unvocalized|infinitive_vocalized	WIKTIONARY_ONLY
LX-fe437f7534	lexeme	טִנֵּן	hewiktionary	SILVER	infinitive_vocalized|gloss_en	WIKTIONARY_ONLY
LX-7c84b8e044	lexeme	נָכַל	hewiktionary	SILVER	lemma_unvocalized|infinitive_vocalized|gloss_en	WIKTIONARY_ONLY
LX-b54002e7e7	lexeme	נִכֵּל	hewiktionary	SILVER	gloss_en	WIKTIONARY_ONLY
LX-6a99ada17f	lexeme	טִפְטֵף	hewiktionary	SILVER	infinitive_vocalized	WIKTIONARY_ONLY
LX-4a39ca6e62	lexeme	הִשִּׂיק	hewiktionary	QUESTIONABLE	infinitive_vocalized|gloss_en	WIKTIONARY_ONLY
LX-bcf0ce4c20	lexeme	תִּמְרֵן	hewiktionary	SILVER	infinitive_vocalized	WIKTIONARY_ONLY
LX-d30e0de15a	lexeme	רָחַק	hewiktionary	SILVER	gloss_en	WIKTIONARY_ONLY
LX-c7746050a6	lexeme	שִׁסֵּף	hewiktionary	SILVER	infinitive_vocalized|gloss_en	WIKTIONARY_ONLY
LX-45861bf312	lexeme	נִיֵּחַ	hewiktionary	SILVER	infinitive_vocalized	WIKTIONARY_ONLY
LX-d2806c0ce3	lexeme	לָכָד	hewiktionary	SILVER	infinitive_vocalized|gloss_en	WIKTIONARY_ONLY
LX-4517538b74	lexeme	לִכֵּד	hewiktionary	SILVER	gloss_en	WIKTIONARY_ONLY
LX-8bc482eea0	lexeme	הִתְלַכֵּד	hewiktionary	SILVER	gloss_en	WIKTIONARY_ONLY
LX-a1c3eedf0d	lexeme	מִלְכֵּד	hewiktionary	SILVER	infinitive_vocalized|gloss_en	WIKTIONARY_ONLY
LX-4825e09b01	lexeme	הִתְמוֹגֵג	hewiktionary	QUESTIONABLE	lemma_unvocalized	WIKTIONARY_ONLY
LX-8092e169c7	lexeme	שָׁתַת	hewiktionary	SILVER	lemma_unvocalized|infinitive_vocalized|gloss_en	WIKTIONARY_ONLY
LX-edd383470a	lexeme	עָלַב	hewiktionary	SILVER	lemma_unvocalized|gloss_en	WIKTIONARY_ONLY
LX-a08c1287f2	lexeme	דָּגַה	hewiktionary	SILVER	infinitive_vocalized|gloss_en	WIKTIONARY_ONLY
LX-0a542c64da	lexeme	עָלַס	hewiktionary	SILVER	lemma_unvocalized|gloss_en	WIKTIONARY_ONLY
LX-d54c205248	lexeme	נֶעֱלָס	hewiktionary	SILVER	lemma_unvocalized|infinitive_vocalized|gloss_en	WIKTIONARY_ONLY
LX-c4d4f3b51d	lexeme	הִתְפַּקֵּק	hewiktionary	SILVER	lemma_unvocalized|infinitive_vocalized|gloss_en	WIKTIONARY_ONLY
LX-8ae8d87443	lexeme	פּוֹקֵק	hewiktionary	SILVER	infinitive_vocalized|gloss_en	WIKTIONARY_ONLY
LX-665dd540cf	lexeme	מִלֵּט	hewiktionary	SILVER	infinitive_vocalized|gloss_en	WIKTIONARY_ONLY
LX-d580ea2b72	lexeme	גִּבֵּב	hewiktionary	SILVER	lemma_unvocalized|infinitive_vocalized	WIKTIONARY_ONLY
LX-753d44396b	lexeme	פָּחַת	hewiktionary	SILVER	lemma_unvocalized|gloss_en	WIKTIONARY_ONLY
LX-1bdae2c637	lexeme	פִּחֵת	hewiktionary	SILVER	gloss_en	WIKTIONARY_ONLY
LX-230d4ecf38	lexeme	הִקְרִין	hewiktionary	SILVER	lemma_unvocalized	WIKTIONARY_ONLY
LX-a62205ae3b	lexeme	הִצְמִיחַ	hewiktionary	SILVER	lemma_unvocalized	WIKTIONARY_ONLY
LX-b29957dad8	lexeme	מָלַג	hewiktionary	SILVER	infinitive_vocalized|gloss_en	WIKTIONARY_ONLY
LX-27c7e57829	lexeme	בִּיֵּל	hewiktionary	SILVER	infinitive_vocalized|gloss_en	WIKTIONARY_ONLY
LX-5f0a664913	lexeme	זָלַף	hewiktionary	SILVER	lemma_unvocalized|infinitive_vocalized|gloss_en	WIKTIONARY_ONLY
LX-ca00cf4c7b	lexeme	זִלֵּף	hewiktionary	SILVER	infinitive_vocalized|gloss_en	WIKTIONARY_ONLY
LX-918b979dca	lexeme	הִגֵּר	hewiktionary	SILVER	infinitive_vocalized|gloss_en	WIKTIONARY_ONLY
LX-bed71c9ac1	lexeme	מָרַט	hewiktionary	SILVER	infinitive_vocalized	WIKTIONARY_ONLY
LX-3a059443b9	lexeme	בִּיֵּם	hewiktionary	SILVER	infinitive_vocalized	WIKTIONARY_ONLY
LX-02177ecbb8	lexeme	הִקְשִׁיחַ	hewiktionary	SILVER	lemma_unvocalized|gloss_en	WIKTIONARY_ONLY
LX-667d42a756	lexeme	מִשֵׁשׁ	hewiktionary	SILVER	infinitive_vocalized|gloss_en	WIKTIONARY_ONLY
LX-f738773729	lexeme	טָפַף	hewiktionary	SILVER	lemma_unvocalized|infinitive_vocalized|gloss_en	WIKTIONARY_ONLY
LX-dd6192f009	lexeme	עִכֵּס	hewiktionary	SILVER	infinitive_vocalized	WIKTIONARY_ONLY
LX-fbba9f46dc	lexeme	קָאָה	hewiktionary	SILVER	lemma_unvocalized|infinitive_vocalized	WIKTIONARY_ONLY
LX-df45508c98	lexeme	קָיָה	hewiktionary	SILVER	lemma_unvocalized|infinitive_vocalized|gloss_en	WIKTIONARY_ONLY
LX-34a2c6a64f	lexeme	זִוֵּד	hewiktionary	SILVER	lemma_unvocalized|infinitive_vocalized|gloss_en	WIKTIONARY_ONLY
LX-c37b5317b0	lexeme	חָתָה	hewiktionary	SILVER	lemma_unvocalized|infinitive_vocalized|gloss_en	WIKTIONARY_ONLY
LX-d30a318a2b	lexeme	חִתָּה	hewiktionary	SILVER	infinitive_vocalized|gloss_en	WIKTIONARY_ONLY
LX-c423f6d879	lexeme	הִשְׁקִיף	hewiktionary	SILVER	infinitive_vocalized|gloss_en	WIKTIONARY_ONLY
LX-14d2046683	lexeme	הִפְצִיעַ	hewiktionary	SILVER	infinitive_vocalized|gloss_en	WIKTIONARY_ONLY
LX-2f87609dae	lexeme	הִשְׁעָה	hewiktionary	SILVER	infinitive_vocalized	WIKTIONARY_ONLY
LX-b822ef4949	lexeme	שִׁכְלֵל	hewiktionary	QUESTIONABLE	lemma_unvocalized|infinitive_vocalized|gloss_en	WIKTIONARY_ONLY
LX-59df3d0264	lexeme	יִצֵּג	hewiktionary	SILVER	gloss_en	WIKTIONARY_ONLY
LX-4dd109f9cf	lexeme	סָגָה	hewiktionary	SILVER	infinitive_vocalized|gloss_en	WIKTIONARY_ONLY
LX-771c51cfbe	lexeme	גִּמְגֵּם	hewiktionary	SILVER	infinitive_vocalized	WIKTIONARY_ONLY
LX-9244f6179e	lexeme	נִפְלַל	hewiktionary	SILVER	infinitive_vocalized	WIKTIONARY_ONLY
LX-7a1086916f	lexeme	רָפַד	hewiktionary	SILVER	infinitive_vocalized|gloss_en	WIKTIONARY_ONLY
LX-2cba6efc6a	lexeme	שִׂרְטֵט	hewiktionary	SILVER	lemma_unvocalized|infinitive_vocalized	WIKTIONARY_ONLY
LX-3be6c0f734	lexeme	עִתֵּד	hewiktionary	SILVER	infinitive_vocalized|gloss_en	WIKTIONARY_ONLY
LX-4e304ebaae	lexeme	יִבֵּל	hewiktionary	SILVER	gloss_en	WIKTIONARY_ONLY
LX-b46ddc0777	lexeme	הִדְהֵד	hewiktionary	SILVER	infinitive_vocalized	WIKTIONARY_ONLY
LX-5f19013cbb	lexeme	הִתְנַפְנֵף	hewiktionary	SILVER	infinitive_vocalized	WIKTIONARY_ONLY
LX-c7ad008540	lexeme	הִרְתִיעַ	hewiktionary	SILVER	infinitive_vocalized	WIKTIONARY_ONLY
LX-40fe2d28a8	lexeme	תִּעְתֵּעַ	hewiktionary	SILVER	infinitive_vocalized	WIKTIONARY_ONLY
LX-90a09a78fa	lexeme	נִמְתַּח	hewiktionary	SILVER	infinitive_vocalized	WIKTIONARY_ONLY
LX-f4939e46f8	lexeme	בִּרְבֵּר	hewiktionary	SILVER	infinitive_vocalized	WIKTIONARY_ONLY
LX-a80cc03147	lexeme	הִרְעִיף	hewiktionary	SILVER	lemma_unvocalized|infinitive_vocalized|gloss_en	WIKTIONARY_ONLY
LX-95d3bfec34	lexeme	הִתְחַנֵּף	hewiktionary	SILVER	infinitive_vocalized	WIKTIONARY_ONLY
LX-9e7f4e233c	lexeme	עֵרָה	hewiktionary	SILVER	gloss_en	WIKTIONARY_ONLY
LX-e5ae2f7a7e	lexeme	שִׁמֵּת	hewiktionary	SILVER	infinitive_vocalized|gloss_en	WIKTIONARY_ONLY
LX-086e693112	lexeme	הִתְרִיעַ	hewiktionary	SILVER	lemma_unvocalized|gloss_en	WIKTIONARY_ONLY
LX-c3ecda33c5	lexeme	נִרְזָה	hewiktionary	SILVER	lemma_unvocalized|infinitive_vocalized|gloss_en	WIKTIONARY_ONLY
LX-a187bb5879	lexeme	הִתְחַלָּה	hewiktionary	SILVER	infinitive_vocalized|gloss_en	WIKTIONARY_ONLY
LX-9f01b2973b	lexeme	פָּקַר	hewiktionary	SILVER	lemma_unvocalized|infinitive_vocalized	WIKTIONARY_ONLY
LX-0c39095129	lexeme	יָסַד	hewiktionary	SILVER	lemma_unvocalized|infinitive_vocalized|gloss_en	WIKTIONARY_ONLY
LX-1cd1f9bf0f	lexeme	יִסֵּד	hewiktionary	SILVER	infinitive_vocalized|gloss_en	WIKTIONARY_ONLY
LX-ebbc257965	lexeme	צָלָה	hewiktionary	SILVER	infinitive_vocalized	WIKTIONARY_ONLY
LX-084dbec5d0	lexeme	צִלָּה	hewiktionary	SILVER	infinitive_vocalized|gloss_en	WIKTIONARY_ONLY
LX-c6e7e0b0a2	lexeme	תֵּרֵץ	hewiktionary	SILVER	infinitive_vocalized	WIKTIONARY_ONLY
LX-1311102f2d	lexeme	נִקְרָה	hewiktionary	SILVER	infinitive_vocalized	WIKTIONARY_ONLY
LX-a831830768	lexeme	נִקֵּז	hewiktionary	SILVER	gloss_en	WIKTIONARY_ONLY
LX-61f6b58a90	lexeme	אִשְׁפֵּז	hewiktionary	SILVER	infinitive_vocalized	WIKTIONARY_ONLY
LX-b25a916d9a	lexeme	כִּוֵּץ	hewiktionary	SILVER	infinitive_vocalized|gloss_en	WIKTIONARY_ONLY
LX-297da052dc	lexeme	הֻסְכַּם	hewiktionary	SILVER	infinitive_vocalized|gloss_en	WIKTIONARY_ONLY
LX-429c8d1085	lexeme	הִסְתַּבְסֵב	hewiktionary	QUESTIONABLE	infinitive_vocalized	WIKTIONARY_ONLY
LX-e4f099c845	lexeme	קָצַע	hewiktionary	QUESTIONABLE	infinitive_vocalized|gloss_en	WIKTIONARY_ONLY
LX-e4bb689969	lexeme	קִצֵּעַ	hewiktionary	QUESTIONABLE	gloss_en	WIKTIONARY_ONLY
LX-4fd35f282c	lexeme	הִקְצִיעַ	hewiktionary	SILVER	gloss_en	WIKTIONARY_ONLY
LX-8431cd4a61	lexeme	יִבֵֵּא	hewiktionary	SILVER	infinitive_vocalized|gloss_en	WIKTIONARY_ONLY
LX-05c640ff73	lexeme	הִתְנַדְנֵד	hewiktionary	SILVER	infinitive_vocalized	WIKTIONARY_ONLY
LX-412bbc4d54	lexeme	הִתְוָה	hewiktionary	SILVER	infinitive_vocalized	WIKTIONARY_ONLY
LX-765da2daa4	lexeme	סִנְגֵּר	hewiktionary	QUESTIONABLE	gloss_en	WIKTIONARY_ONLY
LX-8a6a4ac24f	lexeme	מָחַץ	hewiktionary	SILVER	infinitive_vocalized	WIKTIONARY_ONLY
LX-dde97333b3	lexeme	הִתִּיק	hewiktionary	SILVER	gloss_en	WIKTIONARY_ONLY
LX-b6d27601a3	lexeme	קָבַץ	hewiktionary	SILVER	infinitive_vocalized|gloss_en	WIKTIONARY_ONLY
LX-e577b40505	lexeme	קִבֵּץ	hewiktionary	SILVER	infinitive_vocalized|gloss_en	WIKTIONARY_ONLY
LX-b7c46db239	lexeme	נִכְנַף	hewiktionary	SILVER	lemma_unvocalized|infinitive_vocalized|gloss_en	WIKTIONARY_ONLY
LX-ef73ea314b	lexeme	נִסְמָן	hewiktionary	QUESTIONABLE	lemma_unvocalized|infinitive_vocalized|gloss_en	WIKTIONARY_ONLY
LX-8ddedc1a7d	lexeme	נָדַב	hewiktionary	SILVER	gloss_en	WIKTIONARY_ONLY
LX-def39fabfc	lexeme	נִדֵּב	hewiktionary	SILVER	gloss_en	WIKTIONARY_ONLY
LX-3030f12f85	lexeme	נִדַּב	hewiktionary	SILVER	infinitive_vocalized|gloss_en	WIKTIONARY_ONLY
LX-41f2cdc832	lexeme	חִדָּה	hewiktionary	SILVER	infinitive_vocalized|gloss_en	WIKTIONARY_ONLY
LX-e10a856b0b	lexeme	חָדָה	hewiktionary	SILVER	lemma_unvocalized|infinitive_vocalized|gloss_en	WIKTIONARY_ONLY
LX-b46a4f9489	lexeme	טִמְטֵם	hewiktionary	SILVER	gloss_en	WIKTIONARY_ONLY
LX-48103dfac4	lexeme	מִצְמֵץ	hewiktionary	SILVER	lemma_unvocalized|infinitive_vocalized|gloss_en	WIKTIONARY_ONLY
LX-1a2f93fc83	lexeme	תִּסְכֵּל	hewiktionary	SILVER	infinitive_vocalized	WIKTIONARY_ONLY
LX-6e7fc8353d	lexeme	נִסֵּח	hewiktionary	SILVER	infinitive_vocalized	WIKTIONARY_ONLY
LX-2da6382b1e	lexeme	נִסַּח	hewiktionary	SILVER	infinitive_vocalized|gloss_en	WIKTIONARY_ONLY
LX-e45f758cb6	lexeme	נִכְמַר	hewiktionary	SILVER	infinitive_vocalized|gloss_en	WIKTIONARY_ONLY
LX-fc4b99500f	lexeme	עָטַן	hewiktionary	SILVER	infinitive_vocalized|gloss_en	WIKTIONARY_ONLY
LX-6861a00f6a	lexeme	נִמְלַץ	hewiktionary	SILVER	infinitive_vocalized|gloss_en	WIKTIONARY_ONLY
LX-6f01ac4ca9	lexeme	נָבַק	hewiktionary	SILVER	infinitive_vocalized|gloss_en	WIKTIONARY_ONLY
LX-ee19b3a78e	lexeme	הִתְאַכְסֵן	hewiktionary	SILVER	infinitive_vocalized|gloss_en	WIKTIONARY_ONLY
LX-32d21bd0e9	lexeme	הִתְלַחֵשׁ	hewiktionary	SILVER	infinitive_vocalized	WIKTIONARY_ONLY
LX-651bc8ddef	lexeme	הִנְוָה	hewiktionary	SILVER	infinitive_vocalized|gloss_en	WIKTIONARY_ONLY
LX-19e5d3ce76	lexeme	הִתְנַוֵּה	hewiktionary	SILVER	infinitive_vocalized|gloss_en	WIKTIONARY_ONLY
LX-40223b74eb	lexeme	הִתְנָאָה	hewiktionary	SILVER	infinitive_vocalized|gloss_en	WIKTIONARY_ONLY
LX-7601cc707a	lexeme	הִטְרִיחַ	hewiktionary	SILVER	gloss_en	WIKTIONARY_ONLY
LX-47f9b8697e	lexeme	הֶחְבִּיר	hewiktionary	SILVER	infinitive_vocalized|gloss_en	WIKTIONARY_ONLY
LX-8072039b96	lexeme	קָשַׁט	hewiktionary	SILVER	infinitive_vocalized|gloss_en	WIKTIONARY_ONLY
LX-e0187e9598	lexeme	צָעַד	hewiktionary	SILVER	infinitive_vocalized	WIKTIONARY_ONLY
LX-a5b9b128cb	lexeme	רִתֵּף	hewiktionary	SILVER	infinitive_vocalized|gloss_en	WIKTIONARY_ONLY
LX-46921562d9	lexeme	נִגְמַם	hewiktionary	SILVER	gloss_en	WIKTIONARY_ONLY
LX-ed54e6eb9d	lexeme	פַּרְשֵׁז	hewiktionary	SILVER	infinitive_vocalized|gloss_en	WIKTIONARY_ONLY
LX-5b138a74d1	lexeme	עָשַׁשׁ	hewiktionary	SILVER	infinitive_vocalized|gloss_en	WIKTIONARY_ONLY
LX-21c514d57a	lexeme	מִלְמֵל	hewiktionary	SILVER	infinitive_vocalized	WIKTIONARY_ONLY
LX-e91f3e6423	lexeme	בִּרְזֵג	hewiktionary	SILVER	infinitive_vocalized|gloss_en	WIKTIONARY_ONLY
LX-8207a6bb52	lexeme	הִתְאַשֵּׁר	hewiktionary	SILVER	infinitive_vocalized|gloss_en	WIKTIONARY_ONLY
LX-dfff8cd5a2	lexeme	הִבְרִיא	hewiktionary	SILVER	infinitive_vocalized	WIKTIONARY_ONLY
LX-6976de24b8	lexeme	הִתְיַמֵּר	hewiktionary	SILVER	infinitive_vocalized	WIKTIONARY_ONLY
LX-f613bb0d68	lexeme	הֻתְמַר	hewiktionary	SILVER	infinitive_vocalized	WIKTIONARY_ONLY
LX-b28415fb79	lexeme	הִתְמַזְמֵז	hewiktionary	SILVER	infinitive_vocalized	WIKTIONARY_ONLY
LX-a62e2703a0	lexeme	מִזְמֵז	hewiktionary	SILVER	infinitive_vocalized	WIKTIONARY_ONLY
LX-ccdfd0ef28	lexeme	מֻזָּז	hewiktionary	SILVER	infinitive_vocalized	WIKTIONARY_ONLY
LX-5518bdaaea	lexeme	הֵהִין	hewiktionary	SILVER	infinitive_vocalized	WIKTIONARY_ONLY
LX-51cec0f065	lexeme	הֶאֱבִיב	hewiktionary	SILVER	infinitive_vocalized|gloss_en	WIKTIONARY_ONLY
LX-78c04db5d6	lexeme	הֶחְלִים	hewiktionary	SILVER	infinitive_vocalized	WIKTIONARY_ONLY
LX-f8e8b206bc	lexeme	נִגְרַז	hewiktionary	SILVER	infinitive_vocalized	WIKTIONARY_ONLY
LX-28e44ce4df	lexeme	הֵפִיחַ	hewiktionary	SILVER	infinitive_vocalized|gloss_en	WIKTIONARY_ONLY
LX-b111069d9f	lexeme	הִפִּיחַ	hewiktionary	SILVER	infinitive_vocalized|gloss_en	WIKTIONARY_ONLY
LX-ed433884a7	lexeme	הֵקִיץ	hewiktionary	SILVER	infinitive_vocalized	WIKTIONARY_ONLY
LX-cacb801514	lexeme	הִזְרִיעַ	hewiktionary	SILVER	infinitive_vocalized	WIKTIONARY_ONLY
LX-1f99725a1d	lexeme	הִבְעִיל	hewiktionary	SILVER	infinitive_vocalized|gloss_en	WIKTIONARY_ONLY
LX-d0ae699a21	lexeme	יָפַח	hewiktionary	QUESTIONABLE	infinitive_vocalized|gloss_en	WIKTIONARY_ONLY
LX-07d13abd19	lexeme	הִצְרִיט	hewiktionary	SILVER	infinitive_vocalized	WIKTIONARY_ONLY
LX-c3a6071e7f	lexeme	נַעֲוֵה	hewiktionary	SILVER	infinitive_vocalized|gloss_en	WIKTIONARY_ONLY
LX-4c69d82640	lexeme	רִפְּרֵפּ	hewiktionary	QUESTIONABLE	infinitive_vocalized|gloss_en	WIKTIONARY_ONLY
LX-8422e9340d	lexeme	הִתְמַמְשֵׁק	hewiktionary	SILVER	infinitive_vocalized	WIKTIONARY_ONLY
LX-b022535679	lexeme	הִתְפַּשֵּׁר	hewiktionary	SILVER	infinitive_vocalized	WIKTIONARY_ONLY
LX-1dce13a52c	lexeme	נִדְהַם	hewiktionary	SILVER	infinitive_vocalized	WIKTIONARY_ONLY
LX-7a6fb752a3	lexeme	הִגִּיר	hewiktionary	SILVER	infinitive_vocalized	WIKTIONARY_ONLY
LX-5b4ce09d71	lexeme	הִשְׁתַּנְמֵךְ	hewiktionary	SILVER	infinitive_vocalized	WIKTIONARY_ONLY
LX-22bbfc1e09	lexeme	סִמְפֵּת	hewiktionary	SILVER	infinitive_vocalized	WIKTIONARY_ONLY
LX-d5e57f6abd	lexeme	הֶחֱרִים	hewiktionary	SILVER	lemma_unvocalized|infinitive_vocalized	WIKTIONARY_ONLY
LX-987751f905	lexeme	הוֹדַע	hewiktionary	QUESTIONABLE	infinitive_vocalized|gloss_en	WIKTIONARY_ONLY
LX-76696b3a68	lexeme	שָׂכָה	hewiktionary	QUESTIONABLE	lemma_unvocalized|infinitive_vocalized|gloss_en	WIKTIONARY_ONLY
LX-70006a8e7c	lexeme	שָׂכָה	hewiktionary	QUESTIONABLE	lemma_unvocalized|infinitive_vocalized|gloss_en	WIKTIONARY_ONLY
LX-62c251cc6f	lexeme	אִרְגֵּן	hewiktionary	SILVER	lemma_unvocalized	WIKTIONARY_ONLY
LX-f1a2c69bad	lexeme	הֵצִיץ	hewiktionary	SILVER	lemma_unvocalized	WIKTIONARY_ONLY
LX-19bf0b222b	lexeme	הִרְקִיחַ	hewiktionary	SILVER	infinitive_vocalized|gloss_en	WIKTIONARY_ONLY
LX-3028cd04ea	lexeme	קֵרֵר	hewiktionary	SILVER	infinitive_vocalized	WIKTIONARY_ONLY
LX-31ad99b5e8	lexeme	זֹרַב	hewiktionary	SILVER	infinitive_vocalized	WIKTIONARY_ONLY
LX-e8e231b6ee	lexeme	נִכְתַּם	hewiktionary	SILVER	infinitive_vocalized|gloss_en	WIKTIONARY_ONLY
LX-ea0f11fc8c	lexeme	הֵגִיס	hewiktionary	SILVER	infinitive_vocalized|gloss_en	WIKTIONARY_ONLY
LX-085f0f0c2b	lexeme	הִכְלִיב	hewiktionary	SILVER	lemma_unvocalized|infinitive_vocalized|gloss_en	WIKTIONARY_ONLY
LX-ddcc5b1662	lexeme	נֶאֱנַס	hewiktionary	SILVER	lemma_unvocalized|gloss_en	WIKTIONARY_ONLY
LX-750b27e4af	lexeme	הִסִּיחַ	hewiktionary	SILVER	lemma_unvocalized|infinitive_vocalized|gloss_en	WIKTIONARY_ONLY
LX-77fc5a982a	lexeme	הִלְבִּין	hewiktionary	SILVER	infinitive_vocalized	WIKTIONARY_ONLY
LX-6dfdeeefde	lexeme	הִתְבַּשֵּׂם	hewiktionary	SILVER	infinitive_vocalized|gloss_en	WIKTIONARY_ONLY
LX-a26a9fbc56	lexeme	כִּשְׁכֵּשׁ	hewiktionary	SILVER	infinitive_vocalized	WIKTIONARY_ONLY
LX-6d19f78129	lexeme	אִתְּמַר	hewiktionary	QUESTIONABLE	infinitive_vocalized|gloss_en	WIKTIONARY_ONLY
LX-70bf278e99	lexeme	לִכְלֵךְ	hewiktionary	SILVER	infinitive_vocalized	WIKTIONARY_ONLY
LX-2d211ea1a6	lexeme	צִמְרֵר	hewiktionary	SILVER	lemma_unvocalized|infinitive_vocalized|gloss_en	WIKTIONARY_ONLY
LX-8287d32f21	lexeme	קָמַר	hewiktionary	SILVER	lemma_unvocalized|infinitive_vocalized|gloss_en	WIKTIONARY_ONLY
LX-401f0ffd87	lexeme	הִצְטַיֵּד	hewiktionary	SILVER	infinitive_vocalized	WIKTIONARY_ONLY
LX-f850b15366	lexeme	הִתְגַּלֵּשׁ	hewiktionary	SILVER	infinitive_vocalized	WIKTIONARY_ONLY
LX-38dd5779cd	lexeme	רָקַח	hewiktionary	SILVER	infinitive_vocalized	WIKTIONARY_ONLY
LX-8d64f36753	lexeme	נִשְׂקַד	hewiktionary	SILVER	lemma_unvocalized|infinitive_vocalized|gloss_en	WIKTIONARY_ONLY
LX-f21734b76e	lexeme	יַפְיַף	hewiktionary	SILVER	lemma_unvocalized|infinitive_vocalized|gloss_en	WIKTIONARY_ONLY
LX-289384e52d	lexeme	הִכִּישׁ	hewiktionary	SILVER	infinitive_vocalized|gloss_en	WIKTIONARY_ONLY
LX-20e386e879	lexeme	שָׁסָה	hewiktionary	SILVER	lemma_unvocalized|infinitive_vocalized|gloss_en	WIKTIONARY_ONLY
LX-ea6ba9ac8f	lexeme	שִׁסָּה	hewiktionary	SILVER	infinitive_vocalized|gloss_en	WIKTIONARY_ONLY
LX-13a817e5b3	lexeme	הִשִּׁיךְ	hewiktionary	SILVER	gloss_en	WIKTIONARY_ONLY
LX-b0ecbfa52b	lexeme	עָבָה	hewiktionary	SILVER	infinitive_vocalized	WIKTIONARY_ONLY
LX-5a986b58bf	lexeme	עִבַּה	hewiktionary	SILVER	infinitive_vocalized	WIKTIONARY_ONLY
LX-7d0987bb3d	lexeme	קִזֵּז	hewiktionary	SILVER	infinitive_vocalized|gloss_en	WIKTIONARY_ONLY
LX-c3da55e31f	lexeme	הִפְלָה	hewiktionary	SILVER	infinitive_vocalized	WIKTIONARY_ONLY
LX-8cecb2fe32	lexeme	כָּסַח	hewiktionary	SILVER	infinitive_vocalized	WIKTIONARY_ONLY
LX-6101e3137a	lexeme	כִּסֵּחַ	hewiktionary	SILVER	infinitive_vocalized	WIKTIONARY_ONLY
LX-a8b2ee381f	lexeme	הִתְמוֹטֵט	hewiktionary	SILVER	infinitive_vocalized	WIKTIONARY_ONLY
LX-6cb1ea183c	lexeme	הִשְׂתָּרֵעַ	hewiktionary	SILVER	infinitive_vocalized	WIKTIONARY_ONLY
LX-dde4e5068e	lexeme	סִנְתֵּז	hewiktionary	SILVER	infinitive_vocalized	WIKTIONARY_ONLY
LX-5f487f22df	lexeme	נַעֲלָה	hewiktionary	SILVER	gloss_en	WIKTIONARY_ONLY
LX-8ff8a9846f	lexeme	הִתְקַפֵּל	hewiktionary	SILVER	gloss_en	WIKTIONARY_ONLY
LX-5323a3a394	lexeme	חִלְחֵל	hewiktionary	SILVER	lemma_unvocalized|infinitive_vocalized	WIKTIONARY_ONLY
LX-cee8250481	lexeme	הִתְחַלְחֵל	hewiktionary	SILVER	infinitive_vocalized	WIKTIONARY_ONLY
LX-6bf6a0319e	lexeme	הוּנָח	hewiktionary	SILVER	infinitive_vocalized|gloss_en	WIKTIONARY_ONLY
LX-44043ac07a	lexeme	הֵמִיט	hewiktionary	SILVER	infinitive_vocalized|gloss_en	WIKTIONARY_ONLY
LX-1105dafc27	lexeme	נוֹעַד	hewiktionary	SILVER	infinitive_vocalized	WIKTIONARY_ONLY
LX-96c91fcf99	lexeme	הִחְטִיא	hewiktionary	SILVER	infinitive_vocalized	WIKTIONARY_ONLY
LX-c1456bca12	lexeme	דִּשְׁדֵּשׁ	hewiktionary	SILVER	infinitive_vocalized|gloss_en	WIKTIONARY_ONLY
LX-eec18319d6	lexeme	הִצְנִיעַ	hewiktionary	SILVER	infinitive_vocalized|gloss_en	WIKTIONARY_ONLY
LX-51932908bb	lexeme	הִנְגִישׁ	hewiktionary	QUESTIONABLE	infinitive_vocalized	WIKTIONARY_ONLY
LX-755cd83eb1	lexeme	צִלֵּק	hewiktionary	SILVER	infinitive_vocalized|gloss_en	WIKTIONARY_ONLY
LX-63447a0eb9	lexeme	תָּעָה	hewiktionary	SILVER	infinitive_vocalized	WIKTIONARY_ONLY
LX-8ad35fb217	lexeme	דֵּרֵג	hewiktionary	SILVER	infinitive_vocalized	WIKTIONARY_ONLY
LX-6a20678664	lexeme	שָׁמַט	hewiktionary	SILVER	infinitive_vocalized|gloss_en	WIKTIONARY_ONLY
LX-ce732fd869	lexeme	נַעֲנָה	hewiktionary	SILVER	infinitive_vocalized|gloss_en	WIKTIONARY_ONLY
LX-a5a064603d	lexeme	נִלְטַף	hewiktionary	SILVER	lemma_unvocalized|gloss_en	WIKTIONARY_ONLY
LX-d8d5b30c40	lexeme	צָנַף	hewiktionary	SILVER	infinitive_vocalized	WIKTIONARY_ONLY
LX-4f4284ada7	lexeme	נִתֵּץ	hewiktionary	SILVER	infinitive_vocalized	WIKTIONARY_ONLY
LX-6a7f3978c3	lexeme	נוֹצַר	hewiktionary	SILVER	gloss_en	WIKTIONARY_ONLY
LX-2f455e5516	lexeme	הפריז	hewiktionary	SILVER	infinitive_vocalized|gloss_en	WIKTIONARY_ONLY
LX-b6950b5ce9	lexeme	נִרְדַם	hewiktionary	SILVER	infinitive_vocalized	WIKTIONARY_ONLY
LX-5e2a552ecd	lexeme	הִתְנַשֵּׁא	hewiktionary	QUESTIONABLE	infinitive_vocalized	WIKTIONARY_ONLY
LX-15a1d9ec3b	lexeme	תִּכְנֵן	hewiktionary	SILVER	infinitive_vocalized	WIKTIONARY_ONLY
LX-000a71e8a7.PRS.MSG	form		hewiktionary	SILVER	form_unvocalized	PRS.MSG
LX-000a71e8a7.FUT.3MSG	form		hewiktionary	SILVER	form_unvocalized	FUT.3MSG
LX-000a71e8a7.IMP.2MSG	form		hewiktionary	SILVER	form_unvocalized	IMP.2MSG
LX-000a71e8a7.NFIN	form		hewiktionary	SILVER	form_unvocalized	NFIN
LX-0097959b5a.PRS.MSG	form		hewiktionary	SILVER	form_unvocalized	PRS.MSG
LX-0097959b5a.FUT.3MSG	form		hewiktionary	SILVER	form_unvocalized	FUT.3MSG
LX-0097959b5a.IMP.2MSG	form		hewiktionary	SILVER	form_unvocalized	IMP.2MSG
LX-0097959b5a.NFIN	form		hewiktionary	SILVER	form_unvocalized	NFIN
LX-00da7c63c1.PRS.MSG	form		hewiktionary	SILVER	form_unvocalized	PRS.MSG
LX-00da7c63c1.FUT.3MSG	form		hewiktionary	SILVER	form_unvocalized	FUT.3MSG
LX-00da7c63c1.IMP.2MSG	form		hewiktionary	SILVER	form_unvocalized	IMP.2MSG
LX-00da7c63c1.NFIN	form		hewiktionary	SILVER	form_unvocalized	NFIN
LX-014d967560.PRS.MSG	form		hewiktionary	SILVER	form_unvocalized	PRS.MSG
LX-014d967560.FUT.3MSG	form		hewiktionary	SILVER	form_unvocalized	FUT.3MSG
LX-014d967560.IMP.2MSG	form		hewiktionary	SILVER	form_unvocalized	IMP.2MSG
LX-014d967560.NFIN	form		hewiktionary	SILVER	form_unvocalized	NFIN
LX-01921fbe78.PRS.MSG	form		hewiktionary	SILVER	form_unvocalized	PRS.MSG
LX-01921fbe78.FUT.3MSG	form		hewiktionary	SILVER	form_unvocalized	FUT.3MSG
LX-01921fbe78.IMP.2MSG	form		hewiktionary	SILVER	form_unvocalized	IMP.2MSG
LX-01921fbe78.NFIN	form		hewiktionary	SILVER	form_unvocalized	NFIN
LX-01bfa90dc6.PRS.MSG	form		hewiktionary	SILVER	form_unvocalized	PRS.MSG
LX-01bfa90dc6.FUT.3MSG	form		hewiktionary	SILVER	form_unvocalized	FUT.3MSG
LX-01bfa90dc6.IMP.2MSG	form		hewiktionary	SILVER	form_unvocalized	IMP.2MSG
LX-01bfa90dc6.NFIN	form		hewiktionary	SILVER	form_unvocalized	NFIN
LX-01e1ef29e8.PRS.MSG	form		hewiktionary	QUESTIONABLE	form_unvocalized	PRS.MSG
LX-01e1ef29e8.FUT.3MSG	form		hewiktionary	QUESTIONABLE	form_unvocalized	FUT.3MSG
LX-02177ecbb8.PST.3MSG	form		hewiktionary	SILVER	form_unvocalized	PST.3MSG
LX-02177ecbb8.PRS.MSG	form		hewiktionary	SILVER	form_unvocalized	PRS.MSG
LX-02177ecbb8.FUT.3MSG	form		hewiktionary	SILVER	form_unvocalized	FUT.3MSG
LX-02177ecbb8.IMP.2MSG	form		hewiktionary	SILVER	form_unvocalized	IMP.2MSG
LX-02177ecbb8.NFIN	form		hewiktionary	SILVER	form_unvocalized	NFIN
LX-028c8beb1b.PRS.MSG	form		hewiktionary	SILVER	form_unvocalized	PRS.MSG
LX-028c8beb1b.FUT.3MSG	form		hewiktionary	SILVER	form_unvocalized	FUT.3MSG
LX-028c8beb1b.IMP.2MSG	form		hewiktionary	SILVER	form_unvocalized	IMP.2MSG
LX-028c8beb1b.NFIN	form		hewiktionary	SILVER	form_unvocalized	NFIN
LX-02b87037f0.PRS.MSG	form		hewiktionary	SILVER	form_unvocalized	PRS.MSG
LX-02b87037f0.FUT.3MSG	form		hewiktionary	SILVER	form_unvocalized	FUT.3MSG
LX-02b87037f0.IMP.2MSG	form		hewiktionary	SILVER	form_unvocalized	IMP.2MSG
LX-02b87037f0.NFIN	form		hewiktionary	SILVER	form_unvocalized	NFIN
LX-02c16b7bbe.PRS.MSG	form		hewiktionary	SILVER	form_unvocalized	PRS.MSG
LX-02c16b7bbe.FUT.3MSG	form		hewiktionary	SILVER	form_unvocalized	FUT.3MSG
LX-02c16b7bbe.IMP.2MSG	form		hewiktionary	SILVER	form_unvocalized	IMP.2MSG
LX-02c16b7bbe.NFIN	form		hewiktionary	SILVER	form_unvocalized	NFIN
LX-02f6302967.PRS.MSG	form		hewiktionary	SILVER	form_unvocalized	PRS.MSG
LX-02f6302967.FUT.3MSG	form		hewiktionary	SILVER	form_unvocalized	FUT.3MSG
LX-02f6302967.IMP.2MSG	form		hewiktionary	SILVER	form_unvocalized	IMP.2MSG
LX-02f6302967.NFIN	form		hewiktionary	SILVER	form_unvocalized	NFIN
LX-04231ca3b5.PRS.MSG	form		hewiktionary	SILVER	form_unvocalized	PRS.MSG
LX-04231ca3b5.FUT.3MSG	form		hewiktionary	SILVER	form_unvocalized	FUT.3MSG
LX-04231ca3b5.IMP.2MSG	form		hewiktionary	SILVER	form_unvocalized	IMP.2MSG
LX-04231ca3b5.NFIN	form		hewiktionary	SILVER	form_unvocalized	NFIN
LX-050661ec9d.PRS.MSG	form		hewiktionary	SILVER	form_unvocalized	PRS.MSG
LX-050661ec9d.FUT.3MSG	form		hewiktionary	SILVER	form_unvocalized	FUT.3MSG
LX-050661ec9d.IMP.2MSG	form		hewiktionary	SILVER	form_unvocalized	IMP.2MSG
LX-050661ec9d.NFIN	form		hewiktionary	SILVER	form_unvocalized	NFIN
LX-054f84ce72.PRS.MSG	form		hewiktionary	SILVER	form_unvocalized	PRS.MSG
LX-054f84ce72.FUT.3MSG	form		hewiktionary	SILVER	form_unvocalized	FUT.3MSG
LX-054f84ce72.IMP.2MSG	form		hewiktionary	SILVER	form_unvocalized	IMP.2MSG
LX-054f84ce72.NFIN	form		hewiktionary	SILVER	form_unvocalized	NFIN
LX-065f7adff5.PST.3MSG	form		hewiktionary	SILVER	form_unvocalized	PST.3MSG
LX-0698255036.PRS.MSG	form		hewiktionary	SILVER	form_unvocalized	PRS.MSG
LX-0698255036.FUT.3MSG	form		hewiktionary	SILVER	form_unvocalized	FUT.3MSG
LX-0698255036.IMP.2MSG	form		hewiktionary	SILVER	form_unvocalized	IMP.2MSG
LX-0698255036.NFIN	form		hewiktionary	SILVER	form_unvocalized	NFIN
LX-07668a3f1e.PRS.MSG	form		hewiktionary	SILVER	form_unvocalized	PRS.MSG
LX-07668a3f1e.FUT.3MSG	form		hewiktionary	SILVER	form_unvocalized	FUT.3MSG
LX-07668a3f1e.IMP.2MSG	form		hewiktionary	SILVER	form_unvocalized	IMP.2MSG
LX-07668a3f1e.NFIN	form		hewiktionary	SILVER	form_unvocalized	NFIN
LX-085e2491ad.PRS.MSG	form		hewiktionary	SILVER	form_unvocalized	PRS.MSG
LX-085e2491ad.FUT.3MSG	form		hewiktionary	SILVER	form_unvocalized	FUT.3MSG
LX-085e2491ad.IMP.2MSG	form		hewiktionary	SILVER	form_unvocalized	IMP.2MSG
LX-085e2491ad.NFIN	form		hewiktionary	SILVER	form_unvocalized	NFIN
LX-085f0f0c2b.PST.3MSG	form		hewiktionary	SILVER	form_unvocalized	PST.3MSG
LX-086e693112.PST.3MSG	form		hewiktionary	SILVER	form_unvocalized	PST.3MSG
LX-086e693112.PRS.MSG	form		hewiktionary	SILVER	form_unvocalized	PRS.MSG
LX-086e693112.FUT.3MSG	form		hewiktionary	SILVER	form_unvocalized	FUT.3MSG
LX-086e693112.IMP.2MSG	form		hewiktionary	SILVER	form_unvocalized	IMP.2MSG
LX-086e693112.NFIN	form		hewiktionary	SILVER	form_unvocalized	NFIN
LX-089e6da768.PST.3MSG	form		hewiktionary	SILVER	form_unvocalized	PST.3MSG
LX-089e6da768.PRS.MSG	form		hewiktionary	SILVER	form_unvocalized	PRS.MSG
LX-089e6da768.FUT.3MSG	form		hewiktionary	SILVER	form_unvocalized	FUT.3MSG
LX-089e6da768.IMP.2MSG	form		hewiktionary	SILVER	form_unvocalized	IMP.2MSG
LX-089e6da768.NFIN	form		hewiktionary	SILVER	form_unvocalized	NFIN
LX-08a99b0a79.PRS.MSG	form		hewiktionary	SILVER	form_unvocalized	PRS.MSG
LX-08a99b0a79.FUT.3MSG	form		hewiktionary	SILVER	form_unvocalized	FUT.3MSG
LX-08a99b0a79.IMP.2MSG	form		hewiktionary	SILVER	form_unvocalized	IMP.2MSG
LX-08a99b0a79.NFIN	form		hewiktionary	SILVER	form_unvocalized	NFIN
LX-0a542c64da.PST.3MSG	form		hewiktionary	SILVER	form_unvocalized	PST.3MSG
LX-0a542c64da.PRS.MSG	form		hewiktionary	SILVER	form_unvocalized	PRS.MSG
LX-0a542c64da.FUT.3MSG	form		hewiktionary	SILVER	form_unvocalized	FUT.3MSG
LX-0a542c64da.IMP.2MSG	form		hewiktionary	SILVER	form_unvocalized	IMP.2MSG
LX-0a542c64da.NFIN	form		hewiktionary	SILVER	form_unvocalized	NFIN
LX-0a5f95d204.PRS.MSG	form		hewiktionary	SILVER	form_unvocalized	PRS.MSG
LX-0a5f95d204.FUT.3MSG	form		hewiktionary	SILVER	form_unvocalized	FUT.3MSG
LX-0a5f95d204.IMP.2MSG	form		hewiktionary	SILVER	form_unvocalized	IMP.2MSG
LX-0a5f95d204.NFIN	form		hewiktionary	SILVER	form_unvocalized	NFIN
LX-0a6ced5078.PST.3MSG	form		hewiktionary	QUESTIONABLE	form_unvocalized	PST.3MSG
LX-0acb35a65f.PRS.MSG	form		hewiktionary	SILVER	form_unvocalized	PRS.MSG
LX-0acb35a65f.FUT.3MSG	form		hewiktionary	SILVER	form_unvocalized	FUT.3MSG
LX-0ae0e9a7e6.PRS.MSG	form		hewiktionary	SILVER	form_unvocalized	PRS.MSG
LX-0ae0e9a7e6.FUT.3MSG	form		hewiktionary	SILVER	form_unvocalized	FUT.3MSG
LX-0ae0e9a7e6.IMP.2MSG	form		hewiktionary	SILVER	form_unvocalized	IMP.2MSG
LX-0ae0e9a7e6.NFIN	form		hewiktionary	SILVER	form_unvocalized	NFIN
LX-0b16f3c980.PRS.MSG	form		hewiktionary	SILVER	form_unvocalized	PRS.MSG
LX-0b16f3c980.FUT.3MSG	form		hewiktionary	SILVER	form_unvocalized	FUT.3MSG
LX-0b16f3c980.IMP.2MSG	form		hewiktionary	SILVER	form_unvocalized	IMP.2MSG
LX-0b16f3c980.NFIN	form		hewiktionary	SILVER	form_unvocalized	NFIN
LX-0b43bca61c.PST.3MSG	form		hewiktionary	SILVER	form_unvocalized	PST.3MSG
LX-0b44b221d3.PRS.MSG	form		hewiktionary	SILVER	form_unvocalized	PRS.MSG
LX-0b44b221d3.FUT.3MSG	form		hewiktionary	SILVER	form_unvocalized	FUT.3MSG
LX-0b44b221d3.IMP.2MSG	form		hewiktionary	SILVER	form_unvocalized	IMP.2MSG
LX-0b44b221d3.NFIN	form		hewiktionary	SILVER	form_unvocalized	NFIN
LX-0b66ab3ba7.PST.1SG	form		hewiktionary	SILVER	form_unvocalized	PST.1SG
LX-0b66ab3ba7.PST.2MSG	form		hewiktionary	SILVER	form_unvocalized	PST.2MSG
LX-0b66ab3ba7.PST.2FSG	form		hewiktionary	SILVER	form_unvocalized	PST.2FSG
LX-0b66ab3ba7.PST.3FSG	form		hewiktionary	SILVER	form_unvocalized	PST.3FSG
LX-0b66ab3ba7.PST.1PL	form		hewiktionary	SILVER	form_unvocalized	PST.1PL
LX-0b66ab3ba7.PST.2MPL	form		hewiktionary	SILVER	form_unvocalized	PST.2MPL
LX-0b66ab3ba7.PST.2FPL	form		hewiktionary	SILVER	form_unvocalized	PST.2FPL
LX-0b66ab3ba7.PST.3PL	form		hewiktionary	SILVER	form_unvocalized	PST.3PL
LX-0b66ab3ba7.PRS.MSG	form		hewiktionary	SILVER	form_unvocalized	PRS.MSG
LX-0b66ab3ba7.PRS.FSG	form		hewiktionary	SILVER	form_unvocalized	PRS.FSG
LX-0b66ab3ba7.PRS.MPL	form		hewiktionary	SILVER	form_unvocalized	PRS.MPL
LX-0b66ab3ba7.PRS.FPL	form		hewiktionary	SILVER	form_unvocalized	PRS.FPL
LX-0b66ab3ba7.FUT.1SG	form		hewiktionary	SILVER	form_unvocalized	FUT.1SG
LX-0b66ab3ba7.FUT.2MSG	form		hewiktionary	SILVER	form_unvocalized	FUT.2MSG
LX-0b66ab3ba7.FUT.2FSG	form		hewiktionary	SILVER	form_unvocalized	FUT.2FSG
LX-0b66ab3ba7.FUT.3MSG	form		hewiktionary	SILVER	form_unvocalized	FUT.3MSG
LX-0b66ab3ba7.FUT.3FSG	form		hewiktionary	SILVER	form_unvocalized	FUT.3FSG
LX-0b66ab3ba7.FUT.1PL	form		hewiktionary	SILVER	form_unvocalized	FUT.1PL
LX-0b66ab3ba7.FUT.2MPL	form		hewiktionary	SILVER	form_unvocalized	FUT.2MPL
LX-0b66ab3ba7.FUT.2FPL	form		hewiktionary	SILVER	form_unvocalized	FUT.2FPL
LX-0b66ab3ba7.FUT.3MPL	form		hewiktionary	SILVER	form_unvocalized	FUT.3MPL
LX-0b66ab3ba7.IMP.2MSG	form		hewiktionary	SILVER	form_unvocalized	IMP.2MSG
LX-0b66ab3ba7.IMP.2FSG	form		hewiktionary	SILVER	form_unvocalized	IMP.2FSG
LX-0b66ab3ba7.IMP.2MPL	form		hewiktionary	SILVER	form_unvocalized	IMP.2MPL
LX-0b66ab3ba7.IMP.2FPL	form		hewiktionary	SILVER	form_unvocalized	IMP.2FPL
LX-0b66ab3ba7.NFIN	form		hewiktionary	SILVER	form_unvocalized	NFIN
LX-0c39095129.PST.3MSG	form		hewiktionary	SILVER	form_unvocalized	PST.3MSG
LX-0ce9d90925.PRS.MSG	form		hewiktionary	SILVER	form_unvocalized	PRS.MSG
LX-0ce9d90925.FUT.3MSG	form		hewiktionary	SILVER	form_unvocalized	FUT.3MSG
LX-0ce9d90925.IMP.2MSG	form		hewiktionary	SILVER	form_unvocalized	IMP.2MSG
LX-0ce9d90925.NFIN	form		hewiktionary	SILVER	form_unvocalized	NFIN
LX-0d053f7b9d.PRS.MSG	form		hewiktionary	SILVER	form_unvocalized	PRS.MSG
LX-0d053f7b9d.FUT.3MSG	form		hewiktionary	SILVER	form_unvocalized	FUT.3MSG
LX-0d053f7b9d.IMP.2MSG	form		hewiktionary	SILVER	form_unvocalized	IMP.2MSG
LX-0d053f7b9d.NFIN	form		hewiktionary	SILVER	form_unvocalized	NFIN
LX-0d84703d86.PRS.MSG	form		hewiktionary	SILVER	form_unvocalized	PRS.MSG
LX-0d84703d86.FUT.3MSG	form		hewiktionary	SILVER	form_unvocalized	FUT.3MSG
LX-0d84703d86.IMP.2MSG	form		hewiktionary	SILVER	form_unvocalized	IMP.2MSG
LX-0d84703d86.NFIN	form		hewiktionary	SILVER	form_unvocalized	NFIN
LX-0dc05c8042.PRS.MSG	form		hewiktionary	SILVER	form_unvocalized	PRS.MSG
LX-0dc05c8042.FUT.3MSG	form		hewiktionary	SILVER	form_unvocalized	FUT.3MSG
LX-0dc05c8042.IMP.2MSG	form		hewiktionary	SILVER	form_unvocalized	IMP.2MSG
LX-0dc05c8042.NFIN	form		hewiktionary	SILVER	form_unvocalized	NFIN
LX-0e4055578f.PRS.MSG	form		hewiktionary	SILVER	form_unvocalized	PRS.MSG
LX-0e4055578f.FUT.3MSG	form		hewiktionary	SILVER	form_unvocalized	FUT.3MSG
LX-0e4055578f.IMP.2MSG	form		hewiktionary	SILVER	form_unvocalized	IMP.2MSG
LX-0e4055578f.NFIN	form		hewiktionary	SILVER	form_unvocalized	NFIN
LX-0e7b45ec35.PST.3MSG	form		hewiktionary	QUESTIONABLE	form_unvocalized	PST.3MSG
LX-0ecadb20f4.PRS.MSG	form		hewiktionary	SILVER	form_unvocalized	PRS.MSG
LX-0ecadb20f4.FUT.3MSG	form		hewiktionary	QUESTIONABLE	form_unvocalized	FUT.3MSG
LX-0ecadb20f4.IMP.2MSG	form		hewiktionary	QUESTIONABLE	form_unvocalized	IMP.2MSG
LX-0ecadb20f4.NFIN	form		hewiktionary	QUESTIONABLE	form_unvocalized	NFIN
LX-0f2d5000b4.PRS.MSG	form		hewiktionary	SILVER	form_unvocalized	PRS.MSG
LX-0f2d5000b4.FUT.3MSG	form		hewiktionary	SILVER	form_unvocalized	FUT.3MSG
LX-0f2d5000b4.IMP.2MSG	form		hewiktionary	SILVER	form_unvocalized	IMP.2MSG
LX-0f2d5000b4.NFIN	form		hewiktionary	SILVER	form_unvocalized	NFIN
LX-0fbfc51379.PST.3MSG	form		hewiktionary	SILVER	form_unvocalized	PST.3MSG
LX-0fbfc51379.PRS.MSG	form		hewiktionary	SILVER	form_unvocalized	PRS.MSG
LX-0fbfc51379.FUT.3MSG	form		hewiktionary	SILVER	form_unvocalized	FUT.3MSG
LX-0fd0d7ce47.PRS.MSG	form		hewiktionary	SILVER	form_unvocalized	PRS.MSG
LX-0fd0d7ce47.FUT.3MSG	form		hewiktionary	SILVER	form_unvocalized	FUT.3MSG
LX-0fd0d7ce47.IMP.2MSG	form		hewiktionary	SILVER	form_unvocalized	IMP.2MSG
LX-0fd0d7ce47.NFIN	form		hewiktionary	SILVER	form_unvocalized	NFIN
LX-108c5318ac.PST.3MSG	form		hewiktionary	SILVER	form_unvocalized	PST.3MSG
LX-110651b1a1.PST.3MSG	form		hewiktionary	SILVER	form_unvocalized	PST.3MSG
LX-110651b1a1.FUT.3MSG	form		hewiktionary	SILVER	form_unvocalized	FUT.3MSG
LX-1150a9cb62.PRS.MSG	form		hewiktionary	SILVER	form_unvocalized	PRS.MSG
LX-1150a9cb62.FUT.3MSG	form		hewiktionary	SILVER	form_unvocalized	FUT.3MSG
LX-1150a9cb62.IMP.2MSG	form		hewiktionary	SILVER	form_unvocalized	IMP.2MSG
LX-1150a9cb62.NFIN	form		hewiktionary	SILVER	form_unvocalized	NFIN
LX-11d209beca.PRS.MSG	form		hewiktionary	SILVER	form_unvocalized	PRS.MSG
LX-11d209beca.FUT.3MSG	form		hewiktionary	SILVER	form_unvocalized	FUT.3MSG
LX-11d209beca.IMP.2MSG	form		hewiktionary	SILVER	form_unvocalized	IMP.2MSG
LX-11d209beca.NFIN	form		hewiktionary	SILVER	form_unvocalized	NFIN
LX-11e982568b.PRS.MSG	form		hewiktionary	SILVER	form_unvocalized	PRS.MSG
LX-11e982568b.FUT.3MSG	form		hewiktionary	SILVER	form_unvocalized	FUT.3MSG
LX-11e982568b.IMP.2MSG	form		hewiktionary	SILVER	form_unvocalized	IMP.2MSG
LX-11e982568b.NFIN	form		hewiktionary	SILVER	form_unvocalized	NFIN
LX-122a7480fa.PRS.MSG	form		hewiktionary	SILVER	form_unvocalized	PRS.MSG
LX-122a7480fa.FUT.3MSG	form		hewiktionary	SILVER	form_unvocalized	FUT.3MSG
LX-122a7480fa.IMP.2MSG	form		hewiktionary	SILVER	form_unvocalized	IMP.2MSG
LX-122a7480fa.NFIN	form		hewiktionary	SILVER	form_unvocalized	NFIN
LX-1239e8839a.PRS.MSG	form		hewiktionary	SILVER	form_unvocalized	PRS.MSG
LX-1239e8839a.FUT.3MSG	form		hewiktionary	SILVER	form_unvocalized	FUT.3MSG
LX-1239e8839a.IMP.2MSG	form		hewiktionary	SILVER	form_unvocalized	IMP.2MSG
LX-1239e8839a.NFIN	form		hewiktionary	SILVER	form_unvocalized	NFIN
LX-1335ad964b.PRS.MSG	form		hewiktionary	SILVER	form_unvocalized	PRS.MSG
LX-1335ad964b.FUT.3MSG	form		hewiktionary	SILVER	form_unvocalized	FUT.3MSG
LX-1335ad964b.IMP.2MSG	form		hewiktionary	SILVER	form_unvocalized	IMP.2MSG
LX-1335ad964b.NFIN	form		hewiktionary	SILVER	form_unvocalized	NFIN
LX-1378e92a2d.PRS.MSG	form		hewiktionary	SILVER	form_unvocalized	PRS.MSG
LX-1378e92a2d.FUT.3MSG	form		hewiktionary	SILVER	form_unvocalized	FUT.3MSG
LX-1378e92a2d.IMP.2MSG	form		hewiktionary	SILVER	form_unvocalized	IMP.2MSG
LX-1378e92a2d.NFIN	form		hewiktionary	SILVER	form_unvocalized	NFIN
LX-1398a1ec12.PRS.MSG	form		hewiktionary	SILVER	form_unvocalized	PRS.MSG
LX-1398a1ec12.FUT.3MSG	form		hewiktionary	SILVER	form_unvocalized	FUT.3MSG
LX-1398a1ec12.IMP.2MSG	form		hewiktionary	SILVER	form_unvocalized	IMP.2MSG
LX-1398a1ec12.NFIN	form		hewiktionary	SILVER	form_unvocalized	NFIN
LX-13a817e5b3.PRS.MSG	form		hewiktionary	SILVER	form_unvocalized	PRS.MSG
LX-13a817e5b3.FUT.3MSG	form		hewiktionary	SILVER	form_unvocalized	FUT.3MSG
LX-13a817e5b3.IMP.2MSG	form		hewiktionary	SILVER	form_unvocalized	IMP.2MSG
LX-13a817e5b3.NFIN	form		hewiktionary	SILVER	form_unvocalized	NFIN
LX-13dd0c6b62.PST.3MSG	form		hewiktionary	SILVER	form_unvocalized	PST.3MSG
LX-13e60071b6.PST.3MSG	form		hewiktionary	SILVER	form_unvocalized	PST.3MSG
LX-143418e746.PRS.MSG	form		hewiktionary	SILVER	form_unvocalized	PRS.MSG
LX-143418e746.FUT.3MSG	form		hewiktionary	SILVER	form_unvocalized	FUT.3MSG
LX-143418e746.IMP.2MSG	form		hewiktionary	SILVER	form_unvocalized	IMP.2MSG
LX-143418e746.NFIN	form		hewiktionary	SILVER	form_unvocalized	NFIN
LX-145ac9f9c9.PRS.MSG	form		hewiktionary	SILVER	form_unvocalized	PRS.MSG
LX-145ac9f9c9.FUT.3MSG	form		hewiktionary	SILVER	form_unvocalized	FUT.3MSG
LX-145ac9f9c9.IMP.2MSG	form		hewiktionary	SILVER	form_unvocalized	IMP.2MSG
LX-145ac9f9c9.NFIN	form		hewiktionary	SILVER	form_unvocalized	NFIN
LX-14a77a07c6.PRS.MSG	form		hewiktionary	SILVER	form_unvocalized	PRS.MSG
LX-14a77a07c6.FUT.3MSG	form		hewiktionary	SILVER	form_unvocalized	FUT.3MSG
LX-14b64696d9.PRS.MSG	form		hewiktionary	SILVER	form_unvocalized	PRS.MSG
LX-14b64696d9.FUT.3MSG	form		hewiktionary	SILVER	form_unvocalized	FUT.3MSG
LX-14b64696d9.IMP.2MSG	form		hewiktionary	SILVER	form_unvocalized	IMP.2MSG
LX-14b64696d9.NFIN	form		hewiktionary	SILVER	form_unvocalized	NFIN
LX-1544af2363.PRS.MSG	form		hewiktionary	SILVER	form_unvocalized	PRS.MSG
LX-1544af2363.FUT.3MSG	form		hewiktionary	SILVER	form_unvocalized	FUT.3MSG
LX-1544af2363.NFIN	form		hewiktionary	SILVER	form_unvocalized	NFIN
LX-16b3c0854b.PST.3MSG	form		hewiktionary	SILVER	form_unvocalized	PST.3MSG
LX-16b3c0854b.PRS.MSG	form		hewiktionary	SILVER	form_unvocalized	PRS.MSG
LX-16b3c0854b.FUT.3MSG	form		hewiktionary	SILVER	form_unvocalized	FUT.3MSG
LX-16b3c0854b.IMP.2MSG	form		hewiktionary	SILVER	form_unvocalized	IMP.2MSG
LX-16b3c0854b.NFIN	form		hewiktionary	SILVER	form_unvocalized	NFIN
LX-174e730c89.PRS.MSG	form		hewiktionary	SILVER	form_unvocalized	PRS.MSG
LX-174e730c89.FUT.3MSG	form		hewiktionary	SILVER	form_unvocalized	FUT.3MSG
LX-174e730c89.IMP.2MSG	form		hewiktionary	SILVER	form_unvocalized	IMP.2MSG
LX-174e730c89.NFIN	form		hewiktionary	SILVER	form_unvocalized	NFIN
LX-179937f7f4.PST.1SG	form		hewiktionary	SILVER	form_unvocalized	PST.1SG
LX-179937f7f4.PST.2MSG	form		hewiktionary	SILVER	form_unvocalized	PST.2MSG
LX-179937f7f4.PST.2FSG	form		hewiktionary	SILVER	form_unvocalized	PST.2FSG
LX-179937f7f4.PST.3FSG	form		hewiktionary	SILVER	form_unvocalized	PST.3FSG
LX-179937f7f4.PST.1PL	form		hewiktionary	SILVER	form_unvocalized	PST.1PL
LX-179937f7f4.PST.2MPL	form		hewiktionary	SILVER	form_unvocalized	PST.2MPL
LX-179937f7f4.PST.2FPL	form		hewiktionary	SILVER	form_unvocalized	PST.2FPL
LX-179937f7f4.PST.3PL	form		hewiktionary	SILVER	form_unvocalized	PST.3PL
LX-179937f7f4.PRS.MSG	form		hewiktionary	SILVER	form_unvocalized	PRS.MSG
LX-179937f7f4.PRS.FSG	form		hewiktionary	SILVER	form_unvocalized	PRS.FSG
LX-179937f7f4.PRS.MPL	form		hewiktionary	SILVER	form_unvocalized	PRS.MPL
LX-179937f7f4.PRS.FPL	form		hewiktionary	SILVER	form_unvocalized	PRS.FPL
LX-179937f7f4.FUT.1SG	form		hewiktionary	SILVER	form_unvocalized	FUT.1SG
LX-179937f7f4.FUT.2MSG	form		hewiktionary	SILVER	form_unvocalized	FUT.2MSG
LX-179937f7f4.FUT.2FSG	form		hewiktionary	SILVER	form_unvocalized	FUT.2FSG
LX-179937f7f4.FUT.3MSG	form		hewiktionary	SILVER	form_unvocalized	FUT.3MSG
LX-179937f7f4.FUT.3FSG	form		hewiktionary	SILVER	form_unvocalized	FUT.3FSG
LX-179937f7f4.FUT.1PL	form		hewiktionary	SILVER	form_unvocalized	FUT.1PL
LX-179937f7f4.FUT.2MPL	form		hewiktionary	SILVER	form_unvocalized	FUT.2MPL
LX-179937f7f4.FUT.2FPL	form		hewiktionary	SILVER	form_unvocalized	FUT.2FPL
LX-179937f7f4.FUT.3MPL	form		hewiktionary	SILVER	form_unvocalized	FUT.3MPL
LX-179937f7f4.IMP.2MSG	form		hewiktionary	SILVER	form_unvocalized	IMP.2MSG
LX-179937f7f4.IMP.2FSG	form		hewiktionary	SILVER	form_unvocalized	IMP.2FSG
LX-179937f7f4.IMP.2MPL	form		hewiktionary	SILVER	form_unvocalized	IMP.2MPL
LX-179937f7f4.IMP.2FPL	form		hewiktionary	SILVER	form_unvocalized	IMP.2FPL
LX-179937f7f4.NFIN	form		hewiktionary	SILVER	form_unvocalized	NFIN
LX-17bdd84dfd.PRS.MSG	form		hewiktionary	SILVER	form_unvocalized	PRS.MSG
LX-17bdd84dfd.FUT.3MSG	form		hewiktionary	SILVER	form_unvocalized	FUT.3MSG
LX-17bdd84dfd.IMP.2MSG	form		hewiktionary	SILVER	form_unvocalized	IMP.2MSG
LX-17bdd84dfd.NFIN	form		hewiktionary	SILVER	form_unvocalized	NFIN
LX-17df7e8c74.PRS.MSG	form		hewiktionary	SILVER	form_unvocalized	PRS.MSG
LX-17df7e8c74.FUT.3MSG	form		hewiktionary	SILVER	form_unvocalized	FUT.3MSG
LX-17df7e8c74.IMP.2MSG	form		hewiktionary	SILVER	form_unvocalized	IMP.2MSG
LX-17df7e8c74.NFIN	form		hewiktionary	SILVER	form_unvocalized	NFIN
LX-1814a7d08c.PRS.MSG	form		hewiktionary	SILVER	form_unvocalized	PRS.MSG
LX-1814a7d08c.FUT.3MSG	form		hewiktionary	SILVER	form_unvocalized	FUT.3MSG
LX-1814a7d08c.IMP.2MSG	form		hewiktionary	SILVER	form_unvocalized	IMP.2MSG
LX-1814a7d08c.NFIN	form		hewiktionary	SILVER	form_unvocalized	NFIN
LX-18ce81f924.PRS.MSG	form		hewiktionary	SILVER	form_unvocalized	PRS.MSG
LX-18ce81f924.FUT.3MSG	form		hewiktionary	SILVER	form_unvocalized	FUT.3MSG
LX-18ce81f924.IMP.2MSG	form		hewiktionary	SILVER	form_unvocalized	IMP.2MSG
LX-18ce81f924.NFIN	form		hewiktionary	SILVER	form_unvocalized	NFIN
LX-1945407efd.PST.3MSG	form		hewiktionary	QUESTIONABLE	form_unvocalized	PST.3MSG
LX-1a603a7040.PRS.MSG	form		hewiktionary	SILVER	form_unvocalized	PRS.MSG
LX-1a603a7040.FUT.3MSG	form		hewiktionary	SILVER	form_unvocalized	FUT.3MSG
LX-1a603a7040.IMP.2MSG	form		hewiktionary	SILVER	form_unvocalized	IMP.2MSG
LX-1a603a7040.NFIN	form		hewiktionary	SILVER	form_unvocalized	NFIN
LX-1ac197fa7c.PRS.MSG	form		hewiktionary	SILVER	form_unvocalized	PRS.MSG
LX-1ac197fa7c.FUT.3MSG	form		hewiktionary	SILVER	form_unvocalized	FUT.3MSG
LX-1ac197fa7c.IMP.2MSG	form		hewiktionary	SILVER	form_unvocalized	IMP.2MSG
LX-1ac197fa7c.NFIN	form		hewiktionary	SILVER	form_unvocalized	NFIN
LX-1ac70fad53.PST.3MSG	form		hewiktionary	SILVER	form_unvocalized	PST.3MSG
LX-1ac70fad53.PRS.MSG	form		hewiktionary	SILVER	form_unvocalized	PRS.MSG
LX-1ac70fad53.FUT.3MSG	form		hewiktionary	SILVER	form_unvocalized	FUT.3MSG
LX-1ac70fad53.IMP.2MSG	form		hewiktionary	SILVER	form_unvocalized	IMP.2MSG
LX-1ac70fad53.NFIN	form		hewiktionary	SILVER	form_unvocalized	NFIN
LX-1b12b4f1aa.PST.3MSG	form		hewiktionary	SILVER	form_unvocalized	PST.3MSG
LX-1b325a7d4e.PRS.MSG	form		hewiktionary	SILVER	form_unvocalized	PRS.MSG
LX-1b325a7d4e.FUT.3MSG	form		hewiktionary	SILVER	form_unvocalized	FUT.3MSG
LX-1b325a7d4e.IMP.2MSG	form		hewiktionary	SILVER	form_unvocalized	IMP.2MSG
LX-1b325a7d4e.NFIN	form		hewiktionary	SILVER	form_unvocalized	NFIN
LX-1bbca3916a.PRS.MSG	form		hewiktionary	SILVER	form_unvocalized	PRS.MSG
LX-1bbca3916a.FUT.3MSG	form		hewiktionary	SILVER	form_unvocalized	FUT.3MSG
LX-1bcf7da9c7.PST.3MSG	form		hewiktionary	SILVER	form_unvocalized	PST.3MSG
LX-1bdae2c637.PRS.MSG	form		hewiktionary	SILVER	form_unvocalized	PRS.MSG
LX-1bdae2c637.FUT.3MSG	form		hewiktionary	SILVER	form_unvocalized	FUT.3MSG
LX-1bdae2c637.IMP.2MSG	form		hewiktionary	SILVER	form_unvocalized	IMP.2MSG
LX-1bdae2c637.NFIN	form		hewiktionary	SILVER	form_unvocalized	NFIN
LX-1c7e65a21e.PRS.MSG	form		hewiktionary	QUESTIONABLE	form_unvocalized	PRS.MSG
LX-1c7e65a21e.FUT.3MSG	form		hewiktionary	QUESTIONABLE	form_unvocalized	FUT.3MSG
LX-1c7e65a21e.IMP.2MSG	form		hewiktionary	QUESTIONABLE	form_unvocalized	IMP.2MSG
LX-1c7e65a21e.NFIN	form		hewiktionary	QUESTIONABLE	form_unvocalized	NFIN
LX-1c8b92a7a0.PST.3MSG	form		hewiktionary	SILVER	form_unvocalized	PST.3MSG
LX-1d17b0a590.PRS.MSG	form		hewiktionary	QUESTIONABLE	form_unvocalized	PRS.MSG
LX-1d17b0a590.FUT.3MSG	form		hewiktionary	QUESTIONABLE	form_unvocalized	FUT.3MSG
LX-1e990417e0.PRS.MSG	form		hewiktionary	SILVER	form_unvocalized	PRS.MSG
LX-1e990417e0.FUT.3MSG	form		hewiktionary	SILVER	form_unvocalized	FUT.3MSG
LX-1e990417e0.IMP.2MSG	form		hewiktionary	SILVER	form_unvocalized	IMP.2MSG
LX-1e990417e0.NFIN	form		hewiktionary	SILVER	form_unvocalized	NFIN
LX-1fcb04a57a.PRS.MSG	form		hewiktionary	SILVER	form_unvocalized	PRS.MSG
LX-1fcb04a57a.FUT.3MSG	form		hewiktionary	SILVER	form_unvocalized	FUT.3MSG
LX-1fcb04a57a.IMP.2MSG	form		hewiktionary	SILVER	form_unvocalized	IMP.2MSG
LX-1fcb04a57a.NFIN	form		hewiktionary	SILVER	form_unvocalized	NFIN
LX-20e386e879.PST.3MSG	form		hewiktionary	SILVER	form_unvocalized	PST.3MSG
LX-21684440b3.PRS.MSG	form		hewiktionary	SILVER	form_unvocalized	PRS.MSG
LX-21684440b3.FUT.3MSG	form		hewiktionary	SILVER	form_unvocalized	FUT.3MSG
LX-21684440b3.IMP.2MSG	form		hewiktionary	SILVER	form_unvocalized	IMP.2MSG
LX-21684440b3.NFIN	form		hewiktionary	SILVER	form_unvocalized	NFIN
LX-2173cdfc12.PRS.MSG	form		hewiktionary	SILVER	form_unvocalized	PRS.MSG
LX-2173cdfc12.FUT.3MSG	form		hewiktionary	SILVER	form_unvocalized	FUT.3MSG
LX-2173cdfc12.IMP.2MSG	form		hewiktionary	SILVER	form_unvocalized	IMP.2MSG
LX-2173cdfc12.NFIN	form		hewiktionary	SILVER	form_unvocalized	NFIN
LX-21cdf102b6.PST.3MSG	form		hewiktionary	SILVER	form_unvocalized	PST.3MSG
LX-21d2fe5e0e.PRS.MSG	form		hewiktionary	SILVER	form_unvocalized	PRS.MSG
LX-21d2fe5e0e.FUT.3MSG	form		hewiktionary	SILVER	form_unvocalized	FUT.3MSG
LX-21d2fe5e0e.IMP.2MSG	form		hewiktionary	SILVER	form_unvocalized	IMP.2MSG
LX-21d2fe5e0e.NFIN	form		hewiktionary	SILVER	form_unvocalized	NFIN
LX-22ace982b0.PRS.MSG	form		hewiktionary	SILVER	form_unvocalized	PRS.MSG
LX-22ace982b0.FUT.3MSG	form		hewiktionary	SILVER	form_unvocalized	FUT.3MSG
LX-22ace982b0.IMP.2MSG	form		hewiktionary	SILVER	form_unvocalized	IMP.2MSG
LX-22ace982b0.NFIN	form		hewiktionary	SILVER	form_unvocalized	NFIN
LX-22d103c6f2.PRS.MSG	form		hewiktionary	SILVER	form_unvocalized	PRS.MSG
LX-22d103c6f2.FUT.3MSG	form		hewiktionary	SILVER	form_unvocalized	FUT.3MSG
LX-22d103c6f2.IMP.2MSG	form		hewiktionary	SILVER	form_unvocalized	IMP.2MSG
LX-22d103c6f2.NFIN	form		hewiktionary	SILVER	form_unvocalized	NFIN
LX-22d921086c.PRS.MSG	form		hewiktionary	SILVER	form_unvocalized	PRS.MSG
LX-22d921086c.FUT.3MSG	form		hewiktionary	SILVER	form_unvocalized	FUT.3MSG
LX-22d921086c.IMP.2MSG	form		hewiktionary	SILVER	form_unvocalized	IMP.2MSG
LX-22d921086c.NFIN	form		hewiktionary	SILVER	form_unvocalized	NFIN
LX-230d4ecf38.PST.3MSG	form		hewiktionary	SILVER	form_unvocalized	PST.3MSG
LX-230d4ecf38.PRS.MSG	form		hewiktionary	SILVER	form_unvocalized	PRS.MSG
LX-230d4ecf38.FUT.3MSG	form		hewiktionary	SILVER	form_unvocalized	FUT.3MSG
LX-230d4ecf38.IMP.2MSG	form		hewiktionary	SILVER	form_unvocalized	IMP.2MSG
LX-230d4ecf38.NFIN	form		hewiktionary	SILVER	form_unvocalized	NFIN
LX-234884d40e.PRS.MSG	form		hewiktionary	SILVER	form_unvocalized	PRS.MSG
LX-234884d40e.FUT.3MSG	form		hewiktionary	SILVER	form_unvocalized	FUT.3MSG
LX-234884d40e.IMP.2MSG	form		hewiktionary	SILVER	form_unvocalized	IMP.2MSG
LX-234884d40e.NFIN	form		hewiktionary	SILVER	form_unvocalized	NFIN
LX-2363f3348e.PRS.MSG	form		hewiktionary	SILVER	form_unvocalized	PRS.MSG
LX-2363f3348e.FUT.3MSG	form		hewiktionary	SILVER	form_unvocalized	FUT.3MSG
LX-2363f3348e.IMP.2MSG	form		hewiktionary	SILVER	form_unvocalized	IMP.2MSG
LX-2363f3348e.NFIN	form		hewiktionary	SILVER	form_unvocalized	NFIN
LX-24eb7af26f.PRS.MSG	form		hewiktionary	SILVER	form_unvocalized	PRS.MSG
LX-24eb7af26f.FUT.3MSG	form		hewiktionary	SILVER	form_unvocalized	FUT.3MSG
LX-24eb7af26f.IMP.2MSG	form		hewiktionary	SILVER	form_unvocalized	IMP.2MSG
LX-24eb7af26f.NFIN	form		hewiktionary	SILVER	form_unvocalized	NFIN
LX-24f23683ee.PST.3MSG	form		hewiktionary	SILVER	form_unvocalized	PST.3MSG
LX-252192d3e7.PRS.MSG	form		hewiktionary	SILVER	form_unvocalized	PRS.MSG
LX-252192d3e7.FUT.3MSG	form		hewiktionary	SILVER	form_unvocalized	FUT.3MSG
LX-252192d3e7.IMP.2MSG	form		hewiktionary	SILVER	form_unvocalized	IMP.2MSG
LX-252192d3e7.NFIN	form		hewiktionary	SILVER	form_unvocalized	NFIN
LX-25763c32aa.PRS.MSG	form		hewiktionary	SILVER	form_unvocalized	PRS.MSG
LX-25763c32aa.FUT.3MSG	form		hewiktionary	SILVER	form_unvocalized	FUT.3MSG
LX-25763c32aa.IMP.2MSG	form		hewiktionary	SILVER	form_unvocalized	IMP.2MSG
LX-25763c32aa.NFIN	form		hewiktionary	SILVER	form_unvocalized	NFIN
LX-27aab04646.PRS.MSG	form		hewiktionary	SILVER	form_unvocalized	PRS.MSG
LX-27aab04646.FUT.3MSG	form		hewiktionary	SILVER	form_unvocalized	FUT.3MSG
LX-27aab04646.IMP.2MSG	form		hewiktionary	SILVER	form_unvocalized	IMP.2MSG
LX-27aab04646.NFIN	form		hewiktionary	SILVER	form_unvocalized	NFIN
LX-27c5ff9780.PRS.MSG	form		hewiktionary	SILVER	form_unvocalized	PRS.MSG
LX-27c5ff9780.FUT.3MSG	form		hewiktionary	SILVER	form_unvocalized	FUT.3MSG
LX-28401c0ba2.PST.3MSG	form		hewiktionary	SILVER	form_unvocalized	PST.3MSG
LX-290370914d.PRS.MSG	form		hewiktionary	SILVER	form_unvocalized	PRS.MSG
LX-290370914d.FUT.3MSG	form		hewiktionary	SILVER	form_unvocalized	FUT.3MSG
LX-290370914d.IMP.2MSG	form		hewiktionary	SILVER	form_unvocalized	IMP.2MSG
LX-290370914d.NFIN	form		hewiktionary	SILVER	form_unvocalized	NFIN
LX-2a30d42ba0.PRS.MSG	form		hewiktionary	SILVER	form_unvocalized	PRS.MSG
LX-2a30d42ba0.FUT.3MSG	form		hewiktionary	SILVER	form_unvocalized	FUT.3MSG
LX-2a30d42ba0.IMP.2MSG	form		hewiktionary	SILVER	form_unvocalized	IMP.2MSG
LX-2a30d42ba0.NFIN	form		hewiktionary	SILVER	form_unvocalized	NFIN
LX-2a3e35cd97.PRS.MSG	form		hewiktionary	SILVER	form_unvocalized	PRS.MSG
LX-2a3e35cd97.FUT.3MSG	form		hewiktionary	SILVER	form_unvocalized	FUT.3MSG
LX-2a3e35cd97.IMP.2MSG	form		hewiktionary	SILVER	form_unvocalized	IMP.2MSG
LX-2a3e35cd97.NFIN	form		hewiktionary	SILVER	form_unvocalized	NFIN
LX-2a89379a7e.PST.3MSG	form		hewiktionary	SILVER	form_unvocalized	PST.3MSG
LX-2a89379a7e.PRS.MSG	form		hewiktionary	SILVER	form_unvocalized	PRS.MSG
LX-2a89379a7e.FUT.3MSG	form		hewiktionary	SILVER	form_unvocalized	FUT.3MSG
LX-2a89379a7e.IMP.2MSG	form		hewiktionary	SILVER	form_unvocalized	IMP.2MSG
LX-2a89379a7e.NFIN	form		hewiktionary	SILVER	form_unvocalized	NFIN
LX-2b9f6bbe71.PST.3MSG	form		hewiktionary	SILVER	form_unvocalized	PST.3MSG
LX-2bd0718c92.PRS.MSG	form		hewiktionary	SILVER	form_unvocalized	PRS.MSG
LX-2bd0718c92.FUT.3MSG	form		hewiktionary	SILVER	form_unvocalized	FUT.3MSG
LX-2bd0718c92.IMP.2MSG	form		hewiktionary	SILVER	form_unvocalized	IMP.2MSG
LX-2bd0718c92.NFIN	form		hewiktionary	SILVER	form_unvocalized	NFIN
LX-2bf3582352.PRS.MSG	form		hewiktionary	SILVER	form_unvocalized	PRS.MSG
LX-2bf3582352.FUT.3MSG	form		hewiktionary	SILVER	form_unvocalized	FUT.3MSG
LX-2bf3582352.IMP.2MSG	form		hewiktionary	SILVER	form_unvocalized	IMP.2MSG
LX-2bf3582352.NFIN	form		hewiktionary	SILVER	form_unvocalized	NFIN
LX-2bf48fb317.PRS.MSG	form		hewiktionary	SILVER	form_unvocalized	PRS.MSG
LX-2bf48fb317.FUT.3MSG	form		hewiktionary	SILVER	form_unvocalized	FUT.3MSG
LX-2bf48fb317.IMP.2MSG	form		hewiktionary	SILVER	form_unvocalized	IMP.2MSG
LX-2bf48fb317.NFIN	form		hewiktionary	SILVER	form_unvocalized	NFIN
LX-2c147efe5e.PST.3MSG	form		hewiktionary	SILVER	form_unvocalized	PST.3MSG
LX-2c6000f3cc.PRS.MSG	form		hewiktionary	SILVER	form_unvocalized	PRS.MSG
LX-2c6000f3cc.FUT.3MSG	form		hewiktionary	SILVER	form_unvocalized	FUT.3MSG
LX-2c6000f3cc.IMP.2MSG	form		hewiktionary	SILVER	form_unvocalized	IMP.2MSG
LX-2c6000f3cc.NFIN	form		hewiktionary	SILVER	form_unvocalized	NFIN
LX-2cba6efc6a.PST.3MSG	form		hewiktionary	SILVER	form_unvocalized	PST.3MSG
LX-2cca5b2c4c.PRS.MSG	form		hewiktionary	QUESTIONABLE	form_unvocalized	PRS.MSG
LX-2cca5b2c4c.FUT.3MSG	form		hewiktionary	QUESTIONABLE	form_unvocalized	FUT.3MSG
LX-2cca5b2c4c.IMP.2MSG	form		hewiktionary	QUESTIONABLE	form_unvocalized	IMP.2MSG
LX-2cca5b2c4c.NFIN	form		hewiktionary	QUESTIONABLE	form_unvocalized	NFIN
LX-2d052aeaff.PRS.MSG	form		hewiktionary	SILVER	form_unvocalized	PRS.MSG
LX-2d052aeaff.FUT.3MSG	form		hewiktionary	SILVER	form_unvocalized	FUT.3MSG
LX-2d1b2272b3.PRS.MSG	form		hewiktionary	SILVER	form_unvocalized	PRS.MSG
LX-2d1b2272b3.FUT.3MSG	form		hewiktionary	SILVER	form_unvocalized	FUT.3MSG
LX-2d1b2272b3.IMP.2MSG	form		hewiktionary	SILVER	form_unvocalized	IMP.2MSG
LX-2d1b2272b3.NFIN	form		hewiktionary	SILVER	form_unvocalized	NFIN
LX-2d211ea1a6.PST.3MSG	form		hewiktionary	SILVER	form_unvocalized	PST.3MSG
LX-2d50b88294.PRS.MSG	form		hewiktionary	SILVER	form_unvocalized	PRS.MSG
LX-2d50b88294.FUT.3MSG	form		hewiktionary	SILVER	form_unvocalized	FUT.3MSG
LX-2d50b88294.IMP.2MSG	form		hewiktionary	SILVER	form_unvocalized	IMP.2MSG
LX-2d50b88294.NFIN	form		hewiktionary	SILVER	form_unvocalized	NFIN
LX-2d83d0e0c8.PRS.MSG	form		hewiktionary	SILVER	form_unvocalized	PRS.MSG
LX-2d83d0e0c8.FUT.3MSG	form		hewiktionary	SILVER	form_unvocalized	FUT.3MSG
LX-2d83d0e0c8.IMP.2MSG	form		hewiktionary	SILVER	form_unvocalized	IMP.2MSG
LX-2d83d0e0c8.NFIN	form		hewiktionary	SILVER	form_unvocalized	NFIN
LX-2dd7572987.PST.3MSG	form		hewiktionary	SILVER	form_unvocalized	PST.3MSG
LX-2de005149d.PRS.MSG	form		hewiktionary	SILVER	form_unvocalized	PRS.MSG
LX-2de005149d.FUT.3MSG	form		hewiktionary	SILVER	form_unvocalized	FUT.3MSG
LX-2de005149d.IMP.2MSG	form		hewiktionary	SILVER	form_unvocalized	IMP.2MSG
LX-2de005149d.NFIN	form		hewiktionary	SILVER	form_unvocalized	NFIN
LX-2dfeecc811.PST.3MSG	form		hewiktionary	SILVER	form_unvocalized	PST.3MSG
LX-2dfeecc811.PRS.MSG	form		hewiktionary	SILVER	form_unvocalized	PRS.MSG
LX-2dfeecc811.FUT.3MSG	form		hewiktionary	SILVER	form_unvocalized	FUT.3MSG
LX-2dfeecc811.IMP.2MSG	form		hewiktionary	SILVER	form_unvocalized	IMP.2MSG
LX-2dfeecc811.NFIN	form		hewiktionary	SILVER	form_unvocalized	NFIN
LX-2ece8e6248.PRS.MSG	form		hewiktionary	SILVER	form_unvocalized	PRS.MSG
LX-2ece8e6248.FUT.3MSG	form		hewiktionary	SILVER	form_unvocalized	FUT.3MSG
LX-2ece8e6248.IMP.2MSG	form		hewiktionary	SILVER	form_unvocalized	IMP.2MSG
LX-2ece8e6248.NFIN	form		hewiktionary	SILVER	form_unvocalized	NFIN
LX-2ef9acc397.PRS.MSG	form		hewiktionary	SILVER	form_unvocalized	PRS.MSG
LX-2ef9acc397.FUT.3MSG	form		hewiktionary	SILVER	form_unvocalized	FUT.3MSG
LX-2ef9acc397.IMP.2MSG	form		hewiktionary	SILVER	form_unvocalized	IMP.2MSG
LX-2ef9acc397.NFIN	form		hewiktionary	SILVER	form_unvocalized	NFIN
LX-2f8326f499.PRS.MSG	form		hewiktionary	SILVER	form_unvocalized	PRS.MSG
LX-2f8326f499.FUT.3MSG	form		hewiktionary	SILVER	form_unvocalized	FUT.3MSG
LX-2f8326f499.IMP.2MSG	form		hewiktionary	SILVER	form_unvocalized	IMP.2MSG
LX-2f8326f499.NFIN	form		hewiktionary	SILVER	form_unvocalized	NFIN
LX-2ff4b7045a.PST.3MSG	form		hewiktionary	SILVER	form_unvocalized	PST.3MSG
LX-3030f12f85.PRS.MSG	form		hewiktionary	SILVER	form_unvocalized	PRS.MSG
LX-3030f12f85.FUT.3MSG	form		hewiktionary	SILVER	form_unvocalized	FUT.3MSG
LX-3095c8f16c.PRS.MSG	form		hewiktionary	SILVER	form_unvocalized	PRS.MSG
LX-3095c8f16c.FUT.3MSG	form		hewiktionary	SILVER	form_unvocalized	FUT.3MSG
LX-3095c8f16c.IMP.2MSG	form		hewiktionary	SILVER	form_unvocalized	IMP.2MSG
LX-3095c8f16c.NFIN	form		hewiktionary	SILVER	form_unvocalized	NFIN
LX-30d14115f4.PRS.MSG	form		hewiktionary	SILVER	form_unvocalized	PRS.MSG
LX-30d14115f4.FUT.3MSG	form		hewiktionary	SILVER	form_unvocalized	FUT.3MSG
LX-30f88398b7.PST.3MSG	form		hewiktionary	SILVER	form_unvocalized	PST.3MSG
LX-3119f3361c.PRS.MSG	form		hewiktionary	SILVER	form_unvocalized	PRS.MSG
LX-3119f3361c.FUT.3MSG	form		hewiktionary	SILVER	form_unvocalized	FUT.3MSG
LX-3119f3361c.IMP.2MSG	form		hewiktionary	SILVER	form_unvocalized	IMP.2MSG
LX-3119f3361c.NFIN	form		hewiktionary	SILVER	form_unvocalized	NFIN
LX-316915cde5.PRS.MSG	form		hewiktionary	SILVER	form_unvocalized	PRS.MSG
LX-316915cde5.FUT.3MSG	form		hewiktionary	SILVER	form_unvocalized	FUT.3MSG
LX-316915cde5.IMP.2MSG	form		hewiktionary	SILVER	form_unvocalized	IMP.2MSG
LX-316915cde5.NFIN	form		hewiktionary	SILVER	form_unvocalized	NFIN
LX-319205074e.PRS.MSG	form		hewiktionary	SILVER	form_unvocalized	PRS.MSG
LX-319205074e.FUT.3MSG	form		hewiktionary	SILVER	form_unvocalized	FUT.3MSG
LX-319205074e.IMP.2MSG	form		hewiktionary	SILVER	form_unvocalized	IMP.2MSG
LX-319205074e.NFIN	form		hewiktionary	SILVER	form_unvocalized	NFIN
LX-31ea95a485.PRS.MSG	form		hewiktionary	SILVER	form_unvocalized	PRS.MSG
LX-31ea95a485.FUT.3MSG	form		hewiktionary	SILVER	form_unvocalized	FUT.3MSG
LX-31ea95a485.IMP.2MSG	form		hewiktionary	SILVER	form_unvocalized	IMP.2MSG
LX-31ea95a485.NFIN	form		hewiktionary	SILVER	form_unvocalized	NFIN
LX-324bf7cccf.PRS.MSG	form		hewiktionary	SILVER	form_unvocalized	PRS.MSG
LX-324bf7cccf.FUT.3MSG	form		hewiktionary	SILVER	form_unvocalized	FUT.3MSG
LX-324bf7cccf.IMP.2MSG	form		hewiktionary	SILVER	form_unvocalized	IMP.2MSG
LX-324bf7cccf.NFIN	form		hewiktionary	SILVER	form_unvocalized	NFIN
LX-3281879967.PRS.MSG	form		hewiktionary	SILVER	form_unvocalized	PRS.MSG
LX-3281879967.FUT.3MSG	form		hewiktionary	SILVER	form_unvocalized	FUT.3MSG
LX-3281879967.IMP.2MSG	form		hewiktionary	SILVER	form_unvocalized	IMP.2MSG
LX-3281879967.NFIN	form		hewiktionary	SILVER	form_unvocalized	NFIN
LX-329a77f005.PRS.MSG	form		hewiktionary	SILVER	form_unvocalized	PRS.MSG
LX-329a77f005.FUT.3MSG	form		hewiktionary	SILVER	form_unvocalized	FUT.3MSG
LX-329a77f005.IMP.2MSG	form		hewiktionary	SILVER	form_unvocalized	IMP.2MSG
LX-329a77f005.NFIN	form		hewiktionary	SILVER	form_unvocalized	NFIN
LX-32a3a905d1.PRS.MSG	form		hewiktionary	SILVER	form_unvocalized	PRS.MSG
LX-32a3a905d1.FUT.3MSG	form		hewiktionary	SILVER	form_unvocalized	FUT.3MSG
LX-332713e7d7.PRS.MSG	form		hewiktionary	SILVER	form_unvocalized	PRS.MSG
LX-332713e7d7.FUT.3MSG	form		hewiktionary	SILVER	form_unvocalized	FUT.3MSG
LX-332713e7d7.IMP.2MSG	form		hewiktionary	SILVER	form_unvocalized	IMP.2MSG
LX-332713e7d7.NFIN	form		hewiktionary	SILVER	form_unvocalized	NFIN
LX-33cbea718b.PRS.MSG	form		hewiktionary	SILVER	form_unvocalized	PRS.MSG
LX-33cbea718b.FUT.3MSG	form		hewiktionary	SILVER	form_unvocalized	FUT.3MSG
LX-33cbea718b.IMP.2MSG	form		hewiktionary	SILVER	form_unvocalized	IMP.2MSG
LX-33cbea718b.NFIN	form		hewiktionary	SILVER	form_unvocalized	NFIN
LX-33e1362c25.PRS.MSG	form		hewiktionary	SILVER	form_unvocalized	PRS.MSG
LX-33e1362c25.FUT.3MSG	form		hewiktionary	SILVER	form_unvocalized	FUT.3MSG
LX-33e1362c25.IMP.2MSG	form		hewiktionary	SILVER	form_unvocalized	IMP.2MSG
LX-33e1362c25.NFIN	form		hewiktionary	SILVER	form_unvocalized	NFIN
LX-3443de02c3.PST.3MSG	form		hewiktionary	SILVER	form_unvocalized	PST.3MSG
LX-3443de02c3.PRS.MSG	form		hewiktionary	SILVER	form_unvocalized	PRS.MSG
LX-3443de02c3.FUT.3MSG	form		hewiktionary	SILVER	form_unvocalized	FUT.3MSG
LX-3443de02c3.IMP.2MSG	form		hewiktionary	SILVER	form_unvocalized	IMP.2MSG
LX-3443de02c3.NFIN	form		hewiktionary	SILVER	form_unvocalized	NFIN
LX-345d6273a0.PRS.MSG	form		hewiktionary	SILVER	form_unvocalized	PRS.MSG
LX-345d6273a0.FUT.3MSG	form		hewiktionary	SILVER	form_unvocalized	FUT.3MSG
LX-345d6273a0.IMP.2MSG	form		hewiktionary	SILVER	form_unvocalized	IMP.2MSG
LX-345d6273a0.NFIN	form		hewiktionary	SILVER	form_unvocalized	NFIN
LX-3490760842.PRS.MSG	form		hewiktionary	SILVER	form_unvocalized	PRS.MSG
LX-3490760842.FUT.3MSG	form		hewiktionary	SILVER	form_unvocalized	FUT.3MSG
LX-3490760842.IMP.2MSG	form		hewiktionary	SILVER	form_unvocalized	IMP.2MSG
LX-3490760842.NFIN	form		hewiktionary	SILVER	form_unvocalized	NFIN
LX-34a2c6a64f.PST.3MSG	form		hewiktionary	SILVER	form_unvocalized	PST.3MSG
LX-34da79daf6.PRS.MSG	form		hewiktionary	SILVER	form_unvocalized	PRS.MSG
LX-34da79daf6.FUT.3MSG	form		hewiktionary	SILVER	form_unvocalized	FUT.3MSG
LX-34da79daf6.IMP.2MSG	form		hewiktionary	SILVER	form_unvocalized	IMP.2MSG
LX-34da79daf6.NFIN	form		hewiktionary	SILVER	form_unvocalized	NFIN
LX-35d4c1e4bd.PRS.MSG	form		hewiktionary	SILVER	form_unvocalized	PRS.MSG
LX-35d4c1e4bd.FUT.3MSG	form		hewiktionary	SILVER	form_unvocalized	FUT.3MSG
LX-35d4c1e4bd.IMP.2MSG	form		hewiktionary	SILVER	form_unvocalized	IMP.2MSG
LX-35d4c1e4bd.NFIN	form		hewiktionary	SILVER	form_unvocalized	NFIN
LX-35e55483e9.PRS.MSG	form		hewiktionary	SILVER	form_unvocalized	PRS.MSG
LX-35e55483e9.FUT.3MSG	form		hewiktionary	SILVER	form_unvocalized	FUT.3MSG
LX-35e55483e9.IMP.2MSG	form		hewiktionary	SILVER	form_unvocalized	IMP.2MSG
LX-35e55483e9.NFIN	form		hewiktionary	SILVER	form_unvocalized	NFIN
LX-3680903e9c.PST.3MSG	form		hewiktionary	SILVER	form_unvocalized	PST.3MSG
LX-37388ce316.PRS.MSG	form		hewiktionary	SILVER	form_unvocalized	PRS.MSG
LX-37388ce316.FUT.3MSG	form		hewiktionary	SILVER	form_unvocalized	FUT.3MSG
LX-37388ce316.IMP.2MSG	form		hewiktionary	SILVER	form_unvocalized	IMP.2MSG
LX-37388ce316.NFIN	form		hewiktionary	SILVER	form_unvocalized	NFIN
LX-3745f4978e.PRS.MSG	form		hewiktionary	SILVER	form_unvocalized	PRS.MSG
LX-3745f4978e.FUT.3MSG	form		hewiktionary	SILVER	form_unvocalized	FUT.3MSG
LX-3745f4978e.IMP.2MSG	form		hewiktionary	SILVER	form_unvocalized	IMP.2MSG
LX-3745f4978e.NFIN	form		hewiktionary	SILVER	form_unvocalized	NFIN
LX-37ecdb3fec.PRS.MSG	form		hewiktionary	SILVER	form_unvocalized	PRS.MSG
LX-37ecdb3fec.FUT.3MSG	form		hewiktionary	SILVER	form_unvocalized	FUT.3MSG
LX-37ecdb3fec.IMP.2MSG	form		hewiktionary	SILVER	form_unvocalized	IMP.2MSG
LX-37ecdb3fec.NFIN	form		hewiktionary	SILVER	form_unvocalized	NFIN
LX-3814029277.PRS.MSG	form		hewiktionary	SILVER	form_unvocalized	PRS.MSG
LX-3814029277.FUT.3MSG	form		hewiktionary	SILVER	form_unvocalized	FUT.3MSG
LX-3814029277.IMP.2MSG	form		hewiktionary	SILVER	form_unvocalized	IMP.2MSG
LX-3814029277.NFIN	form		hewiktionary	SILVER	form_unvocalized	NFIN
LX-38fabde70a.PRS.MSG	form		hewiktionary	SILVER	form_unvocalized	PRS.MSG
LX-38fabde70a.FUT.3MSG	form		hewiktionary	SILVER	form_unvocalized	FUT.3MSG
LX-38fabde70a.IMP.2MSG	form		hewiktionary	SILVER	form_unvocalized	IMP.2MSG
LX-38fabde70a.NFIN	form		hewiktionary	SILVER	form_unvocalized	NFIN
LX-390eb5e26c.PST.3MSG	form		hewiktionary	SILVER	form_unvocalized	PST.3MSG
LX-39131bdb6b.PRS.MSG	form		hewiktionary	SILVER	form_unvocalized	PRS.MSG
LX-39131bdb6b.FUT.3MSG	form		hewiktionary	SILVER	form_unvocalized	FUT.3MSG
LX-39131bdb6b.IMP.2MSG	form		hewiktionary	SILVER	form_unvocalized	IMP.2MSG
LX-39131bdb6b.NFIN	form		hewiktionary	SILVER	form_unvocalized	NFIN
LX-39e55484e2.PRS.MSG	form		hewiktionary	SILVER	form_unvocalized	PRS.MSG
LX-39e55484e2.FUT.3MSG	form		hewiktionary	SILVER	form_unvocalized	FUT.3MSG
LX-39e55484e2.IMP.2MSG	form		hewiktionary	SILVER	form_unvocalized	IMP.2MSG
LX-39e55484e2.NFIN	form		hewiktionary	SILVER	form_unvocalized	NFIN
LX-3a480e519f.PRS.MSG	form		hewiktionary	SILVER	form_unvocalized	PRS.MSG
LX-3a480e519f.FUT.3MSG	form		hewiktionary	SILVER	form_unvocalized	FUT.3MSG
LX-3a480e519f.IMP.2MSG	form		hewiktionary	SILVER	form_unvocalized	IMP.2MSG
LX-3a480e519f.NFIN	form		hewiktionary	SILVER	form_unvocalized	NFIN
LX-3b8b7bb0d1.PST.3MSG	form		hewiktionary	SILVER	form_unvocalized	PST.3MSG
LX-3b91c71e88.PRS.MSG	form		hewiktionary	SILVER	form_unvocalized	PRS.MSG
LX-3b91c71e88.FUT.3MSG	form		hewiktionary	SILVER	form_unvocalized	FUT.3MSG
LX-3b91c71e88.IMP.2MSG	form		hewiktionary	SILVER	form_unvocalized	IMP.2MSG
LX-3b91c71e88.NFIN	form		hewiktionary	SILVER	form_unvocalized	NFIN
LX-3bb685e941.PST.3MSG	form		hewiktionary	SILVER	form_unvocalized	PST.3MSG
LX-3bb685e941.PRS.MSG	form		hewiktionary	SILVER	form_unvocalized	PRS.MSG
LX-3bb685e941.FUT.3MSG	form		hewiktionary	SILVER	form_unvocalized	FUT.3MSG
LX-3bb685e941.IMP.2MSG	form		hewiktionary	SILVER	form_unvocalized	IMP.2MSG
LX-3bb685e941.NFIN	form		hewiktionary	SILVER	form_unvocalized	NFIN
LX-3c2323dbb2.PRS.MSG	form		hewiktionary	SILVER	form_unvocalized	PRS.MSG
LX-3c2323dbb2.FUT.3MSG	form		hewiktionary	SILVER	form_unvocalized	FUT.3MSG
LX-3c2323dbb2.IMP.2MSG	form		hewiktionary	SILVER	form_unvocalized	IMP.2MSG
LX-3c2323dbb2.NFIN	form		hewiktionary	SILVER	form_unvocalized	NFIN
LX-3c3d4c9f5b.PRS.MSG	form		hewiktionary	SILVER	form_unvocalized	PRS.MSG
LX-3c3d4c9f5b.FUT.3MSG	form		hewiktionary	SILVER	form_unvocalized	FUT.3MSG
LX-3c3d4c9f5b.IMP.2MSG	form		hewiktionary	SILVER	form_unvocalized	IMP.2MSG
LX-3c3d4c9f5b.NFIN	form		hewiktionary	SILVER	form_unvocalized	NFIN
LX-3c72f58d16.PRS.MSG	form		hewiktionary	SILVER	form_unvocalized	PRS.MSG
LX-3c72f58d16.FUT.3MSG	form		hewiktionary	SILVER	form_unvocalized	FUT.3MSG
LX-3c72f58d16.IMP.2MSG	form		hewiktionary	SILVER	form_unvocalized	IMP.2MSG
LX-3c72f58d16.NFIN	form		hewiktionary	SILVER	form_unvocalized	NFIN
LX-3d066329f0.PRS.MSG	form		hewiktionary	SILVER	form_unvocalized	PRS.MSG
LX-3d066329f0.FUT.3MSG	form		hewiktionary	SILVER	form_unvocalized	FUT.3MSG
LX-3d066329f0.IMP.2MSG	form		hewiktionary	SILVER	form_unvocalized	IMP.2MSG
LX-3d066329f0.NFIN	form		hewiktionary	SILVER	form_unvocalized	NFIN
LX-3defd9e540.PST.3MSG	form		hewiktionary	QUESTIONABLE	form_unvocalized	PST.3MSG
LX-3e0e899fc0.PRS.MSG	form		hewiktionary	SILVER	form_unvocalized	PRS.MSG
LX-3e0e899fc0.FUT.3MSG	form		hewiktionary	SILVER	form_unvocalized	FUT.3MSG
LX-3e0e899fc0.IMP.2MSG	form		hewiktionary	SILVER	form_unvocalized	IMP.2MSG
LX-3e0e899fc0.NFIN	form		hewiktionary	SILVER	form_unvocalized	NFIN
LX-3ea8f34a03.PRS.MSG	form		hewiktionary	SILVER	form_unvocalized	PRS.MSG
LX-3ea8f34a03.FUT.3MSG	form		hewiktionary	SILVER	form_unvocalized	FUT.3MSG
LX-3f4737b6ad.PRS.MSG	form		hewiktionary	SILVER	form_unvocalized	PRS.MSG
LX-3f63742090.PRS.MSG	form		hewiktionary	SILVER	form_unvocalized	PRS.MSG
LX-3f63742090.FUT.3MSG	form		hewiktionary	SILVER	form_unvocalized	FUT.3MSG
LX-3f63742090.IMP.2MSG	form		hewiktionary	SILVER	form_unvocalized	IMP.2MSG
LX-3f63742090.NFIN	form		hewiktionary	SILVER	form_unvocalized	NFIN
LX-3f661e5827.PRS.MSG	form		hewiktionary	SILVER	form_unvocalized	PRS.MSG
LX-3f661e5827.FUT.3MSG	form		hewiktionary	SILVER	form_unvocalized	FUT.3MSG
LX-3f661e5827.IMP.2MSG	form		hewiktionary	SILVER	form_unvocalized	IMP.2MSG
LX-3f661e5827.NFIN	form		hewiktionary	SILVER	form_unvocalized	NFIN
LX-3ff6c1a418.PST.3MSG	form		hewiktionary	SILVER	form_unvocalized	PST.3MSG
LX-4015171fc7.PRS.MSG	form		hewiktionary	SILVER	form_unvocalized	PRS.MSG
LX-4015171fc7.FUT.3MSG	form		hewiktionary	SILVER	form_unvocalized	FUT.3MSG
LX-4015171fc7.IMP.2MSG	form		hewiktionary	SILVER	form_unvocalized	IMP.2MSG
LX-4015171fc7.NFIN	form		hewiktionary	SILVER	form_unvocalized	NFIN
LX-4028bdf1e9.PST.3MSG	form		hewiktionary	QUESTIONABLE	form_unvocalized	PST.3MSG
LX-404f2ec4f7.PRS.MSG	form		hewiktionary	SILVER	form_unvocalized	PRS.MSG
LX-404f2ec4f7.FUT.3MSG	form		hewiktionary	SILVER	form_unvocalized	FUT.3MSG
LX-404f2ec4f7.IMP.2MSG	form		hewiktionary	SILVER	form_unvocalized	IMP.2MSG
LX-404f2ec4f7.NFIN	form		hewiktionary	SILVER	form_unvocalized	NFIN
LX-415aa11f2f.PST.3MSG	form		hewiktionary	SILVER	form_unvocalized	PST.3MSG
LX-4296a2f246.PST.3MSG	form		hewiktionary	QUESTIONABLE	form_unvocalized	PST.3MSG
LX-42a6626367.PRS.MSG	form		hewiktionary	SILVER	form_unvocalized	PRS.MSG
LX-42a6626367.FUT.3MSG	form		hewiktionary	SILVER	form_unvocalized	FUT.3MSG
LX-42a6626367.IMP.2MSG	form		hewiktionary	SILVER	form_unvocalized	IMP.2MSG
LX-42a6626367.NFIN	form		hewiktionary	SILVER	form_unvocalized	NFIN
LX-42b27b48e4.PRS.MSG	form		hewiktionary	SILVER	form_unvocalized	PRS.MSG
LX-42b27b48e4.FUT.3MSG	form		hewiktionary	SILVER	form_unvocalized	FUT.3MSG
LX-42b27b48e4.IMP.2MSG	form		hewiktionary	SILVER	form_unvocalized	IMP.2MSG
LX-42b27b48e4.NFIN	form		hewiktionary	SILVER	form_unvocalized	NFIN
LX-42cdf222ef.PST.3MSG	form		hewiktionary	QUESTIONABLE	form_unvocalized	PST.3MSG
LX-42f272bb25.PST.3MSG	form		hewiktionary	SILVER	form_unvocalized	PST.3MSG
LX-431f38f42d.PST.3MSG	form		hewiktionary	SILVER	form_unvocalized	PST.3MSG
LX-43227cfc1d.PRS.MSG	form		hewiktionary	SILVER	form_unvocalized	PRS.MSG
LX-43227cfc1d.FUT.3MSG	form		hewiktionary	SILVER	form_unvocalized	FUT.3MSG
LX-43227cfc1d.IMP.2MSG	form		hewiktionary	SILVER	form_unvocalized	IMP.2MSG
LX-43227cfc1d.NFIN	form		hewiktionary	SILVER	form_unvocalized	NFIN
LX-43d9eac2da.PRS.MSG	form		hewiktionary	SILVER	form_unvocalized	PRS.MSG
LX-43d9eac2da.FUT.3MSG	form		hewiktionary	SILVER	form_unvocalized	FUT.3MSG
LX-43d9eac2da.IMP.2MSG	form		hewiktionary	SILVER	form_unvocalized	IMP.2MSG
LX-43d9eac2da.NFIN	form		hewiktionary	SILVER	form_unvocalized	NFIN
LX-43e64fbb22.PRS.MSG	form		hewiktionary	SILVER	form_unvocalized	PRS.MSG
LX-43e64fbb22.FUT.3MSG	form		hewiktionary	SILVER	form_unvocalized	FUT.3MSG
LX-43ed367f7f.PRS.MSG	form		hewiktionary	SILVER	form_unvocalized	PRS.MSG
LX-43ed367f7f.FUT.3MSG	form		hewiktionary	SILVER	form_unvocalized	FUT.3MSG
LX-43ed367f7f.IMP.2MSG	form		hewiktionary	SILVER	form_unvocalized	IMP.2MSG
LX-43ed367f7f.NFIN	form		hewiktionary	SILVER	form_unvocalized	NFIN
LX-44975afd1d.PRS.MSG	form		hewiktionary	SILVER	form_unvocalized	PRS.MSG
LX-44975afd1d.FUT.3MSG	form		hewiktionary	SILVER	form_unvocalized	FUT.3MSG
LX-44975afd1d.IMP.2MSG	form		hewiktionary	SILVER	form_unvocalized	IMP.2MSG
LX-44975afd1d.NFIN	form		hewiktionary	SILVER	form_unvocalized	NFIN
LX-44a5234604.PRS.MSG	form		hewiktionary	SILVER	form_unvocalized	PRS.MSG
LX-44a5234604.FUT.3MSG	form		hewiktionary	SILVER	form_unvocalized	FUT.3MSG
LX-44a5234604.IMP.2MSG	form		hewiktionary	SILVER	form_unvocalized	IMP.2MSG
LX-44a5234604.NFIN	form		hewiktionary	SILVER	form_unvocalized	NFIN
LX-4517538b74.PRS.MSG	form		hewiktionary	SILVER	form_unvocalized	PRS.MSG
LX-4517538b74.FUT.3MSG	form		hewiktionary	SILVER	form_unvocalized	FUT.3MSG
LX-4517538b74.IMP.2MSG	form		hewiktionary	SILVER	form_unvocalized	IMP.2MSG
LX-4517538b74.NFIN	form		hewiktionary	SILVER	form_unvocalized	NFIN
LX-4527cb0fbd.PRS.MSG	form		hewiktionary	SILVER	form_unvocalized	PRS.MSG
LX-4527cb0fbd.FUT.3MSG	form		hewiktionary	SILVER	form_unvocalized	FUT.3MSG
LX-4527cb0fbd.IMP.2MSG	form		hewiktionary	SILVER	form_unvocalized	IMP.2MSG
LX-4527cb0fbd.NFIN	form		hewiktionary	SILVER	form_unvocalized	NFIN
LX-458a363f92.PRS.MSG	form		hewiktionary	SILVER	form_unvocalized	PRS.MSG
LX-458a363f92.FUT.3MSG	form		hewiktionary	SILVER	form_unvocalized	FUT.3MSG
LX-458a363f92.IMP.2MSG	form		hewiktionary	SILVER	form_unvocalized	IMP.2MSG
LX-458a363f92.NFIN	form		hewiktionary	SILVER	form_unvocalized	NFIN
LX-45a36ce353.PRS.MSG	form		hewiktionary	SILVER	form_unvocalized	PRS.MSG
LX-45a36ce353.FUT.3MSG	form		hewiktionary	SILVER	form_unvocalized	FUT.3MSG
LX-45a36ce353.IMP.2MSG	form		hewiktionary	SILVER	form_unvocalized	IMP.2MSG
LX-45a36ce353.NFIN	form		hewiktionary	SILVER	form_unvocalized	NFIN
LX-461c9f230b.PST.1SG	form		hewiktionary	SILVER	form_unvocalized	PST.1SG
LX-461c9f230b.PST.2MSG	form		hewiktionary	SILVER	form_unvocalized	PST.2MSG
LX-461c9f230b.PST.2FSG	form		hewiktionary	SILVER	form_unvocalized	PST.2FSG
LX-461c9f230b.PST.3FSG	form		hewiktionary	SILVER	form_unvocalized	PST.3FSG
LX-461c9f230b.PST.1PL	form		hewiktionary	SILVER	form_unvocalized	PST.1PL
LX-461c9f230b.PST.2MPL	form		hewiktionary	SILVER	form_unvocalized	PST.2MPL
LX-461c9f230b.PST.2FPL	form		hewiktionary	SILVER	form_unvocalized	PST.2FPL
LX-461c9f230b.PST.3PL	form		hewiktionary	SILVER	form_unvocalized	PST.3PL
LX-461c9f230b.PRS.MSG	form		hewiktionary	SILVER	form_unvocalized	PRS.MSG
LX-461c9f230b.PRS.FSG	form		hewiktionary	SILVER	form_unvocalized	PRS.FSG
LX-461c9f230b.PRS.MPL	form		hewiktionary	SILVER	form_unvocalized	PRS.MPL
LX-461c9f230b.PRS.FPL	form		hewiktionary	SILVER	form_unvocalized	PRS.FPL
LX-461c9f230b.FUT.1SG	form		hewiktionary	SILVER	form_unvocalized	FUT.1SG
LX-461c9f230b.FUT.2MSG	form		hewiktionary	SILVER	form_unvocalized	FUT.2MSG
LX-461c9f230b.FUT.2FSG	form		hewiktionary	SILVER	form_unvocalized	FUT.2FSG
LX-461c9f230b.FUT.3MSG	form		hewiktionary	SILVER	form_unvocalized	FUT.3MSG
LX-461c9f230b.FUT.3FSG	form		hewiktionary	SILVER	form_unvocalized	FUT.3FSG
LX-461c9f230b.FUT.1PL	form		hewiktionary	SILVER	form_unvocalized	FUT.1PL
LX-461c9f230b.FUT.2MPL	form		hewiktionary	SILVER	form_unvocalized	FUT.2MPL
LX-461c9f230b.FUT.2FPL	form		hewiktionary	SILVER	form_unvocalized	FUT.2FPL
LX-461c9f230b.FUT.3MPL	form		hewiktionary	SILVER	form_unvocalized	FUT.3MPL
LX-461c9f230b.IMP.2MSG	form		hewiktionary	SILVER	form_unvocalized	IMP.2MSG
LX-461c9f230b.NFIN	form		hewiktionary	SILVER	form_unvocalized	NFIN
LX-462b284a89.PRS.MSG	form		hewiktionary	SILVER	form_unvocalized	PRS.MSG
LX-462b284a89.FUT.3MSG	form		hewiktionary	SILVER	form_unvocalized	FUT.3MSG
LX-462b284a89.IMP.2MSG	form		hewiktionary	SILVER	form_unvocalized	IMP.2MSG
LX-462b284a89.NFIN	form		hewiktionary	SILVER	form_unvocalized	NFIN
LX-46649dcccb.PRS.MSG	form		hewiktionary	QUESTIONABLE	form_unvocalized	PRS.MSG
LX-46649dcccb.FUT.3MSG	form		hewiktionary	QUESTIONABLE	form_unvocalized	FUT.3MSG
LX-46649dcccb.IMP.2MSG	form		hewiktionary	QUESTIONABLE	form_unvocalized	IMP.2MSG
LX-46649dcccb.NFIN	form		hewiktionary	QUESTIONABLE	form_unvocalized	NFIN
LX-46921562d9.PRS.MSG	form		hewiktionary	SILVER	form_unvocalized	PRS.MSG
LX-46921562d9.FUT.3MSG	form		hewiktionary	SILVER	form_unvocalized	FUT.3MSG
LX-46921562d9.IMP.2MSG	form		hewiktionary	SILVER	form_unvocalized	IMP.2MSG
LX-46921562d9.NFIN	form		hewiktionary	SILVER	form_unvocalized	NFIN
LX-46bf98b386.PRS.MSG	form		hewiktionary	QUESTIONABLE	form_unvocalized	PRS.MSG
LX-46bf98b386.FUT.3MSG	form		hewiktionary	QUESTIONABLE	form_unvocalized	FUT.3MSG
LX-46bf98b386.IMP.2MSG	form		hewiktionary	QUESTIONABLE	form_unvocalized	IMP.2MSG
LX-46bf98b386.NFIN	form		hewiktionary	QUESTIONABLE	form_unvocalized	NFIN
LX-46f49fc5f8.PRS.MSG	form		hewiktionary	SILVER	form_unvocalized	PRS.MSG
LX-46f49fc5f8.FUT.3MSG	form		hewiktionary	SILVER	form_unvocalized	FUT.3MSG
LX-46f49fc5f8.IMP.2MSG	form		hewiktionary	SILVER	form_unvocalized	IMP.2MSG
LX-46f49fc5f8.NFIN	form		hewiktionary	SILVER	form_unvocalized	NFIN
LX-477328f513.PRS.MSG	form		hewiktionary	QUESTIONABLE	form_unvocalized	PRS.MSG
LX-477328f513.FUT.3MSG	form		hewiktionary	QUESTIONABLE	form_unvocalized	FUT.3MSG
LX-478c74b8d5.PST.3MSG	form		hewiktionary	SILVER	form_unvocalized	PST.3MSG
LX-47953f977b.PRS.MSG	form		hewiktionary	SILVER	form_unvocalized	PRS.MSG
LX-47953f977b.FUT.3MSG	form		hewiktionary	SILVER	form_unvocalized	FUT.3MSG
LX-47953f977b.IMP.2MSG	form		hewiktionary	SILVER	form_unvocalized	IMP.2MSG
LX-47953f977b.NFIN	form		hewiktionary	SILVER	form_unvocalized	NFIN
LX-479927df68.PST.3MSG	form		hewiktionary	SILVER	form_unvocalized	PST.3MSG
LX-47d1ab4b74.PRS.MSG	form		hewiktionary	SILVER	form_unvocalized	PRS.MSG
LX-47d1ab4b74.FUT.3MSG	form		hewiktionary	SILVER	form_unvocalized	FUT.3MSG
LX-47d1ab4b74.IMP.2MSG	form		hewiktionary	SILVER	form_unvocalized	IMP.2MSG
LX-47d1ab4b74.NFIN	form		hewiktionary	SILVER	form_unvocalized	NFIN
LX-47d91144dd.PST.3MSG	form		hewiktionary	SILVER	form_unvocalized	PST.3MSG
LX-48103dfac4.PST.3MSG	form		hewiktionary	SILVER	form_unvocalized	PST.3MSG
LX-4810a3ceaf.PRS.MSG	form		hewiktionary	SILVER	form_unvocalized	PRS.MSG
LX-4810a3ceaf.FUT.3MSG	form		hewiktionary	SILVER	form_unvocalized	FUT.3MSG
LX-4810a3ceaf.IMP.2MSG	form		hewiktionary	SILVER	form_unvocalized	IMP.2MSG
LX-4810a3ceaf.NFIN	form		hewiktionary	SILVER	form_unvocalized	NFIN
LX-4825e09b01.PST.3MSG	form		hewiktionary	QUESTIONABLE	form_unvocalized	PST.3MSG
LX-4825e09b01.PRS.MSG	form		hewiktionary	QUESTIONABLE	form_unvocalized	PRS.MSG
LX-4825e09b01.FUT.3MSG	form		hewiktionary	QUESTIONABLE	form_unvocalized	FUT.3MSG
LX-4825e09b01.IMP.2MSG	form		hewiktionary	QUESTIONABLE	form_unvocalized	IMP.2MSG
LX-4825e09b01.NFIN	form		hewiktionary	QUESTIONABLE	form_unvocalized	NFIN
LX-48290c7345.PRS.MSG	form		hewiktionary	SILVER	form_unvocalized	PRS.MSG
LX-48290c7345.FUT.3MSG	form		hewiktionary	SILVER	form_unvocalized	FUT.3MSG
LX-48290c7345.IMP.2MSG	form		hewiktionary	SILVER	form_unvocalized	IMP.2MSG
LX-48290c7345.NFIN	form		hewiktionary	SILVER	form_unvocalized	NFIN
LX-483d397953.PRS.MSG	form		hewiktionary	SILVER	form_unvocalized	PRS.MSG
LX-483d397953.FUT.3MSG	form		hewiktionary	SILVER	form_unvocalized	FUT.3MSG
LX-483d397953.IMP.2MSG	form		hewiktionary	SILVER	form_unvocalized	IMP.2MSG
LX-483d397953.NFIN	form		hewiktionary	SILVER	form_unvocalized	NFIN
LX-48a80b73be.PST.3MSG	form		hewiktionary	SILVER	form_unvocalized	PST.3MSG
LX-48bfd8a959.PRS.MSG	form		hewiktionary	SILVER	form_unvocalized	PRS.MSG
LX-48bfd8a959.FUT.3MSG	form		hewiktionary	SILVER	form_unvocalized	FUT.3MSG
LX-48bfd8a959.IMP.2MSG	form		hewiktionary	SILVER	form_unvocalized	IMP.2MSG
LX-48bfd8a959.NFIN	form		hewiktionary	SILVER	form_unvocalized	NFIN
LX-48d30fcf6d.PRS.MSG	form		hewiktionary	SILVER	form_unvocalized	PRS.MSG
LX-48d30fcf6d.FUT.3MSG	form		hewiktionary	SILVER	form_unvocalized	FUT.3MSG
LX-48d30fcf6d.IMP.2MSG	form		hewiktionary	SILVER	form_unvocalized	IMP.2MSG
LX-48d30fcf6d.NFIN	form		hewiktionary	SILVER	form_unvocalized	NFIN
LX-4922773f69.PRS.MSG	form		hewiktionary	SILVER	form_unvocalized	PRS.MSG
LX-4922773f69.FUT.3MSG	form		hewiktionary	SILVER	form_unvocalized	FUT.3MSG
LX-4922773f69.IMP.2MSG	form		hewiktionary	SILVER	form_unvocalized	IMP.2MSG
LX-4922773f69.NFIN	form		hewiktionary	SILVER	form_unvocalized	NFIN
LX-49258338f2.PRS.MSG	form		hewiktionary	SILVER	form_unvocalized	PRS.MSG
LX-49258338f2.FUT.3MSG	form		hewiktionary	SILVER	form_unvocalized	FUT.3MSG
LX-49258338f2.IMP.2MSG	form		hewiktionary	SILVER	form_unvocalized	IMP.2MSG
LX-49258338f2.NFIN	form		hewiktionary	SILVER	form_unvocalized	NFIN
LX-4932d03a8f.PRS.MSG	form		hewiktionary	SILVER	form_unvocalized	PRS.MSG
LX-4932d03a8f.FUT.3MSG	form		hewiktionary	SILVER	form_unvocalized	FUT.3MSG
LX-4932d03a8f.IMP.2MSG	form		hewiktionary	SILVER	form_unvocalized	IMP.2MSG
LX-4932d03a8f.NFIN	form		hewiktionary	SILVER	form_unvocalized	NFIN
LX-49963640d2.PRS.MSG	form		hewiktionary	SILVER	form_unvocalized	PRS.MSG
LX-49963640d2.FUT.3MSG	form		hewiktionary	SILVER	form_unvocalized	FUT.3MSG
LX-49963640d2.IMP.2MSG	form		hewiktionary	SILVER	form_unvocalized	IMP.2MSG
LX-49963640d2.NFIN	form		hewiktionary	SILVER	form_unvocalized	NFIN
LX-49a519e20b.PRS.MSG	form		hewiktionary	SILVER	form_unvocalized	PRS.MSG
LX-49a519e20b.FUT.3MSG	form		hewiktionary	SILVER	form_unvocalized	FUT.3MSG
LX-49a519e20b.IMP.2MSG	form		hewiktionary	SILVER	form_unvocalized	IMP.2MSG
LX-49a519e20b.NFIN	form		hewiktionary	SILVER	form_unvocalized	NFIN
LX-49c7ff3bf5.PRS.MSG	form		hewiktionary	SILVER	form_unvocalized	PRS.MSG
LX-49c7ff3bf5.FUT.3MSG	form		hewiktionary	SILVER	form_unvocalized	FUT.3MSG
LX-49c7ff3bf5.IMP.2MSG	form		hewiktionary	SILVER	form_unvocalized	IMP.2MSG
LX-49c7ff3bf5.NFIN	form		hewiktionary	SILVER	form_unvocalized	NFIN
LX-4a1291f210.PRS.MSG	form		hewiktionary	SILVER	form_unvocalized	PRS.MSG
LX-4a1291f210.FUT.3MSG	form		hewiktionary	SILVER	form_unvocalized	FUT.3MSG
LX-4a1291f210.IMP.2MSG	form		hewiktionary	SILVER	form_unvocalized	IMP.2MSG
LX-4a1291f210.NFIN	form		hewiktionary	SILVER	form_unvocalized	NFIN
LX-4a13629343.PRS.MSG	form		hewiktionary	SILVER	form_unvocalized	PRS.MSG
LX-4a13629343.FUT.3MSG	form		hewiktionary	SILVER	form_unvocalized	FUT.3MSG
LX-4a13629343.NFIN	form		hewiktionary	SILVER	form_unvocalized	NFIN
LX-4a500afd61.PRS.MSG	form		hewiktionary	SILVER	form_unvocalized	PRS.MSG
LX-4a500afd61.FUT.3MSG	form		hewiktionary	SILVER	form_unvocalized	FUT.3MSG
LX-4a500afd61.IMP.2MSG	form		hewiktionary	SILVER	form_unvocalized	IMP.2MSG
LX-4a500afd61.NFIN	form		hewiktionary	SILVER	form_unvocalized	NFIN
LX-4af047af4c.PRS.MSG	form		hewiktionary	SILVER	form_unvocalized	PRS.MSG
LX-4af047af4c.FUT.3MSG	form		hewiktionary	SILVER	form_unvocalized	FUT.3MSG
LX-4af047af4c.IMP.2MSG	form		hewiktionary	SILVER	form_unvocalized	IMP.2MSG
LX-4af047af4c.NFIN	form		hewiktionary	SILVER	form_unvocalized	NFIN
LX-4b010f53ca.PRS.MSG	form		hewiktionary	SILVER	form_unvocalized	PRS.MSG
LX-4b010f53ca.FUT.3MSG	form		hewiktionary	SILVER	form_unvocalized	FUT.3MSG
LX-4b010f53ca.IMP.2MSG	form		hewiktionary	SILVER	form_unvocalized	IMP.2MSG
LX-4b010f53ca.NFIN	form		hewiktionary	SILVER	form_unvocalized	NFIN
LX-4b37a3acd7.PST.3MSG	form		hewiktionary	SILVER	form_unvocalized	PST.3MSG
LX-4b7a6949b3.PST.3MSG	form		hewiktionary	SILVER	form_unvocalized	PST.3MSG
LX-4b7a6949b3.PRS.MSG	form		hewiktionary	SILVER	form_unvocalized	PRS.MSG
LX-4b7a6949b3.FUT.3MSG	form		hewiktionary	SILVER	form_unvocalized	FUT.3MSG
LX-4b7a6949b3.IMP.2MSG	form		hewiktionary	SILVER	form_unvocalized	IMP.2MSG
LX-4b7a6949b3.NFIN	form		hewiktionary	SILVER	form_unvocalized	NFIN
LX-4b81f78a2b.PRS.MSG	form		hewiktionary	SILVER	form_unvocalized	PRS.MSG
LX-4b81f78a2b.FUT.3MSG	form		hewiktionary	SILVER	form_unvocalized	FUT.3MSG
LX-4b81f78a2b.IMP.2MSG	form		hewiktionary	SILVER	form_unvocalized	IMP.2MSG
LX-4b81f78a2b.NFIN	form		hewiktionary	SILVER	form_unvocalized	NFIN
LX-4c102df746.PST.3MSG	form		hewiktionary	SILVER	form_unvocalized	PST.3MSG
LX-4c148f8626.PRS.MSG	form		hewiktionary	SILVER	form_unvocalized	PRS.MSG
LX-4c148f8626.FUT.3MSG	form		hewiktionary	SILVER	form_unvocalized	FUT.3MSG
LX-4c148f8626.IMP.2MSG	form		hewiktionary	SILVER	form_unvocalized	IMP.2MSG
LX-4c148f8626.NFIN	form		hewiktionary	SILVER	form_unvocalized	NFIN
LX-4c22d3d2bb.PST.3MSG	form		hewiktionary	SILVER	form_unvocalized	PST.3MSG
LX-4cfbc9283b.PST.3MSG	form		hewiktionary	SILVER	form_unvocalized	PST.3MSG
LX-4cfbc9283b.PRS.MSG	form		hewiktionary	SILVER	form_unvocalized	PRS.MSG
LX-4cfbc9283b.FUT.3MSG	form		hewiktionary	SILVER	form_unvocalized	FUT.3MSG
LX-4cfbc9283b.IMP.2MSG	form		hewiktionary	SILVER	form_unvocalized	IMP.2MSG
LX-4cfbc9283b.NFIN	form		hewiktionary	SILVER	form_unvocalized	NFIN
LX-4d4221d3d3.PST.3MSG	form		hewiktionary	SILVER	form_unvocalized	PST.3MSG
LX-4de31e0c1d.PST.3MSG	form		hewiktionary	SILVER	form_unvocalized	PST.3MSG
LX-4e304ebaae.PRS.MSG	form		hewiktionary	SILVER	form_unvocalized	PRS.MSG
LX-4e304ebaae.FUT.3MSG	form		hewiktionary	SILVER	form_unvocalized	FUT.3MSG
LX-4e304ebaae.IMP.2MSG	form		hewiktionary	SILVER	form_unvocalized	IMP.2MSG
LX-4e304ebaae.NFIN	form		hewiktionary	SILVER	form_unvocalized	NFIN
LX-4e553a4a66.PRS.MSG	form		hewiktionary	SILVER	form_unvocalized	PRS.MSG
LX-4e553a4a66.FUT.3MSG	form		hewiktionary	SILVER	form_unvocalized	FUT.3MSG
LX-4e553a4a66.IMP.2MSG	form		hewiktionary	SILVER	form_unvocalized	IMP.2MSG
LX-4e553a4a66.NFIN	form		hewiktionary	SILVER	form_unvocalized	NFIN
LX-4eee71a503.PRS.MSG	form		hewiktionary	QUESTIONABLE	form_unvocalized	PRS.MSG
LX-4eee71a503.FUT.3MSG	form		hewiktionary	QUESTIONABLE	form_unvocalized	FUT.3MSG
LX-4eee71a503.IMP.2MSG	form		hewiktionary	QUESTIONABLE	form_unvocalized	IMP.2MSG
LX-4eee71a503.NFIN	form		hewiktionary	QUESTIONABLE	form_unvocalized	NFIN
LX-4f2456d201.PRS.MSG	form		hewiktionary	SILVER	form_unvocalized	PRS.MSG
LX-4f2456d201.FUT.3MSG	form		hewiktionary	SILVER	form_unvocalized	FUT.3MSG
LX-4f2456d201.IMP.2MSG	form		hewiktionary	SILVER	form_unvocalized	IMP.2MSG
LX-4f2456d201.NFIN	form		hewiktionary	SILVER	form_unvocalized	NFIN
LX-4fb4ced786.PST.3MSG	form		hewiktionary	SILVER	form_unvocalized	PST.3MSG
LX-4fcf5c1d32.PRS.MSG	form		hewiktionary	SILVER	form_unvocalized	PRS.MSG
LX-4fcf5c1d32.FUT.3MSG	form		hewiktionary	SILVER	form_unvocalized	FUT.3MSG
LX-4fcf5c1d32.IMP.2MSG	form		hewiktionary	SILVER	form_unvocalized	IMP.2MSG
LX-4fcf5c1d32.NFIN	form		hewiktionary	SILVER	form_unvocalized	NFIN
LX-4fd35f282c.PRS.MSG	form		hewiktionary	SILVER	form_unvocalized	PRS.MSG
LX-4fd35f282c.FUT.3MSG	form		hewiktionary	SILVER	form_unvocalized	FUT.3MSG
LX-4fd35f282c.IMP.2MSG	form		hewiktionary	SILVER	form_unvocalized	IMP.2MSG
LX-4fd35f282c.NFIN	form		hewiktionary	SILVER	form_unvocalized	NFIN
LX-4fd42327b6.PRS.MSG	form		hewiktionary	SILVER	form_unvocalized	PRS.MSG
LX-4fd42327b6.FUT.3MSG	form		hewiktionary	SILVER	form_unvocalized	FUT.3MSG
LX-4fd42327b6.IMP.2MSG	form		hewiktionary	SILVER	form_unvocalized	IMP.2MSG
LX-4fd42327b6.NFIN	form		hewiktionary	SILVER	form_unvocalized	NFIN
LX-505eab44cd.FUT.3FPL	form		unimorph_heb	QUESTIONABLE	form_unvocalized	FUT.3FPL
LX-506463b7be.PRS.MSG	form		hewiktionary	SILVER	form_unvocalized	PRS.MSG
LX-506463b7be.FUT.3MSG	form		hewiktionary	SILVER	form_unvocalized	FUT.3MSG
LX-506463b7be.IMP.2MSG	form		hewiktionary	SILVER	form_unvocalized	IMP.2MSG
LX-506463b7be.NFIN	form		hewiktionary	SILVER	form_unvocalized	NFIN
LX-50b5f0bda2.PRS.MSG	form		hewiktionary	SILVER	form_unvocalized	PRS.MSG
LX-50b5f0bda2.FUT.3MSG	form		hewiktionary	SILVER	form_unvocalized	FUT.3MSG
LX-50b5f0bda2.IMP.2MSG	form		hewiktionary	SILVER	form_unvocalized	IMP.2MSG
LX-50b5f0bda2.NFIN	form		hewiktionary	SILVER	form_unvocalized	NFIN
LX-50bbf76633.PST.3MSG	form		hewiktionary	SILVER	form_unvocalized	PST.3MSG
LX-50e94d69c7.PRS.MSG	form		hewiktionary	SILVER	form_unvocalized	PRS.MSG
LX-50e94d69c7.FUT.3MSG	form		hewiktionary	SILVER	form_unvocalized	FUT.3MSG
LX-50e94d69c7.IMP.2MSG	form		hewiktionary	SILVER	form_unvocalized	IMP.2MSG
LX-50e94d69c7.NFIN	form		hewiktionary	SILVER	form_unvocalized	NFIN
LX-517a5e5540.PST.3MSG	form		hewiktionary	SILVER	form_unvocalized	PST.3MSG
LX-518983d9a7.PST.3MSG	form		hewiktionary	SILVER	form_unvocalized	PST.3MSG
LX-51d4d2e080.PRS.MSG	form		hewiktionary	SILVER	form_unvocalized	PRS.MSG
LX-51d4d2e080.FUT.3MSG	form		hewiktionary	SILVER	form_unvocalized	FUT.3MSG
LX-51d4d2e080.IMP.2MSG	form		hewiktionary	SILVER	form_unvocalized	IMP.2MSG
LX-51d4d2e080.NFIN	form		hewiktionary	SILVER	form_unvocalized	NFIN
LX-525c7bfb30.PST.3MSG	form		hewiktionary	SILVER	form_unvocalized	PST.3MSG
LX-527a56a45f.PRS.MSG	form		hewiktionary	SILVER	form_unvocalized	PRS.MSG
LX-527a56a45f.FUT.3MSG	form		hewiktionary	SILVER	form_unvocalized	FUT.3MSG
LX-527a56a45f.IMP.2MSG	form		hewiktionary	SILVER	form_unvocalized	IMP.2MSG
LX-527a56a45f.NFIN	form		hewiktionary	SILVER	form_unvocalized	NFIN
LX-52f696259c.PRS.MSG	form		hewiktionary	SILVER	form_unvocalized	PRS.MSG
LX-52f696259c.FUT.3MSG	form		hewiktionary	SILVER	form_unvocalized	FUT.3MSG
LX-52f696259c.IMP.2MSG	form		hewiktionary	SILVER	form_unvocalized	IMP.2MSG
LX-52f696259c.NFIN	form		hewiktionary	SILVER	form_unvocalized	NFIN
LX-5323a3a394.PST.3MSG	form		hewiktionary	SILVER	form_unvocalized	PST.3MSG
LX-534a07fc86.PRS.MSG	form		hewiktionary	SILVER	form_unvocalized	PRS.MSG
LX-534a07fc86.FUT.3MSG	form		hewiktionary	SILVER	form_unvocalized	FUT.3MSG
LX-534a07fc86.IMP.2MSG	form		hewiktionary	SILVER	form_unvocalized	IMP.2MSG
LX-534a07fc86.NFIN	form		hewiktionary	SILVER	form_unvocalized	NFIN
LX-544361efd9.PRS.MSG	form		hewiktionary	SILVER	form_unvocalized	PRS.MSG
LX-544361efd9.FUT.3MSG	form		hewiktionary	SILVER	form_unvocalized	FUT.3MSG
LX-544361efd9.IMP.2MSG	form		hewiktionary	SILVER	form_unvocalized	IMP.2MSG
LX-544361efd9.NFIN	form		hewiktionary	SILVER	form_unvocalized	NFIN
LX-548d2a432f.PRS.MSG	form		hewiktionary	SILVER	form_unvocalized	PRS.MSG
LX-548d2a432f.FUT.3MSG	form		hewiktionary	SILVER	form_unvocalized	FUT.3MSG
LX-548d2a432f.NFIN	form		hewiktionary	SILVER	form_unvocalized	NFIN
LX-548f1a67ca.PST.3MSG	form		hewiktionary	SILVER	form_unvocalized	PST.3MSG
LX-54a8c8346c.PST.3MSG	form		hewiktionary	SILVER	form_unvocalized	PST.3MSG
LX-54dacfb337.PST.3MSG	form		hewiktionary	SILVER	form_unvocalized	PST.3MSG
LX-557865dae9.PST.3MSG	form		hewiktionary	SILVER	form_unvocalized	PST.3MSG
LX-55de2795e0.PRS.MSG	form		hewiktionary	SILVER	form_unvocalized	PRS.MSG
LX-55de2795e0.FUT.3MSG	form		hewiktionary	SILVER	form_unvocalized	FUT.3MSG
LX-55de2795e0.IMP.2MSG	form		hewiktionary	SILVER	form_unvocalized	IMP.2MSG
LX-55de2795e0.NFIN	form		hewiktionary	SILVER	form_unvocalized	NFIN
LX-569f3a897a.PRS.MSG	form		hewiktionary	SILVER	form_unvocalized	PRS.MSG
LX-569f3a897a.FUT.3MSG	form		hewiktionary	SILVER	form_unvocalized	FUT.3MSG
LX-569f3a897a.IMP.2MSG	form		hewiktionary	SILVER	form_unvocalized	IMP.2MSG
LX-569f3a897a.NFIN	form		hewiktionary	SILVER	form_unvocalized	NFIN
LX-56bb34a93a.PRS.MSG	form		hewiktionary	SILVER	form_unvocalized	PRS.MSG
LX-56bb34a93a.FUT.3MSG	form		hewiktionary	SILVER	form_unvocalized	FUT.3MSG
LX-56bb34a93a.IMP.2MSG	form		hewiktionary	SILVER	form_unvocalized	IMP.2MSG
LX-56bb34a93a.NFIN	form		hewiktionary	SILVER	form_unvocalized	NFIN
LX-571d85eb06.PRS.MSG	form		hewiktionary	SILVER	form_unvocalized	PRS.MSG
LX-571d85eb06.FUT.3MSG	form		hewiktionary	SILVER	form_unvocalized	FUT.3MSG
LX-571d85eb06.IMP.2MSG	form		hewiktionary	SILVER	form_unvocalized	IMP.2MSG
LX-571d85eb06.NFIN	form		hewiktionary	SILVER	form_unvocalized	NFIN
LX-57336e3057.PRS.MSG	form		hewiktionary	SILVER	form_unvocalized	PRS.MSG
LX-57336e3057.FUT.3MSG	form		hewiktionary	SILVER	form_unvocalized	FUT.3MSG
LX-57336e3057.NFIN	form		hewiktionary	SILVER	form_unvocalized	NFIN
LX-57bc50a604.PRS.MSG	form		hewiktionary	SILVER	form_unvocalized	PRS.MSG
LX-57bc50a604.FUT.3MSG	form		hewiktionary	SILVER	form_unvocalized	FUT.3MSG
LX-57bc50a604.IMP.2MSG	form		hewiktionary	SILVER	form_unvocalized	IMP.2MSG
LX-57bc50a604.NFIN	form		hewiktionary	SILVER	form_unvocalized	NFIN
LX-57eb0ee197.PRS.MSG	form		hewiktionary	SILVER	form_unvocalized	PRS.MSG
LX-57eb0ee197.FUT.3MSG	form		hewiktionary	SILVER	form_unvocalized	FUT.3MSG
LX-57eb0ee197.IMP.2MSG	form		hewiktionary	SILVER	form_unvocalized	IMP.2MSG
LX-57eb0ee197.NFIN	form		hewiktionary	SILVER	form_unvocalized	NFIN
LX-589398857c.PRS.MSG	form		hewiktionary	SILVER	form_unvocalized	PRS.MSG
LX-589398857c.FUT.3MSG	form		hewiktionary	SILVER	form_unvocalized	FUT.3MSG
LX-589398857c.IMP.2MSG	form		hewiktionary	SILVER	form_unvocalized	IMP.2MSG
LX-589398857c.NFIN	form		hewiktionary	SILVER	form_unvocalized	NFIN
LX-58d362f1a4.PRS.MSG	form		hewiktionary	SILVER	form_unvocalized	PRS.MSG
LX-58d362f1a4.FUT.3MSG	form		hewiktionary	SILVER	form_unvocalized	FUT.3MSG
LX-58d362f1a4.IMP.2MSG	form		hewiktionary	SILVER	form_unvocalized	IMP.2MSG
LX-58d362f1a4.NFIN	form		hewiktionary	SILVER	form_unvocalized	NFIN
LX-59df3d0264.PRS.MSG	form		hewiktionary	SILVER	form_unvocalized	PRS.MSG
LX-59df3d0264.FUT.3MSG	form		hewiktionary	SILVER	form_unvocalized	FUT.3MSG
LX-59df3d0264.IMP.2MSG	form		hewiktionary	SILVER	form_unvocalized	IMP.2MSG
LX-59df3d0264.NFIN	form		hewiktionary	SILVER	form_unvocalized	NFIN
LX-5a320289a5.PST.3MSG	form		hewiktionary	QUESTIONABLE	form_unvocalized	PST.3MSG
LX-5a49dbec84.PRS.MSG	form		hewiktionary	SILVER	form_unvocalized	PRS.MSG
LX-5a49dbec84.FUT.3MSG	form		hewiktionary	SILVER	form_unvocalized	FUT.3MSG
LX-5a49dbec84.IMP.2MSG	form		hewiktionary	SILVER	form_unvocalized	IMP.2MSG
LX-5a49dbec84.NFIN	form		hewiktionary	SILVER	form_unvocalized	NFIN
LX-5a82ad03c3.PRS.MSG	form		hewiktionary	SILVER	form_unvocalized	PRS.MSG
LX-5a82ad03c3.FUT.3MSG	form		hewiktionary	SILVER	form_unvocalized	FUT.3MSG
LX-5a964a3c70.PRS.MSG	form		hewiktionary	SILVER	form_unvocalized	PRS.MSG
LX-5a964a3c70.FUT.3MSG	form		hewiktionary	SILVER	form_unvocalized	FUT.3MSG
LX-5a964a3c70.IMP.2MSG	form		hewiktionary	SILVER	form_unvocalized	IMP.2MSG
LX-5a964a3c70.NFIN	form		hewiktionary	SILVER	form_unvocalized	NFIN
LX-5af11279a9.PRS.MSG	form		hewiktionary	SILVER	form_unvocalized	PRS.MSG
LX-5af11279a9.FUT.3MSG	form		hewiktionary	SILVER	form_unvocalized	FUT.3MSG
LX-5af11279a9.IMP.2MSG	form		hewiktionary	SILVER	form_unvocalized	IMP.2MSG
LX-5af11279a9.NFIN	form		hewiktionary	SILVER	form_unvocalized	NFIN
LX-5b636c65ee.PST.3MSG	form		hewiktionary	SILVER	form_unvocalized	PST.3MSG
LX-5b8dc83a07.PRS.MSG	form		hewiktionary	SILVER	form_unvocalized	PRS.MSG
LX-5b8dc83a07.FUT.3MSG	form		hewiktionary	SILVER	form_unvocalized	FUT.3MSG
LX-5b8dc83a07.IMP.2MSG	form		hewiktionary	SILVER	form_unvocalized	IMP.2MSG
LX-5b8dc83a07.NFIN	form		hewiktionary	SILVER	form_unvocalized	NFIN
LX-5bd0a836ed.PRS.MSG	form		hewiktionary	SILVER	form_unvocalized	PRS.MSG
LX-5bd0a836ed.FUT.3MSG	form		hewiktionary	SILVER	form_unvocalized	FUT.3MSG
LX-5c52b1e990.PRS.MSG	form		hewiktionary	SILVER	form_unvocalized	PRS.MSG
LX-5c52b1e990.FUT.3MSG	form		hewiktionary	SILVER	form_unvocalized	FUT.3MSG
LX-5c52b1e990.IMP.2MSG	form		hewiktionary	SILVER	form_unvocalized	IMP.2MSG
LX-5c52b1e990.NFIN	form		hewiktionary	SILVER	form_unvocalized	NFIN
LX-5c8e1c7306.PRS.MSG	form		hewiktionary	SILVER	form_unvocalized	PRS.MSG
LX-5c8e1c7306.FUT.3MSG	form		hewiktionary	SILVER	form_unvocalized	FUT.3MSG
LX-5c8e1c7306.IMP.2MSG	form		hewiktionary	SILVER	form_unvocalized	IMP.2MSG
LX-5c8e1c7306.NFIN	form		hewiktionary	SILVER	form_unvocalized	NFIN
LX-5d4711bc30.PST.3MSG	form		hewiktionary	SILVER	form_unvocalized	PST.3MSG
LX-5d4711bc30.PRS.MSG	form		hewiktionary	SILVER	form_unvocalized	PRS.MSG
LX-5d4711bc30.FUT.3MSG	form		hewiktionary	SILVER	form_unvocalized	FUT.3MSG
LX-5d4711bc30.IMP.2MSG	form		hewiktionary	SILVER	form_unvocalized	IMP.2MSG
LX-5d4711bc30.NFIN	form		hewiktionary	SILVER	form_unvocalized	NFIN
LX-5d81a46081.PST.3MSG	form		hewiktionary	SILVER	form_unvocalized	PST.3MSG
LX-5df7c61d65.PST.3MSG	form		hewiktionary	SILVER	form_unvocalized	PST.3MSG
LX-5df7c61d65.PRS.MSG	form		hewiktionary	SILVER	form_unvocalized	PRS.MSG
LX-5df7c61d65.FUT.3MSG	form		hewiktionary	SILVER	form_unvocalized	FUT.3MSG
LX-5df7c61d65.IMP.2MSG	form		hewiktionary	SILVER	form_unvocalized	IMP.2MSG
LX-5df7c61d65.NFIN	form		hewiktionary	SILVER	form_unvocalized	NFIN
LX-5e44df6bb0.PRS.MSG	form		hewiktionary	SILVER	form_unvocalized	PRS.MSG
LX-5e44df6bb0.FUT.3MSG	form		hewiktionary	SILVER	form_unvocalized	FUT.3MSG
LX-5e44df6bb0.IMP.2MSG	form		hewiktionary	SILVER	form_unvocalized	IMP.2MSG
LX-5e44df6bb0.NFIN	form		hewiktionary	SILVER	form_unvocalized	NFIN
LX-5e660f2389.PRS.MSG	form		hewiktionary	SILVER	form_unvocalized	PRS.MSG
LX-5e660f2389.FUT.3MSG	form		hewiktionary	SILVER	form_unvocalized	FUT.3MSG
LX-5e660f2389.IMP.2MSG	form		hewiktionary	SILVER	form_unvocalized	IMP.2MSG
LX-5e660f2389.NFIN	form		hewiktionary	SILVER	form_unvocalized	NFIN
LX-5e6eea2d95.PRS.MSG	form		hewiktionary	SILVER	form_unvocalized	PRS.MSG
LX-5e6eea2d95.FUT.3MSG	form		hewiktionary	SILVER	form_unvocalized	FUT.3MSG
LX-5e6eea2d95.IMP.2MSG	form		hewiktionary	SILVER	form_unvocalized	IMP.2MSG
LX-5e6eea2d95.NFIN	form		hewiktionary	SILVER	form_unvocalized	NFIN
LX-5e6ef008f5.PRS.MSG	form		hewiktionary	SILVER	form_unvocalized	PRS.MSG
LX-5e6ef008f5.FUT.3MSG	form		hewiktionary	SILVER	form_unvocalized	FUT.3MSG
LX-5e6ef008f5.IMP.2MSG	form		hewiktionary	SILVER	form_unvocalized	IMP.2MSG
LX-5e6ef008f5.NFIN	form		hewiktionary	SILVER	form_unvocalized	NFIN
LX-5ebc0ee3d6.PST.3MSG	form		hewiktionary	SILVER	form_unvocalized	PST.3MSG
LX-5ebc0ee3d6.PRS.MSG	form		hewiktionary	SILVER	form_unvocalized	PRS.MSG
LX-5ebc0ee3d6.FUT.3MSG	form		hewiktionary	SILVER	form_unvocalized	FUT.3MSG
LX-5eeef4fb61.PRS.MSG	form		hewiktionary	SILVER	form_unvocalized	PRS.MSG
LX-5eeef4fb61.FUT.3MSG	form		hewiktionary	SILVER	form_unvocalized	FUT.3MSG
LX-5eeef4fb61.NFIN	form		hewiktionary	SILVER	form_unvocalized	NFIN
LX-5ef157ccc5.PST.3MSG	form		hewiktionary	SILVER	form_unvocalized	PST.3MSG
LX-5f0a664913.PST.3MSG	form		hewiktionary	SILVER	form_unvocalized	PST.3MSG
LX-5f487f22df.PRS.MSG	form		hewiktionary	SILVER	form_unvocalized	PRS.MSG
LX-5f487f22df.FUT.3MSG	form		hewiktionary	SILVER	form_unvocalized	FUT.3MSG
LX-5f487f22df.IMP.2MSG	form		hewiktionary	SILVER	form_unvocalized	IMP.2MSG
LX-5f487f22df.NFIN	form		hewiktionary	SILVER	form_unvocalized	NFIN
LX-5f78e3e614.PST.3MSG	form		hewiktionary	SILVER	form_unvocalized	PST.3MSG
LX-5ffdc8bb8a.PST.3MSG	form		hewiktionary	SILVER	form_unvocalized	PST.3MSG
LX-616d4df8a6.PRS.MSG	form		hewiktionary	SILVER	form_unvocalized	PRS.MSG
LX-616d4df8a6.FUT.3MSG	form		hewiktionary	SILVER	form_unvocalized	FUT.3MSG
LX-616d4df8a6.NFIN	form		hewiktionary	SILVER	form_unvocalized	NFIN
LX-61c4cdd43a.PRS.MSG	form		hewiktionary	SILVER	form_unvocalized	PRS.MSG
LX-61c4cdd43a.FUT.3MSG	form		hewiktionary	SILVER	form_unvocalized	FUT.3MSG
LX-61c4cdd43a.IMP.2MSG	form		hewiktionary	SILVER	form_unvocalized	IMP.2MSG
LX-61c4cdd43a.NFIN	form		hewiktionary	SILVER	form_unvocalized	NFIN
LX-625edf3006.PRS.MSG	form		hewiktionary	SILVER	form_unvocalized	PRS.MSG
LX-625edf3006.FUT.3MSG	form		hewiktionary	SILVER	form_unvocalized	FUT.3MSG
LX-625edf3006.IMP.2MSG	form		hewiktionary	SILVER	form_unvocalized	IMP.2MSG
LX-625edf3006.NFIN	form		hewiktionary	SILVER	form_unvocalized	NFIN
LX-62c251cc6f.PST.3MSG	form		hewiktionary	SILVER	form_unvocalized	PST.3MSG
LX-62c251cc6f.PRS.MSG	form		hewiktionary	SILVER	form_unvocalized	PRS.MSG
LX-62c251cc6f.FUT.3MSG	form		hewiktionary	SILVER	form_unvocalized	FUT.3MSG
LX-62c251cc6f.IMP.2MSG	form		hewiktionary	SILVER	form_unvocalized	IMP.2MSG
LX-62c251cc6f.NFIN	form		hewiktionary	SILVER	form_unvocalized	NFIN
LX-634a999ac8.PST.3MSG	form		hewiktionary	QUESTIONABLE	form_unvocalized	PST.3MSG
LX-634c88bc53.PRS.MSG	form		hewiktionary	SILVER	form_unvocalized	PRS.MSG
LX-634c88bc53.FUT.3MSG	form		hewiktionary	SILVER	form_unvocalized	FUT.3MSG
LX-634c88bc53.IMP.2MSG	form		hewiktionary	SILVER	form_unvocalized	IMP.2MSG
LX-634c88bc53.NFIN	form		hewiktionary	SILVER	form_unvocalized	NFIN
LX-64d40615c5.PRS.MSG	form		hewiktionary	SILVER	form_unvocalized	PRS.MSG
LX-64d40615c5.FUT.3MSG	form		hewiktionary	SILVER	form_unvocalized	FUT.3MSG
LX-64d40615c5.IMP.2MSG	form		hewiktionary	SILVER	form_unvocalized	IMP.2MSG
LX-64d40615c5.NFIN	form		hewiktionary	SILVER	form_unvocalized	NFIN
LX-65a8e4727b.PRS.MSG	form		hewiktionary	SILVER	form_unvocalized	PRS.MSG
LX-65a8e4727b.FUT.3MSG	form		hewiktionary	SILVER	form_unvocalized	FUT.3MSG
LX-65b067c891.PRS.MSG	form		hewiktionary	SILVER	form_unvocalized	PRS.MSG
LX-65b067c891.FUT.3MSG	form		hewiktionary	SILVER	form_unvocalized	FUT.3MSG
LX-66396c157f.PRS.MSG	form		hewiktionary	SILVER	form_unvocalized	PRS.MSG
LX-66396c157f.FUT.3MSG	form		hewiktionary	SILVER	form_unvocalized	FUT.3MSG
LX-66396c157f.IMP.2MSG	form		hewiktionary	SILVER	form_unvocalized	IMP.2MSG
LX-66396c157f.NFIN	form		hewiktionary	SILVER	form_unvocalized	NFIN
LX-6669b58913.PRS.MSG	form		hewiktionary	SILVER	form_unvocalized	PRS.MSG
LX-6669b58913.FUT.3MSG	form		hewiktionary	SILVER	form_unvocalized	FUT.3MSG
LX-6669b58913.IMP.2MSG	form		hewiktionary	SILVER	form_unvocalized	IMP.2MSG
LX-6669b58913.NFIN	form		hewiktionary	SILVER	form_unvocalized	NFIN
LX-66d571ebbe.PST.3MSG	form		hewiktionary	SILVER	form_unvocalized	PST.3MSG
LX-66d571ebbe.PRS.MSG	form		hewiktionary	SILVER	form_unvocalized	PRS.MSG
LX-66d571ebbe.FUT.3MSG	form		hewiktionary	SILVER	form_unvocalized	FUT.3MSG
LX-66d571ebbe.IMP.2MSG	form		hewiktionary	SILVER	form_unvocalized	IMP.2MSG
LX-66d571ebbe.NFIN	form		hewiktionary	SILVER	form_unvocalized	NFIN
LX-673a419aee.PST.3MSG	form		hewiktionary	SILVER	form_unvocalized	PST.3MSG
LX-673a419aee.PRS.MSG	form		hewiktionary	SILVER	form_unvocalized	PRS.MSG
LX-673a419aee.FUT.3MSG	form		hewiktionary	SILVER	form_unvocalized	FUT.3MSG
LX-673a419aee.IMP.2MSG	form		hewiktionary	SILVER	form_unvocalized	IMP.2MSG
LX-673a419aee.NFIN	form		hewiktionary	SILVER	form_unvocalized	NFIN
LX-67597cf05a.PST.3MSG	form		hewiktionary	SILVER	form_unvocalized	PST.3MSG
LX-6783d21215.PRS.MSG	form		hewiktionary	SILVER	form_unvocalized	PRS.MSG
LX-6783d21215.FUT.3MSG	form		hewiktionary	SILVER	form_unvocalized	FUT.3MSG
LX-6783d21215.IMP.2MSG	form		hewiktionary	SILVER	form_unvocalized	IMP.2MSG
LX-6783d21215.NFIN	form		hewiktionary	SILVER	form_unvocalized	NFIN
LX-678b583cea.PRS.MSG	form		hewiktionary	SILVER	form_unvocalized	PRS.MSG
LX-678b583cea.FUT.3MSG	form		hewiktionary	SILVER	form_unvocalized	FUT.3MSG
LX-678b583cea.IMP.2MSG	form		hewiktionary	SILVER	form_unvocalized	IMP.2MSG
LX-678b583cea.NFIN	form		hewiktionary	SILVER	form_unvocalized	NFIN
LX-67b25fddbe.PST.3MSG	form		hewiktionary	SILVER	form_unvocalized	PST.3MSG
LX-683a8c936d.PRS.MSG	form		hewiktionary	SILVER	form_unvocalized	PRS.MSG
LX-683a8c936d.FUT.3MSG	form		hewiktionary	SILVER	form_unvocalized	FUT.3MSG
LX-683a8c936d.IMP.2MSG	form		hewiktionary	SILVER	form_unvocalized	IMP.2MSG
LX-683a8c936d.NFIN	form		hewiktionary	SILVER	form_unvocalized	NFIN
LX-683e9fe7de.PRS.MSG	form		hewiktionary	SILVER	form_unvocalized	PRS.MSG
LX-683e9fe7de.FUT.3MSG	form		hewiktionary	SILVER	form_unvocalized	FUT.3MSG
LX-683e9fe7de.IMP.2MSG	form		hewiktionary	SILVER	form_unvocalized	IMP.2MSG
LX-683e9fe7de.NFIN	form		hewiktionary	SILVER	form_unvocalized	NFIN
LX-6892f24df4.PRS.MSG	form		hewiktionary	SILVER	form_unvocalized	PRS.MSG
LX-6892f24df4.FUT.3MSG	form		hewiktionary	SILVER	form_unvocalized	FUT.3MSG
LX-6892f24df4.IMP.2MSG	form		hewiktionary	SILVER	form_unvocalized	IMP.2MSG
LX-6892f24df4.NFIN	form		hewiktionary	SILVER	form_unvocalized	NFIN
LX-6904fc8491.PRS.MSG	form		hewiktionary	SILVER	form_unvocalized	PRS.MSG
LX-6904fc8491.FUT.3MSG	form		hewiktionary	SILVER	form_unvocalized	FUT.3MSG
LX-6904fc8491.IMP.2MSG	form		hewiktionary	SILVER	form_unvocalized	IMP.2MSG
LX-6904fc8491.NFIN	form		hewiktionary	SILVER	form_unvocalized	NFIN
LX-694f55e60e.PRS.MSG	form		hewiktionary	SILVER	form_unvocalized	PRS.MSG
LX-694f55e60e.FUT.3MSG	form		hewiktionary	SILVER	form_unvocalized	FUT.3MSG
LX-694f55e60e.IMP.2MSG	form		hewiktionary	SILVER	form_unvocalized	IMP.2MSG
LX-694f55e60e.NFIN	form		hewiktionary	SILVER	form_unvocalized	NFIN
LX-6a7f3978c3.PST.1SG	form		hewiktionary	SILVER	form_unvocalized	PST.1SG
LX-6a7f3978c3.PST.2MSG	form		hewiktionary	SILVER	form_unvocalized	PST.2MSG
LX-6a7f3978c3.PST.2FSG	form		hewiktionary	SILVER	form_unvocalized	PST.2FSG
LX-6a7f3978c3.PST.3FSG	form		hewiktionary	SILVER	form_unvocalized	PST.3FSG
LX-6a7f3978c3.PST.1PL	form		hewiktionary	SILVER	form_unvocalized	PST.1PL
LX-6a7f3978c3.PST.2MPL	form		hewiktionary	SILVER	form_unvocalized	PST.2MPL
LX-6a7f3978c3.PST.2FPL	form		hewiktionary	SILVER	form_unvocalized	PST.2FPL
LX-6a7f3978c3.PST.3PL	form		hewiktionary	SILVER	form_unvocalized	PST.3PL
LX-6a7f3978c3.PRS.MSG	form		hewiktionary	SILVER	form_unvocalized	PRS.MSG
LX-6a7f3978c3.PRS.FSG	form		hewiktionary	SILVER	form_unvocalized	PRS.FSG
LX-6a7f3978c3.PRS.MPL	form		hewiktionary	SILVER	form_unvocalized	PRS.MPL
LX-6a7f3978c3.PRS.FPL	form		hewiktionary	SILVER	form_unvocalized	PRS.FPL
LX-6a7f3978c3.FUT.1SG	form		hewiktionary	SILVER	form_unvocalized	FUT.1SG
LX-6a7f3978c3.FUT.2MSG	form		hewiktionary	SILVER	form_unvocalized	FUT.2MSG
LX-6a7f3978c3.FUT.2FSG	form		hewiktionary	SILVER	form_unvocalized	FUT.2FSG
LX-6a7f3978c3.FUT.3MSG	form		hewiktionary	SILVER	form_unvocalized	FUT.3MSG
LX-6a7f3978c3.FUT.3FSG	form		hewiktionary	SILVER	form_unvocalized	FUT.3FSG
LX-6a7f3978c3.FUT.1PL	form		hewiktionary	SILVER	form_unvocalized	FUT.1PL
LX-6a7f3978c3.FUT.2MPL	form		hewiktionary	SILVER	form_unvocalized	FUT.2MPL
LX-6a7f3978c3.FUT.2FPL	form		hewiktionary	SILVER	form_unvocalized	FUT.2FPL
LX-6a7f3978c3.FUT.3MPL	form		hewiktionary	SILVER	form_unvocalized	FUT.3MPL
LX-6a7f3978c3.IMP.2MSG	form		hewiktionary	SILVER	form_unvocalized	IMP.2MSG
LX-6a7f3978c3.NFIN	form		hewiktionary	SILVER	form_unvocalized	NFIN
LX-6a9b6a2424.PRS.MSG	form		hewiktionary	SILVER	form_unvocalized	PRS.MSG
LX-6a9b6a2424.FUT.3MSG	form		hewiktionary	SILVER	form_unvocalized	FUT.3MSG
LX-6a9b6a2424.IMP.2MSG	form		hewiktionary	SILVER	form_unvocalized	IMP.2MSG
LX-6a9b6a2424.NFIN	form		hewiktionary	SILVER	form_unvocalized	NFIN
LX-6baa3bd5bc.PST.3MSG	form		hewiktionary	SILVER	form_unvocalized	PST.3MSG
LX-6baa3bd5bc.PRS.MSG	form		hewiktionary	SILVER	form_unvocalized	PRS.MSG
LX-6baa3bd5bc.FUT.3MSG	form		hewiktionary	SILVER	form_unvocalized	FUT.3MSG
LX-6baa3bd5bc.IMP.2MSG	form		hewiktionary	SILVER	form_unvocalized	IMP.2MSG
LX-6baa3bd5bc.NFIN	form		hewiktionary	SILVER	form_unvocalized	NFIN
LX-6be4599cf0.PST.3MSG	form		hewiktionary	SILVER	form_unvocalized	PST.3MSG
LX-6be4599cf0.PRS.MSG	form		hewiktionary	SILVER	form_unvocalized	PRS.MSG
LX-6be4599cf0.FUT.3MSG	form		hewiktionary	SILVER	form_unvocalized	FUT.3MSG
LX-6be4599cf0.IMP.2MSG	form		hewiktionary	SILVER	form_unvocalized	IMP.2MSG
LX-6be4599cf0.NFIN	form		hewiktionary	SILVER	form_unvocalized	NFIN
LX-6bf89ee705.PRS.MSG	form		hewiktionary	SILVER	form_unvocalized	PRS.MSG
LX-6bf89ee705.FUT.3MSG	form		hewiktionary	SILVER	form_unvocalized	FUT.3MSG
LX-6bf89ee705.IMP.2MSG	form		hewiktionary	SILVER	form_unvocalized	IMP.2MSG
LX-6bf89ee705.NFIN	form		hewiktionary	SILVER	form_unvocalized	NFIN
LX-6c0a48c332.PRS.MSG	form		hewiktionary	SILVER	form_unvocalized	PRS.MSG
LX-6c0a48c332.FUT.3MSG	form		hewiktionary	SILVER	form_unvocalized	FUT.3MSG
LX-6c0a48c332.IMP.2MSG	form		hewiktionary	SILVER	form_unvocalized	IMP.2MSG
LX-6c0a48c332.NFIN	form		hewiktionary	SILVER	form_unvocalized	NFIN
LX-6c276c1d5a.PST.3MSG	form		hewiktionary	QUESTIONABLE	form_unvocalized	PST.3MSG
LX-6c2f2b5e25.PST.3MSG	form		hewiktionary	SILVER	form_unvocalized	PST.3MSG
LX-6c2f2b5e25.PRS.MSG	form		hewiktionary	SILVER	form_unvocalized	PRS.MSG
LX-6c2f2b5e25.FUT.3MSG	form		hewiktionary	SILVER	form_unvocalized	FUT.3MSG
LX-6c2f2b5e25.IMP.2MSG	form		hewiktionary	SILVER	form_unvocalized	IMP.2MSG
LX-6c2f2b5e25.NFIN	form		hewiktionary	SILVER	form_unvocalized	NFIN
LX-6ca49c5513.PST.3MSG	form		hewiktionary	SILVER	form_unvocalized	PST.3MSG
LX-6ce881f673.PST.3MSG	form		hewiktionary	SILVER	form_unvocalized	PST.3MSG
LX-6cefd8560f.PRS.MSG	form		hewiktionary	SILVER	form_unvocalized	PRS.MSG
LX-6cefd8560f.FUT.3MSG	form		hewiktionary	SILVER	form_unvocalized	FUT.3MSG
LX-6cefd8560f.IMP.2MSG	form		hewiktionary	SILVER	form_unvocalized	IMP.2MSG
LX-6cefd8560f.NFIN	form		hewiktionary	SILVER	form_unvocalized	NFIN
LX-6d5a1a26fb.PRS.MSG	form		hewiktionary	SILVER	form_unvocalized	PRS.MSG
LX-6d5a1a26fb.FUT.3MSG	form		hewiktionary	SILVER	form_unvocalized	FUT.3MSG
LX-6d5a1a26fb.IMP.2MSG	form		hewiktionary	SILVER	form_unvocalized	IMP.2MSG
LX-6d5a1a26fb.NFIN	form		hewiktionary	SILVER	form_unvocalized	NFIN
LX-6d854a022d.PRS.MSG	form		hewiktionary	SILVER	form_unvocalized	PRS.MSG
LX-6d854a022d.FUT.3MSG	form		hewiktionary	SILVER	form_unvocalized	FUT.3MSG
LX-6d87adbd25.PST.3MSG	form		hewiktionary	SILVER	form_unvocalized	PST.3MSG
LX-6d8a6e0d02.PRS.MSG	form		hewiktionary	SILVER	form_unvocalized	PRS.MSG
LX-6d8a6e0d02.FUT.3MSG	form		hewiktionary	SILVER	form_unvocalized	FUT.3MSG
LX-6d8a6e0d02.IMP.2MSG	form		hewiktionary	SILVER	form_unvocalized	IMP.2MSG
LX-6d8a6e0d02.NFIN	form		hewiktionary	SILVER	form_unvocalized	NFIN
LX-6dcf6c9b9d.PRS.MSG	form		hewiktionary	SILVER	form_unvocalized	PRS.MSG
LX-6dcf6c9b9d.FUT.3MSG	form		hewiktionary	SILVER	form_unvocalized	FUT.3MSG
LX-6dcf6c9b9d.IMP.2MSG	form		hewiktionary	SILVER	form_unvocalized	IMP.2MSG
LX-6dcf6c9b9d.NFIN	form		hewiktionary	SILVER	form_unvocalized	NFIN
LX-6ddc80ceab.PST.3MSG	form		hewiktionary	SILVER	form_unvocalized	PST.3MSG
LX-6e606baed1.PST.3MSG	form		hewiktionary	SILVER	form_unvocalized	PST.3MSG
LX-6e9f9920dc.PRS.MSG	form		hewiktionary	SILVER	form_unvocalized	PRS.MSG
LX-6e9f9920dc.FUT.3MSG	form		hewiktionary	SILVER	form_unvocalized	FUT.3MSG
LX-6e9f9920dc.IMP.2MSG	form		hewiktionary	SILVER	form_unvocalized	IMP.2MSG
LX-6e9f9920dc.NFIN	form		hewiktionary	SILVER	form_unvocalized	NFIN
LX-6eaade5f42.PRS.MSG	form		hewiktionary	SILVER	form_unvocalized	PRS.MSG
LX-6eaade5f42.FUT.3MSG	form		hewiktionary	SILVER	form_unvocalized	FUT.3MSG
LX-6eaade5f42.IMP.2MSG	form		hewiktionary	SILVER	form_unvocalized	IMP.2MSG
LX-6eaade5f42.NFIN	form		hewiktionary	SILVER	form_unvocalized	NFIN
LX-6f5db3dab3.PRS.MSG	form		hewiktionary	SILVER	form_unvocalized	PRS.MSG
LX-6f5db3dab3.FUT.3MSG	form		hewiktionary	SILVER	form_unvocalized	FUT.3MSG
LX-6f5db3dab3.IMP.2MSG	form		hewiktionary	SILVER	form_unvocalized	IMP.2MSG
LX-6f5db3dab3.NFIN	form		hewiktionary	SILVER	form_unvocalized	NFIN
LX-6f80bfc4b5.PRS.MSG	form		hewiktionary	SILVER	form_unvocalized	PRS.MSG
LX-6f80bfc4b5.FUT.3MSG	form		hewiktionary	SILVER	form_unvocalized	FUT.3MSG
LX-70006a8e7c.PST.3MSG	form		hewiktionary	QUESTIONABLE	form_unvocalized	PST.3MSG
LX-70158a79ac.PRS.MSG	form		hewiktionary	SILVER	form_unvocalized	PRS.MSG
LX-70158a79ac.FUT.3MSG	form		hewiktionary	SILVER	form_unvocalized	FUT.3MSG
LX-70158a79ac.IMP.2MSG	form		hewiktionary	SILVER	form_unvocalized	IMP.2MSG
LX-70158a79ac.NFIN	form		hewiktionary	SILVER	form_unvocalized	NFIN
LX-70b25855b2.PRS.MSG	form		hewiktionary	SILVER	form_unvocalized	PRS.MSG
LX-70b25855b2.FUT.3MSG	form		hewiktionary	SILVER	form_unvocalized	FUT.3MSG
LX-70b25855b2.IMP.2MSG	form		hewiktionary	SILVER	form_unvocalized	IMP.2MSG
LX-70b25855b2.NFIN	form		hewiktionary	SILVER	form_unvocalized	NFIN
LX-70d2e13aa3.PRS.MSG	form		hewiktionary	SILVER	form_unvocalized	PRS.MSG
LX-70d2e13aa3.FUT.3MSG	form		hewiktionary	SILVER	form_unvocalized	FUT.3MSG
LX-70d2e13aa3.IMP.2MSG	form		hewiktionary	SILVER	form_unvocalized	IMP.2MSG
LX-70d2e13aa3.NFIN	form		hewiktionary	SILVER	form_unvocalized	NFIN
LX-71d1844571.PST.3MSG	form		hewiktionary	SILVER	form_unvocalized	PST.3MSG
LX-71fac5ec38.PRS.MSG	form		hewiktionary	SILVER	form_unvocalized	PRS.MSG
LX-71fac5ec38.FUT.3MSG	form		hewiktionary	SILVER	form_unvocalized	FUT.3MSG
LX-71fac5ec38.IMP.2MSG	form		hewiktionary	SILVER	form_unvocalized	IMP.2MSG
LX-71fac5ec38.NFIN	form		hewiktionary	SILVER	form_unvocalized	NFIN
LX-725def3fd4.PRS.MSG	form		hewiktionary	SILVER	form_unvocalized	PRS.MSG
LX-725def3fd4.FUT.3MSG	form		hewiktionary	SILVER	form_unvocalized	FUT.3MSG
LX-725def3fd4.IMP.2MSG	form		hewiktionary	SILVER	form_unvocalized	IMP.2MSG
LX-725def3fd4.NFIN	form		hewiktionary	SILVER	form_unvocalized	NFIN
LX-72b75856ca.PRS.MSG	form		hewiktionary	SILVER	form_unvocalized	PRS.MSG
LX-72b75856ca.FUT.3MSG	form		hewiktionary	SILVER	form_unvocalized	FUT.3MSG
LX-72b75856ca.IMP.2MSG	form		hewiktionary	SILVER	form_unvocalized	IMP.2MSG
LX-72b75856ca.NFIN	form		hewiktionary	SILVER	form_unvocalized	NFIN
LX-7386904e31.PRS.MSG	form		hewiktionary	SILVER	form_unvocalized	PRS.MSG
LX-7386904e31.FUT.3MSG	form		hewiktionary	SILVER	form_unvocalized	FUT.3MSG
LX-7386904e31.IMP.2MSG	form		hewiktionary	SILVER	form_unvocalized	IMP.2MSG
LX-7386904e31.NFIN	form		hewiktionary	SILVER	form_unvocalized	NFIN
LX-739b8ac655.PRS.MSG	form		hewiktionary	SILVER	form_unvocalized	PRS.MSG
LX-739b8ac655.FUT.3MSG	form		hewiktionary	SILVER	form_unvocalized	FUT.3MSG
LX-739b8ac655.IMP.2MSG	form		hewiktionary	SILVER	form_unvocalized	IMP.2MSG
LX-739b8ac655.NFIN	form		hewiktionary	SILVER	form_unvocalized	NFIN
LX-73e7174871.PRS.MSG	form		hewiktionary	SILVER	form_unvocalized	PRS.MSG
LX-73e7174871.FUT.3MSG	form		hewiktionary	SILVER	form_unvocalized	FUT.3MSG
LX-73e7174871.IMP.2MSG	form		hewiktionary	SILVER	form_unvocalized	IMP.2MSG
LX-73e7174871.NFIN	form		hewiktionary	SILVER	form_unvocalized	NFIN
LX-74787f35cb.PRS.MSG	form		hewiktionary	SILVER	form_unvocalized	PRS.MSG
LX-74787f35cb.FUT.3MSG	form		hewiktionary	SILVER	form_unvocalized	FUT.3MSG
LX-74787f35cb.IMP.2MSG	form		hewiktionary	SILVER	form_unvocalized	IMP.2MSG
LX-74787f35cb.NFIN	form		hewiktionary	SILVER	form_unvocalized	NFIN
LX-750b27e4af.PST.3MSG	form		hewiktionary	SILVER	form_unvocalized	PST.3MSG
LX-752d362230.PRS.MSG	form		hewiktionary	SILVER	form_unvocalized	PRS.MSG
LX-752d362230.FUT.3MSG	form		hewiktionary	SILVER	form_unvocalized	FUT.3MSG
LX-752d362230.IMP.2MSG	form		hewiktionary	SILVER	form_unvocalized	IMP.2MSG
LX-752d362230.NFIN	form		hewiktionary	SILVER	form_unvocalized	NFIN
LX-753d44396b.PST.3MSG	form		hewiktionary	SILVER	form_unvocalized	PST.3MSG
LX-753d44396b.PRS.MSG	form		hewiktionary	SILVER	form_unvocalized	PRS.MSG
LX-753d44396b.FUT.3MSG	form		hewiktionary	SILVER	form_unvocalized	FUT.3MSG
LX-753d44396b.IMP.2MSG	form		hewiktionary	SILVER	form_unvocalized	IMP.2MSG
LX-753d44396b.NFIN	form		hewiktionary	SILVER	form_unvocalized	NFIN
LX-75c2e74650.PRS.MSG	form		hewiktionary	SILVER	form_unvocalized	PRS.MSG
LX-75c2e74650.FUT.3MSG	form		hewiktionary	SILVER	form_unvocalized	FUT.3MSG
LX-75c2e74650.IMP.2MSG	form		hewiktionary	SILVER	form_unvocalized	IMP.2MSG
LX-75c2e74650.NFIN	form		hewiktionary	SILVER	form_unvocalized	NFIN
LX-75e28b90c8.PST.3MSG	form		hewiktionary	SILVER	form_unvocalized	PST.3MSG
LX-75e28b90c8.PRS.MSG	form		hewiktionary	SILVER	form_unvocalized	PRS.MSG
LX-75e28b90c8.FUT.3MSG	form		hewiktionary	SILVER	form_unvocalized	FUT.3MSG
LX-75e28b90c8.IMP.2MSG	form		hewiktionary	SILVER	form_unvocalized	IMP.2MSG
LX-75e28b90c8.NFIN	form		hewiktionary	SILVER	form_unvocalized	NFIN
LX-7601cc707a.PRS.MSG	form		hewiktionary	SILVER	form_unvocalized	PRS.MSG
LX-7601cc707a.FUT.3MSG	form		hewiktionary	SILVER	form_unvocalized	FUT.3MSG
LX-7601cc707a.IMP.2MSG	form		hewiktionary	SILVER	form_unvocalized	IMP.2MSG
LX-7601cc707a.NFIN	form		hewiktionary	SILVER	form_unvocalized	NFIN
LX-765da2daa4.PRS.MSG	form		hewiktionary	QUESTIONABLE	form_unvocalized	PRS.MSG
LX-765da2daa4.FUT.3MSG	form		hewiktionary	QUESTIONABLE	form_unvocalized	FUT.3MSG
LX-765da2daa4.IMP.2MSG	form		hewiktionary	QUESTIONABLE	form_unvocalized	IMP.2MSG
LX-765da2daa4.NFIN	form		hewiktionary	QUESTIONABLE	form_unvocalized	NFIN
LX-76696b3a68.PST.3MSG	form		hewiktionary	QUESTIONABLE	form_unvocalized	PST.3MSG
LX-76ce1005b0.PRS.MSG	form		hewiktionary	QUESTIONABLE	form_unvocalized	PRS.MSG
LX-76ce1005b0.FUT.3MSG	form		hewiktionary	QUESTIONABLE	form_unvocalized	FUT.3MSG
LX-76ce1005b0.IMP.2MSG	form		hewiktionary	QUESTIONABLE	form_unvocalized	IMP.2MSG
LX-76ce1005b0.NFIN	form		hewiktionary	QUESTIONABLE	form_unvocalized	NFIN
LX-77a57487d6.PRS.MSG	form		hewiktionary	SILVER	form_unvocalized	PRS.MSG
LX-77a57487d6.FUT.3MSG	form		hewiktionary	SILVER	form_unvocalized	FUT.3MSG
LX-77a57487d6.IMP.2MSG	form		hewiktionary	SILVER	form_unvocalized	IMP.2MSG
LX-77a57487d6.NFIN	form		hewiktionary	SILVER	form_unvocalized	NFIN
LX-787c64611b.PST.3MSG	form		hewiktionary	SILVER	form_unvocalized	PST.3MSG
LX-7913bd9d47.PRS.MSG	form		hewiktionary	SILVER	form_unvocalized	PRS.MSG
LX-7913bd9d47.FUT.3MSG	form		hewiktionary	SILVER	form_unvocalized	FUT.3MSG
LX-7913bd9d47.IMP.2MSG	form		hewiktionary	SILVER	form_unvocalized	IMP.2MSG
LX-7913bd9d47.NFIN	form		hewiktionary	SILVER	form_unvocalized	NFIN
LX-79fc5bc4c1.PST.3MSG	form		hewiktionary	QUESTIONABLE	form_unvocalized	PST.3MSG
LX-7a91801c97.PRS.MSG	form		hewiktionary	SILVER	form_unvocalized	PRS.MSG
LX-7a91801c97.FUT.3MSG	form		hewiktionary	SILVER	form_unvocalized	FUT.3MSG
LX-7ab4ad0a28.PRS.MSG	form		hewiktionary	SILVER	form_unvocalized	PRS.MSG
LX-7ab4ad0a28.FUT.3MSG	form		hewiktionary	SILVER	form_unvocalized	FUT.3MSG
LX-7ab4ad0a28.IMP.2MSG	form		hewiktionary	SILVER	form_unvocalized	IMP.2MSG
LX-7ab4ad0a28.NFIN	form		hewiktionary	SILVER	form_unvocalized	NFIN
LX-7b5d7bc38d.PST.3MSG	form		hewiktionary	SILVER	form_unvocalized	PST.3MSG
LX-7bc08633fb.PRS.MSG	form		hewiktionary	SILVER	form_unvocalized	PRS.MSG
LX-7bc08633fb.FUT.3MSG	form		hewiktionary	SILVER	form_unvocalized	FUT.3MSG
LX-7bdd45be47.PST.3MSG	form		hewiktionary	SILVER	form_unvocalized	PST.3MSG
LX-7c84b8e044.PST.3MSG	form		hewiktionary	SILVER	form_unvocalized	PST.3MSG
LX-7c84b8e044.PRS.MSG	form		hewiktionary	SILVER	form_unvocalized	PRS.MSG
LX-7d0356a443.PRS.MSG	form		hewiktionary	SILVER	form_unvocalized	PRS.MSG
LX-7d0356a443.FUT.3MSG	form		hewiktionary	SILVER	form_unvocalized	FUT.3MSG
LX-7d0356a443.IMP.2MSG	form		hewiktionary	SILVER	form_unvocalized	IMP.2MSG
LX-7d0356a443.NFIN	form		hewiktionary	SILVER	form_unvocalized	NFIN
LX-7d051ce0ec.PRS.MSG	form		hewiktionary	QUESTIONABLE	form_unvocalized	PRS.MSG
LX-7d051ce0ec.FUT.3MSG	form		hewiktionary	QUESTIONABLE	form_unvocalized	FUT.3MSG
LX-7d051ce0ec.IMP.2MSG	form		hewiktionary	QUESTIONABLE	form_unvocalized	IMP.2MSG
LX-7d051ce0ec.NFIN	form		hewiktionary	QUESTIONABLE	form_unvocalized	NFIN
LX-7d52ae2c4d.PRS.MSG	form		hewiktionary	SILVER	form_unvocalized	PRS.MSG
LX-7d52ae2c4d.FUT.3MSG	form		hewiktionary	SILVER	form_unvocalized	FUT.3MSG
LX-7e6a46826d.PST.3MSG	form		hewiktionary	SILVER	form_unvocalized	PST.3MSG
LX-7e6c7c2120.PRS.MSG	form		hewiktionary	QUESTIONABLE	form_unvocalized	PRS.MSG
LX-7e6c7c2120.FUT.3MSG	form		hewiktionary	QUESTIONABLE	form_unvocalized	FUT.3MSG
LX-7e6c7c2120.IMP.2MSG	form		hewiktionary	QUESTIONABLE	form_unvocalized	IMP.2MSG
LX-7e6c7c2120.NFIN	form		hewiktionary	QUESTIONABLE	form_unvocalized	NFIN
LX-7ecfdb22a5.PRS.MSG	form		hewiktionary	SILVER	form_unvocalized	PRS.MSG
LX-7ecfdb22a5.FUT.3MSG	form		hewiktionary	SILVER	form_unvocalized	FUT.3MSG
LX-7ecfdb22a5.IMP.2MSG	form		hewiktionary	SILVER	form_unvocalized	IMP.2MSG
LX-7ecfdb22a5.NFIN	form		hewiktionary	SILVER	form_unvocalized	NFIN
LX-7f227b83ca.PST.3MSG	form		hewiktionary	SILVER	form_unvocalized	PST.3MSG
LX-7f24113cfd.PRS.MSG	form		hewiktionary	SILVER	form_unvocalized	PRS.MSG
LX-7f24113cfd.FUT.3MSG	form		hewiktionary	SILVER	form_unvocalized	FUT.3MSG
LX-7f29a82d96.PRS.MSG	form		hewiktionary	SILVER	form_unvocalized	PRS.MSG
LX-7f29a82d96.FUT.3MSG	form		hewiktionary	SILVER	form_unvocalized	FUT.3MSG
LX-7f29a82d96.IMP.2MSG	form		hewiktionary	SILVER	form_unvocalized	IMP.2MSG
LX-7f29a82d96.NFIN	form		hewiktionary	SILVER	form_unvocalized	NFIN
LX-7f3a120838.PRS.MSG	form		hewiktionary	SILVER	form_unvocalized	PRS.MSG
LX-7f3a120838.FUT.3MSG	form		hewiktionary	SILVER	form_unvocalized	FUT.3MSG
LX-7f3a120838.IMP.2MSG	form		hewiktionary	SILVER	form_unvocalized	IMP.2MSG
LX-7f3a120838.NFIN	form		hewiktionary	SILVER	form_unvocalized	NFIN
LX-7f4b550583.PST.3MSG	form		hewiktionary	SILVER	form_unvocalized	PST.3MSG
LX-7fbe8944e3.PST.3MSG	form		hewiktionary	SILVER	form_unvocalized	PST.3MSG
LX-803566b746.PST.3MSG	form		hewiktionary	SILVER	form_unvocalized	PST.3MSG
LX-8036faba97.PRS.MSG	form		hewiktionary	SILVER	form_unvocalized	PRS.MSG
LX-8036faba97.FUT.3MSG	form		hewiktionary	SILVER	form_unvocalized	FUT.3MSG
LX-8036faba97.IMP.2MSG	form		hewiktionary	SILVER	form_unvocalized	IMP.2MSG
LX-8036faba97.NFIN	form		hewiktionary	SILVER	form_unvocalized	NFIN
LX-8040a71839.PRS.MSG	form		hewiktionary	SILVER	form_unvocalized	PRS.MSG
LX-8040a71839.FUT.3MSG	form		hewiktionary	SILVER	form_unvocalized	FUT.3MSG
LX-8040a71839.IMP.2MSG	form		hewiktionary	SILVER	form_unvocalized	IMP.2MSG
LX-8040a71839.NFIN	form		hewiktionary	SILVER	form_unvocalized	NFIN
LX-8092e169c7.PST.3MSG	form		hewiktionary	SILVER	form_unvocalized	PST.3MSG
LX-80a15e9d74.PST.3MSG	form		hewiktionary	SILVER	form_unvocalized	PST.3MSG
LX-821fad506c.PST.3MSG	form		hewiktionary	SILVER	form_unvocalized	PST.3MSG
LX-8287d32f21.PST.3MSG	form		hewiktionary	SILVER	form_unvocalized	PST.3MSG
LX-82f9f837f2.PRS.MSG	form		hewiktionary	QUESTIONABLE	form_unvocalized	PRS.MSG
LX-82f9f837f2.FUT.3MSG	form		hewiktionary	QUESTIONABLE	form_unvocalized	FUT.3MSG
LX-835c99280f.PST.3MSG	form		hewiktionary	SILVER	form_unvocalized	PST.3MSG
LX-83e5bcd20b.PRS.MSG	form		hewiktionary	SILVER	form_unvocalized	PRS.MSG
LX-83e5bcd20b.FUT.3MSG	form		hewiktionary	SILVER	form_unvocalized	FUT.3MSG
LX-83e5bcd20b.IMP.2MSG	form		hewiktionary	SILVER	form_unvocalized	IMP.2MSG
LX-83e5bcd20b.NFIN	form		hewiktionary	SILVER	form_unvocalized	NFIN
LX-8440824e4b.PRS.MSG	form		hewiktionary	SILVER	form_unvocalized	PRS.MSG
LX-8440824e4b.FUT.3MSG	form		hewiktionary	SILVER	form_unvocalized	FUT.3MSG
LX-8440824e4b.IMP.2MSG	form		hewiktionary	SILVER	form_unvocalized	IMP.2MSG
LX-8440824e4b.NFIN	form		hewiktionary	SILVER	form_unvocalized	NFIN
LX-8471462417.PRS.MSG	form		hewiktionary	SILVER	form_unvocalized	PRS.MSG
LX-8471462417.FUT.3MSG	form		hewiktionary	SILVER	form_unvocalized	FUT.3MSG
LX-8471462417.IMP.2MSG	form		hewiktionary	SILVER	form_unvocalized	IMP.2MSG
LX-8471462417.NFIN	form		hewiktionary	SILVER	form_unvocalized	NFIN
LX-84a12eaefc.PRS.MSG	form		hewiktionary	SILVER	form_unvocalized	PRS.MSG
LX-84a12eaefc.FUT.3MSG	form		hewiktionary	SILVER	form_unvocalized	FUT.3MSG
LX-84a12eaefc.IMP.2MSG	form		hewiktionary	SILVER	form_unvocalized	IMP.2MSG
LX-84a12eaefc.NFIN	form		hewiktionary	SILVER	form_unvocalized	NFIN
LX-84fb8f91cb.PRS.MSG	form		hewiktionary	SILVER	form_unvocalized	PRS.MSG
LX-84fb8f91cb.FUT.3MSG	form		hewiktionary	SILVER	form_unvocalized	FUT.3MSG
LX-852031e649.PST.3MSG	form		hewiktionary	SILVER	form_unvocalized	PST.3MSG
LX-8564077632.PRS.MSG	form		hewiktionary	SILVER	form_unvocalized	PRS.MSG
LX-8564077632.FUT.3MSG	form		hewiktionary	SILVER	form_unvocalized	FUT.3MSG
LX-8564077632.IMP.2MSG	form		hewiktionary	SILVER	form_unvocalized	IMP.2MSG
LX-8564077632.NFIN	form		hewiktionary	SILVER	form_unvocalized	NFIN
LX-857e3924e3.PRS.MSG	form		hewiktionary	SILVER	form_unvocalized	PRS.MSG
LX-857e3924e3.FUT.3MSG	form		hewiktionary	SILVER	form_unvocalized	FUT.3MSG
LX-857e3924e3.IMP.2MSG	form		hewiktionary	SILVER	form_unvocalized	IMP.2MSG
LX-857e3924e3.NFIN	form		hewiktionary	SILVER	form_unvocalized	NFIN
LX-85a1a9bf14.PRS.MSG	form		hewiktionary	SILVER	form_unvocalized	PRS.MSG
LX-85a1a9bf14.FUT.3MSG	form		hewiktionary	SILVER	form_unvocalized	FUT.3MSG
LX-85a1a9bf14.IMP.2MSG	form		hewiktionary	SILVER	form_unvocalized	IMP.2MSG
LX-85a1a9bf14.NFIN	form		hewiktionary	SILVER	form_unvocalized	NFIN
LX-86925debf3.PRS.MSG	form		hewiktionary	SILVER	form_unvocalized	PRS.MSG
LX-86925debf3.FUT.3MSG	form		hewiktionary	SILVER	form_unvocalized	FUT.3MSG
LX-86925debf3.IMP.2MSG	form		hewiktionary	SILVER	form_unvocalized	IMP.2MSG
LX-86925debf3.NFIN	form		hewiktionary	SILVER	form_unvocalized	NFIN
LX-86abe8f7a2.PRS.MSG	form		hewiktionary	SILVER	form_unvocalized	PRS.MSG
LX-86abe8f7a2.FUT.3MSG	form		hewiktionary	SILVER	form_unvocalized	FUT.3MSG
LX-86abe8f7a2.IMP.2MSG	form		hewiktionary	SILVER	form_unvocalized	IMP.2MSG
LX-86abe8f7a2.NFIN	form		hewiktionary	SILVER	form_unvocalized	NFIN
LX-876628fc5c.PRS.MSG	form		hewiktionary	SILVER	form_unvocalized	PRS.MSG
LX-876628fc5c.FUT.3MSG	form		hewiktionary	SILVER	form_unvocalized	FUT.3MSG
LX-876628fc5c.IMP.2MSG	form		hewiktionary	SILVER	form_unvocalized	IMP.2MSG
LX-876628fc5c.NFIN	form		hewiktionary	SILVER	form_unvocalized	NFIN
LX-87807b4550.PRS.MSG	form		hewiktionary	SILVER	form_unvocalized	PRS.MSG
LX-87807b4550.FUT.3MSG	form		hewiktionary	SILVER	form_unvocalized	FUT.3MSG
LX-87807b4550.IMP.2MSG	form		hewiktionary	SILVER	form_unvocalized	IMP.2MSG
LX-87807b4550.NFIN	form		hewiktionary	SILVER	form_unvocalized	NFIN
LX-87c9d4f64e.PST.3MSG	form		hewiktionary	SILVER	form_unvocalized	PST.3MSG
LX-880f3a489d.PRS.MSG	form		hewiktionary	SILVER	form_unvocalized	PRS.MSG
LX-880f3a489d.FUT.3MSG	form		hewiktionary	SILVER	form_unvocalized	FUT.3MSG
LX-880f3a489d.IMP.2MSG	form		hewiktionary	SILVER	form_unvocalized	IMP.2MSG
LX-880f3a489d.NFIN	form		hewiktionary	SILVER	form_unvocalized	NFIN
LX-8813a31ae5.PRS.MSG	form		hewiktionary	SILVER	form_unvocalized	PRS.MSG
LX-8813a31ae5.FUT.3MSG	form		hewiktionary	SILVER	form_unvocalized	FUT.3MSG
LX-8813a31ae5.IMP.2MSG	form		hewiktionary	SILVER	form_unvocalized	IMP.2MSG
LX-8813a31ae5.NFIN	form		hewiktionary	SILVER	form_unvocalized	NFIN
LX-88324c3b94.PRS.MSG	form		hewiktionary	SILVER	form_unvocalized	PRS.MSG
LX-88324c3b94.FUT.3MSG	form		hewiktionary	SILVER	form_unvocalized	FUT.3MSG
LX-88324c3b94.IMP.2MSG	form		hewiktionary	SILVER	form_unvocalized	IMP.2MSG
LX-88324c3b94.NFIN	form		hewiktionary	SILVER	form_unvocalized	NFIN
LX-88a25a4bee.PRS.MSG	form		hewiktionary	SILVER	form_unvocalized	PRS.MSG
LX-88a25a4bee.FUT.3MSG	form		hewiktionary	SILVER	form_unvocalized	FUT.3MSG
LX-88a25a4bee.IMP.2MSG	form		hewiktionary	SILVER	form_unvocalized	IMP.2MSG
LX-88a25a4bee.NFIN	form		hewiktionary	SILVER	form_unvocalized	NFIN
LX-88afbf657f.PRS.MSG	form		hewiktionary	SILVER	form_unvocalized	PRS.MSG
LX-88afbf657f.FUT.3MSG	form		hewiktionary	SILVER	form_unvocalized	FUT.3MSG
LX-88afbf657f.IMP.2MSG	form		hewiktionary	SILVER	form_unvocalized	IMP.2MSG
LX-88afbf657f.NFIN	form		hewiktionary	SILVER	form_unvocalized	NFIN
LX-88d3cca151.PST.3MSG	form		hewiktionary	SILVER	form_unvocalized	PST.3MSG
LX-8932e5c242.PRS.MSG	form		hewiktionary	SILVER	form_unvocalized	PRS.MSG
LX-8932e5c242.FUT.3MSG	form		hewiktionary	SILVER	form_unvocalized	FUT.3MSG
LX-8932e5c242.IMP.2MSG	form		hewiktionary	SILVER	form_unvocalized	IMP.2MSG
LX-8932e5c242.NFIN	form		hewiktionary	SILVER	form_unvocalized	NFIN
LX-8935c8929a.PRS.MSG	form		hewiktionary	SILVER	form_unvocalized	PRS.MSG
LX-8935c8929a.FUT.3MSG	form		hewiktionary	SILVER	form_unvocalized	FUT.3MSG
LX-8935c8929a.IMP.2MSG	form		hewiktionary	SILVER	form_unvocalized	IMP.2MSG
LX-8935c8929a.NFIN	form		hewiktionary	SILVER	form_unvocalized	NFIN
LX-893b08d214.PRS.MSG	form		hewiktionary	SILVER	form_unvocalized	PRS.MSG
LX-893b08d214.FUT.3MSG	form		hewiktionary	SILVER	form_unvocalized	FUT.3MSG
LX-893b08d214.IMP.2MSG	form		hewiktionary	SILVER	form_unvocalized	IMP.2MSG
LX-893b08d214.NFIN	form		hewiktionary	SILVER	form_unvocalized	NFIN
LX-894b4cf04f.PST.3MSG	form		hewiktionary	SILVER	form_unvocalized	PST.3MSG
LX-894db47402.PST.3MSG	form		hewiktionary	SILVER	form_unvocalized	PST.3MSG
LX-8959494ff1.PRS.MSG	form		hewiktionary	SILVER	form_unvocalized	PRS.MSG
LX-8959494ff1.FUT.3MSG	form		hewiktionary	SILVER	form_unvocalized	FUT.3MSG
LX-8959494ff1.IMP.2MSG	form		hewiktionary	SILVER	form_unvocalized	IMP.2MSG
LX-8959494ff1.NFIN	form		hewiktionary	SILVER	form_unvocalized	NFIN
LX-898b4f598a.PRS.MSG	form		hewiktionary	SILVER	form_unvocalized	PRS.MSG
LX-898b4f598a.FUT.3MSG	form		hewiktionary	SILVER	form_unvocalized	FUT.3MSG
LX-898b4f598a.IMP.2MSG	form		hewiktionary	SILVER	form_unvocalized	IMP.2MSG
LX-898b4f598a.NFIN	form		hewiktionary	SILVER	form_unvocalized	NFIN
LX-8a1a2a07b9.PRS.MSG	form		hewiktionary	SILVER	form_unvocalized	PRS.MSG
LX-8a1a2a07b9.FUT.3MSG	form		hewiktionary	SILVER	form_unvocalized	FUT.3MSG
LX-8a1a2a07b9.IMP.2MSG	form		hewiktionary	SILVER	form_unvocalized	IMP.2MSG
LX-8a1a2a07b9.NFIN	form		hewiktionary	SILVER	form_unvocalized	NFIN
LX-8aa072a09a.PRS.MSG	form		hewiktionary	SILVER	form_unvocalized	PRS.MSG
LX-8aa072a09a.FUT.3MSG	form		hewiktionary	SILVER	form_unvocalized	FUT.3MSG
LX-8aa072a09a.IMP.2MSG	form		hewiktionary	SILVER	form_unvocalized	IMP.2MSG
LX-8aa072a09a.NFIN	form		hewiktionary	SILVER	form_unvocalized	NFIN
LX-8b502f003f.PRS.MSG	form		hewiktionary	SILVER	form_unvocalized	PRS.MSG
LX-8b502f003f.FUT.3MSG	form		hewiktionary	SILVER	form_unvocalized	FUT.3MSG
LX-8b502f003f.IMP.2MSG	form		hewiktionary	SILVER	form_unvocalized	IMP.2MSG
LX-8b502f003f.NFIN	form		hewiktionary	SILVER	form_unvocalized	NFIN
LX-8bc482eea0.PRS.MSG	form		hewiktionary	SILVER	form_unvocalized	PRS.MSG
LX-8bc482eea0.FUT.3MSG	form		hewiktionary	SILVER	form_unvocalized	FUT.3MSG
LX-8bc482eea0.IMP.2MSG	form		hewiktionary	SILVER	form_unvocalized	IMP.2MSG
LX-8bc482eea0.NFIN	form		hewiktionary	SILVER	form_unvocalized	NFIN
LX-8bd3ba1863.PRS.MSG	form		hewiktionary	SILVER	form_unvocalized	PRS.MSG
LX-8bd3ba1863.FUT.3MSG	form		hewiktionary	SILVER	form_unvocalized	FUT.3MSG
LX-8bd3ba1863.IMP.2MSG	form		hewiktionary	SILVER	form_unvocalized	IMP.2MSG
LX-8bd3ba1863.NFIN	form		hewiktionary	SILVER	form_unvocalized	NFIN
LX-8be56062f4.PRS.MSG	form		hewiktionary	SILVER	form_unvocalized	PRS.MSG
LX-8be56062f4.FUT.3MSG	form		hewiktionary	SILVER	form_unvocalized	FUT.3MSG
LX-8be56062f4.IMP.2MSG	form		hewiktionary	SILVER	form_unvocalized	IMP.2MSG
LX-8be56062f4.NFIN	form		hewiktionary	SILVER	form_unvocalized	NFIN
LX-8c7f2c0ebd.PRS.MSG	form		hewiktionary	SILVER	form_unvocalized	PRS.MSG
LX-8c7f2c0ebd.FUT.3MSG	form		hewiktionary	SILVER	form_unvocalized	FUT.3MSG
LX-8c7f2c0ebd.IMP.2MSG	form		hewiktionary	SILVER	form_unvocalized	IMP.2MSG
LX-8c7f2c0ebd.NFIN	form		hewiktionary	SILVER	form_unvocalized	NFIN
LX-8d563c76ff.PRS.MSG	form		hewiktionary	SILVER	form_unvocalized	PRS.MSG
LX-8d563c76ff.FUT.3MSG	form		hewiktionary	SILVER	form_unvocalized	FUT.3MSG
LX-8d563c76ff.IMP.2MSG	form		hewiktionary	SILVER	form_unvocalized	IMP.2MSG
LX-8d563c76ff.NFIN	form		hewiktionary	SILVER	form_unvocalized	NFIN
LX-8d64f36753.PST.3MSG	form		hewiktionary	SILVER	form_unvocalized	PST.3MSG
LX-8d793085a2.PRS.MSG	form		hewiktionary	SILVER	form_unvocalized	PRS.MSG
LX-8d793085a2.FUT.3MSG	form		hewiktionary	SILVER	form_unvocalized	FUT.3MSG
LX-8d793085a2.IMP.2MSG	form		hewiktionary	SILVER	form_unvocalized	IMP.2MSG
LX-8d793085a2.NFIN	form		hewiktionary	SILVER	form_unvocalized	NFIN
LX-8ddedc1a7d.PRS.MSG	form		hewiktionary	SILVER	form_unvocalized	PRS.MSG
LX-8ddedc1a7d.FUT.3MSG	form		hewiktionary	SILVER	form_unvocalized	FUT.3MSG
LX-8ddedc1a7d.IMP.2MSG	form		hewiktionary	SILVER	form_unvocalized	IMP.2MSG
LX-8ddedc1a7d.NFIN	form		hewiktionary	SILVER	form_unvocalized	NFIN
LX-8e20de150b.PRS.MSG	form		hewiktionary	SILVER	form_unvocalized	PRS.MSG
LX-8e20de150b.FUT.3MSG	form		hewiktionary	SILVER	form_unvocalized	FUT.3MSG
LX-8e20de150b.IMP.2MSG	form		hewiktionary	SILVER	form_unvocalized	IMP.2MSG
LX-8e20de150b.NFIN	form		hewiktionary	SILVER	form_unvocalized	NFIN
LX-8e4cb79342.PRS.MSG	form		hewiktionary	SILVER	form_unvocalized	PRS.MSG
LX-8e4cb79342.FUT.3MSG	form		hewiktionary	SILVER	form_unvocalized	FUT.3MSG
LX-8e4cb79342.IMP.2MSG	form		hewiktionary	SILVER	form_unvocalized	IMP.2MSG
LX-8e4cb79342.NFIN	form		hewiktionary	SILVER	form_unvocalized	NFIN
LX-8e6a60d599.PST.3MSG	form		hewiktionary	SILVER	form_unvocalized	PST.3MSG
LX-8ff8a9846f.PRS.MSG	form		hewiktionary	SILVER	form_unvocalized	PRS.MSG
LX-8ff8a9846f.FUT.3MSG	form		hewiktionary	SILVER	form_unvocalized	FUT.3MSG
LX-8ff8a9846f.IMP.2MSG	form		hewiktionary	SILVER	form_unvocalized	IMP.2MSG
LX-8ff8a9846f.NFIN	form		hewiktionary	SILVER	form_unvocalized	NFIN
LX-9112d78de6.PST.3MSG	form		hewiktionary	SILVER	form_unvocalized	PST.3MSG
LX-918ea16c2d.PRS.MSG	form		hewiktionary	SILVER	form_unvocalized	PRS.MSG
LX-918ea16c2d.FUT.3MSG	form		hewiktionary	SILVER	form_unvocalized	FUT.3MSG
LX-918ea16c2d.IMP.2MSG	form		hewiktionary	SILVER	form_unvocalized	IMP.2MSG
LX-918ea16c2d.NFIN	form		hewiktionary	SILVER	form_unvocalized	NFIN
LX-91baee87a2.PRS.MSG	form		hewiktionary	QUESTIONABLE	form_unvocalized	PRS.MSG
LX-91baee87a2.FUT.3MSG	form		hewiktionary	QUESTIONABLE	form_unvocalized	FUT.3MSG
LX-91baee87a2.IMP.2MSG	form		hewiktionary	QUESTIONABLE	form_unvocalized	IMP.2MSG
LX-91baee87a2.NFIN	form		hewiktionary	QUESTIONABLE	form_unvocalized	NFIN
LX-91e0eaa87b.PRS.MSG	form		hewiktionary	SILVER	form_unvocalized	PRS.MSG
LX-91e0eaa87b.FUT.3MSG	form		hewiktionary	SILVER	form_unvocalized	FUT.3MSG
LX-91e0eaa87b.IMP.2MSG	form		hewiktionary	SILVER	form_unvocalized	IMP.2MSG
LX-91e0eaa87b.NFIN	form		hewiktionary	SILVER	form_unvocalized	NFIN
LX-9249592966.PST.3MSG	form		hewiktionary	SILVER	form_unvocalized	PST.3MSG
LX-928ee2b973.PST.3MSG	form		hewiktionary	SILVER	form_unvocalized	PST.3MSG
LX-929022e792.PRS.MSG	form		hewiktionary	SILVER	form_unvocalized	PRS.MSG
LX-929022e792.FUT.3MSG	form		hewiktionary	SILVER	form_unvocalized	FUT.3MSG
LX-929022e792.IMP.2MSG	form		hewiktionary	SILVER	form_unvocalized	IMP.2MSG
LX-929022e792.NFIN	form		hewiktionary	SILVER	form_unvocalized	NFIN
LX-93a1b038c9.PRS.MSG	form		hewiktionary	SILVER	form_unvocalized	PRS.MSG
LX-93dc7a5c95.PRS.MSG	form		hewiktionary	SILVER	form_unvocalized	PRS.MSG
LX-93dc7a5c95.FUT.3MSG	form		hewiktionary	QUESTIONABLE	form_unvocalized	FUT.3MSG
LX-93dc7a5c95.IMP.2MSG	form		hewiktionary	SILVER	form_unvocalized	IMP.2MSG
LX-93dc7a5c95.NFIN	form		hewiktionary	SILVER	form_unvocalized	NFIN
LX-953f98423f.PRS.MSG	form		hewiktionary	SILVER	form_unvocalized	PRS.MSG
LX-953f98423f.FUT.3MSG	form		hewiktionary	SILVER	form_unvocalized	FUT.3MSG
LX-953f98423f.IMP.2MSG	form		hewiktionary	SILVER	form_unvocalized	IMP.2MSG
LX-953f98423f.NFIN	form		hewiktionary	SILVER	form_unvocalized	NFIN
LX-95bd060bd2.PRS.MSG	form		hewiktionary	SILVER	form_unvocalized	PRS.MSG
LX-95bd060bd2.FUT.3MSG	form		hewiktionary	SILVER	form_unvocalized	FUT.3MSG
LX-95bd060bd2.IMP.2MSG	form		hewiktionary	SILVER	form_unvocalized	IMP.2MSG
LX-95bd060bd2.NFIN	form		hewiktionary	SILVER	form_unvocalized	NFIN
LX-96575f6737.PRS.MSG	form		hewiktionary	SILVER	form_unvocalized	PRS.MSG
LX-96575f6737.FUT.3MSG	form		hewiktionary	SILVER	form_unvocalized	FUT.3MSG
LX-96575f6737.IMP.2MSG	form		hewiktionary	SILVER	form_unvocalized	IMP.2MSG
LX-96575f6737.NFIN	form		hewiktionary	SILVER	form_unvocalized	NFIN
LX-96d6fcf3f0.PRS.MSG	form		hewiktionary	SILVER	form_unvocalized	PRS.MSG
LX-96d6fcf3f0.FUT.3MSG	form		hewiktionary	SILVER	form_unvocalized	FUT.3MSG
LX-96d6fcf3f0.IMP.2MSG	form		hewiktionary	SILVER	form_unvocalized	IMP.2MSG
LX-96d6fcf3f0.NFIN	form		hewiktionary	SILVER	form_unvocalized	NFIN
LX-96deb39145.PST.3MSG	form		hewiktionary	SILVER	form_unvocalized	PST.3MSG
LX-96deb39145.PRS.MSG	form		hewiktionary	SILVER	form_unvocalized	PRS.MSG
LX-96deb39145.FUT.3MSG	form		hewiktionary	SILVER	form_unvocalized	FUT.3MSG
LX-96deb39145.IMP.2MSG	form		hewiktionary	SILVER	form_unvocalized	IMP.2MSG
LX-96deb39145.NFIN	form		hewiktionary	SILVER	form_unvocalized	NFIN
LX-96e70f7971.PRS.MSG	form		hewiktionary	SILVER	form_unvocalized	PRS.MSG
LX-96e70f7971.FUT.3MSG	form		hewiktionary	SILVER	form_unvocalized	FUT.3MSG
LX-96e70f7971.IMP.2MSG	form		hewiktionary	SILVER	form_unvocalized	IMP.2MSG
LX-96e70f7971.NFIN	form		hewiktionary	SILVER	form_unvocalized	NFIN
LX-97cb1e36a9.PRS.MSG	form		hewiktionary	SILVER	form_unvocalized	PRS.MSG
LX-97cb1e36a9.FUT.3MSG	form		hewiktionary	SILVER	form_unvocalized	FUT.3MSG
LX-97cb1e36a9.IMP.2MSG	form		hewiktionary	SILVER	form_unvocalized	IMP.2MSG
LX-97cb1e36a9.NFIN	form		hewiktionary	SILVER	form_unvocalized	NFIN
LX-97fe389386.PST.3MSG	form		hewiktionary	SILVER	form_unvocalized	PST.3MSG
LX-9819ec70ac.PRS.MSG	form		hewiktionary	SILVER	form_unvocalized	PRS.MSG
LX-9819ec70ac.FUT.3MSG	form		hewiktionary	SILVER	form_unvocalized	FUT.3MSG
LX-9819ec70ac.IMP.2MSG	form		hewiktionary	SILVER	form_unvocalized	IMP.2MSG
LX-9819ec70ac.NFIN	form		hewiktionary	SILVER	form_unvocalized	NFIN
LX-98fe3e0945.PRS.MSG	form		hewiktionary	SILVER	form_unvocalized	PRS.MSG
LX-98fe3e0945.FUT.3MSG	form		hewiktionary	SILVER	form_unvocalized	FUT.3MSG
LX-98fe3e0945.IMP.2MSG	form		hewiktionary	SILVER	form_unvocalized	IMP.2MSG
LX-98fe3e0945.NFIN	form		hewiktionary	SILVER	form_unvocalized	NFIN
LX-991fddfefe.PRS.MSG	form		hewiktionary	SILVER	form_unvocalized	PRS.MSG
LX-991fddfefe.FUT.3MSG	form		hewiktionary	SILVER	form_unvocalized	FUT.3MSG
LX-991fddfefe.IMP.2MSG	form		hewiktionary	SILVER	form_unvocalized	IMP.2MSG
LX-991fddfefe.NFIN	form		hewiktionary	SILVER	form_unvocalized	NFIN
LX-99a0f5bb2a.PRS.MSG	form		hewiktionary	SILVER	form_unvocalized	PRS.MSG
LX-99a0f5bb2a.FUT.3MSG	form		hewiktionary	SILVER	form_unvocalized	FUT.3MSG
LX-99a0f5bb2a.IMP.2MSG	form		hewiktionary	SILVER	form_unvocalized	IMP.2MSG
LX-99a0f5bb2a.NFIN	form		hewiktionary	SILVER	form_unvocalized	NFIN
LX-99c5da4d60.PST.3MSG	form		hewiktionary	SILVER	form_unvocalized	PST.3MSG
LX-99d77b9f79.PRS.MSG	form		hewiktionary	SILVER	form_unvocalized	PRS.MSG
LX-99d77b9f79.FUT.3MSG	form		hewiktionary	SILVER	form_unvocalized	FUT.3MSG
LX-99d77b9f79.IMP.2MSG	form		hewiktionary	SILVER	form_unvocalized	IMP.2MSG
LX-99d77b9f79.NFIN	form		hewiktionary	SILVER	form_unvocalized	NFIN
LX-9a701f9456.PST.3MSG	form		hewiktionary	SILVER	form_unvocalized	PST.3MSG
LX-9b4fd31d12.PRS.MSG	form		hewiktionary	SILVER	form_unvocalized	PRS.MSG
LX-9b4fd31d12.FUT.3MSG	form		hewiktionary	SILVER	form_unvocalized	FUT.3MSG
LX-9b4fd31d12.IMP.2MSG	form		hewiktionary	SILVER	form_unvocalized	IMP.2MSG
LX-9b4fd31d12.NFIN	form		hewiktionary	SILVER	form_unvocalized	NFIN
LX-9b685ef8d5.PRS.MSG	form		hewiktionary	SILVER	form_unvocalized	PRS.MSG
LX-9b685ef8d5.FUT.3MSG	form		hewiktionary	SILVER	form_unvocalized	FUT.3MSG
LX-9bcd64d9f0.PRS.MSG	form		hewiktionary	SILVER	form_unvocalized	PRS.MSG
LX-9bcd64d9f0.FUT.3MSG	form		hewiktionary	SILVER	form_unvocalized	FUT.3MSG
LX-9bcd64d9f0.NFIN	form		hewiktionary	SILVER	form_unvocalized	NFIN
LX-9c59bf80bc.PST.3MSG	form		hewiktionary	SILVER	form_unvocalized	PST.3MSG
LX-9c59bf80bc.PRS.MSG	form		hewiktionary	SILVER	form_unvocalized	PRS.MSG
LX-9c59bf80bc.FUT.3MSG	form		hewiktionary	SILVER	form_unvocalized	FUT.3MSG
LX-9c59bf80bc.IMP.2MSG	form		hewiktionary	SILVER	form_unvocalized	IMP.2MSG
LX-9c59bf80bc.NFIN	form		hewiktionary	SILVER	form_unvocalized	NFIN
LX-9ce1f60c8f.PRS.MSG	form		hewiktionary	SILVER	form_unvocalized	PRS.MSG
LX-9ce1f60c8f.FUT.3MSG	form		hewiktionary	SILVER	form_unvocalized	FUT.3MSG
LX-9ce1f60c8f.IMP.2MSG	form		hewiktionary	SILVER	form_unvocalized	IMP.2MSG
LX-9ce1f60c8f.NFIN	form		hewiktionary	SILVER	form_unvocalized	NFIN
LX-9d80857da0.PRS.MSG	form		hewiktionary	SILVER	form_unvocalized	PRS.MSG
LX-9d80857da0.FUT.3MSG	form		hewiktionary	SILVER	form_unvocalized	FUT.3MSG
LX-9d80857da0.IMP.2MSG	form		hewiktionary	SILVER	form_unvocalized	IMP.2MSG
LX-9d80857da0.NFIN	form		hewiktionary	SILVER	form_unvocalized	NFIN
LX-9df540c029.PST.3MSG	form		hewiktionary	SILVER	form_unvocalized	PST.3MSG
LX-9e25f7706e.PRS.MSG	form		hewiktionary	SILVER	form_unvocalized	PRS.MSG
LX-9e25f7706e.FUT.3MSG	form		hewiktionary	SILVER	form_unvocalized	FUT.3MSG
LX-9e25f7706e.IMP.2MSG	form		hewiktionary	SILVER	form_unvocalized	IMP.2MSG
LX-9e25f7706e.NFIN	form		hewiktionary	SILVER	form_unvocalized	NFIN
LX-9e7f4e233c.PRS.MSG	form		hewiktionary	SILVER	form_unvocalized	PRS.MSG
LX-9e7f4e233c.FUT.3MSG	form		hewiktionary	SILVER	form_unvocalized	FUT.3MSG
LX-9e7f4e233c.IMP.2MSG	form		hewiktionary	SILVER	form_unvocalized	IMP.2MSG
LX-9e7f4e233c.NFIN	form		hewiktionary	SILVER	form_unvocalized	NFIN
LX-9f01b2973b.PST.3MSG	form		hewiktionary	SILVER	form_unvocalized	PST.3MSG
LX-9f01b2973b.PRS.MSG	form		hewiktionary	SILVER	form_unvocalized	PRS.MSG
LX-9f01b2973b.FUT.3MSG	form		hewiktionary	SILVER	form_unvocalized	FUT.3MSG
LX-9f430e071f.PRS.MSG	form		hewiktionary	SILVER	form_unvocalized	PRS.MSG
LX-9f430e071f.FUT.3MSG	form		hewiktionary	SILVER	form_unvocalized	FUT.3MSG
LX-9f430e071f.IMP.2MSG	form		hewiktionary	SILVER	form_unvocalized	IMP.2MSG
LX-9f430e071f.NFIN	form		hewiktionary	SILVER	form_unvocalized	NFIN
LX-9ff1332ce9.PRS.MSG	form		hewiktionary	SILVER	form_unvocalized	PRS.MSG
LX-9ff1332ce9.FUT.3MSG	form		hewiktionary	SILVER	form_unvocalized	FUT.3MSG
LX-9ff1332ce9.IMP.2MSG	form		hewiktionary	SILVER	form_unvocalized	IMP.2MSG
LX-9ff1332ce9.NFIN	form		hewiktionary	SILVER	form_unvocalized	NFIN
LX-a024735901.PRS.MSG	form		hewiktionary	SILVER	form_unvocalized	PRS.MSG
LX-a024735901.FUT.3MSG	form		hewiktionary	SILVER	form_unvocalized	FUT.3MSG
LX-a024735901.IMP.2MSG	form		hewiktionary	SILVER	form_unvocalized	IMP.2MSG
LX-a024735901.NFIN	form		hewiktionary	SILVER	form_unvocalized	NFIN
LX-a07840d54f.PRS.MSG	form		hewiktionary	SILVER	form_unvocalized	PRS.MSG
LX-a07840d54f.FUT.3MSG	form		hewiktionary	SILVER	form_unvocalized	FUT.3MSG
LX-a07840d54f.NFIN	form		hewiktionary	SILVER	form_unvocalized	NFIN
LX-a090356050.PST.3MSG	form		hewiktionary	SILVER	form_unvocalized	PST.3MSG
LX-a1730da6ca.PST.1SG	form		hewiktionary	SILVER	form_unvocalized	PST.1SG
LX-a1730da6ca.PST.2MSG	form		hewiktionary	SILVER	form_unvocalized	PST.2MSG
LX-a1730da6ca.PST.2FSG	form		hewiktionary	SILVER	form_unvocalized	PST.2FSG
LX-a1730da6ca.PST.3FSG	form		hewiktionary	SILVER	form_unvocalized	PST.3FSG
LX-a1730da6ca.PST.1PL	form		hewiktionary	SILVER	form_unvocalized	PST.1PL
LX-a1730da6ca.PST.2MPL	form		hewiktionary	SILVER	form_unvocalized	PST.2MPL
LX-a1730da6ca.PST.2FPL	form		hewiktionary	SILVER	form_unvocalized	PST.2FPL
LX-a1730da6ca.PST.3PL	form		hewiktionary	SILVER	form_unvocalized	PST.3PL
LX-a1730da6ca.PRS.MSG	form		hewiktionary	SILVER	form_unvocalized	PRS.MSG
LX-a1730da6ca.PRS.FSG	form		hewiktionary	SILVER	form_unvocalized	PRS.FSG
LX-a1730da6ca.PRS.MPL	form		hewiktionary	SILVER	form_unvocalized	PRS.MPL
LX-a1730da6ca.PRS.FPL	form		hewiktionary	SILVER	form_unvocalized	PRS.FPL
LX-a1730da6ca.FUT.1SG	form		hewiktionary	SILVER	form_unvocalized	FUT.1SG
LX-a1730da6ca.FUT.2MSG	form		hewiktionary	SILVER	form_unvocalized	FUT.2MSG
LX-a1730da6ca.FUT.2FSG	form		hewiktionary	SILVER	form_unvocalized	FUT.2FSG
LX-a1730da6ca.FUT.3MSG	form		hewiktionary	SILVER	form_unvocalized	FUT.3MSG
LX-a1730da6ca.FUT.3FSG	form		hewiktionary	SILVER	form_unvocalized	FUT.3FSG
LX-a1730da6ca.FUT.1PL	form		hewiktionary	SILVER	form_unvocalized	FUT.1PL
LX-a1730da6ca.FUT.2MPL	form		hewiktionary	SILVER	form_unvocalized	FUT.2MPL
LX-a1730da6ca.FUT.2FPL	form		hewiktionary	SILVER	form_unvocalized	FUT.2FPL
LX-a1730da6ca.FUT.3MPL	form		hewiktionary	SILVER	form_unvocalized	FUT.3MPL
LX-a17940ce93.PST.3MSG	form		hewiktionary	SILVER	form_unvocalized	PST.3MSG
LX-a259380c23.PRS.MSG	form		hewiktionary	SILVER	form_unvocalized	PRS.MSG
LX-a259380c23.FUT.3MSG	form		hewiktionary	SILVER	form_unvocalized	FUT.3MSG
LX-a259380c23.IMP.2MSG	form		hewiktionary	SILVER	form_unvocalized	IMP.2MSG
LX-a259380c23.NFIN	form		hewiktionary	SILVER	form_unvocalized	NFIN
LX-a293280b97.PST.3MSG	form		hewiktionary	QUESTIONABLE	form_unvocalized	PST.3MSG
LX-a29f1e280c.PRS.MSG	form		hewiktionary	SILVER	form_unvocalized	PRS.MSG
LX-a29f1e280c.FUT.3MSG	form		hewiktionary	SILVER	form_unvocalized	FUT.3MSG
LX-a340e26b3e.PRS.MSG	form		hewiktionary	SILVER	form_unvocalized	PRS.MSG
LX-a340e26b3e.FUT.3MSG	form		hewiktionary	SILVER	form_unvocalized	FUT.3MSG
LX-a340e26b3e.IMP.2MSG	form		hewiktionary	SILVER	form_unvocalized	IMP.2MSG
LX-a340e26b3e.NFIN	form		hewiktionary	SILVER	form_unvocalized	NFIN
LX-a383999e28.PRS.MSG	form		hewiktionary	SILVER	form_unvocalized	PRS.MSG
LX-a383999e28.FUT.3MSG	form		hewiktionary	SILVER	form_unvocalized	FUT.3MSG
LX-a383999e28.IMP.2MSG	form		hewiktionary	SILVER	form_unvocalized	IMP.2MSG
LX-a383999e28.NFIN	form		hewiktionary	SILVER	form_unvocalized	NFIN
LX-a40368b6cd.PRS.MSG	form		hewiktionary	SILVER	form_unvocalized	PRS.MSG
LX-a40368b6cd.FUT.3MSG	form		hewiktionary	SILVER	form_unvocalized	FUT.3MSG
LX-a40368b6cd.IMP.2MSG	form		hewiktionary	SILVER	form_unvocalized	IMP.2MSG
LX-a40368b6cd.NFIN	form		hewiktionary	SILVER	form_unvocalized	NFIN
LX-a421bd4836.PRS.MSG	form		hewiktionary	SILVER	form_unvocalized	PRS.MSG
LX-a421bd4836.FUT.3MSG	form		hewiktionary	SILVER	form_unvocalized	FUT.3MSG
LX-a421bd4836.IMP.2MSG	form		hewiktionary	SILVER	form_unvocalized	IMP.2MSG
LX-a421bd4836.NFIN	form		hewiktionary	SILVER	form_unvocalized	NFIN
LX-a4420ab428.PST.3MSG	form		hewiktionary	SILVER	form_unvocalized	PST.3MSG
LX-a457d161ee.PRS.MSG	form		hewiktionary	QUESTIONABLE	form_unvocalized	PRS.MSG
LX-a457d161ee.FUT.3MSG	form		hewiktionary	QUESTIONABLE	form_unvocalized	FUT.3MSG
LX-a457d161ee.IMP.2MSG	form		hewiktionary	QUESTIONABLE	form_unvocalized	IMP.2MSG
LX-a457d161ee.NFIN	form		hewiktionary	QUESTIONABLE	form_unvocalized	NFIN
LX-a52ac1a88c.PST.3MSG	form		hewiktionary	SILVER	form_unvocalized	PST.3MSG
LX-a57359d8f1.PRS.MSG	form		hewiktionary	SILVER	form_unvocalized	PRS.MSG
LX-a57359d8f1.FUT.3MSG	form		hewiktionary	SILVER	form_unvocalized	FUT.3MSG
LX-a57359d8f1.IMP.2MSG	form		hewiktionary	SILVER	form_unvocalized	IMP.2MSG
LX-a57359d8f1.NFIN	form		hewiktionary	SILVER	form_unvocalized	NFIN
LX-a574dfad31.PST.1SG	form		hewiktionary	SILVER	form_unvocalized	PST.1SG
LX-a574dfad31.PST.2MSG	form		hewiktionary	SILVER	form_unvocalized	PST.2MSG
LX-a574dfad31.PST.2FSG	form		hewiktionary	SILVER	form_unvocalized	PST.2FSG
LX-a574dfad31.PST.3FSG	form		hewiktionary	SILVER	form_unvocalized	PST.3FSG
LX-a574dfad31.PST.1PL	form		hewiktionary	SILVER	form_unvocalized	PST.1PL
LX-a574dfad31.PST.2MPL	form		hewiktionary	SILVER	form_unvocalized	PST.2MPL
LX-a574dfad31.PST.2FPL	form		hewiktionary	SILVER	form_unvocalized	PST.2FPL
LX-a574dfad31.PST.3PL	form		hewiktionary	SILVER	form_unvocalized	PST.3PL
LX-a574dfad31.PRS.MSG	form		hewiktionary	SILVER	form_unvocalized	PRS.MSG
LX-a574dfad31.PRS.FSG	form		hewiktionary	SILVER	form_unvocalized	PRS.FSG
LX-a574dfad31.PRS.MPL	form		hewiktionary	SILVER	form_unvocalized	PRS.MPL
LX-a574dfad31.PRS.FPL	form		hewiktionary	SILVER	form_unvocalized	PRS.FPL
LX-a574dfad31.FUT.1SG	form		hewiktionary	SILVER	form_unvocalized	FUT.1SG
LX-a574dfad31.FUT.2MSG	form		hewiktionary	SILVER	form_unvocalized	FUT.2MSG
LX-a574dfad31.FUT.2FSG	form		hewiktionary	SILVER	form_unvocalized	FUT.2FSG
LX-a574dfad31.FUT.3MSG	form		hewiktionary	SILVER	form_unvocalized	FUT.3MSG
LX-a574dfad31.FUT.3FSG	form		hewiktionary	SILVER	form_unvocalized	FUT.3FSG
LX-a574dfad31.FUT.1PL	form		hewiktionary	SILVER	form_unvocalized	FUT.1PL
LX-a574dfad31.FUT.2MPL	form		hewiktionary	SILVER	form_unvocalized	FUT.2MPL
LX-a574dfad31.FUT.2FPL	form		hewiktionary	SILVER	form_unvocalized	FUT.2FPL
LX-a574dfad31.FUT.3MPL	form		hewiktionary	SILVER	form_unvocalized	FUT.3MPL
LX-a574dfad31.IMP.2MSG	form		hewiktionary	SILVER	form_unvocalized	IMP.2MSG
LX-a574dfad31.IMP.2FSG	form		hewiktionary	SILVER	form_unvocalized	IMP.2FSG
LX-a574dfad31.IMP.2MPL	form		hewiktionary	SILVER	form_unvocalized	IMP.2MPL
LX-a574dfad31.IMP.2FPL	form		hewiktionary	SILVER	form_unvocalized	IMP.2FPL
LX-a574dfad31.NFIN	form		hewiktionary	SILVER	form_unvocalized	NFIN
LX-a57e197fe9.PRS.MSG	form		hewiktionary	SILVER	form_unvocalized	PRS.MSG
LX-a57e197fe9.FUT.3MSG	form		hewiktionary	SILVER	form_unvocalized	FUT.3MSG
LX-a57e197fe9.IMP.2MSG	form		hewiktionary	SILVER	form_unvocalized	IMP.2MSG
LX-a57e197fe9.NFIN	form		hewiktionary	SILVER	form_unvocalized	NFIN
LX-a5a064603d.PST.3MSG	form		hewiktionary	SILVER	form_unvocalized	PST.3MSG
LX-a5a064603d.PRS.MSG	form		hewiktionary	SILVER	form_unvocalized	PRS.MSG
LX-a5a064603d.FUT.3MSG	form		hewiktionary	SILVER	form_unvocalized	FUT.3MSG
LX-a5a064603d.IMP.2MSG	form		hewiktionary	SILVER	form_unvocalized	IMP.2MSG
LX-a5a064603d.NFIN	form		hewiktionary	SILVER	form_unvocalized	NFIN
LX-a5b5832115.PRS.MSG	form		hewiktionary	SILVER	form_unvocalized	PRS.MSG
LX-a5b5832115.FUT.3MSG	form		hewiktionary	SILVER	form_unvocalized	FUT.3MSG
LX-a5b5832115.IMP.2MSG	form		hewiktionary	SILVER	form_unvocalized	IMP.2MSG
LX-a5b5832115.NFIN	form		hewiktionary	SILVER	form_unvocalized	NFIN
LX-a5fa42846e.PST.1SG	form		hewiktionary	SILVER	form_unvocalized	PST.1SG
LX-a5fa42846e.PST.2MSG	form		hewiktionary	SILVER	form_unvocalized	PST.2MSG
LX-a5fa42846e.PST.2FSG	form		hewiktionary	SILVER	form_unvocalized	PST.2FSG
LX-a5fa42846e.PST.3FSG	form		hewiktionary	SILVER	form_unvocalized	PST.3FSG
LX-a5fa42846e.PST.1PL	form		hewiktionary	SILVER	form_unvocalized	PST.1PL
LX-a5fa42846e.PST.2MPL	form		hewiktionary	SILVER	form_unvocalized	PST.2MPL
LX-a5fa42846e.PST.2FPL	form		hewiktionary	SILVER	form_unvocalized	PST.2FPL
LX-a5fa42846e.PST.3PL	form		hewiktionary	SILVER	form_unvocalized	PST.3PL
LX-a5fa42846e.PRS.MSG	form		hewiktionary	SILVER	form_unvocalized	PRS.MSG
LX-a5fa42846e.PRS.FSG	form		hewiktionary	SILVER	form_unvocalized	PRS.FSG
LX-a5fa42846e.PRS.MPL	form		hewiktionary	SILVER	form_unvocalized	PRS.MPL
LX-a5fa42846e.PRS.FPL	form		hewiktionary	SILVER	form_unvocalized	PRS.FPL
LX-a5fa42846e.FUT.1SG	form		hewiktionary	SILVER	form_unvocalized	FUT.1SG
LX-a5fa42846e.FUT.2MSG	form		hewiktionary	SILVER	form_unvocalized	FUT.2MSG
LX-a5fa42846e.FUT.2FSG	form		hewiktionary	SILVER	form_unvocalized	FUT.2FSG
LX-a5fa42846e.FUT.3MSG	form		hewiktionary	SILVER	form_unvocalized	FUT.3MSG
LX-a5fa42846e.FUT.3FSG	form		hewiktionary	SILVER	form_unvocalized	FUT.3FSG
LX-a5fa42846e.FUT.1PL	form		hewiktionary	SILVER	form_unvocalized	FUT.1PL
LX-a5fa42846e.FUT.2MPL	form		hewiktionary	SILVER	form_unvocalized	FUT.2MPL
LX-a5fa42846e.FUT.2FPL	form		hewiktionary	SILVER	form_unvocalized	FUT.2FPL
LX-a5fa42846e.FUT.3MPL	form		hewiktionary	SILVER	form_unvocalized	FUT.3MPL
LX-a5fa42846e.IMP.2MSG	form		hewiktionary	SILVER	form_unvocalized	IMP.2MSG
LX-a5fa42846e.IMP.2FSG	form		hewiktionary	SILVER	form_unvocalized	IMP.2FSG
LX-a5fa42846e.IMP.2MPL	form		hewiktionary	SILVER	form_unvocalized	IMP.2MPL
LX-a5fa42846e.IMP.2FPL	form		hewiktionary	SILVER	form_unvocalized	IMP.2FPL
LX-a5fa42846e.NFIN	form		hewiktionary	SILVER	form_unvocalized	NFIN
LX-a60bdc919b.PRS.MSG	form		hewiktionary	SILVER	form_unvocalized	PRS.MSG
LX-a60bdc919b.FUT.3MSG	form		hewiktionary	SILVER	form_unvocalized	FUT.3MSG
LX-a60bdc919b.IMP.2MSG	form		hewiktionary	SILVER	form_unvocalized	IMP.2MSG
LX-a60bdc919b.NFIN	form		hewiktionary	SILVER	form_unvocalized	NFIN
LX-a62205ae3b.PST.3MSG	form		hewiktionary	SILVER	form_unvocalized	PST.3MSG
LX-a62205ae3b.PRS.MSG	form		hewiktionary	SILVER	form_unvocalized	PRS.MSG
LX-a62205ae3b.FUT.3MSG	form		hewiktionary	SILVER	form_unvocalized	FUT.3MSG
LX-a62205ae3b.IMP.2MSG	form		hewiktionary	SILVER	form_unvocalized	IMP.2MSG
LX-a62205ae3b.NFIN	form		hewiktionary	SILVER	form_unvocalized	NFIN
LX-a649eff088.PRS.MSG	form		hewiktionary	SILVER	form_unvocalized	PRS.MSG
LX-a649eff088.FUT.3MSG	form		hewiktionary	SILVER	form_unvocalized	FUT.3MSG
LX-a649eff088.IMP.2MSG	form		hewiktionary	SILVER	form_unvocalized	IMP.2MSG
LX-a649eff088.NFIN	form		hewiktionary	SILVER	form_unvocalized	NFIN
LX-a74fd16129.PRS.MSG	form		hewiktionary	SILVER	form_unvocalized	PRS.MSG
LX-a74fd16129.FUT.3MSG	form		hewiktionary	SILVER	form_unvocalized	FUT.3MSG
LX-a74fd16129.IMP.2MSG	form		hewiktionary	SILVER	form_unvocalized	IMP.2MSG
LX-a74fd16129.NFIN	form		hewiktionary	SILVER	form_unvocalized	NFIN
LX-a750fa1e38.PRS.MSG	form		hewiktionary	SILVER	form_unvocalized	PRS.MSG
LX-a750fa1e38.FUT.3MSG	form		hewiktionary	SILVER	form_unvocalized	FUT.3MSG
LX-a750fa1e38.IMP.2MSG	form		hewiktionary	SILVER	form_unvocalized	IMP.2MSG
LX-a750fa1e38.NFIN	form		hewiktionary	SILVER	form_unvocalized	NFIN
LX-a765e2e1d3.PST.3MSG	form		hewiktionary	SILVER	form_unvocalized	PST.3MSG
LX-a77ac6ea84.PST.3MSG	form		hewiktionary	SILVER	form_unvocalized	PST.3MSG
LX-a78a437437.PRS.MSG	form		hewiktionary	SILVER	form_unvocalized	PRS.MSG
LX-a78a437437.FUT.3MSG	form		hewiktionary	SILVER	form_unvocalized	FUT.3MSG
LX-a7bf420dea.PRS.MSG	form		hewiktionary	SILVER	form_unvocalized	PRS.MSG
LX-a7bf420dea.FUT.3MSG	form		hewiktionary	SILVER	form_unvocalized	FUT.3MSG
LX-a7bf420dea.IMP.2MSG	form		hewiktionary	SILVER	form_unvocalized	IMP.2MSG
LX-a7bf420dea.NFIN	form		hewiktionary	SILVER	form_unvocalized	NFIN
LX-a80cc03147.PST.3MSG	form		hewiktionary	SILVER	form_unvocalized	PST.3MSG
LX-a831830768.PRS.MSG	form		hewiktionary	SILVER	form_unvocalized	PRS.MSG
LX-a831830768.FUT.3MSG	form		hewiktionary	SILVER	form_unvocalized	FUT.3MSG
LX-a831830768.IMP.2MSG	form		hewiktionary	SILVER	form_unvocalized	IMP.2MSG
LX-a831830768.NFIN	form		hewiktionary	SILVER	form_unvocalized	NFIN
LX-a83b3a264c.PRS.MSG	form		hewiktionary	SILVER	form_unvocalized	PRS.MSG
LX-a83b3a264c.FUT.3MSG	form		hewiktionary	SILVER	form_unvocalized	FUT.3MSG
LX-a83b3a264c.IMP.2MSG	form		hewiktionary	SILVER	form_unvocalized	IMP.2MSG
LX-a83b3a264c.NFIN	form		hewiktionary	SILVER	form_unvocalized	NFIN
LX-a8a9b5657c.PRS.MSG	form		hewiktionary	SILVER	form_unvocalized	PRS.MSG
LX-a8a9b5657c.FUT.3MSG	form		hewiktionary	SILVER	form_unvocalized	FUT.3MSG
LX-a9598b76fa.PRS.MSG	form		hewiktionary	SILVER	form_unvocalized	PRS.MSG
LX-a9598b76fa.FUT.3MSG	form		hewiktionary	SILVER	form_unvocalized	FUT.3MSG
LX-a9598b76fa.IMP.2MSG	form		hewiktionary	SILVER	form_unvocalized	IMP.2MSG
LX-a9598b76fa.NFIN	form		hewiktionary	SILVER	form_unvocalized	NFIN
LX-a9e0531ca6.PRS.MSG	form		hewiktionary	SILVER	form_unvocalized	PRS.MSG
LX-a9e0531ca6.FUT.3MSG	form		hewiktionary	SILVER	form_unvocalized	FUT.3MSG
LX-a9e0531ca6.IMP.2MSG	form		hewiktionary	SILVER	form_unvocalized	IMP.2MSG
LX-a9e0531ca6.NFIN	form		hewiktionary	SILVER	form_unvocalized	NFIN
LX-a9fd09c64c.PRS.MSG	form		hewiktionary	SILVER	form_unvocalized	PRS.MSG
LX-a9fd09c64c.FUT.3MSG	form		hewiktionary	SILVER	form_unvocalized	FUT.3MSG
LX-a9fd09c64c.IMP.2MSG	form		hewiktionary	SILVER	form_unvocalized	IMP.2MSG
LX-a9fd09c64c.NFIN	form		hewiktionary	SILVER	form_unvocalized	NFIN
LX-aa2a66ec2a.PRS.MSG	form		hewiktionary	SILVER	form_unvocalized	PRS.MSG
LX-aa2a66ec2a.FUT.3MSG	form		hewiktionary	SILVER	form_unvocalized	FUT.3MSG
LX-aa2a66ec2a.IMP.2MSG	form		hewiktionary	SILVER	form_unvocalized	IMP.2MSG
LX-aa2a66ec2a.NFIN	form		hewiktionary	SILVER	form_unvocalized	NFIN
LX-aa8433cbe1.PRS.MSG	form		hewiktionary	SILVER	form_unvocalized	PRS.MSG
LX-aa8433cbe1.FUT.3MSG	form		hewiktionary	SILVER	form_unvocalized	FUT.3MSG
LX-aa844ad6bc.PRS.MSG	form		hewiktionary	SILVER	form_unvocalized	PRS.MSG
LX-aa844ad6bc.FUT.3MSG	form		hewiktionary	SILVER	form_unvocalized	FUT.3MSG
LX-aa844ad6bc.IMP.2MSG	form		hewiktionary	SILVER	form_unvocalized	IMP.2MSG
LX-aa844ad6bc.NFIN	form		hewiktionary	SILVER	form_unvocalized	NFIN
LX-ab94d81c47.PRS.MSG	form		hewiktionary	SILVER	form_unvocalized	PRS.MSG
LX-ab94d81c47.FUT.3MSG	form		hewiktionary	SILVER	form_unvocalized	FUT.3MSG
LX-ab94d81c47.IMP.2MSG	form		hewiktionary	SILVER	form_unvocalized	IMP.2MSG
LX-ab94d81c47.NFIN	form		hewiktionary	SILVER	form_unvocalized	NFIN
LX-abc72269d7.PRS.MSG	form		hewiktionary	SILVER	form_unvocalized	PRS.MSG
LX-abc72269d7.FUT.3MSG	form		hewiktionary	SILVER	form_unvocalized	FUT.3MSG
LX-ac1088b036.PRS.MSG	form		hewiktionary	SILVER	form_unvocalized	PRS.MSG
LX-ac1088b036.FUT.3MSG	form		hewiktionary	SILVER	form_unvocalized	FUT.3MSG
LX-ac1088b036.IMP.2MSG	form		hewiktionary	SILVER	form_unvocalized	IMP.2MSG
LX-ac1088b036.NFIN	form		hewiktionary	SILVER	form_unvocalized	NFIN
LX-ac34343e74.PST.3MSG	form		hewiktionary	SILVER	form_unvocalized	PST.3MSG
LX-ac4376584a.PRS.MSG	form		hewiktionary	SILVER	form_unvocalized	PRS.MSG
LX-ac4376584a.FUT.3MSG	form		hewiktionary	SILVER	form_unvocalized	FUT.3MSG
LX-ac4376584a.IMP.2MSG	form		hewiktionary	SILVER	form_unvocalized	IMP.2MSG
LX-ac4376584a.NFIN	form		hewiktionary	SILVER	form_unvocalized	NFIN
LX-ad44653f8f.PST.3MSG	form		hewiktionary	SILVER	form_unvocalized	PST.3MSG
LX-ad44653f8f.PRS.MSG	form		hewiktionary	SILVER	form_unvocalized	PRS.MSG
LX-ad44653f8f.FUT.3MSG	form		hewiktionary	SILVER	form_unvocalized	FUT.3MSG
LX-ad44653f8f.IMP.2MSG	form		hewiktionary	SILVER	form_unvocalized	IMP.2MSG
LX-ad44653f8f.NFIN	form		hewiktionary	SILVER	form_unvocalized	NFIN
LX-ad8d500584.PRS.MSG	form		hewiktionary	QUESTIONABLE	form_unvocalized	PRS.MSG
LX-ad8d500584.FUT.3MSG	form		hewiktionary	QUESTIONABLE	form_unvocalized	FUT.3MSG
LX-ad8d500584.IMP.2MSG	form		hewiktionary	QUESTIONABLE	form_unvocalized	IMP.2MSG
LX-ad8d500584.NFIN	form		hewiktionary	QUESTIONABLE	form_unvocalized	NFIN
LX-add8596aaf.MSDR	form		unimorph_heb	QUESTIONABLE	form_unvocalized	MSDR
LX-adf4cb6990.PRS.MSG	form		hewiktionary	SILVER	form_unvocalized	PRS.MSG
LX-adf4cb6990.FUT.3MSG	form		hewiktionary	SILVER	form_unvocalized	FUT.3MSG
LX-ae259d9b0d.PRS.MSG	form		hewiktionary	SILVER	form_unvocalized	PRS.MSG
LX-ae259d9b0d.FUT.3MSG	form		hewiktionary	SILVER	form_unvocalized	FUT.3MSG
LX-ae259d9b0d.IMP.2MSG	form		hewiktionary	SILVER	form_unvocalized	IMP.2MSG
LX-ae259d9b0d.NFIN	form		hewiktionary	SILVER	form_unvocalized	NFIN
LX-ae655dd671.PRS.MSG	form		hewiktionary	SILVER	form_unvocalized	PRS.MSG
LX-ae655dd671.FUT.3MSG	form		hewiktionary	SILVER	form_unvocalized	FUT.3MSG
LX-ae655dd671.IMP.2MSG	form		hewiktionary	SILVER	form_unvocalized	IMP.2MSG
LX-ae655dd671.NFIN	form		hewiktionary	SILVER	form_unvocalized	NFIN
LX-af180307d1.PRS.MSG	form		hewiktionary	SILVER	form_unvocalized	PRS.MSG
LX-af180307d1.FUT.3MSG	form		hewiktionary	SILVER	form_unvocalized	FUT.3MSG
LX-af3ae42d04.PRS.MSG	form		hewiktionary	SILVER	form_unvocalized	PRS.MSG
LX-af3ae42d04.FUT.3MSG	form		hewiktionary	SILVER	form_unvocalized	FUT.3MSG
LX-af3ae42d04.IMP.2MSG	form		hewiktionary	SILVER	form_unvocalized	IMP.2MSG
LX-af3ae42d04.NFIN	form		hewiktionary	SILVER	form_unvocalized	NFIN
LX-b005523e2e.PRS.MSG	form		hewiktionary	SILVER	form_unvocalized	PRS.MSG
LX-b005523e2e.FUT.3MSG	form		hewiktionary	SILVER	form_unvocalized	FUT.3MSG
LX-b0551b1795.PRS.MSG	form		hewiktionary	SILVER	form_unvocalized	PRS.MSG
LX-b0551b1795.FUT.3MSG	form		hewiktionary	SILVER	form_unvocalized	FUT.3MSG
LX-b0551b1795.IMP.2MSG	form		hewiktionary	SILVER	form_unvocalized	IMP.2MSG
LX-b0551b1795.NFIN	form		hewiktionary	SILVER	form_unvocalized	NFIN
LX-b0bdd4efc9.PRS.MSG	form		hewiktionary	SILVER	form_unvocalized	PRS.MSG
LX-b0bdd4efc9.FUT.3MSG	form		hewiktionary	SILVER	form_unvocalized	FUT.3MSG
LX-b0bdd4efc9.IMP.2MSG	form		hewiktionary	SILVER	form_unvocalized	IMP.2MSG
LX-b0bdd4efc9.NFIN	form		hewiktionary	SILVER	form_unvocalized	NFIN
LX-b0c2d99346.PRS.MSG	form		hewiktionary	SILVER	form_unvocalized	PRS.MSG
LX-b0c2d99346.FUT.3MSG	form		hewiktionary	SILVER	form_unvocalized	FUT.3MSG
LX-b0c2d99346.IMP.2MSG	form		hewiktionary	SILVER	form_unvocalized	IMP.2MSG
LX-b0c2d99346.NFIN	form		hewiktionary	SILVER	form_unvocalized	NFIN
LX-b0c65fb345.PRS.MSG	form		hewiktionary	SILVER	form_unvocalized	PRS.MSG
LX-b0c65fb345.FUT.3MSG	form		hewiktionary	SILVER	form_unvocalized	FUT.3MSG
LX-b0c65fb345.IMP.2MSG	form		hewiktionary	SILVER	form_unvocalized	IMP.2MSG
LX-b0c65fb345.NFIN	form		hewiktionary	SILVER	form_unvocalized	NFIN
LX-b13cad7144.PRS.MSG	form		hewiktionary	SILVER	form_unvocalized	PRS.MSG
LX-b13cad7144.FUT.3MSG	form		hewiktionary	SILVER	form_unvocalized	FUT.3MSG
LX-b13cad7144.IMP.2MSG	form		hewiktionary	SILVER	form_unvocalized	IMP.2MSG
LX-b13cad7144.NFIN	form		hewiktionary	SILVER	form_unvocalized	NFIN
LX-b1442b2e85.PST.3MSG	form		hewiktionary	SILVER	form_unvocalized	PST.3MSG
LX-b1c2f43d63.PRS.MSG	form		hewiktionary	SILVER	form_unvocalized	PRS.MSG
LX-b1c2f43d63.FUT.3MSG	form		hewiktionary	SILVER	form_unvocalized	FUT.3MSG
LX-b1c2f43d63.IMP.2MSG	form		hewiktionary	SILVER	form_unvocalized	IMP.2MSG
LX-b1c2f43d63.NFIN	form		hewiktionary	SILVER	form_unvocalized	NFIN
LX-b1d344e935.PST.3MSG	form		hewiktionary	SILVER	form_unvocalized	PST.3MSG
LX-b23d4f78d8.PRS.MSG	form		hewiktionary	SILVER	form_unvocalized	PRS.MSG
LX-b23d4f78d8.FUT.3MSG	form		hewiktionary	SILVER	form_unvocalized	FUT.3MSG
LX-b23d4f78d8.IMP.2MSG	form		hewiktionary	SILVER	form_unvocalized	IMP.2MSG
LX-b23d4f78d8.NFIN	form		hewiktionary	SILVER	form_unvocalized	NFIN
LX-b2e1fae1bf.PRS.MSG	form		hewiktionary	SILVER	form_unvocalized	PRS.MSG
LX-b2e1fae1bf.FUT.3MSG	form		hewiktionary	SILVER	form_unvocalized	FUT.3MSG
LX-b2e1fae1bf.IMP.2MSG	form		hewiktionary	SILVER	form_unvocalized	IMP.2MSG
LX-b2e1fae1bf.NFIN	form		hewiktionary	SILVER	form_unvocalized	NFIN
LX-b2ee69701b.PST.3MSG	form		hewiktionary	SILVER	form_unvocalized	PST.3MSG
LX-b33a072682.PST.3MSG	form		hewiktionary	SILVER	form_unvocalized	PST.3MSG
LX-b35d7ff9d2.PST.3MSG	form		hewiktionary	SILVER	form_unvocalized	PST.3MSG
LX-b379554f71.PRS.MSG	form		hewiktionary	SILVER	form_unvocalized	PRS.MSG
LX-b379554f71.FUT.3MSG	form		hewiktionary	SILVER	form_unvocalized	FUT.3MSG
LX-b379554f71.IMP.2MSG	form		hewiktionary	SILVER	form_unvocalized	IMP.2MSG
LX-b379554f71.NFIN	form		hewiktionary	SILVER	form_unvocalized	NFIN
LX-b39251dd2d.PST.3MSG	form		hewiktionary	SILVER	form_unvocalized	PST.3MSG
LX-b3b473cfae.PRS.MSG	form		hewiktionary	SILVER	form_unvocalized	PRS.MSG
LX-b3b473cfae.FUT.3MSG	form		hewiktionary	SILVER	form_unvocalized	FUT.3MSG
LX-b3b473cfae.IMP.2MSG	form		hewiktionary	SILVER	form_unvocalized	IMP.2MSG
LX-b3b473cfae.NFIN	form		hewiktionary	SILVER	form_unvocalized	NFIN
LX-b45ebdbd5a.PRS.MSG	form		hewiktionary	SILVER	form_unvocalized	PRS.MSG
LX-b45ebdbd5a.FUT.3MSG	form		hewiktionary	QUESTIONABLE	form_unvocalized	FUT.3MSG
LX-b45ebdbd5a.IMP.2MSG	form		hewiktionary	QUESTIONABLE	form_unvocalized	IMP.2MSG
LX-b45ebdbd5a.NFIN	form		hewiktionary	QUESTIONABLE	form_unvocalized	NFIN
LX-b4672a3ca2.PRS.MSG	form		hewiktionary	SILVER	form_unvocalized	PRS.MSG
LX-b4672a3ca2.FUT.3MSG	form		hewiktionary	SILVER	form_unvocalized	FUT.3MSG
LX-b4672a3ca2.IMP.2MSG	form		hewiktionary	SILVER	form_unvocalized	IMP.2MSG
LX-b4672a3ca2.NFIN	form		hewiktionary	SILVER	form_unvocalized	NFIN
LX-b46a4f9489.PRS.MSG	form		hewiktionary	SILVER	form_unvocalized	PRS.MSG
LX-b46a4f9489.FUT.3MSG	form		hewiktionary	SILVER	form_unvocalized	FUT.3MSG
LX-b46a4f9489.IMP.2MSG	form		hewiktionary	SILVER	form_unvocalized	IMP.2MSG
LX-b46a4f9489.NFIN	form		hewiktionary	SILVER	form_unvocalized	NFIN
LX-b475ca724c.PRS.MSG	form		hewiktionary	SILVER	form_unvocalized	PRS.MSG
LX-b475ca724c.FUT.3MSG	form		hewiktionary	SILVER	form_unvocalized	FUT.3MSG
LX-b475ca724c.IMP.2MSG	form		hewiktionary	SILVER	form_unvocalized	IMP.2MSG
LX-b475ca724c.NFIN	form		hewiktionary	SILVER	form_unvocalized	NFIN
LX-b4c795b78d.PRS.MSG	form		hewiktionary	SILVER	form_unvocalized	PRS.MSG
LX-b4c795b78d.FUT.3MSG	form		hewiktionary	SILVER	form_unvocalized	FUT.3MSG
LX-b4c795b78d.IMP.2MSG	form		hewiktionary	SILVER	form_unvocalized	IMP.2MSG
LX-b4c795b78d.NFIN	form		hewiktionary	SILVER	form_unvocalized	NFIN
LX-b53bdf437c.PRS.MSG	form		hewiktionary	SILVER	form_unvocalized	PRS.MSG
LX-b53bdf437c.FUT.3MSG	form		hewiktionary	SILVER	form_unvocalized	FUT.3MSG
LX-b53bdf437c.IMP.2MSG	form		hewiktionary	SILVER	form_unvocalized	IMP.2MSG
LX-b53bdf437c.NFIN	form		hewiktionary	SILVER	form_unvocalized	NFIN
LX-b54002e7e7.PRS.MSG	form		hewiktionary	SILVER	form_unvocalized	PRS.MSG
LX-b54002e7e7.FUT.3MSG	form		hewiktionary	SILVER	form_unvocalized	FUT.3MSG
LX-b54002e7e7.IMP.2MSG	form		hewiktionary	SILVER	form_unvocalized	IMP.2MSG
LX-b54002e7e7.NFIN	form		hewiktionary	SILVER	form_unvocalized	NFIN
LX-b5cbb6d983.PST.3MSG	form		hewiktionary	SILVER	form_unvocalized	PST.3MSG
LX-b7220a4303.PRS.MSG	form		hewiktionary	SILVER	form_unvocalized	PRS.MSG
LX-b7220a4303.FUT.3MSG	form		hewiktionary	SILVER	form_unvocalized	FUT.3MSG
LX-b7220a4303.IMP.2MSG	form		hewiktionary	SILVER	form_unvocalized	IMP.2MSG
LX-b7220a4303.NFIN	form		hewiktionary	SILVER	form_unvocalized	NFIN
LX-b74ab80c1c.PRS.MSG	form		hewiktionary	SILVER	form_unvocalized	PRS.MSG
LX-b74ab80c1c.FUT.3MSG	form		hewiktionary	SILVER	form_unvocalized	FUT.3MSG
LX-b74ab80c1c.IMP.2MSG	form		hewiktionary	SILVER	form_unvocalized	IMP.2MSG
LX-b74ab80c1c.NFIN	form		hewiktionary	SILVER	form_unvocalized	NFIN
LX-b794194e73.PRS.MSG	form		hewiktionary	SILVER	form_unvocalized	PRS.MSG
LX-b794194e73.FUT.3MSG	form		hewiktionary	SILVER	form_unvocalized	FUT.3MSG
LX-b794194e73.IMP.2MSG	form		hewiktionary	SILVER	form_unvocalized	IMP.2MSG
LX-b794194e73.NFIN	form		hewiktionary	SILVER	form_unvocalized	NFIN
LX-b7c46db239.PST.3MSG	form		hewiktionary	SILVER	form_unvocalized	PST.3MSG
LX-b822ef4949.PST.1SG	form		hewiktionary	QUESTIONABLE	form_unvocalized	PST.1SG
LX-b822ef4949.PST.2MSG	form		hewiktionary	QUESTIONABLE	form_unvocalized	PST.2MSG
LX-b822ef4949.PST.2FSG	form		hewiktionary	QUESTIONABLE	form_unvocalized	PST.2FSG
LX-b822ef4949.PST.3MSG	form		hewiktionary	QUESTIONABLE	form_unvocalized	PST.3MSG
LX-b822ef4949.PST.3FSG	form		hewiktionary	QUESTIONABLE	form_unvocalized	PST.3FSG
LX-b822ef4949.PST.1PL	form		hewiktionary	QUESTIONABLE	form_unvocalized	PST.1PL
LX-b822ef4949.PST.2MPL	form		hewiktionary	QUESTIONABLE	form_unvocalized	PST.2MPL
LX-b822ef4949.PST.2FPL	form		hewiktionary	QUESTIONABLE	form_unvocalized	PST.2FPL
LX-b822ef4949.PST.3PL	form		hewiktionary	QUESTIONABLE	form_unvocalized	PST.3PL
LX-b822ef4949.PRS.MSG	form		hewiktionary	QUESTIONABLE	form_unvocalized	PRS.MSG
LX-b822ef4949.PRS.FSG	form		hewiktionary	QUESTIONABLE	form_unvocalized	PRS.FSG
LX-b822ef4949.PRS.MPL	form		hewiktionary	QUESTIONABLE	form_unvocalized	PRS.MPL
LX-b822ef4949.PRS.FPL	form		hewiktionary	QUESTIONABLE	form_unvocalized	PRS.FPL
LX-b822ef4949.FUT.1SG	form		hewiktionary	QUESTIONABLE	form_unvocalized	FUT.1SG
LX-b822ef4949.FUT.2MSG	form		hewiktionary	QUESTIONABLE	form_unvocalized	FUT.2MSG
LX-b822ef4949.FUT.2FSG	form		hewiktionary	QUESTIONABLE	form_unvocalized	FUT.2FSG
LX-b822ef4949.FUT.3MSG	form		hewiktionary	QUESTIONABLE	form_unvocalized	FUT.3MSG
LX-b822ef4949.FUT.3FSG	form		hewiktionary	QUESTIONABLE	form_unvocalized	FUT.3FSG
LX-b822ef4949.FUT.1PL	form		hewiktionary	QUESTIONABLE	form_unvocalized	FUT.1PL
LX-b822ef4949.FUT.2MPL	form		hewiktionary	QUESTIONABLE	form_unvocalized	FUT.2MPL
LX-b822ef4949.FUT.2FPL	form		hewiktionary	QUESTIONABLE	form_unvocalized	FUT.2FPL
LX-b822ef4949.FUT.3MPL	form		hewiktionary	QUESTIONABLE	form_unvocalized	FUT.3MPL
LX-b822ef4949.IMP.2MSG	form		hewiktionary	QUESTIONABLE	form_unvocalized	IMP.2MSG
LX-b822ef4949.IMP.2FSG	form		hewiktionary	QUESTIONABLE	form_unvocalized	IMP.2FSG
LX-b822ef4949.IMP.2MPL	form		hewiktionary	QUESTIONABLE	form_unvocalized	IMP.2MPL
LX-b822ef4949.IMP.2FPL	form		hewiktionary	QUESTIONABLE	form_unvocalized	IMP.2FPL
LX-b8c6388f5e.PRS.MSG	form		hewiktionary	SILVER	form_unvocalized	PRS.MSG
LX-b8c6388f5e.FUT.3MSG	form		hewiktionary	SILVER	form_unvocalized	FUT.3MSG
LX-b8c6388f5e.IMP.2MSG	form		hewiktionary	SILVER	form_unvocalized	IMP.2MSG
LX-b8c6388f5e.NFIN	form		hewiktionary	SILVER	form_unvocalized	NFIN
LX-b8d734ea1d.PRS.MSG	form		hewiktionary	SILVER	form_unvocalized	PRS.MSG
LX-b8d734ea1d.FUT.3MSG	form		hewiktionary	SILVER	form_unvocalized	FUT.3MSG
LX-b8d734ea1d.IMP.2MSG	form		hewiktionary	SILVER	form_unvocalized	IMP.2MSG
LX-b8d734ea1d.NFIN	form		hewiktionary	SILVER	form_unvocalized	NFIN
LX-b908ea16e9.PST.3MSG	form		hewiktionary	SILVER	form_unvocalized	PST.3MSG
LX-bb08afbca2.PRS.MSG	form		hewiktionary	SILVER	form_unvocalized	PRS.MSG
LX-bb08afbca2.FUT.3MSG	form		hewiktionary	SILVER	form_unvocalized	FUT.3MSG
LX-bb08afbca2.IMP.2MSG	form		hewiktionary	SILVER	form_unvocalized	IMP.2MSG
LX-bb08afbca2.NFIN	form		hewiktionary	SILVER	form_unvocalized	NFIN
LX-bb1560ddb2.PST.3MSG	form		hewiktionary	SILVER	form_unvocalized	PST.3MSG
LX-bbc2853295.PRS.MSG	form		hewiktionary	SILVER	form_unvocalized	PRS.MSG
LX-bbc2853295.FUT.3MSG	form		hewiktionary	SILVER	form_unvocalized	FUT.3MSG
LX-bbc2853295.IMP.2MSG	form		hewiktionary	SILVER	form_unvocalized	IMP.2MSG
LX-bbc2853295.NFIN	form		hewiktionary	SILVER	form_unvocalized	NFIN
LX-bc97e4fdfb.PST.3MSG	form		hewiktionary	SILVER	form_unvocalized	PST.3MSG
LX-bcbe5be945.PRS.MSG	form		hewiktionary	SILVER	form_unvocalized	PRS.MSG
LX-bcbe5be945.FUT.3MSG	form		hewiktionary	SILVER	form_unvocalized	FUT.3MSG
LX-bcbe5be945.IMP.2MSG	form		hewiktionary	SILVER	form_unvocalized	IMP.2MSG
LX-bcbe5be945.NFIN	form		hewiktionary	SILVER	form_unvocalized	NFIN
LX-bd237ab67b.PRS.MSG	form		hewiktionary	SILVER	form_unvocalized	PRS.MSG
LX-bd237ab67b.FUT.3MSG	form		hewiktionary	SILVER	form_unvocalized	FUT.3MSG
LX-bd237ab67b.IMP.2MSG	form		hewiktionary	SILVER	form_unvocalized	IMP.2MSG
LX-bd237ab67b.NFIN	form		hewiktionary	SILVER	form_unvocalized	NFIN
LX-bddf2bad2a.PRS.MSG	form		hewiktionary	SILVER	form_unvocalized	PRS.MSG
LX-bddf2bad2a.FUT.3MSG	form		hewiktionary	SILVER	form_unvocalized	FUT.3MSG
LX-bddf2bad2a.IMP.2MSG	form		hewiktionary	SILVER	form_unvocalized	IMP.2MSG
LX-bddf2bad2a.NFIN	form		hewiktionary	SILVER	form_unvocalized	NFIN
LX-be18f680e2.PRS.MSG	form		hewiktionary	SILVER	form_unvocalized	PRS.MSG
LX-be18f680e2.FUT.3MSG	form		hewiktionary	SILVER	form_unvocalized	FUT.3MSG
LX-be18f680e2.IMP.2MSG	form		hewiktionary	SILVER	form_unvocalized	IMP.2MSG
LX-be30d04782.PRS.MSG	form		hewiktionary	SILVER	form_unvocalized	PRS.MSG
LX-be30d04782.FUT.3MSG	form		hewiktionary	SILVER	form_unvocalized	FUT.3MSG
LX-be30d04782.IMP.2MSG	form		hewiktionary	SILVER	form_unvocalized	IMP.2MSG
LX-be30d04782.NFIN	form		hewiktionary	SILVER	form_unvocalized	NFIN
LX-be33959bf5.PST.3MSG	form		hewiktionary	SILVER	form_unvocalized	PST.3MSG
LX-bec8d74397.PRS.MSG	form		hewiktionary	SILVER	form_unvocalized	PRS.MSG
LX-bec8d74397.FUT.3MSG	form		hewiktionary	SILVER	form_unvocalized	FUT.3MSG
LX-bec8d74397.IMP.2MSG	form		hewiktionary	SILVER	form_unvocalized	IMP.2MSG
LX-bec8d74397.NFIN	form		hewiktionary	SILVER	form_unvocalized	NFIN
LX-bf35288856.PST.3MSG	form		hewiktionary	QUESTIONABLE	form_unvocalized	PST.3MSG
LX-bfb5659190.PRS.MSG	form		hewiktionary	SILVER	form_unvocalized	PRS.MSG
LX-bfb5659190.FUT.3MSG	form		hewiktionary	SILVER	form_unvocalized	FUT.3MSG
LX-bfb5659190.IMP.2MSG	form		hewiktionary	SILVER	form_unvocalized	IMP.2MSG
LX-bfb5659190.NFIN	form		hewiktionary	SILVER	form_unvocalized	NFIN
LX-c0486ab3e3.PRS.MSG	form		hewiktionary	SILVER	form_unvocalized	PRS.MSG
LX-c0486ab3e3.FUT.3MSG	form		hewiktionary	SILVER	form_unvocalized	FUT.3MSG
LX-c0486ab3e3.IMP.2MSG	form		hewiktionary	SILVER	form_unvocalized	IMP.2MSG
LX-c0486ab3e3.NFIN	form		hewiktionary	SILVER	form_unvocalized	NFIN
LX-c1a7d1036d.PST.3MSG	form		hewiktionary	SILVER	form_unvocalized	PST.3MSG
LX-c1d7a2649f.PST.3MSG	form		hewiktionary	SILVER	form_unvocalized	PST.3MSG
LX-c1f97768fb.PST.3MSG	form		hewiktionary	SILVER	form_unvocalized	PST.3MSG
LX-c1f97768fb.PRS.MSG	form		hewiktionary	SILVER	form_unvocalized	PRS.MSG
LX-c1f97768fb.FUT.3MSG	form		hewiktionary	SILVER	form_unvocalized	FUT.3MSG
LX-c1f97768fb.IMP.2MSG	form		hewiktionary	SILVER	form_unvocalized	IMP.2MSG
LX-c1f97768fb.NFIN	form		hewiktionary	SILVER	form_unvocalized	NFIN
LX-c29c99663b.PRS.MSG	form		hewiktionary	SILVER	form_unvocalized	PRS.MSG
LX-c29c99663b.FUT.3MSG	form		hewiktionary	SILVER	form_unvocalized	FUT.3MSG
LX-c29c99663b.IMP.2MSG	form		hewiktionary	SILVER	form_unvocalized	IMP.2MSG
LX-c29c99663b.NFIN	form		hewiktionary	SILVER	form_unvocalized	NFIN
LX-c2c138ddc9.PRS.MSG	form		hewiktionary	SILVER	form_unvocalized	PRS.MSG
LX-c2c138ddc9.FUT.3MSG	form		hewiktionary	SILVER	form_unvocalized	FUT.3MSG
LX-c2c138ddc9.IMP.2MSG	form		hewiktionary	SILVER	form_unvocalized	IMP.2MSG
LX-c2c138ddc9.NFIN	form		hewiktionary	SILVER	form_unvocalized	NFIN
LX-c37b5317b0.PST.3MSG	form		hewiktionary	SILVER	form_unvocalized	PST.3MSG
LX-c3ecda33c5.PST.3MSG	form		hewiktionary	SILVER	form_unvocalized	PST.3MSG
LX-c431425788.PRS.MSG	form		hewiktionary	SILVER	form_unvocalized	PRS.MSG
LX-c431425788.FUT.3MSG	form		hewiktionary	SILVER	form_unvocalized	FUT.3MSG
LX-c431425788.IMP.2MSG	form		hewiktionary	SILVER	form_unvocalized	IMP.2MSG
LX-c431425788.NFIN	form		hewiktionary	SILVER	form_unvocalized	NFIN
LX-c4b556c117.PRS.MSG	form		hewiktionary	SILVER	form_unvocalized	PRS.MSG
LX-c4b556c117.FUT.3MSG	form		hewiktionary	SILVER	form_unvocalized	FUT.3MSG
LX-c4b556c117.IMP.2MSG	form		hewiktionary	SILVER	form_unvocalized	IMP.2MSG
LX-c4b556c117.NFIN	form		hewiktionary	SILVER	form_unvocalized	NFIN
LX-c4d4f3b51d.PST.3MSG	form		hewiktionary	SILVER	form_unvocalized	PST.3MSG
LX-c52a1d5c26.PST.3MSG	form		hewiktionary	SILVER	form_unvocalized	PST.3MSG
LX-c54c8ccca9.PRS.MSG	form		hewiktionary	SILVER	form_unvocalized	PRS.MSG
LX-c54c8ccca9.FUT.3MSG	form		hewiktionary	SILVER	form_unvocalized	FUT.3MSG
LX-c54c8ccca9.IMP.2MSG	form		hewiktionary	SILVER	form_unvocalized	IMP.2MSG
LX-c54c8ccca9.NFIN	form		hewiktionary	SILVER	form_unvocalized	NFIN
LX-c58a573eec.PRS.MSG	form		hewiktionary	SILVER	form_unvocalized	PRS.MSG
LX-c58a573eec.FUT.3MSG	form		hewiktionary	SILVER	form_unvocalized	FUT.3MSG
LX-c58a573eec.IMP.2MSG	form		hewiktionary	SILVER	form_unvocalized	IMP.2MSG
LX-c58a573eec.NFIN	form		hewiktionary	SILVER	form_unvocalized	NFIN
LX-c63c6c7589.PRS.MSG	form		hewiktionary	SILVER	form_unvocalized	PRS.MSG
LX-c63c6c7589.FUT.3MSG	form		hewiktionary	SILVER	form_unvocalized	FUT.3MSG
LX-c63c6c7589.IMP.2MSG	form		hewiktionary	SILVER	form_unvocalized	IMP.2MSG
LX-c63c6c7589.NFIN	form		hewiktionary	SILVER	form_unvocalized	NFIN
LX-c6b93497f8.PST.3MSG	form		hewiktionary	SILVER	form_unvocalized	PST.3MSG
LX-c701cfd115.PST.3MSG	form		hewiktionary	SILVER	form_unvocalized	PST.3MSG
LX-c701cfd115.PRS.MSG	form		hewiktionary	SILVER	form_unvocalized	PRS.MSG
LX-c701cfd115.FUT.3MSG	form		hewiktionary	SILVER	form_unvocalized	FUT.3MSG
LX-c701cfd115.IMP.2MSG	form		hewiktionary	SILVER	form_unvocalized	IMP.2MSG
LX-c701cfd115.NFIN	form		hewiktionary	SILVER	form_unvocalized	NFIN
LX-c7f6bf32fa.PRS.MSG	form		hewiktionary	SILVER	form_unvocalized	PRS.MSG
LX-c7f6bf32fa.FUT.3MSG	form		hewiktionary	SILVER	form_unvocalized	FUT.3MSG
LX-c7f6bf32fa.IMP.2MSG	form		hewiktionary	SILVER	form_unvocalized	IMP.2MSG
LX-c7f6bf32fa.NFIN	form		hewiktionary	SILVER	form_unvocalized	NFIN
LX-c814283b46.PST.3MSG	form		hewiktionary	SILVER	form_unvocalized	PST.3MSG
LX-c83c8885b8.PRS.MSG	form		hewiktionary	SILVER	form_unvocalized	PRS.MSG
LX-c83c8885b8.FUT.3MSG	form		hewiktionary	SILVER	form_unvocalized	FUT.3MSG
LX-c83c8885b8.IMP.2MSG	form		hewiktionary	SILVER	form_unvocalized	IMP.2MSG
LX-c83c8885b8.NFIN	form		hewiktionary	SILVER	form_unvocalized	NFIN
LX-c89a5d54c7.PRS.MSG	form		hewiktionary	SILVER	form_unvocalized	PRS.MSG
LX-c89a5d54c7.FUT.3MSG	form		hewiktionary	SILVER	form_unvocalized	FUT.3MSG
LX-c89a5d54c7.IMP.2MSG	form		hewiktionary	SILVER	form_unvocalized	IMP.2MSG
LX-c89a5d54c7.NFIN	form		hewiktionary	SILVER	form_unvocalized	NFIN
LX-c8c2d27820.PRS.MSG	form		hewiktionary	SILVER	form_unvocalized	PRS.MSG
LX-c8c2d27820.FUT.3MSG	form		hewiktionary	SILVER	form_unvocalized	FUT.3MSG
LX-c8c2d27820.IMP.2MSG	form		hewiktionary	SILVER	form_unvocalized	IMP.2MSG
LX-c8c2d27820.NFIN	form		hewiktionary	SILVER	form_unvocalized	NFIN
LX-c91baae462.PRS.MSG	form		hewiktionary	QUESTIONABLE	form_unvocalized	PRS.MSG
LX-c91baae462.FUT.3MSG	form		hewiktionary	QUESTIONABLE	form_unvocalized	FUT.3MSG
LX-c91baae462.IMP.2MSG	form		hewiktionary	QUESTIONABLE	form_unvocalized	IMP.2MSG
LX-c91baae462.NFIN	form		hewiktionary	QUESTIONABLE	form_unvocalized	NFIN
LX-c922e67326.PRS.MSG	form		hewiktionary	SILVER	form_unvocalized	PRS.MSG
LX-c922e67326.FUT.3MSG	form		hewiktionary	SILVER	form_unvocalized	FUT.3MSG
LX-c922e67326.IMP.2MSG	form		hewiktionary	SILVER	form_unvocalized	IMP.2MSG
LX-c922e67326.NFIN	form		hewiktionary	SILVER	form_unvocalized	NFIN
LX-c95ee3e90b.PRS.MSG	form		hewiktionary	SILVER	form_unvocalized	PRS.MSG
LX-c95ee3e90b.FUT.3MSG	form		hewiktionary	SILVER	form_unvocalized	FUT.3MSG
LX-c95ee3e90b.IMP.2MSG	form		hewiktionary	SILVER	form_unvocalized	IMP.2MSG
LX-c95ee3e90b.NFIN	form		hewiktionary	SILVER	form_unvocalized	NFIN
LX-c99302ab8f.PRS.MSG	form		hewiktionary	SILVER	form_unvocalized	PRS.MSG
LX-c99302ab8f.FUT.3MSG	form		hewiktionary	SILVER	form_unvocalized	FUT.3MSG
LX-c99302ab8f.IMP.2MSG	form		hewiktionary	SILVER	form_unvocalized	IMP.2MSG
LX-c99302ab8f.NFIN	form		hewiktionary	SILVER	form_unvocalized	NFIN
LX-c9d61f693a.PRS.MSG	form		hewiktionary	SILVER	form_unvocalized	PRS.MSG
LX-c9d61f693a.FUT.3MSG	form		hewiktionary	SILVER	form_unvocalized	FUT.3MSG
LX-c9d61f693a.IMP.2MSG	form		hewiktionary	SILVER	form_unvocalized	IMP.2MSG
LX-c9d61f693a.NFIN	form		hewiktionary	SILVER	form_unvocalized	NFIN
LX-c9f98ffa70.PST.3MSG	form		hewiktionary	SILVER	form_unvocalized	PST.3MSG
LX-c9f98ffa70.PRS.MSG	form		hewiktionary	SILVER	form_unvocalized	PRS.MSG
LX-c9f98ffa70.FUT.3MSG	form		hewiktionary	SILVER	form_unvocalized	FUT.3MSG
LX-c9f98ffa70.IMP.2MSG	form		hewiktionary	SILVER	form_unvocalized	IMP.2MSG
LX-c9f98ffa70.NFIN	form		hewiktionary	SILVER	form_unvocalized	NFIN
LX-ca2455b841.PRS.MSG	form		hewiktionary	SILVER	form_unvocalized	PRS.MSG
LX-ca2455b841.FUT.3MSG	form		hewiktionary	SILVER	form_unvocalized	FUT.3MSG
LX-ca2455b841.IMP.2MSG	form		hewiktionary	SILVER	form_unvocalized	IMP.2MSG
LX-ca2455b841.NFIN	form		hewiktionary	SILVER	form_unvocalized	NFIN
LX-ca57e570d3.PRS.MSG	form		hewiktionary	SILVER	form_unvocalized	PRS.MSG
LX-ca57e570d3.FUT.3MSG	form		hewiktionary	SILVER	form_unvocalized	FUT.3MSG
LX-ca57e570d3.IMP.2MSG	form		hewiktionary	SILVER	form_unvocalized	IMP.2MSG
LX-ca57e570d3.NFIN	form		hewiktionary	SILVER	form_unvocalized	NFIN
LX-ca7b778641.PRS.MSG	form		hewiktionary	SILVER	form_unvocalized	PRS.MSG
LX-ca7b778641.FUT.3MSG	form		hewiktionary	SILVER	form_unvocalized	FUT.3MSG
LX-ca7b778641.IMP.2MSG	form		hewiktionary	SILVER	form_unvocalized	IMP.2MSG
LX-ca7b778641.NFIN	form		hewiktionary	SILVER	form_unvocalized	NFIN
LX-ca8f4c87a2.PST.3MSG	form		hewiktionary	SILVER	form_unvocalized	PST.3MSG
LX-ca8f4c87a2.PRS.MSG	form		hewiktionary	SILVER	form_unvocalized	PRS.MSG
LX-ca8f4c87a2.FUT.3MSG	form		hewiktionary	SILVER	form_unvocalized	FUT.3MSG
LX-ca8f4c87a2.IMP.2MSG	form		hewiktionary	SILVER	form_unvocalized	IMP.2MSG
LX-ca8f4c87a2.NFIN	form		hewiktionary	SILVER	form_unvocalized	NFIN
LX-cb25b76b48.PRS.MSG	form		hewiktionary	SILVER	form_unvocalized	PRS.MSG
LX-cb25b76b48.FUT.3MSG	form		hewiktionary	SILVER	form_unvocalized	FUT.3MSG
LX-cb25b76b48.IMP.2MSG	form		hewiktionary	SILVER	form_unvocalized	IMP.2MSG
LX-cb25b76b48.NFIN	form		hewiktionary	SILVER	form_unvocalized	NFIN
LX-cb5eb43491.PST.1SG	form		hewiktionary	SILVER	form_unvocalized	PST.1SG
LX-cb5eb43491.PST.2MSG	form		hewiktionary	SILVER	form_unvocalized	PST.2MSG
LX-cb5eb43491.PST.2FSG	form		hewiktionary	SILVER	form_unvocalized	PST.2FSG
LX-cb5eb43491.PST.3FSG	form		hewiktionary	SILVER	form_unvocalized	PST.3FSG
LX-cb5eb43491.PST.1PL	form		hewiktionary	SILVER	form_unvocalized	PST.1PL
LX-cb5eb43491.PST.2MPL	form		hewiktionary	SILVER	form_unvocalized	PST.2MPL
LX-cb5eb43491.PST.2FPL	form		hewiktionary	SILVER	form_unvocalized	PST.2FPL
LX-cb5eb43491.PST.3PL	form		hewiktionary	SILVER	form_unvocalized	PST.3PL
LX-cb5eb43491.PRS.MSG	form		hewiktionary	SILVER	form_unvocalized	PRS.MSG
LX-cb5eb43491.PRS.FSG	form		hewiktionary	SILVER	form_unvocalized	PRS.FSG
LX-cb5eb43491.PRS.MPL	form		hewiktionary	SILVER	form_unvocalized	PRS.MPL
LX-cb5eb43491.PRS.FPL	form		hewiktionary	SILVER	form_unvocalized	PRS.FPL
LX-cb5eb43491.FUT.1SG	form		hewiktionary	SILVER	form_unvocalized	FUT.1SG
LX-cb5eb43491.FUT.2MSG	form		hewiktionary	SILVER	form_unvocalized	FUT.2MSG
LX-cb5eb43491.FUT.2FSG	form		hewiktionary	SILVER	form_unvocalized	FUT.2FSG
LX-cb5eb43491.FUT.3MSG	form		hewiktionary	SILVER	form_unvocalized	FUT.3MSG
LX-cb5eb43491.FUT.3FSG	form		hewiktionary	SILVER	form_unvocalized	FUT.3FSG
LX-cb5eb43491.FUT.1PL	form		hewiktionary	SILVER	form_unvocalized	FUT.1PL
LX-cb5eb43491.FUT.2MPL	form		hewiktionary	SILVER	form_unvocalized	FUT.2MPL
LX-cb5eb43491.FUT.2FPL	form		hewiktionary	SILVER	form_unvocalized	FUT.2FPL
LX-cb5eb43491.FUT.3MPL	form		hewiktionary	SILVER	form_unvocalized	FUT.3MPL
LX-cb5eb43491.IMP.2MSG	form		hewiktionary	SILVER	form_unvocalized	IMP.2MSG
LX-cb5eb43491.IMP.2FSG	form		hewiktionary	SILVER	form_unvocalized	IMP.2FSG
LX-cb5eb43491.IMP.2MPL	form		hewiktionary	SILVER	form_unvocalized	IMP.2MPL
LX-cb5eb43491.IMP.2FPL	form		hewiktionary	SILVER	form_unvocalized	IMP.2FPL
LX-cb5eb43491.NFIN	form		hewiktionary	SILVER	form_unvocalized	NFIN
LX-cb82c02f45.PRS.MSG	form		hewiktionary	SILVER	form_unvocalized	PRS.MSG
LX-cb82c02f45.FUT.3MSG	form		hewiktionary	SILVER	form_unvocalized	FUT.3MSG
LX-cb82c02f45.IMP.2MSG	form		hewiktionary	SILVER	form_unvocalized	IMP.2MSG
LX-cb82c02f45.NFIN	form		hewiktionary	SILVER	form_unvocalized	NFIN
LX-cbb932820c.PST.3MSG	form		hewiktionary	SILVER	form_unvocalized	PST.3MSG
LX-cbbcb98bf4.PRS.MSG	form		hewiktionary	SILVER	form_unvocalized	PRS.MSG
LX-cbbcb98bf4.FUT.3MSG	form		hewiktionary	SILVER	form_unvocalized	FUT.3MSG
LX-cbbcb98bf4.IMP.2MSG	form		hewiktionary	SILVER	form_unvocalized	IMP.2MSG
LX-cbbcb98bf4.NFIN	form		hewiktionary	SILVER	form_unvocalized	NFIN
LX-cc02a1596b.PRS.MSG	form		hewiktionary	SILVER	form_unvocalized	PRS.MSG
LX-cc02a1596b.FUT.3MSG	form		hewiktionary	SILVER	form_unvocalized	FUT.3MSG
LX-cc02a1596b.IMP.2MSG	form		hewiktionary	SILVER	form_unvocalized	IMP.2MSG
LX-cc02a1596b.NFIN	form		hewiktionary	SILVER	form_unvocalized	NFIN
LX-ccd30e0f4d.PRS.MSG	form		hewiktionary	SILVER	form_unvocalized	PRS.MSG
LX-ccd30e0f4d.FUT.3MSG	form		hewiktionary	SILVER	form_unvocalized	FUT.3MSG
LX-ccd30e0f4d.IMP.2MSG	form		hewiktionary	SILVER	form_unvocalized	IMP.2MSG
LX-ccd30e0f4d.NFIN	form		hewiktionary	SILVER	form_unvocalized	NFIN
LX-ce855a211e.PRS.MSG	form		hewiktionary	SILVER	form_unvocalized	PRS.MSG
LX-ce855a211e.FUT.3MSG	form		hewiktionary	SILVER	form_unvocalized	FUT.3MSG
LX-ce855a211e.IMP.2MSG	form		hewiktionary	SILVER	form_unvocalized	IMP.2MSG
LX-ce855a211e.NFIN	form		hewiktionary	SILVER	form_unvocalized	NFIN
LX-cee2d167a2.PRS.MSG	form		hewiktionary	SILVER	form_unvocalized	PRS.MSG
LX-cee2d167a2.FUT.3MSG	form		hewiktionary	SILVER	form_unvocalized	FUT.3MSG
LX-cee2d167a2.IMP.2MSG	form		hewiktionary	SILVER	form_unvocalized	IMP.2MSG
LX-cee2d167a2.NFIN	form		hewiktionary	SILVER	form_unvocalized	NFIN
LX-cf2ec64cd0.PST.3MSG	form		hewiktionary	SILVER	form_unvocalized	PST.3MSG
LX-cf3cb73ee1.PST.3MSG	form		hewiktionary	SILVER	form_unvocalized	PST.3MSG
LX-cf3cb73ee1.PRS.MSG	form		hewiktionary	SILVER	form_unvocalized	PRS.MSG
LX-cf3cb73ee1.FUT.3MSG	form		hewiktionary	SILVER	form_unvocalized	FUT.3MSG
LX-cf3cb73ee1.IMP.2MSG	form		hewiktionary	SILVER	form_unvocalized	IMP.2MSG
LX-cf3cb73ee1.NFIN	form		hewiktionary	SILVER	form_unvocalized	NFIN
LX-d03441ef0a.PRS.MSG	form		hewiktionary	SILVER	form_unvocalized	PRS.MSG
LX-d03441ef0a.FUT.3MSG	form		hewiktionary	SILVER	form_unvocalized	FUT.3MSG
LX-d03441ef0a.IMP.2MSG	form		hewiktionary	SILVER	form_unvocalized	IMP.2MSG
LX-d03441ef0a.NFIN	form		hewiktionary	SILVER	form_unvocalized	NFIN
LX-d0566198f3.PRS.MSG	form		hewiktionary	SILVER	form_unvocalized	PRS.MSG
LX-d0566198f3.FUT.3MSG	form		hewiktionary	SILVER	form_unvocalized	FUT.3MSG
LX-d0566198f3.IMP.2MSG	form		hewiktionary	SILVER	form_unvocalized	IMP.2MSG
LX-d0566198f3.NFIN	form		hewiktionary	SILVER	form_unvocalized	NFIN
LX-d0dae5e42f.PST.3MSG	form		hewiktionary	SILVER	form_unvocalized	PST.3MSG
LX-d0dd4c56a4.PST.3MSG	form		hewiktionary	SILVER	form_unvocalized	PST.3MSG
LX-d146df09de.PRS.MSG	form		hewiktionary	SILVER	form_unvocalized	PRS.MSG
LX-d146df09de.FUT.3MSG	form		hewiktionary	SILVER	form_unvocalized	FUT.3MSG
LX-d146df09de.IMP.2MSG	form		hewiktionary	SILVER	form_unvocalized	IMP.2MSG
LX-d146df09de.NFIN	form		hewiktionary	SILVER	form_unvocalized	NFIN
LX-d14df6bd0e.PRS.MSG	form		hewiktionary	SILVER	form_unvocalized	PRS.MSG
LX-d14df6bd0e.FUT.3MSG	form		hewiktionary	SILVER	form_unvocalized	FUT.3MSG
LX-d14df6bd0e.IMP.2MSG	form		hewiktionary	SILVER	form_unvocalized	IMP.2MSG
LX-d14df6bd0e.NFIN	form		hewiktionary	SILVER	form_unvocalized	NFIN
LX-d16921dbca.PRS.MSG	form		hewiktionary	SILVER	form_unvocalized	PRS.MSG
LX-d16921dbca.FUT.3MSG	form		hewiktionary	SILVER	form_unvocalized	FUT.3MSG
LX-d1a3fe4631.PRS.MSG	form		hewiktionary	SILVER	form_unvocalized	PRS.MSG
LX-d1a3fe4631.FUT.3MSG	form		hewiktionary	SILVER	form_unvocalized	FUT.3MSG
LX-d30e0de15a.PRS.MSG	form		hewiktionary	SILVER	form_unvocalized	PRS.MSG
LX-d30e0de15a.FUT.3MSG	form		hewiktionary	SILVER	form_unvocalized	FUT.3MSG
LX-d30e0de15a.IMP.2MSG	form		hewiktionary	SILVER	form_unvocalized	IMP.2MSG
LX-d30e0de15a.NFIN	form		hewiktionary	SILVER	form_unvocalized	NFIN
LX-d30ea2a346.PRS.MSG	form		hewiktionary	SILVER	form_unvocalized	PRS.MSG
LX-d30ea2a346.FUT.3MSG	form		hewiktionary	SILVER	form_unvocalized	FUT.3MSG
LX-d30ea2a346.IMP.2MSG	form		hewiktionary	SILVER	form_unvocalized	IMP.2MSG
LX-d30ea2a346.NFIN	form		hewiktionary	SILVER	form_unvocalized	NFIN
LX-d38b40df5c.PRS.MSG	form		hewiktionary	SILVER	form_unvocalized	PRS.MSG
LX-d38b40df5c.FUT.3MSG	form		hewiktionary	SILVER	form_unvocalized	FUT.3MSG
LX-d38b40df5c.IMP.2MSG	form		hewiktionary	SILVER	form_unvocalized	IMP.2MSG
LX-d38b40df5c.NFIN	form		hewiktionary	SILVER	form_unvocalized	NFIN
LX-d404f2ef3d.PRS.MSG	form		hewiktionary	SILVER	form_unvocalized	PRS.MSG
LX-d404f2ef3d.FUT.3MSG	form		hewiktionary	SILVER	form_unvocalized	FUT.3MSG
LX-d404f2ef3d.IMP.2MSG	form		hewiktionary	SILVER	form_unvocalized	IMP.2MSG
LX-d404f2ef3d.NFIN	form		hewiktionary	SILVER	form_unvocalized	NFIN
LX-d4dd502c61.PRS.MSG	form		hewiktionary	SILVER	form_unvocalized	PRS.MSG
LX-d4dd502c61.FUT.3MSG	form		hewiktionary	QUESTIONABLE	form_unvocalized	FUT.3MSG
LX-d4dd502c61.IMP.2MSG	form		hewiktionary	SILVER	form_unvocalized	IMP.2MSG
LX-d4dd502c61.NFIN	form		hewiktionary	QUESTIONABLE	form_unvocalized	NFIN
LX-d4fa343e3f.PRS.MSG	form		hewiktionary	QUESTIONABLE	form_unvocalized	PRS.MSG
LX-d4fa343e3f.FUT.3MSG	form		hewiktionary	QUESTIONABLE	form_unvocalized	FUT.3MSG
LX-d4fa343e3f.IMP.2MSG	form		hewiktionary	QUESTIONABLE	form_unvocalized	IMP.2MSG
LX-d4fa343e3f.NFIN	form		hewiktionary	QUESTIONABLE	form_unvocalized	NFIN
LX-d54c205248.PST.3MSG	form		hewiktionary	SILVER	form_unvocalized	PST.3MSG
LX-d57fb28e6c.PRS.MSG	form		hewiktionary	SILVER	form_unvocalized	PRS.MSG
LX-d57fb28e6c.FUT.3MSG	form		hewiktionary	SILVER	form_unvocalized	FUT.3MSG
LX-d57fb28e6c.IMP.2MSG	form		hewiktionary	SILVER	form_unvocalized	IMP.2MSG
LX-d57fb28e6c.NFIN	form		hewiktionary	SILVER	form_unvocalized	NFIN
LX-d580ea2b72.PST.3MSG	form		hewiktionary	SILVER	form_unvocalized	PST.3MSG
LX-d5bb574e77.PRS.MSG	form		hewiktionary	SILVER	form_unvocalized	PRS.MSG
LX-d5bb574e77.FUT.3MSG	form		hewiktionary	SILVER	form_unvocalized	FUT.3MSG
LX-d5bb574e77.IMP.2MSG	form		hewiktionary	SILVER	form_unvocalized	IMP.2MSG
LX-d5bb574e77.NFIN	form		hewiktionary	SILVER	form_unvocalized	NFIN
LX-d5e57f6abd.PST.3MSG	form		hewiktionary	SILVER	form_unvocalized	PST.3MSG
LX-d5fc456ba1.PRS.MSG	form		hewiktionary	SILVER	form_unvocalized	PRS.MSG
LX-d5fc456ba1.FUT.3MSG	form		hewiktionary	SILVER	form_unvocalized	FUT.3MSG
LX-d5fc456ba1.IMP.2MSG	form		hewiktionary	SILVER	form_unvocalized	IMP.2MSG
LX-d5fc456ba1.NFIN	form		hewiktionary	SILVER	form_unvocalized	NFIN
LX-d6dd4e8aa5.PRS.MSG	form		hewiktionary	SILVER	form_unvocalized	PRS.MSG
LX-d6dd4e8aa5.FUT.3MSG	form		hewiktionary	SILVER	form_unvocalized	FUT.3MSG
LX-d6dd4e8aa5.IMP.2MSG	form		hewiktionary	SILVER	form_unvocalized	IMP.2MSG
LX-d6dd4e8aa5.NFIN	form		hewiktionary	SILVER	form_unvocalized	NFIN
LX-d87ade6c5d.PRS.MSG	form		hewiktionary	SILVER	form_unvocalized	PRS.MSG
LX-d87ade6c5d.FUT.3MSG	form		hewiktionary	QUESTIONABLE	form_unvocalized	FUT.3MSG
LX-d87ade6c5d.IMP.2MSG	form		hewiktionary	QUESTIONABLE	form_unvocalized	IMP.2MSG
LX-d87ade6c5d.NFIN	form		hewiktionary	SILVER	form_unvocalized	NFIN
LX-d8c485053f.PRS.MSG	form		hewiktionary	SILVER	form_unvocalized	PRS.MSG
LX-d8c485053f.FUT.3MSG	form		hewiktionary	SILVER	form_unvocalized	FUT.3MSG
LX-d8c485053f.IMP.2MSG	form		hewiktionary	SILVER	form_unvocalized	IMP.2MSG
LX-d8c485053f.NFIN	form		hewiktionary	SILVER	form_unvocalized	NFIN
LX-d916127d60.PRS.MSG	form		hewiktionary	SILVER	form_unvocalized	PRS.MSG
LX-d916127d60.FUT.3MSG	form		hewiktionary	SILVER	form_unvocalized	FUT.3MSG
LX-d916127d60.IMP.2MSG	form		hewiktionary	SILVER	form_unvocalized	IMP.2MSG
LX-d916127d60.NFIN	form		hewiktionary	SILVER	form_unvocalized	NFIN
LX-d92786ed04.PRS.MSG	form		hewiktionary	SILVER	form_unvocalized	PRS.MSG
LX-d92786ed04.FUT.3MSG	form		hewiktionary	SILVER	form_unvocalized	FUT.3MSG
LX-d92786ed04.IMP.2MSG	form		hewiktionary	SILVER	form_unvocalized	IMP.2MSG
LX-d92786ed04.NFIN	form		hewiktionary	SILVER	form_unvocalized	NFIN
LX-d930b96a50.PRS.MSG	form		hewiktionary	SILVER	form_unvocalized	PRS.MSG
LX-d930b96a50.FUT.3MSG	form		hewiktionary	SILVER	form_unvocalized	FUT.3MSG
LX-d930b96a50.IMP.2MSG	form		hewiktionary	SILVER	form_unvocalized	IMP.2MSG
LX-d930b96a50.NFIN	form		hewiktionary	SILVER	form_unvocalized	NFIN
LX-d937a2fa08.PRS.MSG	form		hewiktionary	SILVER	form_unvocalized	PRS.MSG
LX-d937a2fa08.FUT.3MSG	form		hewiktionary	SILVER	form_unvocalized	FUT.3MSG
LX-d937a2fa08.IMP.2MSG	form		hewiktionary	SILVER	form_unvocalized	IMP.2MSG
LX-d937a2fa08.NFIN	form		hewiktionary	SILVER	form_unvocalized	NFIN
LX-d9390efea7.PST.3MSG	form		hewiktionary	SILVER	form_unvocalized	PST.3MSG
LX-d95bf09a37.PRS.MSG	form		hewiktionary	SILVER	form_unvocalized	PRS.MSG
LX-d95bf09a37.FUT.3MSG	form		hewiktionary	SILVER	form_unvocalized	FUT.3MSG
LX-d95bf09a37.IMP.2MSG	form		hewiktionary	SILVER	form_unvocalized	IMP.2MSG
LX-d95bf09a37.NFIN	form		hewiktionary	SILVER	form_unvocalized	NFIN
LX-d985a10b5b.PRS.MSG	form		hewiktionary	SILVER	form_unvocalized	PRS.MSG
LX-d985a10b5b.FUT.3MSG	form		hewiktionary	SILVER	form_unvocalized	FUT.3MSG
LX-d985a10b5b.IMP.2MSG	form		hewiktionary	SILVER	form_unvocalized	IMP.2MSG
LX-d985a10b5b.NFIN	form		hewiktionary	SILVER	form_unvocalized	NFIN
LX-da9f927271.PRS.MSG	form		hewiktionary	SILVER	form_unvocalized	PRS.MSG
LX-da9f927271.FUT.3MSG	form		hewiktionary	SILVER	form_unvocalized	FUT.3MSG
LX-da9f927271.IMP.2MSG	form		hewiktionary	SILVER	form_unvocalized	IMP.2MSG
LX-da9f927271.NFIN	form		hewiktionary	SILVER	form_unvocalized	NFIN
LX-dabb7f3444.PST.3MSG	form		hewiktionary	SILVER	form_unvocalized	PST.3MSG
LX-daf49e6f72.PRS.MSG	form		hewiktionary	SILVER	form_unvocalized	PRS.MSG
LX-daf49e6f72.FUT.3MSG	form		hewiktionary	SILVER	form_unvocalized	FUT.3MSG
LX-daf49e6f72.IMP.2MSG	form		hewiktionary	SILVER	form_unvocalized	IMP.2MSG
LX-daf49e6f72.NFIN	form		hewiktionary	SILVER	form_unvocalized	NFIN
LX-db92ed3d7b.PRS.MSG	form		hewiktionary	SILVER	form_unvocalized	PRS.MSG
LX-db92ed3d7b.FUT.3MSG	form		hewiktionary	SILVER	form_unvocalized	FUT.3MSG
LX-db92ed3d7b.IMP.2MSG	form		hewiktionary	SILVER	form_unvocalized	IMP.2MSG
LX-db92ed3d7b.NFIN	form		hewiktionary	SILVER	form_unvocalized	NFIN
LX-dc46c3147e.PRS.MSG	form		hewiktionary	SILVER	form_unvocalized	PRS.MSG
LX-dc46c3147e.FUT.3MSG	form		hewiktionary	SILVER	form_unvocalized	FUT.3MSG
LX-dc46c3147e.IMP.2MSG	form		hewiktionary	SILVER	form_unvocalized	IMP.2MSG
LX-dc46c3147e.NFIN	form		hewiktionary	SILVER	form_unvocalized	NFIN
LX-dc529e6500.PRS.MSG	form		hewiktionary	SILVER	form_unvocalized	PRS.MSG
LX-dc529e6500.FUT.3MSG	form		hewiktionary	SILVER	form_unvocalized	FUT.3MSG
LX-dc529e6500.IMP.2MSG	form		hewiktionary	SILVER	form_unvocalized	IMP.2MSG
LX-dc529e6500.NFIN	form		hewiktionary	SILVER	form_unvocalized	NFIN
LX-dc8eebefc4.PST.3MSG	form		hewiktionary	SILVER	form_unvocalized	PST.3MSG
LX-dcdbc5f466.PRS.MSG	form		hewiktionary	SILVER	form_unvocalized	PRS.MSG
LX-dcdbc5f466.FUT.3MSG	form		hewiktionary	SILVER	form_unvocalized	FUT.3MSG
LX-dcdbc5f466.IMP.2MSG	form		hewiktionary	SILVER	form_unvocalized	IMP.2MSG
LX-dcdbc5f466.NFIN	form		hewiktionary	SILVER	form_unvocalized	NFIN
LX-dcf86fedd4.PST.3MSG	form		hewiktionary	SILVER	form_unvocalized	PST.3MSG
LX-dcf86fedd4.PRS.MSG	form		hewiktionary	SILVER	form_unvocalized	PRS.MSG
LX-dcf86fedd4.FUT.3MSG	form		hewiktionary	SILVER	form_unvocalized	FUT.3MSG
LX-dd7b92ebad.PRS.MSG	form		hewiktionary	SILVER	form_unvocalized	PRS.MSG
LX-dd7b92ebad.FUT.3MSG	form		hewiktionary	SILVER	form_unvocalized	FUT.3MSG
LX-dd7b92ebad.IMP.2MSG	form		hewiktionary	SILVER	form_unvocalized	IMP.2MSG
LX-dd7b92ebad.NFIN	form		hewiktionary	SILVER	form_unvocalized	NFIN
LX-ddcc5b1662.PST.3MSG	form		hewiktionary	SILVER	form_unvocalized	PST.3MSG
LX-ddcc5b1662.PRS.MSG	form		hewiktionary	SILVER	form_unvocalized	PRS.MSG
LX-ddcc5b1662.FUT.3MSG	form		hewiktionary	SILVER	form_unvocalized	FUT.3MSG
LX-ddcc5b1662.IMP.2MSG	form		hewiktionary	SILVER	form_unvocalized	IMP.2MSG
LX-ddcc5b1662.NFIN	form		hewiktionary	SILVER	form_unvocalized	NFIN
LX-dde97333b3.PRS.MSG	form		hewiktionary	SILVER	form_unvocalized	PRS.MSG
LX-dde97333b3.FUT.3MSG	form		hewiktionary	SILVER	form_unvocalized	FUT.3MSG
LX-dde97333b3.IMP.2MSG	form		hewiktionary	SILVER	form_unvocalized	IMP.2MSG
LX-dde97333b3.NFIN	form		hewiktionary	SILVER	form_unvocalized	NFIN
LX-de3a1010ee.PRS.MSG	form		hewiktionary	SILVER	form_unvocalized	PRS.MSG
LX-de3a1010ee.FUT.3MSG	form		hewiktionary	SILVER	form_unvocalized	FUT.3MSG
LX-de3a1010ee.IMP.2MSG	form		hewiktionary	SILVER	form_unvocalized	IMP.2MSG
LX-de3a1010ee.NFIN	form		hewiktionary	SILVER	form_unvocalized	NFIN
LX-de5a04b36e.PST.3MSG	form		hewiktionary	SILVER	form_unvocalized	PST.3MSG
LX-de692d6655.PRS.MSG	form		hewiktionary	SILVER	form_unvocalized	PRS.MSG
LX-de692d6655.FUT.3MSG	form		hewiktionary	SILVER	form_unvocalized	FUT.3MSG
LX-de692d6655.IMP.2MSG	form		hewiktionary	SILVER	form_unvocalized	IMP.2MSG
LX-de692d6655.NFIN	form		hewiktionary	SILVER	form_unvocalized	NFIN
LX-deabcc74b2.PRS.MSG	form		hewiktionary	SILVER	form_unvocalized	PRS.MSG
LX-deabcc74b2.FUT.3MSG	form		hewiktionary	SILVER	form_unvocalized	FUT.3MSG
LX-deabcc74b2.IMP.2MSG	form		hewiktionary	SILVER	form_unvocalized	IMP.2MSG
LX-deabcc74b2.NFIN	form		hewiktionary	SILVER	form_unvocalized	NFIN
LX-debcd1ce43.PRS.MSG	form		hewiktionary	SILVER	form_unvocalized	PRS.MSG
LX-debcd1ce43.FUT.3MSG	form		hewiktionary	SILVER	form_unvocalized	FUT.3MSG
LX-debcd1ce43.IMP.2MSG	form		hewiktionary	SILVER	form_unvocalized	IMP.2MSG
LX-debcd1ce43.NFIN	form		hewiktionary	SILVER	form_unvocalized	NFIN
LX-deca4c0e51.PRS.MSG	form		hewiktionary	SILVER	form_unvocalized	PRS.MSG
LX-deca4c0e51.FUT.3MSG	form		hewiktionary	SILVER	form_unvocalized	FUT.3MSG
LX-deca4c0e51.IMP.2MSG	form		hewiktionary	SILVER	form_unvocalized	IMP.2MSG
LX-deca4c0e51.NFIN	form		hewiktionary	SILVER	form_unvocalized	NFIN
LX-ded5c712c0.PRS.MSG	form		hewiktionary	SILVER	form_unvocalized	PRS.MSG
LX-ded5c712c0.FUT.3MSG	form		hewiktionary	SILVER	form_unvocalized	FUT.3MSG
LX-ded5c712c0.IMP.2MSG	form		hewiktionary	SILVER	form_unvocalized	IMP.2MSG
LX-ded5c712c0.NFIN	form		hewiktionary	SILVER	form_unvocalized	NFIN
LX-def39fabfc.PRS.MSG	form		hewiktionary	SILVER	form_unvocalized	PRS.MSG
LX-def39fabfc.FUT.3MSG	form		hewiktionary	SILVER	form_unvocalized	FUT.3MSG
LX-def39fabfc.IMP.2MSG	form		hewiktionary	SILVER	form_unvocalized	IMP.2MSG
LX-def39fabfc.NFIN	form		hewiktionary	SILVER	form_unvocalized	NFIN
LX-df45508c98.PST.3MSG	form		hewiktionary	SILVER	form_unvocalized	PST.3MSG
LX-dfe6c77772.PRS.MSG	form		hewiktionary	SILVER	form_unvocalized	PRS.MSG
LX-dfe6c77772.FUT.3MSG	form		hewiktionary	SILVER	form_unvocalized	FUT.3MSG
LX-dfe6c77772.IMP.2MSG	form		hewiktionary	SILVER	form_unvocalized	IMP.2MSG
LX-dfe6c77772.NFIN	form		hewiktionary	SILVER	form_unvocalized	NFIN
LX-e0150c9798.PRS.MSG	form		hewiktionary	QUESTIONABLE	form_unvocalized	PRS.MSG
LX-e0150c9798.FUT.3MSG	form		hewiktionary	QUESTIONABLE	form_unvocalized	FUT.3MSG
LX-e0150c9798.IMP.2MSG	form		hewiktionary	QUESTIONABLE	form_unvocalized	IMP.2MSG
LX-e0150c9798.NFIN	form		hewiktionary	QUESTIONABLE	form_unvocalized	NFIN
LX-e0aa780ea2.PRS.MSG	form		hewiktionary	SILVER	form_unvocalized	PRS.MSG
LX-e0aa780ea2.FUT.3MSG	form		hewiktionary	SILVER	form_unvocalized	FUT.3MSG
LX-e0aa780ea2.IMP.2MSG	form		hewiktionary	SILVER	form_unvocalized	IMP.2MSG
LX-e0aa780ea2.NFIN	form		hewiktionary	SILVER	form_unvocalized	NFIN
LX-e10a856b0b.PST.3MSG	form		hewiktionary	SILVER	form_unvocalized	PST.3MSG
LX-e1272db6c5.PRS.MSG	form		hewiktionary	SILVER	form_unvocalized	PRS.MSG
LX-e1272db6c5.FUT.3MSG	form		hewiktionary	SILVER	form_unvocalized	FUT.3MSG
LX-e1272db6c5.IMP.2MSG	form		hewiktionary	SILVER	form_unvocalized	IMP.2MSG
LX-e1272db6c5.NFIN	form		hewiktionary	SILVER	form_unvocalized	NFIN
LX-e14b35e846.PRS.MSG	form		hewiktionary	SILVER	form_unvocalized	PRS.MSG
LX-e14b35e846.FUT.3MSG	form		hewiktionary	SILVER	form_unvocalized	FUT.3MSG
LX-e14b35e846.IMP.2MSG	form		hewiktionary	SILVER	form_unvocalized	IMP.2MSG
LX-e14b35e846.NFIN	form		hewiktionary	SILVER	form_unvocalized	NFIN
LX-e1f3176fc6.PRS.MSG	form		hewiktionary	SILVER	form_unvocalized	PRS.MSG
LX-e1f3176fc6.FUT.3MSG	form		hewiktionary	SILVER	form_unvocalized	FUT.3MSG
LX-e1f3176fc6.IMP.2MSG	form		hewiktionary	SILVER	form_unvocalized	IMP.2MSG
LX-e1f3176fc6.NFIN	form		hewiktionary	SILVER	form_unvocalized	NFIN
LX-e2034b9348.PRS.MSG	form		hewiktionary	SILVER	form_unvocalized	PRS.MSG
LX-e2034b9348.FUT.3MSG	form		hewiktionary	SILVER	form_unvocalized	FUT.3MSG
LX-e2034b9348.IMP.2MSG	form		hewiktionary	SILVER	form_unvocalized	IMP.2MSG
LX-e2034b9348.NFIN	form		hewiktionary	SILVER	form_unvocalized	NFIN
LX-e20c67fd03.PST.3MSG	form		hewiktionary	QUESTIONABLE	form_unvocalized	PST.3MSG
LX-e22255ae75.PRS.MSG	form		hewiktionary	SILVER	form_unvocalized	PRS.MSG
LX-e22255ae75.FUT.3MSG	form		hewiktionary	SILVER	form_unvocalized	FUT.3MSG
LX-e22255ae75.IMP.2MSG	form		hewiktionary	SILVER	form_unvocalized	IMP.2MSG
LX-e22255ae75.NFIN	form		hewiktionary	SILVER	form_unvocalized	NFIN
LX-e3873ff903.PRS.MSG	form		hewiktionary	SILVER	form_unvocalized	PRS.MSG
LX-e3873ff903.FUT.3MSG	form		hewiktionary	SILVER	form_unvocalized	FUT.3MSG
LX-e3873ff903.IMP.2MSG	form		hewiktionary	SILVER	form_unvocalized	IMP.2MSG
LX-e3873ff903.NFIN	form		hewiktionary	SILVER	form_unvocalized	NFIN
LX-e3aff2f3a6.PRS.MSG	form		hewiktionary	SILVER	form_unvocalized	PRS.MSG
LX-e3aff2f3a6.FUT.3MSG	form		hewiktionary	SILVER	form_unvocalized	FUT.3MSG
LX-e3aff2f3a6.IMP.2MSG	form		hewiktionary	SILVER	form_unvocalized	IMP.2MSG
LX-e3aff2f3a6.NFIN	form		hewiktionary	SILVER	form_unvocalized	NFIN
LX-e3b678e796.PRS.MSG	form		hewiktionary	SILVER	form_unvocalized	PRS.MSG
LX-e3b678e796.FUT.3MSG	form		hewiktionary	SILVER	form_unvocalized	FUT.3MSG
LX-e3b678e796.IMP.2MSG	form		hewiktionary	SILVER	form_unvocalized	IMP.2MSG
LX-e3b678e796.NFIN	form		hewiktionary	SILVER	form_unvocalized	NFIN
LX-e49723b838.PRS.MSG	form		hewiktionary	SILVER	form_unvocalized	PRS.MSG
LX-e49723b838.FUT.3MSG	form		hewiktionary	SILVER	form_unvocalized	FUT.3MSG
LX-e49723b838.IMP.2MSG	form		hewiktionary	SILVER	form_unvocalized	IMP.2MSG
LX-e49723b838.NFIN	form		hewiktionary	SILVER	form_unvocalized	NFIN
LX-e4bb689969.PRS.MSG	form		hewiktionary	QUESTIONABLE	form_unvocalized	PRS.MSG
LX-e4bb689969.FUT.3MSG	form		hewiktionary	QUESTIONABLE	form_unvocalized	FUT.3MSG
LX-e4bb689969.IMP.2MSG	form		hewiktionary	QUESTIONABLE	form_unvocalized	IMP.2MSG
LX-e4bb689969.NFIN	form		hewiktionary	QUESTIONABLE	form_unvocalized	NFIN
LX-e55cf24cad.PRS.MSG	form		hewiktionary	SILVER	form_unvocalized	PRS.MSG
LX-e55cf24cad.FUT.3MSG	form		hewiktionary	SILVER	form_unvocalized	FUT.3MSG
LX-e55cf24cad.IMP.2MSG	form		hewiktionary	SILVER	form_unvocalized	IMP.2MSG
LX-e55cf24cad.NFIN	form		hewiktionary	SILVER	form_unvocalized	NFIN
LX-e5a6225c11.PRS.MSG	form		hewiktionary	SILVER	form_unvocalized	PRS.MSG
LX-e5a6225c11.FUT.3MSG	form		hewiktionary	SILVER	form_unvocalized	FUT.3MSG
LX-e5a6225c11.IMP.2MSG	form		hewiktionary	SILVER	form_unvocalized	IMP.2MSG
LX-e5a6225c11.NFIN	form		hewiktionary	SILVER	form_unvocalized	NFIN
LX-e73e209240.PRS.MSG	form		hewiktionary	SILVER	form_unvocalized	PRS.MSG
LX-e73e209240.FUT.3MSG	form		hewiktionary	SILVER	form_unvocalized	FUT.3MSG
LX-e73e209240.IMP.2MSG	form		hewiktionary	SILVER	form_unvocalized	IMP.2MSG
LX-e73e209240.NFIN	form		hewiktionary	SILVER	form_unvocalized	NFIN
LX-e77325478c.PST.3MSG	form		hewiktionary	SILVER	form_unvocalized	PST.3MSG
LX-e77ef02a51.PST.3MSG	form		hewiktionary	SILVER	form_unvocalized	PST.3MSG
LX-e785081f63.PRS.MSG	form		hewiktionary	SILVER	form_unvocalized	PRS.MSG
LX-e785081f63.FUT.3MSG	form		hewiktionary	SILVER	form_unvocalized	FUT.3MSG
LX-e785081f63.IMP.2MSG	form		hewiktionary	SILVER	form_unvocalized	IMP.2MSG
LX-e785081f63.NFIN	form		hewiktionary	SILVER	form_unvocalized	NFIN
LX-e78df1f55e.PST.3MSG	form		hewiktionary	SILVER	form_unvocalized	PST.3MSG
LX-e7979e7ca9.PRS.MSG	form		hewiktionary	SILVER	form_unvocalized	PRS.MSG
LX-e7979e7ca9.FUT.3MSG	form		hewiktionary	SILVER	form_unvocalized	FUT.3MSG
LX-e7979e7ca9.IMP.2MSG	form		hewiktionary	SILVER	form_unvocalized	IMP.2MSG
LX-e7979e7ca9.NFIN	form		hewiktionary	SILVER	form_unvocalized	NFIN
LX-e7c31abdf2.PST.3MSG	form		hewiktionary	SILVER	form_unvocalized	PST.3MSG
LX-e85a0ec442.PRS.MSG	form		hewiktionary	SILVER	form_unvocalized	PRS.MSG
LX-e85a0ec442.FUT.3MSG	form		hewiktionary	SILVER	form_unvocalized	FUT.3MSG
LX-e85a0ec442.IMP.2MSG	form		hewiktionary	SILVER	form_unvocalized	IMP.2MSG
LX-e85a0ec442.NFIN	form		hewiktionary	SILVER	form_unvocalized	NFIN
LX-e8de98eb61.PRS.MSG	form		hewiktionary	SILVER	form_unvocalized	PRS.MSG
LX-e8de98eb61.FUT.3MSG	form		hewiktionary	SILVER	form_unvocalized	FUT.3MSG
LX-e8de98eb61.IMP.2MSG	form		hewiktionary	SILVER	form_unvocalized	IMP.2MSG
LX-e8de98eb61.NFIN	form		hewiktionary	SILVER	form_unvocalized	NFIN
LX-e9ee30c8cc.PRS.MSG	form		hewiktionary	SILVER	form_unvocalized	PRS.MSG
LX-e9ee30c8cc.FUT.3MSG	form		hewiktionary	SILVER	form_unvocalized	FUT.3MSG
LX-ea617d7742.PRS.MSG	form		hewiktionary	SILVER	form_unvocalized	PRS.MSG
LX-ea617d7742.FUT.3MSG	form		hewiktionary	SILVER	form_unvocalized	FUT.3MSG
LX-ea617d7742.IMP.2MSG	form		hewiktionary	SILVER	form_unvocalized	IMP.2MSG
LX-ea617d7742.NFIN	form		hewiktionary	SILVER	form_unvocalized	NFIN
LX-ea7e75ae7d.PRS.MSG	form		hewiktionary	SILVER	form_unvocalized	PRS.MSG
LX-ea7e75ae7d.FUT.3MSG	form		hewiktionary	SILVER	form_unvocalized	FUT.3MSG
LX-ea7e75ae7d.IMP.2MSG	form		hewiktionary	SILVER	form_unvocalized	IMP.2MSG
LX-ea7e75ae7d.NFIN	form		hewiktionary	SILVER	form_unvocalized	NFIN
LX-eb4bdac06e.PRS.MSG	form		hewiktionary	SILVER	form_unvocalized	PRS.MSG
LX-eb4bdac06e.FUT.3MSG	form		hewiktionary	SILVER	form_unvocalized	FUT.3MSG
LX-eb4bdac06e.IMP.2MSG	form		hewiktionary	SILVER	form_unvocalized	IMP.2MSG
LX-eb4bdac06e.NFIN	form		hewiktionary	SILVER	form_unvocalized	NFIN
LX-eb5ea0e29d.PST.3MSG	form		hewiktionary	SILVER	form_unvocalized	PST.3MSG
LX-eb94414011.PRS.MSG	form		hewiktionary	SILVER	form_unvocalized	PRS.MSG
LX-eb94414011.FUT.3MSG	form		hewiktionary	SILVER	form_unvocalized	FUT.3MSG
LX-eb94414011.IMP.2MSG	form		hewiktionary	SILVER	form_unvocalized	IMP.2MSG
LX-eb94414011.NFIN	form		hewiktionary	SILVER	form_unvocalized	NFIN
LX-ebad7f3c8b.PST.3MSG	form		hewiktionary	SILVER	form_unvocalized	PST.3MSG
LX-ebc59afbf0.PRS.MSG	form		hewiktionary	SILVER	form_unvocalized	PRS.MSG
LX-ebc59afbf0.FUT.3MSG	form		hewiktionary	SILVER	form_unvocalized	FUT.3MSG
LX-ebc59afbf0.IMP.2MSG	form		hewiktionary	SILVER	form_unvocalized	IMP.2MSG
LX-ebc59afbf0.NFIN	form		hewiktionary	SILVER	form_unvocalized	NFIN
LX-ec39d34855.PRS.MSG	form		hewiktionary	SILVER	form_unvocalized	PRS.MSG
LX-ec39d34855.FUT.3MSG	form		hewiktionary	SILVER	form_unvocalized	FUT.3MSG
LX-ec39d34855.IMP.2MSG	form		hewiktionary	SILVER	form_unvocalized	IMP.2MSG
LX-ec39d34855.NFIN	form		hewiktionary	SILVER	form_unvocalized	NFIN
LX-ec8e747a47.PRS.MSG	form		hewiktionary	SILVER	form_unvocalized	PRS.MSG
LX-ec8e747a47.FUT.3MSG	form		hewiktionary	SILVER	form_unvocalized	FUT.3MSG
LX-ec8e747a47.IMP.2MSG	form		hewiktionary	SILVER	form_unvocalized	IMP.2MSG
LX-ec8e747a47.NFIN	form		hewiktionary	SILVER	form_unvocalized	NFIN
LX-eca3aa37f6.PRS.MSG	form		hewiktionary	SILVER	form_unvocalized	PRS.MSG
LX-eca3aa37f6.FUT.3MSG	form		hewiktionary	SILVER	form_unvocalized	FUT.3MSG
LX-eca3aa37f6.IMP.2MSG	form		hewiktionary	SILVER	form_unvocalized	IMP.2MSG
LX-eca3aa37f6.NFIN	form		hewiktionary	SILVER	form_unvocalized	NFIN
LX-ed51d53fe2.PRS.MSG	form		hewiktionary	SILVER	form_unvocalized	PRS.MSG
LX-ed51d53fe2.FUT.3MSG	form		hewiktionary	SILVER	form_unvocalized	FUT.3MSG
LX-ed51d53fe2.IMP.2MSG	form		hewiktionary	SILVER	form_unvocalized	IMP.2MSG
LX-ed51d53fe2.NFIN	form		hewiktionary	SILVER	form_unvocalized	NFIN
LX-edd383470a.PST.3MSG	form		hewiktionary	SILVER	form_unvocalized	PST.3MSG
LX-edd383470a.PRS.MSG	form		hewiktionary	SILVER	form_unvocalized	PRS.MSG
LX-edd383470a.FUT.3MSG	form		hewiktionary	SILVER	form_unvocalized	FUT.3MSG
LX-edd383470a.IMP.2MSG	form		hewiktionary	SILVER	form_unvocalized	IMP.2MSG
LX-edd383470a.NFIN	form		hewiktionary	SILVER	form_unvocalized	NFIN
LX-ee1c753777.PRS.MSG	form		hewiktionary	SILVER	form_unvocalized	PRS.MSG
LX-ee1c753777.FUT.3MSG	form		hewiktionary	SILVER	form_unvocalized	FUT.3MSG
LX-ee1c753777.IMP.2MSG	form		hewiktionary	SILVER	form_unvocalized	IMP.2MSG
LX-ee1c753777.NFIN	form		hewiktionary	SILVER	form_unvocalized	NFIN
LX-ee29d7438a.PRS.MSG	form		hewiktionary	SILVER	form_unvocalized	PRS.MSG
LX-ee29d7438a.FUT.3MSG	form		hewiktionary	SILVER	form_unvocalized	FUT.3MSG
LX-ee29d7438a.IMP.2MSG	form		hewiktionary	SILVER	form_unvocalized	IMP.2MSG
LX-ee29d7438a.NFIN	form		hewiktionary	SILVER	form_unvocalized	NFIN
LX-ee6eedafb1.PRS.MSG	form		hewiktionary	SILVER	form_unvocalized	PRS.MSG
LX-ee6eedafb1.FUT.3MSG	form		hewiktionary	SILVER	form_unvocalized	FUT.3MSG
LX-ee6eedafb1.IMP.2MSG	form		hewiktionary	SILVER	form_unvocalized	IMP.2MSG
LX-ee6eedafb1.NFIN	form		hewiktionary	SILVER	form_unvocalized	NFIN
LX-eed6bf1ed0.PST.3MSG	form		hewiktionary	SILVER	form_unvocalized	PST.3MSG
LX-eed6bf1ed0.PRS.MSG	form		hewiktionary	SILVER	form_unvocalized	PRS.MSG
LX-eed6bf1ed0.FUT.3MSG	form		hewiktionary	SILVER	form_unvocalized	FUT.3MSG
LX-eed6bf1ed0.IMP.2MSG	form		hewiktionary	SILVER	form_unvocalized	IMP.2MSG
LX-eed6bf1ed0.NFIN	form		hewiktionary	SILVER	form_unvocalized	NFIN
LX-eefd507a95.PRS.MSG	form		hewiktionary	SILVER	form_unvocalized	PRS.MSG
LX-eefd507a95.FUT.3MSG	form		hewiktionary	SILVER	form_unvocalized	FUT.3MSG
LX-eefd507a95.IMP.2MSG	form		hewiktionary	SILVER	form_unvocalized	IMP.2MSG
LX-eefd507a95.NFIN	form		hewiktionary	SILVER	form_unvocalized	NFIN
LX-ef58b34f77.PRS.MSG	form		hewiktionary	SILVER	form_unvocalized	PRS.MSG
LX-ef58b34f77.FUT.3MSG	form		hewiktionary	SILVER	form_unvocalized	FUT.3MSG
LX-ef58b34f77.IMP.2MSG	form		hewiktionary	SILVER	form_unvocalized	IMP.2MSG
LX-ef58b34f77.NFIN	form		hewiktionary	SILVER	form_unvocalized	NFIN
LX-ef73ea314b.PST.3MSG	form		hewiktionary	QUESTIONABLE	form_unvocalized	PST.3MSG
LX-f06304644f.PRS.MSG	form		hewiktionary	SILVER	form_unvocalized	PRS.MSG
LX-f06304644f.FUT.3MSG	form		hewiktionary	SILVER	form_unvocalized	FUT.3MSG
LX-f06304644f.IMP.2MSG	form		hewiktionary	SILVER	form_unvocalized	IMP.2MSG
LX-f06304644f.NFIN	form		hewiktionary	SILVER	form_unvocalized	NFIN
LX-f09e5ec94e.PRS.MSG	form		hewiktionary	SILVER	form_unvocalized	PRS.MSG
LX-f09e5ec94e.FUT.3MSG	form		hewiktionary	SILVER	form_unvocalized	FUT.3MSG
LX-f09e5ec94e.IMP.2MSG	form		hewiktionary	SILVER	form_unvocalized	IMP.2MSG
LX-f0e37ce724.PRS.MSG	form		hewiktionary	SILVER	form_unvocalized	PRS.MSG
LX-f0e37ce724.FUT.3MSG	form		hewiktionary	SILVER	form_unvocalized	FUT.3MSG
LX-f0e37ce724.IMP.2MSG	form		hewiktionary	SILVER	form_unvocalized	IMP.2MSG
LX-f0e37ce724.NFIN	form		hewiktionary	SILVER	form_unvocalized	NFIN
LX-f138043332.PRS.MSG	form		hewiktionary	SILVER	form_unvocalized	PRS.MSG
LX-f138043332.FUT.3MSG	form		hewiktionary	SILVER	form_unvocalized	FUT.3MSG
LX-f138043332.IMP.2MSG	form		hewiktionary	SILVER	form_unvocalized	IMP.2MSG
LX-f138043332.NFIN	form		hewiktionary	SILVER	form_unvocalized	NFIN
LX-f1a2c69bad.PST.3MSG	form		hewiktionary	SILVER	form_unvocalized	PST.3MSG
LX-f1a2c69bad.PRS.MSG	form		hewiktionary	SILVER	form_unvocalized	PRS.MSG
LX-f1a2c69bad.FUT.3MSG	form		hewiktionary	SILVER	form_unvocalized	FUT.3MSG
LX-f1a2c69bad.IMP.2MSG	form		hewiktionary	SILVER	form_unvocalized	IMP.2MSG
LX-f1a2c69bad.NFIN	form		hewiktionary	SILVER	form_unvocalized	NFIN
LX-f21734b76e.PST.3MSG	form		hewiktionary	SILVER	form_unvocalized	PST.3MSG
LX-f2517b04ab.PRS.MSG	form		hewiktionary	SILVER	form_unvocalized	PRS.MSG
LX-f2517b04ab.FUT.3MSG	form		hewiktionary	SILVER	form_unvocalized	FUT.3MSG
LX-f2517b04ab.IMP.2MSG	form		hewiktionary	SILVER	form_unvocalized	IMP.2MSG
LX-f2517b04ab.NFIN	form		hewiktionary	SILVER	form_unvocalized	NFIN
LX-f255e1421b.PRS.MSG	form		hewiktionary	QUESTIONABLE	form_unvocalized	PRS.MSG
LX-f255e1421b.FUT.3MSG	form		hewiktionary	QUESTIONABLE	form_unvocalized	FUT.3MSG
LX-f255e1421b.IMP.2MSG	form		hewiktionary	QUESTIONABLE	form_unvocalized	IMP.2MSG
LX-f255e1421b.NFIN	form		hewiktionary	QUESTIONABLE	form_unvocalized	NFIN
LX-f33276161e.PST.3MSG	form		hewiktionary	SILVER	form_unvocalized	PST.3MSG
LX-f4580ae92f.PST.3MSG	form		hewiktionary	SILVER	form_unvocalized	PST.3MSG
LX-f481a46abc.PRS.MSG	form		hewiktionary	SILVER	form_unvocalized	PRS.MSG
LX-f481a46abc.FUT.3MSG	form		hewiktionary	SILVER	form_unvocalized	FUT.3MSG
LX-f613bb0d68.PRS.MSG	form		hewiktionary	SILVER	form_unvocalized	PRS.MSG
LX-f613bb0d68.FUT.3MSG	form		hewiktionary	SILVER	form_unvocalized	FUT.3MSG
LX-f63a7dcd77.PRS.MSG	form		hewiktionary	SILVER	form_unvocalized	PRS.MSG
LX-f63a7dcd77.FUT.3MSG	form		hewiktionary	SILVER	form_unvocalized	FUT.3MSG
LX-f63a7dcd77.IMP.2MSG	form		hewiktionary	SILVER	form_unvocalized	IMP.2MSG
LX-f63a7dcd77.NFIN	form		hewiktionary	SILVER	form_unvocalized	NFIN
LX-f66ab000dd.PRS.MSG	form		hewiktionary	SILVER	form_unvocalized	PRS.MSG
LX-f66ab000dd.FUT.3MSG	form		hewiktionary	SILVER	form_unvocalized	FUT.3MSG
LX-f69ec02dd7.PRS.MSG	form		hewiktionary	SILVER	form_unvocalized	PRS.MSG
LX-f69ec02dd7.FUT.3MSG	form		hewiktionary	SILVER	form_unvocalized	FUT.3MSG
LX-f69ec02dd7.IMP.2MSG	form		hewiktionary	SILVER	form_unvocalized	IMP.2MSG
LX-f69ec02dd7.NFIN	form		hewiktionary	SILVER	form_unvocalized	NFIN
LX-f6a23aa476.PRS.MSG	form		hewiktionary	QUESTIONABLE	form_unvocalized	PRS.MSG
LX-f6a23aa476.FUT.3MSG	form		hewiktionary	QUESTIONABLE	form_unvocalized	FUT.3MSG
LX-f6a23aa476.IMP.2MSG	form		hewiktionary	QUESTIONABLE	form_unvocalized	IMP.2MSG
LX-f6a23aa476.NFIN	form		hewiktionary	QUESTIONABLE	form_unvocalized	NFIN
LX-f6bfc6cd85.PRS.MSG	form		hewiktionary	SILVER	form_unvocalized	PRS.MSG
LX-f6bfc6cd85.FUT.3MSG	form		hewiktionary	SILVER	form_unvocalized	FUT.3MSG
LX-f6bfc6cd85.IMP.2MSG	form		hewiktionary	SILVER	form_unvocalized	IMP.2MSG
LX-f6bfc6cd85.NFIN	form		hewiktionary	SILVER	form_unvocalized	NFIN
LX-f738773729.PST.3MSG	form		hewiktionary	SILVER	form_unvocalized	PST.3MSG
LX-f867433fcc.PRS.MSG	form		hewiktionary	SILVER	form_unvocalized	PRS.MSG
LX-f867433fcc.FUT.3MSG	form		hewiktionary	SILVER	form_unvocalized	FUT.3MSG
LX-f867433fcc.IMP.2MSG	form		hewiktionary	SILVER	form_unvocalized	IMP.2MSG
LX-f867433fcc.NFIN	form		hewiktionary	SILVER	form_unvocalized	NFIN
LX-f8a7582a9f.PRS.MSG	form		hewiktionary	SILVER	form_unvocalized	PRS.MSG
LX-f8a7582a9f.FUT.3MSG	form		hewiktionary	SILVER	form_unvocalized	FUT.3MSG
LX-f8a7582a9f.IMP.2MSG	form		hewiktionary	SILVER	form_unvocalized	IMP.2MSG
LX-f8a7582a9f.NFIN	form		hewiktionary	SILVER	form_unvocalized	NFIN
LX-f8a78b1436.PRS.MSG	form		hewiktionary	SILVER	form_unvocalized	PRS.MSG
LX-f8a78b1436.FUT.3MSG	form		hewiktionary	SILVER	form_unvocalized	FUT.3MSG
LX-f8a78b1436.IMP.2MSG	form		hewiktionary	SILVER	form_unvocalized	IMP.2MSG
LX-f8a78b1436.NFIN	form		hewiktionary	SILVER	form_unvocalized	NFIN
LX-f8c3ed2606.PST.3MSG	form		hewiktionary	SILVER	form_unvocalized	PST.3MSG
LX-f8c3ed2606.PRS.MSG	form		hewiktionary	SILVER	form_unvocalized	PRS.MSG
LX-f9137a9531.PRS.MSG	form		hewiktionary	SILVER	form_unvocalized	PRS.MSG
LX-f9137a9531.FUT.3MSG	form		hewiktionary	SILVER	form_unvocalized	FUT.3MSG
LX-f9137a9531.IMP.2MSG	form		hewiktionary	SILVER	form_unvocalized	IMP.2MSG
LX-f9137a9531.NFIN	form		hewiktionary	SILVER	form_unvocalized	NFIN
LX-f9404a09b2.PRS.MSG	form		hewiktionary	SILVER	form_unvocalized	PRS.MSG
LX-f9404a09b2.FUT.3MSG	form		hewiktionary	SILVER	form_unvocalized	FUT.3MSG
LX-f9404a09b2.IMP.2MSG	form		hewiktionary	SILVER	form_unvocalized	IMP.2MSG
LX-f9404a09b2.NFIN	form		hewiktionary	SILVER	form_unvocalized	NFIN
LX-f99ff27c07.PRS.MSG	form		hewiktionary	SILVER	form_unvocalized	PRS.MSG
LX-f99ff27c07.FUT.3MSG	form		hewiktionary	SILVER	form_unvocalized	FUT.3MSG
LX-f99ff27c07.IMP.2MSG	form		hewiktionary	SILVER	form_unvocalized	IMP.2MSG
LX-f99ff27c07.NFIN	form		hewiktionary	SILVER	form_unvocalized	NFIN
LX-fa3c98e1b4.PRS.MSG	form		hewiktionary	SILVER	form_unvocalized	PRS.MSG
LX-fa3c98e1b4.FUT.3MSG	form		hewiktionary	SILVER	form_unvocalized	FUT.3MSG
LX-fa50df65d8.PRS.MSG	form		hewiktionary	SILVER	form_unvocalized	PRS.MSG
LX-fa50df65d8.FUT.3MSG	form		hewiktionary	SILVER	form_unvocalized	FUT.3MSG
LX-fa50df65d8.IMP.2MSG	form		hewiktionary	SILVER	form_unvocalized	IMP.2MSG
LX-fa50df65d8.NFIN	form		hewiktionary	SILVER	form_unvocalized	NFIN
LX-fa6f665b58.PST.3MSG	form		hewiktionary	SILVER	form_unvocalized	PST.3MSG
LX-fa8785a968.PRS.MSG	form		hewiktionary	SILVER	form_unvocalized	PRS.MSG
LX-fa8785a968.FUT.3MSG	form		hewiktionary	SILVER	form_unvocalized	FUT.3MSG
LX-fa96b3af27.PST.3MSG	form		hewiktionary	SILVER	form_unvocalized	PST.3MSG
LX-fb23ffc186.PRS.MSG	form		hewiktionary	SILVER	form_unvocalized	PRS.MSG
LX-fb23ffc186.FUT.3MSG	form		hewiktionary	SILVER	form_unvocalized	FUT.3MSG
LX-fb23ffc186.IMP.2MSG	form		hewiktionary	SILVER	form_unvocalized	IMP.2MSG
LX-fb23ffc186.NFIN	form		hewiktionary	SILVER	form_unvocalized	NFIN
LX-fb420e5f7a.PRS.MSG	form		hewiktionary	SILVER	form_unvocalized	PRS.MSG
LX-fb420e5f7a.FUT.3MSG	form		hewiktionary	SILVER	form_unvocalized	FUT.3MSG
LX-fb420e5f7a.IMP.2MSG	form		hewiktionary	SILVER	form_unvocalized	IMP.2MSG
LX-fb420e5f7a.NFIN	form		hewiktionary	SILVER	form_unvocalized	NFIN
LX-fbba9f46dc.PST.3MSG	form		hewiktionary	SILVER	form_unvocalized	PST.3MSG
LX-fbebdffa03.PRS.MSG	form		hewiktionary	SILVER	form_unvocalized	PRS.MSG
LX-fbebdffa03.FUT.3MSG	form		hewiktionary	SILVER	form_unvocalized	FUT.3MSG
LX-fbebdffa03.IMP.2MSG	form		hewiktionary	SILVER	form_unvocalized	IMP.2MSG
LX-fbebdffa03.NFIN	form		hewiktionary	SILVER	form_unvocalized	NFIN
LX-fc8d208440.PRS.MSG	form		hewiktionary	SILVER	form_unvocalized	PRS.MSG
LX-fc8d208440.FUT.3MSG	form		hewiktionary	SILVER	form_unvocalized	FUT.3MSG
LX-fc8d208440.IMP.2MSG	form		hewiktionary	SILVER	form_unvocalized	IMP.2MSG
LX-fc8d208440.NFIN	form		hewiktionary	SILVER	form_unvocalized	NFIN
LX-fc93abc47a.PST.3MSG	form		hewiktionary	SILVER	form_unvocalized	PST.3MSG
LX-fd041d639d.PRS.MSG	form		hewiktionary	SILVER	form_unvocalized	PRS.MSG
LX-fd041d639d.FUT.3MSG	form		hewiktionary	SILVER	form_unvocalized	FUT.3MSG
LX-fd5179a6af.PRS.MSG	form		hewiktionary	QUESTIONABLE	form_unvocalized	PRS.MSG
LX-fd5179a6af.FUT.3MSG	form		hewiktionary	QUESTIONABLE	form_unvocalized	FUT.3MSG
LX-fd5179a6af.IMP.2MSG	form		hewiktionary	QUESTIONABLE	form_unvocalized	IMP.2MSG
LX-fd5179a6af.NFIN	form		hewiktionary	QUESTIONABLE	form_unvocalized	NFIN
LX-fd72d9008a.PRS.MSG	form		hewiktionary	SILVER	form_unvocalized	PRS.MSG
LX-fd72d9008a.FUT.3MSG	form		hewiktionary	SILVER	form_unvocalized	FUT.3MSG
LX-fd72d9008a.IMP.2MSG	form		hewiktionary	SILVER	form_unvocalized	IMP.2MSG
LX-fd72d9008a.NFIN	form		hewiktionary	SILVER	form_unvocalized	NFIN
LX-fe10cc3800.PRS.MSG	form		hewiktionary	SILVER	form_unvocalized	PRS.MSG
LX-fe10cc3800.FUT.3MSG	form		hewiktionary	SILVER	form_unvocalized	FUT.3MSG
LX-fe10cc3800.IMP.2MSG	form		hewiktionary	SILVER	form_unvocalized	IMP.2MSG
LX-fe10cc3800.NFIN	form		hewiktionary	SILVER	form_unvocalized	NFIN
LX-fe14af0d0f.PRS.MSG	form		hewiktionary	SILVER	form_unvocalized	PRS.MSG
LX-fe14af0d0f.FUT.3MSG	form		hewiktionary	SILVER	form_unvocalized	FUT.3MSG
LX-fe14af0d0f.IMP.2MSG	form		hewiktionary	SILVER	form_unvocalized	IMP.2MSG
LX-fe14af0d0f.NFIN	form		hewiktionary	SILVER	form_unvocalized	NFIN
LX-ff28f68220.PST.3MSG	form		hewiktionary	SILVER	form_unvocalized	PST.3MSG
LX-ff7a7fd5c4.PST.3MSG	form		hewiktionary	SILVER	form_unvocalized	PST.3MSG
RT-f9311c4c6e	root	אוצ	hewiktionary	SILVER	traditional_class	no גזרה stated by any matched entry
RT-8c55116304	root	אונ	hewiktionary	SILVER	traditional_class	no גזרה stated by any matched entry
RT-70dd45ab73	root	בכה	hewiktionary	SILVER	traditional_class	no גזרה stated by any matched entry
RT-67a49f52e0	root	בלבל	hewiktionary	SILVER	traditional_class	no גזרה stated by any matched entry
RT-16bf270443	root	בלה	hewiktionary	SILVER	traditional_class	no גזרה stated by any matched entry
RT-e0651963bb	root	בקר	hewiktionary	SILVER	traditional_class	no גזרה stated by any matched entry
RT-d18667f552	root	בשׁל	hewiktionary	GOLD	traditional_class	no גזרה stated by any matched entry
RT-9387f9bcc1	root	בדה	hewiktionary	SILVER	traditional_class	no גזרה stated by any matched entry
RT-8134c524be	root	בחר	hewiktionary	SILVER	traditional_class	no גזרה stated by any matched entry
RT-b06c4b901f	root	בטח	hewiktionary	SILVER	traditional_class	no גזרה stated by any matched entry
RT-aeedb8d366	root	בלע	hewiktionary	SILVER	traditional_class	no גזרה stated by any matched entry
RT-c75d284d79	root	גלגל	hewiktionary	GOLD	traditional_class	no גזרה stated by any matched entry
RT-413518ca91	root	גלח	hewiktionary	SILVER	traditional_class	no גזרה stated by any matched entry
RT-85a1e81cf2	root	גזר	hewiktionary	SILVER	traditional_class	no גזרה stated by any matched entry
RT-16d1f529a9	root	גרמ	hewiktionary	SILVER	traditional_class	no גזרה stated by any matched entry
RT-145a981b14	root	דכא	hewiktionary	SILVER	traditional_class	no גזרה stated by any matched entry
RT-14037da78f	root	דממ	hewiktionary	GOLD	traditional_class	no גזרה stated by any matched entry
RT-8876fc76c4	root	דלה	hewiktionary	SILVER	traditional_class	no גזרה stated by any matched entry
RT-220c8b5691	root	דמה	hewiktionary	SILVER	traditional_class	no גזרה stated by any matched entry
RT-d2e709da1a	root	דקר	hewiktionary	SILVER	traditional_class	no גזרה stated by any matched entry
RT-719883a598	root	דור	hewiktionary	SILVER	traditional_class	no גזרה stated by any matched entry
RT-dacb9b6311	root	דרשׁ	hewiktionary	SILVER	traditional_class	no גזרה stated by any matched entry
RT-0b3325e43d	root	כחשׁ	hewiktionary	SILVER	traditional_class	no גזרה stated by any matched entry
RT-1ca9685809	root	כשׁר	hewiktionary	SILVER	traditional_class	no גזרה stated by any matched entry
RT-9ec7905d41	root	סבר	hewiktionary	SILVER	traditional_class	no גזרה stated by any matched entry
RT-65ef2ccb91	root	פסד	hewiktionary	GOLD	traditional_class	no גזרה stated by any matched entry
RT-efa41b247b	root	קפא	hewiktionary	GOLD	traditional_class	no גזרה stated by any matched entry
RT-fa0374589d	root	רחק	hewiktionary	SILVER	traditional_class	no גזרה stated by any matched entry
RT-ca21445e00	root	רכב	hewiktionary	GOLD	traditional_class	no גזרה stated by any matched entry
RT-f48810c53a	root	אבכ	hewiktionary	SILVER	traditional_class	no גזרה stated by any matched entry
RT-51a376e6c4	root	יכח	hewiktionary	SILVER	traditional_class	no גזרה stated by any matched entry
RT-e3a1b8f1d9	root	חבר	hewiktionary	SILVER	traditional_class	no גזרה stated by any matched entry
RT-cdac9f64d9	root	חממ	hewiktionary	GOLD	traditional_class	no גזרה stated by any matched entry
RT-ed65be8864	root	כונ	hewiktionary	GOLD	traditional_class	no גזרה stated by any matched entry
RT-a9419bb7ab	root	כפפ	hewiktionary	SILVER	traditional_class	no גזרה stated by any matched entry
RT-9137a33fde	root	נדב	hewiktionary	SILVER	traditional_class	no גזרה stated by any matched entry
RT-b50ef9196d	root	נשׁק	hewiktionary	GOLD	traditional_class	no גזרה stated by any matched entry
RT-01022de93d	root	עלפ	hewiktionary	SILVER	traditional_class	no גזרה stated by any matched entry
RT-460650e0eb	root	עצל	hewiktionary	SILVER	traditional_class	no גזרה stated by any matched entry
RT-78933b6184	root	פלא	hewiktionary	SILVER	traditional_class	no גזרה stated by any matched entry
RT-66ed430229	root	פצצ	hewiktionary	SILVER	traditional_class	no גזרה stated by any matched entry
RT-2544ddf7c1	root	קשׁר	hewiktionary	GOLD	traditional_class	no גזרה stated by any matched entry
RT-c664b3cad6	root	רפא	hewiktionary	SILVER	traditional_class	no גזרה stated by any matched entry
RT-cc88a38430	root	כול	hewiktionary	SILVER	traditional_class	no גזרה stated by any matched entry
RT-73b86321c9	root	סור	hewiktionary	GOLD	traditional_class	no גזרה stated by any matched entry
RT-3ac205b90f	root	אמנ	hewiktionary	GOLD	traditional_class	no גזרה stated by any matched entry
RT-806ceb6018	root	תקפ	hewiktionary	SILVER	traditional_class	no גזרה stated by any matched entry
RT-7185befaaf	root	יבל	hewiktionary	SILVER	traditional_class	no גזרה stated by any matched entry
RT-4ebb2728ed	root	יספ	hewiktionary	SILVER	traditional_class	no גזרה stated by any matched entry
RT-4a34d95462	root	זהה	hewiktionary	SILVER	traditional_class	no גזרה stated by any matched entry
RT-537f2f7326	root	זינ	hewiktionary	GOLD	traditional_class	no גזרה stated by any matched entry
RT-a43ec45e0b	root	זוז	hewiktionary	GOLD	traditional_class	no גזרה stated by any matched entry
RT-fcefad5b52	root	זנח	hewiktionary	SILVER	traditional_class	no גזרה stated by any matched entry
RT-70718cd420	root	זעפ	hewiktionary	SILVER	traditional_class	no גזרה stated by any matched entry
RT-6f4bb25f0e	root	זקפ	hewiktionary	SILVER	traditional_class	no גזרה stated by any matched entry
RT-36d747e7dd	root	חכה	hewiktionary	SILVER	traditional_class	no גזרה stated by any matched entry
RT-c3325daaf4	root	חנכ	hewiktionary	SILVER	traditional_class	no גזרה stated by any matched entry
RT-7e47bc2e04	root	חקה	hewiktionary	GOLD	traditional_class	no גזרה stated by any matched entry
RT-ad76a87d81	root	חדר	hewiktionary	SILVER	traditional_class	no גזרה stated by any matched entry
RT-d1596fe828	root	חלק	hewiktionary	SILVER	traditional_class	no גזרה stated by any matched entry
RT-64eb344dd1	root	חפר	hewiktionary	SILVER	traditional_class	no גזרה stated by any matched entry
RT-972ea3b2a8	root	טגנ	hewiktionary	GOLD	traditional_class	no גזרה stated by any matched entry
RT-f7966df398	root	טלטל	hewiktionary	GOLD	traditional_class	no גזרה stated by any matched entry
RT-80b7ddddd7	root	טפס	hewiktionary	SILVER	traditional_class	no גזרה stated by any matched entry
RT-f7fe726406	root	טחנ	hewiktionary	SILVER	traditional_class	no גזרה stated by any matched entry
RT-e89e4a73c7	root	טעה	hewiktionary	SILVER	traditional_class	no גזרה stated by any matched entry
RT-9a18718383	root	טרפ	hewiktionary	GOLD	traditional_class	no גזרה stated by any matched entry
RT-053da6a10a	root	יחד	hewiktionary	SILVER	traditional_class	no גזרה stated by any matched entry
RT-2302299c72	root	כבס	hewiktionary	GOLD	traditional_class	no גזרה stated by any matched entry
RT-94da967c04	root	כבה	hewiktionary	SILVER	traditional_class	no גזרה stated by any matched entry
RT-31e6e0fbaa	root	כסה	hewiktionary	SILVER	traditional_class	no גזרה stated by any matched entry
RT-87aa90b79a	root	כרע	hewiktionary	SILVER	traditional_class	no גזרה stated by any matched entry
RT-e4a4d22b23	root	לבנ	hewiktionary	SILVER	traditional_class	no גזרה stated by any matched entry
RT-33a1460d19	root	לטפ	hewiktionary	GOLD	traditional_class	no גזרה stated by any matched entry
RT-3a1f12ab50	root	לקה	hewiktionary	SILVER	traditional_class	no גזרה stated by any matched entry
RT-656750a7d2	root	מזג	hewiktionary	SILVER	traditional_class	no גזרה stated by any matched entry
RT-a9571e489e	root	מפה	hewiktionary	SILVER	traditional_class	no גזרה stated by any matched entry
RT-4268cfc207	root	מנע	hewiktionary	SILVER	traditional_class	no גזרה stated by any matched entry
RT-de31450df1	root	מרד	hewiktionary	GOLD	traditional_class	no גזרה stated by any matched entry
RT-234d9d5fe0	root	משׁח	hewiktionary	GOLD	traditional_class	no גזרה stated by any matched entry
RT-6ff8ca7aa1	root	משׁכ	hewiktionary	SILVER	traditional_class	no גזרה stated by any matched entry
RT-b1ef83f4b9	root	נבא	hewiktionary	SILVER	traditional_class	no גזרה stated by any matched entry
RT-2f6c05019d	root	נגנ	hewiktionary	SILVER	traditional_class	no גזרה stated by any matched entry
RT-b92388ba92	root	נחשׁ	hewiktionary	GOLD	traditional_class	no גזרה stated by any matched entry
RT-fafd3fc5eb	root	נסה	hewiktionary	SILVER	traditional_class	no גזרה stated by any matched entry
RT-93d49bd5fb	root	נפצ	hewiktionary	SILVER	traditional_class	no גזרה stated by any matched entry
RT-b26bdeff2e	root	נבח	hewiktionary	SILVER	traditional_class	no גזרה stated by any matched entry
RT-457424b4af	root	נהר	hewiktionary	SILVER	traditional_class	no גזרה stated by any matched entry
RT-16d60523c2	root	נשׁמ	hewiktionary	SILVER	traditional_class	no גזרה stated by any matched entry
RT-d6995034d0	root	סחט	hewiktionary	SILVER	traditional_class	no גזרה stated by any matched entry
RT-9c52a5ba2e	root	ספג	hewiktionary	SILVER	traditional_class	no גזרה stated by any matched entry
RT-59f6a489e9	root	עשׁנ	hewiktionary	SILVER	traditional_class	no גזרה stated by any matched entry
RT-f2baf9a601	root	עלז	hewiktionary	GOLD	traditional_class	no גזרה stated by any matched entry
RT-adf0aa6cde	root	עמד	hewiktionary	SILVER	traditional_class	no גזרה stated by any matched entry
RT-f987fa0966	root	עצר	hewiktionary	SILVER	traditional_class	no גזרה stated by any matched entry
RT-f5daf29399	root	עשׂה	hewiktionary	SILVER	traditional_class	no גזרה stated by any matched entry
RT-9a7d989136	root	פנה	hewiktionary	GOLD	traditional_class	no גזרה stated by any matched entry
RT-6a827ab986	root	פגע	hewiktionary	SILVER	traditional_class	no גזרה stated by any matched entry
RT-bd88339d18	root	פגשׁ	hewiktionary	SILVER	traditional_class	no גזרה stated by any matched entry
RT-241b78d4f9	root	פצע	hewiktionary	SILVER	traditional_class	no גזרה stated by any matched entry
RT-5082d61b3c	root	צור	hewiktionary	GOLD	traditional_class	no גזרה stated by any matched entry
RT-8282b6063f	root	צפה	hewiktionary	SILVER	traditional_class	no גזרה stated by any matched entry
RT-ee7de12091	root	צרח	hewiktionary	SILVER	traditional_class	no גזרה stated by any matched entry
RT-0171958fe1	root	צרכ	hewiktionary	SILVER	traditional_class	no גזרה stated by any matched entry
RT-7169b6502d	root	קלקל	hewiktionary	SILVER	traditional_class	no גזרה stated by any matched entry
RT-380d2c334a	root	קנח	hewiktionary	GOLD	traditional_class	no גזרה stated by any matched entry
RT-4b75360216	root	קפל	hewiktionary	SILVER	traditional_class	no גזרה stated by any matched entry
RT-e717eed33d	root	קבע	hewiktionary	SILVER	traditional_class	no גזרה stated by any matched entry
RT-f7b1886ea5	root	קטפ	hewiktionary	GOLD	traditional_class	no גזרה stated by any matched entry
RT-aff48f8711	root	קלט	hewiktionary	GOLD	traditional_class	no גזרה stated by any matched entry
RT-e33410a5fb	root	קרע	hewiktionary	GOLD	traditional_class	no גזרה stated by any matched entry
RT-06e8fa0759	root	רחפ	hewiktionary	SILVER	traditional_class	no גזרה stated by any matched entry
RT-1eb4ce7c2d	root	רזה	hewiktionary	SILVER	traditional_class	no גזרה stated by any matched entry
RT-0900f926d8	root	רמז	hewiktionary	SILVER	traditional_class	no גזרה stated by any matched entry
RT-8f38c5da2c	root	רשׁמ	hewiktionary	GOLD	traditional_class	no גזרה stated by any matched entry
RT-97c683397c	root	שׁגר	hewiktionary	SILVER	traditional_class	no גזרה stated by any matched entry
RT-f9bec89fd9	root	שׁטפ	hewiktionary	SILVER	traditional_class	no גזרה stated by any matched entry
RT-4ab3ca8e45	root	שׁכח	hewiktionary	SILVER	traditional_class	no גזרה stated by any matched entry
RT-bd484d73a5	root	שׁכנ	hewiktionary	SILVER	traditional_class	no גזרה stated by any matched entry
RT-a1823ae5ad	root	שׁלט	hewiktionary	SILVER	traditional_class	no גזרה stated by any matched entry
RT-dd55bfcc2f	root	שׁפכ	hewiktionary	SILVER	traditional_class	no גזרה stated by any matched entry
RT-8dc04dc006	root	שׁרק	hewiktionary	SILVER	traditional_class	no גזרה stated by any matched entry
RT-bdf2cc6bc9	root	שׂרפ	hewiktionary	GOLD	traditional_class	no גזרה stated by any matched entry
RT-b2b7c059c1	root	תבל	hewiktionary	SILVER	traditional_class	no גזרה stated by any matched entry
RT-500acc0d68	root	תעב	hewiktionary	SILVER	traditional_class	no גזרה stated by any matched entry
RT-09f4609d71	root	תרגל	hewiktionary	SILVER	traditional_class	no גזרה stated by any matched entry
RT-9f20cd4871	root	תבע	hewiktionary	SILVER	traditional_class	no גזרה stated by any matched entry
RT-e784e719a6	root	תור	hewiktionary	GOLD	traditional_class	no גזרה stated by any matched entry
RT-c17af85e34	root	תרמ	hewiktionary	GOLD	traditional_class	no גזרה stated by any matched entry
RT-68e78e1d74	root	אחר	hewiktionary	SILVER	traditional_class	no גזרה stated by any matched entry
RT-2e46592219	root	אלפ	hewiktionary	SILVER	traditional_class	no גזרה stated by any matched entry
RT-0f504e79bf	root	אמצ	hewiktionary	SILVER	traditional_class	no גזרה stated by any matched entry
RT-ed7ce174a1	root	אשׁר	hewiktionary	SILVER	traditional_class	no גזרה stated by any matched entry
RT-2a723334d2	root	אבל	hewiktionary	SILVER	traditional_class	no גזרה stated by any matched entry
RT-062f24eb61	root	אהד	hewiktionary	SILVER	traditional_class	no גזרה stated by any matched entry
RT-accf9f3965	root	אזל	hewiktionary	SILVER	traditional_class	no גזרה stated by any matched entry
RT-96d448a7eb	root	אמד	hewiktionary	SILVER	traditional_class	no גזרה stated by any matched entry
RT-a0c8ef900f	root	אסר	hewiktionary	SILVER	traditional_class	no גזרה stated by any matched entry
RT-eb23769807	root	ארב	hewiktionary	GOLD	traditional_class	no גזרה stated by any matched entry
RT-3cd61da61c	root	ארז	hewiktionary	SILVER	traditional_class	no גזרה stated by any matched entry
RT-3a80f107fe	root	ארח	hewiktionary	SILVER	traditional_class	no גזרה stated by any matched entry
RT-719c2eea4c	root	אבחנ	hewiktionary	SILVER	traditional_class	no גזרה stated by any matched entry
RT-424bcd663a	root	אמלל	hewiktionary	SILVER	traditional_class	no גזרה stated by any matched entry
RT-212f9c7252	root	אתת	hewiktionary	SILVER	traditional_class	no גזרה stated by any matched entry
RT-bc33dc636d	root	בדח	hewiktionary	SILVER	traditional_class	no גזרה stated by any matched entry
RT-9e6e0945ac	root	בזבז	hewiktionary	SILVER	traditional_class	no גזרה stated by any matched entry
RT-11c72b4478	root	בכר	hewiktionary	SILVER	traditional_class	no גזרה stated by any matched entry
RT-97980aa9f9	root	בקע	hewiktionary	GOLD	traditional_class	no גזרה stated by any matched entry
RT-02c0c71ca9	root	בקשׁ	hewiktionary	SILVER	traditional_class	no גזרה stated by any matched entry
RT-238504167d	root	באר	hewiktionary	SILVER	traditional_class	no גזרה stated by any matched entry
RT-63d608cb18	root	ברכ	hewiktionary	GOLD	traditional_class	no גזרה stated by any matched entry
RT-800815ca69	root	בוז	hewiktionary	SILVER	traditional_class	no גזרה stated by any matched entry
RT-815a4614ce	root	בלמ	hewiktionary	SILVER	traditional_class	no גזרה stated by any matched entry
RT-8f13c01c1e	root	בעט	hewiktionary	SILVER	traditional_class	no גזרה stated by any matched entry
RT-04bd4c023c	root	בער	hewiktionary	SILVER	traditional_class	no גזרה stated by any matched entry
RT-d288f3689e	root	בדד	hewiktionary	GOLD	traditional_class	no גזרה stated by any matched entry
RT-c7e99cff77	root	גדל	hewiktionary	GOLD	traditional_class	no גזרה stated by any matched entry
RT-0da5083513	root	גמד	hewiktionary	SILVER	traditional_class	no גזרה stated by any matched entry
RT-19f4f6034e	root	גני	hewiktionary	SILVER	traditional_class	no גזרה stated by any matched entry
RT-ab898a2be0	root	גרה	hewiktionary	SILVER	traditional_class	no גזרה stated by any matched entry
RT-3d498b96a7	root	גאל	hewiktionary	SILVER	traditional_class	no גזרה stated by any matched entry
RT-d417a7c63f	root	גבר	hewiktionary	SILVER	traditional_class	no גזרה stated by any matched entry
RT-e728c35de4	root	גמל	hewiktionary	GOLD	traditional_class	no גזרה stated by any matched entry
RT-e5e3a2459e	root	גרב	hewiktionary	SILVER	traditional_class	no גזרה stated by any matched entry
RT-7379cd92af	root	גרר	hewiktionary	SILVER	traditional_class	no גזרה stated by any matched entry
RT-72dac1701a	root	דגדג	hewiktionary	SILVER	traditional_class	no גזרה stated by any matched entry
RT-052b8636cf	root	דכדכ	hewiktionary	SILVER	traditional_class	no גזרה stated by any matched entry
RT-39f97a5fbc	root	דאג	hewiktionary	QUESTIONABLE	traditional_class	no גזרה stated by any matched entry
RT-5375d9fe14	root	דאה	hewiktionary	SILVER	traditional_class	no גזרה stated by any matched entry
RT-2b643eede0	root	דחפ	hewiktionary	SILVER	traditional_class	no גזרה stated by any matched entry
RT-5909db7f59	root	דחה	hewiktionary	SILVER	traditional_class	no גזרה stated by any matched entry
RT-59de8756f8	root	דרכ	hewiktionary	GOLD	traditional_class	no גזרה stated by any matched entry
RT-6990c28288	root	דרס	hewiktionary	SILVER	traditional_class	no גזרה stated by any matched entry
RT-75dadc39f6	root	בהר	hewiktionary	SILVER	traditional_class	no גזרה stated by any matched entry
RT-432e01dd60	root	גזמ	hewiktionary	GOLD	traditional_class	no גזרה stated by any matched entry
RT-eab9baa22e	root	יזע	hewiktionary	SILVER	traditional_class	no גזרה stated by any matched entry
RT-f31fe74c2a	root	טהר	hewiktionary	SILVER	traditional_class	no גזרה stated by any matched entry
RT-305ca6931b	root	טנפ	hewiktionary	GOLD	traditional_class	no גזרה stated by any matched entry
RT-3ffba2d61a	root	כעס	hewiktionary	SILVER	traditional_class	no גזרה stated by any matched entry
RT-99973d6b33	root	כרז	hewiktionary	GOLD	traditional_class	no גזרה stated by any matched entry
RT-ca4f9bcb1d	root	כרח	hewiktionary	SILVER	traditional_class	no גזרה stated by any matched entry
RT-75bdf02695	root	המהמ	hewiktionary	SILVER	traditional_class	no גזרה stated by any matched entry
RT-99c7d6c802	root	סכמ	hewiktionary	SILVER	traditional_class	no גזרה stated by any matched entry
RT-6af2f2d058	root	פגנ	hewiktionary	SILVER	traditional_class	no גזרה stated by any matched entry
RT-bcd9fc1e5d	root	פחת	hewiktionary	SILVER	traditional_class	no גזרה stated by any matched entry
RT-ffbf745426	root	פסק	hewiktionary	SILVER	traditional_class	no גזרה stated by any matched entry
RT-76517d5ca5	root	פרע	hewiktionary	SILVER	traditional_class	no גזרה stated by any matched entry
RT-2a42896833	root	פתע	hewiktionary	SILVER	traditional_class	no גזרה stated by any matched entry
RT-94ce6bd235	root	יצע	hewiktionary	SILVER	traditional_class	no גזרה stated by any matched entry
RT-f47e579969	root	רגשׁ	hewiktionary	GOLD	traditional_class	no גזרה stated by any matched entry
RT-f7a4affe8d	root	רחב	hewiktionary	SILVER	traditional_class	no גזרה stated by any matched entry
RT-415ee14052	root	רטב	hewiktionary	SILVER	traditional_class	no גזרה stated by any matched entry
RT-3d6ba3645f	root	שׁהה	hewiktionary	SILVER	traditional_class	no גזרה stated by any matched entry
RT-cf3fc079fb	root	שׁלג	hewiktionary	GOLD	traditional_class	no גזרה stated by any matched entry
RT-dccbca4472	root	שׁלכ	hewiktionary	SILVER	traditional_class	no גזרה stated by any matched entry
RT-c5fbdc32d8	root	שׁלמ	hewiktionary	GOLD	traditional_class	no גזרה stated by any matched entry
RT-f367c958b6	root	שׁתנ	hewiktionary	GOLD	traditional_class	no גזרה stated by any matched entry
RT-f07f3ead78	root	שׁגע	hewiktionary	GOLD	traditional_class	no גזרה stated by any matched entry
RT-a52c29cbc9	root	שׁדל	hewiktionary	SILVER	traditional_class	no גזרה stated by any matched entry
RT-ccccae361b	root	שׁחרר	hewiktionary	GOLD	traditional_class	no גזרה stated by any matched entry
RT-c7692933a2	root	שׁחוה	hewiktionary	SILVER	traditional_class	no גזרה stated by any matched entry
RT-3986a960f1	root	שׁכנז	hewiktionary	SILVER	traditional_class	no גזרה stated by any matched entry
RT-b1ceecea52	root	שׂכר	hewiktionary	SILVER	traditional_class	no גזרה stated by any matched entry
RT-4ab528b185	root	אזרח	hewiktionary	GOLD	traditional_class	no גזרה stated by any matched entry
RT-844c5a3d0b	root	אזנ	hewiktionary	SILVER	traditional_class	no גזרה stated by any matched entry
RT-3245bc7c95	root	ארגנ	hewiktionary	SILVER	traditional_class	no גזרה stated by any matched entry
RT-40c5f5bda1	root	אשׁשׁ	hewiktionary	SILVER	traditional_class	no גזרה stated by any matched entry
RT-2a39613865	root	תחל	hewiktionary	SILVER	traditional_class	no גזרה stated by any matched entry
RT-a7537a8a45	root	חפשׂ	hewiktionary	SILVER	traditional_class	no גזרה stated by any matched entry
RT-91ad7f07ba	root	נחל	hewiktionary	SILVER	traditional_class	no גזרה stated by any matched entry
RT-c85c156911	root	עמל	hewiktionary	SILVER	traditional_class	no גזרה stated by any matched entry
RT-387171f41a	root	עמר	hewiktionary	SILVER	traditional_class	no גזרה stated by any matched entry
RT-9ab5cd72f9	root	פאר	hewiktionary	GOLD	traditional_class	no גזרה stated by any matched entry
RT-5887a69a33	root	תקנ	hewiktionary	SILVER	traditional_class	no גזרה stated by any matched entry
RT-e4c0431987	root	קרח	hewiktionary	SILVER	traditional_class	no גזרה stated by any matched entry
RT-0494fabdbd	root	רחשׁ	hewiktionary	SILVER	traditional_class	no גזרה stated by any matched entry
RT-641b86259c	root	נתר	hewiktionary	SILVER	traditional_class	no גזרה stated by any matched entry
RT-aa163bed22	root	יטב	hewiktionary	SILVER	traditional_class	no גזרה stated by any matched entry
RT-b417575aad	root	ימנ	hewiktionary	SILVER	traditional_class	no גזרה stated by any matched entry
RT-08132b2ffb	root	ינק	hewiktionary	GOLD	traditional_class	no גזרה stated by any matched entry
RT-4b73680b6c	root	קור	hewiktionary	SILVER	traditional_class	no גזרה stated by any matched entry
RT-21f33df9a2	root	ריח	hewiktionary	GOLD	traditional_class	no גזרה stated by any matched entry
RT-f090295414	root	שׁיב	hewiktionary	SILVER	traditional_class	no גזרה stated by any matched entry
RT-06667d87ff	root	חכמ	hewiktionary	GOLD	traditional_class	no גזרה stated by any matched entry
RT-0c334b4302	root	הזה	hewiktionary	SILVER	traditional_class	no גזרה stated by any matched entry
RT-070b857330	root	ישׁע	hewiktionary	SILVER	traditional_class	no גזרה stated by any matched entry
RT-c0cb758ac3	root	זהמ	hewiktionary	SILVER	traditional_class	no גזרה stated by any matched entry
RT-64eeeffed3	root	זוב	hewiktionary	SILVER	traditional_class	no גזרה stated by any matched entry
RT-9ac419877c	root	זחל	hewiktionary	SILVER	traditional_class	no גזרה stated by any matched entry
RT-6063b8641a	root	זנה	hewiktionary	SILVER	traditional_class	no גזרה stated by any matched entry
RT-33f0868692	root	זקנ	hewiktionary	SILVER	traditional_class	no גזרה stated by any matched entry
RT-0c315671f3	root	זרע	hewiktionary	SILVER	traditional_class	no גזרה stated by any matched entry
RT-76361f00f6	root	חדשׁ	hewiktionary	GOLD	traditional_class	no גזרה stated by any matched entry
RT-ef5f263c19	root	חיכ	hewiktionary	SILVER	traditional_class	no גזרה stated by any matched entry
RT-72f6725213	root	חפה	hewiktionary	SILVER	traditional_class	no גזרה stated by any matched entry
RT-0c18ae9445	root	חוד	hewiktionary	SILVER	traditional_class	no גזרה stated by any matched entry
RT-1f00eaeeab	root	חוה	hewiktionary	SILVER	traditional_class	no גזרה stated by any matched entry
RT-eea16fc04a	root	חזר	hewiktionary	GOLD	traditional_class	no גזרה stated by any matched entry
RT-0d69da4b4b	root	חלפ	hewiktionary	GOLD	traditional_class	no גזרה stated by any matched entry
RT-5c0e0e559f	root	חלה	hewiktionary	SILVER	traditional_class	no גזרה stated by any matched entry
RT-b8ba8bb6e7	root	חמד	hewiktionary	SILVER	traditional_class	no גזרה stated by any matched entry
RT-d6bb624bba	root	חנק	hewiktionary	SILVER	traditional_class	no גזרה stated by any matched entry
RT-7bea774fec	root	חנה	hewiktionary	SILVER	traditional_class	no גזרה stated by any matched entry
RT-6feabccd2a	root	חסה	hewiktionary	SILVER	traditional_class	no גזרה stated by any matched entry
RT-2534437084	root	חצה	hewiktionary	SILVER	traditional_class	no גזרה stated by any matched entry
RT-1bf8eb89b8	root	חקר	hewiktionary	SILVER	traditional_class	no גזרה stated by any matched entry
RT-9027d0094f	root	חתכ	hewiktionary	SILVER	traditional_class	no גזרה stated by any matched entry
RT-c64a438809	root	חקק	hewiktionary	SILVER	traditional_class	no גזרה stated by any matched entry
RT-d8d2ebd2ce	root	טאטא	hewiktionary	SILVER	traditional_class	no גזרה stated by any matched entry
RT-bbe0290798	root	טפל	hewiktionary	SILVER	traditional_class	no גזרה stated by any matched entry
RT-9270f2ed2b	root	טבח	hewiktionary	SILVER	traditional_class	no גזרה stated by any matched entry
RT-ac3e6cb557	root	טפח	hewiktionary	SILVER	traditional_class	no גזרה stated by any matched entry
RT-eaab24cbcb	root	יצר	hewiktionary	SILVER	traditional_class	no גזרה stated by any matched entry
RT-740ea9fbb9	root	כפר	hewiktionary	SILVER	traditional_class	no גזרה stated by any matched entry
RT-0891939731	root	כאב	hewiktionary	SILVER	traditional_class	no גזרה stated by any matched entry
RT-1bf8286505	root	כבשׁ	hewiktionary	GOLD	traditional_class	no גזרה stated by any matched entry
RT-8d3db77420	root	כמה	hewiktionary	SILVER	traditional_class	no גזרה stated by any matched entry
RT-af6a8e6bf4	root	לבב	hewiktionary	SILVER	traditional_class	no גזרה stated by any matched entry
RT-9092b0fe3e	root	להט	hewiktionary	SILVER	traditional_class	no גזרה stated by any matched entry
RT-817839a941	root	לחצ	hewiktionary	SILVER	traditional_class	no גזרה stated by any matched entry
RT-22dab7652b	root	לקח	hewiktionary	SILVER	traditional_class	no גזרה stated by any matched entry
RT-05b230ac1a	root	לושׁ	hewiktionary	GOLD	traditional_class	no גזרה stated by any matched entry
RT-f5b1e1c793	root	מינ	hewiktionary	GOLD	traditional_class	no גזרה stated by any matched entry
RT-16b4292b07	root	מתנ	hewiktionary	SILVER	traditional_class	no גזרה stated by any matched entry
RT-9faa71f913	root	מלכ	hewiktionary	SILVER	traditional_class	no גזרה stated by any matched entry
RT-bd0aeebed7	root	מנה	hewiktionary	GOLD	traditional_class	no גזרה stated by any matched entry
RT-afb25e0a3b	root	מעכ	hewiktionary	SILVER	traditional_class	no גזרה stated by any matched entry
RT-2c325683f2	root	מעל	hewiktionary	SILVER	traditional_class	no גזרה stated by any matched entry
RT-aabf20e46d	root	משׁל	hewiktionary	SILVER	traditional_class	no גזרה stated by any matched entry
RT-0f2902f999	root	נחמ	hewiktionary	SILVER	traditional_class	no גזרה stated by any matched entry
RT-63ed3b77e9	root	כשׁל	hewiktionary	SILVER	traditional_class	no גזרה stated by any matched entry
RT-65ff6e5425	root	קנה	hewiktionary	GOLD	traditional_class	no גזרה stated by any matched entry
RT-46c06b2054	root	נקה	hewiktionary	QUESTIONABLE	traditional_class	no גזרה stated by any matched entry
RT-ba98415b76	root	שׁאר	hewiktionary	SILVER	traditional_class	no גזרה stated by any matched entry
RT-75beba7bc7	root	שׁבר	hewiktionary	SILVER	traditional_class	no גזרה stated by any matched entry
RT-b804968563	root	אצל	hewiktionary	SILVER	traditional_class	no גזרה stated by any matched entry
RT-2c12b12eff	root	עלמ	hewiktionary	SILVER	traditional_class	no גזרה stated by any matched entry
RT-a96b9f14eb	root	נבל	hewiktionary	SILVER	traditional_class	no גזרה stated by any matched entry
RT-92a2738b2a	root	נגה	hewiktionary	SILVER	traditional_class	no גזרה stated by any matched entry
RT-68441e61ec	root	נעל	hewiktionary	SILVER	traditional_class	no גזרה stated by any matched entry
RT-95061826c7	root	נעמ	hewiktionary	SILVER	traditional_class	no גזרה stated by any matched entry
RT-2382abd9da	root	נפשׁ	hewiktionary	GOLD	traditional_class	no גזרה stated by any matched entry
RT-d95196403c	root	נצר	hewiktionary	SILVER	traditional_class	no גזרה stated by any matched entry
RT-956f636c94	root	נשׁב	hewiktionary	SILVER	traditional_class	no גזרה stated by any matched entry
RT-11f38a282f	root	סבסד	hewiktionary	SILVER	traditional_class	no גזרה stated by any matched entry
RT-4af9a9be67	root	סדר	hewiktionary	SILVER	traditional_class	no גזרה stated by any matched entry
RT-546a63329b	root	סיע	hewiktionary	QUESTIONABLE	traditional_class	no גזרה stated by any matched entry
RT-5aa1d95c4b	root	סמל	hewiktionary	SILVER	traditional_class	no גזרה stated by any matched entry
RT-dfd71addb2	root	סננ	hewiktionary	GOLD	traditional_class	no גזרה stated by any matched entry
RT-4972cadcf0	root	ספח	hewiktionary	SILVER	traditional_class	no גזרה stated by any matched entry
RT-8ebb3b54e2	root	סרב	hewiktionary	SILVER	traditional_class	no גזרה stated by any matched entry
RT-a32db12c99	root	סגד	hewiktionary	SILVER	traditional_class	no גזרה stated by any matched entry
RT-9854152c75	root	סחר	hewiktionary	SILVER	traditional_class	no גזרה stated by any matched entry
RT-0d40fcd6a9	root	סנט	hewiktionary	SILVER	traditional_class	no גזרה stated by any matched entry
RT-eda481ac84	root	עטר	hewiktionary	SILVER	traditional_class	no גזרה stated by any matched entry
RT-0bee4a5dcb	root	עצב	hewiktionary	SILVER	traditional_class	no גזרה stated by any matched entry
RT-1ab0a6a48f	root	עבד	hewiktionary	GOLD	traditional_class	no גזרה stated by any matched entry
RT-7bc04d20bb	root	עזב	hewiktionary	SILVER	traditional_class	no גזרה stated by any matched entry
RT-f952e127bf	root	עזר	hewiktionary	GOLD	traditional_class	no גזרה stated by any matched entry
RT-5b2c322c61	root	ערב	hewiktionary	SILVER	traditional_class	no גזרה stated by any matched entry
RT-9d78865c45	root	ערק	hewiktionary	SILVER	traditional_class	no גזרה stated by any matched entry
RT-82955fc744	root	פהק	hewiktionary	GOLD	traditional_class	no גזרה stated by any matched entry
RT-f87b1ae9a8	root	פסל	hewiktionary	SILVER	traditional_class	no גזרה stated by any matched entry
RT-10b4df06bb	root	פספס	hewiktionary	SILVER	traditional_class	no גזרה stated by any matched entry
RT-47c368f27d	root	פדה	hewiktionary	SILVER	traditional_class	no גזרה stated by any matched entry
RT-ed2098307b	root	פרח	hewiktionary	GOLD	traditional_class	no גזרה stated by any matched entry
RT-ab5a6f9597	root	פרס	hewiktionary	GOLD	traditional_class	no גזרה stated by any matched entry
RT-c437ec1e04	root	פרצ	hewiktionary	GOLD	traditional_class	no גזרה stated by any matched entry
RT-17d5372106	root	פרק	hewiktionary	GOLD	traditional_class	no גזרה stated by any matched entry
RT-f0939c2514	root	פרה	hewiktionary	GOLD	traditional_class	no גזרה stated by any matched entry
RT-abba832ed5	root	צטט	hewiktionary	SILVER	traditional_class	no גזרה stated by any matched entry
RT-0c8c721a55	root	צנזר	hewiktionary	SILVER	traditional_class	no גזרה stated by any matched entry
RT-a79ea71a53	root	צרפ	hewiktionary	SILVER	traditional_class	no גזרה stated by any matched entry
RT-a8c9fd73dc	root	צבא	hewiktionary	SILVER	traditional_class	no גזרה stated by any matched entry
RT-dba1adc46f	root	צדק	hewiktionary	SILVER	traditional_class	no גזרה stated by any matched entry
RT-c84332334c	root	צלע	hewiktionary	SILVER	traditional_class	no גזרה stated by any matched entry
RT-5b44f5834b	root	קדשׁ	hewiktionary	SILVER	traditional_class	no גזרה stated by any matched entry
RT-7a1dab7570	root	קטר	hewiktionary	SILVER	traditional_class	no גזרה stated by any matched entry
RT-5a29283243	root	קלה	hewiktionary	SILVER	traditional_class	no גזרה stated by any matched entry
RT-df08a760ea	root	קרנ	hewiktionary	GOLD	traditional_class	no גזרה stated by any matched entry
RT-f2ee753c1c	root	קרה	hewiktionary	SILVER	traditional_class	no גזרה stated by any matched entry
RT-49723f5275	root	רהט	hewiktionary	GOLD	traditional_class	no גזרה stated by any matched entry
RT-c2cd614d50	root	רמה	hewiktionary	SILVER	traditional_class	no גזרה stated by any matched entry
RT-16ce21aa71	root	רפד	hewiktionary	SILVER	traditional_class	no גזרה stated by any matched entry
RT-1face1a1b4	root	רקע	hewiktionary	SILVER	traditional_class	no גזרה stated by any matched entry
RT-6a16c30131	root	רשׁת	hewiktionary	SILVER	traditional_class	no גזרה stated by any matched entry
RT-4480242508	root	רעה	hewiktionary	SILVER	traditional_class	no גזרה stated by any matched entry
RT-792b3f99d7	root	רצח	hewiktionary	SILVER	traditional_class	no גזרה stated by any matched entry
RT-2d82abb04b	root	שׁבח	hewiktionary	SILVER	traditional_class	no גזרה stated by any matched entry
RT-ad0309688f	root	שׁדר	hewiktionary	SILVER	traditional_class	no גזרה stated by any matched entry
RT-108211fcff	root	שׁחד	hewiktionary	SILVER	traditional_class	no גזרה stated by any matched entry
RT-a6e5885b22	root	שׁלב	hewiktionary	SILVER	traditional_class	no גזרה stated by any matched entry
RT-a2c45ee1da	root	שׁפר	hewiktionary	SILVER	traditional_class	no גזרה stated by any matched entry
RT-c647463e08	root	שׂחק	hewiktionary	SILVER	traditional_class	no גזרה stated by any matched entry
RT-4876c1650f	root	שׁרת	hewiktionary	SILVER	traditional_class	no גזרה stated by any matched entry
RT-d21df54caf	root	שׁבה	hewiktionary	SILVER	traditional_class	no גזרה stated by any matched entry
RT-07344c5af4	root	שׁחט	hewiktionary	SILVER	traditional_class	no גזרה stated by any matched entry
RT-36f804febe	root	שׁופ	hewiktionary	SILVER	traditional_class	no גזרה stated by any matched entry
RT-8bafcd5b4b	root	שׁפט	hewiktionary	SILVER	traditional_class	no גזרה stated by any matched entry
RT-eda2d2dbdd	root	שׁקט	hewiktionary	SILVER	traditional_class	no גזרה stated by any matched entry
RT-345a084c4a	root	שׁקל	hewiktionary	SILVER	traditional_class	no גזרה stated by any matched entry
RT-4a62a270ae	root	שׁתל	hewiktionary	SILVER	traditional_class	no גזרה stated by any matched entry
RT-5226dd4736	root	שׁחק	hewiktionary	SILVER	traditional_class	no גזרה stated by any matched entry
RT-8f240005f7	root	שׂחה	hewiktionary	SILVER	traditional_class	no גזרה stated by any matched entry
RT-76612fe279	root	שׂימ	hewiktionary	GOLD	traditional_class	no גזרה stated by any matched entry
RT-b880329603	root	שׂמח	hewiktionary	GOLD	traditional_class	no גזרה stated by any matched entry
RT-5860a7023c	root	שׂנא	hewiktionary	SILVER	traditional_class	no גזרה stated by any matched entry
RT-3c011ee06f	root	שׂרד	hewiktionary	SILVER	traditional_class	no גזרה stated by any matched entry
RT-68cc815980	root	שׂישׂ	hewiktionary	SILVER	traditional_class	no גזרה stated by any matched entry
RT-89867a4d0b	root	שׁרשׁ	hewiktionary	SILVER	traditional_class	no גזרה stated by any matched entry
RT-35ab5a7e80	root	תכנת	hewiktionary	SILVER	traditional_class	no גזרה stated by any matched entry
RT-0182fcae00	root	תלתל	hewiktionary	SILVER	traditional_class	no גזרה stated by any matched entry
RT-fe732ed9e8	root	תעד	hewiktionary	SILVER	traditional_class	no גזרה stated by any matched entry
RT-7f19f0b42f	root	תהה	hewiktionary	SILVER	traditional_class	no גזרה stated by any matched entry
RT-9dfe40ce61	root	תמכ	hewiktionary	SILVER	traditional_class	no גזרה stated by any matched entry
RT-ad569a68d9	root	תפס	hewiktionary	SILVER	traditional_class	no גזרה stated by any matched entry
RT-4c437e5473	root	ערפל	hewiktionary	SILVER	traditional_class	no גזרה stated by any matched entry
RT-d5ee3b8611	root	פרמ	hewiktionary	SILVER	traditional_class	no גזרה stated by any matched entry
RT-11c08a3aec	root	צבר	hewiktionary	SILVER	traditional_class	no גזרה stated by any matched entry
RT-0684b2498b	root	קמע	hewiktionary	SILVER	traditional_class	no גזרה stated by any matched entry
RT-a292cf1d4d	root	זנב	hewiktionary	SILVER	traditional_class	no גזרה stated by any matched entry
RT-4099da15c4	root	יחס	hewiktionary	SILVER	traditional_class	no גזרה stated by any matched entry
RT-e37bb8b0fb	root	ארכ	hewiktionary	SILVER	traditional_class	no גזרה stated by any matched entry
RT-2b36a0528f	root	שׁפה	hewiktionary	SILVER	traditional_class	no גזרה stated by any matched entry
RT-3122da4329	root	דגמ	hewiktionary	SILVER	traditional_class	no גזרה stated by any matched entry
RT-9732108adc	root	רגע	hewiktionary	SILVER	traditional_class	no גזרה stated by any matched entry
RT-08c0654ac3	root	בית	hewiktionary	SILVER	traditional_class	no גזרה stated by any matched entry
RT-332240b8da	root	ישׁר	hewiktionary	SILVER	traditional_class	no גזרה stated by any matched entry
RT-baa13221fb	root	חיל	hewiktionary	SILVER	traditional_class	no גזרה stated by any matched entry
RT-8e94ecc776	root	חרג	hewiktionary	SILVER	traditional_class	no גזרה stated by any matched entry
RT-9e74b81b57	root	רננ	hewiktionary	SILVER	traditional_class	no גזרה stated by any matched entry
RT-c2c7170198	root	שׁרמט	hewiktionary	SILVER	traditional_class	no גזרה stated by any matched entry
RT-532c863c51	root	רבע	hewiktionary	SILVER	traditional_class	no גזרה stated by any matched entry
RT-c42bf23800	root	בור	hewiktionary	SILVER	traditional_class	no גזרה stated by any matched entry
RT-2f047d6669	root	שׁבט	hewiktionary	SILVER	traditional_class	no גזרה stated by any matched entry
RT-ebf2296dd0	root	ענשׁ	hewiktionary	SILVER	traditional_class	no גזרה stated by any matched entry
RT-d75d20d419	root	עינ	hewiktionary	SILVER	traditional_class	no גזרה stated by any matched entry
RT-2ae8d8e35c	root	צבת	hewiktionary	SILVER	traditional_class	no גזרה stated by any matched entry
RT-e7c6e69921	root	יער	hewiktionary	SILVER	traditional_class	no גזרה stated by any matched entry
RT-7206bf36cd	root	תקתק	hewiktionary	SILVER	traditional_class	no גזרה stated by any matched entry
RT-dedd5e3e1e	root	חפת	hewiktionary	SILVER	traditional_class	no גזרה stated by any matched entry
RT-6c8b518620	root	רעפ	hewiktionary	SILVER	traditional_class	no גזרה stated by any matched entry
RT-5b196b3d39	root	ערס	hewiktionary	SILVER	traditional_class	no גזרה stated by any matched entry
RT-cc1087aa1c	root	וסת	hewiktionary	SILVER	traditional_class	no גזרה stated by any matched entry
RT-2fea0cbfea	root	עוט	hewiktionary	SILVER	traditional_class	no גזרה stated by any matched entry
RT-98437792d2	root	סנדל	hewiktionary	SILVER	traditional_class	no גזרה stated by any matched entry
RT-26cb90b581	root	אכזב	hewiktionary	SILVER	traditional_class	no גזרה stated by any matched entry
RT-63d118d44f	root	מצה	hewiktionary	SILVER	traditional_class	no גזרה stated by any matched entry
RT-3d0135ce30	root	חתמ	hewiktionary	SILVER	traditional_class	no גזרה stated by any matched entry
RT-0e5d747948	root	מסה	hewiktionary	SILVER	traditional_class	no גזרה stated by any matched entry
RT-e9767e547d	root	חפשׁ	hewiktionary	SILVER	traditional_class	no גזרה stated by any matched entry
RT-250e46a35b	root	קלד	hewiktionary	SILVER	traditional_class	no גזרה stated by any matched entry
RT-3aab1cf552	root	תיק	hewiktionary	SILVER	traditional_class	no גזרה stated by any matched entry
RT-5a12579f5e	root	רפרפ	hewiktionary	QUESTIONABLE	traditional_class	no גזרה stated by any matched entry
RT-17f3528603	root	יהב	hewiktionary	SILVER	traditional_class	no גזרה stated by any matched entry
RT-5f1398ca25	root	פסח	hewiktionary	SILVER	traditional_class	no גזרה stated by any matched entry
RT-d4e0647bec	root	הדס	hewiktionary	SILVER	traditional_class	no גזרה stated by any matched entry
RT-b9a163bcc0	root	צפצפ	hewiktionary	SILVER	traditional_class	no גזרה stated by any matched entry
RT-d5b3c53ccd	root	סכה	hewiktionary	QUESTIONABLE	traditional_class	no גזרה stated by any matched entry
RT-01a30e98cf	root	סלה	hewiktionary	SILVER	traditional_class	no גזרה stated by any matched entry
RT-9d458153f6	root	אפר	hewiktionary	SILVER	traditional_class	no גזרה stated by any matched entry
RT-77c9cbd0c0	root	חבה	hewiktionary	SILVER	traditional_class	no גזרה stated by any matched entry
RT-b14e2a2c38	root	חמס	hewiktionary	SILVER	traditional_class	no גזרה stated by any matched entry
RT-462887b0bd	root	בזק	hewiktionary	SILVER	traditional_class	no גזרה stated by any matched entry
RT-3ddeb097f6	root	שׂטנ	hewiktionary	SILVER	traditional_class	no גזרה stated by any matched entry
RT-c5d14618e6	root	מסרר	hewiktionary	SILVER	traditional_class	no גזרה stated by any matched entry
RT-f7ef7a0258	root	המר	hewiktionary	SILVER	traditional_class	no גזרה stated by any matched entry
RT-eaa416031d	root	עשה	hewiktionary	SILVER	traditional_class	no גזרה stated by any matched entry
RT-ad9fc1f996	root	חול	hewiktionary	QUESTIONABLE	traditional_class	no גזרה stated by any matched entry
RT-4f1632f237	root	גשׁמ	hewiktionary	SILVER	traditional_class	no גזרה stated by any matched entry
RT-34a72638ec	root	קטמ	hewiktionary	SILVER	traditional_class	no גזרה stated by any matched entry
RT-3e4b110e88	root	גבנ	hewiktionary	SILVER	traditional_class	no גזרה stated by any matched entry
RT-c924174bc4	root	מתק	hewiktionary	SILVER	traditional_class	no גזרה stated by any matched entry
RT-87076bf8ad	root	נשׁר	hewiktionary	SILVER	traditional_class	no גזרה stated by any matched entry
RT-8a63c8af7b	root	קלח	hewiktionary	SILVER	traditional_class	no גזרה stated by any matched entry
RT-581441c01f	root	גיס	hewiktionary	SILVER	traditional_class	no גזרה stated by any matched entry
RT-a3dec951dc	root	אתה	hewiktionary	SILVER	traditional_class	no גזרה stated by any matched entry
RT-c6ade8625c	root	קבב	hewiktionary	SILVER	traditional_class	no גזרה stated by any matched entry
RT-a8d380fafa	root	סרבל	hewiktionary	SILVER	traditional_class	no גזרה stated by any matched entry
RT-d67a276102	root	שׁקצ	hewiktionary	SILVER	traditional_class	no גזרה stated by any matched entry
RT-9b12f0eb59	root	משׁמשׁ	hewiktionary	SILVER	traditional_class	no גזרה stated by any matched entry
RT-36e4382030	root	צרר	hewiktionary	SILVER	traditional_class	no גזרה stated by any matched entry
RT-dc2e972ed7	root	אוד	hewiktionary	SILVER	traditional_class	no גזרה stated by any matched entry
RT-6a915475dc	root	טבל	hewiktionary	SILVER	traditional_class	no גזרה stated by any matched entry
RT-e02858d685	root	מחק	hewiktionary	SILVER	traditional_class	no גזרה stated by any matched entry
RT-04554793f3	root	ניר	hewiktionary	SILVER	traditional_class	no גזרה stated by any matched entry
RT-87764e85af	root	פלט	hewiktionary	SILVER	traditional_class	no גזרה stated by any matched entry
RT-d81562faa2	root	פקס	hewiktionary	SILVER	traditional_class	no גזרה stated by any matched entry
RT-467438c5ec	root	לפת	hewiktionary	SILVER	traditional_class	no גזרה stated by any matched entry
RT-8d9c64f696	root	פשׁפשׁ	hewiktionary	SILVER	traditional_class	no גזרה stated by any matched entry
RT-9aa38748c4	root	שׁחר	hewiktionary	SILVER	traditional_class	no גזרה stated by any matched entry
RT-57553587b1	root	אול	hewiktionary	SILVER	traditional_class	no גזרה stated by any matched entry
RT-867fde098c	root	פחמנ	hewiktionary	SILVER	traditional_class	no גזרה stated by any matched entry
RT-3ef666f010	root	קמצ	hewiktionary	SILVER	traditional_class	no גזרה stated by any matched entry
RT-2c8d4866b0	root	משׁכנ	hewiktionary	QUESTIONABLE	traditional_class	no גזרה stated by any matched entry
RT-be243f1feb	root	זרחנ	hewiktionary	SILVER	traditional_class	no גזרה stated by any matched entry
RT-f5adb58d42	root	כנה	hewiktionary	SILVER	traditional_class	no גזרה stated by any matched entry
RT-2e1b386e3d	root	שׁוח	hewiktionary	SILVER	traditional_class	no גזרה stated by any matched entry
RT-edb867a8fc	root	אתרג	hewiktionary	SILVER	traditional_class	no גזרה stated by any matched entry
RT-119a2a79ef	root	גשׁשׁ	hewiktionary	SILVER	traditional_class	no גזרה stated by any matched entry
RT-0d354365ab	root	שבע	hewiktionary	SILVER	traditional_class	no גזרה stated by any matched entry
RT-a76cd0bb47	root	חמשׁ	hewiktionary	SILVER	traditional_class	no גזרה stated by any matched entry
RT-b80d4a6ce5	root	נפנפ	hewiktionary	SILVER	traditional_class	no גזרה stated by any matched entry
RT-0cc396aa1c	root	צרב	hewiktionary	SILVER	traditional_class	no גזרה stated by any matched entry
RT-c7846bd3aa	root	עגנ	hewiktionary	SILVER	traditional_class	no גזרה stated by any matched entry
RT-1a3022cce7	root	שׁטח	hewiktionary	SILVER	traditional_class	no גזרה stated by any matched entry
RT-8b46ef983a	root	שׁקע	hewiktionary	SILVER	traditional_class	no גזרה stated by any matched entry
RT-6b8a5184ec	root	תקע	hewiktionary	SILVER	traditional_class	no גזרה stated by any matched entry
RT-13b5c741c2	root	נקע	hewiktionary	SILVER	traditional_class	no גזרה stated by any matched entry
RT-656e9121ad	root	עבט	hewiktionary	SILVER	traditional_class	no גזרה stated by any matched entry
RT-97cf1b01ce	root	אפנ	hewiktionary	SILVER	traditional_class	no גזרה stated by any matched entry
RT-9cd49764e5	root	חסד	hewiktionary	SILVER	traditional_class	no גזרה stated by any matched entry
RT-f9b31fb1eb	root	בטנ	hewiktionary	SILVER	traditional_class	no גזרה stated by any matched entry
RT-865fbc0ed2	root	מדפ	hewiktionary	SILVER	traditional_class	no גזרה stated by any matched entry
RT-872f560122	root	קלפ	hewiktionary	SILVER	traditional_class	no גזרה stated by any matched entry
RT-5118fb2de4	root	נפה	hewiktionary	SILVER	traditional_class	no גזרה stated by any matched entry
RT-278d70c984	root	סמס	hewiktionary	SILVER	traditional_class	no גזרה stated by any matched entry
RT-a462bfcd8c	root	ספה	hewiktionary	SILVER	traditional_class	no גזרה stated by any matched entry
RT-87a1739895	root	ערסל	hewiktionary	SILVER	traditional_class	no גזרה stated by any matched entry
RT-af6a8ad57c	root	זמנ	hewiktionary	SILVER	traditional_class	no גזרה stated by any matched entry
RT-41d3a2833a	root	אפשׁר	hewiktionary	SILVER	traditional_class	no גזרה stated by any matched entry
RT-656acb4ed8	root	פוח	hewiktionary	SILVER	traditional_class	no גזרה stated by any matched entry
RT-f890a1286a	root	שׁכל	hewiktionary	SILVER	traditional_class	no גזרה stated by any matched entry
RT-c6ea6413d3	root	כיפ	hewiktionary	SILVER	traditional_class	no גזרה stated by any matched entry
RT-45800228a2	root	מסמר	hewiktionary	SILVER	traditional_class	no גזרה stated by any matched entry
RT-54181f7abd	root	עשׂב	hewiktionary	SILVER	traditional_class	no גזרה stated by any matched entry
RT-e908f24aff	root	דוכ	hewiktionary	SILVER	traditional_class	no גזרה stated by any matched entry
RT-5856ae55c8	root	מוכ	hewiktionary	SILVER	traditional_class	no גזרה stated by any matched entry
RT-11a952936e	root	אסמ	hewiktionary	SILVER	traditional_class	no גזרה stated by any matched entry
RT-2e6bb61f36	root	קסמ	hewiktionary	SILVER	traditional_class	no גזרה stated by any matched entry
RT-a38878eb17	root	נגר	hewiktionary	SILVER	traditional_class	no גזרה stated by any matched entry
RT-e6091bc9d4	root	נדר	hewiktionary	SILVER	traditional_class	no גזרה stated by any matched entry
RT-b1a4d3f2c7	root	פשׂה	hewiktionary	SILVER	traditional_class	no גזרה stated by any matched entry
RT-4ae8bdf6c4	root	כיל	hewiktionary	SILVER	traditional_class	no גזרה stated by any matched entry
RT-d8d90fcff3	root	עגב	hewiktionary	SILVER	traditional_class	no גזרה stated by any matched entry
RT-a5c2db33d9	root	חטט	hewiktionary	SILVER	traditional_class	no גזרה stated by any matched entry
RT-738a42c9bc	root	ספנ	hewiktionary	SILVER	traditional_class	no גזרה stated by any matched entry
RT-393b92dbc2	root	מגנ	hewiktionary	SILVER	traditional_class	no גזרה stated by any matched entry
RT-833ae378c2	root	רתמ	hewiktionary	SILVER	traditional_class	no גזרה stated by any matched entry
RT-5c3929d01d	root	קטל	hewiktionary	SILVER	traditional_class	no גזרה stated by any matched entry
RT-1dc1bc74d8	root	כוה	hewiktionary	SILVER	traditional_class	no גזרה stated by any matched entry
RT-e208270080	root	פיס	hewiktionary	SILVER	traditional_class	no גזרה stated by any matched entry
RT-b4bd3f68ba	root	שׁאנ	hewiktionary	SILVER	traditional_class	no גזרה stated by any matched entry
RT-e772975fa2	root	שׁחל	hewiktionary	SILVER	traditional_class	no גזרה stated by any matched entry
RT-8a44ab98f2	root	נינ	hewiktionary	SILVER	traditional_class	no גזרה stated by any matched entry
RT-cfd07bd483	root	חרק	hewiktionary	SILVER	traditional_class	no גזרה stated by any matched entry
RT-41a26c2c41	root	יבשׁ	hewiktionary	SILVER	traditional_class	no גזרה stated by any matched entry
RT-7c446ce8db	root	נחר	hewiktionary	SILVER	traditional_class	no גזרה stated by any matched entry
RT-2a23f59d87	root	חרר	hewiktionary	SILVER	traditional_class	no גזרה stated by any matched entry
RT-28f8fef87f	root	חרה	hewiktionary	SILVER	traditional_class	no גזרה stated by any matched entry
RT-c40f548848	root	צחנ	hewiktionary	SILVER	traditional_class	no גזרה stated by any matched entry
RT-7a915a62e7	root	ברק	hewiktionary	SILVER	traditional_class	no גזרה stated by any matched entry
RT-5faeb31f14	root	וכח	hewiktionary	QUESTIONABLE	traditional_class	no גזרה stated by any matched entry
RT-2c4f2231eb	root	טיט	hewiktionary	SILVER	traditional_class	no גזרה stated by any matched entry
RT-ac57ba0b2a	root	קרמ	hewiktionary	SILVER	traditional_class	no גזרה stated by any matched entry
RT-885413241d	root	שׁכנע	hewiktionary	SILVER	traditional_class	no גזרה stated by any matched entry
RT-5543213385	root	קרס	hewiktionary	SILVER	traditional_class	no גזרה stated by any matched entry
RT-dc1fd87be0	root	נוט	hewiktionary	SILVER	traditional_class	no גזרה stated by any matched entry
RT-eb4c58c6c4	root	צלצל	hewiktionary	SILVER	traditional_class	no גזרה stated by any matched entry
RT-7d5b7ee249	root	פלח	hewiktionary	SILVER	traditional_class	no גזרה stated by any matched entry
RT-7241a47105	root	עלעל	hewiktionary	SILVER	traditional_class	no גזרה stated by any matched entry
RT-390bbfac23	root	הרה	hewiktionary	SILVER	traditional_class	no גזרה stated by any matched entry
RT-014b2b1df0	root	שׁקמ	hewiktionary	SILVER	traditional_class	no גזרה stated by any matched entry
RT-797c7879eb	root	הומ	hewiktionary	SILVER	traditional_class	no גזרה stated by any matched entry
RT-a7d70d01f3	root	אנה	hewiktionary	SILVER	traditional_class	no גזרה stated by any matched entry
RT-2681655017	root	יקר	hewiktionary	SILVER	traditional_class	no גזרה stated by any matched entry
RT-9064b266e9	root	שׁרצ	hewiktionary	SILVER	traditional_class	no גזרה stated by any matched entry
RT-2a63646fbe	root	כלל	hewiktionary	SILVER	traditional_class	no גזרה stated by any matched entry
RT-e6a95353a5	root	סקר	hewiktionary	SILVER	traditional_class	no גזרה stated by any matched entry
RT-4174d31ab8	root	זלזל	hewiktionary	SILVER	traditional_class	no גזרה stated by any matched entry
RT-8449af3df4	root	זממ	hewiktionary	SILVER	traditional_class	no גזרה stated by any matched entry
RT-d80103af79	root	ולנ	hewiktionary	SILVER	traditional_class	no גזרה stated by any matched entry
RT-eccfe13ac7	root	צהל	hewiktionary	SILVER	traditional_class	no גזרה stated by any matched entry
RT-7ab9d958ff	root	יעד	hewiktionary	SILVER	traditional_class	no גזרה stated by any matched entry
RT-8f5964e579	root	תמד	hewiktionary	SILVER	traditional_class	no גזרה stated by any matched entry
RT-965a12b93b	root	סרט	hewiktionary	SILVER	traditional_class	no גזרה stated by any matched entry
RT-bbb0104c00	root	צוה	hewiktionary	SILVER	traditional_class	no גזרה stated by any matched entry
RT-69a6d958d1	root	שׂרר	hewiktionary	SILVER	traditional_class	no גזרה stated by any matched entry
RT-74d7b749c9	root	קפח	hewiktionary	SILVER	traditional_class	no גזרה stated by any matched entry
RT-fda7b49ea6	root	דקלמ	hewiktionary	SILVER	traditional_class	no גזרה stated by any matched entry
RT-13a01649ec	root	שׁעה	hewiktionary	SILVER	traditional_class	no גזרה stated by any matched entry
RT-3f0bf683e8	root	כשׁפ	hewiktionary	SILVER	traditional_class	no גזרה stated by any matched entry
RT-7c7cfa50d1	root	צנתר	hewiktionary	SILVER	traditional_class	no גזרה stated by any matched entry
RT-98a59eabdc	root	גהה	hewiktionary	SILVER	traditional_class	no גזרה stated by any matched entry
RT-c908154cb7	root	קטנטנ	hewiktionary	SILVER	traditional_class	no גזרה stated by any matched entry
RT-c7b81625fa	root	שׁמרטפ	hewiktionary	SILVER	traditional_class	no גזרה stated by any matched entry
RT-68c3d6407e	root	בתר	hewiktionary	SILVER	traditional_class	no גזרה stated by any matched entry
RT-fef19b28c4	root	רגנ	hewiktionary	SILVER	traditional_class	no גזרה stated by any matched entry
RT-72aa6be209	root	קרקשׁ	hewiktionary	SILVER	traditional_class	no גזרה stated by any matched entry
RT-a228812f82	root	זרז	hewiktionary	SILVER	traditional_class	no גזרה stated by any matched entry
RT-a513512e55	root	גלד	hewiktionary	SILVER	traditional_class	no גזרה stated by any matched entry
RT-2dcab18f57	root	רעמ	hewiktionary	SILVER	traditional_class	no גזרה stated by any matched entry
RT-2400971701	root	אלה	hewiktionary	SILVER	traditional_class	no גזרה stated by any matched entry
RT-d33e9deffd	root	רהב	hewiktionary	SILVER	traditional_class	no גזרה stated by any matched entry
RT-6b571bd3b5	root	ודא	hewiktionary	SILVER	traditional_class	no גזרה stated by any matched entry
RT-c41af91736	root	כיר	hewiktionary	SILVER	traditional_class	no גזרה stated by any matched entry
RT-26b0bcd1fd	root	סופ	hewiktionary	SILVER	traditional_class	no גזרה stated by any matched entry
RT-6905481126	root	צפד	hewiktionary	SILVER	traditional_class	no גזרה stated by any matched entry
RT-1b34b6a487	root	נדנד	hewiktionary	SILVER	traditional_class	no גזרה stated by any matched entry
RT-cc4718d25b	root	תשׁשׁ	hewiktionary	SILVER	traditional_class	no גזרה stated by any matched entry
RT-5e495a483b	root	אתר	hewiktionary	SILVER	traditional_class	no גזרה stated by any matched entry
RT-65af7e7dfc	root	נשׁפ	hewiktionary	SILVER	traditional_class	no גזרה stated by any matched entry
RT-ef7a2252be	root	עוב	hewiktionary	SILVER	traditional_class	no גזרה stated by any matched entry
RT-5661c8ca3a	root	יגר	hewiktionary	SILVER	traditional_class	no גזרה stated by any matched entry
RT-f599ce2422	root	קרשׁ	hewiktionary	SILVER	traditional_class	no גזרה stated by any matched entry
RT-7e5091b237	root	שׁלו	hewiktionary	SILVER	traditional_class	no גזרה stated by any matched entry
RT-40a4a79f06	root	זבנ	hewiktionary	SILVER	traditional_class	no גזרה stated by any matched entry
RT-9e484847e9	root	נמק	hewiktionary	SILVER	traditional_class	no גזרה stated by any matched entry
RT-893521be98	root	גבס	hewiktionary	SILVER	traditional_class	no גזרה stated by any matched entry
RT-9cbb158a79	root	חלשׁ	hewiktionary	SILVER	traditional_class	no גזרה stated by any matched entry
RT-3734e2630d	root	חטב	hewiktionary	SILVER	traditional_class	no גזרה stated by any matched entry
RT-17f5d740ad	root	המה	hewiktionary	SILVER	traditional_class	no גזרה stated by any matched entry
RT-6913c86988	root	זרמ	hewiktionary	SILVER	traditional_class	no גזרה stated by any matched entry
RT-7779158116	root	מענ	hewiktionary	SILVER	traditional_class	no גזרה stated by any matched entry
RT-697496dcd6	root	קנט	hewiktionary	SILVER	traditional_class	no גזרה stated by any matched entry
RT-2f220b6451	root	פתה	hewiktionary	SILVER	traditional_class	no גזרה stated by any matched entry
RT-9d6d014955	root	ילכ	hewiktionary	QUESTIONABLE	traditional_class	no גזרה stated by any matched entry
RT-5cf8967030	root	ממשׁ	hewiktionary	SILVER	traditional_class	no גזרה stated by any matched entry
RT-2df691dbd8	root	נדה	hewiktionary	SILVER	traditional_class	no גזרה stated by any matched entry
RT-e624ff57c1	root	עתד	hewiktionary	SILVER	traditional_class	no גזרה stated by any matched entry
RT-e2d06fe889	root	ברמנ	hewiktionary	SILVER	traditional_class	no גזרה stated by any matched entry
RT-cc17269a8d	root	נקד	hewiktionary	SILVER	traditional_class	no גזרה stated by any matched entry
RT-1b5d0c3eb0	root	סנגר	hewiktionary	QUESTIONABLE	traditional_class	no גזרה stated by any matched entry
RT-6e254d05fb	root	כרכ	hewiktionary	SILVER	traditional_class	no גזרה stated by any matched entry
RT-13387e913a	root	בצר	hewiktionary	SILVER	traditional_class	no גזרה stated by any matched entry
RT-34efc8a4db	root	גדשׁ	hewiktionary	SILVER	traditional_class	no גזרה stated by any matched entry
RT-323850812f	root	קמל	hewiktionary	SILVER	traditional_class	no גזרה stated by any matched entry
RT-2081138063	root	תחמנ	hewiktionary	SILVER	traditional_class	no גזרה stated by any matched entry
RT-d7eb83632e	root	שבר	hewiktionary	QUESTIONABLE	traditional_class	no גזרה stated by any matched entry
RT-2add854a54	root	יזמ	hewiktionary	SILVER	traditional_class	no גזרה stated by any matched entry
RT-5ce2bf0421	root	מחט	hewiktionary	SILVER	traditional_class	no גזרה stated by any matched entry
RT-a043bb77f2	root	מרק	hewiktionary	SILVER	traditional_class	no גזרה stated by any matched entry
RT-1ccfe3655d	root	מסגר	hewiktionary	SILVER	traditional_class	no גזרה stated by any matched entry
RT-b4a89f5458	root	טלפ	hewiktionary	SILVER	traditional_class	no גזרה stated by any matched entry
RT-d9caf8b24d	root	בוכ	hewiktionary	SILVER	traditional_class	no גזרה stated by any matched entry
RT-dcd9e5a87d	root	צוג	hewiktionary	SILVER	traditional_class	no גזרה stated by any matched entry
RT-e1171cff00	root	חצר	hewiktionary	SILVER	traditional_class	no גזרה stated by any matched entry
RT-22cfc3c65a	root	סוג	hewiktionary	SILVER	traditional_class	no גזרה stated by any matched entry
RT-e7f87fc8a8	root	ענק	hewiktionary	SILVER	traditional_class	no גזרה stated by any matched entry
RT-f1d9323946	root	עלק	hewiktionary	SILVER	traditional_class	no גזרה stated by any matched entry
RT-026c91a71c	root	רעשׁ	hewiktionary	SILVER	traditional_class	no גזרה stated by any matched entry
RT-6e7877e8e9	root	אלמ	hewiktionary	SILVER	traditional_class	no גזרה stated by any matched entry
RT-ec153b8375	root	שׁכמ	hewiktionary	SILVER	traditional_class	no גזרה stated by any matched entry
RT-d0aae4af63	root	שׁלל	hewiktionary	SILVER	traditional_class	no גזרה stated by any matched entry
RT-6f5a529c75	root	תוכ	hewiktionary	SILVER	traditional_class	no גזרה stated by any matched entry
RT-79899e8a3b	root	ערמ	hewiktionary	SILVER	traditional_class	no גזרה stated by any matched entry
RT-d4733b5ae3	root	הלמ	hewiktionary	SILVER	traditional_class	no גזרה stated by any matched entry
RT-e35d14bae4	root	טבענ	hewiktionary	SILVER	traditional_class	no גזרה stated by any matched entry
RT-1a1b4f334e	root	עדנ	hewiktionary	SILVER	traditional_class	no גזרה stated by any matched entry
RT-253a1b4cae	root	צנפ	hewiktionary	SILVER	traditional_class	no גזרה stated by any matched entry
RT-1b5c6077ae	root	סוד	hewiktionary	SILVER	traditional_class	no גזרה stated by any matched entry
RT-c518f05742	root	קנס	hewiktionary	SILVER	traditional_class	no גזרה stated by any matched entry
RT-7a35a3b08c	root	לבה	hewiktionary	SILVER	traditional_class	no גזרה stated by any matched entry
RT-b3330f19ca	root	שׁכר	hewiktionary	SILVER	traditional_class	no גזרה stated by any matched entry
RT-6fb33978a5	root	פקק	hewiktionary	SILVER	traditional_class	no גזרה stated by any matched entry
RT-54870d87d0	root	כפכפ	hewiktionary	SILVER	traditional_class	no גזרה stated by any matched entry
RT-829845c283	root	כבל	hewiktionary	SILVER	traditional_class	no גזרה stated by any matched entry
RT-18cb1ebceb	root	חסכ	hewiktionary	SILVER	traditional_class	no גזרה stated by any matched entry
RT-e3d989787e	root	הונ	hewiktionary	SILVER	traditional_class	no גזרה stated by any matched entry
RT-6d4e319dd0	root	נטשׁ	hewiktionary	SILVER	traditional_class	no גזרה stated by any matched entry
RT-c3d30d192e	root	שׁומ	hewiktionary	SILVER	traditional_class	no גזרה stated by any matched entry
RT-c5f3543ee1	root	לשׁנ	hewiktionary	SILVER	traditional_class	no גזרה stated by any matched entry
RT-7138aa4d1f	root	בחנ	hewiktionary	SILVER	traditional_class	no גזרה stated by any matched entry
RT-aa0c31c664	root	דקק	hewiktionary	SILVER	traditional_class	no גזרה stated by any matched entry
RT-f89954318d	root	טמא	hewiktionary	SILVER	traditional_class	no גזרה stated by any matched entry
RT-be81e8bdb4	root	תאמ	hewiktionary	SILVER	traditional_class	no גזרה stated by any matched entry
RT-8d43bd750b	root	כהה	hewiktionary	SILVER	traditional_class	no גזרה stated by any matched entry
RT-3cebd546ee	root	נסק	hewiktionary	SILVER	traditional_class	no גזרה stated by any matched entry
RT-f2fb0bce29	root	משׁה	hewiktionary	SILVER	traditional_class	no גזרה stated by any matched entry
RT-c368a69879	root	נאר	hewiktionary	SILVER	traditional_class	no גזרה stated by any matched entry
RT-1ea5623984	root	גרגר	hewiktionary	SILVER	traditional_class	no גזרה stated by any matched entry
RT-d40bed2dca	root	עפעפ	hewiktionary	SILVER	traditional_class	no גזרה stated by any matched entry
RT-2672f04045	root	בנזג	hewiktionary	SILVER	traditional_class	no גזרה stated by any matched entry
RT-e8b798fc84	root	חתת	hewiktionary	SILVER	traditional_class	no גזרה stated by any matched entry
RT-f089d05306	root	צרד	hewiktionary	SILVER	traditional_class	no גזרה stated by any matched entry
RT-67572b4934	root	כמת	hewiktionary	SILVER	traditional_class	no גזרה stated by any matched entry
RT-e3ae144627	root	זנגפ	hewiktionary	SILVER	traditional_class	no גזרה stated by any matched entry
RT-d9aeada417	root	ענד	hewiktionary	SILVER	traditional_class	no גזרה stated by any matched entry
RT-6b82f7fd1f	root	מטר	hewiktionary	SILVER	traditional_class	no גזרה stated by any matched entry
RT-fa7cec1971	root	קפד	hewiktionary	SILVER	traditional_class	no גזרה stated by any matched entry
RT-d95f6fdcaa	root	ותר	hewiktionary	SILVER	traditional_class	no גזרה stated by any matched entry
RT-f97bfceef2	root	פרט	hewiktionary	SILVER	traditional_class	no גזרה stated by any matched entry
RT-2c597d3bcd	root	רעל	hewiktionary	SILVER	traditional_class	no גזרה stated by any matched entry
RT-2c59ab335f	root	לטנ	hewiktionary	SILVER	traditional_class	no גזרה stated by any matched entry
RT-0078cb3c62	root	גדפ	hewiktionary	SILVER	traditional_class	no גזרה stated by any matched entry
RT-b227bbe7c1	root	דבב	hewiktionary	SILVER	traditional_class	no גזרה stated by any matched entry
RT-ba4b823d79	root	חשׁד	hewiktionary	SILVER	traditional_class	no גזרה stated by any matched entry
RT-b3698da4c8	root	ערפ	hewiktionary	SILVER	traditional_class	no גזרה stated by any matched entry
RT-f38c6f2733	root	חלצ	hewiktionary	SILVER	traditional_class	no גזרה stated by any matched entry
RT-8701065d88	root	חצצ	hewiktionary	SILVER	traditional_class	no גזרה stated by any matched entry
RT-d43e094054	root	שׁוה	hewiktionary	SILVER	traditional_class	no גזרה stated by any matched entry
RT-8aa611dd88	root	סרק	hewiktionary	SILVER	traditional_class	no גזרה stated by any matched entry
RT-7dac87b4a0	root	זיפ	hewiktionary	SILVER	traditional_class	no גזרה stated by any matched entry
RT-1a0ce8ce64	root	מוט	hewiktionary	SILVER	traditional_class	no גזרה stated by any matched entry
RT-83ff6ca1cd	root	אפק	hewiktionary	SILVER	traditional_class	no גזרה stated by any matched entry
RT-807e4fc384	root	קדר	hewiktionary	SILVER	traditional_class	no גזרה stated by any matched entry
RT-8c0126852d	root	אטר	hewiktionary	SILVER	traditional_class	no גזרה stated by any matched entry
RT-339decada1	root	שׁסע	hewiktionary	SILVER	traditional_class	no גזרה stated by any matched entry
RT-f736c4a75a	root	פסג	hewiktionary	SILVER	traditional_class	no גזרה stated by any matched entry
RT-07a5d675bd	root	פוצ	hewiktionary	SILVER	traditional_class	no גזרה stated by any matched entry
RT-10b562fc72	root	פזר	hewiktionary	SILVER	traditional_class	no גזרה stated by any matched entry
RT-550c758383	root	בדר	hewiktionary	SILVER	traditional_class	no גזרה stated by any matched entry
RT-4d0702d548	root	חמק	hewiktionary	SILVER	traditional_class	no גזרה stated by any matched entry
RT-dfe309e383	root	צדה	hewiktionary	SILVER	traditional_class	no גזרה stated by any matched entry
RT-430c27ab7f	root	שׁוע	hewiktionary	SILVER	traditional_class	no גזרה stated by any matched entry
RT-81d27a9d2a	root	סרג	hewiktionary	SILVER	traditional_class	no גזרה stated by any matched entry
RT-e3c4c8755e	root	מוח	hewiktionary	SILVER	traditional_class	no גזרה stated by any matched entry
RT-f88804b69c	root	פטמ	hewiktionary	SILVER	traditional_class	no גזרה stated by any matched entry
RT-2cf81e1720	root	גרס	hewiktionary	SILVER	traditional_class	no גזרה stated by any matched entry
RT-052fbd8116	root	רצע	hewiktionary	SILVER	traditional_class	no גזרה stated by any matched entry
RT-1e7a55b208	root	חרכ	hewiktionary	SILVER	traditional_class	no גזרה stated by any matched entry
RT-226481eebc	root	שגב	hewiktionary	SILVER	traditional_class	no גזרה stated by any matched entry
RT-1f3f156105	root	חטא	hewiktionary	SILVER	traditional_class	no גזרה stated by any matched entry
RT-00234933fa	root	פנק	hewiktionary	SILVER	traditional_class	no גזרה stated by any matched entry
RT-605dd0e734	root	ענג	hewiktionary	SILVER	traditional_class	no גזרה stated by any matched entry
RT-16f461128e	root	סגפ	hewiktionary	SILVER	traditional_class	no גזרה stated by any matched entry
RT-e95d514710	root	קדח	hewiktionary	SILVER	traditional_class	no גזרה stated by any matched entry
RT-06e24f4fdc	root	כפשׁ	hewiktionary	SILVER	traditional_class	no גזרה stated by any matched entry
RT-d11ff200b8	root	קפשׁ	hewiktionary	SILVER	traditional_class	no גזרה stated by any matched entry
RT-b539fc3434	root	שרר	hewiktionary	SILVER	traditional_class	no גזרה stated by any matched entry
RT-8c38df069a	root	סלד	hewiktionary	SILVER	traditional_class	no גזרה stated by any matched entry
RT-16270cfa0b	root	נכל	hewiktionary	SILVER	traditional_class	no גזרה stated by any matched entry
RT-b11efb35e5	root	סלסל	hewiktionary	SILVER	traditional_class	no גזרה stated by any matched entry
RT-d9549a53e8	root	סמר	hewiktionary	SILVER	traditional_class	no גזרה stated by any matched entry
RT-f6a28b7052	root	צמד	hewiktionary	SILVER	traditional_class	no גזרה stated by any matched entry
RT-e4e35167a8	root	אות	hewiktionary	SILVER	traditional_class	no גזרה stated by any matched entry
RT-69c52549a7	root	רגז	hewiktionary	SILVER	traditional_class	no גזרה stated by any matched entry
RT-15be70d155	root	לוה	hewiktionary	SILVER	traditional_class	no גזרה stated by any matched entry
RT-f665ff1d91	root	דלפ	hewiktionary	SILVER	traditional_class	no גזרה stated by any matched entry
RT-8a973a7a99	root	חתר	hewiktionary	SILVER	traditional_class	no גזרה stated by any matched entry
RT-a022f422e9	root	שׁפל	hewiktionary	SILVER	traditional_class	no גזרה stated by any matched entry
RT-59849e209b	root	פגר	hewiktionary	SILVER	traditional_class	no גזרה stated by any matched entry
RT-85c86cf6d0	root	לחכ	hewiktionary	SILVER	traditional_class	no גזרה stated by any matched entry
RT-4db7bc2bb6	root	יעל	hewiktionary	SILVER	traditional_class	no גזרה stated by any matched entry
RT-ecd00b0be7	root	סוה	hewiktionary	SILVER	traditional_class	no גזרה stated by any matched entry
RT-8215d11e5a	root	דהה	hewiktionary	SILVER	traditional_class	no גזרה stated by any matched entry
RT-22c497c4c0	root	גאה	hewiktionary	SILVER	traditional_class	no גזרה stated by any matched entry
RT-7823f63291	root	זלג	hewiktionary	SILVER	traditional_class	no גזרה stated by any matched entry
RT-df48ebb624	root	סמכ	hewiktionary	SILVER	traditional_class	no גזרה stated by any matched entry
RT-b232beee8b	root	גחנ	hewiktionary	SILVER	traditional_class	no גזרה stated by any matched entry
RT-efc77326b6	root	נגח	hewiktionary	SILVER	traditional_class	no גזרה stated by any matched entry
RT-a995dd8b92	root	חבשׁ	hewiktionary	SILVER	traditional_class	no גזרה stated by any matched entry
RT-a493b75f95	root	גסס	hewiktionary	SILVER	traditional_class	no גזרה stated by any matched entry
RT-e46ff45fa3	root	תלה	hewiktionary	SILVER	traditional_class	no גזרה stated by any matched entry
RT-37cf796766	root	מחל	hewiktionary	SILVER	traditional_class	no גזרה stated by any matched entry
RT-9bc7903bd1	root	טמנ	hewiktionary	SILVER	traditional_class	no גזרה stated by any matched entry
RT-565280094f	root	חנפ	hewiktionary	SILVER	traditional_class	no גזרה stated by any matched entry
RT-5b9403687f	root	תנה	hewiktionary	SILVER	traditional_class	no גזרה stated by any matched entry
RT-737fc76687	root	זוח	hewiktionary	SILVER	traditional_class	no גזרה stated by any matched entry
RT-fa890d4ea3	root	מושׁ	hewiktionary	SILVER	traditional_class	no גזרה stated by any matched entry
RT-755c10b354	root	ארה	hewiktionary	SILVER	traditional_class	no גזרה stated by any matched entry
RT-73989b2915	root	שׁפצ	hewiktionary	SILVER	traditional_class	no גזרה stated by any matched entry
RT-9577b26c96	root	שׁפת	hewiktionary	SILVER	traditional_class	no גזרה stated by any matched entry
RT-66f9ee2e25	root	רוה	hewiktionary	SILVER	traditional_class	no גזרה stated by any matched entry
RT-fab8e3e944	root	מחה	hewiktionary	SILVER	traditional_class	no גזרה stated by any matched entry
RT-637c179ea6	root	מחי	hewiktionary	QUESTIONABLE	traditional_class	no גזרה stated by any matched entry
RT-2e3d4d3533	root	מחא	hewiktionary	SILVER	traditional_class	no גזרה stated by any matched entry
RT-119ff0947d	root	פלשׁ	hewiktionary	SILVER	traditional_class	no גזרה stated by any matched entry
RT-dfc3fe80ed	root	פלס	hewiktionary	SILVER	traditional_class	no גזרה stated by any matched entry
RT-ea0ec98308	root	פתר	hewiktionary	SILVER	traditional_class	no גזרה stated by any matched entry
RT-f9e5b99eae	root	הדק	hewiktionary	SILVER	traditional_class	no גזרה stated by any matched entry
RT-54e867abf5	root	סעפ	hewiktionary	SILVER	traditional_class	no גזרה stated by any matched entry
RT-6f4b9d7c1b	root	הוה	hewiktionary	SILVER	traditional_class	no גזרה stated by any matched entry
RT-66d5608ba8	root	הסס	hewiktionary	SILVER	traditional_class	no גזרה stated by any matched entry
RT-2e77d35694	root	עגמ	hewiktionary	SILVER	traditional_class	no גזרה stated by any matched entry
RT-bbd6c8bd90	root	עמת	hewiktionary	SILVER	traditional_class	no גזרה stated by any matched entry
RT-90a8205e3a	root	קמט	hewiktionary	SILVER	traditional_class	no גזרה stated by any matched entry
RT-50ec4b48db	root	עוה	hewiktionary	SILVER	traditional_class	no גזרה stated by any matched entry
RT-632629c39a	root	חפז	hewiktionary	SILVER	traditional_class	no גזרה stated by any matched entry
RT-a1568a4bb8	root	פחז	hewiktionary	SILVER	traditional_class	no גזרה stated by any matched entry
RT-7f0a5a2e0e	root	ספת	hewiktionary	SILVER	traditional_class	no גזרה stated by any matched entry
RT-4f109f9d16	root	סרח	hewiktionary	SILVER	traditional_class	no גזרה stated by any matched entry
RT-1ba9e0bc20	root	נאמ	hewiktionary	SILVER	traditional_class	no גזרה stated by any matched entry
RT-c558fe60f3	root	ערה	hewiktionary	SILVER	traditional_class	no גזרה stated by any matched entry
RT-2dc3fc11a7	root	חרד	hewiktionary	SILVER	traditional_class	no גזרה stated by any matched entry
RT-beb6667fb4	root	מצע	hewiktionary	SILVER	traditional_class	no גזרה stated by any matched entry
RT-82dea600a8	root	קצה	hewiktionary	SILVER	traditional_class	no גזרה stated by any matched entry
RT-0c9789866e	root	עממ	hewiktionary	SILVER	traditional_class	no גזרה stated by any matched entry
RT-3c953c7338	root	מתח	hewiktionary	SILVER	traditional_class	no גזרה stated by any matched entry
RT-0b256acbc7	root	חככ	hewiktionary	SILVER	traditional_class	no גזרה stated by any matched entry
RT-80f2eed9d7	root	ישׁט	hewiktionary	SILVER	traditional_class	no גזרה stated by any matched entry
RT-a2d4b219c3	root	ארס	hewiktionary	SILVER	traditional_class	no גזרה stated by any matched entry
RT-6c5f2068dc	root	עכר	hewiktionary	SILVER	traditional_class	no גזרה stated by any matched entry
RT-c727258166	root	זעק	hewiktionary	SILVER	traditional_class	no גזרה stated by any matched entry
RT-28332d10ee	root	צפר	hewiktionary	SILVER	traditional_class	no גזרה stated by any matched entry
RT-f2e896ede8	root	עשׁת	hewiktionary	SILVER	traditional_class	no גזרה stated by any matched entry
RT-b24d7fc8f9	root	ירט	hewiktionary	SILVER	traditional_class	no גזרה stated by any matched entry
RT-dd6547c3ca	root	בזה	hewiktionary	SILVER	traditional_class	no גזרה stated by any matched entry
RT-f091a752db	root	חושׁ	hewiktionary	QUESTIONABLE	traditional_class	no גזרה stated by any matched entry
RT-f32d1aa2f9	root	חשׁשׁ	hewiktionary	QUESTIONABLE	traditional_class	no גזרה stated by any matched entry
RT-1d1def4a07	root	עמס	hewiktionary	SILVER	traditional_class	no גזרה stated by any matched entry
RT-2e56b27af7	root	צבט	hewiktionary	SILVER	traditional_class	no גזרה stated by any matched entry
RT-ccf63146e5	root	טרד	hewiktionary	SILVER	traditional_class	no גזרה stated by any matched entry
RT-02988a28d4	root	מרצ	hewiktionary	SILVER	traditional_class	no גזרה stated by any matched entry
RT-a33bf020b8	root	קרד	hewiktionary	SILVER	traditional_class	no גזרה stated by any matched entry
RT-949f84915a	root	עסק	hewiktionary	SILVER	traditional_class	no גזרה stated by any matched entry
RT-de6eb83321	root	איב	hewiktionary	SILVER	traditional_class	no גזרה stated by any matched entry
RT-9992d24c3a	root	שׂטמ	hewiktionary	SILVER	traditional_class	no גזרה stated by any matched entry
RT-a9bcda5f63	root	מול	hewiktionary	SILVER	traditional_class	no גזרה stated by any matched entry
RT-3fd46ca2aa	root	נכח	hewiktionary	SILVER	traditional_class	no גזרה stated by any matched entry
RT-dd95bdb4d3	root	פגמ	hewiktionary	SILVER	traditional_class	no גזרה stated by any matched entry
RT-f79488d492	root	שׁקק	hewiktionary	SILVER	traditional_class	no גזרה stated by any matched entry
RT-ca07876e06	root	אטמ	hewiktionary	SILVER	traditional_class	no גזרה stated by any matched entry
RT-b19226c98f	root	קננ	hewiktionary	SILVER	traditional_class	no גזרה stated by any matched entry
RT-f13e8f4691	root	פער	hewiktionary	SILVER	traditional_class	no גזרה stated by any matched entry
RT-0f8352e1b5	root	כלכל	hewiktionary	SILVER	traditional_class	no גזרה stated by any matched entry
RT-c7b3ff7026	root	תכפ	hewiktionary	SILVER	traditional_class	no גזרה stated by any matched entry
RT-143663ff45	root	גבשׁ	hewiktionary	SILVER	traditional_class	no גזרה stated by any matched entry
RT-4299829fa1	root	סלפ	hewiktionary	SILVER	traditional_class	no גזרה stated by any matched entry
RT-ffaf72069e	root	אנפ	hewiktionary	SILVER	traditional_class	no גזרה stated by any matched entry
RT-268e422c29	root	סבנ	hewiktionary	SILVER	traditional_class	no גזרה stated by any matched entry
RT-41044ae67f	root	לאה	hewiktionary	SILVER	traditional_class	no גזרה stated by any matched entry
RT-d27cc4c0ab	root	שפח	hewiktionary	SILVER	traditional_class	no גזרה stated by any matched entry
RT-0356879318	root	מקח	hewiktionary	SILVER	traditional_class	no גזרה stated by any matched entry
RT-926f3da5cc	root	חוב	hewiktionary	SILVER	traditional_class	no גזרה stated by any matched entry
RT-b1d454f35a	root	חבא	hewiktionary	SILVER	traditional_class	no גזרה stated by any matched entry
RT-0cd0324455	root	תלשׁ	hewiktionary	SILVER	traditional_class	no גזרה stated by any matched entry
RT-5a65a0c9b1	root	רשׁל	hewiktionary	SILVER	traditional_class	no גזרה stated by any matched entry
RT-09566abc4d	root	זהר	hewiktionary	SILVER	traditional_class	no גזרה stated by any matched entry
RT-eeaa6b0e3c	root	סנק	hewiktionary	SILVER	traditional_class	no גזרה stated by any matched entry
RT-bba67db429	root	סטר	hewiktionary	SILVER	traditional_class	no גזרה stated by any matched entry
RT-88597151e9	root	יבב	hewiktionary	SILVER	traditional_class	no גזרה stated by any matched entry
RT-f6c95f0c12	root	לתת	hewiktionary	SILVER	traditional_class	no גזרה stated by any matched entry
RT-e5bf0887b2	root	קשׁקשׁ	hewiktionary	SILVER	traditional_class	no גזרה stated by any matched entry
RT-af8165349c	root	בגר	hewiktionary	SILVER	traditional_class	no גזרה stated by any matched entry
RT-becb3a7e7a	root	נשׁא	hewiktionary	SILVER	traditional_class	no גזרה stated by any matched entry
RT-a2bf8cf531	root	רקמ	hewiktionary	SILVER	traditional_class	no גזרה stated by any matched entry
RT-599686b89e	root	חסל	hewiktionary	SILVER	traditional_class	no גזרה stated by any matched entry
RT-436eafbbb6	root	כתשׁ	hewiktionary	SILVER	traditional_class	no גזרה stated by any matched entry
RT-5d94311a0e	root	כרה	hewiktionary	SILVER	traditional_class	no גזרה stated by any matched entry
RT-e97d79c362	root	נתח	hewiktionary	SILVER	traditional_class	no גזרה stated by any matched entry
RT-2be01686db	root	פרשׂ	hewiktionary	SILVER	traditional_class	no גזרה stated by any matched entry
RT-dfd682b5ee	root	צמצמ	hewiktionary	SILVER	traditional_class	no גזרה stated by any matched entry
RT-24d27943db	root	פסע	hewiktionary	SILVER	traditional_class	no גזרה stated by any matched entry
RT-a83714d606	root	תחמ	hewiktionary	SILVER	traditional_class	no גזרה stated by any matched entry
RT-56ef8ea7a5	root	סרס	hewiktionary	SILVER	traditional_class	no גזרה stated by any matched entry
RT-89d1d13924	root	דעכ	hewiktionary	SILVER	traditional_class	no גזרה stated by any matched entry
RT-d301c38cc1	root	שׁככ	hewiktionary	SILVER	traditional_class	no גזרה stated by any matched entry
RT-1a50463af6	root	שׁבק	hewiktionary	SILVER	traditional_class	no גזרה stated by any matched entry
RT-0e0f634816	root	רטנ	hewiktionary	SILVER	traditional_class	no גזרה stated by any matched entry
RT-8bd11b618a	root	צוח	hewiktionary	SILVER	traditional_class	no גזרה stated by any matched entry
RT-d7aed3e328	root	רמס	hewiktionary	SILVER	traditional_class	no גזרה stated by any matched entry
RT-9ffd6a6220	root	רמש	hewiktionary	SILVER	traditional_class	no גזרה stated by any matched entry
RT-3c47295e43	root	שׁחנ	hewiktionary	SILVER	traditional_class	no גזרה stated by any matched entry
RT-1846467fb2	root	מרה	hewiktionary	SILVER	traditional_class	no גזרה stated by any matched entry
RT-b2a648fac6	root	ערצ	hewiktionary	SILVER	traditional_class	no גזרה stated by any matched entry
RT-845eeb4ac7	root	סלעמ	hewiktionary	SILVER	traditional_class	no גזרה stated by any matched entry
RT-9414589448	root	בחל	hewiktionary	SILVER	traditional_class	no גזרה stated by any matched entry
RT-92a9ad90f0	root	טול	hewiktionary	SILVER	traditional_class	no גזרה stated by any matched entry
RT-30dfa2a9f1	root	פגל	hewiktionary	SILVER	traditional_class	no גזרה stated by any matched entry
RT-6d4d0f2a62	root	צבה	hewiktionary	SILVER	traditional_class	no גזרה stated by any matched entry
RT-4cc0e37039	root	כתת	hewiktionary	SILVER	traditional_class	no גזרה stated by any matched entry
RT-e32faeb09c	root	אחה	hewiktionary	SILVER	traditional_class	no גזרה stated by any matched entry
RT-081209e708	root	שׁזפ	hewiktionary	SILVER	traditional_class	no גזרה stated by any matched entry
RT-741a5c9e09	root	פצל	hewiktionary	SILVER	traditional_class	no גזרה stated by any matched entry
RT-6b4e752ef1	root	ערבל	hewiktionary	SILVER	traditional_class	no גזרה stated by any matched entry
RT-9e0a360e6c	root	חצב	hewiktionary	SILVER	traditional_class	no גזרה stated by any matched entry
RT-1d9e10df08	root	נאה	hewiktionary	SILVER	traditional_class	no גזרה stated by any matched entry
RT-1f1437f43d	root	נוה	hewiktionary	SILVER	traditional_class	no גזרה stated by any matched entry
RT-1ad38ffe50	root	שׂמל	hewiktionary	SILVER	traditional_class	no גזרה stated by any matched entry
RT-642ba00dca	root	לטשׁ	hewiktionary	SILVER	traditional_class	no גזרה stated by any matched entry
RT-b89dc9fae4	root	תפח	hewiktionary	SILVER	traditional_class	no גזרה stated by any matched entry
RT-e6c217caee	root	פקמ	hewiktionary	SILVER	traditional_class	no גזרה stated by any matched entry
RT-94fdcd059a	root	מהה	hewiktionary	SILVER	traditional_class	no גזרה stated by any matched entry
RT-d96f659bf5	root	זעכ	hewiktionary	SILVER	traditional_class	no גזרה stated by any matched entry
RT-947acede0f	root	אנח	hewiktionary	SILVER	traditional_class	no גזרה stated by any matched entry
RT-3b72332305	root	בעה	hewiktionary	SILVER	traditional_class	no גזרה stated by any matched entry
RT-1ee3242a6e	root	זפפ	hewiktionary	SILVER	traditional_class	no גזרה stated by any matched entry
RT-6c452f1fa7	root	אפל	hewiktionary	SILVER	traditional_class	no גזרה stated by any matched entry
RT-721a2321fd	root	שׁגה	hewiktionary	SILVER	traditional_class	no גזרה stated by any matched entry
RT-1faeea18e4	root	שׂגה	hewiktionary	SILVER	traditional_class	no גזרה stated by any matched entry
RT-296eda3e0f	root	סנפ	hewiktionary	SILVER	traditional_class	no גזרה stated by any matched entry
RT-5c44a62be4	root	סיד	hewiktionary	SILVER	traditional_class	no גזרה stated by any matched entry
RT-68b67b769a	root	יעט	hewiktionary	SILVER	traditional_class	no גזרה stated by any matched entry
RT-4b8e8be7db	root	קטט	hewiktionary	SILVER	traditional_class	no גזרה stated by any matched entry
RT-f26cb3ea22	root	נקט	hewiktionary	SILVER	traditional_class	no גזרה stated by any matched entry
RT-d2a37353d2	root	אפד	hewiktionary	SILVER	traditional_class	no גזרה stated by any matched entry
RT-e11ac4a048	root	רכל	hewiktionary	SILVER	traditional_class	no גזרה stated by any matched entry
RT-60d90ee5cd	root	זקק	hewiktionary	SILVER	traditional_class	no גזרה stated by any matched entry
RT-509a279190	root	שׁלשׁל	hewiktionary	SILVER	traditional_class	no גזרה stated by any matched entry
RT-82f5013a55	root	קסס	hewiktionary	SILVER	traditional_class	no גזרה stated by any matched entry
RT-f9c9f2372b	root	אלתר	hewiktionary	SILVER	traditional_class	no גזרה stated by any matched entry
RT-822ba2b140	root	חדל	hewiktionary	SILVER	traditional_class	no גזרה stated by any matched entry
RT-71be556080	root	חפנ	hewiktionary	SILVER	traditional_class	no גזרה stated by any matched entry
RT-d673a82822	root	עמצ	hewiktionary	SILVER	traditional_class	no גזרה stated by any matched entry
RT-1d4e05c65c	root	כבר	hewiktionary	SILVER	traditional_class	no גזרה stated by any matched entry
RT-19c2fd990e	root	בהה	hewiktionary	SILVER	traditional_class	no גזרה stated by any matched entry
RT-78c58a161c	root	כרכב	hewiktionary	SILVER	traditional_class	no גזרה stated by any matched entry
RT-937e748d29	root	נהל	hewiktionary	SILVER	traditional_class	no גזרה stated by any matched entry
RT-f83c27710e	root	פחס	hewiktionary	SILVER	traditional_class	no גזרה stated by any matched entry
RT-46afae83ab	root	זרה	hewiktionary	SILVER	traditional_class	no גזרה stated by any matched entry
RT-83a615f3ff	root	רקק	hewiktionary	SILVER	traditional_class	no גזרה stated by any matched entry
RT-1fdbee8c16	root	שׁגשׁ	hewiktionary	SILVER	traditional_class	no גזרה stated by any matched entry
RT-acec861a8e	root	שׁנק	hewiktionary	SILVER	traditional_class	no גזרה stated by any matched entry
RT-4c43d3c465	root	רתק	hewiktionary	SILVER	traditional_class	no גזרה stated by any matched entry
RT-7853c1418e	root	שׁקשׁק	hewiktionary	SILVER	traditional_class	no גזרה stated by any matched entry
RT-cdb0bed471	root	שׁקלל	hewiktionary	SILVER	traditional_class	no גזרה stated by any matched entry
RT-79a16252a7	root	רכנ	hewiktionary	SILVER	traditional_class	no גזרה stated by any matched entry
RT-4668601ff8	root	אפפ	hewiktionary	SILVER	traditional_class	no גזרה stated by any matched entry
RT-889a0249ea	root	גיח	hewiktionary	SILVER	traditional_class	no גזרה stated by any matched entry
RT-e406d2f673	root	דלח	hewiktionary	SILVER	traditional_class	no גזרה stated by any matched entry
RT-fbd6670e98	root	סנכרנ	hewiktionary	SILVER	traditional_class	no גזרה stated by any matched entry
RT-610137dab8	root	באשׁ	hewiktionary	SILVER	traditional_class	no גזרה stated by any matched entry
RT-a1470bcbc2	root	עתר	hewiktionary	SILVER	traditional_class	no גזרה stated by any matched entry
RT-f637eb6660	root	בצבצ	hewiktionary	SILVER	traditional_class	no גזרה stated by any matched entry
RT-bff3e88a04	root	מהל	hewiktionary	SILVER	traditional_class	no גזרה stated by any matched entry
RT-86b216b77b	root	שׁיפ	hewiktionary	SILVER	traditional_class	no גזרה stated by any matched entry
RT-b6db0edbaa	root	פלצ	hewiktionary	SILVER	traditional_class	no גזרה stated by any matched entry
RT-e8df882d16	root	צית	hewiktionary	SILVER	traditional_class	no גזרה stated by any matched entry
RT-c0ffdbeb48	root	שׁאה	hewiktionary	SILVER	traditional_class	no גזרה stated by any matched entry
RT-062821eb69	root	לוט	hewiktionary	SILVER	traditional_class	no גזרה stated by any matched entry
RT-19744939cb	root	בזר	hewiktionary	SILVER	traditional_class	no גזרה stated by any matched entry
RT-96500fbad5	root	דוה	hewiktionary	SILVER	traditional_class	no גזרה stated by any matched entry
RT-a5ff775f96	root	אזק	hewiktionary	SILVER	traditional_class	no גזרה stated by any matched entry
RT-62a1b37361	root	צפנ	hewiktionary	SILVER	traditional_class	no גזרה stated by any matched entry
RT-6a1260cfd2	root	פוק	hewiktionary	SILVER	traditional_class	no גזרה stated by any matched entry
RT-c481527d6c	root	פמפמ	hewiktionary	SILVER	traditional_class	no גזרה stated by any matched entry
RT-d4950f1f2f	root	תכה	hewiktionary	SILVER	traditional_class	no גזרה stated by any matched entry
RT-52a5ae4fa5	root	זנק	hewiktionary	SILVER	traditional_class	no גזרה stated by any matched entry
RT-9e354768f9	root	שׁנרר	hewiktionary	SILVER	traditional_class	no גזרה stated by any matched entry
RT-f60d011bc6	root	לחת	hewiktionary	SILVER	traditional_class	no גזרה stated by any matched entry
RT-b30f69f409	root	כאה	hewiktionary	SILVER	traditional_class	no גזרה stated by any matched entry
RT-cb5af31bd7	root	גער	hewiktionary	SILVER	traditional_class	no גזרה stated by any matched entry
RT-bb1c9ec51d	root	גדד	hewiktionary	QUESTIONABLE	traditional_class	no גזרה stated by any matched entry
RT-213133841d	root	געשׁ	hewiktionary	SILVER	traditional_class	no גזרה stated by any matched entry
RT-37aeafcb52	root	רבצ	hewiktionary	SILVER	traditional_class	no גזרה stated by any matched entry
RT-6538f730d9	root	חבלל	hewiktionary	SILVER	traditional_class	no גזרה stated by any matched entry
RT-e08394f095	root	פצח	hewiktionary	SILVER	traditional_class	no גזרה stated by any matched entry
RT-21d2613cf4	root	כחד	hewiktionary	SILVER	traditional_class	no גזרה stated by any matched entry
RT-02caa30414	root	כמשׁ	hewiktionary	SILVER	traditional_class	no גזרה stated by any matched entry
RT-3ba5425814	root	נקר	hewiktionary	SILVER	traditional_class	no גזרה stated by any matched entry
RT-5f7ccd0fc6	root	שׁזר	hewiktionary	SILVER	traditional_class	no גזרה stated by any matched entry
RT-f7e92227d1	root	גהר	hewiktionary	SILVER	traditional_class	no גזרה stated by any matched entry
RT-3925fcf4ea	root	טרר	hewiktionary	SILVER	traditional_class	no גזרה stated by any matched entry
RT-fb2a4250e6	root	עתק	hewiktionary	SILVER	traditional_class	no גזרה stated by any matched entry
RT-4617c2c36f	root	לעב	hewiktionary	SILVER	traditional_class	no גזרה stated by any matched entry
RT-8ae8578f04	root	בתק	hewiktionary	SILVER	traditional_class	no גזרה stated by any matched entry
RT-e85e1b613e	root	גלשׁ	hewiktionary	SILVER	traditional_class	no גזרה stated by any matched entry
RT-5e457a606e	root	טלפנ	hewiktionary	SILVER	traditional_class	no גזרה stated by any matched entry
RT-cb04cdcd88	root	נבע	hewiktionary	SILVER	traditional_class	no גזרה stated by any matched entry
RT-047b228b68	root	בעי	hewiktionary	SILVER	traditional_class	no גזרה stated by any matched entry
RT-a32b655d4b	root	סממ	hewiktionary	SILVER	traditional_class	no גזרה stated by any matched entry
RT-f7d30d2aa6	root	חרטט	hewiktionary	SILVER	traditional_class	no גזרה stated by any matched entry
RT-a28106462e	root	סרר	hewiktionary	SILVER	traditional_class	no גזרה stated by any matched entry
RT-51ac413aee	root	חרט	hewiktionary	SILVER	traditional_class	no גזרה stated by any matched entry
RT-c1af000a7e	root	גרע	hewiktionary	SILVER	traditional_class	no גזרה stated by any matched entry
RT-3e15001050	root	כער	hewiktionary	SILVER	traditional_class	no גזרה stated by any matched entry
RT-78d5c9c11a	root	רטט	hewiktionary	SILVER	traditional_class	no גזרה stated by any matched entry
RT-d00ca3b87b	root	חשׁל	hewiktionary	SILVER	traditional_class	no גזרה stated by any matched entry
RT-f2ea9f926d	root	לגמ	hewiktionary	SILVER	traditional_class	no גזרה stated by any matched entry
RT-c8ccc36a8e	root	נחה	hewiktionary	SILVER	traditional_class	no גזרה stated by any matched entry
RT-0af6bcbe23	root	גמע	hewiktionary	SILVER	traditional_class	no גזרה stated by any matched entry
RT-f55ae1810e	root	שׁנס	hewiktionary	SILVER	traditional_class	no גזרה stated by any matched entry
RT-cda154b646	root	חסמ	hewiktionary	SILVER	traditional_class	no גזרה stated by any matched entry
RT-84b5717353	root	פנטז	hewiktionary	SILVER	traditional_class	no גזרה stated by any matched entry
RT-0aae7aa856	root	שׁעט	hewiktionary	SILVER	traditional_class	no גזרה stated by any matched entry
RT-367493d272	root	קנב	hewiktionary	SILVER	traditional_class	no גזרה stated by any matched entry
RT-9f57e809c5	root	תחב	hewiktionary	SILVER	traditional_class	no גזרה stated by any matched entry
RT-52de2b32fa	root	שׁתע	hewiktionary	SILVER	traditional_class	no גזרה stated by any matched entry
RT-648830acfd	root	דחס	hewiktionary	SILVER	traditional_class	no גזרה stated by any matched entry
RT-cc85e15fbb	root	פטפט	hewiktionary	SILVER	traditional_class	no גזרה stated by any matched entry
RT-fdbd63ec87	root	הסה	hewiktionary	SILVER	traditional_class	no גזרה stated by any matched entry
RT-1878f87e64	root	פשק	hewiktionary	SILVER	traditional_class	no גזרה stated by any matched entry
RT-73d6b0dab7	root	דלג	hewiktionary	SILVER	traditional_class	no גזרה stated by any matched entry
RT-27ca062b38	root	חשׁה	hewiktionary	SILVER	traditional_class	no גזרה stated by any matched entry
RT-a34abbeea1	root	רצפ	hewiktionary	SILVER	traditional_class	no גזרה stated by any matched entry
RT-7204cdc37c	root	יאשׁ	hewiktionary	SILVER	traditional_class	no גזרה stated by any matched entry
RT-922cb6c4e1	root	חרצ	hewiktionary	SILVER	traditional_class	no גזרה stated by any matched entry
RT-1906ffb035	root	גהצ	hewiktionary	SILVER	traditional_class	no גזרה stated by any matched entry
RT-288127f15a	root	נהה	hewiktionary	SILVER	traditional_class	no גזרה stated by any matched entry
RT-fd16f78c26	root	שׁאפ	hewiktionary	SILVER	traditional_class	no גזרה stated by any matched entry
RT-110f1c3c61	root	גבל	hewiktionary	SILVER	traditional_class	no גזרה stated by any matched entry
RT-7e4e414961	root	שׁרבב	hewiktionary	SILVER	traditional_class	no גזרה stated by any matched entry
RT-67d87b6b86	root	לעג	hewiktionary	SILVER	traditional_class	no גזרה stated by any matched entry
RT-38002cc810	root	אכנ	hewiktionary	SILVER	traditional_class	no גזרה stated by any matched entry
RT-3657329068	root	כדרר	hewiktionary	SILVER	traditional_class	no גזרה stated by any matched entry
RT-ac4a1c0dda	root	גזז	hewiktionary	SILVER	traditional_class	no גזרה stated by any matched entry
RT-76e053d821	root	חלנ	hewiktionary	SILVER	traditional_class	no גזרה stated by any matched entry
RT-eaf2849b74	root	פדח	hewiktionary	SILVER	traditional_class	no גזרה stated by any matched entry
RT-cb6a6fd0d3	root	מחשׁ	hewiktionary	SILVER	traditional_class	no גזרה stated by any matched entry
RT-32ec0d1953	root	מחז	hewiktionary	SILVER	traditional_class	no גזרה stated by any matched entry
RT-d407431423	root	כסס	hewiktionary	SILVER	traditional_class	no גזרה stated by any matched entry
RT-7408c9e3f6	root	שׂרכ	hewiktionary	SILVER	traditional_class	no גזרה stated by any matched entry
RT-66a3c466d7	root	עפשׁ	hewiktionary	SILVER	traditional_class	no גזרה stated by any matched entry
RT-4c0d146e15	root	רקב	hewiktionary	SILVER	traditional_class	no גזרה stated by any matched entry
RT-a533f6d0a3	root	חבב	hewiktionary	SILVER	traditional_class	no גזרה stated by any matched entry
RT-f183f627c9	root	פתת	hewiktionary	SILVER	traditional_class	no גזרה stated by any matched entry
RT-63550b681a	root	שׁאט	hewiktionary	SILVER	traditional_class	no גזרה stated by any matched entry
RT-1bd7afff5f	root	פצר	hewiktionary	SILVER	traditional_class	no גזרה stated by any matched entry
RT-0478ac0c9d	root	זגזג	hewiktionary	SILVER	traditional_class	no גזרה stated by any matched entry
RT-8499dc8587	root	רעד	hewiktionary	SILVER	traditional_class	no גזרה stated by any matched entry
RT-048e0bab91	root	נפק	hewiktionary	SILVER	traditional_class	no גזרה stated by any matched entry
RT-512717bb30	root	שׁאב	hewiktionary	SILVER	traditional_class	no גזרה stated by any matched entry
RT-1e774de745	root	גחכ	hewiktionary	SILVER	traditional_class	no גזרה stated by any matched entry
RT-fd977e1cf9	root	ערל	hewiktionary	SILVER	traditional_class	no גזרה stated by any matched entry
RT-67649397ed	root	רטפשׁ	hewiktionary	SILVER	traditional_class	no גזרה stated by any matched entry
RT-ec2a80155a	root	עדה	hewiktionary	SILVER	traditional_class	no גזרה stated by any matched entry
RT-cf7e01d3f6	root	סחב	hewiktionary	SILVER	traditional_class	no גזרה stated by any matched entry
RT-6408c78cb2	root	נתשׁ	hewiktionary	SILVER	traditional_class	no גזרה stated by any matched entry
RT-395426c947	root	כפת	hewiktionary	SILVER	traditional_class	no גזרה stated by any matched entry
RT-bffb813d7c	root	אלצ	hewiktionary	SILVER	traditional_class	no גזרה stated by any matched entry
RT-03ba1b9a32	root	כמנ	hewiktionary	SILVER	traditional_class	no גזרה stated by any matched entry
RT-b4b09c5f50	root	שׁלה	hewiktionary	QUESTIONABLE	traditional_class	no גזרה stated by any matched entry
RT-d678515145	root	לפפ	hewiktionary	SILVER	traditional_class	no גזרה stated by any matched entry
RT-0fa8543c38	root	קרצ	hewiktionary	SILVER	traditional_class	no גזרה stated by any matched entry
RT-902ca6f512	root	צמק	hewiktionary	SILVER	traditional_class	no גזרה stated by any matched entry
RT-2dcadc48ea	root	פלה	hewiktionary	SILVER	traditional_class	no גזרה stated by any matched entry
RT-def1eca1d9	root	יננ	hewiktionary	SILVER	traditional_class	no גזרה stated by any matched entry
RT-c3c52e5393	root	רכשׁ	hewiktionary	SILVER	traditional_class	no גזרה stated by any matched entry
RT-aed2b60452	root	חרת	hewiktionary	SILVER	traditional_class	no גזרה stated by any matched entry
RT-3af8cdeab7	root	זבח	hewiktionary	SILVER	traditional_class	no גזרה stated by any matched entry
RT-b54ccef32c	root	סאנ	hewiktionary	SILVER	traditional_class	no גזרה stated by any matched entry
RT-d6c5bdad67	root	אבס	hewiktionary	SILVER	traditional_class	no גזרה stated by any matched entry
RT-25af95dfe2	root	בסה	hewiktionary	SILVER	traditional_class	no גזרה stated by any matched entry
RT-8fa5f005ca	root	אורר	hewiktionary	SILVER	traditional_class	no גזרה stated by any matched entry
RT-a8437e4139	root	אזר	hewiktionary	SILVER	traditional_class	no גזרה stated by any matched entry
RT-5f60d7e122	root	גדע	hewiktionary	SILVER	traditional_class	no גזרה stated by any matched entry
RT-9fccd31f23	root	בטשׁ	hewiktionary	SILVER	traditional_class	no גזרה stated by any matched entry
RT-ba49b60353	root	בלפ	hewiktionary	SILVER	traditional_class	no גזרה stated by any matched entry
RT-d821034dc0	root	רעצ	hewiktionary	SILVER	traditional_class	no גזרה stated by any matched entry
RT-ebf1afcd02	root	אלח	hewiktionary	SILVER	traditional_class	no גזרה stated by any matched entry
RT-162126504c	root	גלע	hewiktionary	SILVER	traditional_class	no גזרה stated by any matched entry
RT-4ec67261db	root	גלפ	hewiktionary	SILVER	traditional_class	no גזרה stated by any matched entry
RT-2029699c21	root	בהל	hewiktionary	SILVER	traditional_class	no גזרה stated by any matched entry
RT-b22616692c	root	ביצ	hewiktionary	SILVER	traditional_class	no גזרה stated by any matched entry
RT-6f1a0f16c0	root	יקע	hewiktionary	SILVER	traditional_class	no גזרה stated by any matched entry
RT-bf89e1fa68	root	שׁגח	hewiktionary	SILVER	traditional_class	no גזרה stated by any matched entry
RT-3f905dc399	root	קעקע	hewiktionary	QUESTIONABLE	traditional_class	no גזרה stated by any matched entry
RT-f7f37feb7f	root	אפסנ	hewiktionary	SILVER	traditional_class	no גזרה stated by any matched entry
RT-21a2f1186e	root	אכסנ	hewiktionary	SILVER	traditional_class	no גזרה stated by any matched entry
RT-7284aa7816	root	בחשׁ	hewiktionary	SILVER	traditional_class	no גזרה stated by any matched entry
RT-ba71723eec	root	ספד	hewiktionary	SILVER	traditional_class	no גזרה stated by any matched entry
RT-ca32bffe80	root	גזל	hewiktionary	SILVER	traditional_class	no גזרה stated by any matched entry
RT-4435a5e63a	root	יחמ	hewiktionary	SILVER	traditional_class	no גזרה stated by any matched entry
RT-e4f12f61be	root	חבט	hewiktionary	SILVER	traditional_class	no גזרה stated by any matched entry
RT-74766b96b0	root	דמע	hewiktionary	SILVER	traditional_class	no גזרה stated by any matched entry
RT-5c051c11ac	root	גנח	hewiktionary	SILVER	traditional_class	no גזרה stated by any matched entry
RT-b727a4a80e	root	קלשׁ	hewiktionary	SILVER	traditional_class	no גזרה stated by any matched entry
RT-125f11f995	root	דחק	hewiktionary	SILVER	traditional_class	no גזרה stated by any matched entry
RT-852d7416bf	root	עבה	hewiktionary	SILVER	traditional_class	no גזרה stated by any matched entry
RT-30a6f47f0e	root	סטה	hewiktionary	QUESTIONABLE	traditional_class	no גזרה stated by any matched entry
RT-7d1cd9893a	root	לסטמ	hewiktionary	SILVER	traditional_class	no גזרה stated by any matched entry
RT-f97f3c797f	root	מסטל	hewiktionary	SILVER	traditional_class	no גזרה stated by any matched entry
RT-87d36b71a1	root	געגע	hewiktionary	SILVER	traditional_class	no גזרה stated by any matched entry
RT-17ebedb8c4	root	צנח	hewiktionary	SILVER	traditional_class	no גזרה stated by any matched entry
RT-1b470d25d8	root	יגע	hewiktionary	SILVER	traditional_class	no גזרה stated by any matched entry
RT-f3444774e3	root	סיט	hewiktionary	SILVER	traditional_class	no גזרה stated by any matched entry
RT-f72f591371	root	נסר	hewiktionary	SILVER	traditional_class	no גזרה stated by any matched entry
RT-cc0fbbb806	root	פקשׁשׁ	hewiktionary	SILVER	traditional_class	no גזרה stated by any matched entry
RT-b010fd2371	root	טוה	hewiktionary	SILVER	traditional_class	no גזרה stated by any matched entry
RT-25f97b0a59	root	בהמ	hewiktionary	SILVER	traditional_class	no גזרה stated by any matched entry
RT-84e78dee6f	root	הבהב	hewiktionary	SILVER	traditional_class	no גזרה stated by any matched entry
RT-fdf5c74c2d	root	נמנמ	hewiktionary	SILVER	traditional_class	no גזרה stated by any matched entry
RT-ce88620ebe	root	עכל	hewiktionary	SILVER	traditional_class	no גזרה stated by any matched entry
RT-af2e21e2d1	root	פשׁח	hewiktionary	SILVER	traditional_class	no גזרה stated by any matched entry
RT-66438b41e1	root	הרהר	hewiktionary	SILVER	traditional_class	no גזרה stated by any matched entry
RT-6ad331ef73	root	טפטפ	hewiktionary	SILVER	traditional_class	no גזרה stated by any matched entry
RT-8c50a9739e	root	נשׂק	hewiktionary	QUESTIONABLE	traditional_class	no גזרה stated by any matched entry
RT-f24de6c110	root	תמרנ	hewiktionary	SILVER	traditional_class	no גזרה stated by any matched entry
RT-1a96641ab4	root	יעפ	hewiktionary	SILVER	traditional_class	no גזרה stated by any matched entry
RT-ecb7dfc298	root	שׁספ	hewiktionary	SILVER	traditional_class	no גזרה stated by any matched entry
RT-f93197a1d7	root	לכד	hewiktionary	SILVER	traditional_class	no גזרה stated by any matched entry
RT-b6126052c6	root	מלכד	hewiktionary	SILVER	traditional_class	no גזרה stated by any matched entry
RT-39f701c28d	root	שׁתת	hewiktionary	SILVER	traditional_class	no גזרה stated by any matched entry
RT-8146323dd4	root	עלב	hewiktionary	SILVER	traditional_class	no גזרה stated by any matched entry
RT-34ecb12e60	root	דגה	hewiktionary	SILVER	traditional_class	no גזרה stated by any matched entry
RT-89e8de30e4	root	גבב	hewiktionary	SILVER	traditional_class	no גזרה stated by any matched entry
RT-f200d31c68	root	מלג	hewiktionary	SILVER	traditional_class	no גזרה stated by any matched entry
RT-15a709e3f3	root	ביל	hewiktionary	SILVER	traditional_class	no גזרה stated by any matched entry
RT-39ef5d00e7	root	זלפ	hewiktionary	SILVER	traditional_class	no גזרה stated by any matched entry
RT-0c7256c985	root	הגר	hewiktionary	SILVER	traditional_class	no גזרה stated by any matched entry
RT-4630f2cb07	root	מרט	hewiktionary	SILVER	traditional_class	no גזרה stated by any matched entry
RT-d5b5cc21d6	root	בימ	hewiktionary	SILVER	traditional_class	no גזרה stated by any matched entry
RT-29965d3c66	root	קשׁח	hewiktionary	SILVER	traditional_class	no גזרה stated by any matched entry
RT-005d099ee4	root	משׁשׁ	hewiktionary	SILVER	traditional_class	no גזרה stated by any matched entry
RT-1735166480	root	טפפ	hewiktionary	SILVER	traditional_class	no גזרה stated by any matched entry
RT-fca73dc95b	root	עכס	hewiktionary	SILVER	traditional_class	no גזרה stated by any matched entry
RT-a604820614	root	קיא	hewiktionary	SILVER	traditional_class	no גזרה stated by any matched entry
RT-783b47d43e	root	קיה	hewiktionary	SILVER	traditional_class	no גזרה stated by any matched entry
RT-e4b54354ea	root	חתה	hewiktionary	SILVER	traditional_class	no גזרה stated by any matched entry
RT-97117719e0	root	שׁקפ	hewiktionary	SILVER	traditional_class	no גזרה stated by any matched entry
RT-2a1afc9c58	root	שׁכלל	hewiktionary	QUESTIONABLE	traditional_class	no גזרה stated by any matched entry
RT-14cdad3aa5	root	סגה	hewiktionary	SILVER	traditional_class	no גזרה stated by any matched entry
RT-e4d5efe2ce	root	גמגמ	hewiktionary	SILVER	traditional_class	no גזרה stated by any matched entry
RT-c32105e195	root	שׂרטט	hewiktionary	SILVER	traditional_class	no גזרה stated by any matched entry
RT-9c5da05cdf	root	הדהד	hewiktionary	SILVER	traditional_class	no גזרה stated by any matched entry
RT-04054237be	root	רתע	hewiktionary	SILVER	traditional_class	no גזרה stated by any matched entry
RT-8cc3444dab	root	תעתע	hewiktionary	SILVER	traditional_class	no גזרה stated by any matched entry
RT-808404c5fd	root	פקפק	hewiktionary	SILVER	traditional_class	no גזרה stated by any matched entry
RT-1b9610e414	root	שׁמת	hewiktionary	SILVER	traditional_class	no גזרה stated by any matched entry
RT-a414998d31	root	פקר	hewiktionary	SILVER	traditional_class	no גזרה stated by any matched entry
RT-e53ebf1657	root	צלה	hewiktionary	SILVER	traditional_class	no גזרה stated by any matched entry
RT-036d3c8101	root	תרצ	hewiktionary	SILVER	traditional_class	no גזרה stated by any matched entry
RT-b600d653cc	root	נקז	hewiktionary	SILVER	traditional_class	no גזרה stated by any matched entry
RT-647751c903	root	אשׁפז	hewiktionary	SILVER	traditional_class	no גזרה stated by any matched entry
RT-18080bb1b0	root	כוצ	hewiktionary	SILVER	traditional_class	no גזרה stated by any matched entry
RT-2d30fb5f34	root	קצע	hewiktionary	SILVER	traditional_class	no גזרה stated by any matched entry
RT-288b0f3c18	root	יבא	hewiktionary	SILVER	traditional_class	no גזרה stated by any matched entry
RT-5c885f9ab4	root	תוי	hewiktionary	SILVER	traditional_class	no גזרה stated by any matched entry
RT-74cd744057	root	מחצ	hewiktionary	SILVER	traditional_class	no גזרה stated by any matched entry
RT-6e8fe90ff3	root	חדה	hewiktionary	SILVER	traditional_class	no גזרה stated by any matched entry
RT-c9d6ecc9d1	root	טמטמ	hewiktionary	SILVER	traditional_class	no גזרה stated by any matched entry
RT-558d505bc6	root	מצמצ	hewiktionary	SILVER	traditional_class	no גזרה stated by any matched entry
RT-bf52f4cbbc	root	תסכל	hewiktionary	SILVER	traditional_class	no גזרה stated by any matched entry
RT-d3366e65b5	root	נסח	hewiktionary	SILVER	traditional_class	no גזרה stated by any matched entry
RT-666631aca3	root	עטנ	hewiktionary	SILVER	traditional_class	no גזרה stated by any matched entry
RT-32967a2e1c	root	מלצ	hewiktionary	SILVER	traditional_class	no גזרה stated by any matched entry
RT-b850bdf69f	root	קשׁט	hewiktionary	SILVER	traditional_class	no גזרה stated by any matched entry
RT-e6d8db9b15	root	צעד	hewiktionary	SILVER	traditional_class	no גזרה stated by any matched entry
RT-dda947b043	root	רתפ	hewiktionary	SILVER	traditional_class	no גזרה stated by any matched entry
RT-88ef5a483c	root	פרשׁז	hewiktionary	SILVER	traditional_class	no גזרה stated by any matched entry
RT-9e2fc6038e	root	עשׁשׁ	hewiktionary	SILVER	traditional_class	no גזרה stated by any matched entry
RT-2ad61e82d7	root	מלמל	hewiktionary	SILVER	traditional_class	no גזרה stated by any matched entry
RT-2e66d82bcf	root	ברזג	hewiktionary	SILVER	traditional_class	no גזרה stated by any matched entry
RT-ccc6ba1ffc	root	ימר	hewiktionary	SILVER	traditional_class	no גזרה stated by any matched entry
RT-56c342f18a	root	תמר	hewiktionary	SILVER	traditional_class	no גזרה stated by any matched entry
RT-2911cb550b	root	מזמז	hewiktionary	SILVER	traditional_class	no גזרה stated by any matched entry
RT-1278ce0786	root	מזז	hewiktionary	SILVER	traditional_class	no גזרה stated by any matched entry
RT-5e92455390	root	אבב	hewiktionary	SILVER	traditional_class	no גזרה stated by any matched entry
RT-77f91135b5	root	גרז	hewiktionary	SILVER	traditional_class	no גזרה stated by any matched entry
RT-862eb6a051	root	יפח	hewiktionary	QUESTIONABLE	traditional_class	no גזרה stated by any matched entry
RT-5abaf78876	root	צרט	hewiktionary	SILVER	traditional_class	no גזרה stated by any matched entry
RT-7d9029cfdd	root	ממשׁק	hewiktionary	SILVER	traditional_class	no גזרה stated by any matched entry
RT-44aca3df67	root	פשׁר	hewiktionary	SILVER	traditional_class	no גזרה stated by any matched entry
RT-ba870756ab	root	דהמ	hewiktionary	SILVER	traditional_class	no גזרה stated by any matched entry
RT-10e7fa085e	root	שׁנמכ	hewiktionary	SILVER	traditional_class	no גזרה stated by any matched entry
RT-bba2b2b7a9	root	סמפת	hewiktionary	SILVER	traditional_class	no גזרה stated by any matched entry
RT-13bcd679c3	root	חרמ	hewiktionary	SILVER	traditional_class	no גזרה stated by any matched entry
RT-c5703d8ce4	root	שׂכה	hewiktionary	QUESTIONABLE	traditional_class	no גזרה stated by any matched entry
RT-ed0e7fddc7	root	שׂככ	hewiktionary	QUESTIONABLE	traditional_class	no גזרה stated by any matched entry
RT-077e75f3fc	root	רקח	hewiktionary	SILVER	traditional_class	no גזרה stated by any matched entry
RT-07d0fc6dcb	root	זרב	hewiktionary	SILVER	traditional_class	no גזרה stated by any matched entry
RT-74b9710732	root	כתמ	hewiktionary	SILVER	traditional_class	no גזרה stated by any matched entry
RT-083e94346d	root	כלב	hewiktionary	SILVER	traditional_class	no גזרה stated by any matched entry
RT-8bd957cd70	root	בשׂמ	hewiktionary	SILVER	traditional_class	no גזרה stated by any matched entry
RT-47abea61b2	root	כשׁכשׁ	hewiktionary	SILVER	traditional_class	no גזרה stated by any matched entry
RT-c086b31ab1	root	צמרר	hewiktionary	SILVER	traditional_class	no גזרה stated by any matched entry
RT-02740e1547	root	קמר	hewiktionary	SILVER	traditional_class	no גזרה stated by any matched entry
RT-bfd8cdfeeb	root	צוק	hewiktionary	SILVER	traditional_class	no גזרה stated by any matched entry
RT-177ccd388a	root	שׂקד	hewiktionary	SILVER	traditional_class	no גזרה stated by any matched entry
RT-a182a308db	root	יפיפ	hewiktionary	SILVER	traditional_class	no גזרה stated by any matched entry
RT-180846f196	root	שׁסה	hewiktionary	SILVER	traditional_class	no גזרה stated by any matched entry
RT-7f116fe503	root	קזז	hewiktionary	SILVER	traditional_class	no גזרה stated by any matched entry
RT-4dbf11feae	root	כסח	hewiktionary	SILVER	traditional_class	no גזרה stated by any matched entry
RT-a3417e4028	root	שׂרע	hewiktionary	SILVER	traditional_class	no גזרה stated by any matched entry
RT-cb6680ad86	root	רוע	hewiktionary	SILVER	traditional_class	no גזרה stated by any matched entry
RT-c6bfb22072	root	סנתז	hewiktionary	SILVER	traditional_class	no גזרה stated by any matched entry
RT-3a31a91ff7	root	חלחל	hewiktionary	SILVER	traditional_class	no גזרה stated by any matched entry
RT-c8f8ef349c	root	פנמ	hewiktionary	SILVER	traditional_class	no גזרה stated by any matched entry
RT-eb6402ee33	root	דשׁדשׁ	hewiktionary	SILVER	traditional_class	no גזרה stated by any matched entry
RT-4d052ac13b	root	צנע	hewiktionary	SILVER	traditional_class	no גזרה stated by any matched entry
RT-b6532552ab	root	צלק	hewiktionary	SILVER	traditional_class	no גזרה stated by any matched entry
RT-fa33aa0a11	root	תעה	hewiktionary	SILVER	traditional_class	no גזרה stated by any matched entry
RT-ba7a43cc5e	root	דרג	hewiktionary	SILVER	traditional_class	no גזרה stated by any matched entry
RT-649db91160	root	שׁמט	hewiktionary	SILVER	traditional_class	no גזרה stated by any matched entry
RT-69438fd26c	root	נתצ	hewiktionary	SILVER	traditional_class	no גזרה stated by any matched entry
RT-d7db40f0ac	root	פרז	hewiktionary	SILVER	traditional_class	no גזרה stated by any matched entry
RT-ab45007cdc	root	רדמ	hewiktionary	SILVER	traditional_class	no גזרה stated by any matched entry
RT-52cb551672	root	תכננ	hewiktionary	SILVER	traditional_class	no גזרה stated by any matched entry
wikt:entry:p1289:r521487:o5881:t0	wiktionary_entry	דָּבַר	hewiktionary		root|binyan	not ingested as a lexeme; binyan_raw='' root_raw=''
wikt:entry:p5846:r515020:o3997:t0	wiktionary_entry	שָׁבַט	hewiktionary		root	not ingested as a lexeme; binyan_raw='קל' root_raw=''
wikt:entry:p8585:r516789:o713:t0	wiktionary_entry	דָּק	hewiktionary		root|binyan	not ingested as a lexeme; binyan_raw='' root_raw=''
wikt:entry:p10150:r519680:o1258:t0	wiktionary_entry	עִקֵּל	hewiktionary		root	not ingested as a lexeme; binyan_raw='פיעל' root_raw='{{שרש3|ע|ק|לב}}'
wikt:entry:p10485:r443457:o0:t0	wiktionary_entry	כִרְאַגְרֵף	hewiktionary		root	not ingested as a lexeme; binyan_raw='פִּעֵל' root_raw='{{שרש|כראגרף|כ־ר־א־ג־ר־ף}}, משושים.'
wikt:entry:p11447:r413446:o391:t0	wiktionary_entry	הִתְפֻּטַּר	hewiktionary		binyan	not ingested as a lexeme; binyan_raw='' root_raw='{{שרש|פטר|פ־ט־ר}}'
wikt:entry:p14102:r512051:o251:t0	wiktionary_entry	פִקֵס	hewiktionary		root	not ingested as a lexeme; binyan_raw='פיעל' root_raw=''
wikt:entry:p14599:r413572:o1571:t0	wiktionary_entry	נָזַר	hewiktionary		binyan	not ingested as a lexeme; binyan_raw='' root_raw='{{שרש3|נ|ז|ר}}'
wikt:entry:p17854:r516284:o4536:t0	wiktionary_entry	חִלָּה	hewiktionary		root	not ingested as a lexeme; binyan_raw='פיעל' root_raw=''
wikt:entry:p17993:r515073:o5476:t0	wiktionary_entry	עָגַן	hewiktionary		root	not ingested as a lexeme; binyan_raw='קל' root_raw=''
wikt:entry:p19478:r512926:o4789:t0	wiktionary_entry	שָׁם	hewiktionary		root|binyan	not ingested as a lexeme; binyan_raw=None root_raw=''
wikt:entry:p19606:r516597:o2160:t0	wiktionary_entry	סָפָה	hewiktionary		binyan	not ingested as a lexeme; binyan_raw='' root_raw='{{שרש3|ס|פ|ה}}'
wikt:entry:p20342:r522486:o2877:t0	wiktionary_entry	שָׁקַד	hewiktionary		root	not ingested as a lexeme; binyan_raw='פָּעַל' root_raw=''
wikt:entry:p21696:r519446:o1007:t0	wiktionary_entry	חָטַט	hewiktionary		binyan	not ingested as a lexeme; binyan_raw='' root_raw='{{שרש3|ח|ט|ט}}'
wikt:entry:p23397:r519646:o6224:t0	wiktionary_entry	עָצָה	hewiktionary		root	not ingested as a lexeme; binyan_raw='פָּעַל' root_raw='?'
wikt:entry:p25689:r124356:o0:t0	wiktionary_entry	הִתְקַמְפְּלֵקְס	hewiktionary		root	not ingested as a lexeme; binyan_raw='הִתְפַּעֵל' root_raw='{{שרש|קמפלקס|ק־מ־פ־ל־ק־ס}}, משושים.'
wikt:entry:p25695:r356933:o0:t0	wiktionary_entry	קִמְפְּלֵקְס	hewiktionary		root	not ingested as a lexeme; binyan_raw='פִּעֵל' root_raw='{{שרש|קמפלקס|ק־מ־פ־ל־ק־ס}}, משושים.'
wikt:entry:p25708:r519717:o0:t0	wiktionary_entry	דִּנְגְדֵנְג	hewiktionary		root	not ingested as a lexeme; binyan_raw='פיעל' root_raw='{{שרש|דנגדנג|ד־נ־ג־ד־נ־ג}}, משושים.'
wikt:entry:p25708:r519717:o1287:t0	wiktionary_entry	דִּנְגְדֵנְג	hewiktionary		root	not ingested as a lexeme; binyan_raw='פיעל' root_raw='{{שרש|דנגדנג|ד־נ־ג־ד־נ־ג}}, משושים.'
wikt:entry:p26564:r511378:o2129:t0	wiktionary_entry	אִגֵּף	hewiktionary		binyan	not ingested as a lexeme; binyan_raw='' root_raw='{{שרש3|א|ג|ף}}'
wikt:entry:p28307:r512063:o675:t0	wiktionary_entry	אָט	hewiktionary		root	not ingested as a lexeme; binyan_raw='קל' root_raw=''
wikt:entry:p29711:r523201:o6808:t0	wiktionary_entry	פִּתֵּחַ	hewiktionary		root	not ingested as a lexeme; binyan_raw='פיעל' root_raw=''
wikt:entry:p29711:r523201:o7413:t0	wiktionary_entry	פִּתֵּחַ	hewiktionary		root	not ingested as a lexeme; binyan_raw='פיעל' root_raw=''
wikt:entry:p30161:r511399:o1655:t0	wiktionary_entry	כָּחַשׁ	hewiktionary		binyan	not ingested as a lexeme; binyan_raw='' root_raw='{{שרש3|כ|ח|ש}}'
wikt:entry:p31719:r518722:o2052:t0	wiktionary_entry	עָשׁ	hewiktionary		root	not ingested as a lexeme; binyan_raw='קל' root_raw=''
wikt:entry:p34047:r518578:o3265:t0	wiktionary_entry	סְתִירָה	hewiktionary		binyan	not ingested as a lexeme; binyan_raw=None root_raw='{{שרש3|ס|ת|ר}}'
wikt:entry:p34732:r510577:o126:t0	wiktionary_entry	נָקַד	hewiktionary		root	not ingested as a lexeme; binyan_raw='קל' root_raw=''
wikt:entry:p41000:r523174:o2034:t0	wiktionary_entry	שִׁבֵּר	hewiktionary		root|binyan	not ingested as a lexeme; binyan_raw='' root_raw=''
wikt:entry:p42480:r522992:o1571:t0	wiktionary_entry	עוּן	hewiktionary		root|binyan	not ingested as a lexeme; binyan_raw='' root_raw=''
wikt:entry:p42514:r510626:o1604:t0	wiktionary_entry	עוֹלֵל	hewiktionary		root	not ingested as a lexeme; binyan_raw='פיעל' root_raw='{{שרש3|ע|ו|ל}}; {{שרש3|ע|ל|ל}}'
wikt:entry:p43113:r520638:o1911:t0	wiktionary_entry	שכח	hewiktionary		binyan	not ingested as a lexeme; binyan_raw='' root_raw='{{שרש3|שׁ|כ|ח ב}}'
wikt:entry:p43946:r522733:o7626:t0	wiktionary_entry	עִצֵּם	hewiktionary		root	not ingested as a lexeme; binyan_raw='פיעל' root_raw=''
wikt:entry:p44652:r510227:o1575:t0	wiktionary_entry	הָלַם	hewiktionary		binyan	not ingested as a lexeme; binyan_raw='' root_raw='{{שרש3|ה|ל|ם}}'
wikt:entry:p45146:r522669:o0:t0	wiktionary_entry	הֵטִיל	hewiktionary		root	"not ingested as a lexeme; binyan_raw='הפעיל' root_raw='{{שרש3|ט|ו|ל|גזרה=נע""ו/י}}; {{שרש3|נ|ט|ל|גזרה=חפ""נ}}'"
wikt:entry:p47989:r447411:o80:t0	wiktionary_entry	תִּחֵחַ	hewiktionary		binyan	not ingested as a lexeme; binyan_raw='' root_raw='{{שרש3|ת|ח|ח}}'
wikt:entry:p50300:r512092:o2258:t0	wiktionary_entry	חִצֵּץ	hewiktionary		root	not ingested as a lexeme; binyan_raw='פיעל' root_raw=''
wikt:entry:p50387:r512090:o0:t0	wiktionary_entry	צִיֵּן	hewiktionary		binyan	not ingested as a lexeme; binyan_raw='' root_raw='{{שרש3|צ|י|ן}}'
wikt:entry:p50455:r521420:o1804:t0	wiktionary_entry	מָצוּק	hewiktionary		root|binyan	not ingested as a lexeme; binyan_raw='פעול' root_raw='{{שרש3מ|צ|ק}}'
wikt:entry:p50461:r318203:o0:t0	wiktionary_entry	פִּסֵּג	hewiktionary		binyan	not ingested as a lexeme; binyan_raw='' root_raw='{{שרש3|פ|ס|ג א}}'
wikt:entry:p50488:r426856:o1035:t0	wiktionary_entry	פָּזוּר	hewiktionary		binyan	not ingested as a lexeme; binyan_raw='' root_raw='{{שרש3|פ|ז|ר}}'
wikt:entry:p50493:r500746:o0:t0	wiktionary_entry	דִּדָּה	hewiktionary		binyan	not ingested as a lexeme; binyan_raw='' root_raw='{{שרש3|ד|ד|ה}}'
wikt:entry:p50493:r500746:o751:t0	wiktionary_entry	דֻּדָּה	hewiktionary		binyan	not ingested as a lexeme; binyan_raw='' root_raw='{{שרש3|ד|ד|ה}}'
wikt:entry:p50507:r512093:o0:t0	wiktionary_entry	חִתֵּל	hewiktionary		root|binyan	not ingested as a lexeme; binyan_raw='' root_raw=''
wikt:entry:p50507:r512093:o281:t0	wiktionary_entry	חֻתָּל	hewiktionary		root|binyan	not ingested as a lexeme; binyan_raw='' root_raw=''
wikt:entry:p50509:r514165:o1279:t0	wiktionary_entry	רֻחַץ	hewiktionary		binyan	not ingested as a lexeme; binyan_raw='' root_raw='{{שרש3|ר|ח|ץ}}'
wikt:entry:p50638:r304045:o327:t0	wiktionary_entry	שִֹגֵב	hewiktionary		binyan	not ingested as a lexeme; binyan_raw='' root_raw='{{שרש3|שֹ|ג|ב}}'
wikt:entry:p50702:r511125:o2:t0	wiktionary_entry	קָדוּחַ	hewiktionary		binyan	not ingested as a lexeme; binyan_raw=None root_raw='{{שרש3|ק|ד|ח}}'
wikt:entry:p50702:r511125:o312:t0	wiktionary_entry	קָדוּחַ	hewiktionary		binyan	not ingested as a lexeme; binyan_raw=None root_raw='{{שרש3|ק|ד|ח}}'
wikt:entry:p50856:r511402:o989:t0	wiktionary_entry	לָוָה	hewiktionary		binyan	not ingested as a lexeme; binyan_raw='' root_raw='{{שרש3|ל|ו|ה}}'
wikt:entry:p50976:r519513:o6811:t0	wiktionary_entry	עִמֵּד	hewiktionary		root	not ingested as a lexeme; binyan_raw='פיעל' root_raw=''
wikt:entry:p51013:r510390:o1800:t0	wiktionary_entry	כָּסַל	hewiktionary		binyan	not ingested as a lexeme; binyan_raw='' root_raw='{{שרש3|כ|ס|ל}}'
wikt:entry:p51025:r514644:o9:t0	wiktionary_entry	הֵגִיחַ	hewiktionary		binyan	not ingested as a lexeme; binyan_raw='' root_raw='{{שרש3|ג|י|ח}}'
wikt:entry:p51075:r493529:o593:t0	wiktionary_entry	אָגַד	hewiktionary		binyan	not ingested as a lexeme; binyan_raw='' root_raw='{{שרש3|א|ג|ד}}'
wikt:entry:p51128:r517203:o4500:t0	wiktionary_entry	חִבֵּשׁ	hewiktionary		binyan	not ingested as a lexeme; binyan_raw='' root_raw='{{שרש3|ח|ב|ש}}'
wikt:entry:p51339:r512108:o823:t0	wiktionary_entry	עִוֵּל	hewiktionary		binyan	not ingested as a lexeme; binyan_raw='' root_raw='{{שרש3|ע|ו|ל}}'
wikt:entry:p51344:r512107:o1075:t0	wiktionary_entry	הִתְנָה	hewiktionary		root	not ingested as a lexeme; binyan_raw='הפעיל' root_raw=''
wikt:entry:p51347:r519285:o986:t0	wiktionary_entry	נָמַשׁ	hewiktionary		root	"not ingested as a lexeme; binyan_raw='נפעל' root_raw=""ר' גיזרון"""
wikt:entry:p51403:r510320:o969:t0	wiktionary_entry	חָף	hewiktionary		binyan	not ingested as a lexeme; binyan_raw='' root_raw='{{שרש3|ח|פ|ף}}'
wikt:entry:p51559:r489418:o1014:t0	wiktionary_entry	פִּשֵּׁר	hewiktionary		binyan	not ingested as a lexeme; binyan_raw='' root_raw='{{שרש3|פ|ש|ר}}'
wikt:entry:p51888:r521549:o0:t0	wiktionary_entry	סָרַח	hewiktionary		root	not ingested as a lexeme; binyan_raw='קל' root_raw=''
wikt:entry:p52114:r393841:o50:t0	wiktionary_entry	אֹרָשֹ	hewiktionary		binyan	not ingested as a lexeme; binyan_raw='' root_raw='{{שרש3|א|ר|ש}}'
wikt:entry:p52119:r512114:o0:t0	wiktionary_entry	צָפַר	hewiktionary		root	not ingested as a lexeme; binyan_raw='קל' root_raw=''
wikt:entry:p52157:r510727:o0:t0	wiktionary_entry	פָּתַל	hewiktionary		binyan	not ingested as a lexeme; binyan_raw='קל ופיעל' root_raw='{{שרש3|פ|ת|ל}}'
wikt:entry:p52189:r510367:o14:t0	wiktionary_entry	יָרַט	hewiktionary		binyan	not ingested as a lexeme; binyan_raw='' root_raw='{{שרש3|י|ר|א}}'
wikt:entry:p52322:r512116:o74:t0	wiktionary_entry	מִתְעַסֵּק	hewiktionary		root|binyan	not ingested as a lexeme; binyan_raw='' root_raw=''
wikt:entry:p52363:r510777:o1863:t0	wiktionary_entry	קָץ	hewiktionary		root	not ingested as a lexeme; binyan_raw='קל' root_raw='{{שרש3|ק|צ|ץ}}; {{שרש3|ק|ו|ץ}}'
wikt:entry:p52471:r520711:o1426:t0	wiktionary_entry	רָחַף	hewiktionary		root|binyan	not ingested as a lexeme; binyan_raw='' root_raw=''
wikt:entry:p52591:r513408:o3677:t0	wiktionary_entry	בֻּלַּע	hewiktionary		root|binyan	not ingested as a lexeme; binyan_raw='' root_raw=''
wikt:entry:p52597:r512124:o1348:t0	wiktionary_entry	טַח	hewiktionary		root|binyan	not ingested as a lexeme; binyan_raw='' root_raw=''
wikt:entry:p52619:r512125:o0:t0	wiktionary_entry	חִדֵּד	hewiktionary		root|binyan	not ingested as a lexeme; binyan_raw='' root_raw=''
wikt:entry:p52844:r512128:o66:t0	wiktionary_entry	גָּסָה	hewiktionary		root	not ingested as a lexeme; binyan_raw='קל' root_raw=''
wikt:entry:p52894:r520426:o1055:t0	wiktionary_entry	שִׁזֵּף	hewiktionary		root	not ingested as a lexeme; binyan_raw='פיעל' root_raw=''
wikt:entry:p53312:r520624:o0:t0	wiktionary_entry	הֵזִיד	hewiktionary		root	not ingested as a lexeme; binyan_raw='הפעיל' root_raw='{{שרש3|ז|י|ד}} או {{שרש3|ז|ו|ד}}'
wikt:entry:p53410:r389830:o964:t0	wiktionary_entry	גֵּרֵז	hewiktionary		binyan	not ingested as a lexeme; binyan_raw='' root_raw='{{שרש3|ג|ר|ז}}'
wikt:entry:p53457:r512137:o9:t0	wiktionary_entry	זָל	hewiktionary		root|binyan	not ingested as a lexeme; binyan_raw='' root_raw=''
wikt:entry:p53573:r398140:o0:t0	wiktionary_entry	כִּרְסֵם	hewiktionary		root	not ingested as a lexeme; binyan_raw='פיעל' root_raw='{{שרש4|כ|ר|ס|ם}}/{{שרש4|ק|ר|ס|ם}}'
wikt:entry:p54008:r514512:o843:t0	wiktionary_entry	עֲתַר	hewiktionary		root|binyan	not ingested as a lexeme; binyan_raw='' root_raw=''
wikt:entry:p54428:r512155:o805:t0	wiktionary_entry	רִיקֵן	hewiktionary		root|binyan	not ingested as a lexeme; binyan_raw='' root_raw=''
wikt:entry:p54482:r512158:o1448:t0	wiktionary_entry	מִרֵחַ	hewiktionary		root|binyan	not ingested as a lexeme; binyan_raw='' root_raw=''
wikt:entry:p55415:r472938:o744:t0	wiktionary_entry	הֻטַּל	hewiktionary		root	not ingested as a lexeme; binyan_raw='הופעל' root_raw='{{שרש3|נ|ט|ל}}/{{שרש3|ט|ו|ל}}'
wikt:entry:p55513:r512171:o0:t0	wiktionary_entry	פָּשַֹק	hewiktionary		root	not ingested as a lexeme; binyan_raw='קל' root_raw=''
wikt:entry:p55532:r512169:o1287:t0	wiktionary_entry	גָּהַץ	hewiktionary		root	not ingested as a lexeme; binyan_raw='קל' root_raw=''
wikt:entry:p55916:r484229:o0:t0	wiktionary_entry	כָמַן	hewiktionary		binyan	not ingested as a lexeme; binyan_raw='' root_raw='{{שרש3|כ|מ|ן}}'
wikt:entry:p56741:r512179:o1098:t0	wiktionary_entry	רִחֵק	hewiktionary		root	not ingested as a lexeme; binyan_raw='פיעל' root_raw=''
wikt:entry:p56799:r425893:o0:t0	wiktionary_entry	יִשֵּׂם	hewiktionary		root	not ingested as a lexeme; binyan_raw='פיעל' root_raw='{{שרש3|י|שׂ|ם}} נגזר משורש {{שרש3|שׂ|י|ם}}'
wikt:entry:p57113:r466322:o0:t0	wiktionary_entry	לָעָה	hewiktionary		root	not ingested as a lexeme; binyan_raw='קל' root_raw='{{שרש3|ל|ע|ה}} או {{שרש3|ל|ע|ע}}'
wikt:entry:p57168:r510280:o0:t0	wiktionary_entry	הִתְפַיֵד	hewiktionary		root	not ingested as a lexeme; binyan_raw='התפעל' root_raw=''
wikt:entry:p57487:r521541:o0:t0	wiktionary_entry	אֵרַע	hewiktionary		binyan	not ingested as a lexeme; binyan_raw='בעבר: פיעל\nבעתיד: קל' root_raw='{{שרש3|א|ר|ע}}'
wikt:entry:p57518:r523226:o0:t0	wiktionary_entry	עֵרָה	hewiktionary		binyan	not ingested as a lexeme; binyan_raw='' root_raw='{{שרש3|ע|ר|ה}}'
wikt:entry:p58254:r512194:o1112:t0	wiktionary_entry	קִטֵּף	hewiktionary		root|binyan	not ingested as a lexeme; binyan_raw='' root_raw=''
wikt:entry:p58254:r512194:o1277:t0	wiktionary_entry	קִטֵּף	hewiktionary		root|binyan	not ingested as a lexeme; binyan_raw='' root_raw=''
wikt:entry:p60182:r472243:o0:t0	wiktionary_entry	נִמְלַך	hewiktionary		root	not ingested as a lexeme; binyan_raw='נפעל' root_raw='{{שרש3||מ|ל|ך}}'
wikt:entry:p60182:r472243:o418:t0	wiktionary_entry	נִמְלַך	hewiktionary		root	not ingested as a lexeme; binyan_raw='נפעל' root_raw='{{שרש3||מ|ל|ך}}'
wikt:entry:p60840:r512201:o0:t0	wiktionary_entry	הֵשִׂיחַ	hewiktionary		root	not ingested as a lexeme; binyan_raw='הפעיל' root_raw=''
wikt:entry:p61153:r451423:o0:t0	wiktionary_entry	מֵּדֵל	hewiktionary		binyan	not ingested as a lexeme; binyan_raw='' root_raw='{{שרש3|ד|ל|ל}}'
wikt:entry:p61236:r470561:o48:t0	wiktionary_entry	סֵאֵב	hewiktionary		binyan	not ingested as a lexeme; binyan_raw='' root_raw='{{שרש3|ס|א|ב}}'
wikt:entry:p62506:r510243:o0:t0	wiktionary_entry	הִצְלִיף	hewiktionary		binyan	not ingested as a lexeme; binyan_raw='' root_raw='{{שרש3|צ|ל|ף}}'
