lexeme_id	lemma_vocalized	binyan	source_primary	quality_tier	past_observed_cells	past_completeness	missing_past_cells
LX-ef7b289959	אִבְטֵחַ		unimorph_heb	QUESTIONABLE	9	1.0	
LX-31c701a1d6	אִחֵד		unimorph_heb	QUESTIONABLE	9	1.0	
LX-8f1e02a14f	אָבַד	PAAL	unimorph_heb	GOLD	9	1.0	
LX-d0cbfb1ff3	אָגַר	PAAL	unimorph_heb	SILVER	9	1.0	
LX-042da2e637	אָמַר	PAAL	unimorph_heb	GOLD	9	1.0	
LX-445cda1ca3	אָץ	PAAL	unimorph_heb	SILVER	9	1.0	
LX-202db61ffe	אֻבְטַח		unimorph_heb	QUESTIONABLE	9	1.0	
LX-16090f6c24	אוֹנֵן	PIEL	unimorph_heb	SILVER	9	1.0	
LX-bd5b8d806e	בִּטֵּא	PIEL	unimorph_heb	GOLD	9	1.0	
LX-cd0c117aac	בִּכָּה	PIEL	unimorph_heb	SILVER	9	1.0	
LX-c8a888740b	בִּלְבֵּל	PIEL	unimorph_heb	SILVER	9	1.0	
LX-739bec155a	בִּלָּה	PIEL	unimorph_heb	SILVER	9	1.0	
LX-9af9390a84	בִּקֵּר	PIEL	unimorph_heb	SILVER	9	1.0	
LX-a97e8484bf	בִּשֵּׁל	PIEL	unimorph_heb	GOLD	9	1.0	
LX-479fe41b4f	בֵּאֵס	PIEL	unimorph_heb	GOLD	9	1.0	
LX-4c81f38b6a	בָּא	PAAL	unimorph_heb	GOLD	9	1.0	
LX-1e673925d8	בָּגַד	PAAL	unimorph_heb	SILVER	9	1.0	
LX-a2d4cd4ef4	בָּדַק	PAAL	unimorph_heb	SILVER	9	1.0	
LX-741b821482	בָּדָה	PAAL	unimorph_heb	SILVER	9	1.0	
LX-f5a3110c70	בָּחַר	PAAL	unimorph_heb	SILVER	9	1.0	
LX-f5741c51d2	בָּטַח	PAAL	unimorph_heb	SILVER	9	1.0	
LX-a15ae8bb13	בָּכָה	PAAL	unimorph_heb	SILVER	9	1.0	
LX-809e9f7de7	בָּלַע	PAAL	unimorph_heb	SILVER	9	1.0	
LX-ea77133061	בָּלָה	PAAL	unimorph_heb	SILVER	9	1.0	
LX-5d28d2a61e	בָּרַח	PAAL	unimorph_heb	GOLD	9	1.0	
LX-2fc0487e27	בֻּטַּל	PUAL	unimorph_heb	SILVER	9	1.0	
LX-e9ecf1fa4a	בֻּטָּא	PUAL	unimorph_heb	GOLD	9	1.0	
LX-fbe233163f	גִּלְגֵּל	PIEL	unimorph_heb	GOLD	9	1.0	
LX-6b83b9c2bd	גִּלֵּחַ	PIEL	unimorph_heb	SILVER	9	1.0	
LX-4ba42bef9c	גָּזַר	PAAL	unimorph_heb	SILVER	9	1.0	
LX-ff7f82d286	גָּלָה	PAAL	unimorph_heb	SILVER	9	1.0	
LX-a850898d95	גָּמַר	PAAL	unimorph_heb	SILVER	9	1.0	
LX-17e67356d1	גָּנַב	PAAL	unimorph_heb	SILVER	9	1.0	
LX-2e8b88fd4d	גָּרַם	PAAL	unimorph_heb	SILVER	9	1.0	
LX-819d01186a	גֻּלָּה	PUAL	unimorph_heb	SILVER	9	1.0	
LX-6165cd1c2a	דִּבֵּר	PIEL	unimorph_heb	GOLD	9	1.0	
LX-63e472a7fb	דִּכֵּא	PIEL	unimorph_heb	SILVER	9	1.0	
LX-6f3c35b207	דִּמֵּם	PIEL	unimorph_heb	GOLD	9	1.0	
LX-faedff9d1f	דָּג	PAAL	unimorph_heb	SILVER	9	1.0	
LX-7e7c361128	דָּלָה	PAAL	unimorph_heb	SILVER	9	1.0	
LX-dc8e6a82ec	דָּמָה	PAAL	unimorph_heb	SILVER	9	1.0	
LX-42b57ae79e	דָּפַק	PAAL	unimorph_heb	SILVER	9	1.0	
LX-a991ea9ba9	דָּקַר	PAAL	unimorph_heb	QUESTIONABLE	9	1.0	
LX-0d112e9865	דָּר	PAAL	unimorph_heb	SILVER	9	1.0	
LX-57d102f7a1	דָּרַשׁ	PAAL	unimorph_heb	SILVER	9	1.0	
LX-bd8d081d7a	דֻּכָּא	PUAL	unimorph_heb	SILVER	9	1.0	
LX-67c9dc861d	הִבְלִיעַ		unimorph_heb	QUESTIONABLE	9	1.0	
LX-a411466c59	הִבִּיט	HIFIL	unimorph_heb	GOLD	9	1.0	
LX-3e6985e3c8	הִגִּיעַ	HIFIL	unimorph_heb	SILVER	9	1.0	
LX-0365751b4c	הִדְלִיק	HIFIL	unimorph_heb	SILVER	9	1.0	
LX-10a8c597e8	הִזְכִּיר	HIFIL	unimorph_heb	SILVER	9	1.0	
LX-03d0a49dbc	הִכְחִישׁ	HIFIL	unimorph_heb	SILVER	9	1.0	
LX-41a9722335	הִכְשִׁיר	HIFIL	unimorph_heb	SILVER	9	1.0	
LX-b2ef87ee2c	הִכִּיר	HIFIL	unimorph_heb	GOLD	9	1.0	
LX-a2fa6ff0d1	הִמְצִיא	HIFIL	unimorph_heb	GOLD	9	1.0	
LX-915582e34b	הִסְבִּיר	HIFIL	unimorph_heb	SILVER	9	1.0	
LX-859c0a3e6b	הִסְמִיק	HIFIL	unimorph_heb	GOLD	9	1.0	
LX-75064d0966	הִסְתִּיר	HIFIL	unimorph_heb	GOLD	9	1.0	
LX-c24a551a7f	הִסִּיעַ	HIFIL	unimorph_heb	GOLD	9	1.0	
LX-5e2a89adb9	הִפְחִיד		unimorph_heb	QUESTIONABLE	9	1.0	
LX-47455ab9cc	הִפְלִיא		unimorph_heb	QUESTIONABLE	9	1.0	
LX-adc89f33e5	הִפְלִיץ		unimorph_heb	QUESTIONABLE	9	1.0	
LX-4f4b2885d6	הִפְסִיד	HIFIL	unimorph_heb	GOLD	9	1.0	
LX-37c3a23912	הִפְשִׁיט	HIFIL	unimorph_heb	GOLD	9	1.0	
LX-6192a7a203	הִצְחִיק	HIFIL	unimorph_heb	SILVER	9	1.0	
LX-6b0d107388	הִצְלִיחַ	HIFIL	unimorph_heb	SILVER	9	1.0	
LX-108b21f90e	הִצִּיל	HIFIL	unimorph_heb	GOLD	9	1.0	
LX-722e83ef24	הִקְבִּיל		unimorph_heb	QUESTIONABLE	9	1.0	
LX-a48e8319ba	הִקְפִּיא	HIFIL	unimorph_heb	GOLD	9	1.0	
LX-90c8fc6830	הִקְרִיא	HIFIL	unimorph_heb	GOLD	9	1.0	
LX-f6dee4dee4	הִקְרִיס		unimorph_heb	QUESTIONABLE	9	1.0	
LX-e5193defc1	הִקְשִׁיב	HIFIL	unimorph_heb	GOLD	9	1.0	
LX-01501bd7f5	הִקִּיף	HIFIL	unimorph_heb	SILVER	9	1.0	
LX-dfdc540224	הִרְחִיק	HIFIL	unimorph_heb	SILVER	9	1.0	
LX-7cc0fce52d	הִרְכִּיב	HIFIL	unimorph_heb	GOLD	9	1.0	
LX-0860796507	הִשְׁלִיט		unimorph_heb	QUESTIONABLE	9	1.0	
LX-1c873da7a6	הִשְׁמִיד		unimorph_heb	QUESTIONABLE	9	1.0	
LX-b6dd4ef5a9	הִשְׁפִּיעַ		unimorph_heb	QUESTIONABLE	9	1.0	
LX-966fe7f207	הִתְאַבֵּד	HITPAEL	unimorph_heb	GOLD	9	1.0	
LX-fdc31b123d	הִתְאַבֵּךְ	HITPAEL	unimorph_heb	SILVER	9	1.0	
LX-b5f86cb852	הִתְאַבֵּל		unimorph_heb	QUESTIONABLE	9	1.0	
LX-b33353af4e	הִתְבַּטֵּא	HITPAEL	unimorph_heb	SILVER	9	1.0	
LX-19fbe79dd5	הִתְבַּשֵּׁל	HITPAEL	unimorph_heb	SILVER	9	1.0	
LX-d284aaf979	הִתְגַּלְגֵּל	HITPAEL	unimorph_heb	SILVER	9	1.0	
LX-828b91b0c3	הִתְוַכֵּחַ	HITPAEL	unimorph_heb	QUESTIONABLE	9	1.0	
LX-6c9df5203f	הִתְחַבֵּא		unimorph_heb	QUESTIONABLE	9	1.0	
LX-816bb52055	הִתְחַבֵּר	HITPAEL	unimorph_heb	SILVER	9	1.0	
LX-ca66f4d375	הִתְחַמֵּם	HITPAEL	unimorph_heb	SILVER	9	1.0	
LX-caf5449955	הִתְחָרֵט		unimorph_heb	QUESTIONABLE	9	1.0	
LX-279b759703	הִתְכַּנֵּס	HITPAEL	unimorph_heb	SILVER	9	1.0	
LX-7598d9bfae	הִתְכַּתֵּב	HITPAEL	unimorph_heb	QUESTIONABLE	9	1.0	
LX-a8183f4292	הִתְכּוֹנֵן	HITPAEL	unimorph_heb	SILVER	9	1.0	
LX-e365017775	הִתְכּוֹפֵף	HITPAEL	unimorph_heb	SILVER	9	1.0	
LX-d99a5eb58a	הִתְלַבֵּשׁ	HITPAEL	unimorph_heb	GOLD	9	1.0	
LX-bafc724f01	הִתְלוֹנֵן	HITPAEL	unimorph_heb	GOLD	9	1.0	
LX-b8957b0c59	הִתְמַכֵּר	HITPAEL	unimorph_heb	GOLD	9	1.0	
LX-2d891da077	הִתְמַלֵּא	HITPAEL	unimorph_heb	GOLD	9	1.0	
LX-da58ea4612	הִתְמַצֵּא	HITPAEL	unimorph_heb	SILVER	9	1.0	
LX-7d453cb28b	הִתְמוֹדֵד	HITPAEL	unimorph_heb	GOLD	9	1.0	
LX-e3dbc11ba5	הִתְנַבֵּא		unimorph_heb	QUESTIONABLE	9	1.0	
LX-3777e4aec6	הִתְנַגֵּד	HITPAEL	unimorph_heb	GOLD	9	1.0	
LX-c6c5520e5b	הִתְנַדֵּב	HITPAEL	unimorph_heb	SILVER	9	1.0	
LX-8b691001e1	הִתְנַזֵּר		unimorph_heb	QUESTIONABLE	9	1.0	
LX-410026e5d5	הִתְנַכֵּר	HITPAEL	unimorph_heb	GOLD	9	1.0	
LX-ff0a75f9d2	הִתְנַפֵּל	HITPAEL	unimorph_heb	GOLD	9	1.0	
LX-aa5f3f97ad	הִתְנַצֵּל	HITPAEL	unimorph_heb	SILVER	9	1.0	
LX-b84daf0549	הִתְנַקֵּשׁ	HITPAEL	unimorph_heb	SILVER	9	1.0	
LX-9389d0d56a	הִתְנַשֵּׁק	HITPAEL	unimorph_heb	SILVER	9	1.0	
LX-2516618eea	הִתְעַטֵּף	HITPAEL	unimorph_heb	SILVER	9	1.0	
LX-ae89415304	הִתְעַלֵּל	HITPAEL	unimorph_heb	SILVER	9	1.0	
LX-b8ce4669c5	הִתְעַלֵּף	HITPAEL	unimorph_heb	SILVER	9	1.0	
LX-3e6cdd925d	הִתְעַצֵּל	HITPAEL	unimorph_heb	SILVER	9	1.0	
LX-eef3b958e9	הִתְעוֹרֵר	HITPAEL	unimorph_heb	GOLD	9	1.0	
LX-956f476cb6	הִתְפַּלֵּא	HITPAEL	unimorph_heb	SILVER	9	1.0	
LX-cdb366ab36	הִתְפַּלֵּל	HITPAEL	unimorph_heb	GOLD	9	1.0	
LX-2e98c0beb0	הִתְפַּשֵּׁט	HITPAEL	unimorph_heb	SILVER	9	1.0	
LX-0eb21333e9	הִתְפַסְפֵס		unimorph_heb	QUESTIONABLE	9	1.0	
LX-10d9508264	הִתְפּוֹצֵץ	HITPAEL	unimorph_heb	SILVER	9	1.0	
LX-ec6a963ec5	הִתְקַבֵּל		unimorph_heb	QUESTIONABLE	9	1.0	
LX-113c768d0c	הִתְקַדֵּם	HITPAEL	unimorph_heb	GOLD	9	1.0	
LX-ef3e26f237	הִתְקַמֵּט		unimorph_heb	QUESTIONABLE	9	1.0	
LX-2f8a48da70	הִתְקַנֵּא	HITPAEL	unimorph_heb	SILVER	9	1.0	
LX-58e6bb7696	הִתְקַשֵּׁר	HITPAEL	unimorph_heb	SILVER	9	1.0	
LX-9b1c3af462	הִתְקָרֵב	HITPAEL	unimorph_heb	GOLD	9	1.0	
LX-93aad878fe	הִתְקוֹמֵם	HITPAEL	unimorph_heb	SILVER	9	1.0	
LX-117900dfa8	הִתְרַגֵּז		unimorph_heb	QUESTIONABLE	9	1.0	
LX-60079d536b	הִתְרַגֵּל		unimorph_heb	QUESTIONABLE	9	1.0	
LX-3649398165	הִתְרַפֵּא	HITPAEL	unimorph_heb	SILVER	9	1.0	
LX-433573875b	הִתְרוֹמֵם	HITPAEL	unimorph_heb	GOLD	9	1.0	
LX-47b371ce9e	הֵאֵט	HIFIL	unimorph_heb	GOLD	9	1.0	
LX-1e9ae83f94	הֵבִיא	HIFIL	unimorph_heb	GOLD	9	1.0	
LX-35a9911948	הֵבִין	HIFIL	unimorph_heb	GOLD	9	1.0	
LX-76478197e3	הֵגִיב	HIFIL	unimorph_heb	GOLD	9	1.0	
LX-c2a4598837	הֵכִיל	HIFIL	unimorph_heb	SILVER	9	1.0	
LX-82720ad029	הֵסִיר	HIFIL	unimorph_heb	GOLD	9	1.0	
LX-0a7c205c5f	הֵסֵב	HIFIL	unimorph_heb	GOLD	9	1.0	
LX-6d612f84c0	הֵעֵז	HIFIL	unimorph_heb	GOLD	9	1.0	
LX-86048362c6	הֶאֱמִין	HIFIL	unimorph_heb	GOLD	9	1.0	
LX-0c9db8c268	הֶחְלִיט	HIFIL	unimorph_heb	SILVER	9	1.0	
LX-2b6ae5a58f	הֶחְמִיץ	HIFIL	unimorph_heb	SILVER	9	1.0	
LX-1c6c2f2853	הָיָה	PAAL	unimorph_heb	SILVER	9	1.0	
LX-45a1e26f59	הָרַג	PAAL	unimorph_heb	GOLD	9	1.0	
LX-c77a638fe9	הֻזְכַּר	HUFAL	unimorph_heb	SILVER	9	1.0	
LX-7c7f91a4b8	הֻחְלַט	HUFAL	unimorph_heb	SILVER	9	1.0	
LX-0966d22501	הֻכְנַס	HUFAL	unimorph_heb	SILVER	9	1.0	
LX-b60212497e	הֻכְשַׁר		unimorph_heb	QUESTIONABLE	9	1.0	
LX-f7c78e84bd	הֻכַּר	HUFAL	unimorph_heb	SILVER	9	1.0	
LX-3b2fdf89d4	הֻסַּע	HUFAL	unimorph_heb	SILVER	9	1.0	
LX-90e9f30f07	הֻפְשַׁט	HUFAL	unimorph_heb	SILVER	9	1.0	
LX-0d9e372cdb	הֻצַּל	HUFAL	unimorph_heb	SILVER	9	1.0	
LX-b64c2d737c	הֻקַּף		unimorph_heb	QUESTIONABLE	9	1.0	
LX-29fa38336f	הֻשְׁלַט		unimorph_heb	QUESTIONABLE	9	1.0	
LX-a099a47335	הֻתְפַּל		unimorph_heb	QUESTIONABLE	9	1.0	
LX-9d187e35c4	הֻתְקַף	HUFAL	unimorph_heb	SILVER	9	1.0	
LX-51e5f73ea3	הוֹבִיל	HIFIL	unimorph_heb	SILVER	9	1.0	
LX-25abec0cbb	הוֹדִיעַ	HIFIL	unimorph_heb	SILVER	9	1.0	
LX-5d26abed74	הוֹכִיחַ	HIFIL	unimorph_heb	QUESTIONABLE	9	1.0	
LX-b21954ec6c	הוֹלִיד	HIFIL	unimorph_heb	SILVER	9	1.0	
LX-df31d26a25	הוֹסִיף	HIFIL	unimorph_heb	SILVER	9	1.0	
LX-4ac10ca2bd	הוֹפִיעַ	HIFIL	unimorph_heb	SILVER	9	1.0	
LX-72853ec929	הוֹצִיא	HIFIL	unimorph_heb	SILVER	9	1.0	
LX-35480bb99e	הוֹרִיד	HIFIL	unimorph_heb	SILVER	9	1.0	
LX-605a42ce47	הוֹרִישׁ	HIFIL	unimorph_heb	SILVER	9	1.0	
LX-4d2ff493ca	הוֹשִׁיב	HIFIL	unimorph_heb	SILVER	9	1.0	
LX-af4d4f3365	הוֹתִיר	HIFIL	unimorph_heb	SILVER	9	1.0	
LX-ce89cee166	הוּבַל	HUFAL	unimorph_heb	SILVER	9	1.0	
LX-84abc2fe49	הוּכַח	HUFAL	unimorph_heb	SILVER	9	1.0	
LX-d2a3bcec99	הוּסַף	HUFAL	unimorph_heb	SILVER	9	1.0	
LX-4a74ca1f24	הוּרַד	HUFAL	unimorph_heb	SILVER	9	1.0	
LX-df5a88d9d0	זִהָה	PIEL	unimorph_heb	SILVER	9	1.0	
LX-ffec1cf59b	זִיֵּן	PIEL	unimorph_heb	GOLD	9	1.0	
LX-902e061982	זָז	PAAL	unimorph_heb	GOLD	9	1.0	
LX-e8c2490fc9	זָכַר	PAAL	unimorph_heb	GOLD	9	1.0	
LX-26a5c615b3	זָכָה		unimorph_heb	QUESTIONABLE	9	1.0	
LX-3cd3d29812	זָן	PAAL	unimorph_heb	GOLD	9	1.0	
LX-8140f5e99e	זָנַח	PAAL	unimorph_heb	SILVER	9	1.0	
LX-2dbe7cf2e2	זָעַף	PAAL	unimorph_heb	SILVER	9	1.0	
LX-c181da4369	זָקַף	PAAL	unimorph_heb	SILVER	9	1.0	
LX-c9603c82d9	זָרַח	PAAL	unimorph_heb	SILVER	9	1.0	
LX-a640e0449d	זָרַק	PAAL	unimorph_heb	SILVER	9	1.0	
LX-bf1c5ed831	חִכָּה	PIEL	unimorph_heb	SILVER	9	1.0	
LX-67def93c2e	חִלֵּל	PIEL	unimorph_heb	GOLD	9	1.0	
LX-7e19633dd9	חִנֵּךְ	PIEL	unimorph_heb	SILVER	9	1.0	
LX-8fd108f6c0	חִקָּה	PIEL	unimorph_heb	GOLD	9	1.0	
LX-8807c45311	חָדַר	PAAL	unimorph_heb	SILVER	9	1.0	
LX-b3899b9aae	חָזַק	PAAL	unimorph_heb	SILVER	9	1.0	
LX-2e3caa094d	חַי	PAAL	unimorph_heb	GOLD	9	1.0	
LX-3ca9c15e47	חָלַק	PAAL	unimorph_heb	SILVER	9	1.0	
LX-cf3a338b24	חָס	PAAL	unimorph_heb	SILVER	9	1.0	
LX-a8ba7feb50	חָפַר	PAAL	unimorph_heb	SILVER	9	1.0	
LX-833fdcfadb	חוֹלֵל	PIEL	unimorph_heb	QUESTIONABLE	9	1.0	
LX-a4d20d2ce7	טִגֵּן	PIEL	unimorph_heb	GOLD	9	1.0	
LX-d17a23d201	טִלְטֵל	PIEL	unimorph_heb	GOLD	9	1.0	
LX-2e280e2457	טִפֵּס	PIEL	unimorph_heb	SILVER	9	1.0	
LX-03d434e912	טָבַע	PAAL	unimorph_heb	SILVER	9	1.0	
LX-425fc073a9	טָחַן	PAAL	unimorph_heb	SILVER	9	1.0	
LX-e34df5bc28	טָס	PAAL	unimorph_heb	GOLD	9	1.0	
LX-807238ca26	טָעָה	PAAL	unimorph_heb	SILVER	9	1.0	
LX-ac6c145b91	טָרַף	PAAL	unimorph_heb	GOLD	9	1.0	
LX-94e6564083	טֻפַּל		unimorph_heb	QUESTIONABLE	9	1.0	
LX-246b3da697	יִחֵד	PIEL	unimorph_heb	SILVER	9	1.0	
LX-1027ba49a0	יָדַע	PAAL	unimorph_heb	GOLD	9	1.0	
LX-971f876f7b	יָכֹל	PAAL	unimorph_heb	SILVER	9	1.0	
LX-3266106ba0	יָרָה	PAAL	unimorph_heb	GOLD	9	1.0	
LX-3c90c37a94	כִּבֵּד	PIEL	unimorph_heb	GOLD	9	1.0	
LX-1f20528939	כִּבֵּס	PIEL	unimorph_heb	GOLD	9	1.0	
LX-c30481b203	כִּבָּה	PIEL	unimorph_heb	SILVER	9	1.0	
LX-8b1af66757	כִּסָּה	PIEL	unimorph_heb	SILVER	9	1.0	
LX-810ea27ca3	כָּפַל	PAAL	unimorph_heb	SILVER	9	1.0	
LX-dcdd01b224	כָּרַע	PAAL	unimorph_heb	SILVER	9	1.0	
LX-006a00a0ca	כָּתַב	PAAL	unimorph_heb	GOLD	9	1.0	
LX-97654703cd	כֻּבָּה		unimorph_heb	QUESTIONABLE	9	1.0	
LX-2c4f064f15	כֻּנַּס	PUAL	unimorph_heb	SILVER	9	1.0	
LX-d6085abe9a	לִבֵּן	PIEL	unimorph_heb	SILVER	9	1.0	
LX-c5fa19b84d	לִטֵּף	PIEL	unimorph_heb	GOLD	9	1.0	
LX-ec5617194d	לִמֵּד	PIEL	unimorph_heb	GOLD	9	1.0	
LX-1e667b6cf8	לִקֵּק	PIEL	unimorph_heb	SILVER	9	1.0	
LX-2872215de7	לָבַשׁ	PAAL	unimorph_heb	GOLD	9	1.0	
LX-c87515b843	לָחַשׁ	PAAL	unimorph_heb	SILVER	9	1.0	
LX-4d4104b919	לָקָה	PAAL	unimorph_heb	SILVER	9	1.0	
LX-7bf44013b2	לֻקַּק		unimorph_heb	QUESTIONABLE	9	1.0	
LX-f88c1c94a9	מִזֵּג	PIEL	unimorph_heb	SILVER	9	1.0	
LX-bfdee6e589	מִפָּה	PIEL	unimorph_heb	SILVER	9	1.0	
LX-dc8695bc5d	מֵת	PAAL	unimorph_heb	SILVER	9	1.0	
LX-5a876c8f8f	מָדַד	PAAL	unimorph_heb	SILVER	9	1.0	
LX-f38c86e479	מָכַר	PAAL	unimorph_heb	GOLD	9	1.0	
LX-b28d05a18f	מָנַע	PAAL	unimorph_heb	SILVER	9	1.0	
LX-1a8bb53e56	מָצַץ	PAAL	unimorph_heb	SILVER	9	1.0	
LX-559749a19d	מָצָא	PAAL	unimorph_heb	GOLD	9	1.0	
LX-ffc5e79e93	מָרַד	PAAL	unimorph_heb	GOLD	9	1.0	
LX-d7299b7567	מָרַח	PAAL	unimorph_heb	SILVER	9	1.0	
LX-ccbea17ae7	מָשַׁח	PAAL	unimorph_heb	GOLD	9	1.0	
LX-059f1efcac	מָשַׁךְ	PAAL	unimorph_heb	SILVER	9	1.0	
LX-f247ae6a19	מֻזַּג		unimorph_heb	QUESTIONABLE	9	1.0	
LX-df5eb7224e	מֻלָּא	PUAL	unimorph_heb	GOLD	9	1.0	
LX-f2988da37f	מֻקַּשׁ		unimorph_heb	QUESTIONABLE	9	1.0	
LX-e49ccc7b5d	מוֹטֵט		unimorph_heb	QUESTIONABLE	9	1.0	
LX-f6d3ae66f2	נִבְדַּק		unimorph_heb	QUESTIONABLE	9	1.0	
LX-f40ce2ea1a	נִבְרָא		unimorph_heb	QUESTIONABLE	9	1.0	
LX-d716b2c31d	נִבֵּא	PIEL	unimorph_heb	SILVER	9	1.0	
LX-a498af67b5	נִגְמַר	NIFAL	unimorph_heb	SILVER	9	1.0	
LX-55fca0f10e	נִגֵּן	PIEL	unimorph_heb	SILVER	9	1.0	
LX-27ecb0d9f6	נִגַּשׁ		unimorph_heb	QUESTIONABLE	9	1.0	
LX-68707e7af8	נִחֵשׁ	PIEL	unimorph_heb	GOLD	9	1.0	
LX-3a6ffbd265	נִמְאַס		unimorph_heb	QUESTIONABLE	9	1.0	
LX-ccdfd26a66	נִמְצָא	NIFAL	unimorph_heb	SILVER	9	1.0	
LX-b625926ad5	נִסָּה	PIEL	unimorph_heb	SILVER	9	1.0	
LX-20a10d0ecb	נִפְגַּשׁ		unimorph_heb	QUESTIONABLE	9	1.0	
LX-459e134ebb	נִפֵּץ	PIEL	unimorph_heb	SILVER	9	1.0	
LX-eacd12f96d	נִשֵּׁק	PIEL	unimorph_heb	GOLD	9	1.0	
LX-40049570f0	נֶאֱבַק	NIFAL	unimorph_heb	GOLD	9	1.0	
LX-9d8f0c1ee0	נֶאֱגַר		unimorph_heb	QUESTIONABLE	9	1.0	
LX-8bd5392093	נֶאֱהַב	NIFAL	unimorph_heb	SILVER	9	1.0	
LX-06d7302519	נֶאֱהַד		unimorph_heb	QUESTIONABLE	9	1.0	
LX-acf6d0c26e	נֶאֱחַז	NIFAL	unimorph_heb	GOLD	9	1.0	
LX-f54543aebc	נֶאֱכַל	NIFAL	unimorph_heb	SILVER	9	1.0	
LX-580a14db7b	נֶאֱכַף	NIFAL	unimorph_heb	SILVER	9	1.0	
LX-4384a81da4	נָבַח	PAAL	unimorph_heb	SILVER	9	1.0	
LX-0abda6f174	נָגַד	PAAL	unimorph_heb	SILVER	9	1.0	
LX-d1af4c4396	נָהַר	PAAL	unimorph_heb	SILVER	9	1.0	
LX-292fa03563	נָטָה	PAAL	unimorph_heb	GOLD	9	1.0	
LX-c80782e94b	נָמַס	NIFAL	unimorph_heb	GOLD	9	1.0	
LX-63942d7ff8	נָע	PAAL	unimorph_heb	SILVER	9	1.0	
LX-6b26f6ae8c	נָשַׁם	PAAL	unimorph_heb	SILVER	9	1.0	
LX-ce0a640291	נָתַן	PAAL	unimorph_heb	GOLD	9	1.0	
LX-8fad168902	נֻסָּה		unimorph_heb	QUESTIONABLE	9	1.0	
LX-f5f12cd2b9	סִיֵּם	PIEL	unimorph_heb	SILVER	9	1.0	
LX-11450e52db	סִכֵּן	PIEL	unimorph_heb	GOLD	9	1.0	
LX-3e8d88da0b	סִפֵּק	PIEL	unimorph_heb	SILVER	9	1.0	
LX-02613594ca	סִפֵּר	PIEL	unimorph_heb	GOLD	9	1.0	
LX-1f9c8353a5	סָבַל	PAAL	unimorph_heb	SILVER	9	1.0	
LX-7a8b4fc1f5	סָגַר	PAAL	unimorph_heb	SILVER	9	1.0	
LX-dc53fec8d9	סָחַט	PAAL	unimorph_heb	SILVER	9	1.0	
LX-dfdb8e45d1	סָלַח	PAAL	unimorph_heb	SILVER	9	1.0	
LX-15d96bf6da	סָפַג	PAAL	unimorph_heb	SILVER	9	1.0	
LX-6ee86465c8	סָר	PAAL	unimorph_heb	GOLD	9	1.0	
LX-353c9b843f	עִשֵּׁן	PIEL	unimorph_heb	SILVER	9	1.0	
LX-eb646aacf1	עָבַר	PAAL	unimorph_heb	GOLD	9	1.0	
LX-b3c9022775	עָטַף	PAAL	unimorph_heb	GOLD	9	1.0	
LX-64be2b7b0e	עָטָה	PAAL	unimorph_heb	GOLD	9	1.0	
LX-27fdc286ee	עָלַז	PAAL	unimorph_heb	GOLD	9	1.0	
LX-eaa7f02910	עָמַד	PAAL	unimorph_heb	SILVER	9	1.0	
LX-060a887b96	עָנָה	PAAL	unimorph_heb	SILVER	9	1.0	
LX-0c0a81e9f3	עָף	PAAL	unimorph_heb	GOLD	9	1.0	
LX-3ff057211f	עָצַר	PAAL	unimorph_heb	SILVER	9	1.0	
LX-38ec517501	עָקַף	PAAL	unimorph_heb	GOLD	9	1.0	
LX-8e9c369990	עָקַץ	PAAL	unimorph_heb	SILVER	9	1.0	
LX-b97bf4b70c	עָשָׂה	PAAL	unimorph_heb	SILVER	9	1.0	
LX-9ff98c324f	עוֹדֵד	PIEL	unimorph_heb	SILVER	9	1.0	
LX-0ab103d61a	עוֹרֵר	PIEL	unimorph_heb	QUESTIONABLE	9	1.0	
LX-fdb3a823b3	פִּנָּה	PIEL	unimorph_heb	GOLD	9	1.0	
LX-bb95efdabf	פִּשֵּׁט	PIEL	unimorph_heb	GOLD	9	1.0	
LX-355f14051c	פָּגַע	PAAL	unimorph_heb	SILVER	9	1.0	
LX-e405d57fd3	פָּגַשׁ	PAAL	unimorph_heb	SILVER	9	1.0	
LX-84f4a01728	פָּחַד	PAAL	unimorph_heb	SILVER	9	1.0	
LX-4fd145b50b	פָּצַע	PAAL	unimorph_heb	SILVER	9	1.0	
LX-b513d389f8	פָּקַד	PAAL	unimorph_heb	SILVER	9	1.0	
LX-929dec664d	פָּקַח	PAAL	unimorph_heb	SILVER	9	1.0	
LX-2d4117a3d2	פָּתַח	PAAL	unimorph_heb	SILVER	9	1.0	
LX-df9c2f7d3a	צִיֵּר	PIEL	unimorph_heb	GOLD	9	1.0	
LX-427a88d327	צִפָּה	PIEL	unimorph_heb	SILVER	9	1.0	
LX-d8547e23a9	צָם	PAAL	unimorph_heb	GOLD	9	1.0	
LX-4e5da48139	צָפָה	PAAL	unimorph_heb	SILVER	9	1.0	
LX-a16eebd721	צָרַח	PAAL	unimorph_heb	SILVER	9	1.0	
LX-2ae5d33863	צָרַךְ	PAAL	unimorph_heb	SILVER	9	1.0	
LX-3b3c7aa2d2	קִבֵּל	PIEL	unimorph_heb	SILVER	9	1.0	
LX-4d5a535508	קִיֵּם	PIEL	unimorph_heb	GOLD	9	1.0	
LX-a69a95507a	קִלְקֵל	PIEL	unimorph_heb	SILVER	9	1.0	
LX-5a46a5b300	קִנֵּא	PIEL	unimorph_heb	GOLD	9	1.0	
LX-e84a8e4575	קִנֵּחַ	PIEL	unimorph_heb	GOLD	9	1.0	
LX-034b40ed0d	קִפֵּל	PIEL	unimorph_heb	SILVER	9	1.0	
LX-758d520342	קִצֵּר	PIEL	unimorph_heb	GOLD	9	1.0	
LX-d4dd0863eb	קָבַע	PAAL	unimorph_heb	SILVER	9	1.0	
LX-0175462ba3	קָדַם	PAAL	unimorph_heb	GOLD	9	1.0	
LX-5fe4e85eb2	קָטַף	PAAL	unimorph_heb	GOLD	9	1.0	
LX-a646782180	קָטַן	PAAL	unimorph_heb	QUESTIONABLE	9	1.0	
LX-14e1531e25	קָלַט	PAAL	unimorph_heb	GOLD	9	1.0	
LX-18e2949f94	קָם	PAAL	unimorph_heb	GOLD	9	1.0	
LX-3e7578b8c1	קָפָא	PAAL	unimorph_heb	GOLD	9	1.0	
LX-63dde3ef4d	קָרַע	PAAL	unimorph_heb	GOLD	9	1.0	
LX-3474548eed	קֻצַּר	PUAL	unimorph_heb	SILVER	9	1.0	
LX-3b65295037	רִחֵף	PIEL	unimorph_heb	SILVER	9	1.0	
LX-63e03e9768	רִפֵּא	PIEL	unimorph_heb	SILVER	9	1.0	
LX-5cf9adf740	רִצָּה	PIEL	unimorph_heb	SILVER	9	1.0	
LX-114ebed813	רִתֵּךְ		unimorph_heb	QUESTIONABLE	9	1.0	
LX-0367ea8cfa	רָבָה	PAAL	unimorph_heb	SILVER	9	1.0	
LX-7a323af8bb	רָזָה	PAAL	unimorph_heb	SILVER	9	1.0	
LX-0502c68f82	רָמַז	PAAL	unimorph_heb	SILVER	9	1.0	
LX-aac197a310	רָעַב		unimorph_heb	QUESTIONABLE	9	1.0	
LX-bf2dc576e3	רָפָא	PAAL	unimorph_heb	SILVER	9	1.0	
LX-9f68f0332b	רָץ	PAAL	unimorph_heb	GOLD	9	1.0	
LX-c5e586df34	רָצָה	PAAL	unimorph_heb	SILVER	9	1.0	
LX-cbdb386c05	רָקַד	PAAL	unimorph_heb	GOLD	9	1.0	
LX-90fd04ec38	רָשַׁם	PAAL	unimorph_heb	GOLD	9	1.0	
LX-67d6ca1efe	רֻפָּא		unimorph_heb	QUESTIONABLE	9	1.0	
LX-00ebeb3c62	רֻתַּךְ		unimorph_heb	QUESTIONABLE	9	1.0	
LX-774bf3792c	רוֹמֵם	PIEL	unimorph_heb	SILVER	9	1.0	
LX-773cb624a8	שִׁגֵּר	PIEL	unimorph_heb	SILVER	9	1.0	
LX-b0d0d2151e	שִׁמֵּשׁ	PIEL	unimorph_heb	GOLD	9	1.0	
LX-07447c1f05	שִׁקֵּר	PIEL	unimorph_heb	SILVER	9	1.0	
LX-32b5b7f907	שָׁט	PAAL	unimorph_heb	SILVER	9	1.0	
LX-cff72e0868	שָׁטַף	PAAL	unimorph_heb	SILVER	9	1.0	
LX-bf9a05e950	שָׁכַח	PAAL	unimorph_heb	SILVER	9	1.0	
LX-f73b86a02a	שָׁכַן	PAAL	unimorph_heb	SILVER	9	1.0	
LX-3f5b6cb239	שָׁלַח	PAAL	unimorph_heb	SILVER	9	1.0	
LX-3f949f0d85	שָׁלַט	PAAL	unimorph_heb	SILVER	9	1.0	
LX-12c3152541	שָׁמַע	PAAL	unimorph_heb	GOLD	9	1.0	
LX-4389401c2e	שָׁמַר	PAAL	unimorph_heb	GOLD	9	1.0	
LX-803795b6b5	שָׁפַךְ	PAAL	unimorph_heb	SILVER	9	1.0	
LX-3809f3d028	שָׁפַע		unimorph_heb	QUESTIONABLE	9	1.0	
LX-9d3b73f59f	שָׁרַק	PAAL	unimorph_heb	SILVER	9	1.0	
LX-35284df122	שָׁתַק	PAAL	unimorph_heb	GOLD	9	1.0	
LX-8090a02b0a	שָׁתָה	PAAL	unimorph_heb	SILVER	9	1.0	
LX-825701f142	שָׂרַף	PAAL	unimorph_heb	GOLD	9	1.0	
LX-5f3a36b9a2	שֻׁנָּה	PUAL	unimorph_heb	SILVER	9	1.0	
LX-a70d615cdb	שׁוֹטֵט	PIEL	unimorph_heb	SILVER	9	1.0	
LX-448ed27093	תִּבֵּל	PIEL	unimorph_heb	SILVER	9	1.0	
LX-b0201f1aa7	תִּעֵב	PIEL	unimorph_heb	SILVER	9	1.0	
LX-337650597b	תִּרְגֵּל	PIEL	unimorph_heb	SILVER	9	1.0	
LX-0e4e65521d	תֵּאֵר	PIEL	unimorph_heb	SILVER	9	1.0	
LX-5066ee6f47	תָּבַע	PAAL	unimorph_heb	SILVER	9	1.0	
LX-08bd18db60	תָּפַר	PAAL	unimorph_heb	SILVER	9	1.0	
LX-685d8477f8	תָּר	PAAL	unimorph_heb	GOLD	9	1.0	
LX-6703d1bf91	תָּרַם	PAAL	unimorph_heb	GOLD	9	1.0	
LX-e31de2e059	תֻּבַּל		unimorph_heb	QUESTIONABLE	9	1.0	
LX-abdd104da2	אִבְזֵר	PIEL	unimorph_heb	SILVER	9	1.0	
LX-ba9b4ec182	אִבֵּד	PIEL	unimorph_heb	SILVER	9	1.0	
LX-49713c0a65	אִדָּה	PIEL	unimorph_heb	SILVER	9	1.0	
LX-35741b5868	אִזְכֵּר		unimorph_heb	QUESTIONABLE	9	1.0	
LX-5ea2106684	אִחֵר	PIEL	unimorph_heb	SILVER	9	1.0	
LX-ced0f34dcc	אִיֵּם	PIEL	unimorph_heb	SILVER	9	1.0	
LX-0a98035de4	אִלֵּף	PIEL	unimorph_heb	SILVER	9	1.0	
LX-bc41ac231c	אִמֵּץ	PIEL	unimorph_heb	SILVER	9	1.0	
LX-e393eb217e	אִשֵּׁר	PIEL	unimorph_heb	SILVER	9	1.0	
LX-a420b915b8	אָבַל	PAAL	unimorph_heb	SILVER	9	1.0	
LX-ac2f785d0e	אָבָה	PAAL	unimorph_heb	GOLD	9	1.0	
LX-f9823c6091	אָהַב	PAAL	unimorph_heb	GOLD	9	1.0	
LX-bab2836fec	אָהַד	PAAL	unimorph_heb	SILVER	9	1.0	
LX-f494071938	אָזַל	PAAL	unimorph_heb	SILVER	9	1.0	
LX-1be7b2b6f9	אָחַז	PAAL	unimorph_heb	GOLD	9	1.0	
LX-5bafca005d	אָכַל	PAAL	unimorph_heb	GOLD	9	1.0	
LX-127a854e85	אָמַד	PAAL	unimorph_heb	SILVER	9	1.0	
LX-0183a3d20c	אָנַס	PAAL	unimorph_heb	SILVER	9	1.0	
LX-e9a5325895	אָסַף	PAAL	unimorph_heb	SILVER	9	1.0	
LX-b42f636984	אָסַר	PAAL	unimorph_heb	SILVER	9	1.0	
LX-43b63e2ddb	אָפָה	PAAL	unimorph_heb	SILVER	9	1.0	
LX-4a81c81fb9	אָרַב	PAAL	unimorph_heb	GOLD	9	1.0	
LX-e2dc7aa7a1	אָרַז	PAAL	unimorph_heb	SILVER	9	1.0	
LX-98e9624fa1	אָרַח	PAAL	unimorph_heb	SILVER	9	1.0	
LX-4cd06352c1	אֹרַס		unimorph_heb	QUESTIONABLE	9	1.0	
LX-a9d91bd3a7	אֻבְזַר		unimorph_heb	QUESTIONABLE	9	1.0	
LX-1a565e6bf3	אֻבְחַן	PUAL	unimorph_heb	SILVER	9	1.0	
LX-5a1b805acb	אֻזְכַּר		unimorph_heb	QUESTIONABLE	9	1.0	
LX-7ef28cc1a5	אֻחַד		unimorph_heb	QUESTIONABLE	9	1.0	
LX-8f51ad5f53	אֻכַּל	PUAL	unimorph_heb	GOLD	9	1.0	
LX-3d3b9d1489	אֻמְלַל	PUAL	unimorph_heb	QUESTIONABLE	9	1.0	
LX-d756a3a904	אֻמַּן	PUAL	unimorph_heb	GOLD	9	1.0	
LX-a4a3b63a4b	אֻמַּץ		unimorph_heb	QUESTIONABLE	9	1.0	
LX-6302ea5da3	אוֹר	PAAL	unimorph_heb	SILVER	9	1.0	
LX-e671b27ab0	אוֹתֵת	PIEL	unimorph_heb	SILVER	9	1.0	
LX-aa1972304f	בִּדֵּחַ	PIEL	unimorph_heb	SILVER	9	1.0	
LX-39491f25b2	בִּדֵּל	PIEL	unimorph_heb	GOLD	9	1.0	
LX-c4c8af1a81	בִּזְבֵּז	PIEL	unimorph_heb	SILVER	9	1.0	
LX-bf0b93114e	בִּטֵּל	PIEL	unimorph_heb	GOLD	9	1.0	
LX-dd5401200e	בִּכֵּר	PIEL	unimorph_heb	SILVER	9	1.0	
LX-fac650e6e0	בִּלֵּעַ	PIEL	unimorph_heb	SILVER	9	1.0	
LX-d92be487e0	בִּצֵּעַ	PIEL	unimorph_heb	SILVER	9	1.0	
LX-7dbcf03053	בִּקֵּעַ	PIEL	unimorph_heb	SILVER	9	1.0	
LX-f4e1738ecc	בִּקֵּשׁ	PIEL	unimorph_heb	SILVER	9	1.0	
LX-8d14308d16	בִּשֵּׂר	PIEL	unimorph_heb	SILVER	9	1.0	
LX-2ec5f13385	בֵּאֵר	PIEL	unimorph_heb	SILVER	9	1.0	
LX-856259bfb6	בֵּרֵךְ	PIEL	unimorph_heb	GOLD	9	1.0	
LX-476b8a962e	בָּז	PAAL	unimorph_heb	SILVER	9	1.0	
LX-c9fa5fb2eb	בָּלַם	PAAL	unimorph_heb	SILVER	9	1.0	
LX-6c1729499c	בָּן	PAAL	unimorph_heb	GOLD	9	1.0	
LX-0a3565f373	בָּנָה	PAAL	unimorph_heb	GOLD	9	1.0	
LX-6caaa1a224	בָּעַט	PAAL	unimorph_heb	SILVER	9	1.0	
LX-90e15d9d06	בָּעַל	PAAL	unimorph_heb	SILVER	9	1.0	
LX-a300384fed	בָּעַר	PAAL	unimorph_heb	SILVER	9	1.0	
LX-1f9c2c0a46	בָּקַע	PAAL	unimorph_heb	GOLD	9	1.0	
LX-f91fe75339	בָּרָא	PAAL	unimorph_heb	SILVER	9	1.0	
LX-dcb25d506c	בֹּרַךְ	PUAL	unimorph_heb	SILVER	9	1.0	
LX-45ba3e59b3	בֻּקַּר		unimorph_heb	QUESTIONABLE	9	1.0	
LX-a87c528197	בּוֹדֵד	PIEL	unimorph_heb	GOLD	9	1.0	
LX-82d311e1e1	בּוֹשׁ	PAAL	unimorph_heb	SILVER	9	1.0	
LX-05b424973a	גִּבָּה	PIEL	unimorph_heb	QUESTIONABLE	9	1.0	
LX-9eb2863f07	גִּדֵּל	PIEL	unimorph_heb	GOLD	9	1.0	
LX-40563ba9c5	גִּלָּה	PIEL	unimorph_heb	SILVER	9	1.0	
LX-44614d31d8	גִּמֵּד	PIEL	unimorph_heb	SILVER	9	1.0	
LX-2364b4c5d8	גִּנָּה	PIEL	unimorph_heb	SILVER	9	1.0	
LX-58d1c93420	גֵּרֵשׁ	PIEL	unimorph_heb	SILVER	9	1.0	
LX-6a5d73ad1f	גֵּרָה	PIEL	unimorph_heb	QUESTIONABLE	9	1.0	
LX-b1fc7e2196	גָּאַל	PAAL	unimorph_heb	SILVER	9	1.0	
LX-71e732f9a4	גָּבַר	PAAL	unimorph_heb	SILVER	9	1.0	
LX-ef2a8cd329	גָּדַל	PAAL	unimorph_heb	GOLD	9	1.0	
LX-2b38e4d0bf	גָּז	PAAL	unimorph_heb	GOLD	9	1.0	
LX-5796699888	גָּמַל	PAAL	unimorph_heb	GOLD	9	1.0	
LX-c7ccef968d	גָּנַז	PAAL	unimorph_heb	GOLD	9	1.0	
LX-cb3cae2754	גָּר	PAAL	unimorph_heb	GOLD	9	1.0	
LX-6ce95ca814	גָּרַב	PAAL	unimorph_heb	SILVER	9	1.0	
LX-3fe1ba1ad8	גָּרַר	PAAL	unimorph_heb	SILVER	9	1.0	
LX-57bb45b232	גֹּרַשׁ	PUAL	unimorph_heb	GOLD	9	1.0	
LX-3043db5936	דִּגְדֵּג	PIEL	unimorph_heb	SILVER	9	1.0	
LX-e737d03de5	דִּגֵּל		unimorph_heb	QUESTIONABLE	9	1.0	
LX-1ee90f472e	דִּכְדֵּךְ	PIEL	unimorph_heb	SILVER	9	1.0	
LX-ef4b03f140	דָּאַג	PAAL	unimorph_heb	QUESTIONABLE	9	1.0	
LX-3cd850778d	דָּאָה	PAAL	unimorph_heb	SILVER	9	1.0	
LX-4589a8c915	דָּבַק	PAAL	unimorph_heb	SILVER	9	1.0	
LX-0da79b5838	דָּחַף	PAAL	unimorph_heb	SILVER	9	1.0	
LX-acf3993b6d	דָּחָה	PAAL	unimorph_heb	SILVER	9	1.0	
LX-434ead63cf	דָּן	PAAL	unimorph_heb	GOLD	9	1.0	
LX-727540bcfc	דָּרַךְ	PAAL	unimorph_heb	GOLD	9	1.0	
LX-b71dee7c98	דָּרַס	PAAL	unimorph_heb	SILVER	9	1.0	
LX-12a61c52bf	דָּשׁ	PAAL	unimorph_heb	SILVER	9	1.0	
LX-5f4ffeb810	דֻּבַּר	PUAL	unimorph_heb	SILVER	9	1.0	
LX-d4d6c24997	דֻּכְדַּךְ		unimorph_heb	QUESTIONABLE	9	1.0	
LX-ca93468c6e	הִבְדִּיל	HIFIL	unimorph_heb	SILVER	9	1.0	
LX-bcc6e77d08	הִבְהִיר	HIFIL	unimorph_heb	SILVER	9	1.0	
LX-8bad694631	הִבְטִיחַ		unimorph_heb	QUESTIONABLE	9	1.0	
LX-fa7c5b58d1	הִבְרִיג		unimorph_heb	QUESTIONABLE	9	1.0	
LX-5987e4d604	הִגְבִּיל		unimorph_heb	QUESTIONABLE	9	1.0	
LX-94f949cad8	הִגְבִּיר	HIFIL	unimorph_heb	SILVER	9	1.0	
LX-f668c623a6	הִגְדִּיל	HIFIL	unimorph_heb	SILVER	9	1.0	
LX-8b4d802eda	הִגְזִים	HIFIL	unimorph_heb	GOLD	9	1.0	
LX-7851e9cc86	הִגִּיד	HIFIL	unimorph_heb	GOLD	9	1.0	
LX-1b4c6830ce	הִדְאִיג		unimorph_heb	QUESTIONABLE	9	1.0	
LX-21dd021067	הִדְרִיךְ	HIFIL	unimorph_heb	GOLD	9	1.0	
LX-9187694021	הִזְדַּעְזֵעַ	HITPAEL	unimorph_heb	QUESTIONABLE	9	1.0	
LX-520a0e9752	הִזְדַּקֵּן		unimorph_heb	QUESTIONABLE	9	1.0	
LX-a3dc4f722f	הִזְדָּרֵז		unimorph_heb	QUESTIONABLE	9	1.0	
LX-d3c798d66c	הִזְמִין		unimorph_heb	QUESTIONABLE	9	1.0	
LX-63ce11f077	הִזִּיעַ	HIFIL	unimorph_heb	SILVER	9	1.0	
LX-bbf1210689	הִזִּיק	HIFIL	unimorph_heb	GOLD	9	1.0	
LX-94279da3a4	הִטְבִּיעַ	HIFIL	unimorph_heb	SILVER	9	1.0	
LX-f381657aef	הִטַּגֵּן	HITPAEL	unimorph_heb	SILVER	9	1.0	
LX-f8dff23754	הִטַּהֵר	HITPAEL	unimorph_heb	SILVER	9	1.0	
LX-82b04903a1	הִטַּנֵּף	HITPAEL	unimorph_heb	SILVER	9	1.0	
LX-143e308fa6	הִטָּה	HIFIL	unimorph_heb	GOLD	9	1.0	
LX-365f2c8b45	הִכְנִיס	HIFIL	unimorph_heb	SILVER	9	1.0	
LX-60815ced6b	הִכְעִיס	HIFIL	unimorph_heb	SILVER	9	1.0	
LX-494e23621d	הִכְרִיז	HIFIL	unimorph_heb	GOLD	9	1.0	
LX-d8afb5b1e7	הִכְרִיחַ	HIFIL	unimorph_heb	SILVER	9	1.0	
LX-b776af48c7	הִכָּה	HIFIL	unimorph_heb	GOLD	9	1.0	
LX-1cfad87fec	הִלְבִּישׁ	HIFIL	unimorph_heb	GOLD	9	1.0	
LX-a884f3aa6c	הִלֵּל		unimorph_heb	QUESTIONABLE	9	1.0	
LX-be357ff004	הִמְהֵם	PIEL	unimorph_heb	SILVER	9	1.0	
LX-8fa48ed626	הִמְלִיץ		unimorph_heb	QUESTIONABLE	9	1.0	
LX-87df3fc6d7	הִמְתִּין		unimorph_heb	QUESTIONABLE	9	1.0	
LX-be025cdb2a	הִנְחָה		unimorph_heb	QUESTIONABLE	9	1.0	
LX-c7e36dca16	הִסְכִּים	HIFIL	unimorph_heb	SILVER	9	1.0	
LX-b50751ff7e	הִסְתַּגֵּר	HITPAEL	unimorph_heb	SILVER	9	1.0	
LX-2e9e13f5fe	הִסְתַּכֵּל	HITPAEL	unimorph_heb	SILVER	9	1.0	
LX-c1d0bf9649	הִסְתַּעְרֵב		unimorph_heb	QUESTIONABLE	9	1.0	
LX-931f628b7b	הִסְתַּעֵף		unimorph_heb	QUESTIONABLE	9	1.0	
LX-5a82cc12e2	הִסְתַּתֵּר	HITPAEL	unimorph_heb	SILVER	9	1.0	
LX-f94a41ebd9	הִפְגִּין	HIFIL	unimorph_heb	SILVER	9	1.0	
LX-932d874cf9	הִפְחִית	HIFIL	unimorph_heb	SILVER	9	1.0	
LX-01f5e31b41	הִפְטִיר	HIFIL	unimorph_heb	GOLD	9	1.0	
LX-5fbefe15ca	הִפְסִיק	HIFIL	unimorph_heb	SILVER	9	1.0	
LX-034fee4770	הִפְעִיל	HIFIL	unimorph_heb	SILVER	9	1.0	
LX-d931a00a27	הִפְרִיעַ	HIFIL	unimorph_heb	SILVER	9	1.0	
LX-1fc8f3763d	הִפְתִּיעַ	HIFIL	unimorph_heb	SILVER	9	1.0	
LX-70571d1b99	הִפִּיל	HIFIL	unimorph_heb	GOLD	9	1.0	
LX-6d85cac134	הִצְבִּיעַ	HIFIL	unimorph_heb	SILVER	9	1.0	
LX-a2d95ab3c6	הִצְהִיר		unimorph_heb	QUESTIONABLE	9	1.0	
LX-5b2d8a4c32	הִצְטַבְרֵחַ		unimorph_heb	QUESTIONABLE	9	1.0	
LX-e25287e53f	הִצְטַחֵק	HITPAEL	unimorph_heb	SILVER	9	1.0	
LX-bc7b3ef67f	הִצְטַלֵּם	HITPAEL	unimorph_heb	SILVER	9	1.0	
LX-0a1e5f5d52	הִצְטַנֵּן	HITPAEL	unimorph_heb	GOLD	9	1.0	
LX-61f287b1a3	הִצְטַעֵר	HITPAEL	unimorph_heb	GOLD	9	1.0	
LX-876d8f472f	הִצְטָרֵף		unimorph_heb	QUESTIONABLE	9	1.0	
LX-7c29f63589	הִצִּיעַ	HIFIL	unimorph_heb	SILVER	9	1.0	
LX-b60a3a131b	הִצִּית	HIFIL	unimorph_heb	SILVER	9	1.0	
LX-1490142e6c	הִקְטִין		unimorph_heb	QUESTIONABLE	9	1.0	
LX-d120856cac	הִקְטִיר		unimorph_heb	QUESTIONABLE	9	1.0	
LX-6ed9158543	הִרְבָּה	HIFIL	unimorph_heb	SILVER	9	1.0	
LX-d74fbf641c	הִרְגִּיעַ		unimorph_heb	QUESTIONABLE	9	1.0	
LX-c3b2b297b6	הִרְגִּישׁ	HIFIL	unimorph_heb	GOLD	9	1.0	
LX-a502ee8488	הִרְחִיב	HIFIL	unimorph_heb	SILVER	9	1.0	
LX-c157d29cd8	הִרְטִיב	HIFIL	unimorph_heb	SILVER	9	1.0	
LX-61da2d7d4b	הִרְשִׁים	HIFIL	unimorph_heb	SILVER	9	1.0	
LX-85fc90d283	הִרְתִּיחַ		unimorph_heb	QUESTIONABLE	9	1.0	
LX-4132cb40c8	הִשְׁהָה	HIFIL	unimorph_heb	SILVER	9	1.0	
LX-2eabea208f	הִשְׁחִים		unimorph_heb	QUESTIONABLE	9	1.0	
LX-c31fd2810d	הִשְׁלִיג	HIFIL	unimorph_heb	GOLD	9	1.0	
LX-63fea149d4	הִשְׁלִיךְ	HIFIL	unimorph_heb	SILVER	9	1.0	
LX-c70f6633ad	הִשְׁלִים	HIFIL	unimorph_heb	GOLD	9	1.0	
LX-2855ce8717	הִשְׁמִיעַ	HIFIL	unimorph_heb	SILVER	9	1.0	
LX-b1e944da04	הִשְׁקָה	HIFIL	unimorph_heb	QUESTIONABLE	9	1.0	
LX-96172c4114	הִשְׁתִּיל		unimorph_heb	QUESTIONABLE	9	1.0	
LX-47ab8e5eda	הִשְׁתִּין	HIFIL	unimorph_heb	GOLD	9	1.0	
LX-fda86f7c3a	הִשְׁתִּיק	HIFIL	unimorph_heb	GOLD	9	1.0	
LX-87d23634c3	הִשְׁתַּגֵּעַ	HITPAEL	unimorph_heb	GOLD	9	1.0	
LX-c431433be8	הִשְׁתַּדֵּל	HITPAEL	unimorph_heb	SILVER	9	1.0	
LX-d0c538f1c2	הִשְׁתַּזֵּף		unimorph_heb	QUESTIONABLE	9	1.0	
LX-e3c3e1e3c8	הִשְׁתַּחְרֵר	HITPAEL	unimorph_heb	SILVER	9	1.0	
LX-c1e5a303f6	הִשְׁתַּחֲוָה	HITPAEL	unimorph_heb	SILVER	9	1.0	
LX-b71b9f8aa9	הִשְׁתַּכְּנֵז	HITPAEL	unimorph_heb	SILVER	9	1.0	
LX-93ee65b449	הִשְׁתַּכְנֵעַ		unimorph_heb	QUESTIONABLE	9	1.0	
LX-21c9ed2d9d	הִשְׁתַּלֵּחַ	HITPAEL	unimorph_heb	QUESTIONABLE	9	1.0	
LX-51429076b1	הִשְׁתַּלֵּט		unimorph_heb	QUESTIONABLE	9	1.0	
LX-a1721232ad	הִשְׁתַּמֵּר	HITPAEL	unimorph_heb	SILVER	9	1.0	
LX-c9203ff974	הִשְׁתַּמֵּשׁ	HITPAEL	unimorph_heb	GOLD	9	1.0	
LX-993161330e	הִשְׁתַּנָּה	HITPAEL	unimorph_heb	SILVER	9	1.0	
LX-2f77cbe54c	הִשְׁתַּפֵּר		unimorph_heb	QUESTIONABLE	9	1.0	
LX-6a99ad64fb	הִשְׁתַּתֵּף	HITPAEL	unimorph_heb	SILVER	9	1.0	
LX-8e7a7d8db5	הִשְׁתּוֹחֵחַ		unimorph_heb	QUESTIONABLE	9	1.0	
LX-013b1f126e	הִשְׂתַּכֵּר	HITPAEL	unimorph_heb	SILVER	9	1.0	
LX-6b869159a4	הִשִּׂיג	HIFIL	unimorph_heb	SILVER	9	1.0	
LX-80118e8b33	הִתְאַגְרֵף		unimorph_heb	QUESTIONABLE	9	1.0	
LX-753743cd88	הִתְאַגֵּד		unimorph_heb	QUESTIONABLE	9	1.0	
LX-0ab684b4f0	הִתְאַדָּה		unimorph_heb	QUESTIONABLE	9	1.0	
LX-662bb44764	הִתְאַהֵב	HITPAEL	unimorph_heb	GOLD	9	1.0	
LX-e545484ad5	הִתְאַזְרֵחַ	HITPAEL	unimorph_heb	GOLD	9	1.0	
LX-f9d62d9df6	הִתְאַזֵּן	HITPAEL	unimorph_heb	SILVER	9	1.0	
LX-78868f4b87	הִתְאַכְזֵב		unimorph_heb	QUESTIONABLE	9	1.0	
LX-cf42f5d720	הִתְאַמֵּן	HITPAEL	unimorph_heb	SILVER	9	1.0	
LX-467ad555e3	הִתְאַמֵּץ	HITPAEL	unimorph_heb	SILVER	9	1.0	
LX-222c345c8f	הִתְאַסֵּף	HITPAEL	unimorph_heb	SILVER	9	1.0	
LX-549458f290	הִתְאַרְגֵּן	HITPAEL	unimorph_heb	SILVER	9	1.0	
LX-7b5df4ddb5	הִתְאוֹשֵׁשׁ	HITPAEL	unimorph_heb	SILVER	9	1.0	
LX-9b5ec63a2f	הִתְבַּדֵּחַ		unimorph_heb	QUESTIONABLE	9	1.0	
LX-a095e48d2a	הִתְבַּזְבֵּז		unimorph_heb	QUESTIONABLE	9	1.0	
LX-8e660a607c	הִתְבַּלְבֵּל	HITPAEL	unimorph_heb	SILVER	9	1.0	
LX-2d68c8fa39	הִתְבַּלָּה		unimorph_heb	QUESTIONABLE	9	1.0	
LX-2568c325e0	הִתְבַּקֵּשׁ		unimorph_heb	QUESTIONABLE	9	1.0	
LX-bb77b6c1b1	הִתְבּוֹדֵד	HITPAEL	unimorph_heb	SILVER	9	1.0	
LX-b55e0a36a2	הִתְגַּבֵּר		unimorph_heb	QUESTIONABLE	9	1.0	
LX-54ac4f3924	הִתְגַּלֵּחַ		unimorph_heb	QUESTIONABLE	9	1.0	
LX-8afe62993c	הִתְגַּלָּה		unimorph_heb	QUESTIONABLE	9	1.0	
LX-f186e5a3c6	הִתְגַּעְגֵּעַ		unimorph_heb	QUESTIONABLE	9	1.0	
LX-af3a35eb19	הִתְגָּרֵשׁ	HITPAEL	unimorph_heb	SILVER	9	1.0	
LX-505eab44cd	הִתְוַכֵּחַ	HITPAEL	unimorph_heb	QUESTIONABLE	9	1.0	
LX-b48c6ea1ba	הִתְחִיל	HIFIL	unimorph_heb	SILVER	9	1.0	
LX-4dfe7ffa33	הִתְחַנֵּךְ		unimorph_heb	QUESTIONABLE	9	1.0	
LX-af6492231a	הִתְחַנֵּן	HITPAEL	unimorph_heb	SILVER	9	1.0	
LX-e304bdc2fd	הִתְחַפֵּשׂ	HITPAEL	unimorph_heb	QUESTIONABLE	9	1.0	
LX-5a85c74caf	הִתְחַשְׁמֵל	HITPAEL	unimorph_heb	SILVER	9	1.0	
LX-046387da42	הִתְלַכְלֵךְ		unimorph_heb	QUESTIONABLE	9	1.0	
LX-779190b49f	הִתְמַהְמֵהַּ	HITPAEL	unimorph_heb	SILVER	9	1.0	
LX-8ca872eb38	הִתְמַתֵּחַ		unimorph_heb	QUESTIONABLE	9	1.0	
LX-1935eb78f7	הִתְנַהֵג	HITPAEL	unimorph_heb	SILVER	9	1.0	
LX-a12a9457dd	הִתְנַחֵל	HITPAEL	unimorph_heb	SILVER	9	1.0	
LX-6f0d46ab71	הִתְנַסָּה		unimorph_heb	QUESTIONABLE	9	1.0	
LX-2fc69aede1	הִתְנַעֵר	HITPAEL	unimorph_heb	SILVER	9	1.0	
LX-74298ca113	הִתְנַקֵּף		unimorph_heb	QUESTIONABLE	9	1.0	
LX-1bc2c51286	הִתְנַשֵּׁם		unimorph_heb	QUESTIONABLE	9	1.0	
LX-45354b3bf0	הִתְעַלָּה	HITPAEL	unimorph_heb	SILVER	9	1.0	
LX-ec81c77bf3	הִתְעַמֵּל	HITPAEL	unimorph_heb	SILVER	9	1.0	
LX-a3ab5c17da	הִתְעַמֵּר	HITPAEL	unimorph_heb	SILVER	9	1.0	
LX-0718c7cad2	הִתְעַקֵּשׁ		unimorph_heb	QUESTIONABLE	9	1.0	
LX-d9e5b26fd0	הִתְעָרֵב		unimorph_heb	QUESTIONABLE	9	1.0	
LX-d447946745	הִתְפַּטֵּר	HITPAEL	unimorph_heb	GOLD	9	1.0	
LX-0ddcd20481	הִתְפַּרְסֵם	HITPAEL	unimorph_heb	SILVER	9	1.0	
LX-468481ce44	הִתְפַּתָּה		unimorph_heb	QUESTIONABLE	9	1.0	
LX-7564e8bfac	הִתְפָּאֵר	HITPAEL	unimorph_heb	SILVER	9	1.0	
LX-fe24b909c1	הִתְפָּרֵד	HITPAEL	unimorph_heb	SILVER	9	1.0	
LX-ba6e15c2a7	הִתְפָּרֵעַ	HITPAEL	unimorph_heb	SILVER	9	1.0	
LX-56d78a284e	הִתְקִין	HIFIL	unimorph_heb	QUESTIONABLE	9	1.0	
LX-a7607e39c4	הִתְקַדֵּשׁ		unimorph_heb	QUESTIONABLE	9	1.0	
LX-4e306ea0a8	הִתְקַהֵל		unimorph_heb	QUESTIONABLE	9	1.0	
LX-6f25d226a9	הִתְקַלְקֵל		unimorph_heb	QUESTIONABLE	9	1.0	
LX-e51a2d6777	הִתְקַלֵּחַ		unimorph_heb	QUESTIONABLE	9	1.0	
LX-d02bdb95db	הִתְקָרֵחַ	HITPAEL	unimorph_heb	SILVER	9	1.0	
LX-92afd53891	הִתְקָרֵר		unimorph_heb	QUESTIONABLE	9	1.0	
LX-a29d1723dd	הִתְרַבָּה		unimorph_heb	QUESTIONABLE	9	1.0	
LX-6d643f462e	הִתְרַגֵּשׁ	HITPAEL	unimorph_heb	SILVER	9	1.0	
LX-a6cb134b21	הִתְרַחֵץ	HITPAEL	unimorph_heb	SILVER	9	1.0	
LX-dfaa111745	הִתְרַחֵשׁ	HITPAEL	unimorph_heb	SILVER	9	1.0	
LX-ad6c5ac614	הִתְרָאָה	HITPAEL	unimorph_heb	GOLD	9	1.0	
LX-c0a6efc8c6	הִתְרוֹקֵן		unimorph_heb	QUESTIONABLE	9	1.0	
LX-2600ba1bcd	הִתִּיר	HIFIL	unimorph_heb	SILVER	9	1.0	
LX-d3e71a75ea	הֵאִיץ		unimorph_heb	QUESTIONABLE	9	1.0	
LX-eca4a0ebc1	הֵאִיר	HIFIL	unimorph_heb	GOLD	9	1.0	
LX-0fcb10ec41	הֵבִיס	HIFIL	unimorph_heb	GOLD	9	1.0	
LX-731f551e05	הֵגֵן	HIFIL	unimorph_heb	GOLD	9	1.0	
LX-6006f30f19	הֵזִיז	HIFIL	unimorph_heb	SILVER	9	1.0	
LX-f66a0ca4da	הֵחִיל	HIFIL	unimorph_heb	QUESTIONABLE	9	1.0	
LX-598169fddb	הֵחֵל	HIFIL	unimorph_heb	GOLD	9	1.0	
LX-0fc1f0960a	הֵטִיב	HIFIL	unimorph_heb	SILVER	9	1.0	
LX-11f8f3b455	הֵיטִיב	HIFIL	unimorph_heb	SILVER	9	1.0	
LX-c9a5b2736d	הֵימִין	HIFIL	unimorph_heb	SILVER	9	1.0	
LX-c8a5d92ac7	הֵינִיק	HIFIL	unimorph_heb	GOLD	9	1.0	
LX-3986a0a6c7	הֵכִין	HIFIL	unimorph_heb	GOLD	9	1.0	
LX-ea43dfa94f	הֵמִית	HIFIL	unimorph_heb	SILVER	9	1.0	
LX-001c057dd4	הֵנִיחַ	HIFIL	unimorph_heb	SILVER	9	1.0	
LX-309ffe2abc	הֵעִיף	HIFIL	unimorph_heb	SILVER	9	1.0	
LX-10ba36eee3	הֵעִיר		unimorph_heb	QUESTIONABLE	9	1.0	
LX-6a8efafe61	הֵפִיץ		unimorph_heb	QUESTIONABLE	9	1.0	
LX-e665a00f13	הֵפֵר	HIFIL	unimorph_heb	GOLD	9	1.0	
LX-42e21a560a	הֵצֵל	HIFIL	unimorph_heb	GOLD	9	1.0	
LX-769de717f6	הֵקִים	HIFIL	unimorph_heb	SILVER	9	1.0	
LX-39e26f5eec	הֵקֵל	HIFIL	unimorph_heb	GOLD	9	1.0	
LX-6d4848df9d	הֵקֵר	HIFIL	unimorph_heb	SILVER	9	1.0	
LX-c4177147a0	הֵרִיחַ	HIFIL	unimorph_heb	GOLD	9	1.0	
LX-2994c0ce40	הֵרִים	HIFIL	unimorph_heb	GOLD	9	1.0	
LX-6fb768555a	הֵרֵעַ	HIFIL	unimorph_heb	QUESTIONABLE	9	1.0	
LX-59eebdc538	הֵשִׁיב	HIFIL	unimorph_heb	SILVER	9	1.0	
LX-43375698ae	הֶאֱבִיס		unimorph_heb	QUESTIONABLE	9	1.0	
LX-a4e65457f5	הֶחְזִיר		unimorph_heb	QUESTIONABLE	9	1.0	
LX-d8d15a72aa	הֶחְכִּים	HIFIL	unimorph_heb	SILVER	9	1.0	
LX-f1093e1dd3	הֶחְלִיק		unimorph_heb	QUESTIONABLE	9	1.0	
LX-737584c3fa	הֶעֱבִיר	HIFIL	unimorph_heb	SILVER	9	1.0	
LX-5580082729	הֶעֱדִיף		unimorph_heb	QUESTIONABLE	9	1.0	
LX-36154a9a6e	הֶעֱטִיר		unimorph_heb	QUESTIONABLE	9	1.0	
LX-20babe10e6	הֶעֱלִים		unimorph_heb	QUESTIONABLE	9	1.0	
LX-f55c3a8575	הֶעֱלָה	HIFIL	unimorph_heb	GOLD	9	1.0	
LX-ee797e30b2	הֶעֱמִיד		unimorph_heb	QUESTIONABLE	9	1.0	
LX-fed75d45a4	הֶעֱמִיק		unimorph_heb	QUESTIONABLE	9	1.0	
LX-e2cb522b2d	הֶעֱרִיךְ	HIFIL	unimorph_heb	SILVER	9	1.0	
LX-89fe062dac	הֶעֱרִיץ		unimorph_heb	QUESTIONABLE	9	1.0	
LX-1d3a030898	הֶרְאָה	HIFIL	unimorph_heb	SILVER	9	1.0	
LX-435ebe95bf	הָגָה	PAAL	unimorph_heb	SILVER	9	1.0	
LX-de6e534bda	הָזָה	PAAL	unimorph_heb	SILVER	9	1.0	
LX-5b1273359d	הָלַךְ	PAAL	unimorph_heb	SILVER	9	1.0	
LX-d3c5e99129	הָפַךְ	PAAL	unimorph_heb	GOLD	9	1.0	
LX-b7acb7ab10	הֻגְבַּר	HUFAL	unimorph_heb	SILVER	9	1.0	
LX-baa093e1cf	הֻכָּה	HUFAL	unimorph_heb	GOLD	9	1.0	
LX-8748f07a1a	הֻפַּל	HUFAL	unimorph_heb	SILVER	9	1.0	
LX-dc81622ef9	הֻצַּע		unimorph_heb	QUESTIONABLE	9	1.0	
LX-574a26d5e9	הֻרְאָה		unimorph_heb	QUESTIONABLE	9	1.0	
LX-d14f973955	הֻרְגַּשׁ	HUFAL	unimorph_heb	SILVER	9	1.0	
LX-76b5be462b	הֻרְשַׁע	HUFAL	unimorph_heb	SILVER	9	1.0	
LX-ea25ee3884	הֻשְׁתַּק	HUFAL	unimorph_heb	SILVER	9	1.0	
LX-c20a30b9f2	הֻתְקַן		unimorph_heb	QUESTIONABLE	9	1.0	
LX-f7cee11cd2	הוֹדָה	HIFIL	unimorph_heb	SILVER	9	1.0	
LX-bce671e703	הוֹרָה	HIFIL	unimorph_heb	SILVER	9	1.0	
LX-ff60cb398a	הוֹשִׁיעַ	HIFIL	unimorph_heb	SILVER	9	1.0	
LX-dcd56f7a3b	הוּאַץ		unimorph_heb	QUESTIONABLE	9	1.0	
LX-d7a81169f7	הוּאַר	HUFAL	unimorph_heb	QUESTIONABLE	9	1.0	
LX-d9bcdab04e	הוּזַז	HUFAL	unimorph_heb	SILVER	9	1.0	
LX-b36fd75c35	הוּטַב	HUFAL	unimorph_heb	QUESTIONABLE	9	1.0	
LX-caa5d9467a	הוּכַן	HUFAL	unimorph_heb	SILVER	9	1.0	
LX-71245d7de6	הוּסַב	HUFAL	unimorph_heb	GOLD	9	1.0	
LX-288fc0ffa7	הוּצָא	HUFAL	unimorph_heb	SILVER	9	1.0	
LX-5a23bf0684	הוּקַם	HUFAL	unimorph_heb	SILVER	9	1.0	
LX-a74f1fcae7	הוּשַׁב	HUFAL	unimorph_heb	SILVER	9	1.0	
LX-1933198ef1	זִהֵם	PIEL	unimorph_heb	SILVER	9	1.0	
LX-37d7967a61	זִמֵּר	PIEL	unimorph_heb	GOLD	9	1.0	
LX-4474e9fa7e	זִעְזֵעַ	PIEL	unimorph_heb	SILVER	9	1.0	
LX-be895af0f1	זָב	PAAL	unimorph_heb	SILVER	9	1.0	
LX-efc8a8fffa	זָחַל	PAAL	unimorph_heb	SILVER	9	1.0	
LX-c2004fa5b5	זָנָה	PAAL	unimorph_heb	SILVER	9	1.0	
LX-ddd8ae83f6	זָקַן	PAAL	unimorph_heb	SILVER	9	1.0	
LX-8c0991a569	זָרַע	PAAL	unimorph_heb	SILVER	9	1.0	
LX-f18e40231a	זֹהַם		unimorph_heb	QUESTIONABLE	9	1.0	
LX-e67a8b6fe4	זֻעְזַע		unimorph_heb	QUESTIONABLE	9	1.0	
LX-8b75fd350a	חִבֵּל	PIEL	unimorph_heb	SILVER	9	1.0	
LX-b4edc12a9a	חִבֵּק	PIEL	unimorph_heb	SILVER	9	1.0	
LX-81980f3698	חִבֵּר	PIEL	unimorph_heb	SILVER	9	1.0	
LX-85b2e16647	חִדֵּשׁ	PIEL	unimorph_heb	GOLD	9	1.0	
LX-3bba7e3865	חִזֵּק	PIEL	unimorph_heb	GOLD	9	1.0	
LX-68c5c9f516	חִטֵּא		unimorph_heb	QUESTIONABLE	9	1.0	
LX-01012cf3d7	חִיֵּךְ	PIEL	unimorph_heb	SILVER	9	1.0	
LX-d65b9dba6b	חִלֵּק	PIEL	unimorph_heb	SILVER	9	1.0	
LX-ca90f091bd	חִמֵּם	PIEL	unimorph_heb	GOLD	9	1.0	
LX-c0c7bcf341	חִפֵּשׂ	PIEL	unimorph_heb	SILVER	9	1.0	
LX-7c4d57096f	חִפָּה	PIEL	unimorph_heb	SILVER	9	1.0	
LX-a00b218f35	חִצְרֵץ		unimorph_heb	QUESTIONABLE	9	1.0	
LX-5c64623cf2	חִשֵּׁב	PIEL	unimorph_heb	GOLD	9	1.0	
LX-8d3da3f90b	חָג	PAAL	unimorph_heb	QUESTIONABLE	9	1.0	
LX-84c0234a15	חָגַר	PAAL	unimorph_heb	SILVER	9	1.0	
LX-f55cc7a592	חָד	PAAL	unimorph_heb	SILVER	9	1.0	
LX-ba17312739	חָוָה	PAAL	unimorph_heb	SILVER	9	1.0	
LX-bbb5072543	חָזַר	PAAL	unimorph_heb	GOLD	9	1.0	
LX-bcb4b554a9	חָטַף	PAAL	unimorph_heb	SILVER	9	1.0	
LX-a3d04ae0f7	חָטָא		unimorph_heb	QUESTIONABLE	9	1.0	
LX-9eb79f75d1	חָכַם	PAAL	unimorph_heb	GOLD	9	1.0	
LX-f4db6e236f	חָל	PAAL	unimorph_heb	QUESTIONABLE	9	1.0	
LX-d49ff7207b	חָלַב		unimorph_heb	QUESTIONABLE	9	1.0	
LX-1455f46ab5	חָלַם	PAAL	unimorph_heb	SILVER	9	1.0	
LX-d91b907eb2	חָלַף	PAAL	unimorph_heb	GOLD	9	1.0	
LX-4615529d04	חָלָה	PAAL	unimorph_heb	SILVER	9	1.0	
LX-82433c8f40	חָמַד	PAAL	unimorph_heb	SILVER	9	1.0	
LX-736ba46633	חָנַק	PAAL	unimorph_heb	SILVER	9	1.0	
LX-4bb8ff844c	חָנָה	PAAL	unimorph_heb	SILVER	9	1.0	
LX-1fffcfadc8	חָסָה	PAAL	unimorph_heb	SILVER	9	1.0	
LX-e28abbab54	חָצָה	PAAL	unimorph_heb	SILVER	9	1.0	
LX-c56987a72e	חָקַר	PAAL	unimorph_heb	SILVER	9	1.0	
LX-87906e22bd	חָרַב	PAAL	unimorph_heb	SILVER	9	1.0	
LX-b701de28d8	חָרַפּ		unimorph_heb	QUESTIONABLE	9	1.0	
LX-ef36af359d	חָרָה	PAAL	unimorph_heb	QUESTIONABLE	9	1.0	
LX-24b0345f81	חָשַׁב	PAAL	unimorph_heb	GOLD	9	1.0	
LX-f77a5756d8	חָתַךְ	PAAL	unimorph_heb	SILVER	9	1.0	
LX-a7703049f1	חֻבַּר		unimorph_heb	QUESTIONABLE	9	1.0	
LX-ebbb34c23c	חֻזַּק	PUAL	unimorph_heb	SILVER	9	1.0	
LX-84a27c0c03	חֻנַּךְ		unimorph_heb	QUESTIONABLE	9	1.0	
LX-ff1c17daf7	חֻשַּׁב	PUAL	unimorph_heb	SILVER	9	1.0	
LX-614ce13de3	חוֹקֵק	PIEL	unimorph_heb	SILVER	9	1.0	
LX-138c49c2ad	טִאְטֵא	PIEL	unimorph_heb	SILVER	9	1.0	
LX-11f14f0611	טִלְפֵן		unimorph_heb	QUESTIONABLE	9	1.0	
LX-04565cf696	טִנֵּף	PIEL	unimorph_heb	GOLD	9	1.0	
LX-a491d2ecbf	טִפֵּל	PIEL	unimorph_heb	SILVER	9	1.0	
LX-ebf8ffff61	טָבַח	PAAL	unimorph_heb	SILVER	9	1.0	
LX-6d49275d16	טָעַם	PAAL	unimorph_heb	SILVER	9	1.0	
LX-066e3c4444	טָעַן	PAAL	unimorph_heb	SILVER	9	1.0	
LX-db00b0b070	טָפַח	PAAL	unimorph_heb	SILVER	9	1.0	
LX-d3eb1aae80	טֻאְטָא		unimorph_heb	QUESTIONABLE	9	1.0	
LX-777d67b75a	טֻלְטַל	PUAL	unimorph_heb	SILVER	9	1.0	
LX-675c10f4a7	טֻנַּף	PUAL	unimorph_heb	SILVER	9	1.0	
LX-6e20d2b2c4	יָדָה	PAAL	unimorph_heb	GOLD	9	1.0	
LX-2f20f9097a	יָלַד	PAAL	unimorph_heb	GOLD	9	1.0	
LX-91549e4be9	יָנַק	PAAL	unimorph_heb	GOLD	9	1.0	
LX-616f0e955d	יָצַר	PAAL	unimorph_heb	SILVER	9	1.0	
LX-6a29cabe35	יָצָא	PAAL	unimorph_heb	GOLD	9	1.0	
LX-870b26ad1b	יָרֵא	PAAL	unimorph_heb	GOLD	9	1.0	
LX-6d31183415	יָרַד	PAAL	unimorph_heb	GOLD	9	1.0	
LX-85351b2f42	יָרַשׁ	PAAL	unimorph_heb	SILVER	9	1.0	
LX-cba29fbefd	יָשַׁב	PAAL	unimorph_heb	GOLD	9	1.0	
LX-16667d60db	יָשַׁן	PAAL	unimorph_heb	SILVER	9	1.0	
LX-c7e5205e29	כִּזֵּב	PIEL	unimorph_heb	SILVER	9	1.0	
LX-19c903e54d	כִּכֵב		unimorph_heb	QUESTIONABLE	9	1.0	
LX-eae923cd2c	כִּלָּה	PIEL	unimorph_heb	GOLD	9	1.0	
LX-9e5c4f8bbc	כִּנֵּס	PIEL	unimorph_heb	SILVER	9	1.0	
LX-ada99b0657	כִּפֵּר	PIEL	unimorph_heb	SILVER	9	1.0	
LX-9c9931e2cb	כִּתֵּר	PIEL	unimorph_heb	GOLD	9	1.0	
LX-00018e7d56	כָּאַב	PAAL	unimorph_heb	SILVER	9	1.0	
LX-a7d48f1ec2	כָּבַשׁ	PAAL	unimorph_heb	GOLD	9	1.0	
LX-359f94bcdb	כָּלָה	PAAL	unimorph_heb	SILVER	9	1.0	
LX-d735eedbfd	כָּמַהּ	PAAL	unimorph_heb	SILVER	9	1.0	
LX-4f44e4fd0c	כָּעַס	PAAL	unimorph_heb	SILVER	9	1.0	
LX-f71e97c383	כָּפָה	PAAL	unimorph_heb	GOLD	9	1.0	
LX-84d1314266	כָּרַת	PAAL	unimorph_heb	SILVER	9	1.0	
LX-2b081a0c8f	כּוֹנֵן	PIEL	unimorph_heb	GOLD	9	1.0	
LX-4141dae76a	לִבֵּב	PIEL	unimorph_heb	SILVER	9	1.0	
LX-3bfabf856f	לָהַט	PAAL	unimorph_heb	SILVER	9	1.0	
LX-83dfdafe98	לָחַץ	PAAL	unimorph_heb	SILVER	9	1.0	
LX-eeb845125c	לָמַד	PAAL	unimorph_heb	GOLD	9	1.0	
LX-9951edac18	לָן	PAAL	unimorph_heb	GOLD	9	1.0	
LX-14fb70d88d	לָקַח	PAAL	unimorph_heb	SILVER	9	1.0	
LX-3c13146f11	לָשׁ	PAAL	unimorph_heb	GOLD	9	1.0	
LX-256bcdadc3	מִהֵר		unimorph_heb	QUESTIONABLE	9	1.0	
LX-7267c4c04d	מִיֵּן	PIEL	unimorph_heb	GOLD	9	1.0	
LX-8ffa519081	מִלֵּא	PIEL	unimorph_heb	GOLD	9	1.0	
LX-03e43d6791	מִקֵּם		unimorph_heb	QUESTIONABLE	9	1.0	
LX-073fc756b3	מִתֵּן	PIEL	unimorph_heb	SILVER	9	1.0	
LX-15d854eb45	מֵאֵן	PIEL	unimorph_heb	GOLD	9	1.0	
LX-04041d6ade	מָלֵא	PAAL	unimorph_heb	GOLD	9	1.0	
LX-1053f15348	מָלַךְ	PAAL	unimorph_heb	SILVER	9	1.0	
LX-d00cc5ab8c	מָנָה	PAAL	unimorph_heb	GOLD	9	1.0	
LX-0e88603fe5	מָסַר	PAAL	unimorph_heb	SILVER	9	1.0	
LX-f7f90f17b9	מָעַךְ	PAAL	unimorph_heb	QUESTIONABLE	9	1.0	
LX-48c554da1d	מָעַל	PAAL	unimorph_heb	SILVER	9	1.0	
LX-d97045723d	מָשַׁל	PAAL	unimorph_heb	SILVER	9	1.0	
LX-9ed9e23d39	מֻפָּה		unimorph_heb	QUESTIONABLE	9	1.0	
LX-4b66ac5abe	נִבְחַר	NIFAL	unimorph_heb	SILVER	9	1.0	
LX-e2d7408010	נִבְנָה	NIFAL	unimorph_heb	SILVER	9	1.0	
LX-53d478f095	נִגְאַל		unimorph_heb	QUESTIONABLE	9	1.0	
LX-83bd88989a	נִגְלָה	NIFAL	unimorph_heb	SILVER	9	1.0	
LX-7dcd5a96fd	נִגְנַב	NIFAL	unimorph_heb	SILVER	9	1.0	
LX-770850bf80	נִדְחָה	NIFAL	unimorph_heb	SILVER	9	1.0	
LX-21a93fa1f4	נִדְרַס		unimorph_heb	QUESTIONABLE	9	1.0	
LX-8306c21941	נִהְיָה	NIFAL	unimorph_heb	QUESTIONABLE	9	1.0	
LX-d7dfb92b44	נִזְכַּר	NIFAL	unimorph_heb	GOLD	9	1.0	
LX-97d731765c	נִחֵם	PIEL	unimorph_heb	SILVER	9	1.0	
LX-f5eb0a9081	נִטַּל	NIFAL	unimorph_heb	SILVER	9	1.0	
LX-71b1aa15b2	נִכְוָה		unimorph_heb	QUESTIONABLE	9	1.0	
LX-e919f52b15	נִכְלַם	NIFAL	unimorph_heb	SILVER	9	1.0	
LX-cc671cd248	נִכְנַס	NIFAL	unimorph_heb	GOLD	9	1.0	
LX-073639b610	נִכְרַת	NIFAL	unimorph_heb	SILVER	9	1.0	
LX-bdb8967668	נִכְשַׁל	NIFAL	unimorph_heb	SILVER	9	1.0	
LX-41b6c6ff2a	נִכְתַּב	NIFAL	unimorph_heb	GOLD	9	1.0	
LX-473dcf4ef6	נִכֵּר	PIEL	unimorph_heb	SILVER	9	1.0	
LX-17bbbfa072	נִלְחַם	NIFAL	unimorph_heb	GOLD	9	1.0	
LX-fce081a266	נִמְכַּר	NIFAL	unimorph_heb	SILVER	9	1.0	
LX-54e68779c6	נִמְלַט	NIFAL	unimorph_heb	SILVER	9	1.0	
LX-4a9c655e0c	נִמְשַׁךְ		unimorph_heb	QUESTIONABLE	9	1.0	
LX-b34e036e57	נִנְעַל		unimorph_heb	QUESTIONABLE	9	1.0	
LX-9c8c65490a	נִסְגַּר	NIFAL	unimorph_heb	SILVER	9	1.0	
LX-b3caa239df	נִסְחַף		unimorph_heb	QUESTIONABLE	9	1.0	
LX-bd64bd5f86	נִפְגַּע		unimorph_heb	QUESTIONABLE	9	1.0	
LX-d769196e21	נִפְטַר	NIFAL	unimorph_heb	GOLD	9	1.0	
LX-449289369e	נִפְרַד	NIFAL	unimorph_heb	GOLD	9	1.0	
LX-482803b73d	נִצֵּחַ	PIEL	unimorph_heb	SILVER	9	1.0	
LX-5a8b7d9716	נִצֵּל		unimorph_heb	QUESTIONABLE	9	1.0	
LX-d30e019b1c	נִצֵּר		unimorph_heb	QUESTIONABLE	9	1.0	
LX-df09f84dea	נִצַּב	NIFAL	unimorph_heb	SILVER	9	1.0	
LX-5216072da6	נִקְבַּר	NIFAL	unimorph_heb	SILVER	9	1.0	
LX-9300efaa00	נִקְנָה	NIFAL	unimorph_heb	SILVER	9	1.0	
LX-3d32f79efb	נִקְרָא	NIFAL	unimorph_heb	GOLD	9	1.0	
LX-415c771e37	נִקָּה		unimorph_heb	QUESTIONABLE	9	1.0	
LX-c04cf3a925	נִרְאָה	NIFAL	unimorph_heb	SILVER	9	1.0	
LX-7121c772bf	נִרְגַּע		unimorph_heb	QUESTIONABLE	9	1.0	
LX-a43a976054	נִרְצַח		unimorph_heb	QUESTIONABLE	9	1.0	
LX-8ac0c993da	נִשְׁאַר	NIFAL	unimorph_heb	SILVER	9	1.0	
LX-d1901793de	נִשְׁבַּע	NIFAL	unimorph_heb	SILVER	9	1.0	
LX-704e73012f	נִשְׁבַּר	NIFAL	unimorph_heb	SILVER	9	1.0	
LX-8cb779c4eb	נִשְׁלַט		unimorph_heb	QUESTIONABLE	9	1.0	
LX-aff5a4ad55	נִשְׁמַע	NIFAL	unimorph_heb	SILVER	9	1.0	
LX-4b1ca5313c	נִשְׂרַף	NIFAL	unimorph_heb	SILVER	9	1.0	
LX-e37f4c3b54	נִשָּׂא	NIFAL	unimorph_heb	GOLD	9	1.0	
LX-221b7aaaa0	נִתַּן	NIFAL	unimorph_heb	GOLD	9	1.0	
LX-03b66917fd	נֶאֱמַן	NIFAL	unimorph_heb	SILVER	9	1.0	
LX-0f9c3c2451	נֶאֱצַל	NIFAL	unimorph_heb	SILVER	9	1.0	
LX-470258a91e	נֶהֱגָה		unimorph_heb	QUESTIONABLE	9	1.0	
LX-488a06c074	נֶהֱנָה	NIFAL	unimorph_heb	SILVER	9	1.0	
LX-6b94440c9f	נֶהֱרַג	NIFAL	unimorph_heb	SILVER	9	1.0	
LX-25c3ce87e7	נֶחְלַק		unimorph_heb	QUESTIONABLE	9	1.0	
LX-7f3553a9e1	נֶחְקַר	NIFAL	unimorph_heb	SILVER	9	1.0	
LX-41b7b50d45	נֶחְשַׁב	NIFAL	unimorph_heb	GOLD	9	1.0	
LX-fc59358a20	נֶעֱלַם	NIFAL	unimorph_heb	SILVER	9	1.0	
LX-add8596aaf	נַעֲשָׂה		unimorph_heb	QUESTIONABLE	9	1.0	
LX-09fb5f3364	נָאַף	PAAL	unimorph_heb	SILVER	9	1.0	
LX-50f7529e25	נָבַל	PAAL	unimorph_heb	SILVER	9	1.0	
LX-66f2569f15	נָגַהּ	PAAL	unimorph_heb	QUESTIONABLE	9	1.0	
LX-bfd2580e9e	נָגַע	PAAL	unimorph_heb	SILVER	9	1.0	
LX-1e28fa9ca0	נָהַג	PAAL	unimorph_heb	GOLD	9	1.0	
LX-97151a7cb5	נָח	PAAL	unimorph_heb	SILVER	9	1.0	
LX-3eb546c813	נָחַל	PAAL	unimorph_heb	SILVER	9	1.0	
LX-b49f377bc6	נָטַל	PAAL	unimorph_heb	SILVER	9	1.0	
LX-4dbe934641	נָטַע	PAAL	unimorph_heb	SILVER	9	1.0	
LX-1a98c1f4d3	נָם	PAAL	unimorph_heb	SILVER	9	1.0	
LX-89f498bc79	נָס	PAAL	unimorph_heb	SILVER	9	1.0	
LX-cd21b2a15b	נָעַל	PAAL	unimorph_heb	SILVER	9	1.0	
LX-e0f85e0df1	נָעַם	PAAL	unimorph_heb	SILVER	9	1.0	
LX-7d64a73c52	נָעַר	PAAL	unimorph_heb	SILVER	9	1.0	
LX-b1c181eb09	נָפַח	PAAL	unimorph_heb	SILVER	9	1.0	
LX-80738017ef	נָפַל	PAAL	unimorph_heb	SILVER	9	1.0	
LX-ff717a0d94	נָפַשׁ	PAAL	unimorph_heb	GOLD	9	1.0	
LX-e8646b5b9e	נָצַר	PAAL	unimorph_heb	SILVER	9	1.0	
LX-81d8a4ca7f	נָשַׁב	PAAL	unimorph_heb	SILVER	9	1.0	
LX-0dd13b0a79	נָשַׁךְ	PAAL	unimorph_heb	SILVER	9	1.0	
LX-cfb75fb8a2	נָשַׁק	PAAL	unimorph_heb	SILVER	9	1.0	
LX-f09c39ee18	נָשָׁה	PAAL	unimorph_heb	SILVER	9	1.0	
LX-da0d23398a	נָשָׂא	PAAL	unimorph_heb	GOLD	9	1.0	
LX-8097b3b1bb	נוֹשַׁע	NIFAL	unimorph_heb	SILVER	9	1.0	
LX-67dfe7696c	סִבְּסֵד	PIEL	unimorph_heb	SILVER	9	1.0	
LX-78a11bd615	סִדֵּר	PIEL	unimorph_heb	SILVER	9	1.0	
LX-5fb21b61b7	סִיֵּע	PIEL	unimorph_heb	QUESTIONABLE	9	1.0	
LX-60f0688ef8	סִכֵּךְ	PIEL	unimorph_heb	SILVER	9	1.0	
LX-45483b9eef	סִכֵּם	PIEL	unimorph_heb	SILVER	9	1.0	
LX-e70e70af87	סִלֵּק	PIEL	unimorph_heb	SILVER	9	1.0	
LX-dc300e87c0	סִמֵּל	PIEL	unimorph_heb	SILVER	9	1.0	
LX-cb3830c820	סִמֵּן		unimorph_heb	QUESTIONABLE	9	1.0	
LX-eee9bf0186	סִנְכְרֵן		unimorph_heb	QUESTIONABLE	9	1.0	
LX-a58050586e	סִנֵּן	PIEL	unimorph_heb	GOLD	9	1.0	
LX-3edc7a821a	סִפֵּחַ	PIEL	unimorph_heb	SILVER	9	1.0	
LX-9b38478215	סֵרֵב	PIEL	unimorph_heb	SILVER	9	1.0	
LX-9966c03a4e	סָגַד	PAAL	unimorph_heb	SILVER	9	1.0	
LX-0ec3e07334	סָדַק		unimorph_heb	QUESTIONABLE	9	1.0	
LX-47bf4fc994	סָחַר	PAAL	unimorph_heb	SILVER	9	1.0	
LX-d4e0896ffd	סָנַט	PAAL	unimorph_heb	SILVER	9	1.0	
LX-7c30fc2e0d	סָפַר	PAAL	unimorph_heb	GOLD	9	1.0	
LX-1fc0f540e7	סָתַם	PAAL	unimorph_heb	SILVER	9	1.0	
LX-c9c893c95f	סָתַר	PAAL	unimorph_heb	GOLD	9	1.0	
LX-6ce2aab235	סֻנְכְרַן		unimorph_heb	QUESTIONABLE	9	1.0	
LX-473ee29c60	סוֹכֵךְ		unimorph_heb	QUESTIONABLE	9	1.0	
LX-272ce88a0c	עִבֵּר	PIEL	unimorph_heb	SILVER	9	1.0	
LX-3fb3906fc7	עִגֵּל		unimorph_heb	QUESTIONABLE	9	1.0	
LX-1c0d767968	עִטֵּר	PIEL	unimorph_heb	SILVER	9	1.0	
LX-68f4d3f8ce	עִלֵּף		unimorph_heb	QUESTIONABLE	9	1.0	
LX-11c0e46972	עִצֵּב	PIEL	unimorph_heb	SILVER	9	1.0	
LX-f70a98db8e	עָבַד	PAAL	unimorph_heb	GOLD	9	1.0	
LX-9b09c788c8	עָזַב	PAAL	unimorph_heb	SILVER	9	1.0	
LX-2c25ffe1eb	עָזַר	PAAL	unimorph_heb	GOLD	9	1.0	
LX-8f40a0b7e1	עָלָה	PAAL	unimorph_heb	GOLD	9	1.0	
LX-d40c6ac470	עָמַק		unimorph_heb	QUESTIONABLE	9	1.0	
LX-f1da8bbf7d	עָצַם	PAAL	unimorph_heb	SILVER	9	1.0	
LX-cfdfc400fd	עָקַב	PAAL	unimorph_heb	GOLD	9	1.0	
LX-64f2d1b9b5	עָקַד	PAAL	unimorph_heb	GOLD	9	1.0	
LX-6f57e0f547	עָרַב	PAAL	unimorph_heb	SILVER	9	1.0	
LX-352715d8b0	עָרַךְ	PAAL	unimorph_heb	GOLD	9	1.0	
LX-9e8eef1f05	עָרַק	PAAL	unimorph_heb	SILVER	9	1.0	
LX-112318d6be	פִּהֵק	PIEL	unimorph_heb	GOLD	9	1.0	
LX-f0664633a4	פִּחֵד	PIEL	unimorph_heb	SILVER	9	1.0	
LX-588d3f6399	פִּטֵּר	PIEL	unimorph_heb	GOLD	9	1.0	
LX-c1b252996c	פִּלְפֵּל	PIEL	unimorph_heb	SILVER	9	1.0	
LX-489e35f223	פִּלֵּל	PIEL	unimorph_heb	GOLD	9	1.0	
LX-5332a810c0	פִּסֵּל	PIEL	unimorph_heb	SILVER	9	1.0	
LX-6777e52d42	פִּצָּה	PIEL	unimorph_heb	SILVER	9	1.0	
LX-6df509260e	פִּקֵּד	PIEL	unimorph_heb	SILVER	9	1.0	
LX-ce6c008b8b	פִּשֵּׁל		unimorph_heb	QUESTIONABLE	9	1.0	
LX-7f737d3646	פִסְפֵס	PIEL	unimorph_heb	SILVER	9	1.0	
LX-ceeec4b77e	פֵּאֵר	PIEL	unimorph_heb	GOLD	9	1.0	
LX-aba7ae51c2	פָּדָה	PAAL	unimorph_heb	SILVER	9	1.0	
LX-055a7768b7	פָּטַר	PAAL	unimorph_heb	GOLD	9	1.0	
LX-52b035f5e4	פָּנָה	PAAL	unimorph_heb	GOLD	9	1.0	
LX-25b8eabac3	פָּסַל	PAAL	unimorph_heb	SILVER	9	1.0	
LX-e4491b8f04	פָּרַח	PAAL	unimorph_heb	GOLD	9	1.0	
LX-1ea3c159e4	פָּרַס	PAAL	unimorph_heb	GOLD	9	1.0	
LX-b9d8b05a05	פָּרַץ	PAAL	unimorph_heb	GOLD	9	1.0	
LX-9cf290ffff	פָּרַק	PAAL	unimorph_heb	GOLD	9	1.0	
LX-43eebe26ce	פָּרַשׁ	PAAL	unimorph_heb	SILVER	9	1.0	
LX-43d85a6bb4	פָּרָה	PAAL	unimorph_heb	GOLD	9	1.0	
LX-13221c77de	פָּשַׁע		unimorph_heb	QUESTIONABLE	9	1.0	
LX-5f5844711c	פֻּטַּר	PUAL	unimorph_heb	SILVER	9	1.0	
LX-e6667ea209	פֻּצָּה		unimorph_heb	QUESTIONABLE	9	1.0	
LX-616836a354	פֻּרְסַם	PUAL	unimorph_heb	SILVER	9	1.0	
LX-6bdcd8bb1b	פֻּשַּׁט	PUAL	unimorph_heb	SILVER	9	1.0	
LX-a484b60a5b	פּוֹצֵץ	PIEL	unimorph_heb	SILVER	9	1.0	
LX-92fcfa9de5	צִטֵּט	PIEL	unimorph_heb	SILVER	9	1.0	
LX-7d70f2a865	צִלֵּם	PIEL	unimorph_heb	GOLD	9	1.0	
LX-e7e8ab0d7d	צִנְזֵר	PIEL	unimorph_heb	SILVER	9	1.0	
LX-07cb60a837	צִנֵּן	PIEL	unimorph_heb	SILVER	9	1.0	
LX-4ac8504d68	צֵרֵף	PIEL	unimorph_heb	SILVER	9	1.0	
LX-d335ed95d8	צָבַע	PAAL	unimorph_heb	QUESTIONABLE	9	1.0	
LX-5547676956	צָבָא	PAAL	unimorph_heb	SILVER	9	1.0	
LX-3523741b58	צָד	PAAL	unimorph_heb	SILVER	9	1.0	
LX-322406feb2	צָדַק	PAAL	unimorph_heb	SILVER	9	1.0	
LX-9359efa622	צָחַק	PAAL	unimorph_heb	SILVER	9	1.0	
LX-5b7cb7882d	צָלַע	PAAL	unimorph_heb	SILVER	9	1.0	
LX-03b4b36136	צָמֵא	PAAL	unimorph_heb	SILVER	9	1.0	
LX-e5cd4ef5f5	צָמַח	PAAL	unimorph_heb	SILVER	9	1.0	
LX-de85f9dc81	צָעַק	PAAL	unimorph_heb	SILVER	9	1.0	
LX-eac002a1ae	צָף	PAAL	unimorph_heb	SILVER	9	1.0	
LX-4505cd8989	צֻטַּט		unimorph_heb	QUESTIONABLE	9	1.0	
LX-451e014656	צֻנְזַר		unimorph_heb	QUESTIONABLE	9	1.0	
LX-69c35ed59d	קִבֵּעַ	PIEL	unimorph_heb	SILVER	9	1.0	
LX-0c0e5ea21c	קִדֵּשׁ	PIEL	unimorph_heb	SILVER	9	1.0	
LX-89d9a3afbf	קִטְלֵג		unimorph_heb	QUESTIONABLE	9	1.0	
LX-ebdb503530	קִטֵּב		unimorph_heb	QUESTIONABLE	9	1.0	
LX-618c338ae7	קִטֵּר	PIEL	unimorph_heb	SILVER	9	1.0	
LX-61535ef73a	קִנְטֵר	PIEL	unimorph_heb	QUESTIONABLE	9	1.0	
LX-e8ec2d746a	קִשֵּׁר	PIEL	unimorph_heb	GOLD	9	1.0	
LX-cc0b52fbbd	קָבַר	PAAL	unimorph_heb	GOLD	9	1.0	
LX-35856ad369	קָטֹן	PAAL	unimorph_heb	QUESTIONABLE	9	1.0	
LX-15c5078205	קָלָה	PAAL	unimorph_heb	SILVER	9	1.0	
LX-f014ecdb3c	קָנָה	PAAL	unimorph_heb	GOLD	9	1.0	
LX-b99bcc9306	קָצַף	PAAL	unimorph_heb	GOLD	9	1.0	
LX-56094e9f5f	קָצַר	PAAL	unimorph_heb	GOLD	9	1.0	
LX-1ac3d4f823	קָרַב	PAAL	unimorph_heb	GOLD	9	1.0	
LX-5969287c64	קָרַן	PAAL	unimorph_heb	GOLD	9	1.0	
LX-3ab283c35d	קָרָא	PAAL	unimorph_heb	GOLD	9	1.0	
LX-6e4190a5e7	קָרָה	PAAL	unimorph_heb	SILVER	9	1.0	
LX-0b0fa036c7	קָשַׁר	PAAL	unimorph_heb	GOLD	9	1.0	
LX-74ac9d1867	קֻבַּע		unimorph_heb	QUESTIONABLE	9	1.0	
LX-b202d13eff	קֻדַּשׁ		unimorph_heb	QUESTIONABLE	9	1.0	
LX-870f27eb3a	קֻנְטַר		unimorph_heb	QUESTIONABLE	9	1.0	
LX-eef2be3e89	רִהֵט	PIEL	unimorph_heb	GOLD	9	1.0	
LX-c809c15e49	רִחְרֵחַ		unimorph_heb	QUESTIONABLE	9	1.0	
LX-70b2fa5dd7	רִמָּה	PIEL	unimorph_heb	SILVER	9	1.0	
LX-6056bed834	רִסֵּס		unimorph_heb	QUESTIONABLE	9	1.0	
LX-0c712b4b70	רִפֵּד	PIEL	unimorph_heb	SILVER	9	1.0	
LX-c9f52c0679	רִצֵּד	PAAL	unimorph_heb	QUESTIONABLE	9	1.0	
LX-1865ff0b18	רִקֵּעַ	PIEL	unimorph_heb	SILVER	9	1.0	
LX-f24c0c7236	רִשֵּׁת	PIEL	unimorph_heb	SILVER	9	1.0	
LX-c423043573	רָאָה	PAAL	unimorph_heb	GOLD	9	1.0	
LX-64f0bf6e84	רָחַץ	PAAL	unimorph_heb	SILVER	9	1.0	
LX-47d1ba36b1	רָכַב	PAAL	unimorph_heb	SILVER	9	1.0	
LX-614f488b75	רָעָה	PAAL	unimorph_heb	SILVER	9	1.0	
LX-e48552f170	רָצַח	PAAL	unimorph_heb	SILVER	9	1.0	
LX-5dd48a81da	רָקַע	PAAL	unimorph_heb	SILVER	9	1.0	
LX-e06ae3db70	רֹהַט	PUAL	unimorph_heb	SILVER	9	1.0	
LX-4481f5d610	רֻפַּד		unimorph_heb	QUESTIONABLE	9	1.0	
LX-91fbe13128	רוֹקֵן		unimorph_heb	QUESTIONABLE	9	1.0	
LX-ad7554a06a	שִׁבֵּחַ	PIEL	unimorph_heb	SILVER	9	1.0	
LX-92432ef023	שִׁגֵּעַ	PIEL	unimorph_heb	SILVER	9	1.0	
LX-106744db77	שִׁדֵּר	PIEL	unimorph_heb	SILVER	9	1.0	
LX-ce1ade4176	שִׁחְרֵר	PIEL	unimorph_heb	GOLD	9	1.0	
LX-ca3adcaa91	שִׁחֵד	PIEL	unimorph_heb	SILVER	9	1.0	
LX-bc5f7c42c3	שִׁכְתֵּב		unimorph_heb	QUESTIONABLE	9	1.0	
LX-dbfe953468	שִׁלֵּב	PIEL	unimorph_heb	SILVER	9	1.0	
LX-61a7d64f3c	שִׁלֵּחַ	PIEL	unimorph_heb	SILVER	9	1.0	
LX-08f48de8ae	שִׁלֵּם	PIEL	unimorph_heb	GOLD	9	1.0	
LX-5b11334936	שִׁמֵּן	PIEL	unimorph_heb	GOLD	9	1.0	
LX-d38eacbf0b	שִׁמֵּר	PIEL	unimorph_heb	SILVER	9	1.0	
LX-58393261d6	שִׁנָּה	PIEL	unimorph_heb	GOLD	9	1.0	
LX-49fd01dc9c	שִׁעֵר	PIEL	unimorph_heb	GOLD	9	1.0	
LX-a27a5ada0f	שִׁפֵּר	PIEL	unimorph_heb	SILVER	9	1.0	
LX-41b87943ab	שִׁתֵּק	PIEL	unimorph_heb	GOLD	9	1.0	
LX-a92a8a3005	שִׂחֵק	PIEL	unimorph_heb	SILVER	9	1.0	
LX-d602805687	שֵׁרֵת	PIEL	unimorph_heb	SILVER	9	1.0	
LX-08ab7f012d	שָׁאַל	PAAL	unimorph_heb	GOLD	9	1.0	
LX-bf89c0b150	שָׁב	PAAL	unimorph_heb	SILVER	9	1.0	
LX-c498149530	שָׁבַר	PAAL	unimorph_heb	SILVER	9	1.0	
LX-84c2e16a81	שָׁבַת	PAAL	unimorph_heb	SILVER	9	1.0	
LX-9cae0823c4	שָׁבָה	PAAL	unimorph_heb	SILVER	9	1.0	
LX-ff6d26978f	שָׁהָה	PAAL	unimorph_heb	SILVER	9	1.0	
LX-19525e7829	שָׁחַט	PAAL	unimorph_heb	SILVER	9	1.0	
LX-e5c08439ab	שָׁכַב	PAAL	unimorph_heb	GOLD	9	1.0	
LX-5911285775	שָׁלַף	PAAL	unimorph_heb	SILVER	9	1.0	
LX-05b4d79f2d	שָׁף	PAAL	unimorph_heb	SILVER	9	1.0	
LX-46234064d7	שָׁפַט	PAAL	unimorph_heb	SILVER	9	1.0	
LX-bba5c2c463	שָׁקַט	PAAL	unimorph_heb	SILVER	9	1.0	
LX-c05c81dbad	שָׁקַל	PAAL	unimorph_heb	SILVER	9	1.0	
LX-156883c374	שָׁר	PAAL	unimorph_heb	QUESTIONABLE	9	1.0	
LX-42d535a285	שָׁת	PAAL	unimorph_heb	SILVER	9	1.0	
LX-2c48f5e091	שָׁתַל	PAAL	unimorph_heb	SILVER	9	1.0	
LX-68486119bb	שָׂבַע	PAAL	unimorph_heb	SILVER	9	1.0	
LX-9d48bcafe1	שָׁחַק	PAAL	unimorph_heb	SILVER	9	1.0	
LX-b43202ccf1	שָׂחָה	PAAL	unimorph_heb	SILVER	9	1.0	
LX-fa50a91874	שָׂם	PAAL	unimorph_heb	GOLD	9	1.0	
LX-b0ae740bb6	שָׂמַח	PAAL	unimorph_heb	GOLD	9	1.0	
LX-6920078ed1	שָׂנֵא	PAAL	unimorph_heb	SILVER	9	1.0	
LX-43844d32e9	שָׂרַד	PAAL	unimorph_heb	SILVER	9	1.0	
LX-5131dbb21d	שָׂשׂ	PAAL	unimorph_heb	SILVER	9	1.0	
LX-1916dd333a	שֹׁרַשׁ	PUAL	unimorph_heb	SILVER	9	1.0	
LX-5769f7912b	שֻׁחְרַר	PUAL	unimorph_heb	SILVER	9	1.0	
LX-bc39ca2850	שֻׁחַד		unimorph_heb	QUESTIONABLE	9	1.0	
LX-55334cadd8	שֻׁמַּר	PUAL	unimorph_heb	SILVER	9	1.0	
LX-471a2d7289	שֻׁתַּק	PUAL	unimorph_heb	GOLD	9	1.0	
LX-c979d80b1d	שׂוֹחֵחַ	PIEL	unimorph_heb	GOLD	9	1.0	
LX-44b810fc8a	תִּכְנֵת	PIEL	unimorph_heb	SILVER	9	1.0	
LX-041a1e9a8f	תִּלְתֵּל	PIEL	unimorph_heb	SILVER	9	1.0	
LX-8e72ec679b	תִּעֵד	PIEL	unimorph_heb	SILVER	9	1.0	
LX-e514f8ec59	תִּקֵּן	PIEL	unimorph_heb	SILVER	9	1.0	
LX-fa3c6dc716	תִּרְגֵּם		unimorph_heb	QUESTIONABLE	9	1.0	
LX-8595027f0d	תָּהָה	PAAL	unimorph_heb	SILVER	9	1.0	
LX-00779369da	תָּמַהּ		unimorph_heb	QUESTIONABLE	9	1.0	
LX-21420b715f	תָּמַךְ	PAAL	unimorph_heb	SILVER	9	1.0	
LX-63fbaf3997	תָּפַס	PAAL	unimorph_heb	SILVER	9	1.0	
LX-3bdc7b1e08	תֹּאַר		unimorph_heb	QUESTIONABLE	9	1.0	
LX-0dc05c8042	בָּלַט	PAAL	hewiktionary	SILVER	1	0.1111	PST.1SG|PST.2MSG|PST.2FSG|PST.3FSG|PST.1PL|PST.2MPL|PST.2FPL|PST.3PL
LX-ae259d9b0d	גָּלַם	PAAL	hewiktionary	SILVER	1	0.1111	PST.1SG|PST.2MSG|PST.2FSG|PST.3FSG|PST.1PL|PST.2MPL|PST.2FPL|PST.3PL
LX-462b284a89	גִּלֵּם	PIEL	hewiktionary	SILVER	1	0.1111	PST.1SG|PST.2MSG|PST.2FSG|PST.3FSG|PST.1PL|PST.2MPL|PST.2FPL|PST.3PL
LX-87e0cfa16a	נִחֵל	PIEL	hewiktionary	SILVER	1	0.1111	PST.1SG|PST.2MSG|PST.2FSG|PST.3FSG|PST.1PL|PST.2MPL|PST.2FPL|PST.3PL
LX-5a49dbec84	עִרְפֵּל	PIEL	hewiktionary	SILVER	1	0.1111	PST.1SG|PST.2MSG|PST.2FSG|PST.3FSG|PST.1PL|PST.2MPL|PST.2FPL|PST.3PL
LX-054f84ce72	פָּרַם	PAAL	hewiktionary	SILVER	1	0.1111	PST.1SG|PST.2MSG|PST.2FSG|PST.3FSG|PST.1PL|PST.2MPL|PST.2FPL|PST.3PL
LX-23d12c6181	צָבַר	PAAL	hewiktionary	SILVER	1	0.1111	PST.1SG|PST.2MSG|PST.2FSG|PST.3FSG|PST.1PL|PST.2MPL|PST.2FPL|PST.3PL
LX-1cd5251589	קָמַע	PAAL	hewiktionary	SILVER	1	0.1111	PST.1SG|PST.2MSG|PST.2FSG|PST.3FSG|PST.1PL|PST.2MPL|PST.2FPL|PST.3PL
LX-39131bdb6b	זִנֵּב	PIEL	hewiktionary	SILVER	1	0.1111	PST.1SG|PST.2MSG|PST.2FSG|PST.3FSG|PST.1PL|PST.2MPL|PST.2FPL|PST.3PL
LX-de16713294	כָּשַׁר	PAAL	hewiktionary	SILVER	1	0.1111	PST.1SG|PST.2MSG|PST.2FSG|PST.3FSG|PST.1PL|PST.2MPL|PST.2FPL|PST.3PL
LX-7f29a82d96	אִזֵּן	PIEL	hewiktionary	SILVER	1	0.1111	PST.1SG|PST.2MSG|PST.2FSG|PST.3FSG|PST.1PL|PST.2MPL|PST.2FPL|PST.3PL
LX-527a56a45f	שֵׁרֵשׁ	PIEL	hewiktionary	SILVER	1	0.1111	PST.1SG|PST.2MSG|PST.2FSG|PST.3FSG|PST.1PL|PST.2MPL|PST.2FPL|PST.3PL
LX-0bea152de7	חָשַׁךְ	PAAL	hewiktionary	SILVER	1	0.1111	PST.1SG|PST.2MSG|PST.2FSG|PST.3FSG|PST.1PL|PST.2MPL|PST.2FPL|PST.3PL
LX-6d2ea0734b	חָשַׂךְ	PAAL	hewiktionary	SILVER	1	0.1111	PST.1SG|PST.2MSG|PST.2FSG|PST.3FSG|PST.1PL|PST.2MPL|PST.2FPL|PST.3PL
LX-6ce881f673	יִחֵס	PIEL	hewiktionary	SILVER	1	0.1111	PST.1SG|PST.2MSG|PST.2FSG|PST.3FSG|PST.1PL|PST.2MPL|PST.2FPL|PST.3PL
LX-2ece8e6248	אָרַךְ	PAAL	hewiktionary	SILVER	1	0.1111	PST.1SG|PST.2MSG|PST.2FSG|PST.3FSG|PST.1PL|PST.2MPL|PST.2FPL|PST.3PL
LX-2c6000f3cc	אָדַם	PAAL	hewiktionary	SILVER	1	0.1111	PST.1SG|PST.2MSG|PST.2FSG|PST.3FSG|PST.1PL|PST.2MPL|PST.2FPL|PST.3PL
LX-a78a437437	סֻפַּר	PUAL	hewiktionary	SILVER	1	0.1111	PST.1SG|PST.2MSG|PST.2FSG|PST.3FSG|PST.1PL|PST.2MPL|PST.2FPL|PST.3PL
LX-b35d7ff9d2	שָׁפָה	PAAL	hewiktionary	SILVER	1	0.1111	PST.1SG|PST.2MSG|PST.2FSG|PST.3FSG|PST.1PL|PST.2MPL|PST.2FPL|PST.3PL
LX-219d252175	שִׁפָּה	PIEL	hewiktionary	SILVER	1	0.1111	PST.1SG|PST.2MSG|PST.2FSG|PST.3FSG|PST.1PL|PST.2MPL|PST.2FPL|PST.3PL
LX-90c5f70300	שֻׁפָּה	PUAL	hewiktionary	SILVER	1	0.1111	PST.1SG|PST.2MSG|PST.2FSG|PST.3FSG|PST.1PL|PST.2MPL|PST.2FPL|PST.3PL
LX-fe10cc3800	דָּגַם	PAAL	hewiktionary	SILVER	1	0.1111	PST.1SG|PST.2MSG|PST.2FSG|PST.3FSG|PST.1PL|PST.2MPL|PST.2FPL|PST.3PL
LX-415aa11f2f	רָגַע	PAAL	hewiktionary	SILVER	1	0.1111	PST.1SG|PST.2MSG|PST.2FSG|PST.3FSG|PST.1PL|PST.2MPL|PST.2FPL|PST.3PL
LX-37aeda48fc	צִלְחֵת	PIEL	hewiktionary	SILVER	1	0.1111	PST.1SG|PST.2MSG|PST.2FSG|PST.3FSG|PST.1PL|PST.2MPL|PST.2FPL|PST.3PL
LX-7913bd9d47	יִדַּע	PIEL	hewiktionary	SILVER	1	0.1111	PST.1SG|PST.2MSG|PST.2FSG|PST.3FSG|PST.1PL|PST.2MPL|PST.2FPL|PST.3PL
LX-f867433fcc	נָהַם	PAAL	hewiktionary	SILVER	1	0.1111	PST.1SG|PST.2MSG|PST.2FSG|PST.3FSG|PST.1PL|PST.2MPL|PST.2FPL|PST.3PL
LX-f78abcc548	נָהֹם	NIFAL	hewiktionary	SILVER	1	0.1111	PST.1SG|PST.2MSG|PST.2FSG|PST.3FSG|PST.1PL|PST.2MPL|PST.2FPL|PST.3PL
LX-e3aff2f3a6	חָמַר	PAAL	hewiktionary	SILVER	1	0.1111	PST.1SG|PST.2MSG|PST.2FSG|PST.3FSG|PST.1PL|PST.2MPL|PST.2FPL|PST.3PL
LX-1814a7d08c	חִמֵּר	PIEL	hewiktionary	SILVER	1	0.1111	PST.1SG|PST.2MSG|PST.2FSG|PST.3FSG|PST.1PL|PST.2MPL|PST.2FPL|PST.3PL
LX-678b583cea	לָחַם	PAAL	hewiktionary	SILVER	1	0.1111	PST.1SG|PST.2MSG|PST.2FSG|PST.3FSG|PST.1PL|PST.2MPL|PST.2FPL|PST.3PL
LX-83020414c8	עִמֵּר	PIEL	hewiktionary	SILVER	1	0.1111	PST.1SG|PST.2MSG|PST.2FSG|PST.3FSG|PST.1PL|PST.2MPL|PST.2FPL|PST.3PL
LX-6e4a1c6395	שִׁתֵּךְ	PIEL	hewiktionary	SILVER	1	0.1111	PST.1SG|PST.2MSG|PST.2FSG|PST.3FSG|PST.1PL|PST.2MPL|PST.2FPL|PST.3PL
LX-ee9b24baf6	גִגֵּל	PIEL	hewiktionary	SILVER	1	0.1111	PST.1SG|PST.2MSG|PST.2FSG|PST.3FSG|PST.1PL|PST.2MPL|PST.2FPL|PST.3PL
LX-67c0549e14	רִגֵּל	PIEL	hewiktionary	SILVER	1	0.1111	PST.1SG|PST.2MSG|PST.2FSG|PST.3FSG|PST.1PL|PST.2MPL|PST.2FPL|PST.3PL
LX-1c524271ec	בִּיֵּת	PIEL	hewiktionary	SILVER	1	0.1111	PST.1SG|PST.2MSG|PST.2FSG|PST.3FSG|PST.1PL|PST.2MPL|PST.2FPL|PST.3PL
LX-d3bd300763	יָשַׁר	PAAL	hewiktionary	SILVER	1	0.1111	PST.1SG|PST.2MSG|PST.2FSG|PST.3FSG|PST.1PL|PST.2MPL|PST.2FPL|PST.3PL
LX-390eb5e26c	חִיֵּל	PIEL	hewiktionary	SILVER	1	0.1111	PST.1SG|PST.2MSG|PST.2FSG|PST.3FSG|PST.1PL|PST.2MPL|PST.2FPL|PST.3PL
LX-c7b74d3dc8	הִתְנַיֵּד	HITPAEL	hewiktionary	QUESTIONABLE	1	0.1111	PST.1SG|PST.2MSG|PST.2FSG|PST.3FSG|PST.1PL|PST.2MPL|PST.2FPL|PST.3PL
LX-a82e682a26	הִתְחַפֵף	HITPAEL	hewiktionary	SILVER	1	0.1111	PST.1SG|PST.2MSG|PST.2FSG|PST.3FSG|PST.1PL|PST.2MPL|PST.2FPL|PST.3PL
LX-48cf39dea9	הִתְקַמְבֵּק	HITPAEL	hewiktionary	SILVER	1	0.1111	PST.1SG|PST.2MSG|PST.2FSG|PST.3FSG|PST.1PL|PST.2MPL|PST.2FPL|PST.3PL
LX-14b64696d9	הִתְחַתֵּךְ	HITPAEL	hewiktionary	SILVER	1	0.1111	PST.1SG|PST.2MSG|PST.2FSG|PST.3FSG|PST.1PL|PST.2MPL|PST.2FPL|PST.3PL
LX-debcd1ce43	הִתְבָּאֵס	HITPAEL	hewiktionary	SILVER	1	0.1111	PST.1SG|PST.2MSG|PST.2FSG|PST.3FSG|PST.1PL|PST.2MPL|PST.2FPL|PST.3PL
LX-d146df09de	גָּמָא	PAAL	hewiktionary	SILVER	1	0.1111	PST.1SG|PST.2MSG|PST.2FSG|PST.3FSG|PST.1PL|PST.2MPL|PST.2FPL|PST.3PL
LX-e271cf98d6	חָרַג	PAAL	hewiktionary	SILVER	1	0.1111	PST.1SG|PST.2MSG|PST.2FSG|PST.3FSG|PST.1PL|PST.2MPL|PST.2FPL|PST.3PL
LX-579700e196	דִּמָּה	PIEL	hewiktionary	SILVER	1	0.1111	PST.1SG|PST.2MSG|PST.2FSG|PST.3FSG|PST.1PL|PST.2MPL|PST.2FPL|PST.3PL
LX-3814029277	רַן	PAAL	hewiktionary	SILVER	1	0.1111	PST.1SG|PST.2MSG|PST.2FSG|PST.3FSG|PST.1PL|PST.2MPL|PST.2FPL|PST.3PL
LX-d11dc52b19	הִשְׁתַּרְלֵל	HITPAEL	hewiktionary	SILVER	1	0.1111	PST.1SG|PST.2MSG|PST.2FSG|PST.3FSG|PST.1PL|PST.2MPL|PST.2FPL|PST.3PL
LX-67fcba2d65	הִשְׁתַּרְמֵט	HITPAEL	hewiktionary	SILVER	1	0.1111	PST.1SG|PST.2MSG|PST.2FSG|PST.3FSG|PST.1PL|PST.2MPL|PST.2FPL|PST.3PL
LX-1bd80bc343	רָבַע	PAAL	hewiktionary	SILVER	1	0.1111	PST.1SG|PST.2MSG|PST.2FSG|PST.3FSG|PST.1PL|PST.2MPL|PST.2FPL|PST.3PL
LX-497a9bf34e	רִבֵּעַ	PIEL	hewiktionary	SILVER	1	0.1111	PST.1SG|PST.2MSG|PST.2FSG|PST.3FSG|PST.1PL|PST.2MPL|PST.2FPL|PST.3PL
LX-34da79daf6	הִפְרִיךְ	HIFIL	hewiktionary	SILVER	1	0.1111	PST.1SG|PST.2MSG|PST.2FSG|PST.3FSG|PST.1PL|PST.2MPL|PST.2FPL|PST.3PL
LX-31ea95a485	יִחֵף	PIEL	hewiktionary	SILVER	1	0.1111	PST.1SG|PST.2MSG|PST.2FSG|PST.3FSG|PST.1PL|PST.2MPL|PST.2FPL|PST.3PL
LX-d03441ef0a	הִתְיַחֵף	HITPAEL	hewiktionary	SILVER	1	0.1111	PST.1SG|PST.2MSG|PST.2FSG|PST.3FSG|PST.1PL|PST.2MPL|PST.2FPL|PST.3PL
LX-0fd0d7ce47	נֵעוֹר	NIFAL	hewiktionary	SILVER	1	0.1111	PST.1SG|PST.2MSG|PST.2FSG|PST.3FSG|PST.1PL|PST.2MPL|PST.2FPL|PST.3PL
LX-9450fde195	צִרְפֵת	PIEL	hewiktionary	SILVER	1	0.1111	PST.1SG|PST.2MSG|PST.2FSG|PST.3FSG|PST.1PL|PST.2MPL|PST.2FPL|PST.3PL
LX-4fd42327b6	יָרַק	PAAL	hewiktionary	SILVER	1	0.1111	PST.1SG|PST.2MSG|PST.2FSG|PST.3FSG|PST.1PL|PST.2MPL|PST.2FPL|PST.3PL
LX-48d30fcf6d	סָבָא	PAAL	hewiktionary	SILVER	1	0.1111	PST.1SG|PST.2MSG|PST.2FSG|PST.3FSG|PST.1PL|PST.2MPL|PST.2FPL|PST.3PL
LX-681d868535	יִבֵּם	PIEL	hewiktionary	SILVER	1	0.1111	PST.1SG|PST.2MSG|PST.2FSG|PST.3FSG|PST.1PL|PST.2MPL|PST.2FPL|PST.3PL
LX-e918df766b	בָּר	PAAL	hewiktionary	SILVER	1	0.1111	PST.1SG|PST.2MSG|PST.2FSG|PST.3FSG|PST.1PL|PST.2MPL|PST.2FPL|PST.3PL
LX-9ed1c296bb	טֻבַּע	PUAL	hewiktionary	SILVER	1	0.1111	PST.1SG|PST.2MSG|PST.2FSG|PST.3FSG|PST.1PL|PST.2MPL|PST.2FPL|PST.3PL
LX-7811254f22	טִבֵּעַ	PIEL	hewiktionary	SILVER	1	0.1111	PST.1SG|PST.2MSG|PST.2FSG|PST.3FSG|PST.1PL|PST.2MPL|PST.2FPL|PST.3PL
LX-0aebc10f6c	קִרְקַע	PIEL	hewiktionary	SILVER	1	0.1111	PST.1SG|PST.2MSG|PST.2FSG|PST.3FSG|PST.1PL|PST.2MPL|PST.2FPL|PST.3PL
LX-4c148f8626	שָׁעַר	PAAL	hewiktionary	SILVER	1	0.1111	PST.1SG|PST.2MSG|PST.2FSG|PST.3FSG|PST.1PL|PST.2MPL|PST.2FPL|PST.3PL
LX-569f3a897a	דָּלַק	PAAL	hewiktionary	SILVER	1	0.1111	PST.1SG|PST.2MSG|PST.2FSG|PST.3FSG|PST.1PL|PST.2MPL|PST.2FPL|PST.3PL
LX-5c52b1e990	זִוֵּג	PIEL	hewiktionary	SILVER	1	0.1111	PST.1SG|PST.2MSG|PST.2FSG|PST.3FSG|PST.1PL|PST.2MPL|PST.2FPL|PST.3PL
LX-e507e197de	שִׁבֵּט	PIEL	hewiktionary	SILVER	1	0.1111	PST.1SG|PST.2MSG|PST.2FSG|PST.3FSG|PST.1PL|PST.2MPL|PST.2FPL|PST.3PL
LX-3281879967	אִיֵּר	PIEL	hewiktionary	SILVER	1	0.1111	PST.1SG|PST.2MSG|PST.2FSG|PST.3FSG|PST.1PL|PST.2MPL|PST.2FPL|PST.3PL
LX-d6dd4e8aa5	עִבֵּד	PIEL	hewiktionary	SILVER	1	0.1111	PST.1SG|PST.2MSG|PST.2FSG|PST.3FSG|PST.1PL|PST.2MPL|PST.2FPL|PST.3PL
LX-f66ab000dd	עֻבַּד	PUAL	hewiktionary	SILVER	1	0.1111	PST.1SG|PST.2MSG|PST.2FSG|PST.3FSG|PST.1PL|PST.2MPL|PST.2FPL|PST.3PL
LX-1a603a7040	עָנַשׁ	PAAL	hewiktionary	SILVER	1	0.1111	PST.1SG|PST.2MSG|PST.2FSG|PST.3FSG|PST.1PL|PST.2MPL|PST.2FPL|PST.3PL
LX-ae39558ab8	עִיֵּן	PIEL	hewiktionary	SILVER	1	0.1111	PST.1SG|PST.2MSG|PST.2FSG|PST.3FSG|PST.1PL|PST.2MPL|PST.2FPL|PST.3PL
LX-898b4f598a	עִוֵּר	PIEL	hewiktionary	SILVER	1	0.1111	PST.1SG|PST.2MSG|PST.2FSG|PST.3FSG|PST.1PL|PST.2MPL|PST.2FPL|PST.3PL
LX-db4272bf51	פִּרְכֵּס	PIEL	hewiktionary	SILVER	1	0.1111	PST.1SG|PST.2MSG|PST.2FSG|PST.3FSG|PST.1PL|PST.2MPL|PST.2FPL|PST.3PL
LX-fd7341fadb	צָבַת	PAAL	hewiktionary	SILVER	1	0.1111	PST.1SG|PST.2MSG|PST.2FSG|PST.3FSG|PST.1PL|PST.2MPL|PST.2FPL|PST.3PL
LX-be30d04782	מִנָּה	PIEL	hewiktionary	SILVER	1	0.1111	PST.1SG|PST.2MSG|PST.2FSG|PST.3FSG|PST.1PL|PST.2MPL|PST.2FPL|PST.3PL
LX-ab94d81c47	יִעֵר	PIEL	hewiktionary	SILVER	1	0.1111	PST.1SG|PST.2MSG|PST.2FSG|PST.3FSG|PST.1PL|PST.2MPL|PST.2FPL|PST.3PL
LX-1e0f6aa440	שִׁוֵּק	PIEL	hewiktionary	SILVER	1	0.1111	PST.1SG|PST.2MSG|PST.2FSG|PST.3FSG|PST.1PL|PST.2MPL|PST.2FPL|PST.3PL
LX-3508e7e929	תִּקְתֵּק	PIEL	hewiktionary	SILVER	1	0.1111	PST.1SG|PST.2MSG|PST.2FSG|PST.3FSG|PST.1PL|PST.2MPL|PST.2FPL|PST.3PL
LX-17bc2cad84	חָפַת	PAAL	hewiktionary	SILVER	1	0.1111	PST.1SG|PST.2MSG|PST.2FSG|PST.3FSG|PST.1PL|PST.2MPL|PST.2FPL|PST.3PL
LX-cec9322126	רָעַף	PAAL	hewiktionary	SILVER	1	0.1111	PST.1SG|PST.2MSG|PST.2FSG|PST.3FSG|PST.1PL|PST.2MPL|PST.2FPL|PST.3PL
LX-86abe8f7a2	לָץ	PAAL	hewiktionary	SILVER	1	0.1111	PST.1SG|PST.2MSG|PST.2FSG|PST.3FSG|PST.1PL|PST.2MPL|PST.2FPL|PST.3PL
LX-3d6025e984	עֵרֵס	PIEL	hewiktionary	SILVER	1	0.1111	PST.1SG|PST.2MSG|PST.2FSG|PST.3FSG|PST.1PL|PST.2MPL|PST.2FPL|PST.3PL
LX-790ac2b128	וִסֵּת	PIEL	hewiktionary	SILVER	1	0.1111	PST.1SG|PST.2MSG|PST.2FSG|PST.3FSG|PST.1PL|PST.2MPL|PST.2FPL|PST.3PL
LX-2413453de5	בָּלַשׁ	PAAL	hewiktionary	SILVER	1	0.1111	PST.1SG|PST.2MSG|PST.2FSG|PST.3FSG|PST.1PL|PST.2MPL|PST.2FPL|PST.3PL
LX-3c2323dbb2	מִנְגֵּל	PIEL	hewiktionary	SILVER	1	0.1111	PST.1SG|PST.2MSG|PST.2FSG|PST.3FSG|PST.1PL|PST.2MPL|PST.2FPL|PST.3PL
LX-58d362f1a4	בָּלַס	PAAL	hewiktionary	SILVER	1	0.1111	PST.1SG|PST.2MSG|PST.2FSG|PST.3FSG|PST.1PL|PST.2MPL|PST.2FPL|PST.3PL
LX-2d50b88294	בִּלֵּס	PIEL	hewiktionary	SILVER	1	0.1111	PST.1SG|PST.2MSG|PST.2FSG|PST.3FSG|PST.1PL|PST.2MPL|PST.2FPL|PST.3PL
LX-c1a7d1036d	צָהַב	PAAL	hewiktionary	SILVER	1	0.1111	PST.1SG|PST.2MSG|PST.2FSG|PST.3FSG|PST.1PL|PST.2MPL|PST.2FPL|PST.3PL
LX-bf5ce9e651	הִצְהִיב	HIFIL	hewiktionary	SILVER	1	0.1111	PST.1SG|PST.2MSG|PST.2FSG|PST.3FSG|PST.1PL|PST.2MPL|PST.2FPL|PST.3PL
LX-fc220aa712	הִתְחַרְפֵן	HITPAEL	hewiktionary	SILVER	1	0.1111	PST.1SG|PST.2MSG|PST.2FSG|PST.3FSG|PST.1PL|PST.2MPL|PST.2FPL|PST.3PL
LX-4b37a3acd7	עָט	PAAL	hewiktionary	SILVER	1	0.1111	PST.1SG|PST.2MSG|PST.2FSG|PST.3FSG|PST.1PL|PST.2MPL|PST.2FPL|PST.3PL
LX-46649dcccb	שִׁיֵּר	PIEL	hewiktionary	QUESTIONABLE	1	0.1111	PST.1SG|PST.2MSG|PST.2FSG|PST.3FSG|PST.1PL|PST.2MPL|PST.2FPL|PST.3PL
LX-11c80bb07f	טִפֵּחַ	PIEL	hewiktionary	SILVER	1	0.1111	PST.1SG|PST.2MSG|PST.2FSG|PST.3FSG|PST.1PL|PST.2MPL|PST.2FPL|PST.3PL
LX-7e55965401	נִפַּח	NIFAL	hewiktionary	QUESTIONABLE	1	0.1111	PST.1SG|PST.2MSG|PST.2FSG|PST.3FSG|PST.1PL|PST.2MPL|PST.2FPL|PST.3PL
LX-0d5a4a2ea8	סִנְדֵּל	PIEL	hewiktionary	SILVER	1	0.1111	PST.1SG|PST.2MSG|PST.2FSG|PST.3FSG|PST.1PL|PST.2MPL|PST.2FPL|PST.3PL
LX-3c72f58d16	הִתְנַקְנֵק	HITPAEL	hewiktionary	SILVER	1	0.1111	PST.1SG|PST.2MSG|PST.2FSG|PST.3FSG|PST.1PL|PST.2MPL|PST.2FPL|PST.3PL
LX-c11236b088	סָחַף	PAAL	hewiktionary	SILVER	1	0.1111	PST.1SG|PST.2MSG|PST.2FSG|PST.3FSG|PST.1PL|PST.2MPL|PST.2FPL|PST.3PL
LX-fc93abc47a	חָק	PAAL	hewiktionary	SILVER	1	0.1111	PST.1SG|PST.2MSG|PST.2FSG|PST.3FSG|PST.1PL|PST.2MPL|PST.2FPL|PST.3PL
LX-9ff1332ce9	הִכְלִים	HIFIL	hewiktionary	SILVER	1	0.1111	PST.1SG|PST.2MSG|PST.2FSG|PST.3FSG|PST.1PL|PST.2MPL|PST.2FPL|PST.3PL
LX-6e606baed1	חָרַף	PAAL	hewiktionary	SILVER	1	0.1111	PST.1SG|PST.2MSG|PST.2FSG|PST.3FSG|PST.1PL|PST.2MPL|PST.2FPL|PST.3PL
LX-679540d0e0	חֵרֵף	PIEL	hewiktionary	SILVER	1	0.1111	PST.1SG|PST.2MSG|PST.2FSG|PST.3FSG|PST.1PL|PST.2MPL|PST.2FPL|PST.3PL
LX-cc4830da94	אִכְזֵב	PIEL	hewiktionary	SILVER	1	0.1111	PST.1SG|PST.2MSG|PST.2FSG|PST.3FSG|PST.1PL|PST.2MPL|PST.2FPL|PST.3PL
LX-0097959b5a	מָצָה	PAAL	hewiktionary	SILVER	1	0.1111	PST.1SG|PST.2MSG|PST.2FSG|PST.3FSG|PST.1PL|PST.2MPL|PST.2FPL|PST.3PL
LX-88afbf657f	מִצָּה	PIEL	hewiktionary	SILVER	1	0.1111	PST.1SG|PST.2MSG|PST.2FSG|PST.3FSG|PST.1PL|PST.2MPL|PST.2FPL|PST.3PL
LX-0b9b9f3bd0	קִיֵּץ	PIEL	hewiktionary	QUESTIONABLE	1	0.1111	PST.1SG|PST.2MSG|PST.2FSG|PST.3FSG|PST.1PL|PST.2MPL|PST.2FPL|PST.3PL
LX-4b7a6949b3	נֶחְתַּם	NIFAL	hewiktionary	SILVER	1	0.1111	PST.1SG|PST.2MSG|PST.2FSG|PST.3FSG|PST.1PL|PST.2MPL|PST.2FPL|PST.3PL
LX-e088627f45	נָמַל	NIFAL	hewiktionary	SILVER	1	0.1111	PST.1SG|PST.2MSG|PST.2FSG|PST.3FSG|PST.1PL|PST.2MPL|PST.2FPL|PST.3PL
LX-64d40615c5	הֵטִיס	HIFIL	hewiktionary	SILVER	1	0.1111	PST.1SG|PST.2MSG|PST.2FSG|PST.3FSG|PST.1PL|PST.2MPL|PST.2FPL|PST.3PL
LX-af180307d1	הוּטַס	HUFAL	hewiktionary	SILVER	1	0.1111	PST.1SG|PST.2MSG|PST.2FSG|PST.3FSG|PST.1PL|PST.2MPL|PST.2FPL|PST.3PL
LX-1ef98f32c6	מִסָּה	PIEL	hewiktionary	SILVER	1	0.1111	PST.1SG|PST.2MSG|PST.2FSG|PST.3FSG|PST.1PL|PST.2MPL|PST.2FPL|PST.3PL
LX-0d053f7b9d	נוֹדַע	NIFAL	hewiktionary	SILVER	1	0.1111	PST.1SG|PST.2MSG|PST.2FSG|PST.3FSG|PST.1PL|PST.2MPL|PST.2FPL|PST.3PL
LX-96d6fcf3f0	קִלֵּס	PIEL	hewiktionary	SILVER	1	0.1111	PST.1SG|PST.2MSG|PST.2FSG|PST.3FSG|PST.1PL|PST.2MPL|PST.2FPL|PST.3PL
LX-f99ff27c07	הִתְקַלֵּס	HITPAEL	hewiktionary	SILVER	1	0.1111	PST.1SG|PST.2MSG|PST.2FSG|PST.3FSG|PST.1PL|PST.2MPL|PST.2FPL|PST.3PL
LX-739b8ac655	סָקַל	PAAL	hewiktionary	SILVER	1	0.1111	PST.1SG|PST.2MSG|PST.2FSG|PST.3FSG|PST.1PL|PST.2MPL|PST.2FPL|PST.3PL
LX-96deb39145	סִקֵּל	PIEL	hewiktionary	SILVER	1	0.1111	PST.1SG|PST.2MSG|PST.2FSG|PST.3FSG|PST.1PL|PST.2MPL|PST.2FPL|PST.3PL
LX-dcf86fedd4	סֻקַּל	PUAL	hewiktionary	SILVER	1	0.1111	PST.1SG|PST.2MSG|PST.2FSG|PST.3FSG|PST.1PL|PST.2MPL|PST.2FPL|PST.3PL
LX-bfb5659190	נִסְקַל	NIFAL	hewiktionary	SILVER	1	0.1111	PST.1SG|PST.2MSG|PST.2FSG|PST.3FSG|PST.1PL|PST.2MPL|PST.2FPL|PST.3PL
LX-4af047af4c	נִסְכַּל	NIFAL	hewiktionary	SILVER	1	0.1111	PST.1SG|PST.2MSG|PST.2FSG|PST.3FSG|PST.1PL|PST.2MPL|PST.2FPL|PST.3PL
LX-af3ae42d04	הִסְכִּיל	HIFIL	hewiktionary	SILVER	1	0.1111	PST.1SG|PST.2MSG|PST.2FSG|PST.3FSG|PST.1PL|PST.2MPL|PST.2FPL|PST.3PL
LX-3443de02c3	סִכֵּל	PIEL	hewiktionary	SILVER	1	0.1111	PST.1SG|PST.2MSG|PST.2FSG|PST.3FSG|PST.1PL|PST.2MPL|PST.2FPL|PST.3PL
LX-5ebc0ee3d6	סֻכַּל	PUAL	hewiktionary	SILVER	1	0.1111	PST.1SG|PST.2MSG|PST.2FSG|PST.3FSG|PST.1PL|PST.2MPL|PST.2FPL|PST.3PL
LX-0347c12393	חֻפַּשׁ	PUAL	hewiktionary	SILVER	1	0.1111	PST.1SG|PST.2MSG|PST.2FSG|PST.3FSG|PST.1PL|PST.2MPL|PST.2FPL|PST.3PL
LX-61c4cdd43a	הִתְוַדֵּעַ	HITPAEL	hewiktionary	SILVER	1	0.1111	PST.1SG|PST.2MSG|PST.2FSG|PST.3FSG|PST.1PL|PST.2MPL|PST.2FPL|PST.3PL
LX-7923b24f2a	עֵרֵב	PIEL	hewiktionary	SILVER	1	0.1111	PST.1SG|PST.2MSG|PST.2FSG|PST.3FSG|PST.1PL|PST.2MPL|PST.2FPL|PST.3PL
LX-2de005149d	הִקְלִיד	HIFIL	hewiktionary	SILVER	1	0.1111	PST.1SG|PST.2MSG|PST.2FSG|PST.3FSG|PST.1PL|PST.2MPL|PST.2FPL|PST.3PL
LX-49e4d17751	מִגֵּר	PIEL	hewiktionary	SILVER	1	0.1111	PST.1SG|PST.2MSG|PST.2FSG|PST.3FSG|PST.1PL|PST.2MPL|PST.2FPL|PST.3PL
LX-48bfd8a959	שִׁפֵּד	PIEL	hewiktionary	SILVER	1	0.1111	PST.1SG|PST.2MSG|PST.2FSG|PST.3FSG|PST.1PL|PST.2MPL|PST.2FPL|PST.3PL
LX-fbd0044717	סֻפַּק	PUAL	hewiktionary	SILVER	1	0.1111	PST.1SG|PST.2MSG|PST.2FSG|PST.3FSG|PST.1PL|PST.2MPL|PST.2FPL|PST.3PL
LX-ad1a80a70a	סָפַק	PAAL	hewiktionary	SILVER	1	0.1111	PST.1SG|PST.2MSG|PST.2FSG|PST.3FSG|PST.1PL|PST.2MPL|PST.2FPL|PST.3PL
LX-616d4df8a6	עִטֵּף	PIEL	hewiktionary	SILVER	1	0.1111	PST.1SG|PST.2MSG|PST.2FSG|PST.3FSG|PST.1PL|PST.2MPL|PST.2FPL|PST.3PL
LX-36ccf8fa17	טָפַשׁ	PAAL	hewiktionary	SILVER	1	0.1111	PST.1SG|PST.2MSG|PST.2FSG|PST.3FSG|PST.1PL|PST.2MPL|PST.2FPL|PST.3PL
LX-b13cad7144	נֶעְדַּר	NIFAL	hewiktionary	SILVER	1	0.1111	PST.1SG|PST.2MSG|PST.2FSG|PST.3FSG|PST.1PL|PST.2MPL|PST.2FPL|PST.3PL
LX-4810a3ceaf	עָדַר	PAAL	hewiktionary	SILVER	1	0.1111	PST.1SG|PST.2MSG|PST.2FSG|PST.3FSG|PST.1PL|PST.2MPL|PST.2FPL|PST.3PL
LX-fb420e5f7a	עִדֵּר	PIEL	hewiktionary	SILVER	1	0.1111	PST.1SG|PST.2MSG|PST.2FSG|PST.3FSG|PST.1PL|PST.2MPL|PST.2FPL|PST.3PL
LX-e59ddd8af5	מַר	PAAL	hewiktionary	SILVER	1	0.1111	PST.1SG|PST.2MSG|PST.2FSG|PST.3FSG|PST.1PL|PST.2MPL|PST.2FPL|PST.3PL
LX-1398a1ec12	תִּיֵּק	PIEL	hewiktionary	SILVER	1	0.1111	PST.1SG|PST.2MSG|PST.2FSG|PST.3FSG|PST.1PL|PST.2MPL|PST.2FPL|PST.3PL
LX-d47a0298e6	אִכְלֵס	PIEL	hewiktionary	SILVER	1	0.1111	PST.1SG|PST.2MSG|PST.2FSG|PST.3FSG|PST.1PL|PST.2MPL|PST.2FPL|PST.3PL
LX-b115b6ca31	רִפְרֵף	PIEL	hewiktionary	QUESTIONABLE	1	0.1111	PST.1SG|PST.2MSG|PST.2FSG|PST.3FSG|PST.1PL|PST.2MPL|PST.2FPL|PST.3PL
LX-22ace982b0	אִקְלֵם	PIEL	hewiktionary	SILVER	1	0.1111	PST.1SG|PST.2MSG|PST.2FSG|PST.3FSG|PST.1PL|PST.2MPL|PST.2FPL|PST.3PL
LX-ebc59afbf0	הִתְאַקְלֵם	HITPAEL	hewiktionary	SILVER	1	0.1111	PST.1SG|PST.2MSG|PST.2FSG|PST.3FSG|PST.1PL|PST.2MPL|PST.2FPL|PST.3PL
LX-96575f6737	קִיֵּט	PIEL	hewiktionary	SILVER	1	0.1111	PST.1SG|PST.2MSG|PST.2FSG|PST.3FSG|PST.1PL|PST.2MPL|PST.2FPL|PST.3PL
LX-fa3871ae1b	יִהֵד	PIEL	hewiktionary	SILVER	1	0.1111	PST.1SG|PST.2MSG|PST.2FSG|PST.3FSG|PST.1PL|PST.2MPL|PST.2FPL|PST.3PL
LX-21684440b3	נָוַל	PAAL	hewiktionary	SILVER	1	0.1111	PST.1SG|PST.2MSG|PST.2FSG|PST.3FSG|PST.1PL|PST.2MPL|PST.2FPL|PST.3PL
LX-4b010f53ca	נִוֵּל	PIEL	hewiktionary	SILVER	1	0.1111	PST.1SG|PST.2MSG|PST.2FSG|PST.3FSG|PST.1PL|PST.2MPL|PST.2FPL|PST.3PL
LX-0f2d5000b4	הִתְנַוֵּל	HITPAEL	hewiktionary	SILVER	1	0.1111	PST.1SG|PST.2MSG|PST.2FSG|PST.3FSG|PST.1PL|PST.2MPL|PST.2FPL|PST.3PL
LX-f0e37ce724	חָרַשׁ	PAAL	hewiktionary	SILVER	1	0.1111	PST.1SG|PST.2MSG|PST.2FSG|PST.3FSG|PST.1PL|PST.2MPL|PST.2FPL|PST.3PL
LX-11e30d534a	יָהַב	PAAL	hewiktionary	SILVER	1	0.1111	PST.1SG|PST.2MSG|PST.2FSG|PST.3FSG|PST.1PL|PST.2MPL|PST.2FPL|PST.3PL
LX-c4b556c117	הֶחֱרִישׁ	HIFIL	hewiktionary	SILVER	1	0.1111	PST.1SG|PST.2MSG|PST.2FSG|PST.3FSG|PST.1PL|PST.2MPL|PST.2FPL|PST.3PL
LX-fa50df65d8	צָלַף	PAAL	hewiktionary	SILVER	1	0.1111	PST.1SG|PST.2MSG|PST.2FSG|PST.3FSG|PST.1PL|PST.2MPL|PST.2FPL|PST.3PL
LX-534a07fc86	פָּסַח	PAAL	hewiktionary	SILVER	1	0.1111	PST.1SG|PST.2MSG|PST.2FSG|PST.3FSG|PST.1PL|PST.2MPL|PST.2FPL|PST.3PL
LX-4e553a4a66	הִבְרִיז	HIFIL	hewiktionary	SILVER	1	0.1111	PST.1SG|PST.2MSG|PST.2FSG|PST.3FSG|PST.1PL|PST.2MPL|PST.2FPL|PST.3PL
LX-134b03d5f6	דַּל	PAAL	hewiktionary	QUESTIONABLE	1	0.1111	PST.1SG|PST.2MSG|PST.2FSG|PST.3FSG|PST.1PL|PST.2MPL|PST.2FPL|PST.3PL
LX-adf4cb6990	סֻמַּן	PUAL	hewiktionary	SILVER	1	0.1111	PST.1SG|PST.2MSG|PST.2FSG|PST.3FSG|PST.1PL|PST.2MPL|PST.2FPL|PST.3PL
LX-e3b678e796	הִסְתַּמֵּן	HITPAEL	hewiktionary	SILVER	1	0.1111	PST.1SG|PST.2MSG|PST.2FSG|PST.3FSG|PST.1PL|PST.2MPL|PST.2FPL|PST.3PL
LX-83e5bcd20b	הִשְׁמִישׁ	HIFIL	hewiktionary	SILVER	1	0.1111	PST.1SG|PST.2MSG|PST.2FSG|PST.3FSG|PST.1PL|PST.2MPL|PST.2FPL|PST.3PL
LX-b39251dd2d	מִתֵּג	PIEL	hewiktionary	SILVER	1	0.1111	PST.1SG|PST.2MSG|PST.2FSG|PST.3FSG|PST.1PL|PST.2MPL|PST.2FPL|PST.3PL
LX-5687373cfd	שָׁלַק	PAAL	hewiktionary	SILVER	1	0.1111	PST.1SG|PST.2MSG|PST.2FSG|PST.3FSG|PST.1PL|PST.2MPL|PST.2FPL|PST.3PL
LX-1a01befa21	הִדֵּס	PIEL	hewiktionary	SILVER	1	0.1111	PST.1SG|PST.2MSG|PST.2FSG|PST.3FSG|PST.1PL|PST.2MPL|PST.2FPL|PST.3PL
LX-e8e7d2cc06	צִבַּע	PIEL	hewiktionary	QUESTIONABLE	1	0.1111	PST.1SG|PST.2MSG|PST.2FSG|PST.3FSG|PST.1PL|PST.2MPL|PST.2FPL|PST.3PL
LX-cc02a1596b	אִבֵּק	PIEL	hewiktionary	SILVER	1	0.1111	PST.1SG|PST.2MSG|PST.2FSG|PST.3FSG|PST.1PL|PST.2MPL|PST.2FPL|PST.3PL
LX-65b067c891	אֻבַּק	PUAL	hewiktionary	SILVER	1	0.1111	PST.1SG|PST.2MSG|PST.2FSG|PST.3FSG|PST.1PL|PST.2MPL|PST.2FPL|PST.3PL
LX-33d6892637	צִפְצֵף	PIEL	hewiktionary	SILVER	1	0.1111	PST.1SG|PST.2MSG|PST.2FSG|PST.3FSG|PST.1PL|PST.2MPL|PST.2FPL|PST.3PL
LX-84a12eaefc	הִתְאַבֵּק	HITPAEL	hewiktionary	SILVER	1	0.1111	PST.1SG|PST.2MSG|PST.2FSG|PST.3FSG|PST.1PL|PST.2MPL|PST.2FPL|PST.3PL
LX-b8c91ce3e8	סָכַךְ	PAAL	hewiktionary	QUESTIONABLE	1	0.1111	PST.1SG|PST.2MSG|PST.2FSG|PST.3FSG|PST.1PL|PST.2MPL|PST.2FPL|PST.3PL
LX-d4fa343e3f	סָכָה	PAAL	hewiktionary	QUESTIONABLE	1	0.1111	PST.1SG|PST.2MSG|PST.2FSG|PST.3FSG|PST.1PL|PST.2MPL|PST.2FPL|PST.3PL
LX-f9404a09b2	הִתְבַּלֵּט	HITPAEL	hewiktionary	SILVER	1	0.1111	PST.1SG|PST.2MSG|PST.2FSG|PST.3FSG|PST.1PL|PST.2MPL|PST.2FPL|PST.3PL
LX-2db5aa5470	עֵר	PAAL	hewiktionary	QUESTIONABLE	1	0.1111	PST.1SG|PST.2MSG|PST.2FSG|PST.3FSG|PST.1PL|PST.2MPL|PST.2FPL|PST.3PL
LX-8932e5c242	פִּרְסֵם	PIEL	hewiktionary	SILVER	1	0.1111	PST.1SG|PST.2MSG|PST.2FSG|PST.3FSG|PST.1PL|PST.2MPL|PST.2FPL|PST.3PL
LX-143418e746	מִסְפֵּר	PIEL	hewiktionary	SILVER	1	0.1111	PST.1SG|PST.2MSG|PST.2FSG|PST.3FSG|PST.1PL|PST.2MPL|PST.2FPL|PST.3PL
LX-aa2a66ec2a	הִסְתַּפֵּר	HITPAEL	hewiktionary	SILVER	1	0.1111	PST.1SG|PST.2MSG|PST.2FSG|PST.3FSG|PST.1PL|PST.2MPL|PST.2FPL|PST.3PL
LX-5a964a3c70	נִסְפַּר	NIFAL	hewiktionary	SILVER	1	0.1111	PST.1SG|PST.2MSG|PST.2FSG|PST.3FSG|PST.1PL|PST.2MPL|PST.2FPL|PST.3PL
LX-b23d4f78d8	קָלַע	PAAL	hewiktionary	SILVER	1	0.1111	PST.1SG|PST.2MSG|PST.2FSG|PST.3FSG|PST.1PL|PST.2MPL|PST.2FPL|PST.3PL
LX-e10ba2bac9	סָכַר	PAAL	hewiktionary	SILVER	1	0.1111	PST.1SG|PST.2MSG|PST.2FSG|PST.3FSG|PST.1PL|PST.2MPL|PST.2FPL|PST.3PL
LX-6af296288f	סִכֵּר	PIEL	hewiktionary	SILVER	1	0.1111	PST.1SG|PST.2MSG|PST.2FSG|PST.3FSG|PST.1PL|PST.2MPL|PST.2FPL|PST.3PL
LX-b4672a3ca2	גִּיֵּר	PIEL	hewiktionary	SILVER	1	0.1111	PST.1SG|PST.2MSG|PST.2FSG|PST.3FSG|PST.1PL|PST.2MPL|PST.2FPL|PST.3PL
LX-4d75786f98	חָבַר	PAAL	hewiktionary	SILVER	1	0.1111	PST.1SG|PST.2MSG|PST.2FSG|PST.3FSG|PST.1PL|PST.2MPL|PST.2FPL|PST.3PL
LX-d2d1e66cf0	נִסְכַּר	NIFAL	hewiktionary	SILVER	1	0.1111	PST.1SG|PST.2MSG|PST.2FSG|PST.3FSG|PST.1PL|PST.2MPL|PST.2FPL|PST.3PL
LX-93b5a9138d	סִִלָּה	PIEL	hewiktionary	SILVER	1	0.1111	PST.1SG|PST.2MSG|PST.2FSG|PST.3FSG|PST.1PL|PST.2MPL|PST.2FPL|PST.3PL
LX-e26dd8b9d2	אִפֵּר	PIEL	hewiktionary	SILVER	1	0.1111	PST.1SG|PST.2MSG|PST.2FSG|PST.3FSG|PST.1PL|PST.2MPL|PST.2FPL|PST.3PL
LX-16e7e19607	אֻפַּר	PUAL	hewiktionary	SILVER	1	0.1111	PST.1SG|PST.2MSG|PST.2FSG|PST.3FSG|PST.1PL|PST.2MPL|PST.2FPL|PST.3PL
LX-be18f680e2	שָׁמַן	PAAL	hewiktionary	SILVER	1	0.1111	PST.1SG|PST.2MSG|PST.2FSG|PST.3FSG|PST.1PL|PST.2MPL|PST.2FPL|PST.3PL
LX-918ea16c2d	הֵגִיף	HIFIL	hewiktionary	SILVER	1	0.1111	PST.1SG|PST.2MSG|PST.2FSG|PST.3FSG|PST.1PL|PST.2MPL|PST.2FPL|PST.3PL
LX-1753c703b7	חָבָה	PAAL	hewiktionary	SILVER	1	0.1111	PST.1SG|PST.2MSG|PST.2FSG|PST.3FSG|PST.1PL|PST.2MPL|PST.2FPL|PST.3PL
LX-a57359d8f1	רִגֵּשׁ	PIEL	hewiktionary	SILVER	1	0.1111	PST.1SG|PST.2MSG|PST.2FSG|PST.3FSG|PST.1PL|PST.2MPL|PST.2FPL|PST.3PL
LX-d4dd502c61	רָגַשׁ	PAAL	hewiktionary	SILVER	1	0.1111	PST.1SG|PST.2MSG|PST.2FSG|PST.3FSG|PST.1PL|PST.2MPL|PST.2FPL|PST.3PL
LX-d9a3da4d81	חָפֵץ	PAAL	hewiktionary	SILVER	1	0.1111	PST.1SG|PST.2MSG|PST.2FSG|PST.3FSG|PST.1PL|PST.2MPL|PST.2FPL|PST.3PL
LX-ac4376584a	נִפְקַד	NIFAL	hewiktionary	SILVER	1	0.1111	PST.1SG|PST.2MSG|PST.2FSG|PST.3FSG|PST.1PL|PST.2MPL|PST.2FPL|PST.3PL
LX-2a30d42ba0	הִתְפַּקֵּד	HITPAEL	hewiktionary	SILVER	1	0.1111	PST.1SG|PST.2MSG|PST.2FSG|PST.3FSG|PST.1PL|PST.2MPL|PST.2FPL|PST.3PL
LX-857e3924e3	הִגְדִּיר	HIFIL	hewiktionary	SILVER	1	0.1111	PST.1SG|PST.2MSG|PST.2FSG|PST.3FSG|PST.1PL|PST.2MPL|PST.2FPL|PST.3PL
LX-52f696259c	הִפְקִיד	HIFIL	hewiktionary	SILVER	1	0.1111	PST.1SG|PST.2MSG|PST.2FSG|PST.3FSG|PST.1PL|PST.2MPL|PST.2FPL|PST.3PL
LX-e7979e7ca9	חִשְׁמֵל	PIEL	hewiktionary	SILVER	1	0.1111	PST.1SG|PST.2MSG|PST.2FSG|PST.3FSG|PST.1PL|PST.2MPL|PST.2FPL|PST.3PL
LX-d1a3fe4631	חֻשְׁמַל	PUAL	hewiktionary	SILVER	1	0.1111	PST.1SG|PST.2MSG|PST.2FSG|PST.3FSG|PST.1PL|PST.2MPL|PST.2FPL|PST.3PL
LX-e9ee30c8cc	עֻקַּל	PUAL	hewiktionary	SILVER	1	0.1111	PST.1SG|PST.2MSG|PST.2FSG|PST.3FSG|PST.1PL|PST.2MPL|PST.2FPL|PST.3PL
LX-aa844ad6bc	עִקֵּל	PIEL	hewiktionary	SILVER	1	0.1111	PST.1SG|PST.2MSG|PST.2FSG|PST.3FSG|PST.1PL|PST.2MPL|PST.2FPL|PST.3PL
LX-ee694bed32	חָמַס	PAAL	hewiktionary	SILVER	1	0.1111	PST.1SG|PST.2MSG|PST.2FSG|PST.3FSG|PST.1PL|PST.2MPL|PST.2FPL|PST.3PL
LX-ca7b778641	הִלֵּךְ	PIEL	hewiktionary	SILVER	1	0.1111	PST.1SG|PST.2MSG|PST.2FSG|PST.3FSG|PST.1PL|PST.2MPL|PST.2FPL|PST.3PL
LX-8bbda9ccba	שָׁקַר	PAAL	hewiktionary	SILVER	1	0.1111	PST.1SG|PST.2MSG|PST.2FSG|PST.3FSG|PST.1PL|PST.2MPL|PST.2FPL|PST.3PL
LX-fa9bf43b56	בָּזַק	PAAL	hewiktionary	SILVER	1	0.1111	PST.1SG|PST.2MSG|PST.2FSG|PST.3FSG|PST.1PL|PST.2MPL|PST.2FPL|PST.3PL
LX-87807b4550	הִזְדַּוֵּג	HITPAEL	hewiktionary	SILVER	1	0.1111	PST.1SG|PST.2MSG|PST.2FSG|PST.3FSG|PST.1PL|PST.2MPL|PST.2FPL|PST.3PL
LX-37388ce316	רִכֵּז	PIEL	hewiktionary	SILVER	1	0.1111	PST.1SG|PST.2MSG|PST.2FSG|PST.3FSG|PST.1PL|PST.2MPL|PST.2FPL|PST.3PL
LX-ef58b34f77	הִתְרַכֵּז	HITPAEL	hewiktionary	SILVER	1	0.1111	PST.1SG|PST.2MSG|PST.2FSG|PST.3FSG|PST.1PL|PST.2MPL|PST.2FPL|PST.3PL
LX-a77ac6ea84	עֻפַּל	PUAL	hewiktionary	SILVER	1	0.1111	PST.1SG|PST.2MSG|PST.2FSG|PST.3FSG|PST.1PL|PST.2MPL|PST.2FPL|PST.3PL
LX-dcdbc5f466	טִקֵּס	PIEL	hewiktionary	SILVER	1	0.1111	PST.1SG|PST.2MSG|PST.2FSG|PST.3FSG|PST.1PL|PST.2MPL|PST.2FPL|PST.3PL
LX-d16921dbca	טֻקַּס	PUAL	hewiktionary	SILVER	1	0.1111	PST.1SG|PST.2MSG|PST.2FSG|PST.3FSG|PST.1PL|PST.2MPL|PST.2FPL|PST.3PL
LX-6bf89ee705	טָכַס	PAAL	hewiktionary	SILVER	1	0.1111	PST.1SG|PST.2MSG|PST.2FSG|PST.3FSG|PST.1PL|PST.2MPL|PST.2FPL|PST.3PL
LX-9819ec70ac	טִכֵּס	PIEL	hewiktionary	SILVER	1	0.1111	PST.1SG|PST.2MSG|PST.2FSG|PST.3FSG|PST.1PL|PST.2MPL|PST.2FPL|PST.3PL
LX-478c7dfd3c	סָךְ	PAAL	hewiktionary	SILVER	1	0.1111	PST.1SG|PST.2MSG|PST.2FSG|PST.3FSG|PST.1PL|PST.2MPL|PST.2FPL|PST.3PL
LX-1f460534d2	סַךְ	PAAL	hewiktionary	QUESTIONABLE	1	0.1111	PST.1SG|PST.2MSG|PST.2FSG|PST.3FSG|PST.1PL|PST.2MPL|PST.2FPL|PST.3PL
LX-586d07f181	הֶעְפִּיל	HIFIL	hewiktionary	SILVER	1	0.1111	PST.1SG|PST.2MSG|PST.2FSG|PST.3FSG|PST.1PL|PST.2MPL|PST.2FPL|PST.3PL
LX-3119f3361c	נֶאֱשַׁם	NIFAL	hewiktionary	SILVER	1	0.1111	PST.1SG|PST.2MSG|PST.2FSG|PST.3FSG|PST.1PL|PST.2MPL|PST.2FPL|PST.3PL
LX-c99302ab8f	כִּעֵס	PIEL	hewiktionary	SILVER	1	0.1111	PST.1SG|PST.2MSG|PST.2FSG|PST.3FSG|PST.1PL|PST.2MPL|PST.2FPL|PST.3PL
LX-5efb36a461	הֶחֱזִיק	HIFIL	hewiktionary	SILVER	1	0.1111	PST.1SG|PST.2MSG|PST.2FSG|PST.3FSG|PST.1PL|PST.2MPL|PST.2FPL|PST.3PL
LX-1d17b0a590	כֻּתַּר	PUAL	hewiktionary	QUESTIONABLE	1	0.1111	PST.1SG|PST.2MSG|PST.2FSG|PST.3FSG|PST.1PL|PST.2MPL|PST.2FPL|PST.3PL
LX-6c2f2b5e25	שָֹטַן	PAAL	hewiktionary	SILVER	1	0.1111	PST.1SG|PST.2MSG|PST.2FSG|PST.3FSG|PST.1PL|PST.2MPL|PST.2FPL|PST.3PL
LX-eca3aa37f6	מִסְרֵר	PIEL	hewiktionary	SILVER	1	0.1111	PST.1SG|PST.2MSG|PST.2FSG|PST.3FSG|PST.1PL|PST.2MPL|PST.2FPL|PST.3PL
LX-f69ec02dd7	חִזֵּר	PIEL	hewiktionary	SILVER	1	0.1111	PST.1SG|PST.2MSG|PST.2FSG|PST.3FSG|PST.1PL|PST.2MPL|PST.2FPL|PST.3PL
LX-cbbcb98bf4	יִצֵּא	PIEL	hewiktionary	SILVER	1	0.1111	PST.1SG|PST.2MSG|PST.2FSG|PST.3FSG|PST.1PL|PST.2MPL|PST.2FPL|PST.3PL
LX-290370914d	צָלַל	PAAL	hewiktionary	SILVER	1	0.1111	PST.1SG|PST.2MSG|PST.2FSG|PST.3FSG|PST.1PL|PST.2MPL|PST.2FPL|PST.3PL
LX-6169ff91d5	צִלֵּל	PIEL	hewiktionary	SILVER	1	0.1111	PST.1SG|PST.2MSG|PST.2FSG|PST.3FSG|PST.1PL|PST.2MPL|PST.2FPL|PST.3PL
LX-c5d6e4d3e3	מֵרֵר	PIEL	hewiktionary	SILVER	1	0.1111	PST.1SG|PST.2MSG|PST.2FSG|PST.3FSG|PST.1PL|PST.2MPL|PST.2FPL|PST.3PL
LX-3745f4978e	הִמֵּר	PIEL	hewiktionary	SILVER	1	0.1111	PST.1SG|PST.2MSG|PST.2FSG|PST.3FSG|PST.1PL|PST.2MPL|PST.2FPL|PST.3PL
LX-e62652197a	הֵמֵר	HIFIL	hewiktionary	SILVER	1	0.1111	PST.1SG|PST.2MSG|PST.2FSG|PST.3FSG|PST.1PL|PST.2MPL|PST.2FPL|PST.3PL
LX-94c528c9a9	עִשָֹּה	PIEL	hewiktionary	SILVER	1	0.1111	PST.1SG|PST.2MSG|PST.2FSG|PST.3FSG|PST.1PL|PST.2MPL|PST.2FPL|PST.3PL
LX-e49723b838	אָכַף	PAAL	hewiktionary	SILVER	1	0.1111	PST.1SG|PST.2MSG|PST.2FSG|PST.3FSG|PST.1PL|PST.2MPL|PST.2FPL|PST.3PL
LX-7d051ce0ec	אִכֵּף	PIEL	hewiktionary	QUESTIONABLE	1	0.1111	PST.1SG|PST.2MSG|PST.2FSG|PST.3FSG|PST.1PL|PST.2MPL|PST.2FPL|PST.3PL
LX-44c2655f1b	אֻכַּף	PIEL	hewiktionary	QUESTIONABLE	1	0.1111	PST.1SG|PST.2MSG|PST.2FSG|PST.3FSG|PST.1PL|PST.2MPL|PST.2FPL|PST.3PL
LX-7857c9191d	כָּמַר	PAAL	hewiktionary	SILVER	1	0.1111	PST.1SG|PST.2MSG|PST.2FSG|PST.3FSG|PST.1PL|PST.2MPL|PST.2FPL|PST.3PL
LX-f08ffa0ed2	כִּמֵּר	PIEL	hewiktionary	SILVER	1	0.1111	PST.1SG|PST.2MSG|PST.2FSG|PST.3FSG|PST.1PL|PST.2MPL|PST.2FPL|PST.3PL
LX-01e1ef29e8	הוּחַל	HUFAL	hewiktionary	QUESTIONABLE	1	0.1111	PST.1SG|PST.2MSG|PST.2FSG|PST.3FSG|PST.1PL|PST.2MPL|PST.2FPL|PST.3PL
LX-82f9f837f2	הוּחַל	HUFAL	hewiktionary	QUESTIONABLE	1	0.1111	PST.1SG|PST.2MSG|PST.2FSG|PST.3FSG|PST.1PL|PST.2MPL|PST.2FPL|PST.3PL
LX-f195feaf95	גֻּשַׁם	PUAL	hewiktionary	SILVER	1	0.1111	PST.1SG|PST.2MSG|PST.2FSG|PST.3FSG|PST.1PL|PST.2MPL|PST.2FPL|PST.3PL
LX-5b49a26013	פִּרְגֵּעַ	PIEL	hewiktionary	SILVER	1	0.1111	PST.1SG|PST.2MSG|PST.2FSG|PST.3FSG|PST.1PL|PST.2MPL|PST.2FPL|PST.3PL
LX-09d6682a9d	בִּלְגֵּן	PIEL	hewiktionary	SILVER	1	0.1111	PST.1SG|PST.2MSG|PST.2FSG|PST.3FSG|PST.1PL|PST.2MPL|PST.2FPL|PST.3PL
LX-0a284b103e	עִרְגֵּל	PIEL	hewiktionary	SILVER	1	0.1111	PST.1SG|PST.2MSG|PST.2FSG|PST.3FSG|PST.1PL|PST.2MPL|PST.2FPL|PST.3PL
LX-ab806a4ee6	שִׁנָּא	PIEL	hewiktionary	SILVER	1	0.1111	PST.1SG|PST.2MSG|PST.2FSG|PST.3FSG|PST.1PL|PST.2MPL|PST.2FPL|PST.3PL
LX-8e65cca84e	שֻׁנָּא	PUAL	hewiktionary	SILVER	1	0.1111	PST.1SG|PST.2MSG|PST.2FSG|PST.3FSG|PST.1PL|PST.2MPL|PST.2FPL|PST.3PL
LX-d4661a797a	הִתְיַחֵס	HITPAEL	hewiktionary	SILVER	1	0.1111	PST.1SG|PST.2MSG|PST.2FSG|PST.3FSG|PST.1PL|PST.2MPL|PST.2FPL|PST.3PL
LX-70d2e13aa3	קָטַם	PAAL	hewiktionary	SILVER	1	0.1111	PST.1SG|PST.2MSG|PST.2FSG|PST.3FSG|PST.1PL|PST.2MPL|PST.2FPL|PST.3PL
LX-d25a7bceea	שִׁדֵּךְ	PIEL	hewiktionary	SILVER	1	0.1111	PST.1SG|PST.2MSG|PST.2FSG|PST.3FSG|PST.1PL|PST.2MPL|PST.2FPL|PST.3PL
LX-be2849edb0	פָּצָה	PAAL	hewiktionary	SILVER	1	0.1111	PST.1SG|PST.2MSG|PST.2FSG|PST.3FSG|PST.1PL|PST.2MPL|PST.2FPL|PST.3PL
LX-145ac9f9c9	חִרְבֵּן	PIEL	hewiktionary	SILVER	1	0.1111	PST.1SG|PST.2MSG|PST.2FSG|PST.3FSG|PST.1PL|PST.2MPL|PST.2FPL|PST.3PL
LX-43e26fbcca	גִּבֵּן	PIEL	hewiktionary	SILVER	1	0.1111	PST.1SG|PST.2MSG|PST.2FSG|PST.3FSG|PST.1PL|PST.2MPL|PST.2FPL|PST.3PL
LX-bf266fcac6	גָּרַף	PAAL	hewiktionary	SILVER	1	0.1111	PST.1SG|PST.2MSG|PST.2FSG|PST.3FSG|PST.1PL|PST.2MPL|PST.2FPL|PST.3PL
LX-3cb5392329	גֵּרֵף	PIEL	hewiktionary	SILVER	1	0.1111	PST.1SG|PST.2MSG|PST.2FSG|PST.3FSG|PST.1PL|PST.2MPL|PST.2FPL|PST.3PL
LX-174e730c89	מָתַק	PAAL	hewiktionary	SILVER	1	0.1111	PST.1SG|PST.2MSG|PST.2FSG|PST.3FSG|PST.1PL|PST.2MPL|PST.2FPL|PST.3PL
LX-3095c8f16c	מִתֵּק	PIEL	hewiktionary	SILVER	1	0.1111	PST.1SG|PST.2MSG|PST.2FSG|PST.3FSG|PST.1PL|PST.2MPL|PST.2FPL|PST.3PL
LX-7b5792ef38	בָּקַק	PAAL	hewiktionary	SILVER	1	0.1111	PST.1SG|PST.2MSG|PST.2FSG|PST.3FSG|PST.1PL|PST.2MPL|PST.2FPL|PST.3PL
LX-ffdea948f9	שִׁלֵּט	PIEL	hewiktionary	SILVER	1	0.1111	PST.1SG|PST.2MSG|PST.2FSG|PST.3FSG|PST.1PL|PST.2MPL|PST.2FPL|PST.3PL
LX-5b636c65ee	נָשַׁר	PAAL	hewiktionary	SILVER	1	0.1111	PST.1SG|PST.2MSG|PST.2FSG|PST.3FSG|PST.1PL|PST.2MPL|PST.2FPL|PST.3PL
LX-ef9675a7f0	נִשֵּׁר	PIEL	hewiktionary	SILVER	1	0.1111	PST.1SG|PST.2MSG|PST.2FSG|PST.3FSG|PST.1PL|PST.2MPL|PST.2FPL|PST.3PL
LX-1b662b1e57	גָּרַט	PAAL	hewiktionary	SILVER	1	0.1111	PST.1SG|PST.2MSG|PST.2FSG|PST.3FSG|PST.1PL|PST.2MPL|PST.2FPL|PST.3PL
LX-2d5091252b	הִתְבַּרְבֵּר	HITPAEL	hewiktionary	SILVER	1	0.1111	PST.1SG|PST.2MSG|PST.2FSG|PST.3FSG|PST.1PL|PST.2MPL|PST.2FPL|PST.3PL
LX-67597cf05a	קָלַח	PAAL	hewiktionary	SILVER	1	0.1111	PST.1SG|PST.2MSG|PST.2FSG|PST.3FSG|PST.1PL|PST.2MPL|PST.2FPL|PST.3PL
LX-44e461499d	קִלֵּח	PIEL	hewiktionary	SILVER	1	0.1111	PST.1SG|PST.2MSG|PST.2FSG|PST.3FSG|PST.1PL|PST.2MPL|PST.2FPL|PST.3PL
LX-790bdd0b87	פָּתַק	PAAL	hewiktionary	SILVER	1	0.1111	PST.1SG|PST.2MSG|PST.2FSG|PST.3FSG|PST.1PL|PST.2MPL|PST.2FPL|PST.3PL
LX-a649eff088	גִּיֵּס	PIEL	hewiktionary	SILVER	1	0.1111	PST.1SG|PST.2MSG|PST.2FSG|PST.3FSG|PST.1PL|PST.2MPL|PST.2FPL|PST.3PL
LX-014d967560	נִעֵר	PIEL	hewiktionary	SILVER	1	0.1111	PST.1SG|PST.2MSG|PST.2FSG|PST.3FSG|PST.1PL|PST.2MPL|PST.2FPL|PST.3PL
LX-ebad7f3c8b	אָתָה	PAAL	hewiktionary	SILVER	1	0.1111	PST.1SG|PST.2MSG|PST.2FSG|PST.3FSG|PST.1PL|PST.2MPL|PST.2FPL|PST.3PL
LX-839a2c2d04	קָבַּבּ	PAAL	hewiktionary	SILVER	1	0.1111	PST.1SG|PST.2MSG|PST.2FSG|PST.3FSG|PST.1PL|PST.2MPL|PST.2FPL|PST.3PL
LX-b74ab80c1c	סִרְבֵּל	PIEL	hewiktionary	SILVER	1	0.1111	PST.1SG|PST.2MSG|PST.2FSG|PST.3FSG|PST.1PL|PST.2MPL|PST.2FPL|PST.3PL
LX-27c5ff9780	הֻלַּל	PUAL	hewiktionary	SILVER	1	0.1111	PST.1SG|PST.2MSG|PST.2FSG|PST.3FSG|PST.1PL|PST.2MPL|PST.2FPL|PST.3PL
LX-f06304644f	הָלַל	PAAL	hewiktionary	SILVER	1	0.1111	PST.1SG|PST.2MSG|PST.2FSG|PST.3FSG|PST.1PL|PST.2MPL|PST.2FPL|PST.3PL
LX-571d85eb06	הֵהֵל	HIFIL	hewiktionary	SILVER	1	0.1111	PST.1SG|PST.2MSG|PST.2FSG|PST.3FSG|PST.1PL|PST.2MPL|PST.2FPL|PST.3PL
LX-f249989f70	שִׁקֵּץ	PIEL	hewiktionary	SILVER	1	0.1111	PST.1SG|PST.2MSG|PST.2FSG|PST.3FSG|PST.1PL|PST.2MPL|PST.2FPL|PST.3PL
LX-a251063c37	פִּכָּה	PIEL	hewiktionary	SILVER	1	0.1111	PST.1SG|PST.2MSG|PST.2FSG|PST.3FSG|PST.1PL|PST.2MPL|PST.2FPL|PST.3PL
LX-5c81c52ab0	סָלַק	PAAL	hewiktionary	SILVER	1	0.1111	PST.1SG|PST.2MSG|PST.2FSG|PST.3FSG|PST.1PL|PST.2MPL|PST.2FPL|PST.3PL
LX-479de61416	סֻלַּק	PUAL	hewiktionary	SILVER	1	0.1111	PST.1SG|PST.2MSG|PST.2FSG|PST.3FSG|PST.1PL|PST.2MPL|PST.2FPL|PST.3PL
LX-4f8f38cc56	מִשְׁמֵשׁ	PIEL	hewiktionary	SILVER	1	0.1111	PST.1SG|PST.2MSG|PST.2FSG|PST.3FSG|PST.1PL|PST.2MPL|PST.2FPL|PST.3PL
LX-ed51d53fe2	חָלַט	PAAL	hewiktionary	SILVER	1	0.1111	PST.1SG|PST.2MSG|PST.2FSG|PST.3FSG|PST.1PL|PST.2MPL|PST.2FPL|PST.3PL
LX-953f98423f	חִלֵּט	PIEL	hewiktionary	SILVER	1	0.1111	PST.1SG|PST.2MSG|PST.2FSG|PST.3FSG|PST.1PL|PST.2MPL|PST.2FPL|PST.3PL
LX-3b3c4a7f66	אָהַל	PAAL	hewiktionary	SILVER	1	0.1111	PST.1SG|PST.2MSG|PST.2FSG|PST.3FSG|PST.1PL|PST.2MPL|PST.2FPL|PST.3PL
LX-462df30a80	אִהֵל	PIEL	hewiktionary	SILVER	1	0.1111	PST.1SG|PST.2MSG|PST.2FSG|PST.3FSG|PST.1PL|PST.2MPL|PST.2FPL|PST.3PL
LX-6892f24df4	נָמַר	NIFAL	hewiktionary	SILVER	1	0.1111	PST.1SG|PST.2MSG|PST.2FSG|PST.3FSG|PST.1PL|PST.2MPL|PST.2FPL|PST.3PL
LX-000c168e7e	נִמֵּר	PIEL	hewiktionary	SILVER	1	0.1111	PST.1SG|PST.2MSG|PST.2FSG|PST.3FSG|PST.1PL|PST.2MPL|PST.2FPL|PST.3PL
LX-ad8d500584	צַר	PAAL	hewiktionary	QUESTIONABLE	1	0.1111	PST.1SG|PST.2MSG|PST.2FSG|PST.3FSG|PST.1PL|PST.2MPL|PST.2FPL|PST.3PL
LX-477328f513	צָר	PAAL	hewiktionary	QUESTIONABLE	1	0.1111	PST.1SG|PST.2MSG|PST.2FSG|PST.3FSG|PST.1PL|PST.2MPL|PST.2FPL|PST.3PL
LX-b90cc8c23c	אִיֵּד	PIEL	hewiktionary	SILVER	1	0.1111	PST.1SG|PST.2MSG|PST.2FSG|PST.3FSG|PST.1PL|PST.2MPL|PST.2FPL|PST.3PL
LX-128e33cad6	טָבַל	PAAL	hewiktionary	SILVER	1	0.1111	PST.1SG|PST.2MSG|PST.2FSG|PST.3FSG|PST.1PL|PST.2MPL|PST.2FPL|PST.3PL
LX-6baa3bd5bc	נָכוֹן	NIFAL	hewiktionary	SILVER	1	0.1111	PST.1SG|PST.2MSG|PST.2FSG|PST.3FSG|PST.1PL|PST.2MPL|PST.2FPL|PST.3PL
LX-1335ad964b	מָחַק	PAAL	hewiktionary	SILVER	1	0.1111	PST.1SG|PST.2MSG|PST.2FSG|PST.3FSG|PST.1PL|PST.2MPL|PST.2FPL|PST.3PL
LX-4cfbc9283b	מִחֵק	PIEL	hewiktionary	SILVER	1	0.1111	PST.1SG|PST.2MSG|PST.2FSG|PST.3FSG|PST.1PL|PST.2MPL|PST.2FPL|PST.3PL
LX-876628fc5c	נָר	PAAL	hewiktionary	SILVER	1	0.1111	PST.1SG|PST.2MSG|PST.2FSG|PST.3FSG|PST.1PL|PST.2MPL|PST.2FPL|PST.3PL
LX-13b90bd659	פָּלַט	PAAL	hewiktionary	SILVER	1	0.1111	PST.1SG|PST.2MSG|PST.2FSG|PST.3FSG|PST.1PL|PST.2MPL|PST.2FPL|PST.3PL
LX-7b5d7bc38d	פָּקַס	PAAL	hewiktionary	SILVER	1	0.1111	PST.1SG|PST.2MSG|PST.2FSG|PST.3FSG|PST.1PL|PST.2MPL|PST.2FPL|PST.3PL
LX-2c50205e81	פָּרַף	PAAL	hewiktionary	SILVER	1	0.1111	PST.1SG|PST.2MSG|PST.2FSG|PST.3FSG|PST.1PL|PST.2MPL|PST.2FPL|PST.3PL
LX-21964d1281	רָכַס	PAAL	hewiktionary	SILVER	1	0.1111	PST.1SG|PST.2MSG|PST.2FSG|PST.3FSG|PST.1PL|PST.2MPL|PST.2FPL|PST.3PL
LX-c1783f7659	רִכֵּס	PIEL	hewiktionary	SILVER	1	0.1111	PST.1SG|PST.2MSG|PST.2FSG|PST.3FSG|PST.1PL|PST.2MPL|PST.2FPL|PST.3PL
LX-4ca723d302	נָגַב	PAAL	hewiktionary	SILVER	1	0.1111	PST.1SG|PST.2MSG|PST.2FSG|PST.3FSG|PST.1PL|PST.2MPL|PST.2FPL|PST.3PL
LX-e637fd9b8a	נִגֵּב	PIEL	hewiktionary	SILVER	1	0.1111	PST.1SG|PST.2MSG|PST.2FSG|PST.3FSG|PST.1PL|PST.2MPL|PST.2FPL|PST.3PL
LX-8aa6ef3cee	לָפַת	PAAL	hewiktionary	SILVER	1	0.1111	PST.1SG|PST.2MSG|PST.2FSG|PST.3FSG|PST.1PL|PST.2MPL|PST.2FPL|PST.3PL
LX-6d87adbd25	לִפֵּת	PIEL	hewiktionary	SILVER	1	0.1111	PST.1SG|PST.2MSG|PST.2FSG|PST.3FSG|PST.1PL|PST.2MPL|PST.2FPL|PST.3PL
LX-51d4d2e080	יָתַד	PAAL	hewiktionary	SILVER	1	0.1111	PST.1SG|PST.2MSG|PST.2FSG|PST.3FSG|PST.1PL|PST.2MPL|PST.2FPL|PST.3PL
LX-fccf058033	פִּשְׁפֵּשׁ	PIEL	hewiktionary	SILVER	1	0.1111	PST.1SG|PST.2MSG|PST.2FSG|PST.3FSG|PST.1PL|PST.2MPL|PST.2FPL|PST.3PL
LX-fb0871bc3d	נִפֵּט	PIEL	hewiktionary	SILVER	1	0.1111	PST.1SG|PST.2MSG|PST.2FSG|PST.3FSG|PST.1PL|PST.2MPL|PST.2FPL|PST.3PL
LX-24b1b773e1	שָׁחַר	PAAL	hewiktionary	SILVER	1	0.1111	PST.1SG|PST.2MSG|PST.2FSG|PST.3FSG|PST.1PL|PST.2MPL|PST.2FPL|PST.3PL
LX-1fc1ba24f1	שִׁחֵר	PIEL	hewiktionary	SILVER	1	0.1111	PST.1SG|PST.2MSG|PST.2FSG|PST.3FSG|PST.1PL|PST.2MPL|PST.2FPL|PST.3PL
LX-4a1291f210	שָׁנָה	PAAL	hewiktionary	SILVER	1	0.1111	PST.1SG|PST.2MSG|PST.2FSG|PST.3FSG|PST.1PL|PST.2MPL|PST.2FPL|PST.3PL
LX-1bb2218723	אוּיַּל	PUAL	hewiktionary	SILVER	1	0.1111	PST.1SG|PST.2MSG|PST.2FSG|PST.3FSG|PST.1PL|PST.2MPL|PST.2FPL|PST.3PL
LX-9a0b4e41ce	אָפַס	PAAL	hewiktionary	SILVER	1	0.1111	PST.1SG|PST.2MSG|PST.2FSG|PST.3FSG|PST.1PL|PST.2MPL|PST.2FPL|PST.3PL
LX-3ed1cc7747	אִפֵּס	PIEL	hewiktionary	SILVER	1	0.1111	PST.1SG|PST.2MSG|PST.2FSG|PST.3FSG|PST.1PL|PST.2MPL|PST.2FPL|PST.3PL
LX-79b1fb1a46	אֵרֵחַ	PIEL	hewiktionary	SILVER	1	0.1111	PST.1SG|PST.2MSG|PST.2FSG|PST.3FSG|PST.1PL|PST.2MPL|PST.2FPL|PST.3PL
LX-145c86be9e	פִּחְמֵן	PIEL	hewiktionary	SILVER	1	0.1111	PST.1SG|PST.2MSG|PST.2FSG|PST.3FSG|PST.1PL|PST.2MPL|PST.2FPL|PST.3PL
LX-db0eea5266	חִמְצֵן	PIEL	hewiktionary	SILVER	1	0.1111	PST.1SG|PST.2MSG|PST.2FSG|PST.3FSG|PST.1PL|PST.2MPL|PST.2FPL|PST.3PL
LX-1af562e7eb	אָרַג	PAAL	hewiktionary	SILVER	1	0.1111	PST.1SG|PST.2MSG|PST.2FSG|PST.3FSG|PST.1PL|PST.2MPL|PST.2FPL|PST.3PL
LX-07b18a92ca	פָּעַל	PAAL	hewiktionary	QUESTIONABLE	1	0.1111	PST.1SG|PST.2MSG|PST.2FSG|PST.3FSG|PST.1PL|PST.2MPL|PST.2FPL|PST.3PL
LX-3f838ed083	קָמַץ	PAAL	hewiktionary	SILVER	1	0.1111	PST.1SG|PST.2MSG|PST.2FSG|PST.3FSG|PST.1PL|PST.2MPL|PST.2FPL|PST.3PL
LX-86b0772c53	קִמֵּץ	PIEL	hewiktionary	SILVER	1	0.1111	PST.1SG|PST.2MSG|PST.2FSG|PST.3FSG|PST.1PL|PST.2MPL|PST.2FPL|PST.3PL
LX-50b5f0bda2	כָּבֵד	PAAL	hewiktionary	SILVER	1	0.1111	PST.1SG|PST.2MSG|PST.2FSG|PST.3FSG|PST.1PL|PST.2MPL|PST.2FPL|PST.3PL
LX-6c276c1d5a	מִשְׂכֵּן	PIEL	hewiktionary	QUESTIONABLE	1	0.1111	PST.1SG|PST.2MSG|PST.2FSG|PST.3FSG|PST.1PL|PST.2MPL|PST.2FPL|PST.3PL
LX-5294764d5e	פֹּרַשׁ	PUAL	hewiktionary	SILVER	1	0.1111	PST.1SG|PST.2MSG|PST.2FSG|PST.3FSG|PST.1PL|PST.2MPL|PST.2FPL|PST.3PL
LX-bc5a991233	זִרְחֵן	PIEL	hewiktionary	SILVER	1	0.1111	PST.1SG|PST.2MSG|PST.2FSG|PST.3FSG|PST.1PL|PST.2MPL|PST.2FPL|PST.3PL
LX-e8de98eb61	כִּנָּה	PIEL	hewiktionary	SILVER	1	0.1111	PST.1SG|PST.2MSG|PST.2FSG|PST.3FSG|PST.1PL|PST.2MPL|PST.2FPL|PST.3PL
LX-2a6fc0337a	צָלַב	PAAL	hewiktionary	SILVER	1	0.1111	PST.1SG|PST.2MSG|PST.2FSG|PST.3FSG|PST.1PL|PST.2MPL|PST.2FPL|PST.3PL
LX-0b16f3c980	אָמַן	PAAL	hewiktionary	SILVER	1	0.1111	PST.1SG|PST.2MSG|PST.2FSG|PST.3FSG|PST.1PL|PST.2MPL|PST.2FPL|PST.3PL
LX-7ecfdb22a5	אִמֵּן	PIEL	hewiktionary	SILVER	1	0.1111	PST.1SG|PST.2MSG|PST.2FSG|PST.3FSG|PST.1PL|PST.2MPL|PST.2FPL|PST.3PL
LX-49a519e20b	הִתְיַהֵר	HITPAEL	hewiktionary	SILVER	1	0.1111	PST.1SG|PST.2MSG|PST.2FSG|PST.3FSG|PST.1PL|PST.2MPL|PST.2FPL|PST.3PL
LX-1f097c2fd1	קָרַח	PAAL	hewiktionary	SILVER	1	0.1111	PST.1SG|PST.2MSG|PST.2FSG|PST.3FSG|PST.1PL|PST.2MPL|PST.2FPL|PST.3PL
LX-eefd507a95	גָּל	PAAL	hewiktionary	SILVER	1	0.1111	PST.1SG|PST.2MSG|PST.2FSG|PST.3FSG|PST.1PL|PST.2MPL|PST.2FPL|PST.3PL
LX-7e6c7c2120	גַּל	PAAL	hewiktionary	QUESTIONABLE	1	0.1111	PST.1SG|PST.2MSG|PST.2FSG|PST.3FSG|PST.1PL|PST.2MPL|PST.2FPL|PST.3PL
LX-18ce81f924	הִסְכִּין	HIFIL	hewiktionary	SILVER	1	0.1111	PST.1SG|PST.2MSG|PST.2FSG|PST.3FSG|PST.1PL|PST.2MPL|PST.2FPL|PST.3PL
LX-304b80c1ec	חָמֵץ	PAAL	hewiktionary	SILVER	1	0.1111	PST.1SG|PST.2MSG|PST.2FSG|PST.3FSG|PST.1PL|PST.2MPL|PST.2FPL|PST.3PL
LX-e2066ddfe1	מָזַג	PAAL	hewiktionary	SILVER	1	0.1111	PST.1SG|PST.2MSG|PST.2FSG|PST.3FSG|PST.1PL|PST.2MPL|PST.2FPL|PST.3PL
LX-48b5750ef8	בָּצַק	PAAL	hewiktionary	SILVER	1	0.1111	PST.1SG|PST.2MSG|PST.2FSG|PST.3FSG|PST.1PL|PST.2MPL|PST.2FPL|PST.3PL
LX-721f13f5d1	אִמֵּת	PIEL	hewiktionary	SILVER	1	0.1111	PST.1SG|PST.2MSG|PST.2FSG|PST.3FSG|PST.1PL|PST.2MPL|PST.2FPL|PST.3PL
LX-3270532dcf	אֻמַּת	PUAL	hewiktionary	SILVER	1	0.1111	PST.1SG|PST.2MSG|PST.2FSG|PST.3FSG|PST.1PL|PST.2MPL|PST.2FPL|PST.3PL
LX-7eef3a6acc	הִסְתַּלֵּק	HITPAEL	hewiktionary	SILVER	1	0.1111	PST.1SG|PST.2MSG|PST.2FSG|PST.3FSG|PST.1PL|PST.2MPL|PST.2FPL|PST.3PL
LX-43dc63465f	קָדַשׁ	PAAL	hewiktionary	SILVER	1	0.1111	PST.1SG|PST.2MSG|PST.2FSG|PST.3FSG|PST.1PL|PST.2MPL|PST.2FPL|PST.3PL
LX-a74fd16129	שָׂח	PAAL	hewiktionary	SILVER	1	0.1111	PST.1SG|PST.2MSG|PST.2FSG|PST.3FSG|PST.1PL|PST.2MPL|PST.2FPL|PST.3PL
LX-0c040b9ac8	שָׁח	PAAL	hewiktionary	SILVER	1	0.1111	PST.1SG|PST.2MSG|PST.2FSG|PST.3FSG|PST.1PL|PST.2MPL|PST.2FPL|PST.3PL
LX-8f7ba8afd9	שַׁח	PAAL	hewiktionary	SILVER	1	0.1111	PST.1SG|PST.2MSG|PST.2FSG|PST.3FSG|PST.1PL|PST.2MPL|PST.2FPL|PST.3PL
LX-02528bf589	חָפָה	PAAL	hewiktionary	SILVER	1	0.1111	PST.1SG|PST.2MSG|PST.2FSG|PST.3FSG|PST.1PL|PST.2MPL|PST.2FPL|PST.3PL
LX-61066be5b3	אִתְרֵג	PIEL	hewiktionary	SILVER	1	0.1111	PST.1SG|PST.2MSG|PST.2FSG|PST.3FSG|PST.1PL|PST.2MPL|PST.2FPL|PST.3PL
LX-63975267de	גִּשֵּׁשׁ	PIEL	hewiktionary	SILVER	1	0.1111	PST.1SG|PST.2MSG|PST.2FSG|PST.3FSG|PST.1PL|PST.2MPL|PST.2FPL|PST.3PL
LX-0f3af00f64	גָּשַׁשׁ	PAAL	hewiktionary	SILVER	1	0.1111	PST.1SG|PST.2MSG|PST.2FSG|PST.3FSG|PST.1PL|PST.2MPL|PST.2FPL|PST.3PL
LX-64720c5e76	שִֹבֵּעַ	PIEL	hewiktionary	SILVER	1	0.1111	PST.1SG|PST.2MSG|PST.2FSG|PST.3FSG|PST.1PL|PST.2MPL|PST.2FPL|PST.3PL
LX-5892455fa2	חִמֵּשׁ	PIEL	hewiktionary	SILVER	1	0.1111	PST.1SG|PST.2MSG|PST.2FSG|PST.3FSG|PST.1PL|PST.2MPL|PST.2FPL|PST.3PL
LX-ccb07b63fc	הִפְשִׁיל	HIFIL	hewiktionary	SILVER	1	0.1111	PST.1SG|PST.2MSG|PST.2FSG|PST.3FSG|PST.1PL|PST.2MPL|PST.2FPL|PST.3PL
LX-6f80bfc4b5	לֻקַּח	PUAL	hewiktionary	SILVER	1	0.1111	PST.1SG|PST.2MSG|PST.2FSG|PST.3FSG|PST.1PL|PST.2MPL|PST.2FPL|PST.3PL
LX-d200df23b0	עִזֵּק	PIEL	hewiktionary	SILVER	1	0.1111	PST.1SG|PST.2MSG|PST.2FSG|PST.3FSG|PST.1PL|PST.2MPL|PST.2FPL|PST.3PL
LX-b02ebd0c06	עָזַק	PAAL	hewiktionary	SILVER	1	0.1111	PST.1SG|PST.2MSG|PST.2FSG|PST.3FSG|PST.1PL|PST.2MPL|PST.2FPL|PST.3PL
LX-c29c99663b	הִלְחִים	HIFIL	hewiktionary	SILVER	1	0.1111	PST.1SG|PST.2MSG|PST.2FSG|PST.3FSG|PST.1PL|PST.2MPL|PST.2FPL|PST.3PL
LX-4b81f78a2b	רַע	PAAL	hewiktionary	SILVER	1	0.1111	PST.1SG|PST.2MSG|PST.2FSG|PST.3FSG|PST.1PL|PST.2MPL|PST.2FPL|PST.3PL
LX-9112d78de6	חִלָּה	PIEL	hewiktionary	SILVER	1	0.1111	PST.1SG|PST.2MSG|PST.2FSG|PST.3FSG|PST.1PL|PST.2MPL|PST.2FPL|PST.3PL
LX-1bfcd22439	נִפְנֵף	PIEL	hewiktionary	SILVER	1	0.1111	PST.1SG|PST.2MSG|PST.2FSG|PST.3FSG|PST.1PL|PST.2MPL|PST.2FPL|PST.3PL
LX-a5b5832115	גַּן	PAAL	hewiktionary	SILVER	1	0.1111	PST.1SG|PST.2MSG|PST.2FSG|PST.3FSG|PST.1PL|PST.2MPL|PST.2FPL|PST.3PL
LX-aaa680df06	צָרַב	PAAL	hewiktionary	SILVER	1	0.1111	PST.1SG|PST.2MSG|PST.2FSG|PST.3FSG|PST.1PL|PST.2MPL|PST.2FPL|PST.3PL
LX-32abdede88	עִגֵּן	PIEL	hewiktionary	SILVER	1	0.1111	PST.1SG|PST.2MSG|PST.2FSG|PST.3FSG|PST.1PL|PST.2MPL|PST.2FPL|PST.3PL
LX-8471462417	מָלַח	PAAL	hewiktionary	SILVER	1	0.1111	PST.1SG|PST.2MSG|PST.2FSG|PST.3FSG|PST.1PL|PST.2MPL|PST.2FPL|PST.3PL
LX-b379554f71	צָרַם	PAAL	hewiktionary	SILVER	1	0.1111	PST.1SG|PST.2MSG|PST.2FSG|PST.3FSG|PST.1PL|PST.2MPL|PST.2FPL|PST.3PL
LX-8be56062f4	נָגוֹז	NIFAL	hewiktionary	SILVER	1	0.1111	PST.1SG|PST.2MSG|PST.2FSG|PST.3FSG|PST.1PL|PST.2MPL|PST.2FPL|PST.3PL
LX-5159c11567	שָׁטַח	PAAL	hewiktionary	SILVER	1	0.1111	PST.1SG|PST.2MSG|PST.2FSG|PST.3FSG|PST.1PL|PST.2MPL|PST.2FPL|PST.3PL
LX-e1f3176fc6	שָׁקַע	PAAL	hewiktionary	SILVER	1	0.1111	PST.1SG|PST.2MSG|PST.2FSG|PST.3FSG|PST.1PL|PST.2MPL|PST.2FPL|PST.3PL
LX-98fe3e0945	שִׁקַּע	PIEL	hewiktionary	SILVER	1	0.1111	PST.1SG|PST.2MSG|PST.2FSG|PST.3FSG|PST.1PL|PST.2MPL|PST.2FPL|PST.3PL
LX-c65336d065	תָּקַע	PAAL	hewiktionary	SILVER	1	0.1111	PST.1SG|PST.2MSG|PST.2FSG|PST.3FSG|PST.1PL|PST.2MPL|PST.2FPL|PST.3PL
LX-b31cc64ce7	נָקַע	PAAL	hewiktionary	SILVER	1	0.1111	PST.1SG|PST.2MSG|PST.2FSG|PST.3FSG|PST.1PL|PST.2MPL|PST.2FPL|PST.3PL
LX-c63c6c7589	הִנְדֵּס	PIEL	hewiktionary	SILVER	1	0.1111	PST.1SG|PST.2MSG|PST.2FSG|PST.3FSG|PST.1PL|PST.2MPL|PST.2FPL|PST.3PL
LX-5f1f738719	עָבַט	PAAL	hewiktionary	SILVER	1	0.1111	PST.1SG|PST.2MSG|PST.2FSG|PST.3FSG|PST.1PL|PST.2MPL|PST.2FPL|PST.3PL
LX-8fe9eb3ff1	עִבֵּט	PIEL	hewiktionary	SILVER	1	0.1111	PST.1SG|PST.2MSG|PST.2FSG|PST.3FSG|PST.1PL|PST.2MPL|PST.2FPL|PST.3PL
LX-eb4bdac06e	גָּמַם	PAAL	hewiktionary	SILVER	1	0.1111	PST.1SG|PST.2MSG|PST.2FSG|PST.3FSG|PST.1PL|PST.2MPL|PST.2FPL|PST.3PL
LX-c89a5d54c7	גִּמֵּם	PIEL	hewiktionary	SILVER	1	0.1111	PST.1SG|PST.2MSG|PST.2FSG|PST.3FSG|PST.1PL|PST.2MPL|PST.2FPL|PST.3PL
LX-b0c65fb345	נִבְדַּל	NIFAL	hewiktionary	SILVER	1	0.1111	PST.1SG|PST.2MSG|PST.2FSG|PST.3FSG|PST.1PL|PST.2MPL|PST.2FPL|PST.3PL
LX-7f227b83ca	אִפֵּן	PIEL	hewiktionary	SILVER	1	0.1111	PST.1SG|PST.2MSG|PST.2FSG|PST.3FSG|PST.1PL|PST.2MPL|PST.2FPL|PST.3PL
LX-683e9fe7de	קַל	PAAL	hewiktionary	SILVER	1	0.1111	PST.1SG|PST.2MSG|PST.2FSG|PST.3FSG|PST.1PL|PST.2MPL|PST.2FPL|PST.3PL
LX-8a25cb8b2c	רַב	PAAL	hewiktionary	SILVER	1	0.1111	PST.1SG|PST.2MSG|PST.2FSG|PST.3FSG|PST.1PL|PST.2MPL|PST.2FPL|PST.3PL
LX-4527cb0fbd	רָב	PAAL	hewiktionary	SILVER	1	0.1111	PST.1SG|PST.2MSG|PST.2FSG|PST.3FSG|PST.1PL|PST.2MPL|PST.2FPL|PST.3PL
LX-573a2fa497	חִסֵּד	PIEL	hewiktionary	SILVER	1	0.1111	PST.1SG|PST.2MSG|PST.2FSG|PST.3FSG|PST.1PL|PST.2MPL|PST.2FPL|PST.3PL
LX-f2517b04ab	כָּחַל	PAAL	hewiktionary	SILVER	1	0.1111	PST.1SG|PST.2MSG|PST.2FSG|PST.3FSG|PST.1PL|PST.2MPL|PST.2FPL|PST.3PL
LX-7f710cecf4	סִגֵּל	PIEL	hewiktionary	SILVER	1	0.1111	PST.1SG|PST.2MSG|PST.2FSG|PST.3FSG|PST.1PL|PST.2MPL|PST.2FPL|PST.3PL
LX-fbebdffa03	הִלִּיז	HIFIL	hewiktionary	SILVER	1	0.1111	PST.1SG|PST.2MSG|PST.2FSG|PST.3FSG|PST.1PL|PST.2MPL|PST.2FPL|PST.3PL
LX-71a4decb66	בִּטֵּן	PIEL	hewiktionary	SILVER	1	0.1111	PST.1SG|PST.2MSG|PST.2FSG|PST.3FSG|PST.1PL|PST.2MPL|PST.2FPL|PST.3PL
LX-62c257979b	מִדֵּף	PIEL	hewiktionary	SILVER	1	0.1111	PST.1SG|PST.2MSG|PST.2FSG|PST.3FSG|PST.1PL|PST.2MPL|PST.2FPL|PST.3PL
LX-0ecadb20f4	קָלַף	PAAL	hewiktionary	SILVER	1	0.1111	PST.1SG|PST.2MSG|PST.2FSG|PST.3FSG|PST.1PL|PST.2MPL|PST.2FPL|PST.3PL
LX-a2cd25c99c	כִּתֵּף	PIEL	hewiktionary	SILVER	1	0.1111	PST.1SG|PST.2MSG|PST.2FSG|PST.3FSG|PST.1PL|PST.2MPL|PST.2FPL|PST.3PL
LX-33e1362c25	פֵּרֵק	PIEL	hewiktionary	SILVER	1	0.1111	PST.1SG|PST.2MSG|PST.2FSG|PST.3FSG|PST.1PL|PST.2MPL|PST.2FPL|PST.3PL
LX-fe27319d78	פִּעְפַּע	PIEL	hewiktionary	SILVER	1	0.1111	PST.1SG|PST.2MSG|PST.2FSG|PST.3FSG|PST.1PL|PST.2MPL|PST.2FPL|PST.3PL
LX-028c8beb1b	עָנַב	PAAL	hewiktionary	SILVER	1	0.1111	PST.1SG|PST.2MSG|PST.2FSG|PST.3FSG|PST.1PL|PST.2MPL|PST.2FPL|PST.3PL
LX-b0e53e06f6	נִפָּה	PIEL	hewiktionary	SILVER	1	0.1111	PST.1SG|PST.2MSG|PST.2FSG|PST.3FSG|PST.1PL|PST.2MPL|PST.2FPL|PST.3PL
LX-8bb64b81e5	סִמֵּס	PIEL	hewiktionary	SILVER	1	0.1111	PST.1SG|PST.2MSG|PST.2FSG|PST.3FSG|PST.1PL|PST.2MPL|PST.2FPL|PST.3PL
LX-13e60071b6	סָפָה	PAAL	hewiktionary	SILVER	1	0.1111	PST.1SG|PST.2MSG|PST.2FSG|PST.3FSG|PST.1PL|PST.2MPL|PST.2FPL|PST.3PL
LX-8cbefc8aae	עִרְסֵל	PIEL	hewiktionary	SILVER	1	0.1111	PST.1SG|PST.2MSG|PST.2FSG|PST.3FSG|PST.1PL|PST.2MPL|PST.2FPL|PST.3PL
LX-5da012b2b5	שִׁיֵּךְ	PIEL	hewiktionary	SILVER	1	0.1111	PST.1SG|PST.2MSG|PST.2FSG|PST.3FSG|PST.1PL|PST.2MPL|PST.2FPL|PST.3PL
LX-e59013e362	שֻׁיַּךְ	PUAL	hewiktionary	SILVER	1	0.1111	PST.1SG|PST.2MSG|PST.2FSG|PST.3FSG|PST.1PL|PST.2MPL|PST.2FPL|PST.3PL
LX-694018c1e4	זִמֵּן	PIEL	hewiktionary	SILVER	1	0.1111	PST.1SG|PST.2MSG|PST.2FSG|PST.3FSG|PST.1PL|PST.2MPL|PST.2FPL|PST.3PL
LX-598eae73f6	אִפְשֵׁר	PIEL	hewiktionary	SILVER	1	0.1111	PST.1SG|PST.2MSG|PST.2FSG|PST.3FSG|PST.1PL|PST.2MPL|PST.2FPL|PST.3PL
LX-78c4affced	טֻשְׁטָשׁ	PUAL	hewiktionary	SILVER	1	0.1111	PST.1SG|PST.2MSG|PST.2FSG|PST.3FSG|PST.1PL|PST.2MPL|PST.2FPL|PST.3PL
LX-d3ed724b0f	טִשְׁטֵשׁ	PIEL	hewiktionary	SILVER	1	0.1111	PST.1SG|PST.2MSG|PST.2FSG|PST.3FSG|PST.1PL|PST.2MPL|PST.2FPL|PST.3PL
LX-16433fe5e9	פָּח	PAAL	hewiktionary	SILVER	1	0.1111	PST.1SG|PST.2MSG|PST.2FSG|PST.3FSG|PST.1PL|PST.2MPL|PST.2FPL|PST.3PL
LX-ec49c4dcc6	הִיָּה	PIEL	hewiktionary	SILVER	1	0.1111	PST.1SG|PST.2MSG|PST.2FSG|PST.3FSG|PST.1PL|PST.2MPL|PST.2FPL|PST.3PL
LX-16f1333b9e	שָׂכַל	PAAL	hewiktionary	SILVER	1	0.1111	PST.1SG|PST.2MSG|PST.2FSG|PST.3FSG|PST.1PL|PST.2MPL|PST.2FPL|PST.3PL
LX-2bd7f3670b	שִׂכֵּל	PIEL	hewiktionary	SILVER	1	0.1111	PST.1SG|PST.2MSG|PST.2FSG|PST.3FSG|PST.1PL|PST.2MPL|PST.2FPL|PST.3PL
LX-3f8a61cd76	שָׁכַל	PAAL	hewiktionary	SILVER	1	0.1111	PST.1SG|PST.2MSG|PST.2FSG|PST.3FSG|PST.1PL|PST.2MPL|PST.2FPL|PST.3PL
LX-7c2f5fb686	כִּיֵּף	PIEL	hewiktionary	SILVER	1	0.1111	PST.1SG|PST.2MSG|PST.2FSG|PST.3FSG|PST.1PL|PST.2MPL|PST.2FPL|PST.3PL
LX-ea25287b3f	מִסְמֵר	PIEL	hewiktionary	SILVER	1	0.1111	PST.1SG|PST.2MSG|PST.2FSG|PST.3FSG|PST.1PL|PST.2MPL|PST.2FPL|PST.3PL
LX-dae5c2bc9c	מֻסְמַר	PUAL	hewiktionary	SILVER	1	0.1111	PST.1SG|PST.2MSG|PST.2FSG|PST.3FSG|PST.1PL|PST.2MPL|PST.2FPL|PST.3PL
LX-1c807b5d91	עִשֵּׂב	PIEL	hewiktionary	SILVER	1	0.1111	PST.1SG|PST.2MSG|PST.2FSG|PST.3FSG|PST.1PL|PST.2MPL|PST.2FPL|PST.3PL
LX-ac1088b036	דָּךְ	PAAL	hewiktionary	SILVER	1	0.1111	PST.1SG|PST.2MSG|PST.2FSG|PST.3FSG|PST.1PL|PST.2MPL|PST.2FPL|PST.3PL
LX-5ea23bbedf	מָךְ	PAAL	hewiktionary	SILVER	1	0.1111	PST.1SG|PST.2MSG|PST.2FSG|PST.3FSG|PST.1PL|PST.2MPL|PST.2FPL|PST.3PL
LX-c922e67326	רָשׁ	PAAL	hewiktionary	SILVER	1	0.1111	PST.1SG|PST.2MSG|PST.2FSG|PST.3FSG|PST.1PL|PST.2MPL|PST.2FPL|PST.3PL
LX-6b0a105ce4	מֻתַּן	PUAL	hewiktionary	SILVER	1	0.1111	PST.1SG|PST.2MSG|PST.2FSG|PST.3FSG|PST.1PL|PST.2MPL|PST.2FPL|PST.3PL
LX-d0566198f3	נָסַע	PAAL	hewiktionary	SILVER	1	0.1111	PST.1SG|PST.2MSG|PST.2FSG|PST.3FSG|PST.1PL|PST.2MPL|PST.2FPL|PST.3PL
LX-cf8198b3b5	הִשְׁחִית	HIFIL	hewiktionary	SILVER	1	0.1111	PST.1SG|PST.2MSG|PST.2FSG|PST.3FSG|PST.1PL|PST.2MPL|PST.2FPL|PST.3PL
LX-404f2ec4f7	נוֹרָה	NIFAL	hewiktionary	SILVER	1	0.1111	PST.1SG|PST.2MSG|PST.2FSG|PST.3FSG|PST.1PL|PST.2MPL|PST.2FPL|PST.3PL
LX-45ea3b99e9	אָסַם	PAAL	hewiktionary	SILVER	1	0.1111	PST.1SG|PST.2MSG|PST.2FSG|PST.3FSG|PST.1PL|PST.2MPL|PST.2FPL|PST.3PL
LX-55bebfd699	אָצַר	PAAL	hewiktionary	SILVER	1	0.1111	PST.1SG|PST.2MSG|PST.2FSG|PST.3FSG|PST.1PL|PST.2MPL|PST.2FPL|PST.3PL
LX-f43d6b382f	הִתְחַפְשֵׁשׁ	HITPAEL	hewiktionary	SILVER	1	0.1111	PST.1SG|PST.2MSG|PST.2FSG|PST.3FSG|PST.1PL|PST.2MPL|PST.2FPL|PST.3PL
LX-3f4737b6ad	בָּדַל	PAAL	hewiktionary	SILVER	1	0.1111	PST.1SG|PST.2MSG|PST.2FSG|PST.3FSG|PST.1PL|PST.2MPL|PST.2FPL|PST.3PL
LX-1bad0be06a	הִקְסִים	HIFIL	hewiktionary	SILVER	1	0.1111	PST.1SG|PST.2MSG|PST.2FSG|PST.3FSG|PST.1PL|PST.2MPL|PST.2FPL|PST.3PL
LX-3ea68ece57	גִּוֵּן	PIEL	hewiktionary	SILVER	1	0.1111	PST.1SG|PST.2MSG|PST.2FSG|PST.3FSG|PST.1PL|PST.2MPL|PST.2FPL|PST.3PL
LX-b6c01a9d19	נִגַּר	NIFAL	hewiktionary	SILVER	1	0.1111	PST.1SG|PST.2MSG|PST.2FSG|PST.3FSG|PST.1PL|PST.2MPL|PST.2FPL|PST.3PL
LX-402cab5c1a	נִגֵּר	PIEL	hewiktionary	SILVER	1	0.1111	PST.1SG|PST.2MSG|PST.2FSG|PST.3FSG|PST.1PL|PST.2MPL|PST.2FPL|PST.3PL
LX-13ac4aa629	רָהַט	PAAL	hewiktionary	SILVER	1	0.1111	PST.1SG|PST.2MSG|PST.2FSG|PST.3FSG|PST.1PL|PST.2MPL|PST.2FPL|PST.3PL
LX-c861ef51aa	נָדַר	PAAL	hewiktionary	SILVER	1	0.1111	PST.1SG|PST.2MSG|PST.2FSG|PST.3FSG|PST.1PL|PST.2MPL|PST.2FPL|PST.3PL
LX-b43c923c8f	נִדַּר	NIFAL	hewiktionary	SILVER	1	0.1111	PST.1SG|PST.2MSG|PST.2FSG|PST.3FSG|PST.1PL|PST.2MPL|PST.2FPL|PST.3PL
LX-e7c31abdf2	פָּשָׂה	PAAL	hewiktionary	SILVER	1	0.1111	PST.1SG|PST.2MSG|PST.2FSG|PST.3FSG|PST.1PL|PST.2MPL|PST.2FPL|PST.3PL
LX-4c4cca24d0	זָד	PAAL	hewiktionary	SILVER	1	0.1111	PST.1SG|PST.2MSG|PST.2FSG|PST.3FSG|PST.1PL|PST.2MPL|PST.2FPL|PST.3PL
LX-97a76efecc	כִּרְכֵּר	PIEL	hewiktionary	SILVER	1	0.1111	PST.1SG|PST.2MSG|PST.2FSG|PST.3FSG|PST.1PL|PST.2MPL|PST.2FPL|PST.3PL
LX-27ac8397f5	עִקֵּשׁ	PIEL	hewiktionary	SILVER	1	0.1111	PST.1SG|PST.2MSG|PST.2FSG|PST.3FSG|PST.1PL|PST.2MPL|PST.2FPL|PST.3PL
LX-20b5635e25	נִעְנֵעַ	PIEL	hewiktionary	SILVER	1	0.1111	PST.1SG|PST.2MSG|PST.2FSG|PST.3FSG|PST.1PL|PST.2MPL|PST.2FPL|PST.3PL
LX-ec12e49cc4	כִּיֵּל	PIEL	hewiktionary	SILVER	1	0.1111	PST.1SG|PST.2MSG|PST.2FSG|PST.3FSG|PST.1PL|PST.2MPL|PST.2FPL|PST.3PL
LX-93a1b038c9	עָגַב	PAAL	hewiktionary	SILVER	1	0.1111	PST.1SG|PST.2MSG|PST.2FSG|PST.3FSG|PST.1PL|PST.2MPL|PST.2FPL|PST.3PL
LX-e8c840251f	חִטֵּט	PIEL	hewiktionary	SILVER	1	0.1111	PST.1SG|PST.2MSG|PST.2FSG|PST.3FSG|PST.1PL|PST.2MPL|PST.2FPL|PST.3PL
LX-48a80b73be	נָדַף	PAAL	hewiktionary	SILVER	1	0.1111	PST.1SG|PST.2MSG|PST.2FSG|PST.3FSG|PST.1PL|PST.2MPL|PST.2FPL|PST.3PL
LX-9249592966	נִדַּף	NIFAL	hewiktionary	SILVER	1	0.1111	PST.1SG|PST.2MSG|PST.2FSG|PST.3FSG|PST.1PL|PST.2MPL|PST.2FPL|PST.3PL
LX-4c22d3d2bb	נִדֵּף	PIEL	hewiktionary	SILVER	1	0.1111	PST.1SG|PST.2MSG|PST.2FSG|PST.3FSG|PST.1PL|PST.2MPL|PST.2FPL|PST.3PL
LX-99511a140c	קָבַל	PAAL	hewiktionary	SILVER	1	0.1111	PST.1SG|PST.2MSG|PST.2FSG|PST.3FSG|PST.1PL|PST.2MPL|PST.2FPL|PST.3PL
LX-a36bd103b7	אִסְפֵּן	HIFIL	hewiktionary	SILVER	1	0.1111	PST.1SG|PST.2MSG|PST.2FSG|PST.3FSG|PST.1PL|PST.2MPL|PST.2FPL|PST.3PL
LX-2ad972f236	מִגֵּן	PIEL	hewiktionary	SILVER	1	0.1111	PST.1SG|PST.2MSG|PST.2FSG|PST.3FSG|PST.1PL|PST.2MPL|PST.2FPL|PST.3PL
LX-ce8cf78655	פָּזַל	PAAL	hewiktionary	SILVER	1	0.1111	PST.1SG|PST.2MSG|PST.2FSG|PST.3FSG|PST.1PL|PST.2MPL|PST.2FPL|PST.3PL
LX-46a42dc20d	לָעַט	PAAL	hewiktionary	SILVER	1	0.1111	PST.1SG|PST.2MSG|PST.2FSG|PST.3FSG|PST.1PL|PST.2MPL|PST.2FPL|PST.3PL
LX-967f4f4574	רָתַם	PAAL	hewiktionary	SILVER	1	0.1111	PST.1SG|PST.2MSG|PST.2FSG|PST.3FSG|PST.1PL|PST.2MPL|PST.2FPL|PST.3PL
LX-a26a8e3527	זָר	PAAL	hewiktionary	SILVER	1	0.1111	PST.1SG|PST.2MSG|PST.2FSG|PST.3FSG|PST.1PL|PST.2MPL|PST.2FPL|PST.3PL
LX-47d10f7f29	חָמַל	PAAL	hewiktionary	SILVER	1	0.1111	PST.1SG|PST.2MSG|PST.2FSG|PST.3FSG|PST.1PL|PST.2MPL|PST.2FPL|PST.3PL
LX-58da86cf41	עָקַר	PAAL	hewiktionary	SILVER	1	0.1111	PST.1SG|PST.2MSG|PST.2FSG|PST.3FSG|PST.1PL|PST.2MPL|PST.2FPL|PST.3PL
LX-bcf0488d80	עִקֵּר	PIEL	hewiktionary	SILVER	1	0.1111	PST.1SG|PST.2MSG|PST.2FSG|PST.3FSG|PST.1PL|PST.2MPL|PST.2FPL|PST.3PL
LX-d38cbaec6e	חָבַל	PAAL	hewiktionary	SILVER	1	0.1111	PST.1SG|PST.2MSG|PST.2FSG|PST.3FSG|PST.1PL|PST.2MPL|PST.2FPL|PST.3PL
LX-de44a9bf75	הִלְעִיט	HIFIL	hewiktionary	SILVER	1	0.1111	PST.1SG|PST.2MSG|PST.2FSG|PST.3FSG|PST.1PL|PST.2MPL|PST.2FPL|PST.3PL
LX-a8a9b5657c	יֻלַּד	PUAL	hewiktionary	SILVER	1	0.1111	PST.1SG|PST.2MSG|PST.2FSG|PST.3FSG|PST.1PL|PST.2MPL|PST.2FPL|PST.3PL
LX-b45ebdbd5a	קָטַל	PAAL	hewiktionary	SILVER	1	0.1111	PST.1SG|PST.2MSG|PST.2FSG|PST.3FSG|PST.1PL|PST.2MPL|PST.2FPL|PST.3PL
LX-b98b6f732d	הִתְפַּעֵל	HITPAEL	hewiktionary	QUESTIONABLE	1	0.1111	PST.1SG|PST.2MSG|PST.2FSG|PST.3FSG|PST.1PL|PST.2MPL|PST.2FPL|PST.3PL
LX-56bb34a93a	הִדִּיחַ	HIFIL	hewiktionary	SILVER	1	0.1111	PST.1SG|PST.2MSG|PST.2FSG|PST.3FSG|PST.1PL|PST.2MPL|PST.2FPL|PST.3PL
LX-548d2a432f	הֵדִיחַ	HIFIL	hewiktionary	SILVER	1	0.1111	PST.1SG|PST.2MSG|PST.2FSG|PST.3FSG|PST.1PL|PST.2MPL|PST.2FPL|PST.3PL
LX-30d14115f4	גֻּנַּב	PUAL	hewiktionary	SILVER	1	0.1111	PST.1SG|PST.2MSG|PST.2FSG|PST.3FSG|PST.1PL|PST.2MPL|PST.2FPL|PST.3PL
LX-7064c75f32	כָּוָה	PAAL	hewiktionary	SILVER	1	0.1111	PST.1SG|PST.2MSG|PST.2FSG|PST.3FSG|PST.1PL|PST.2MPL|PST.2FPL|PST.3PL
LX-c52a1d5c26	שָֹטָה	PAAL	hewiktionary	SILVER	1	0.1111	PST.1SG|PST.2MSG|PST.2FSG|PST.3FSG|PST.1PL|PST.2MPL|PST.2FPL|PST.3PL
LX-2db5f4e6ad	שִׁטָּה	PIEL	hewiktionary	SILVER	1	0.1111	PST.1SG|PST.2MSG|PST.2FSG|PST.3FSG|PST.1PL|PST.2MPL|PST.2FPL|PST.3PL
LX-252192d3e7	הִמְלִיחַ	HIFIL	hewiktionary	SILVER	1	0.1111	PST.1SG|PST.2MSG|PST.2FSG|PST.3FSG|PST.1PL|PST.2MPL|PST.2FPL|PST.3PL
LX-3b1fc87d2e	פִּיֵּס	PIEL	hewiktionary	SILVER	1	0.1111	PST.1SG|PST.2MSG|PST.2FSG|PST.3FSG|PST.1PL|PST.2MPL|PST.2FPL|PST.3PL
LX-4567dc6634	חָוַר	PAAL	hewiktionary	SILVER	1	0.1111	PST.1SG|PST.2MSG|PST.2FSG|PST.3FSG|PST.1PL|PST.2MPL|PST.2FPL|PST.3PL
LX-0b3ada2cb2	חִוֵּר	PIEL	hewiktionary	SILVER	1	0.1111	PST.1SG|PST.2MSG|PST.2FSG|PST.3FSG|PST.1PL|PST.2MPL|PST.2FPL|PST.3PL
LX-9b37e0d98c	פִּרְפֵּר	PIEL	hewiktionary	SILVER	1	0.1111	PST.1SG|PST.2MSG|PST.2FSG|PST.3FSG|PST.1PL|PST.2MPL|PST.2FPL|PST.3PL
LX-c91baae462	נִכָּה	NIFAL	hewiktionary	QUESTIONABLE	1	0.1111	PST.1SG|PST.2MSG|PST.2FSG|PST.3FSG|PST.1PL|PST.2MPL|PST.2FPL|PST.3PL
LX-a457d161ee	נִכָּה	PIEL	hewiktionary	QUESTIONABLE	1	0.1111	PST.1SG|PST.2MSG|PST.2FSG|PST.3FSG|PST.1PL|PST.2MPL|PST.2FPL|PST.3PL
LX-7a91801c97	נֻכָּה	PUAL	hewiktionary	SILVER	1	0.1111	PST.1SG|PST.2MSG|PST.2FSG|PST.3FSG|PST.1PL|PST.2MPL|PST.2FPL|PST.3PL
LX-e5a831e269	שַׁאֲנָן	PAAL	hewiktionary	SILVER	1	0.1111	PST.1SG|PST.2MSG|PST.2FSG|PST.3FSG|PST.1PL|PST.2MPL|PST.2FPL|PST.3PL
LX-22d103c6f2	הִתְוַדָּה	HITPAEL	hewiktionary	SILVER	1	0.1111	PST.1SG|PST.2MSG|PST.2FSG|PST.3FSG|PST.1PL|PST.2MPL|PST.2FPL|PST.3PL
LX-0a5f95d204	זָמַר	PAAL	hewiktionary	SILVER	1	0.1111	PST.1SG|PST.2MSG|PST.2FSG|PST.3FSG|PST.1PL|PST.2MPL|PST.2FPL|PST.3PL
LX-8440824e4b	הִשְׁחִיל	HIFIL	hewiktionary	SILVER	1	0.1111	PST.1SG|PST.2MSG|PST.2FSG|PST.3FSG|PST.1PL|PST.2MPL|PST.2FPL|PST.3PL
LX-40255def31	יִנּוֹן	NIFAL	hewiktionary	SILVER	1	0.1111	PST.1SG|PST.2MSG|PST.2FSG|PST.3FSG|PST.1PL|PST.2MPL|PST.2FPL|PST.3PL
LX-346871bbcd	לִהֵט	PIEL	hewiktionary	SILVER	1	0.1111	PST.1SG|PST.2MSG|PST.2FSG|PST.3FSG|PST.1PL|PST.2MPL|PST.2FPL|PST.3PL
LX-f176506a0d	חָרַק	PAAL	hewiktionary	SILVER	1	0.1111	PST.1SG|PST.2MSG|PST.2FSG|PST.3FSG|PST.1PL|PST.2MPL|PST.2FPL|PST.3PL
LX-cb82c02f45	הִדְבִּיר	HIFIL	hewiktionary	SILVER	1	0.1111	PST.1SG|PST.2MSG|PST.2FSG|PST.3FSG|PST.1PL|PST.2MPL|PST.2FPL|PST.3PL
LX-85d81e9183	סָכַם	PAAL	hewiktionary	SILVER	1	0.1111	PST.1SG|PST.2MSG|PST.2FSG|PST.3FSG|PST.1PL|PST.2MPL|PST.2FPL|PST.3PL
LX-bc0c52a84e	טִוַּח	PIEL	hewiktionary	QUESTIONABLE	1	0.1111	PST.1SG|PST.2MSG|PST.2FSG|PST.3FSG|PST.1PL|PST.2MPL|PST.2FPL|PST.3PL
LX-469b26a221	יִבֵּשׁ	PIEL	hewiktionary	SILVER	1	0.1111	PST.1SG|PST.2MSG|PST.2FSG|PST.3FSG|PST.1PL|PST.2MPL|PST.2FPL|PST.3PL
LX-71ca5d4c26	יֻבַּשׁ	PUAL	hewiktionary	SILVER	1	0.1111	PST.1SG|PST.2MSG|PST.2FSG|PST.3FSG|PST.1PL|PST.2MPL|PST.2FPL|PST.3PL
LX-741910b248	יָבַשׁ	PAAL	hewiktionary	SILVER	1	0.1111	PST.1SG|PST.2MSG|PST.2FSG|PST.3FSG|PST.1PL|PST.2MPL|PST.2FPL|PST.3PL
LX-46bf98b386	טִיַּח	PIEL	hewiktionary	QUESTIONABLE	1	0.1111	PST.1SG|PST.2MSG|PST.2FSG|PST.3FSG|PST.1PL|PST.2MPL|PST.2FPL|PST.3PL
LX-72b75856ca	נָזַל	PAAL	hewiktionary	SILVER	1	0.1111	PST.1SG|PST.2MSG|PST.2FSG|PST.3FSG|PST.1PL|PST.2MPL|PST.2FPL|PST.3PL
LX-f6bfc6cd85	נִזַּל	NIFAL	hewiktionary	SILVER	1	0.1111	PST.1SG|PST.2MSG|PST.2FSG|PST.3FSG|PST.1PL|PST.2MPL|PST.2FPL|PST.3PL
LX-b53bdf437c	נָזֹל	NIFAL	hewiktionary	SILVER	1	0.1111	PST.1SG|PST.2MSG|PST.2FSG|PST.3FSG|PST.1PL|PST.2MPL|PST.2FPL|PST.3PL
LX-5a100c26b6	צוֹתֵת	PIEL	hewiktionary	QUESTIONABLE	1	0.1111	PST.1SG|PST.2MSG|PST.2FSG|PST.3FSG|PST.1PL|PST.2MPL|PST.2FPL|PST.3PL
LX-855243abec	נִקֵּב	PIEL	hewiktionary	SILVER	1	0.1111	PST.1SG|PST.2MSG|PST.2FSG|PST.3FSG|PST.1PL|PST.2MPL|PST.2FPL|PST.3PL
LX-6d305b2470	נָקַב	PAAL	hewiktionary	SILVER	1	0.1111	PST.1SG|PST.2MSG|PST.2FSG|PST.3FSG|PST.1PL|PST.2MPL|PST.2FPL|PST.3PL
LX-f5cc5101c7	נִקַּב	NIFAL	hewiktionary	SILVER	1	0.1111	PST.1SG|PST.2MSG|PST.2FSG|PST.3FSG|PST.1PL|PST.2MPL|PST.2FPL|PST.3PL
LX-7fbe8944e3	נָחַר	PAAL	hewiktionary	SILVER	1	0.1111	PST.1SG|PST.2MSG|PST.2FSG|PST.3FSG|PST.1PL|PST.2MPL|PST.2FPL|PST.3PL
LX-4c1e9289d6	נִחַר	NIFAL	hewiktionary	SILVER	1	0.1111	PST.1SG|PST.2MSG|PST.2FSG|PST.3FSG|PST.1PL|PST.2MPL|PST.2FPL|PST.3PL
LX-fce425f1c8	נִחָר	NIFAL	hewiktionary	QUESTIONABLE	1	0.1111	PST.1SG|PST.2MSG|PST.2FSG|PST.3FSG|PST.1PL|PST.2MPL|PST.2FPL|PST.3PL
LX-6cdf5567e7	גִּנְדֵּר	PIEL	hewiktionary	SILVER	1	0.1111	PST.1SG|PST.2MSG|PST.2FSG|PST.3FSG|PST.1PL|PST.2MPL|PST.2FPL|PST.3PL
LX-0e7b45ec35	נֶחֱרָה	NIFAL	hewiktionary	QUESTIONABLE	1	0.1111	PST.1SG|PST.2MSG|PST.2FSG|PST.3FSG|PST.1PL|PST.2MPL|PST.2FPL|PST.3PL
LX-fa3824b51c	הִצְחִין	HIFIL	hewiktionary	SILVER	1	0.1111	PST.1SG|PST.2MSG|PST.2FSG|PST.3FSG|PST.1PL|PST.2MPL|PST.2FPL|PST.3PL
LX-92bc84e393	הִבְרִיק	HIFIL	hewiktionary	SILVER	1	0.1111	PST.1SG|PST.2MSG|PST.2FSG|PST.3FSG|PST.1PL|PST.2MPL|PST.2FPL|PST.3PL
LX-cb5eb43491	כִּתֵּב	PIEL	hewiktionary	SILVER	9	1.0	
LX-a1730da6ca	כֻּתַּב	PUAL	hewiktionary	SILVER	9	1.0	
LX-14e5e6e90a	נוֹכַח	NIFAL	hewiktionary	QUESTIONABLE	1	0.1111	PST.1SG|PST.2MSG|PST.2FSG|PST.3FSG|PST.1PL|PST.2MPL|PST.2FPL|PST.3PL
LX-b3b473cfae	יִדָּה	PIEL	hewiktionary	SILVER	1	0.1111	PST.1SG|PST.2MSG|PST.2FSG|PST.3FSG|PST.1PL|PST.2MPL|PST.2FPL|PST.3PL
LX-6d3dc28ce6	טִיֵּט	PIEL	hewiktionary	SILVER	1	0.1111	PST.1SG|PST.2MSG|PST.2FSG|PST.3FSG|PST.1PL|PST.2MPL|PST.2FPL|PST.3PL
LX-732163575a	רִחֵם	PIEL	hewiktionary	SILVER	1	0.1111	PST.1SG|PST.2MSG|PST.2FSG|PST.3FSG|PST.1PL|PST.2MPL|PST.2FPL|PST.3PL
LX-57b5b1e565	רֻחַם	PUAL	hewiktionary	SILVER	1	0.1111	PST.1SG|PST.2MSG|PST.2FSG|PST.3FSG|PST.1PL|PST.2MPL|PST.2FPL|PST.3PL
LX-b6f5646b01	יָפָה	PAAL	hewiktionary	SILVER	1	0.1111	PST.1SG|PST.2MSG|PST.2FSG|PST.3FSG|PST.1PL|PST.2MPL|PST.2FPL|PST.3PL
LX-41b06d7ac9	יִפָּה	PIEL	hewiktionary	SILVER	1	0.1111	PST.1SG|PST.2MSG|PST.2FSG|PST.3FSG|PST.1PL|PST.2MPL|PST.2FPL|PST.3PL
LX-c58f54caa0	כָּפַר	PAAL	hewiktionary	SILVER	1	0.1111	PST.1SG|PST.2MSG|PST.2FSG|PST.3FSG|PST.1PL|PST.2MPL|PST.2FPL|PST.3PL
LX-6f2704c2f9	קִמַּח	PIEL	hewiktionary	SILVER	1	0.1111	PST.1SG|PST.2MSG|PST.2FSG|PST.3FSG|PST.1PL|PST.2MPL|PST.2FPL|PST.3PL
LX-5188ce8d1c	קָרַם	PAAL	hewiktionary	SILVER	1	0.1111	PST.1SG|PST.2MSG|PST.2FSG|PST.3FSG|PST.1PL|PST.2MPL|PST.2FPL|PST.3PL
LX-6792786ac2	טֹעַן	PUAL	hewiktionary	SILVER	1	0.1111	PST.1SG|PST.2MSG|PST.2FSG|PST.3FSG|PST.1PL|PST.2MPL|PST.2FPL|PST.3PL
LX-e0d840c9d5	שִׁכְנֵעַ	PIEL	hewiktionary	SILVER	1	0.1111	PST.1SG|PST.2MSG|PST.2FSG|PST.3FSG|PST.1PL|PST.2MPL|PST.2FPL|PST.3PL
LX-f7cae61930	קָרַס	PAAL	hewiktionary	SILVER	1	0.1111	PST.1SG|PST.2MSG|PST.2FSG|PST.3FSG|PST.1PL|PST.2MPL|PST.2FPL|PST.3PL
LX-520ff82886	אָדַק	PAAL	hewiktionary	SILVER	1	0.1111	PST.1SG|PST.2MSG|PST.2FSG|PST.3FSG|PST.1PL|PST.2MPL|PST.2FPL|PST.3PL
LX-6e4e5fd3a0	נִוֵּט	PIEL	hewiktionary	SILVER	1	0.1111	PST.1SG|PST.2MSG|PST.2FSG|PST.3FSG|PST.1PL|PST.2MPL|PST.2FPL|PST.3PL
LX-6746922790	צִלְצֵל	PIEL	hewiktionary	SILVER	1	0.1111	PST.1SG|PST.2MSG|PST.2FSG|PST.3FSG|PST.1PL|PST.2MPL|PST.2FPL|PST.3PL
LX-2fff4c700e	סָפַן	PAAL	hewiktionary	SILVER	1	0.1111	PST.1SG|PST.2MSG|PST.2FSG|PST.3FSG|PST.1PL|PST.2MPL|PST.2FPL|PST.3PL
LX-f41aac3623	פִּקֵּחַ	PIEL	hewiktionary	SILVER	1	0.1111	PST.1SG|PST.2MSG|PST.2FSG|PST.3FSG|PST.1PL|PST.2MPL|PST.2FPL|PST.3PL
LX-4cf36bb702	פֻּקַּח	PUAL	hewiktionary	SILVER	1	0.1111	PST.1SG|PST.2MSG|PST.2FSG|PST.3FSG|PST.1PL|PST.2MPL|PST.2FPL|PST.3PL
LX-cc3f2398fd	פִּלַּח	PIEL	hewiktionary	QUESTIONABLE	1	0.1111	PST.1SG|PST.2MSG|PST.2FSG|PST.3FSG|PST.1PL|PST.2MPL|PST.2FPL|PST.3PL
LX-2dd2a5ba7e	פֻּלַּח	PUAL	hewiktionary	SILVER	1	0.1111	PST.1SG|PST.2MSG|PST.2FSG|PST.3FSG|PST.1PL|PST.2MPL|PST.2FPL|PST.3PL
LX-97086b4118	פָּלַח	PAAL	hewiktionary	SILVER	1	0.1111	PST.1SG|PST.2MSG|PST.2FSG|PST.3FSG|PST.1PL|PST.2MPL|PST.2FPL|PST.3PL
LX-b8c9b0da56	פִלֵּחַ	PIEL	hewiktionary	QUESTIONABLE	1	0.1111	PST.1SG|PST.2MSG|PST.2FSG|PST.3FSG|PST.1PL|PST.2MPL|PST.2FPL|PST.3PL
LX-ac32d7cc7c	עִלְעֵל	PIEL	hewiktionary	SILVER	1	0.1111	PST.1SG|PST.2MSG|PST.2FSG|PST.3FSG|PST.1PL|PST.2MPL|PST.2FPL|PST.3PL
LX-9e776bfd15	הָרָה	PAAL	hewiktionary	SILVER	1	0.1111	PST.1SG|PST.2MSG|PST.2FSG|PST.3FSG|PST.1PL|PST.2MPL|PST.2FPL|PST.3PL
LX-1672fe566f	שִׁקֵּם	PIEL	hewiktionary	SILVER	1	0.1111	PST.1SG|PST.2MSG|PST.2FSG|PST.3FSG|PST.1PL|PST.2MPL|PST.2FPL|PST.3PL
LX-02d90973fa	שֻׁקַּם	PUAL	hewiktionary	SILVER	1	0.1111	PST.1SG|PST.2MSG|PST.2FSG|PST.3FSG|PST.1PL|PST.2MPL|PST.2FPL|PST.3PL
LX-ffe0ad4a12	הָם	PAAL	hewiktionary	SILVER	1	0.1111	PST.1SG|PST.2MSG|PST.2FSG|PST.3FSG|PST.1PL|PST.2MPL|PST.2FPL|PST.3PL
LX-5165dbc0e1	אָנָה	PAAL	hewiktionary	SILVER	1	0.1111	PST.1SG|PST.2MSG|PST.2FSG|PST.3FSG|PST.1PL|PST.2MPL|PST.2FPL|PST.3PL
LX-6b007d8346	אִנָּה	PIEL	hewiktionary	SILVER	1	0.1111	PST.1SG|PST.2MSG|PST.2FSG|PST.3FSG|PST.1PL|PST.2MPL|PST.2FPL|PST.3PL
LX-5a63c864d1	אֻנָּה	PUAL	hewiktionary	SILVER	1	0.1111	PST.1SG|PST.2MSG|PST.2FSG|PST.3FSG|PST.1PL|PST.2MPL|PST.2FPL|PST.3PL
LX-10a9586b11	יָקַר	PAAL	hewiktionary	SILVER	1	0.1111	PST.1SG|PST.2MSG|PST.2FSG|PST.3FSG|PST.1PL|PST.2MPL|PST.2FPL|PST.3PL
LX-17d53a6f2d	יִקֵּר	PIEL	hewiktionary	SILVER	1	0.1111	PST.1SG|PST.2MSG|PST.2FSG|PST.3FSG|PST.1PL|PST.2MPL|PST.2FPL|PST.3PL
LX-84db811ddf	חָנַן	PAAL	hewiktionary	SILVER	1	0.1111	PST.1SG|PST.2MSG|PST.2FSG|PST.3FSG|PST.1PL|PST.2MPL|PST.2FPL|PST.3PL
LX-5ec86f97dc	דִּיֵּג	PIEL	hewiktionary	SILVER	1	0.1111	PST.1SG|PST.2MSG|PST.2FSG|PST.3FSG|PST.1PL|PST.2MPL|PST.2FPL|PST.3PL
LX-f255e1421b	גָּבַהּ	PAAL	hewiktionary	QUESTIONABLE	1	0.1111	PST.1SG|PST.2MSG|PST.2FSG|PST.3FSG|PST.1PL|PST.2MPL|PST.2FPL|PST.3PL
LX-266b66b86d	גָּבָה	PAAL	hewiktionary	QUESTIONABLE	1	0.1111	PST.1SG|PST.2MSG|PST.2FSG|PST.3FSG|PST.1PL|PST.2MPL|PST.2FPL|PST.3PL
LX-ce1266e7b3	שָׁרַץ	PAAL	hewiktionary	SILVER	1	0.1111	PST.1SG|PST.2MSG|PST.2FSG|PST.3FSG|PST.1PL|PST.2MPL|PST.2FPL|PST.3PL
LX-4ccfe04128	כָּלַל	PAAL	hewiktionary	SILVER	1	0.1111	PST.1SG|PST.2MSG|PST.2FSG|PST.3FSG|PST.1PL|PST.2MPL|PST.2FPL|PST.3PL
LX-c8c2d27820	סָקַר	PAAL	hewiktionary	SILVER	1	0.1111	PST.1SG|PST.2MSG|PST.2FSG|PST.3FSG|PST.1PL|PST.2MPL|PST.2FPL|PST.3PL
LX-a57e197fe9	סִקֵּר	PIEL	hewiktionary	SILVER	1	0.1111	PST.1SG|PST.2MSG|PST.2FSG|PST.3FSG|PST.1PL|PST.2MPL|PST.2FPL|PST.3PL
LX-fd041d639d	סֻקַּר	PUAL	hewiktionary	SILVER	1	0.1111	PST.1SG|PST.2MSG|PST.2FSG|PST.3FSG|PST.1PL|PST.2MPL|PST.2FPL|PST.3PL
LX-97cb1e36a9	זִלְזֵל	PIEL	hewiktionary	SILVER	1	0.1111	PST.1SG|PST.2MSG|PST.2FSG|PST.3FSG|PST.1PL|PST.2MPL|PST.2FPL|PST.3PL
LX-1d652b9931	חִתֵּן	PIEL	hewiktionary	SILVER	1	0.1111	PST.1SG|PST.2MSG|PST.2FSG|PST.3FSG|PST.1PL|PST.2MPL|PST.2FPL|PST.3PL
LX-8e0c9e0a42	חָפַף	PAAL	hewiktionary	SILVER	1	0.1111	PST.1SG|PST.2MSG|PST.2FSG|PST.3FSG|PST.1PL|PST.2MPL|PST.2FPL|PST.3PL
LX-f413ddef96	חִפֵף	PIEL	hewiktionary	SILVER	1	0.1111	PST.1SG|PST.2MSG|PST.2FSG|PST.3FSG|PST.1PL|PST.2MPL|PST.2FPL|PST.3PL
LX-415be95ffe	זָמַם	PAAL	hewiktionary	SILVER	1	0.1111	PST.1SG|PST.2MSG|PST.2FSG|PST.3FSG|PST.1PL|PST.2MPL|PST.2FPL|PST.3PL
LX-d99038dde9	וִלֵּן	PIEL	hewiktionary	SILVER	1	0.1111	PST.1SG|PST.2MSG|PST.2FSG|PST.3FSG|PST.1PL|PST.2MPL|PST.2FPL|PST.3PL
LX-e0150c9798	בִּיֵּשׁ	PIEL	hewiktionary	QUESTIONABLE	1	0.1111	PST.1SG|PST.2MSG|PST.2FSG|PST.3FSG|PST.1PL|PST.2MPL|PST.2FPL|PST.3PL
LX-aa8433cbe1	בֻּיַּשׁ	PUAL	hewiktionary	SILVER	1	0.1111	PST.1SG|PST.2MSG|PST.2FSG|PST.3FSG|PST.1PL|PST.2MPL|PST.2FPL|PST.3PL
LX-17df7e8c74	נוֹרָא	NIFAL	hewiktionary	SILVER	1	0.1111	PST.1SG|PST.2MSG|PST.2FSG|PST.3FSG|PST.1PL|PST.2MPL|PST.2FPL|PST.3PL
LX-478c74b8d5	נוֹאַל	NIFAL	hewiktionary	SILVER	1	0.1111	PST.1SG|PST.2MSG|PST.2FSG|PST.3FSG|PST.1PL|PST.2MPL|PST.2FPL|PST.3PL
LX-c83c8885b8	עַד	PAAL	hewiktionary	SILVER	1	0.1111	PST.1SG|PST.2MSG|PST.2FSG|PST.3FSG|PST.1PL|PST.2MPL|PST.2FPL|PST.3PL
LX-2e993d47ed	צָהַל	PAAL	hewiktionary	SILVER	1	0.1111	PST.1SG|PST.2MSG|PST.2FSG|PST.3FSG|PST.1PL|PST.2MPL|PST.2FPL|PST.3PL
LX-01921fbe78	שִׂמֵּחַ	PIEL	hewiktionary	SILVER	1	0.1111	PST.1SG|PST.2MSG|PST.2FSG|PST.3FSG|PST.1PL|PST.2MPL|PST.2FPL|PST.3PL
LX-f481a46abc	שֻׂמַּח	PUAL	hewiktionary	SILVER	1	0.1111	PST.1SG|PST.2MSG|PST.2FSG|PST.3FSG|PST.1PL|PST.2MPL|PST.2FPL|PST.3PL
LX-9c9c09b71d	יָעַד	PAAL	hewiktionary	SILVER	1	0.1111	PST.1SG|PST.2MSG|PST.2FSG|PST.3FSG|PST.1PL|PST.2MPL|PST.2FPL|PST.3PL
LX-2a17bbf756	תִּמֵּד	PIEL	hewiktionary	SILVER	1	0.1111	PST.1SG|PST.2MSG|PST.2FSG|PST.3FSG|PST.1PL|PST.2MPL|PST.2FPL|PST.3PL
LX-ac2df4b35c	סָרַט	PAAL	hewiktionary	SILVER	1	0.1111	PST.1SG|PST.2MSG|PST.2FSG|PST.3FSG|PST.1PL|PST.2MPL|PST.2FPL|PST.3PL
LX-110651b1a1	רָשַׁע	PAAL	hewiktionary	SILVER	1	0.1111	PST.1SG|PST.2MSG|PST.2FSG|PST.3FSG|PST.1PL|PST.2MPL|PST.2FPL|PST.3PL
LX-4f2456d201	נָזָה	PAAL	hewiktionary	SILVER	1	0.1111	PST.1SG|PST.2MSG|PST.2FSG|PST.3FSG|PST.1PL|PST.2MPL|PST.2FPL|PST.3PL
LX-356e543bb4	צִוָּה	PIEL	hewiktionary	SILVER	1	0.1111	PST.1SG|PST.2MSG|PST.2FSG|PST.3FSG|PST.1PL|PST.2MPL|PST.2FPL|PST.3PL
LX-b35ca9314d	פִּרְנֵס	PIEL	hewiktionary	SILVER	1	0.1111	PST.1SG|PST.2MSG|PST.2FSG|PST.3FSG|PST.1PL|PST.2MPL|PST.2FPL|PST.3PL
LX-b908ea16e9	שָׂרַר	PAAL	hewiktionary	SILVER	1	0.1111	PST.1SG|PST.2MSG|PST.2FSG|PST.3FSG|PST.1PL|PST.2MPL|PST.2FPL|PST.3PL
LX-c47ecb504e	הִסְכִּית	HIFIL	hewiktionary	SILVER	1	0.1111	PST.1SG|PST.2MSG|PST.2FSG|PST.3FSG|PST.1PL|PST.2MPL|PST.2FPL|PST.3PL
LX-12df7a26ad	הִשְׁלִישׁ	HIFIL	hewiktionary	SILVER	1	0.1111	PST.1SG|PST.2MSG|PST.2FSG|PST.3FSG|PST.1PL|PST.2MPL|PST.2FPL|PST.3PL
LX-5eee8f558b	קָפַח	PAAL	hewiktionary	SILVER	1	0.1111	PST.1SG|PST.2MSG|PST.2FSG|PST.3FSG|PST.1PL|PST.2MPL|PST.2FPL|PST.3PL
LX-19250d96c6	קִפֵּחַ	PIEL	hewiktionary	SILVER	1	0.1111	PST.1SG|PST.2MSG|PST.2FSG|PST.3FSG|PST.1PL|PST.2MPL|PST.2FPL|PST.3PL
LX-831fcdca32	יָקַד	PAAL	hewiktionary	SILVER	1	0.1111	PST.1SG|PST.2MSG|PST.2FSG|PST.3FSG|PST.1PL|PST.2MPL|PST.2FPL|PST.3PL
LX-9e452d4a5a	שְׁפִּכְטֵל	PIEL	hewiktionary	SILVER	1	0.1111	PST.1SG|PST.2MSG|PST.2FSG|PST.3FSG|PST.1PL|PST.2MPL|PST.2FPL|PST.3PL
LX-945bba3113	שְׁפֻּכְטַל	PUAL	hewiktionary	SILVER	1	0.1111	PST.1SG|PST.2MSG|PST.2FSG|PST.3FSG|PST.1PL|PST.2MPL|PST.2FPL|PST.3PL
LX-2ef9acc397	לַק	PAAL	hewiktionary	SILVER	1	0.1111	PST.1SG|PST.2MSG|PST.2FSG|PST.3FSG|PST.1PL|PST.2MPL|PST.2FPL|PST.3PL
LX-21d17ae65e	דִקְלֵם	PIEL	hewiktionary	SILVER	1	0.1111	PST.1SG|PST.2MSG|PST.2FSG|PST.3FSG|PST.1PL|PST.2MPL|PST.2FPL|PST.3PL
LX-e5ce829881	שָׁעָה	PAAL	hewiktionary	SILVER	1	0.1111	PST.1SG|PST.2MSG|PST.2FSG|PST.3FSG|PST.1PL|PST.2MPL|PST.2FPL|PST.3PL
LX-9dd8936324	הִתְאַרְגְמֵן	HITPAEL	hewiktionary	SILVER	1	0.1111	PST.1SG|PST.2MSG|PST.2FSG|PST.3FSG|PST.1PL|PST.2MPL|PST.2FPL|PST.3PL
LX-fe978c2c9b	שִׁעַטְנֵז	PIEL	hewiktionary	SILVER	1	0.1111	PST.1SG|PST.2MSG|PST.2FSG|PST.3FSG|PST.1PL|PST.2MPL|PST.2FPL|PST.3PL
LX-c8f963e176	כִּשֵּׁף	PIEL	hewiktionary	SILVER	1	0.1111	PST.1SG|PST.2MSG|PST.2FSG|PST.3FSG|PST.1PL|PST.2MPL|PST.2FPL|PST.3PL
LX-37a9ceddd8	הִתְכְּחַלְחֵל	HITPAEL	hewiktionary	SILVER	1	0.1111	PST.1SG|PST.2MSG|PST.2FSG|PST.3FSG|PST.1PL|PST.2MPL|PST.2FPL|PST.3PL
LX-b1442b2e85	צִנְתֵּר	PIEL	hewiktionary	SILVER	1	0.1111	PST.1SG|PST.2MSG|PST.2FSG|PST.3FSG|PST.1PL|PST.2MPL|PST.2FPL|PST.3PL
LX-31973e20e7	גָּהָה	PAAL	hewiktionary	SILVER	1	0.1111	PST.1SG|PST.2MSG|PST.2FSG|PST.3FSG|PST.1PL|PST.2MPL|PST.2FPL|PST.3PL
LX-768bbfb9a6	הִשְׁתְּמַנְמֵן	HITPAEL	hewiktionary	SILVER	1	0.1111	PST.1SG|PST.2MSG|PST.2FSG|PST.3FSG|PST.1PL|PST.2MPL|PST.2FPL|PST.3PL
LX-eaf1a885d0	הִתְכְּלַבְלֵב	HITPAEL	hewiktionary	SILVER	1	0.1111	PST.1SG|PST.2MSG|PST.2FSG|PST.3FSG|PST.1PL|PST.2MPL|PST.2FPL|PST.3PL
LX-59b9ddbeaf	הִתְקְטַנְטֵן	HITPAEL	hewiktionary	SILVER	1	0.1111	PST.1SG|PST.2MSG|PST.2FSG|PST.3FSG|PST.1PL|PST.2MPL|PST.2FPL|PST.3PL
LX-3321ed80a2	הִשְׁתְּפַנְפֵן	HITPAEL	hewiktionary	SILVER	1	0.1111	PST.1SG|PST.2MSG|PST.2FSG|PST.3FSG|PST.1PL|PST.2MPL|PST.2FPL|PST.3PL
LX-242bdf81ed	שְׁמִרְטֵף	PIEL	hewiktionary	SILVER	1	0.1111	PST.1SG|PST.2MSG|PST.2FSG|PST.3FSG|PST.1PL|PST.2MPL|PST.2FPL|PST.3PL
LX-495fa9ea5d	סָדַר	PAAL	hewiktionary	SILVER	1	0.1111	PST.1SG|PST.2MSG|PST.2FSG|PST.3FSG|PST.1PL|PST.2MPL|PST.2FPL|PST.3PL
LX-8a6f1e7cdb	אִנְדֵקְס	PIEL	hewiktionary	SILVER	1	0.1111	PST.1SG|PST.2MSG|PST.2FSG|PST.3FSG|PST.1PL|PST.2MPL|PST.2FPL|PST.3PL
LX-c88fdb60c9	אֻנְדַקְס	PUAL	hewiktionary	SILVER	1	0.1111	PST.1SG|PST.2MSG|PST.2FSG|PST.3FSG|PST.1PL|PST.2MPL|PST.2FPL|PST.3PL
LX-016e35ef6b	בִּתֵּר	PIEL	hewiktionary	SILVER	1	0.1111	PST.1SG|PST.2MSG|PST.2FSG|PST.3FSG|PST.1PL|PST.2MPL|PST.2FPL|PST.3PL
LX-5ef157ccc5	דִּרְדֵּר	PIEL	hewiktionary	SILVER	1	0.1111	PST.1SG|PST.2MSG|PST.2FSG|PST.3FSG|PST.1PL|PST.2MPL|PST.2FPL|PST.3PL
LX-23fa5d0e0f	נִרְגַּן	NIFAL	hewiktionary	SILVER	1	0.1111	PST.1SG|PST.2MSG|PST.2FSG|PST.3FSG|PST.1PL|PST.2MPL|PST.2FPL|PST.3PL
LX-c2e532cd4c	כִּנֵּן	PIEL	hewiktionary	SILVER	1	0.1111	PST.1SG|PST.2MSG|PST.2FSG|PST.3FSG|PST.1PL|PST.2MPL|PST.2FPL|PST.3PL
LX-a07840d54f	חִנֵּק	PIEL	hewiktionary	SILVER	1	0.1111	PST.1SG|PST.2MSG|PST.2FSG|PST.3FSG|PST.1PL|PST.2MPL|PST.2FPL|PST.3PL
LX-fbb2ec3f9e	קִרְקֵשׁ	PIEL	hewiktionary	SILVER	1	0.1111	PST.1SG|PST.2MSG|PST.2FSG|PST.3FSG|PST.1PL|PST.2MPL|PST.2FPL|PST.3PL
LX-67d47b1912	זֵרֵז	PIEL	hewiktionary	SILVER	1	0.1111	PST.1SG|PST.2MSG|PST.2FSG|PST.3FSG|PST.1PL|PST.2MPL|PST.2FPL|PST.3PL
LX-1258bcb92f	הִתְנַפֵּץ	HITPAEL	hewiktionary	SILVER	1	0.1111	PST.1SG|PST.2MSG|PST.2FSG|PST.3FSG|PST.1PL|PST.2MPL|PST.2FPL|PST.3PL
LX-5db7575c1e	הִגְלִיד	HIFIL	hewiktionary	SILVER	1	0.1111	PST.1SG|PST.2MSG|PST.2FSG|PST.3FSG|PST.1PL|PST.2MPL|PST.2FPL|PST.3PL
LX-7f3a120838	הִתְעַצֵּם	HITPAEL	hewiktionary	SILVER	1	0.1111	PST.1SG|PST.2MSG|PST.2FSG|PST.3FSG|PST.1PL|PST.2MPL|PST.2FPL|PST.3PL
LX-e0aa780ea2	פָּעַם	PAAL	hewiktionary	SILVER	1	0.1111	PST.1SG|PST.2MSG|PST.2FSG|PST.3FSG|PST.1PL|PST.2MPL|PST.2FPL|PST.3PL
LX-02f6302967	פִּעֵם	PIEL	hewiktionary	SILVER	1	0.1111	PST.1SG|PST.2MSG|PST.2FSG|PST.3FSG|PST.1PL|PST.2MPL|PST.2FPL|PST.3PL
LX-e2709500a3	רָעַם	PAAL	hewiktionary	SILVER	1	0.1111	PST.1SG|PST.2MSG|PST.2FSG|PST.3FSG|PST.1PL|PST.2MPL|PST.2FPL|PST.3PL
LX-bcbe5be945	טָרַח	PAAL	hewiktionary	SILVER	1	0.1111	PST.1SG|PST.2MSG|PST.2FSG|PST.3FSG|PST.1PL|PST.2MPL|PST.2FPL|PST.3PL
LX-1fadb7cebf	אָלָה	PAAL	hewiktionary	SILVER	1	0.1111	PST.1SG|PST.2MSG|PST.2FSG|PST.3FSG|PST.1PL|PST.2MPL|PST.2FPL|PST.3PL
LX-4fb4ced786	רָהַב	PAAL	hewiktionary	SILVER	1	0.1111	PST.1SG|PST.2MSG|PST.2FSG|PST.3FSG|PST.1PL|PST.2MPL|PST.2FPL|PST.3PL
LX-c701cfd115	רָפַס	PAAL	hewiktionary	SILVER	1	0.1111	PST.1SG|PST.2MSG|PST.2FSG|PST.3FSG|PST.1PL|PST.2MPL|PST.2FPL|PST.3PL
LX-8bd3ba1863	הִתְרַפֵּס	HITPAEL	hewiktionary	SILVER	1	0.1111	PST.1SG|PST.2MSG|PST.2FSG|PST.3FSG|PST.1PL|PST.2MPL|PST.2FPL|PST.3PL
LX-ae655dd671	נָמוֹג	NIFAL	hewiktionary	SILVER	1	0.1111	PST.1SG|PST.2MSG|PST.2FSG|PST.3FSG|PST.1PL|PST.2MPL|PST.2FPL|PST.3PL
LX-478cc2820c	כָּנַף	PAAL	hewiktionary	SILVER	1	0.1111	PST.1SG|PST.2MSG|PST.2FSG|PST.3FSG|PST.1PL|PST.2MPL|PST.2FPL|PST.3PL
LX-12d5da50cd	וִדֵּא	PIEL	hewiktionary	SILVER	1	0.1111	PST.1SG|PST.2MSG|PST.2FSG|PST.3FSG|PST.1PL|PST.2MPL|PST.2FPL|PST.3PL
LX-319205074e	נִהֵג	PIEL	hewiktionary	SILVER	1	0.1111	PST.1SG|PST.2MSG|PST.2FSG|PST.3FSG|PST.1PL|PST.2MPL|PST.2FPL|PST.3PL
LX-f7cedab952	הָדַר	PAAL	hewiktionary	SILVER	1	0.1111	PST.1SG|PST.2MSG|PST.2FSG|PST.3FSG|PST.1PL|PST.2MPL|PST.2FPL|PST.3PL
LX-82d47680c7	הִדֵּר	PIEL	hewiktionary	SILVER	1	0.1111	PST.1SG|PST.2MSG|PST.2FSG|PST.3FSG|PST.1PL|PST.2MPL|PST.2FPL|PST.3PL
LX-7c885b5a2e	שורש	HUFAL	hewiktionary	QUESTIONABLE	1	0.1111	PST.1SG|PST.2MSG|PST.2FSG|PST.3FSG|PST.1PL|PST.2MPL|PST.2FPL|PST.3PL
LX-b794194e73	נִתֵּק	PIEL	hewiktionary	SILVER	1	0.1111	PST.1SG|PST.2MSG|PST.2FSG|PST.3FSG|PST.1PL|PST.2MPL|PST.2FPL|PST.3PL
LX-8b502f003f	נִתַּק	NIFAL	hewiktionary	SILVER	1	0.1111	PST.1SG|PST.2MSG|PST.2FSG|PST.3FSG|PST.1PL|PST.2MPL|PST.2FPL|PST.3PL
LX-c6c73931ee	כָּס	PAAL	hewiktionary	SILVER	1	0.1111	PST.1SG|PST.2MSG|PST.2FSG|PST.3FSG|PST.1PL|PST.2MPL|PST.2FPL|PST.3PL
LX-99d77b9f79	צָלַח	PAAL	hewiktionary	SILVER	1	0.1111	PST.1SG|PST.2MSG|PST.2FSG|PST.3FSG|PST.1PL|PST.2MPL|PST.2FPL|PST.3PL
LX-2dd7572987	נָקַף	PAAL	hewiktionary	SILVER	1	0.1111	PST.1SG|PST.2MSG|PST.2FSG|PST.3FSG|PST.1PL|PST.2MPL|PST.2FPL|PST.3PL
LX-97fe389386	נִקֵּף	PIEL	hewiktionary	SILVER	1	0.1111	PST.1SG|PST.2MSG|PST.2FSG|PST.3FSG|PST.1PL|PST.2MPL|PST.2FPL|PST.3PL
LX-d22a47a998	טָפַל	PAAL	hewiktionary	SILVER	1	0.1111	PST.1SG|PST.2MSG|PST.2FSG|PST.3FSG|PST.1PL|PST.2MPL|PST.2FPL|PST.3PL
LX-dabb7f3444	נִפְלָא	NIFAL	hewiktionary	SILVER	1	0.1111	PST.1SG|PST.2MSG|PST.2FSG|PST.3FSG|PST.1PL|PST.2MPL|PST.2FPL|PST.3PL
LX-3a2404c54d	רֻבַּב	PUAL	hewiktionary	SILVER	1	0.1111	PST.1SG|PST.2MSG|PST.2FSG|PST.3FSG|PST.1PL|PST.2MPL|PST.2FPL|PST.3PL
LX-ac34343e74	רִבֵּב	PIEL	hewiktionary	SILVER	1	0.1111	PST.1SG|PST.2MSG|PST.2FSG|PST.3FSG|PST.1PL|PST.2MPL|PST.2FPL|PST.3PL
LX-835c99280f	זָקַר	PAAL	hewiktionary	SILVER	1	0.1111	PST.1SG|PST.2MSG|PST.2FSG|PST.3FSG|PST.1PL|PST.2MPL|PST.2FPL|PST.3PL
LX-20bc2d1777	נִזְקַר	NIFAL	hewiktionary	SILVER	1	0.1111	PST.1SG|PST.2MSG|PST.2FSG|PST.3FSG|PST.1PL|PST.2MPL|PST.2FPL|PST.3PL
LX-a7b146f64f	הִזְדַקֵּר	HITPAEL	hewiktionary	SILVER	1	0.1111	PST.1SG|PST.2MSG|PST.2FSG|PST.3FSG|PST.1PL|PST.2MPL|PST.2FPL|PST.3PL
LX-f50f95b1c3	כִּיֵּר	PIEL	hewiktionary	SILVER	1	0.1111	PST.1SG|PST.2MSG|PST.2FSG|PST.3FSG|PST.1PL|PST.2MPL|PST.2FPL|PST.3PL
LX-6be4599cf0	הִבְלִיחַ	HIFIL	hewiktionary	SILVER	1	0.1111	PST.1SG|PST.2MSG|PST.2FSG|PST.3FSG|PST.1PL|PST.2MPL|PST.2FPL|PST.3PL
LX-2de9ce6a99	כָּזַב	PAAL	hewiktionary	SILVER	1	0.1111	PST.1SG|PST.2MSG|PST.2FSG|PST.3FSG|PST.1PL|PST.2MPL|PST.2FPL|PST.3PL
LX-d5938fa4a1	צִ	PIEL	hewiktionary	QUESTIONABLE	1	0.1111	PST.1SG|PST.2MSG|PST.2FSG|PST.3FSG|PST.1PL|PST.2MPL|PST.2FPL|PST.3PL
LX-2cca5b2c4c	בּוֹשֵׁשׁ	PIEL	hewiktionary	QUESTIONABLE	1	0.1111	PST.1SG|PST.2MSG|PST.2FSG|PST.3FSG|PST.1PL|PST.2MPL|PST.2FPL|PST.3PL
LX-43ed367f7f	צָץ	PAAL	hewiktionary	SILVER	1	0.1111	PST.1SG|PST.2MSG|PST.2FSG|PST.3FSG|PST.1PL|PST.2MPL|PST.2FPL|PST.3PL
LX-5cad26b51a	סַף	PAAL	hewiktionary	SILVER	1	0.1111	PST.1SG|PST.2MSG|PST.2FSG|PST.3FSG|PST.1PL|PST.2MPL|PST.2FPL|PST.3PL
LX-4090478e1d	צָפַד	PAAL	hewiktionary	SILVER	1	0.1111	PST.1SG|PST.2MSG|PST.2FSG|PST.3FSG|PST.1PL|PST.2MPL|PST.2FPL|PST.3PL
LX-75c2e74650	עָמַל	PAAL	hewiktionary	SILVER	1	0.1111	PST.1SG|PST.2MSG|PST.2FSG|PST.3FSG|PST.1PL|PST.2MPL|PST.2FPL|PST.3PL
LX-d3e33d21d1	שִׁכֵּן	PIEL	hewiktionary	SILVER	1	0.1111	PST.1SG|PST.2MSG|PST.2FSG|PST.3FSG|PST.1PL|PST.2MPL|PST.2FPL|PST.3PL
LX-bc3f744848	גֵּאֵל	PIEL	hewiktionary	SILVER	1	0.1111	PST.1SG|PST.2MSG|PST.2FSG|PST.3FSG|PST.1PL|PST.2MPL|PST.2FPL|PST.3PL
LX-e2034b9348	הֵנִיעַ	HIFIL	hewiktionary	SILVER	1	0.1111	PST.1SG|PST.2MSG|PST.2FSG|PST.3FSG|PST.1PL|PST.2MPL|PST.2FPL|PST.3PL
LX-548f1a67ca	נִדְנֵד	PIEL	hewiktionary	SILVER	1	0.1111	PST.1SG|PST.2MSG|PST.2FSG|PST.3FSG|PST.1PL|PST.2MPL|PST.2FPL|PST.3PL
LX-c887f970ea	תָּשַׁשׁ	PAAL	hewiktionary	SILVER	1	0.1111	PST.1SG|PST.2MSG|PST.2FSG|PST.3FSG|PST.1PL|PST.2MPL|PST.2FPL|PST.3PL
LX-a611ede711	אִתֵּר	PIEL	hewiktionary	SILVER	1	0.1111	PST.1SG|PST.2MSG|PST.2FSG|PST.3FSG|PST.1PL|PST.2MPL|PST.2FPL|PST.3PL
LX-50e94d69c7	כָּלָא	PAAL	hewiktionary	SILVER	1	0.1111	PST.1SG|PST.2MSG|PST.2FSG|PST.3FSG|PST.1PL|PST.2MPL|PST.2FPL|PST.3PL
LX-df3ce4c137	נָשַׁף	PAAL	hewiktionary	SILVER	1	0.1111	PST.1SG|PST.2MSG|PST.2FSG|PST.3FSG|PST.1PL|PST.2MPL|PST.2FPL|PST.3PL
LX-1bdb6bf8fc	פִּעֲנַח	PIEL	hewiktionary	SILVER	1	0.1111	PST.1SG|PST.2MSG|PST.2FSG|PST.3FSG|PST.1PL|PST.2MPL|PST.2FPL|PST.3PL
LX-37aaece110	דִּיֵּק	PIEL	hewiktionary	SILVER	1	0.1111	PST.1SG|PST.2MSG|PST.2FSG|PST.3FSG|PST.1PL|PST.2MPL|PST.2FPL|PST.3PL
LX-6a7a84c623	הֵעִיב	HIFIL	hewiktionary	SILVER	1	0.1111	PST.1SG|PST.2MSG|PST.2FSG|PST.3FSG|PST.1PL|PST.2MPL|PST.2FPL|PST.3PL
LX-4dcfd56317	גִרְבֵּץ	PIEL	hewiktionary	SILVER	1	0.1111	PST.1SG|PST.2MSG|PST.2FSG|PST.3FSG|PST.1PL|PST.2MPL|PST.2FPL|PST.3PL
LX-13dd0c6b62	סִתֵּם	PIEL	hewiktionary	SILVER	1	0.1111	PST.1SG|PST.2MSG|PST.2FSG|PST.3FSG|PST.1PL|PST.2MPL|PST.2FPL|PST.3PL
LX-72d779a025	כִּחֵשׁ	PIEL	hewiktionary	SILVER	1	0.1111	PST.1SG|PST.2MSG|PST.2FSG|PST.3FSG|PST.1PL|PST.2MPL|PST.2FPL|PST.3PL
LX-27ac435f46	הִשְׂבִּיעַ	HIFIL	hewiktionary	SILVER	1	0.1111	PST.1SG|PST.2MSG|PST.2FSG|PST.3FSG|PST.1PL|PST.2MPL|PST.2FPL|PST.3PL
LX-3bf0d5d5d4	הִשְׁבִּיעַ	HIFIL	hewiktionary	SILVER	1	0.1111	PST.1SG|PST.2MSG|PST.2FSG|PST.3FSG|PST.1PL|PST.2MPL|PST.2FPL|PST.3PL
LX-161a172042	הִדְאִיב	HIFIL	hewiktionary	SILVER	1	0.1111	PST.1SG|PST.2MSG|PST.2FSG|PST.3FSG|PST.1PL|PST.2MPL|PST.2FPL|PST.3PL
LX-f09e5ec94e	יָגֹר	PAAL	hewiktionary	SILVER	1	0.1111	PST.1SG|PST.2MSG|PST.2FSG|PST.3FSG|PST.1PL|PST.2MPL|PST.2FPL|PST.3PL
LX-3d066329f0	הִסְתַּמֵּא	HITPAEL	hewiktionary	SILVER	1	0.1111	PST.1SG|PST.2MSG|PST.2FSG|PST.3FSG|PST.1PL|PST.2MPL|PST.2FPL|PST.3PL
LX-9e25f7706e	הִכְחִיל	HIFIL	hewiktionary	SILVER	1	0.1111	PST.1SG|PST.2MSG|PST.2FSG|PST.3FSG|PST.1PL|PST.2MPL|PST.2FPL|PST.3PL
LX-db92ed3d7b	סִמֵּא	PIEL	hewiktionary	SILVER	1	0.1111	PST.1SG|PST.2MSG|PST.2FSG|PST.3FSG|PST.1PL|PST.2MPL|PST.2FPL|PST.3PL
LX-2bf48fb317	קוֹנֵן	PIEL	hewiktionary	SILVER	1	0.1111	PST.1SG|PST.2MSG|PST.2FSG|PST.3FSG|PST.1PL|PST.2MPL|PST.2FPL|PST.3PL
LX-a52a3aab56	סֻלָּא	PAAL	hewiktionary	QUESTIONABLE	1	0.1111	PST.1SG|PST.2MSG|PST.2FSG|PST.3FSG|PST.1PL|PST.2MPL|PST.2FPL|PST.3PL
LX-dc38b74b72	קוֹשֵׁשׁ	PIEL	hewiktionary	SILVER	1	0.1111	PST.1SG|PST.2MSG|PST.2FSG|PST.3FSG|PST.1PL|PST.2MPL|PST.2FPL|PST.3PL
LX-92e186d970	נִטְמַר	NIFAL	hewiktionary	SILVER	1	0.1111	PST.1SG|PST.2MSG|PST.2FSG|PST.3FSG|PST.1PL|PST.2MPL|PST.2FPL|PST.3PL
LX-6cefd8560f	נָדַם	NIFAL	hewiktionary	SILVER	1	0.1111	PST.1SG|PST.2MSG|PST.2FSG|PST.3FSG|PST.1PL|PST.2MPL|PST.2FPL|PST.3PL
LX-d916127d60	סִרְהֵב	PIEL	hewiktionary	SILVER	1	0.1111	PST.1SG|PST.2MSG|PST.2FSG|PST.3FSG|PST.1PL|PST.2MPL|PST.2FPL|PST.3PL
LX-156e3609cd	רָגַם	PAAL	hewiktionary	SILVER	1	0.1111	PST.1SG|PST.2MSG|PST.2FSG|PST.3FSG|PST.1PL|PST.2MPL|PST.2FPL|PST.3PL
LX-b0c4449b8b	אָהַהּ	PAAL	hewiktionary	SILVER	1	0.1111	PST.1SG|PST.2MSG|PST.2FSG|PST.3FSG|PST.1PL|PST.2MPL|PST.2FPL|PST.3PL
LX-78b6583db2	קִרְקֵר	PIEL	hewiktionary	SILVER	1	0.1111	PST.1SG|PST.2MSG|PST.2FSG|PST.3FSG|PST.1PL|PST.2MPL|PST.2FPL|PST.3PL
LX-b20385392f	חָנַב	PAAL	hewiktionary	SILVER	1	0.1111	PST.1SG|PST.2MSG|PST.2FSG|PST.3FSG|PST.1PL|PST.2MPL|PST.2FPL|PST.3PL
LX-17bdd84dfd	הִתְלַהְלֵהַּ	HITPAEL	hewiktionary	SILVER	1	0.1111	PST.1SG|PST.2MSG|PST.2FSG|PST.3FSG|PST.1PL|PST.2MPL|PST.2FPL|PST.3PL
LX-ccd30e0f4d	הֵמֵס	HIFIL	hewiktionary	SILVER	1	0.1111	PST.1SG|PST.2MSG|PST.2FSG|PST.3FSG|PST.1PL|PST.2MPL|PST.2FPL|PST.3PL
LX-6d1745425e	רָזַח	PAAL	hewiktionary	SILVER	1	0.1111	PST.1SG|PST.2MSG|PST.2FSG|PST.3FSG|PST.1PL|PST.2MPL|PST.2FPL|PST.3PL
LX-f4580ae92f	קָרַשׁ	PAAL	hewiktionary	SILVER	1	0.1111	PST.1SG|PST.2MSG|PST.2FSG|PST.3FSG|PST.1PL|PST.2MPL|PST.2FPL|PST.3PL
LX-506463b7be	צָעָה	PAAL	hewiktionary	SILVER	1	0.1111	PST.1SG|PST.2MSG|PST.2FSG|PST.3FSG|PST.1PL|PST.2MPL|PST.2FPL|PST.3PL
LX-4de31e0c1d	שָׁלֵו	PAAL	hewiktionary	SILVER	1	0.1111	PST.1SG|PST.2MSG|PST.2FSG|PST.3FSG|PST.1PL|PST.2MPL|PST.2FPL|PST.3PL
LX-fd5179a6af	הִסְתּוֹבֵב	HITPAEL	hewiktionary	QUESTIONABLE	1	0.1111	PST.1SG|PST.2MSG|PST.2FSG|PST.3FSG|PST.1PL|PST.2MPL|PST.2FPL|PST.3PL
LX-3a480e519f	נוֹפֵף	PIEL	hewiktionary	SILVER	1	0.1111	PST.1SG|PST.2MSG|PST.2FSG|PST.3FSG|PST.1PL|PST.2MPL|PST.2FPL|PST.3PL
LX-929022e792	סַב	PAAL	hewiktionary	SILVER	1	0.1111	PST.1SG|PST.2MSG|PST.2FSG|PST.3FSG|PST.1PL|PST.2MPL|PST.2FPL|PST.3PL
LX-b360b196b5	זָלַל	PAAL	hewiktionary	SILVER	1	0.1111	PST.1SG|PST.2MSG|PST.2FSG|PST.3FSG|PST.1PL|PST.2MPL|PST.2FPL|PST.3PL
LX-14dab60aea	זְבַן	PAAL	hewiktionary	SILVER	1	0.1111	PST.1SG|PST.2MSG|PST.2FSG|PST.3FSG|PST.1PL|PST.2MPL|PST.2FPL|PST.3PL
LX-b5aacc39c3	חִגֵּר	PIEL	hewiktionary	SILVER	1	0.1111	PST.1SG|PST.2MSG|PST.2FSG|PST.3FSG|PST.1PL|PST.2MPL|PST.2FPL|PST.3PL
LX-f9137a9531	נוֹתַר	NIFAL	hewiktionary	SILVER	1	0.1111	PST.1SG|PST.2MSG|PST.2FSG|PST.3FSG|PST.1PL|PST.2MPL|PST.2FPL|PST.3PL
LX-5af11279a9	הֵנֵץ	HIFIL	hewiktionary	SILVER	1	0.1111	PST.1SG|PST.2MSG|PST.2FSG|PST.3FSG|PST.1PL|PST.2MPL|PST.2FPL|PST.3PL
LX-de3a1010ee	סוֹבֵב	PIEL	hewiktionary	SILVER	1	0.1111	PST.1SG|PST.2MSG|PST.2FSG|PST.3FSG|PST.1PL|PST.2MPL|PST.2FPL|PST.3PL
LX-0f6ad02af2	סֻבֵב	PUAL	hewiktionary	SILVER	1	0.1111	PST.1SG|PST.2MSG|PST.2FSG|PST.3FSG|PST.1PL|PST.2MPL|PST.2FPL|PST.3PL
LX-57eb0ee197	נָסַב	NIFAL	hewiktionary	SILVER	1	0.1111	PST.1SG|PST.2MSG|PST.2FSG|PST.3FSG|PST.1PL|PST.2MPL|PST.2FPL|PST.3PL
LX-b5bfdb502b	סִנְוֵר	PIEL	hewiktionary	SILVER	1	0.1111	PST.1SG|PST.2MSG|PST.2FSG|PST.3FSG|PST.1PL|PST.2MPL|PST.2FPL|PST.3PL
LX-a7def51bb3	נֵחַן	NIFAL	hewiktionary	SILVER	1	0.1111	PST.1SG|PST.2MSG|PST.2FSG|PST.3FSG|PST.1PL|PST.2MPL|PST.2FPL|PST.3PL
LX-ea7e75ae7d	פָּעָה	PAAL	hewiktionary	SILVER	1	0.1111	PST.1SG|PST.2MSG|PST.2FSG|PST.3FSG|PST.1PL|PST.2MPL|PST.2FPL|PST.3PL
LX-5e6ef008f5	מָסַק	PAAL	hewiktionary	SILVER	1	0.1111	PST.1SG|PST.2MSG|PST.2FSG|PST.3FSG|PST.1PL|PST.2MPL|PST.2FPL|PST.3PL
LX-86896bcb16	נִבְעַת	NIFAL	hewiktionary	SILVER	1	0.1111	PST.1SG|PST.2MSG|PST.2FSG|PST.3FSG|PST.1PL|PST.2MPL|PST.2FPL|PST.3PL
LX-122a7480fa	עָרַג	PAAL	hewiktionary	SILVER	1	0.1111	PST.1SG|PST.2MSG|PST.2FSG|PST.3FSG|PST.1PL|PST.2MPL|PST.2FPL|PST.3PL
LX-b0c2d99346	קָפַץ	PAAL	hewiktionary	SILVER	1	0.1111	PST.1SG|PST.2MSG|PST.2FSG|PST.3FSG|PST.1PL|PST.2MPL|PST.2FPL|PST.3PL
LX-a60bdc919b	קִפֵּץ	PIEL	hewiktionary	SILVER	1	0.1111	PST.1SG|PST.2MSG|PST.2FSG|PST.3FSG|PST.1PL|PST.2MPL|PST.2FPL|PST.3PL
LX-cb25b76b48	נָמַק	NIFAL	hewiktionary	SILVER	1	0.1111	PST.1SG|PST.2MSG|PST.2FSG|PST.3FSG|PST.1PL|PST.2MPL|PST.2FPL|PST.3PL
LX-ee1c753777	נִמֵּק	PIEL	hewiktionary	SILVER	1	0.1111	PST.1SG|PST.2MSG|PST.2FSG|PST.3FSG|PST.1PL|PST.2MPL|PST.2FPL|PST.3PL
LX-d57fb28e6c	בָּטָא	PAAL	hewiktionary	SILVER	1	0.1111	PST.1SG|PST.2MSG|PST.2FSG|PST.3FSG|PST.1PL|PST.2MPL|PST.2FPL|PST.3PL
LX-332713e7d7	גָּוַע	PAAL	hewiktionary	SILVER	1	0.1111	PST.1SG|PST.2MSG|PST.2FSG|PST.3FSG|PST.1PL|PST.2MPL|PST.2FPL|PST.3PL
LX-c0486ab3e3	הִתְגּוֹרֵר	HITPAEL	hewiktionary	SILVER	1	0.1111	PST.1SG|PST.2MSG|PST.2FSG|PST.3FSG|PST.1PL|PST.2MPL|PST.2FPL|PST.3PL
LX-43d9eac2da	הוֹגָה	HIFIL	hewiktionary	SILVER	1	0.1111	PST.1SG|PST.2MSG|PST.2FSG|PST.3FSG|PST.1PL|PST.2MPL|PST.2FPL|PST.3PL
LX-cee2d167a2	הִתְבּוֹסֵס	HITPAEL	hewiktionary	SILVER	1	0.1111	PST.1SG|PST.2MSG|PST.2FSG|PST.3FSG|PST.1PL|PST.2MPL|PST.2FPL|PST.3PL
LX-d14df6bd0e	צִעֵר	PIEL	hewiktionary	SILVER	1	0.1111	PST.1SG|PST.2MSG|PST.2FSG|PST.3FSG|PST.1PL|PST.2MPL|PST.2FPL|PST.3PL
LX-761688ee48	צָעַר	PAAL	hewiktionary	SILVER	1	0.1111	PST.1SG|PST.2MSG|PST.2FSG|PST.3FSG|PST.1PL|PST.2MPL|PST.2FPL|PST.3PL
LX-634a999ac8	נֵקָל	NIFAL	hewiktionary	QUESTIONABLE	1	0.1111	PST.1SG|PST.2MSG|PST.2FSG|PST.3FSG|PST.1PL|PST.2MPL|PST.2FPL|PST.3PL
LX-8d563c76ff	רָחַב	PAAL	hewiktionary	SILVER	1	0.1111	PST.1SG|PST.2MSG|PST.2FSG|PST.3FSG|PST.1PL|PST.2MPL|PST.2FPL|PST.3PL
LX-01ed6db596	גִּבֵּס	PIEL	hewiktionary	SILVER	1	0.1111	PST.1SG|PST.2MSG|PST.2FSG|PST.3FSG|PST.1PL|PST.2MPL|PST.2FPL|PST.3PL
LX-13f0a3e9fd	הִשְׁתָּעֵל	HITPAEL	hewiktionary	SILVER	1	0.1111	PST.1SG|PST.2MSG|PST.2FSG|PST.3FSG|PST.1PL|PST.2MPL|PST.2FPL|PST.3PL
LX-dda346c8e0	הֵעִיק	HIFIL	hewiktionary	SILVER	1	0.1111	PST.1SG|PST.2MSG|PST.2FSG|PST.3FSG|PST.1PL|PST.2MPL|PST.2FPL|PST.3PL
LX-6c0a48c332	הוֹרִיק	HIFIL	hewiktionary	SILVER	1	0.1111	PST.1SG|PST.2MSG|PST.2FSG|PST.3FSG|PST.1PL|PST.2MPL|PST.2FPL|PST.3PL
LX-f2b72073cb	חָלַשׁ	PAAL	hewiktionary	SILVER	1	0.1111	PST.1SG|PST.2MSG|PST.2FSG|PST.3FSG|PST.1PL|PST.2MPL|PST.2FPL|PST.3PL
LX-35d4c1e4bd	הִקִּישׁ	HIFIL	hewiktionary	SILVER	1	0.1111	PST.1SG|PST.2MSG|PST.2FSG|PST.3FSG|PST.1PL|PST.2MPL|PST.2FPL|PST.3PL
LX-2c147efe5e	רָמָה	PAAL	hewiktionary	SILVER	1	0.1111	PST.1SG|PST.2MSG|PST.2FSG|PST.3FSG|PST.1PL|PST.2MPL|PST.2FPL|PST.3PL
LX-9ce1f60c8f	דִּרְבֵּן	PIEL	hewiktionary	SILVER	1	0.1111	PST.1SG|PST.2MSG|PST.2FSG|PST.3FSG|PST.1PL|PST.2MPL|PST.2FPL|PST.3PL
LX-a750fa1e38	גּוֹנֵן	PIEL	hewiktionary	SILVER	1	0.1111	PST.1SG|PST.2MSG|PST.2FSG|PST.3FSG|PST.1PL|PST.2MPL|PST.2FPL|PST.3PL
LX-abc72269d7	גּוֹנַן	PUAL	hewiktionary	SILVER	1	0.1111	PST.1SG|PST.2MSG|PST.2FSG|PST.3FSG|PST.1PL|PST.2MPL|PST.2FPL|PST.3PL
LX-c54c8ccca9	נָקַם	PAAL	hewiktionary	SILVER	1	0.1111	PST.1SG|PST.2MSG|PST.2FSG|PST.3FSG|PST.1PL|PST.2MPL|PST.2FPL|PST.3PL
LX-e1272db6c5	נִקַּם	NIFAL	hewiktionary	SILVER	1	0.1111	PST.1SG|PST.2MSG|PST.2FSG|PST.3FSG|PST.1PL|PST.2MPL|PST.2FPL|PST.3PL
LX-9bdd36fb99	גִּלְוֵן	PIEL	hewiktionary	SILVER	1	0.1111	PST.1SG|PST.2MSG|PST.2FSG|PST.3FSG|PST.1PL|PST.2MPL|PST.2FPL|PST.3PL
LX-d404f2ef3d	הִתְרוֹשֵׁשׁ	HITPAEL	hewiktionary	SILVER	1	0.1111	PST.1SG|PST.2MSG|PST.2FSG|PST.3FSG|PST.1PL|PST.2MPL|PST.2FPL|PST.3PL
LX-e85a0ec442	חִטֵּב	PIEL	hewiktionary	SILVER	1	0.1111	PST.1SG|PST.2MSG|PST.2FSG|PST.3FSG|PST.1PL|PST.2MPL|PST.2FPL|PST.3PL
LX-49963640d2	רָדָה	PAAL	hewiktionary	SILVER	1	0.1111	PST.1SG|PST.2MSG|PST.2FSG|PST.3FSG|PST.1PL|PST.2MPL|PST.2FPL|PST.3PL
LX-66396c157f	רִדָּה	PIEL	hewiktionary	SILVER	1	0.1111	PST.1SG|PST.2MSG|PST.2FSG|PST.3FSG|PST.1PL|PST.2MPL|PST.2FPL|PST.3PL
LX-1bbca3916a	הֻצַּת	HUFAL	hewiktionary	SILVER	1	0.1111	PST.1SG|PST.2MSG|PST.2FSG|PST.3FSG|PST.1PL|PST.2MPL|PST.2FPL|PST.3PL
LX-e73e209240	דִּסְקֵס	PIEL	hewiktionary	SILVER	1	0.1111	PST.1SG|PST.2MSG|PST.2FSG|PST.3FSG|PST.1PL|PST.2MPL|PST.2FPL|PST.3PL
LX-57da71abc5	הָמָה	PAAL	hewiktionary	SILVER	1	0.1111	PST.1SG|PST.2MSG|PST.2FSG|PST.3FSG|PST.1PL|PST.2MPL|PST.2FPL|PST.3PL
LX-b4c795b78d	נָבֹז	NIFAL	hewiktionary	SILVER	1	0.1111	PST.1SG|PST.2MSG|PST.2FSG|PST.3FSG|PST.1PL|PST.2MPL|PST.2FPL|PST.3PL
LX-e0d4547649	זָבַל	PAAL	hewiktionary	SILVER	1	0.1111	PST.1SG|PST.2MSG|PST.2FSG|PST.3FSG|PST.1PL|PST.2MPL|PST.2FPL|PST.3PL
LX-f85d441fb9	זִבֵּל	PIEL	hewiktionary	SILVER	1	0.1111	PST.1SG|PST.2MSG|PST.2FSG|PST.3FSG|PST.1PL|PST.2MPL|PST.2FPL|PST.3PL
LX-1378e92a2d	עוֹפֵף	PIEL	hewiktionary	SILVER	1	0.1111	PST.1SG|PST.2MSG|PST.2FSG|PST.3FSG|PST.1PL|PST.2MPL|PST.2FPL|PST.3PL
LX-1fb002bb5a	זָרַם	PAAL	hewiktionary	SILVER	1	0.1111	PST.1SG|PST.2MSG|PST.2FSG|PST.3FSG|PST.1PL|PST.2MPL|PST.2FPL|PST.3PL
LX-e2cda7f2e3	זֹרַם	PUAL	hewiktionary	SILVER	1	0.1111	PST.1SG|PST.2MSG|PST.2FSG|PST.3FSG|PST.1PL|PST.2MPL|PST.2FPL|PST.3PL
LX-04e61204ba	חָזָה	PAAL	hewiktionary	SILVER	1	0.1111	PST.1SG|PST.2MSG|PST.2FSG|PST.3FSG|PST.1PL|PST.2MPL|PST.2FPL|PST.3PL
LX-ad7b2a9ea9	קָטַע	PAAL	hewiktionary	SILVER	1	0.1111	PST.1SG|PST.2MSG|PST.2FSG|PST.3FSG|PST.1PL|PST.2MPL|PST.2FPL|PST.3PL
LX-991fddfefe	הֵתֵל	HIFIL	hewiktionary	SILVER	1	0.1111	PST.1SG|PST.2MSG|PST.2FSG|PST.3FSG|PST.1PL|PST.2MPL|PST.2FPL|PST.3PL
LX-369258a4fc	הִתֵּל	PIEL	hewiktionary	SILVER	1	0.1111	PST.1SG|PST.2MSG|PST.2FSG|PST.3FSG|PST.1PL|PST.2MPL|PST.2FPL|PST.3PL
LX-ca57e570d3	הִזִּיל	HIFIL	hewiktionary	SILVER	1	0.1111	PST.1SG|PST.2MSG|PST.2FSG|PST.3FSG|PST.1PL|PST.2MPL|PST.2FPL|PST.3PL
LX-9b04920b10	טָרַק	PAAL	hewiktionary	SILVER	1	0.1111	PST.1SG|PST.2MSG|PST.2FSG|PST.3FSG|PST.1PL|PST.2MPL|PST.2FPL|PST.3PL
LX-d5bb574e77	נָגַס	PAAL	hewiktionary	SILVER	1	0.1111	PST.1SG|PST.2MSG|PST.2FSG|PST.3FSG|PST.1PL|PST.2MPL|PST.2FPL|PST.3PL
LX-5cbdd1dbe4	מִעֵן	PIEL	hewiktionary	SILVER	1	0.1111	PST.1SG|PST.2MSG|PST.2FSG|PST.3FSG|PST.1PL|PST.2MPL|PST.2FPL|PST.3PL
LX-7dbfbb6a72	מֹעֵן	PUAL	hewiktionary	SILVER	1	0.1111	PST.1SG|PST.2MSG|PST.2FSG|PST.3FSG|PST.1PL|PST.2MPL|PST.2FPL|PST.3PL
LX-21d2fe5e0e	שַׁס	PAAL	hewiktionary	SILVER	1	0.1111	PST.1SG|PST.2MSG|PST.2FSG|PST.3FSG|PST.1PL|PST.2MPL|PST.2FPL|PST.3PL
LX-00da7c63c1	תַּם	PAAL	hewiktionary	SILVER	1	0.1111	PST.1SG|PST.2MSG|PST.2FSG|PST.3FSG|PST.1PL|PST.2MPL|PST.2FPL|PST.3PL
LX-ec39d34855	גָּזַם	PAAL	hewiktionary	SILVER	1	0.1111	PST.1SG|PST.2MSG|PST.2FSG|PST.3FSG|PST.1PL|PST.2MPL|PST.2FPL|PST.3PL
LX-14a77a07c6	הֹעֲלָה	HUFAL	hewiktionary	SILVER	1	0.1111	PST.1SG|PST.2MSG|PST.2FSG|PST.3FSG|PST.1PL|PST.2MPL|PST.2FPL|PST.3PL
LX-deca4c0e51	הִקְנִיט	HIFIL	hewiktionary	SILVER	1	0.1111	PST.1SG|PST.2MSG|PST.2FSG|PST.3FSG|PST.1PL|PST.2MPL|PST.2FPL|PST.3PL
LX-a7bf420dea	נָלוֹז	NIFAL	hewiktionary	SILVER	1	0.1111	PST.1SG|PST.2MSG|PST.2FSG|PST.3FSG|PST.1PL|PST.2MPL|PST.2FPL|PST.3PL
LX-a31ab7f3b2	הִתְאוֹנֵן	HITPAEL	hewiktionary	SILVER	1	0.1111	PST.1SG|PST.2MSG|PST.2FSG|PST.3FSG|PST.1PL|PST.2MPL|PST.2FPL|PST.3PL
LX-4551fd8673	פִּתָּה	PIEL	hewiktionary	SILVER	1	0.1111	PST.1SG|PST.2MSG|PST.2FSG|PST.3FSG|PST.1PL|PST.2MPL|PST.2FPL|PST.3PL
LX-d2b5581247	פֻּתָּה	PUAL	hewiktionary	SILVER	1	0.1111	PST.1SG|PST.2MSG|PST.2FSG|PST.3FSG|PST.1PL|PST.2MPL|PST.2FPL|PST.3PL
LX-8cf9461e2d	פָּתָה	PAAL	hewiktionary	SILVER	1	0.1111	PST.1SG|PST.2MSG|PST.2FSG|PST.3FSG|PST.1PL|PST.2MPL|PST.2FPL|PST.3PL
LX-6f7c2b0f82	צִיֵּץ	PIEL	hewiktionary	QUESTIONABLE	1	0.1111	PST.1SG|PST.2MSG|PST.2FSG|PST.3FSG|PST.1PL|PST.2MPL|PST.2FPL|PST.3PL
LX-316915cde5	נוֹלַד	NIFAL	hewiktionary	SILVER	1	0.1111	PST.1SG|PST.2MSG|PST.2FSG|PST.3FSG|PST.1PL|PST.2MPL|PST.2FPL|PST.3PL
LX-11d209beca	הִתְחָרֵשׁ	HITPAEL	hewiktionary	SILVER	1	0.1111	PST.1SG|PST.2MSG|PST.2FSG|PST.3FSG|PST.1PL|PST.2MPL|PST.2FPL|PST.3PL
LX-c95ee3e90b	רָד	PAAL	hewiktionary	SILVER	1	0.1111	PST.1SG|PST.2MSG|PST.2FSG|PST.3FSG|PST.1PL|PST.2MPL|PST.2FPL|PST.3PL
LX-6483f88c0d	הוֹלִיךְ	HIFIL	hewiktionary	QUESTIONABLE	1	0.1111	PST.1SG|PST.2MSG|PST.2FSG|PST.3FSG|PST.1PL|PST.2MPL|PST.2FPL|PST.3PL
LX-d985a10b5b	הִתְגּוֹלֵל	HITPAEL	hewiktionary	SILVER	1	0.1111	PST.1SG|PST.2MSG|PST.2FSG|PST.3FSG|PST.1PL|PST.2MPL|PST.2FPL|PST.3PL
LX-75de231387	הִשְׁתּוֹמֵם	HITPAEL	hewiktionary	SILVER	1	0.1111	PST.1SG|PST.2MSG|PST.2FSG|PST.3FSG|PST.1PL|PST.2MPL|PST.2FPL|PST.3PL
LX-a383999e28	דָּץ	PAAL	hewiktionary	SILVER	1	0.1111	PST.1SG|PST.2MSG|PST.2FSG|PST.3FSG|PST.1PL|PST.2MPL|PST.2FPL|PST.3PL
LX-c2c138ddc9	הִתְבּוֹנֵן	HITPAEL	hewiktionary	SILVER	1	0.1111	PST.1SG|PST.2MSG|PST.2FSG|PST.3FSG|PST.1PL|PST.2MPL|PST.2FPL|PST.3PL
LX-c8511b6776	מִמֵּשׁ	PIEL	hewiktionary	SILVER	1	0.1111	PST.1SG|PST.2MSG|PST.2FSG|PST.3FSG|PST.1PL|PST.2MPL|PST.2FPL|PST.3PL
LX-000a71e8a7	נָטַף	PAAL	hewiktionary	SILVER	1	0.1111	PST.1SG|PST.2MSG|PST.2FSG|PST.3FSG|PST.1PL|PST.2MPL|PST.2FPL|PST.3PL
LX-8e20de150b	הוֹחִיל	HIFIL	hewiktionary	SILVER	1	0.1111	PST.1SG|PST.2MSG|PST.2FSG|PST.3FSG|PST.1PL|PST.2MPL|PST.2FPL|PST.3PL
LX-725def3fd4	קַד	PAAL	hewiktionary	SILVER	1	0.1111	PST.1SG|PST.2MSG|PST.2FSG|PST.3FSG|PST.1PL|PST.2MPL|PST.2FPL|PST.3PL
LX-35e55483e9	הֵתֵז	HIFIL	hewiktionary	SILVER	1	0.1111	PST.1SG|PST.2MSG|PST.2FSG|PST.3FSG|PST.1PL|PST.2MPL|PST.2FPL|PST.3PL
LX-11e982568b	נָשַׁס	NIFAL	hewiktionary	SILVER	1	0.1111	PST.1SG|PST.2MSG|PST.2FSG|PST.3FSG|PST.1PL|PST.2MPL|PST.2FPL|PST.3PL
LX-016bdfd17e	לָאַט	PAAL	hewiktionary	SILVER	1	0.1111	PST.1SG|PST.2MSG|PST.2FSG|PST.3FSG|PST.1PL|PST.2MPL|PST.2FPL|PST.3PL
LX-2bf3582352	הִתְכַּרְכֵּם	HITPAEL	hewiktionary	SILVER	1	0.1111	PST.1SG|PST.2MSG|PST.2FSG|PST.3FSG|PST.1PL|PST.2MPL|PST.2FPL|PST.3PL
LX-22a40d835c	נִדָּה	PIEL	hewiktionary	SILVER	1	0.1111	PST.1SG|PST.2MSG|PST.2FSG|PST.3FSG|PST.1PL|PST.2MPL|PST.2FPL|PST.3PL
LX-54f890529d	הִתְעַתֵּד	HITPAEL	hewiktionary	SILVER	1	0.1111	PST.1SG|PST.2MSG|PST.2FSG|PST.3FSG|PST.1PL|PST.2MPL|PST.2FPL|PST.3PL
LX-473e7aa7f1	סַל	PAAL	hewiktionary	SILVER	1	0.1111	PST.1SG|PST.2MSG|PST.2FSG|PST.3FSG|PST.1PL|PST.2MPL|PST.2FPL|PST.3PL
LX-ede9b6980d	בִּרְמֵן	PIEL	hewiktionary	SILVER	1	0.1111	PST.1SG|PST.2MSG|PST.2FSG|PST.3FSG|PST.1PL|PST.2MPL|PST.2FPL|PST.3PL
LX-bc97e4fdfb	נִקֵּד	PIEL	hewiktionary	SILVER	1	0.1111	PST.1SG|PST.2MSG|PST.2FSG|PST.3FSG|PST.1PL|PST.2MPL|PST.2FPL|PST.3PL
LX-b7b3d4dc7b	אָרַר	PAAL	hewiktionary	SILVER	1	0.1111	PST.1SG|PST.2MSG|PST.2FSG|PST.3FSG|PST.1PL|PST.2MPL|PST.2FPL|PST.3PL
LX-d92786ed04	הֵילִיל	HIFIL	hewiktionary	SILVER	1	0.1111	PST.1SG|PST.2MSG|PST.2FSG|PST.3FSG|PST.1PL|PST.2MPL|PST.2FPL|PST.3PL
LX-f8a78b1436	הִנָּה	PIEL	hewiktionary	SILVER	1	0.1111	PST.1SG|PST.2MSG|PST.2FSG|PST.3FSG|PST.1PL|PST.2MPL|PST.2FPL|PST.3PL
LX-78db274276	עִנָּה	PIEL	hewiktionary	SILVER	1	0.1111	PST.1SG|PST.2MSG|PST.2FSG|PST.3FSG|PST.1PL|PST.2MPL|PST.2FPL|PST.3PL
LX-1b43f35788	עֻנָּה	PUAL	hewiktionary	SILVER	1	0.1111	PST.1SG|PST.2MSG|PST.2FSG|PST.3FSG|PST.1PL|PST.2MPL|PST.2FPL|PST.3PL
LX-65901fb26d	סִנְגֵ	PIEL	hewiktionary	QUESTIONABLE	1	0.1111	PST.1SG|PST.2MSG|PST.2FSG|PST.3FSG|PST.1PL|PST.2MPL|PST.2FPL|PST.3PL
LX-44975afd1d	הִתְפּוֹרֵר	HITPAEL	hewiktionary	SILVER	1	0.1111	PST.1SG|PST.2MSG|PST.2FSG|PST.3FSG|PST.1PL|PST.2MPL|PST.2FPL|PST.3PL
LX-f7c8e8c4af	כָּרַךְ	PAAL	hewiktionary	SILVER	1	0.1111	PST.1SG|PST.2MSG|PST.2FSG|PST.3FSG|PST.1PL|PST.2MPL|PST.2FPL|PST.3PL
LX-9d298db02c	שָׁאַר	PAAL	hewiktionary	SILVER	1	0.1111	PST.1SG|PST.2MSG|PST.2FSG|PST.3FSG|PST.1PL|PST.2MPL|PST.2FPL|PST.3PL
LX-2d83d0e0c8	הִתִּיז	HIFIL	hewiktionary	SILVER	1	0.1111	PST.1SG|PST.2MSG|PST.2FSG|PST.3FSG|PST.1PL|PST.2MPL|PST.2FPL|PST.3PL
LX-6d854a022d	הֻפְסַק	HUFAL	hewiktionary	SILVER	1	0.1111	PST.1SG|PST.2MSG|PST.2FSG|PST.3FSG|PST.1PL|PST.2MPL|PST.2FPL|PST.3PL
LX-ded5c712c0	נִזּוֹן	NIFAL	hewiktionary	SILVER	1	0.1111	PST.1SG|PST.2MSG|PST.2FSG|PST.3FSG|PST.1PL|PST.2MPL|PST.2FPL|PST.3PL
LX-9ff9462c57	הִתְאַלְמֵן	HITPAEL	hewiktionary	SILVER	1	0.1111	PST.1SG|PST.2MSG|PST.2FSG|PST.3FSG|PST.1PL|PST.2MPL|PST.2FPL|PST.3PL
LX-4a4f91c404	חָשַׁק	PAAL	hewiktionary	SILVER	1	0.1111	PST.1SG|PST.2MSG|PST.2FSG|PST.3FSG|PST.1PL|PST.2MPL|PST.2FPL|PST.3PL
LX-97e325fa97	חִשֵּׁק	PIEL	hewiktionary	SILVER	1	0.1111	PST.1SG|PST.2MSG|PST.2FSG|PST.3FSG|PST.1PL|PST.2MPL|PST.2FPL|PST.3PL
LX-4150e9ca98	חֻשַּׁק	PUAL	hewiktionary	SILVER	1	0.1111	PST.1SG|PST.2MSG|PST.2FSG|PST.3FSG|PST.1PL|PST.2MPL|PST.2FPL|PST.3PL
LX-0ae0e9a7e6	בִּעֵת	PIEL	hewiktionary	SILVER	1	0.1111	PST.1SG|PST.2MSG|PST.2FSG|PST.3FSG|PST.1PL|PST.2MPL|PST.2FPL|PST.3PL
LX-6192b05613	הִתְלַקַּח	HITPAEL	hewiktionary	SILVER	1	0.1111	PST.1SG|PST.2MSG|PST.2FSG|PST.3FSG|PST.1PL|PST.2MPL|PST.2FPL|PST.3PL
LX-cef6869f5b	בָּצַר	PAAL	hewiktionary	SILVER	1	0.1111	PST.1SG|PST.2MSG|PST.2FSG|PST.3FSG|PST.1PL|PST.2MPL|PST.2FPL|PST.3PL
LX-49ab67176e	בִּצֵּר	PIEL	hewiktionary	SILVER	1	0.1111	PST.1SG|PST.2MSG|PST.2FSG|PST.3FSG|PST.1PL|PST.2MPL|PST.2FPL|PST.3PL
LX-daf49e6f72	הִסְתּוֹפֵף	HITPAEL	hewiktionary	SILVER	1	0.1111	PST.1SG|PST.2MSG|PST.2FSG|PST.3FSG|PST.1PL|PST.2MPL|PST.2FPL|PST.3PL
LX-77d99ff65d	גָּדַשׁ	PAAL	hewiktionary	SILVER	1	0.1111	PST.1SG|PST.2MSG|PST.2FSG|PST.3FSG|PST.1PL|PST.2MPL|PST.2FPL|PST.3PL
LX-a83b3a264c	גָּדַר	PAAL	hewiktionary	SILVER	1	0.1111	PST.1SG|PST.2MSG|PST.2FSG|PST.3FSG|PST.1PL|PST.2MPL|PST.2FPL|PST.3PL
LX-04231ca3b5	גִּדֵּר	PIEL	hewiktionary	SILVER	1	0.1111	PST.1SG|PST.2MSG|PST.2FSG|PST.3FSG|PST.1PL|PST.2MPL|PST.2FPL|PST.3PL
LX-46f49fc5f8	שִׁתֵּף	PIEL	hewiktionary	SILVER	1	0.1111	PST.1SG|PST.2MSG|PST.2FSG|PST.3FSG|PST.1PL|PST.2MPL|PST.2FPL|PST.3PL
LX-8437c39c3b	הֵנִיא	HIFIL	hewiktionary	SILVER	1	0.1111	PST.1SG|PST.2MSG|PST.2FSG|PST.3FSG|PST.1PL|PST.2MPL|PST.2FPL|PST.3PL
LX-419428d059	קָמַל	PAAL	hewiktionary	SILVER	1	0.1111	PST.1SG|PST.2MSG|PST.2FSG|PST.3FSG|PST.1PL|PST.2MPL|PST.2FPL|PST.3PL
LX-0acb35a65f	הֻדְבַּק	HUFAL	hewiktionary	SILVER	1	0.1111	PST.1SG|PST.2MSG|PST.2FSG|PST.3FSG|PST.1PL|PST.2MPL|PST.2FPL|PST.3PL
LX-b0551b1795	הוֹנָה	HIFIL	hewiktionary	SILVER	1	0.1111	PST.1SG|PST.2MSG|PST.2FSG|PST.3FSG|PST.1PL|PST.2MPL|PST.2FPL|PST.3PL
LX-24eb7af26f	יֵרֵא	PIEL	hewiktionary	SILVER	1	0.1111	PST.1SG|PST.2MSG|PST.2FSG|PST.3FSG|PST.1PL|PST.2MPL|PST.2FPL|PST.3PL
LX-cb6496261b	נָשַׁל	PAAL	hewiktionary	SILVER	1	0.1111	PST.1SG|PST.2MSG|PST.2FSG|PST.3FSG|PST.1PL|PST.2MPL|PST.2FPL|PST.3PL
LX-65a2b0e964	נִשֵּׁל	PIEL	hewiktionary	SILVER	1	0.1111	PST.1SG|PST.2MSG|PST.2FSG|PST.3FSG|PST.1PL|PST.2MPL|PST.2FPL|PST.3PL
LX-a06d9babe1	הִשִּׁיל	HIFIL	hewiktionary	SILVER	1	0.1111	PST.1SG|PST.2MSG|PST.2FSG|PST.3FSG|PST.1PL|PST.2MPL|PST.2FPL|PST.3PL
LX-27aab04646	פָּזַז	PAAL	hewiktionary	SILVER	1	0.1111	PST.1SG|PST.2MSG|PST.2FSG|PST.3FSG|PST.1PL|PST.2MPL|PST.2FPL|PST.3PL
LX-dcfce1c08f	פִּזֵּז	PIEL	hewiktionary	SILVER	1	0.1111	PST.1SG|PST.2MSG|PST.2FSG|PST.3FSG|PST.1PL|PST.2MPL|PST.2FPL|PST.3PL
LX-0e4055578f	נָדוֹן	NIFAL	hewiktionary	SILVER	1	0.1111	PST.1SG|PST.2MSG|PST.2FSG|PST.3FSG|PST.1PL|PST.2MPL|PST.2FPL|PST.3PL
LX-2a3e35cd97	בָּרָה	PAAL	hewiktionary	SILVER	1	0.1111	PST.1SG|PST.2MSG|PST.2FSG|PST.3FSG|PST.1PL|PST.2MPL|PST.2FPL|PST.3PL
LX-c7f6bf32fa	נֶהְפַּךְ	NIFAL	hewiktionary	SILVER	1	0.1111	PST.1SG|PST.2MSG|PST.2FSG|PST.3FSG|PST.1PL|PST.2MPL|PST.2FPL|PST.3PL
LX-8a1a2a07b9	גִּבַּח	PIEL	hewiktionary	SILVER	1	0.1111	PST.1SG|PST.2MSG|PST.2FSG|PST.3FSG|PST.1PL|PST.2MPL|PST.2FPL|PST.3PL
LX-4932d03a8f	זָלַח	PAAL	hewiktionary	SILVER	1	0.1111	PST.1SG|PST.2MSG|PST.2FSG|PST.3FSG|PST.1PL|PST.2MPL|PST.2FPL|PST.3PL
LX-2bd0718c92	זִלַּח	PIEL	hewiktionary	SILVER	1	0.1111	PST.1SG|PST.2MSG|PST.2FSG|PST.3FSG|PST.1PL|PST.2MPL|PST.2FPL|PST.3PL
LX-920755d5f1	שִׁעֲשַׁע	PIEL	hewiktionary	SILVER	1	0.1111	PST.1SG|PST.2MSG|PST.2FSG|PST.3FSG|PST.1PL|PST.2MPL|PST.2FPL|PST.3PL
LX-ca044dee40	שָׁעֳשַׁע	PUAL	hewiktionary	SILVER	1	0.1111	PST.1SG|PST.2MSG|PST.2FSG|PST.3FSG|PST.1PL|PST.2MPL|PST.2FPL|PST.3PL
LX-aeb392b931	חָנַט	PAAL	hewiktionary	SILVER	1	0.1111	PST.1SG|PST.2MSG|PST.2FSG|PST.3FSG|PST.1PL|PST.2MPL|PST.2FPL|PST.3PL
LX-32216f670d	הִתְאַוָּה	HITPAEL	hewiktionary	SILVER	1	0.1111	PST.1SG|PST.2MSG|PST.2FSG|PST.3FSG|PST.1PL|PST.2MPL|PST.2FPL|PST.3PL
LX-5ca17ec877	רָפָה	PAAL	hewiktionary	SILVER	1	0.1111	PST.1SG|PST.2MSG|PST.2FSG|PST.3FSG|PST.1PL|PST.2MPL|PST.2FPL|PST.3PL
LX-ae5cb1272e	רִפָּה	PIEL	hewiktionary	SILVER	1	0.1111	PST.1SG|PST.2MSG|PST.2FSG|PST.3FSG|PST.1PL|PST.2MPL|PST.2FPL|PST.3PL
LX-475e1133ae	רֻפָּה	PUAL	hewiktionary	SILVER	1	0.1111	PST.1SG|PST.2MSG|PST.2FSG|PST.3FSG|PST.1PL|PST.2MPL|PST.2FPL|PST.3PL
LX-64cf505fec	נָכַס	PAAL	hewiktionary	SILVER	1	0.1111	PST.1SG|PST.2MSG|PST.2FSG|PST.3FSG|PST.1PL|PST.2MPL|PST.2FPL|PST.3PL
LX-b7fb63436d	תִּחְמֵן	PIEL	hewiktionary	SILVER	1	0.1111	PST.1SG|PST.2MSG|PST.2FSG|PST.3FSG|PST.1PL|PST.2MPL|PST.2FPL|PST.3PL
LX-77b0ccbe74	יָעָה	PAAL	hewiktionary	SILVER	1	0.1111	PST.1SG|PST.2MSG|PST.2FSG|PST.3FSG|PST.1PL|PST.2MPL|PST.2FPL|PST.3PL
LX-5eeef4fb61	טֹב	PAAL	hewiktionary	SILVER	1	0.1111	PST.1SG|PST.2MSG|PST.2FSG|PST.3FSG|PST.1PL|PST.2MPL|PST.2FPL|PST.3PL
LX-a40368b6cd	הִתְדַּפֵּק	HITPAEL	hewiktionary	SILVER	1	0.1111	PST.1SG|PST.2MSG|PST.2FSG|PST.3FSG|PST.1PL|PST.2MPL|PST.2FPL|PST.3PL
LX-a38ed990e7	קָצַץ	PAAL	hewiktionary	SILVER	1	0.1111	PST.1SG|PST.2MSG|PST.2FSG|PST.3FSG|PST.1PL|PST.2MPL|PST.2FPL|PST.3PL
LX-25763c32aa	קִצֵּץ	PIEL	hewiktionary	SILVER	1	0.1111	PST.1SG|PST.2MSG|PST.2FSG|PST.3FSG|PST.1PL|PST.2MPL|PST.2FPL|PST.3PL
LX-3ea8f34a03	קֻצַּץ	PUAL	hewiktionary	SILVER	1	0.1111	PST.1SG|PST.2MSG|PST.2FSG|PST.3FSG|PST.1PL|PST.2MPL|PST.2FPL|PST.3PL
LX-a29f1e280c	הוּשַׁר	HUFAL	hewiktionary	SILVER	1	0.1111	PST.1SG|PST.2MSG|PST.2FSG|PST.3FSG|PST.1PL|PST.2MPL|PST.2FPL|PST.3PL
LX-fe46456d22	נָסוֹג	NIFAL	hewiktionary	SILVER	1	0.1111	PST.1SG|PST.2MSG|PST.2FSG|PST.3FSG|PST.1PL|PST.2MPL|PST.2FPL|PST.3PL
LX-b17c3bdc42	הוֹאִיל	HIFIL	hewiktionary	SILVER	1	0.1111	PST.1SG|PST.2MSG|PST.2FSG|PST.3FSG|PST.1PL|PST.2MPL|PST.2FPL|PST.3PL
LX-1945407efd	שִֹבֵּר	PIEL	hewiktionary	QUESTIONABLE	1	0.1111	PST.1SG|PST.2MSG|PST.2FSG|PST.3FSG|PST.1PL|PST.2MPL|PST.2FPL|PST.3PL
LX-49c7ff3bf5	צִחֵק	PIEL	hewiktionary	SILVER	1	0.1111	PST.1SG|PST.2MSG|PST.2FSG|PST.3FSG|PST.1PL|PST.2MPL|PST.2FPL|PST.3PL
LX-a574dfad31	יִשֵּׁב	PIEL	hewiktionary	SILVER	9	1.0	
LX-b0494f6979	טָרַם	PAAL	hewiktionary	SILVER	1	0.1111	PST.1SG|PST.2MSG|PST.2FSG|PST.3FSG|PST.1PL|PST.2MPL|PST.2FPL|PST.3PL
LX-42b27b48e4	נָד	PAAL	hewiktionary	SILVER	1	0.1111	PST.1SG|PST.2MSG|PST.2FSG|PST.3FSG|PST.1PL|PST.2MPL|PST.2FPL|PST.3PL
LX-4eee71a503	הִתְנוֹדֵד	HITPAEL	hewiktionary	QUESTIONABLE	1	0.1111	PST.1SG|PST.2MSG|PST.2FSG|PST.3FSG|PST.1PL|PST.2MPL|PST.2FPL|PST.3PL
LX-2680608423	נָהַק	PAAL	hewiktionary	SILVER	1	0.1111	PST.1SG|PST.2MSG|PST.2FSG|PST.3FSG|PST.1PL|PST.2MPL|PST.2FPL|PST.3PL
LX-d38b40df5c	הֵנִיד	HIFIL	hewiktionary	SILVER	1	0.1111	PST.1SG|PST.2MSG|PST.2FSG|PST.3FSG|PST.1PL|PST.2MPL|PST.2FPL|PST.3PL
LX-3d9a3706db	גִּפֵּף	PIEL	hewiktionary	SILVER	1	0.1111	PST.1SG|PST.2MSG|PST.2FSG|PST.3FSG|PST.1PL|PST.2MPL|PST.2FPL|PST.3PL
LX-b005523e2e	גֻּפַּף	PUAL	hewiktionary	SILVER	1	0.1111	PST.1SG|PST.2MSG|PST.2FSG|PST.3FSG|PST.1PL|PST.2MPL|PST.2FPL|PST.3PL
LX-6bebeec24c	נָאַק	PAAL	hewiktionary	SILVER	1	0.1111	PST.1SG|PST.2MSG|PST.2FSG|PST.3FSG|PST.1PL|PST.2MPL|PST.2FPL|PST.3PL
LX-c3bcb7e643	יָזַם	PAAL	hewiktionary	SILVER	1	0.1111	PST.1SG|PST.2MSG|PST.2FSG|PST.3FSG|PST.1PL|PST.2MPL|PST.2FPL|PST.3PL
LX-ff28f68220	מָחַט	PAAL	hewiktionary	SILVER	1	0.1111	PST.1SG|PST.2MSG|PST.2FSG|PST.3FSG|PST.1PL|PST.2MPL|PST.2FPL|PST.3PL
LX-e78df1f55e	מֵרֵק	PIEL	hewiktionary	SILVER	1	0.1111	PST.1SG|PST.2MSG|PST.2FSG|PST.3FSG|PST.1PL|PST.2MPL|PST.2FPL|PST.3PL
LX-50bbf76633	מָרַק	PAAL	hewiktionary	SILVER	1	0.1111	PST.1SG|PST.2MSG|PST.2FSG|PST.3FSG|PST.1PL|PST.2MPL|PST.2FPL|PST.3PL
LX-7bdd45be47	מִסְגֵּר	PIEL	hewiktionary	SILVER	1	0.1111	PST.1SG|PST.2MSG|PST.2FSG|PST.3FSG|PST.1PL|PST.2MPL|PST.2FPL|PST.3PL
LX-c0c36e741b	טִלֵּף	PIEL	hewiktionary	SILVER	1	0.1111	PST.1SG|PST.2MSG|PST.2FSG|PST.3FSG|PST.1PL|PST.2MPL|PST.2FPL|PST.3PL
LX-a9fd09c64c	נָבוֹךְ	NIFAL	hewiktionary	SILVER	1	0.1111	PST.1SG|PST.2MSG|PST.2FSG|PST.3FSG|PST.1PL|PST.2MPL|PST.2FPL|PST.3PL
LX-d1cc6fe64c	צָג	PAAL	hewiktionary	SILVER	1	0.1111	PST.1SG|PST.2MSG|PST.2FSG|PST.3FSG|PST.1PL|PST.2MPL|PST.2FPL|PST.3PL
LX-a1f91652ea	חִצֵּר	PIEL	hewiktionary	SILVER	1	0.1111	PST.1SG|PST.2MSG|PST.2FSG|PST.3FSG|PST.1PL|PST.2MPL|PST.2FPL|PST.3PL
LX-91e0eaa87b	נִרְצָה	NIFAL	hewiktionary	SILVER	1	0.1111	PST.1SG|PST.2MSG|PST.2FSG|PST.3FSG|PST.1PL|PST.2MPL|PST.2FPL|PST.3PL
LX-76e7a20c07	הִתְרַצָה	HITPAEL	hewiktionary	SILVER	1	0.1111	PST.1SG|PST.2MSG|PST.2FSG|PST.3FSG|PST.1PL|PST.2MPL|PST.2FPL|PST.3PL
LX-57e3588448	זִמְזֵם	PIEL	hewiktionary	SILVER	1	0.1111	PST.1SG|PST.2MSG|PST.2FSG|PST.3FSG|PST.1PL|PST.2MPL|PST.2FPL|PST.3PL
LX-6df64c0213	קַר	PAAL	hewiktionary	SILVER	1	0.1111	PST.1SG|PST.2MSG|PST.2FSG|PST.3FSG|PST.1PL|PST.2MPL|PST.2FPL|PST.3PL
LX-d0976d35e2	סִוֵּג	PIEL	hewiktionary	SILVER	1	0.1111	PST.1SG|PST.2MSG|PST.2FSG|PST.3FSG|PST.1PL|PST.2MPL|PST.2FPL|PST.3PL
LX-08ead51299	זוֹרֵר	PIEL	hewiktionary	SILVER	1	0.1111	PST.1SG|PST.2MSG|PST.2FSG|PST.3FSG|PST.1PL|PST.2MPL|PST.2FPL|PST.3PL
LX-d8c485053f	הִצִּיג	HIFIL	hewiktionary	SILVER	1	0.1111	PST.1SG|PST.2MSG|PST.2FSG|PST.3FSG|PST.1PL|PST.2MPL|PST.2FPL|PST.3PL
LX-2a3104003c	הִתְקַבֵּץ	HITPAEL	hewiktionary	SILVER	1	0.1111	PST.1SG|PST.2MSG|PST.2FSG|PST.3FSG|PST.1PL|PST.2MPL|PST.2FPL|PST.3PL
LX-8e4cb79342	נָטַר	PAAL	hewiktionary	SILVER	1	0.1111	PST.1SG|PST.2MSG|PST.2FSG|PST.3FSG|PST.1PL|PST.2MPL|PST.2FPL|PST.3PL
LX-39e55484e2	נִטֵּר	PIEL	hewiktionary	SILVER	1	0.1111	PST.1SG|PST.2MSG|PST.2FSG|PST.3FSG|PST.1PL|PST.2MPL|PST.2FPL|PST.3PL
LX-b0f2703e2a	נִכֵּשׁ	PIEL	hewiktionary	SILVER	1	0.1111	PST.1SG|PST.2MSG|PST.2FSG|PST.3FSG|PST.1PL|PST.2MPL|PST.2FPL|PST.3PL
LX-eeb5a10e05	נֻכַּשׁ	PUAL	hewiktionary	SILVER	1	0.1111	PST.1SG|PST.2MSG|PST.2FSG|PST.3FSG|PST.1PL|PST.2MPL|PST.2FPL|PST.3PL
LX-c67768ea1e	עוֹלֵל	PIEL	hewiktionary	SILVER	1	0.1111	PST.1SG|PST.2MSG|PST.2FSG|PST.3FSG|PST.1PL|PST.2MPL|PST.2FPL|PST.3PL
LX-bd1a802f7d	עָנַק	PAAL	hewiktionary	SILVER	1	0.1111	PST.1SG|PST.2MSG|PST.2FSG|PST.3FSG|PST.1PL|PST.2MPL|PST.2FPL|PST.3PL
LX-e993860304	מָעַד	PAAL	hewiktionary	SILVER	1	0.1111	PST.1SG|PST.2MSG|PST.2FSG|PST.3FSG|PST.1PL|PST.2MPL|PST.2FPL|PST.3PL
LX-50ef95f0eb	קִוֵּץ	PIEL	hewiktionary	QUESTIONABLE	1	0.1111	PST.1SG|PST.2MSG|PST.2FSG|PST.3FSG|PST.1PL|PST.2MPL|PST.2FPL|PST.3PL
LX-d937a2fa08	שִׁלֵּשׁ	PIEL	hewiktionary	SILVER	1	0.1111	PST.1SG|PST.2MSG|PST.2FSG|PST.3FSG|PST.1PL|PST.2MPL|PST.2FPL|PST.3PL
LX-5a82ad03c3	שֻׁלַּשׁ	PUAL	hewiktionary	SILVER	1	0.1111	PST.1SG|PST.2MSG|PST.2FSG|PST.3FSG|PST.1PL|PST.2MPL|PST.2FPL|PST.3PL
LX-c6210d19e1	גֻּנָּה	PUAL	hewiktionary	SILVER	1	0.1111	PST.1SG|PST.2MSG|PST.2FSG|PST.3FSG|PST.1PL|PST.2MPL|PST.2FPL|PST.3PL
LX-e0d727684e	כָּח	PAAL	hewiktionary	SILVER	1	0.1111	PST.1SG|PST.2MSG|PST.2FSG|PST.3FSG|PST.1PL|PST.2MPL|PST.2FPL|PST.3PL
LX-752d362230	נִשְׁתַּק	NIFAL	hewiktionary	SILVER	1	0.1111	PST.1SG|PST.2MSG|PST.2FSG|PST.3FSG|PST.1PL|PST.2MPL|PST.2FPL|PST.3PL
LX-dc529e6500	הִשְׁתַּתֵּק	HITPAEL	hewiktionary	SILVER	1	0.1111	PST.1SG|PST.2MSG|PST.2FSG|PST.3FSG|PST.1PL|PST.2MPL|PST.2FPL|PST.3PL
LX-3490760842	נִבֵּחַ	PIEL	hewiktionary	SILVER	1	0.1111	PST.1SG|PST.2MSG|PST.2FSG|PST.3FSG|PST.1PL|PST.2MPL|PST.2FPL|PST.3PL
LX-89801f30a3	תָּעַר	PAAL	hewiktionary	SILVER	1	0.1111	PST.1SG|PST.2MSG|PST.2FSG|PST.3FSG|PST.1PL|PST.2MPL|PST.2FPL|PST.3PL
LX-9777d160a2	תִּעֵר	PIEL	hewiktionary	SILVER	1	0.1111	PST.1SG|PST.2MSG|PST.2FSG|PST.3FSG|PST.1PL|PST.2MPL|PST.2FPL|PST.3PL
LX-5e660f2389	הִתְעַלֵּק	HITPAEL	hewiktionary	SILVER	1	0.1111	PST.1SG|PST.2MSG|PST.2FSG|PST.3FSG|PST.1PL|PST.2MPL|PST.2FPL|PST.3PL
LX-fcb9cca484	רָעַשׁ	PAAL	hewiktionary	SILVER	1	0.1111	PST.1SG|PST.2MSG|PST.2FSG|PST.3FSG|PST.1PL|PST.2MPL|PST.2FPL|PST.3PL
LX-662da97047	שִׁכֵּחַ	PIEL	hewiktionary	SILVER	1	0.1111	PST.1SG|PST.2MSG|PST.2FSG|PST.3FSG|PST.1PL|PST.2MPL|PST.2FPL|PST.3PL
LX-ce1df35103	אִלֵּם	PIEL	hewiktionary	SILVER	1	0.1111	PST.1SG|PST.2MSG|PST.2FSG|PST.3FSG|PST.1PL|PST.2MPL|PST.2FPL|PST.3PL
LX-02b87037f0	הִשְׁכִּים	HIFIL	hewiktionary	SILVER	1	0.1111	PST.1SG|PST.2MSG|PST.2FSG|PST.3FSG|PST.1PL|PST.2MPL|PST.2FPL|PST.3PL
LX-3cc0d55a4c	נָחַת	PAAL	hewiktionary	SILVER	1	0.1111	PST.1SG|PST.2MSG|PST.2FSG|PST.3FSG|PST.1PL|PST.2MPL|PST.2FPL|PST.3PL
LX-2e1f16f179	הִתְפַלֵּחַ	HITPAEL	hewiktionary	SILVER	1	0.1111	PST.1SG|PST.2MSG|PST.2FSG|PST.3FSG|PST.1PL|PST.2MPL|PST.2FPL|PST.3PL
LX-90f7e3668e	גָּעָה	PAAL	hewiktionary	SILVER	1	0.1111	PST.1SG|PST.2MSG|PST.2FSG|PST.3FSG|PST.1PL|PST.2MPL|PST.2FPL|PST.3PL
LX-fd08b264d3	הָדַף	PAAL	hewiktionary	SILVER	1	0.1111	PST.1SG|PST.2MSG|PST.2FSG|PST.3FSG|PST.1PL|PST.2MPL|PST.2FPL|PST.3PL
LX-beccb36bf8	הִדֵּף	PIEL	hewiktionary	SILVER	1	0.1111	PST.1SG|PST.2MSG|PST.2FSG|PST.3FSG|PST.1PL|PST.2MPL|PST.2FPL|PST.3PL
LX-9b685ef8d5	הֻטָּה	HUFAL	hewiktionary	SILVER	1	0.1111	PST.1SG|PST.2MSG|PST.2FSG|PST.3FSG|PST.1PL|PST.2MPL|PST.2FPL|PST.3PL
LX-0698255036	נָבַר	PAAL	hewiktionary	SILVER	1	0.1111	PST.1SG|PST.2MSG|PST.2FSG|PST.3FSG|PST.1PL|PST.2MPL|PST.2FPL|PST.3PL
LX-21b2515d1d	נָבַר	NIFAL	hewiktionary	SILVER	1	0.1111	PST.1SG|PST.2MSG|PST.2FSG|PST.3FSG|PST.1PL|PST.2MPL|PST.2FPL|PST.3PL
LX-461c9f230b	נוֹשַׁב	NIFAL	hewiktionary	SILVER	9	1.0	
LX-5b8dc83a07	נָגֹל	NIFAL	hewiktionary	SILVER	1	0.1111	PST.1SG|PST.2MSG|PST.2FSG|PST.3FSG|PST.1PL|PST.2MPL|PST.2FPL|PST.3PL
LX-dfe6c77772	נִטָּה	NIFAL	hewiktionary	SILVER	1	0.1111	PST.1SG|PST.2MSG|PST.2FSG|PST.3FSG|PST.1PL|PST.2MPL|PST.2FPL|PST.3PL
LX-589398857c	נָמַד	NIFAL	hewiktionary	SILVER	1	0.1111	PST.1SG|PST.2MSG|PST.2FSG|PST.3FSG|PST.1PL|PST.2MPL|PST.2FPL|PST.3PL
LX-4e6bedbebc	לָקַט	PAAL	hewiktionary	SILVER	1	0.1111	PST.1SG|PST.2MSG|PST.2FSG|PST.3FSG|PST.1PL|PST.2MPL|PST.2FPL|PST.3PL
LX-7d8d44f976	לִקֵּט	PIEL	hewiktionary	SILVER	1	0.1111	PST.1SG|PST.2MSG|PST.2FSG|PST.3FSG|PST.1PL|PST.2MPL|PST.2FPL|PST.3PL
LX-dda0e16a59	לֻקַּט	PUAL	hewiktionary	SILVER	1	0.1111	PST.1SG|PST.2MSG|PST.2FSG|PST.3FSG|PST.1PL|PST.2MPL|PST.2FPL|PST.3PL
LX-03339f285e	נָב	PAAL	hewiktionary	SILVER	1	0.1111	PST.1SG|PST.2MSG|PST.2FSG|PST.3FSG|PST.1PL|PST.2MPL|PST.2FPL|PST.3PL
LX-de1e0feea3	הָרַס	PAAL	hewiktionary	SILVER	1	0.1111	PST.1SG|PST.2MSG|PST.2FSG|PST.3FSG|PST.1PL|PST.2MPL|PST.2FPL|PST.3PL
LX-644b8370ca	הֵרֵס	PIEL	hewiktionary	SILVER	1	0.1111	PST.1SG|PST.2MSG|PST.2FSG|PST.3FSG|PST.1PL|PST.2MPL|PST.2FPL|PST.3PL
LX-5058369aa9	כָּל	PAAL	hewiktionary	SILVER	1	0.1111	PST.1SG|PST.2MSG|PST.2FSG|PST.3FSG|PST.1PL|PST.2MPL|PST.2FPL|PST.3PL
LX-683a8c936d	יָצַק	PAAL	hewiktionary	SILVER	1	0.1111	PST.1SG|PST.2MSG|PST.2FSG|PST.3FSG|PST.1PL|PST.2MPL|PST.2FPL|PST.3PL
LX-66941389d0	הִתְמוֹלֵל	HITPAEL	hewiktionary	SILVER	1	0.1111	PST.1SG|PST.2MSG|PST.2FSG|PST.3FSG|PST.1PL|PST.2MPL|PST.2FPL|PST.3PL
LX-2ef2a3a31b	פַּס	PAAL	hewiktionary	SILVER	1	0.1111	PST.1SG|PST.2MSG|PST.2FSG|PST.3FSG|PST.1PL|PST.2MPL|PST.2FPL|PST.3PL
LX-84c550598d	נִאֵף	PIEL	hewiktionary	SILVER	1	0.1111	PST.1SG|PST.2MSG|PST.2FSG|PST.3FSG|PST.1PL|PST.2MPL|PST.2FPL|PST.3PL
LX-ee6eedafb1	שָׁלַל	PAAL	hewiktionary	SILVER	1	0.1111	PST.1SG|PST.2MSG|PST.2FSG|PST.3FSG|PST.1PL|PST.2MPL|PST.2FPL|PST.3PL
LX-d6638c8ede	טָלַא	PAAL	hewiktionary	SILVER	1	0.1111	PST.1SG|PST.2MSG|PST.2FSG|PST.3FSG|PST.1PL|PST.2MPL|PST.2FPL|PST.3PL
LX-50746e8f81	טִלֵּא	PIEL	hewiktionary	SILVER	1	0.1111	PST.1SG|PST.2MSG|PST.2FSG|PST.3FSG|PST.1PL|PST.2MPL|PST.2FPL|PST.3PL
LX-e7f6ce89c7	הִתְעוֹדֵד	HITPAEL	hewiktionary	SILVER	1	0.1111	PST.1SG|PST.2MSG|PST.2FSG|PST.3FSG|PST.1PL|PST.2MPL|PST.2FPL|PST.3PL
LX-943a15fb32	תִּוֵּךְ	PIEL	hewiktionary	SILVER	1	0.1111	PST.1SG|PST.2MSG|PST.2FSG|PST.3FSG|PST.1PL|PST.2MPL|PST.2FPL|PST.3PL
LX-844b8ad260	דָּגַר	PAAL	hewiktionary	SILVER	1	0.1111	PST.1SG|PST.2MSG|PST.2FSG|PST.3FSG|PST.1PL|PST.2MPL|PST.2FPL|PST.3PL
LX-be255996a1	עָרַם	PAAL	hewiktionary	SILVER	1	0.1111	PST.1SG|PST.2MSG|PST.2FSG|PST.3FSG|PST.1PL|PST.2MPL|PST.2FPL|PST.3PL
LX-90edbd6a1e	קִרְצֵף	PIEL	hewiktionary	SILVER	1	0.1111	PST.1SG|PST.2MSG|PST.2FSG|PST.3FSG|PST.1PL|PST.2MPL|PST.2FPL|PST.3PL
LX-25ce6b5d64	תִּפֵּר	PIEL	hewiktionary	SILVER	1	0.1111	PST.1SG|PST.2MSG|PST.2FSG|PST.3FSG|PST.1PL|PST.2MPL|PST.2FPL|PST.3PL
LX-bc1059121a	שׁוֹרֵר	PIEL	hewiktionary	QUESTIONABLE	1	0.1111	PST.1SG|PST.2MSG|PST.2FSG|PST.3FSG|PST.1PL|PST.2MPL|PST.2FPL|PST.3PL
LX-d75ac86a36	מָעַט	PAAL	hewiktionary	SILVER	1	0.1111	PST.1SG|PST.2MSG|PST.2FSG|PST.3FSG|PST.1PL|PST.2MPL|PST.2FPL|PST.3PL
LX-2774bf6fc3	מִעֵט	PIEL	hewiktionary	SILVER	1	0.1111	PST.1SG|PST.2MSG|PST.2FSG|PST.3FSG|PST.1PL|PST.2MPL|PST.2FPL|PST.3PL
LX-959869f94b	מֻעַט	PUAL	hewiktionary	SILVER	1	0.1111	PST.1SG|PST.2MSG|PST.2FSG|PST.3FSG|PST.1PL|PST.2MPL|PST.2FPL|PST.3PL
LX-a59c401dfe	הָלַם	PAAL	hewiktionary	SILVER	1	0.1111	PST.1SG|PST.2MSG|PST.2FSG|PST.3FSG|PST.1PL|PST.2MPL|PST.2FPL|PST.3PL
LX-1239e8839a	נִקְוָה	NIFAL	hewiktionary	SILVER	1	0.1111	PST.1SG|PST.2MSG|PST.2FSG|PST.3FSG|PST.1PL|PST.2MPL|PST.2FPL|PST.3PL
LX-c8dfbd7823	נָצָה	PAAL	hewiktionary	SILVER	1	0.1111	PST.1SG|PST.2MSG|PST.2FSG|PST.3FSG|PST.1PL|PST.2MPL|PST.2FPL|PST.3PL
LX-3c59cc9776	נִצָּה	NIFAL	hewiktionary	QUESTIONABLE	1	0.1111	PST.1SG|PST.2MSG|PST.2FSG|PST.3FSG|PST.1PL|PST.2MPL|PST.2FPL|PST.3PL
LX-28debcf2e2	נִצָּה	PIEL	hewiktionary	QUESTIONABLE	1	0.1111	PST.1SG|PST.2MSG|PST.2FSG|PST.3FSG|PST.1PL|PST.2MPL|PST.2FPL|PST.3PL
LX-12b5161651	דָּהַר	PAAL	hewiktionary	SILVER	1	0.1111	PST.1SG|PST.2MSG|PST.2FSG|PST.3FSG|PST.1PL|PST.2MPL|PST.2FPL|PST.3PL
LX-018abf1da5	דִּהֵר	PIEL	hewiktionary	SILVER	1	0.1111	PST.1SG|PST.2MSG|PST.2FSG|PST.3FSG|PST.1PL|PST.2MPL|PST.2FPL|PST.3PL
LX-202700cfce	טִבְעֵן	PIEL	hewiktionary	SILVER	1	0.1111	PST.1SG|PST.2MSG|PST.2FSG|PST.3FSG|PST.1PL|PST.2MPL|PST.2FPL|PST.3PL
LX-e7fceca1ff	נִצּוֹד	NIFAL	hewiktionary	SILVER	1	0.1111	PST.1SG|PST.2MSG|PST.2FSG|PST.3FSG|PST.1PL|PST.2MPL|PST.2FPL|PST.3PL
LX-d68c7191e9	עִדֵּן	PIEL	hewiktionary	SILVER	1	0.1111	PST.1SG|PST.2MSG|PST.2FSG|PST.3FSG|PST.1PL|PST.2MPL|PST.2FPL|PST.3PL
LX-4fcf5c1d32	הִתְלוֹצֵץ	HITPAEL	hewiktionary	SILVER	1	0.1111	PST.1SG|PST.2MSG|PST.2FSG|PST.3FSG|PST.1PL|PST.2MPL|PST.2FPL|PST.3PL
LX-7600fa6fa0	חִזֵּן	PIEL	hewiktionary	SILVER	1	0.1111	PST.1SG|PST.2MSG|PST.2FSG|PST.3FSG|PST.1PL|PST.2MPL|PST.2FPL|PST.3PL
LX-c501b7f2b3	פָּג	PAAL	hewiktionary	SILVER	1	0.1111	PST.1SG|PST.2MSG|PST.2FSG|PST.3FSG|PST.1PL|PST.2MPL|PST.2FPL|PST.3PL
LX-24d1f53e15	הִצְטַנֵּף	HITPAEL	hewiktionary	SILVER	1	0.1111	PST.1SG|PST.2MSG|PST.2FSG|PST.3FSG|PST.1PL|PST.2MPL|PST.2FPL|PST.3PL
LX-e75b2841c6	הִסְתַּלְבֵּט	HITPAEL	hewiktionary	SILVER	1	0.1111	PST.1SG|PST.2MSG|PST.2FSG|PST.3FSG|PST.1PL|PST.2MPL|PST.2FPL|PST.3PL
LX-4a13629343	הִסְתּוֹדֵד	HITPAEL	hewiktionary	SILVER	1	0.1111	PST.1SG|PST.2MSG|PST.2FSG|PST.3FSG|PST.1PL|PST.2MPL|PST.2FPL|PST.3PL
LX-98e57a7ffd	עָת	PAAL	hewiktionary	SILVER	1	0.1111	PST.1SG|PST.2MSG|PST.2FSG|PST.3FSG|PST.1PL|PST.2MPL|PST.2FPL|PST.3PL
LX-968401e79f	שׁוֹבֵב	PIEL	hewiktionary	SILVER	1	0.1111	PST.1SG|PST.2MSG|PST.2FSG|PST.3FSG|PST.1PL|PST.2MPL|PST.2FPL|PST.3PL
LX-977ae56e79	שׁוֹבַב	PUAL	hewiktionary	SILVER	1	0.1111	PST.1SG|PST.2MSG|PST.2FSG|PST.3FSG|PST.1PL|PST.2MPL|PST.2FPL|PST.3PL
LX-a25799ed65	הֵצִיף	HIFIL	hewiktionary	SILVER	1	0.1111	PST.1SG|PST.2MSG|PST.2FSG|PST.3FSG|PST.1PL|PST.2MPL|PST.2FPL|PST.3PL
LX-20712c16e7	הִסְעִיר	HIFIL	hewiktionary	SILVER	1	0.1111	PST.1SG|PST.2MSG|PST.2FSG|PST.3FSG|PST.1PL|PST.2MPL|PST.2FPL|PST.3PL
LX-85a1a9bf14	הִמְתִּיק	HIFIL	hewiktionary	SILVER	1	0.1111	PST.1SG|PST.2MSG|PST.2FSG|PST.3FSG|PST.1PL|PST.2MPL|PST.2FPL|PST.3PL
LX-4effc79928	קָנַס	PAAL	hewiktionary	SILVER	1	0.1111	PST.1SG|PST.2MSG|PST.2FSG|PST.3FSG|PST.1PL|PST.2MPL|PST.2FPL|PST.3PL
LX-eed6bf1ed0	כָּנַס	PAAL	hewiktionary	SILVER	1	0.1111	PST.1SG|PST.2MSG|PST.2FSG|PST.3FSG|PST.1PL|PST.2MPL|PST.2FPL|PST.3PL
LX-f00bfd179b	נִגֵּ	PIEL	hewiktionary	QUESTIONABLE	1	0.1111	PST.1SG|PST.2MSG|PST.2FSG|PST.3FSG|PST.1PL|PST.2MPL|PST.2FPL|PST.3PL
LX-3f42f9cd8d	לִבָּה	PIEL	hewiktionary	SILVER	1	0.1111	PST.1SG|PST.2MSG|PST.2FSG|PST.3FSG|PST.1PL|PST.2MPL|PST.2FPL|PST.3PL
LX-f2cf70d14a	שָׂכַר	PAAL	hewiktionary	SILVER	1	0.1111	PST.1SG|PST.2MSG|PST.2FSG|PST.3FSG|PST.1PL|PST.2MPL|PST.2FPL|PST.3PL
LX-bc03d2e086	שָׁכַר	PAAL	hewiktionary	SILVER	1	0.1111	PST.1SG|PST.2MSG|PST.2FSG|PST.3FSG|PST.1PL|PST.2MPL|PST.2FPL|PST.3PL
LX-bba62d2916	שִׁכֵּר	PIEL	hewiktionary	SILVER	1	0.1111	PST.1SG|PST.2MSG|PST.2FSG|PST.3FSG|PST.1PL|PST.2MPL|PST.2FPL|PST.3PL
LX-c9fb341c5e	פָּכַר	PAAL	hewiktionary	SILVER	1	0.1111	PST.1SG|PST.2MSG|PST.2FSG|PST.3FSG|PST.1PL|PST.2MPL|PST.2FPL|PST.3PL
LX-a9598b76fa	הִתְעַלֵּס	HITPAEL	hewiktionary	SILVER	1	0.1111	PST.1SG|PST.2MSG|PST.2FSG|PST.3FSG|PST.1PL|PST.2MPL|PST.2FPL|PST.3PL
LX-434a323923	פָּקַק	PAAL	hewiktionary	SILVER	1	0.1111	PST.1SG|PST.2MSG|PST.2FSG|PST.3FSG|PST.1PL|PST.2MPL|PST.2FPL|PST.3PL
LX-45f580b597	כִּפְכֵּף	PIEL	hewiktionary	SILVER	1	0.1111	PST.1SG|PST.2MSG|PST.2FSG|PST.3FSG|PST.1PL|PST.2MPL|PST.2FPL|PST.3PL
LX-a9e0531ca6	פָּשַׁט	PAAL	hewiktionary	SILVER	1	0.1111	PST.1SG|PST.2MSG|PST.2FSG|PST.3FSG|PST.1PL|PST.2MPL|PST.2FPL|PST.3PL
LX-42e36bc3bd	אִלְמֵן	PIEL	hewiktionary	SILVER	1	0.1111	PST.1SG|PST.2MSG|PST.2FSG|PST.3FSG|PST.1PL|PST.2MPL|PST.2FPL|PST.3PL
LX-eade514aa8	כָּבַל	PAAL	hewiktionary	SILVER	1	0.1111	PST.1SG|PST.2MSG|PST.2FSG|PST.3FSG|PST.1PL|PST.2MPL|PST.2FPL|PST.3PL
LX-b1d1c4583c	רִתָּה	PIEL	hewiktionary	SILVER	1	0.1111	PST.1SG|PST.2MSG|PST.2FSG|PST.3FSG|PST.1PL|PST.2MPL|PST.2FPL|PST.3PL
LX-5e6eea2d95	חִיָּה	PIEL	hewiktionary	SILVER	1	0.1111	PST.1SG|PST.2MSG|PST.2FSG|PST.3FSG|PST.1PL|PST.2MPL|PST.2FPL|PST.3PL
LX-739607a148	אִמְלֵל	PIEL	hewiktionary	SILVER	1	0.1111	PST.1SG|PST.2MSG|PST.2FSG|PST.3FSG|PST.1PL|PST.2MPL|PST.2FPL|PST.3PL
LX-8a1c8f00aa	חָסַךְ	PAAL	hewiktionary	SILVER	1	0.1111	PST.1SG|PST.2MSG|PST.2FSG|PST.3FSG|PST.1PL|PST.2MPL|PST.2FPL|PST.3PL
LX-8dbd20c2de	חִסֵּךְ	PIEL	hewiktionary	SILVER	1	0.1111	PST.1SG|PST.2MSG|PST.2FSG|PST.3FSG|PST.1PL|PST.2MPL|PST.2FPL|PST.3PL
LX-a340e26b3e	רִקֵּד	PIEL	hewiktionary	SILVER	1	0.1111	PST.1SG|PST.2MSG|PST.2FSG|PST.3FSG|PST.1PL|PST.2MPL|PST.2FPL|PST.3PL
LX-49258338f2	הִקְפִּיץ	HIFIL	hewiktionary	SILVER	1	0.1111	PST.1SG|PST.2MSG|PST.2FSG|PST.3FSG|PST.1PL|PST.2MPL|PST.2FPL|PST.3PL
LX-a259380c23	פִּלֵּג	PIEL	hewiktionary	SILVER	1	0.1111	PST.1SG|PST.2MSG|PST.2FSG|PST.3FSG|PST.1PL|PST.2MPL|PST.2FPL|PST.3PL
LX-5bd0a836ed	הוּנַף	HUFAL	hewiktionary	SILVER	1	0.1111	PST.1SG|PST.2MSG|PST.2FSG|PST.3FSG|PST.1PL|PST.2MPL|PST.2FPL|PST.3PL
LX-7ad6473c67	הִוֵּן	PIEL	hewiktionary	SILVER	1	0.1111	PST.1SG|PST.2MSG|PST.2FSG|PST.3FSG|PST.1PL|PST.2MPL|PST.2FPL|PST.3PL
LX-6eaade5f42	נָטַשׁ	PAAL	hewiktionary	SILVER	1	0.1111	PST.1SG|PST.2MSG|PST.2FSG|PST.3FSG|PST.1PL|PST.2MPL|PST.2FPL|PST.3PL
LX-78cecf9170	נָשֹׁם	NIFAL	hewiktionary	SILVER	1	0.1111	PST.1SG|PST.2MSG|PST.2FSG|PST.3FSG|PST.1PL|PST.2MPL|PST.2FPL|PST.3PL
LX-6c439996fa	נִשָּׁם	NIFAL	hewiktionary	SILVER	1	0.1111	PST.1SG|PST.2MSG|PST.2FSG|PST.3FSG|PST.1PL|PST.2MPL|PST.2FPL|PST.3PL
LX-ab4d5ac21a	הִתְעַטֵּשׁ	HITPAEL	hewiktionary	SILVER	1	0.1111	PST.1SG|PST.2MSG|PST.2FSG|PST.3FSG|PST.1PL|PST.2MPL|PST.2FPL|PST.3PL
LX-a751838a3b	רִסֵּק	PIEL	hewiktionary	SILVER	1	0.1111	PST.1SG|PST.2MSG|PST.2FSG|PST.3FSG|PST.1PL|PST.2MPL|PST.2FPL|PST.3PL
LX-6bb5c4fab6	דֻּקַּר	PUAL	hewiktionary	SILVER	1	0.1111	PST.1SG|PST.2MSG|PST.2FSG|PST.3FSG|PST.1PL|PST.2MPL|PST.2FPL|PST.3PL
LX-1c64e1db73	הִלְשִׁין	HIFIL	hewiktionary	SILVER	1	0.1111	PST.1SG|PST.2MSG|PST.2FSG|PST.3FSG|PST.1PL|PST.2MPL|PST.2FPL|PST.3PL
LX-ef6951828e	הִגְעִיל	HIFIL	hewiktionary	SILVER	1	0.1111	PST.1SG|PST.2MSG|PST.2FSG|PST.3FSG|PST.1PL|PST.2MPL|PST.2FPL|PST.3PL
LX-88a25a4bee	הִבְחִין	HIFIL	hewiktionary	SILVER	1	0.1111	PST.1SG|PST.2MSG|PST.2FSG|PST.3FSG|PST.1PL|PST.2MPL|PST.2FPL|PST.3PL
LX-a6eaf02629	זָע	PAAL	hewiktionary	SILVER	1	0.1111	PST.1SG|PST.2MSG|PST.2FSG|PST.3FSG|PST.1PL|PST.2MPL|PST.2FPL|PST.3PL
LX-5cb92fd753	וְדוֹק	PAAL	hewiktionary	SILVER	1	0.1111	PST.1SG|PST.2MSG|PST.2FSG|PST.3FSG|PST.1PL|PST.2MPL|PST.2FPL|PST.3PL
LX-b77f3d9266	שָׂרָה	PAAL	hewiktionary	SILVER	1	0.1111	PST.1SG|PST.2MSG|PST.2FSG|PST.3FSG|PST.1PL|PST.2MPL|PST.2FPL|PST.3PL
LX-06ead13e36	שָׁרָה	PAAL	hewiktionary	SILVER	1	0.1111	PST.1SG|PST.2MSG|PST.2FSG|PST.3FSG|PST.1PL|PST.2MPL|PST.2FPL|PST.3PL
LX-b3eb7c1bbc	טָמֵא	PAAL	hewiktionary	SILVER	1	0.1111	PST.1SG|PST.2MSG|PST.2FSG|PST.3FSG|PST.1PL|PST.2MPL|PST.2FPL|PST.3PL
LX-55de2795e0	עִכֵּב	PIEL	hewiktionary	SILVER	1	0.1111	PST.1SG|PST.2MSG|PST.2FSG|PST.3FSG|PST.1PL|PST.2MPL|PST.2FPL|PST.3PL
LX-96d64c3ccb	נֶאֱלַם	NIFAL	hewiktionary	SILVER	1	0.1111	PST.1SG|PST.2MSG|PST.2FSG|PST.3FSG|PST.1PL|PST.2MPL|PST.2FPL|PST.3PL
LX-037981b2f1	הִתְפַּרְפֵּר	HITPAEL	hewiktionary	SILVER	1	0.1111	PST.1SG|PST.2MSG|PST.2FSG|PST.3FSG|PST.1PL|PST.2MPL|PST.2FPL|PST.3PL
LX-1ac197fa7c	חִסֵּן	PIEL	hewiktionary	SILVER	1	0.1111	PST.1SG|PST.2MSG|PST.2FSG|PST.3FSG|PST.1PL|PST.2MPL|PST.2FPL|PST.3PL
LX-fa3c98e1b4	חֻסַּן	PUAL	hewiktionary	SILVER	1	0.1111	PST.1SG|PST.2MSG|PST.2FSG|PST.3FSG|PST.1PL|PST.2MPL|PST.2FPL|PST.3PL
LX-b2e1fae1bf	תָּאַם	PAAL	hewiktionary	SILVER	1	0.1111	PST.1SG|PST.2MSG|PST.2FSG|PST.3FSG|PST.1PL|PST.2MPL|PST.2FPL|PST.3PL
LX-ec8e747a47	תֵּאֵם	PIEL	hewiktionary	SILVER	1	0.1111	PST.1SG|PST.2MSG|PST.2FSG|PST.3FSG|PST.1PL|PST.2MPL|PST.2FPL|PST.3PL
LX-31fdace26a	כָּהָה	PAAL	hewiktionary	SILVER	1	0.1111	PST.1SG|PST.2MSG|PST.2FSG|PST.3FSG|PST.1PL|PST.2MPL|PST.2FPL|PST.3PL
LX-e20b76dcaa	כִּהָה	PIEL	hewiktionary	SILVER	1	0.1111	PST.1SG|PST.2MSG|PST.2FSG|PST.3FSG|PST.1PL|PST.2MPL|PST.2FPL|PST.3PL
LX-3bb685e941	נָסַק	PAAL	hewiktionary	SILVER	1	0.1111	PST.1SG|PST.2MSG|PST.2FSG|PST.3FSG|PST.1PL|PST.2MPL|PST.2FPL|PST.3PL
LX-694f55e60e	יִחֵל	PIEL	hewiktionary	SILVER	1	0.1111	PST.1SG|PST.2MSG|PST.2FSG|PST.3FSG|PST.1PL|PST.2MPL|PST.2FPL|PST.3PL
LX-dc6958424d	מָשָׁה	PAAL	hewiktionary	SILVER	1	0.1111	PST.1SG|PST.2MSG|PST.2FSG|PST.3FSG|PST.1PL|PST.2MPL|PST.2FPL|PST.3PL
LX-556d52e787	דִּלָּה	PIEL	hewiktionary	SILVER	1	0.1111	PST.1SG|PST.2MSG|PST.2FSG|PST.3FSG|PST.1PL|PST.2MPL|PST.2FPL|PST.3PL
LX-bb92ad8212	שָׁמֵם	PAAL	hewiktionary	SILVER	1	0.1111	PST.1SG|PST.2MSG|PST.2FSG|PST.3FSG|PST.1PL|PST.2MPL|PST.2FPL|PST.3PL
LX-22d921086c	הִמְרִיא	HIFIL	hewiktionary	SILVER	1	0.1111	PST.1SG|PST.2MSG|PST.2FSG|PST.3FSG|PST.1PL|PST.2MPL|PST.2FPL|PST.3PL
LX-0dacca9e7a	הִתְחַתֵּן	HITPAEL	hewiktionary	SILVER	1	0.1111	PST.1SG|PST.2MSG|PST.2FSG|PST.3FSG|PST.1PL|PST.2MPL|PST.2FPL|PST.3PL
LX-37ecdb3fec	נֵאַר	NIFAL	hewiktionary	SILVER	1	0.1111	PST.1SG|PST.2MSG|PST.2FSG|PST.3FSG|PST.1PL|PST.2MPL|PST.2FPL|PST.3PL
LX-6f5747b435	נִאֵר	PIEL	hewiktionary	SILVER	1	0.1111	PST.1SG|PST.2MSG|PST.2FSG|PST.3FSG|PST.1PL|PST.2MPL|PST.2FPL|PST.3PL
LX-02c16b7bbe	נִטּוֹחַ	NIFAL	hewiktionary	SILVER	1	0.1111	PST.1SG|PST.2MSG|PST.2FSG|PST.3FSG|PST.1PL|PST.2MPL|PST.2FPL|PST.3PL
LX-fd72d9008a	סִגֵּר	PIEL	hewiktionary	SILVER	1	0.1111	PST.1SG|PST.2MSG|PST.2FSG|PST.3FSG|PST.1PL|PST.2MPL|PST.2FPL|PST.3PL
LX-65a8e4727b	סֻגַּר	PUAL	hewiktionary	SILVER	1	0.1111	PST.1SG|PST.2MSG|PST.2FSG|PST.3FSG|PST.1PL|PST.2MPL|PST.2FPL|PST.3PL
LX-6f176e0b2c	נוֹסַד	NIFAL	hewiktionary	SILVER	1	0.1111	PST.1SG|PST.2MSG|PST.2FSG|PST.3FSG|PST.1PL|PST.2MPL|PST.2FPL|PST.3PL
LX-f039abacea	הוּמַם	HUFAL	hewiktionary	SILVER	1	0.1111	PST.1SG|PST.2MSG|PST.2FSG|PST.3FSG|PST.1PL|PST.2MPL|PST.2FPL|PST.3PL
LX-45117a3943	הוּמַּם	PUAL	hewiktionary	SILVER	1	0.1111	PST.1SG|PST.2MSG|PST.2FSG|PST.3FSG|PST.1PL|PST.2MPL|PST.2FPL|PST.3PL
LX-e9b38efd9a	הִסִּית	HIFIL	hewiktionary	SILVER	1	0.1111	PST.1SG|PST.2MSG|PST.2FSG|PST.3FSG|PST.1PL|PST.2MPL|PST.2FPL|PST.3PL
LX-32a3a905d1	הוּפַר	HUFAL	hewiktionary	SILVER	1	0.1111	PST.1SG|PST.2MSG|PST.2FSG|PST.3FSG|PST.1PL|PST.2MPL|PST.2FPL|PST.3PL
LX-7d52ae2c4d	הוּקַל	HUFAL	hewiktionary	SILVER	1	0.1111	PST.1SG|PST.2MSG|PST.2FSG|PST.3FSG|PST.1PL|PST.2MPL|PST.2FPL|PST.3PL
LX-05eb202067	נָזוֹר	NIFAL	hewiktionary	SILVER	1	0.1111	PST.1SG|PST.2MSG|PST.2FSG|PST.3FSG|PST.1PL|PST.2MPL|PST.2FPL|PST.3PL
LX-70b25855b2	בִּדָּה	PIEL	hewiktionary	SILVER	1	0.1111	PST.1SG|PST.2MSG|PST.2FSG|PST.3FSG|PST.1PL|PST.2MPL|PST.2FPL|PST.3PL
LX-95858e8ae0	קָשָׁה	PAAL	hewiktionary	SILVER	1	0.1111	PST.1SG|PST.2MSG|PST.2FSG|PST.3FSG|PST.1PL|PST.2MPL|PST.2FPL|PST.3PL
LX-ebe6399db9	קִשָּׁה	PIEL	hewiktionary	SILVER	1	0.1111	PST.1SG|PST.2MSG|PST.2FSG|PST.3FSG|PST.1PL|PST.2MPL|PST.2FPL|PST.3PL
LX-e9c2da2a65	קֻשָּׁה	PUAL	hewiktionary	SILVER	1	0.1111	PST.1SG|PST.2MSG|PST.2FSG|PST.3FSG|PST.1PL|PST.2MPL|PST.2FPL|PST.3PL
LX-827a9b203b	הֵטֵן	HIFIL	hewiktionary	SILVER	1	0.1111	PST.1SG|PST.2MSG|PST.2FSG|PST.3FSG|PST.1PL|PST.2MPL|PST.2FPL|PST.3PL
LX-1150a9cb62	הִתְגּוֹנֵן	HITPAEL	hewiktionary	SILVER	1	0.1111	PST.1SG|PST.2MSG|PST.2FSG|PST.3FSG|PST.1PL|PST.2MPL|PST.2FPL|PST.3PL
LX-2c4e4ea52a	טִרְפֵּד	PIEL	hewiktionary	SILVER	1	0.1111	PST.1SG|PST.2MSG|PST.2FSG|PST.3FSG|PST.1PL|PST.2MPL|PST.2FPL|PST.3PL
LX-7f24113cfd	טֻרְפַּד	PUAL	hewiktionary	SILVER	1	0.1111	PST.1SG|PST.2MSG|PST.2FSG|PST.3FSG|PST.1PL|PST.2MPL|PST.2FPL|PST.3PL
LX-196c37637c	גָּמַז	PAAL	hewiktionary	SILVER	1	0.1111	PST.1SG|PST.2MSG|PST.2FSG|PST.3FSG|PST.1PL|PST.2MPL|PST.2FPL|PST.3PL
LX-1261cf5971	גִּמֵּז	PIEL	hewiktionary	SILVER	1	0.1111	PST.1SG|PST.2MSG|PST.2FSG|PST.3FSG|PST.1PL|PST.2MPL|PST.2FPL|PST.3PL
LX-47d1ab4b74	מוֹדֵד	PIEL	hewiktionary	SILVER	1	0.1111	PST.1SG|PST.2MSG|PST.2FSG|PST.3FSG|PST.1PL|PST.2MPL|PST.2FPL|PST.3PL
LX-08a99b0a79	בָּלַל	PAAL	hewiktionary	SILVER	1	0.1111	PST.1SG|PST.2MSG|PST.2FSG|PST.3FSG|PST.1PL|PST.2MPL|PST.2FPL|PST.3PL
LX-80828f4c19	נִגְמַז	NIFAL	hewiktionary	SILVER	1	0.1111	PST.1SG|PST.2MSG|PST.2FSG|PST.3FSG|PST.1PL|PST.2MPL|PST.2FPL|PST.3PL
LX-ce03606226	גִּרְגֵּר	PIEL	hewiktionary	SILVER	1	0.1111	PST.1SG|PST.2MSG|PST.2FSG|PST.3FSG|PST.1PL|PST.2MPL|PST.2FPL|PST.3PL
LX-ea617d7742	הִדְבִּיק	HIFIL	hewiktionary	SILVER	1	0.1111	PST.1SG|PST.2MSG|PST.2FSG|PST.3FSG|PST.1PL|PST.2MPL|PST.2FPL|PST.3PL
LX-3b8b7bb0d1	עִפְעֵף	PIEL	hewiktionary	SILVER	1	0.1111	PST.1SG|PST.2MSG|PST.2FSG|PST.3FSG|PST.1PL|PST.2MPL|PST.2FPL|PST.3PL
LX-35ea9cf445	הִתְּבַּנְזֵג	HITPAEL	hewiktionary	SILVER	1	0.1111	PST.1SG|PST.2MSG|PST.2FSG|PST.3FSG|PST.1PL|PST.2MPL|PST.2FPL|PST.3PL
LX-7f4b550583	חַת	PAAL	hewiktionary	SILVER	1	0.1111	PST.1SG|PST.2MSG|PST.2FSG|PST.3FSG|PST.1PL|PST.2MPL|PST.2FPL|PST.3PL
LX-57abfa1c4b	הִצְטָרֵד	HITPAEL	hewiktionary	SILVER	1	0.1111	PST.1SG|PST.2MSG|PST.2FSG|PST.3FSG|PST.1PL|PST.2MPL|PST.2FPL|PST.3PL
LX-d720038497	כִּמֵּת	PIEL	hewiktionary	SILVER	1	0.1111	PST.1SG|PST.2MSG|PST.2FSG|PST.3FSG|PST.1PL|PST.2MPL|PST.2FPL|PST.3PL
LX-fc2c9b0e05	הִזְדַּנְגֵּף	HITPAEL	hewiktionary	SILVER	1	0.1111	PST.1SG|PST.2MSG|PST.2FSG|PST.3FSG|PST.1PL|PST.2MPL|PST.2FPL|PST.3PL
LX-70550ad735	עָנַד	PAAL	hewiktionary	SILVER	1	0.1111	PST.1SG|PST.2MSG|PST.2FSG|PST.3FSG|PST.1PL|PST.2MPL|PST.2FPL|PST.3PL
LX-30724c6b39	הִמְטִיר	HIFIL	hewiktionary	SILVER	1	0.1111	PST.1SG|PST.2MSG|PST.2FSG|PST.3FSG|PST.1PL|PST.2MPL|PST.2FPL|PST.3PL
LX-7ae7dbd4b2	קִפֵּד	PIEL	hewiktionary	SILVER	1	0.1111	PST.1SG|PST.2MSG|PST.2FSG|PST.3FSG|PST.1PL|PST.2MPL|PST.2FPL|PST.3PL
LX-fa718f1538	קֻפַּד	PUAL	hewiktionary	SILVER	1	0.1111	PST.1SG|PST.2MSG|PST.2FSG|PST.3FSG|PST.1PL|PST.2MPL|PST.2FPL|PST.3PL
LX-4a2ba928b2	וִתֵּר	PIEL	hewiktionary	SILVER	1	0.1111	PST.1SG|PST.2MSG|PST.2FSG|PST.3FSG|PST.1PL|PST.2MPL|PST.2FPL|PST.3PL
LX-3f63742090	פָּרַט	PAAL	hewiktionary	SILVER	1	0.1111	PST.1SG|PST.2MSG|PST.2FSG|PST.3FSG|PST.1PL|PST.2MPL|PST.2FPL|PST.3PL
LX-8173a362e7	תָּרַע	PAAL	hewiktionary	SILVER	1	0.1111	PST.1SG|PST.2MSG|PST.2FSG|PST.3FSG|PST.1PL|PST.2MPL|PST.2FPL|PST.3PL
LX-47953f977b	הִתְרַעֵל	HITPAEL	hewiktionary	SILVER	1	0.1111	PST.1SG|PST.2MSG|PST.2FSG|PST.3FSG|PST.1PL|PST.2MPL|PST.2FPL|PST.3PL
LX-b44ce608f3	לִטֵּן	PIEL	hewiktionary	SILVER	1	0.1111	PST.1SG|PST.2MSG|PST.2FSG|PST.3FSG|PST.1PL|PST.2MPL|PST.2FPL|PST.3PL
LX-9f8735eb3f	הִתְלַקֵּט	HITPAEL	hewiktionary	SILVER	1	0.1111	PST.1SG|PST.2MSG|PST.2FSG|PST.3FSG|PST.1PL|PST.2MPL|PST.2FPL|PST.3PL
LX-1e58b5aabf	הֵרִיק	HIFIL	hewiktionary	SILVER	1	0.1111	PST.1SG|PST.2MSG|PST.2FSG|PST.3FSG|PST.1PL|PST.2MPL|PST.2FPL|PST.3PL
LX-d4d982b4ae	רָדַף	PAAL	hewiktionary	SILVER	1	0.1111	PST.1SG|PST.2MSG|PST.2FSG|PST.3FSG|PST.1PL|PST.2MPL|PST.2FPL|PST.3PL
LX-bc7f3424a5	רִדֵּף	PIEL	hewiktionary	SILVER	1	0.1111	PST.1SG|PST.2MSG|PST.2FSG|PST.3FSG|PST.1PL|PST.2MPL|PST.2FPL|PST.3PL
LX-932db801ca	הִתְנוֹסֵס	HITPAEL	hewiktionary	SILVER	1	0.1111	PST.1SG|PST.2MSG|PST.2FSG|PST.3FSG|PST.1PL|PST.2MPL|PST.2FPL|PST.3PL
LX-3040ef9b22	גִּדֵּף	PIEL	hewiktionary	SILVER	1	0.1111	PST.1SG|PST.2MSG|PST.2FSG|PST.3FSG|PST.1PL|PST.2MPL|PST.2FPL|PST.3PL
LX-3b91c71e88	בָּחַן	PAAL	hewiktionary	SILVER	1	0.1111	PST.1SG|PST.2MSG|PST.2FSG|PST.3FSG|PST.1PL|PST.2MPL|PST.2FPL|PST.3PL
LX-6a7921d8e4	פָּזַם	PAAL	hewiktionary	SILVER	1	0.1111	PST.1SG|PST.2MSG|PST.2FSG|PST.3FSG|PST.1PL|PST.2MPL|PST.2FPL|PST.3PL
LX-804a434214	פִּזֵּם	PIEL	hewiktionary	SILVER	1	0.1111	PST.1SG|PST.2MSG|PST.2FSG|PST.3FSG|PST.1PL|PST.2MPL|PST.2FPL|PST.3PL
LX-c0eea18508	עָלַץ	PAAL	hewiktionary	SILVER	1	0.1111	PST.1SG|PST.2MSG|PST.2FSG|PST.3FSG|PST.1PL|PST.2MPL|PST.2FPL|PST.3PL
LX-ed8a4d68ec	רָחַשׁ	PAAL	hewiktionary	SILVER	1	0.1111	PST.1SG|PST.2MSG|PST.2FSG|PST.3FSG|PST.1PL|PST.2MPL|PST.2FPL|PST.3PL
LX-4c0722a014	דּוֹבֵב	PIEL	hewiktionary	SILVER	1	0.1111	PST.1SG|PST.2MSG|PST.2FSG|PST.3FSG|PST.1PL|PST.2MPL|PST.2FPL|PST.3PL
LX-544361efd9	חָשַׁד	PAAL	hewiktionary	SILVER	1	0.1111	PST.1SG|PST.2MSG|PST.2FSG|PST.3FSG|PST.1PL|PST.2MPL|PST.2FPL|PST.3PL
LX-431f38f42d	כָּסָה	PAAL	hewiktionary	SILVER	1	0.1111	PST.1SG|PST.2MSG|PST.2FSG|PST.3FSG|PST.1PL|PST.2MPL|PST.2FPL|PST.3PL
LX-9a893fd19e	עָרַף	PAAL	hewiktionary	SILVER	1	0.1111	PST.1SG|PST.2MSG|PST.2FSG|PST.3FSG|PST.1PL|PST.2MPL|PST.2FPL|PST.3PL
LX-1201ec8b24	חָלַץ	PAAL	hewiktionary	SILVER	1	0.1111	PST.1SG|PST.2MSG|PST.2FSG|PST.3FSG|PST.1PL|PST.2MPL|PST.2FPL|PST.3PL
LX-f81c8dbf3a	חִלֵּץ	PIEL	hewiktionary	SILVER	1	0.1111	PST.1SG|PST.2MSG|PST.2FSG|PST.3FSG|PST.1PL|PST.2MPL|PST.2FPL|PST.3PL
LX-c39004d8f9	חָצַץ	PAAL	hewiktionary	SILVER	1	0.1111	PST.1SG|PST.2MSG|PST.2FSG|PST.3FSG|PST.1PL|PST.2MPL|PST.2FPL|PST.3PL
LX-067d33f9a4	חֻצָּץ	PUAL	hewiktionary	SILVER	1	0.1111	PST.1SG|PST.2MSG|PST.2FSG|PST.3FSG|PST.1PL|PST.2MPL|PST.2FPL|PST.3PL
LX-2e24d9134c	מִעֵךְ	PIEL	hewiktionary	SILVER	1	0.1111	PST.1SG|PST.2MSG|PST.2FSG|PST.3FSG|PST.1PL|PST.2MPL|PST.2FPL|PST.3PL
LX-76ce1005b0	צָרַר	PAAL	hewiktionary	QUESTIONABLE	1	0.1111	PST.1SG|PST.2MSG|PST.2FSG|PST.3FSG|PST.1PL|PST.2MPL|PST.2FPL|PST.3PL
LX-7d0a7b863f	שָׁוָה	PAAL	hewiktionary	SILVER	1	0.1111	PST.1SG|PST.2MSG|PST.2FSG|PST.3FSG|PST.1PL|PST.2MPL|PST.2FPL|PST.3PL
LX-ac61034613	שִׁוָּה	PIEL	hewiktionary	SILVER	1	0.1111	PST.1SG|PST.2MSG|PST.2FSG|PST.3FSG|PST.1PL|PST.2MPL|PST.2FPL|PST.3PL
LX-345d6273a0	הִתְעַבֵּר	HITPAEL	hewiktionary	SILVER	1	0.1111	PST.1SG|PST.2MSG|PST.2FSG|PST.3FSG|PST.1PL|PST.2MPL|PST.2FPL|PST.3PL
LX-dc5678b985	סָרַק	PAAL	hewiktionary	SILVER	1	0.1111	PST.1SG|PST.2MSG|PST.2FSG|PST.3FSG|PST.1PL|PST.2MPL|PST.2FPL|PST.3PL
LX-fce402d549	סֵרֵק	PIEL	hewiktionary	SILVER	1	0.1111	PST.1SG|PST.2MSG|PST.2FSG|PST.3FSG|PST.1PL|PST.2MPL|PST.2FPL|PST.3PL
LX-998ff85fb1	זִיֵּף	PIEL	hewiktionary	SILVER	1	0.1111	PST.1SG|PST.2MSG|PST.2FSG|PST.3FSG|PST.1PL|PST.2MPL|PST.2FPL|PST.3PL
LX-70b60a8062	מָט	PAAL	hewiktionary	SILVER	1	0.1111	PST.1SG|PST.2MSG|PST.2FSG|PST.3FSG|PST.1PL|PST.2MPL|PST.2FPL|PST.3PL
LX-220cd0685c	הִתְאַפֵּק	HITPAEL	hewiktionary	SILVER	1	0.1111	PST.1SG|PST.2MSG|PST.2FSG|PST.3FSG|PST.1PL|PST.2MPL|PST.2FPL|PST.3PL
LX-77aa54e57b	קָדַר	PAAL	hewiktionary	SILVER	1	0.1111	PST.1SG|PST.2MSG|PST.2FSG|PST.3FSG|PST.1PL|PST.2MPL|PST.2FPL|PST.3PL
LX-1343f444e3	אָטַר	PAAL	hewiktionary	SILVER	1	0.1111	PST.1SG|PST.2MSG|PST.2FSG|PST.3FSG|PST.1PL|PST.2MPL|PST.2FPL|PST.3PL
LX-e785081f63	הֵצֵר	HIFIL	hewiktionary	SILVER	1	0.1111	PST.1SG|PST.2MSG|PST.2FSG|PST.3FSG|PST.1PL|PST.2MPL|PST.2FPL|PST.3PL
LX-0a9322e123	שִׁסֵּעַ	PIEL	hewiktionary	SILVER	1	0.1111	PST.1SG|PST.2MSG|PST.2FSG|PST.3FSG|PST.1PL|PST.2MPL|PST.2FPL|PST.3PL
LX-065f7adff5	צָרַף	PAAL	hewiktionary	SILVER	1	0.1111	PST.1SG|PST.2MSG|PST.2FSG|PST.3FSG|PST.1PL|PST.2MPL|PST.2FPL|PST.3PL
LX-24013b753f	פִּסֵּג	PIEL	hewiktionary	SILVER	1	0.1111	PST.1SG|PST.2MSG|PST.2FSG|PST.3FSG|PST.1PL|PST.2MPL|PST.2FPL|PST.3PL
LX-8d793085a2	קִדֵּם	PIEL	hewiktionary	SILVER	1	0.1111	PST.1SG|PST.2MSG|PST.2FSG|PST.3FSG|PST.1PL|PST.2MPL|PST.2FPL|PST.3PL
LX-1ea480e132	סִיֵּג	PIEL	hewiktionary	SILVER	1	0.1111	PST.1SG|PST.2MSG|PST.2FSG|PST.3FSG|PST.1PL|PST.2MPL|PST.2FPL|PST.3PL
LX-6a9e9e4866	נָפוֹץ	NIFAL	hewiktionary	SILVER	1	0.1111	PST.1SG|PST.2MSG|PST.2FSG|PST.3FSG|PST.1PL|PST.2MPL|PST.2FPL|PST.3PL
LX-37925960b8	נָפַץ	PAAL	hewiktionary	SILVER	1	0.1111	PST.1SG|PST.2MSG|PST.2FSG|PST.3FSG|PST.1PL|PST.2MPL|PST.2FPL|PST.3PL
LX-58a94a0154	פִּזֵר	PIEL	hewiktionary	SILVER	1	0.1111	PST.1SG|PST.2MSG|PST.2FSG|PST.3FSG|PST.1PL|PST.2MPL|PST.2FPL|PST.3PL
LX-436bdf2e54	פֻּזַּר	PUAL	hewiktionary	SILVER	1	0.1111	PST.1SG|PST.2MSG|PST.2FSG|PST.3FSG|PST.1PL|PST.2MPL|PST.2FPL|PST.3PL
LX-d151dc5200	הִתְבַּדֵר	HITPAEL	hewiktionary	SILVER	1	0.1111	PST.1SG|PST.2MSG|PST.2FSG|PST.3FSG|PST.1PL|PST.2MPL|PST.2FPL|PST.3PL
LX-dde76fb714	הִדְלָה	HIFIL	hewiktionary	SILVER	1	0.1111	PST.1SG|PST.2MSG|PST.2FSG|PST.3FSG|PST.1PL|PST.2MPL|PST.2FPL|PST.3PL
LX-fa8785a968	הֻמְלַח	HUFAL	hewiktionary	SILVER	1	0.1111	PST.1SG|PST.2MSG|PST.2FSG|PST.3FSG|PST.1PL|PST.2MPL|PST.2FPL|PST.3PL
LX-0de0fe2c19	חָמַק	PAAL	hewiktionary	SILVER	1	0.1111	PST.1SG|PST.2MSG|PST.2FSG|PST.3FSG|PST.1PL|PST.2MPL|PST.2FPL|PST.3PL
LX-e8801d5939	צָדָה	PAAL	hewiktionary	SILVER	1	0.1111	PST.1SG|PST.2MSG|PST.2FSG|PST.3FSG|PST.1PL|PST.2MPL|PST.2FPL|PST.3PL
LX-4b53fba61b	רמז	PIEL	hewiktionary	SILVER	1	0.1111	PST.1SG|PST.2MSG|PST.2FSG|PST.3FSG|PST.1PL|PST.2MPL|PST.2FPL|PST.3PL
LX-4abe60193e	שִׁוֵּעַ	PIEL	hewiktionary	SILVER	1	0.1111	PST.1SG|PST.2MSG|PST.2FSG|PST.3FSG|PST.1PL|PST.2MPL|PST.2FPL|PST.3PL
LX-3c60643a87	הִשְׁבִּיחַ	HIFIL	hewiktionary	SILVER	1	0.1111	PST.1SG|PST.2MSG|PST.2FSG|PST.3FSG|PST.1PL|PST.2MPL|PST.2FPL|PST.3PL
LX-6e4dc9cebe	סָרַג	PAAL	hewiktionary	SILVER	1	0.1111	PST.1SG|PST.2MSG|PST.2FSG|PST.3FSG|PST.1PL|PST.2MPL|PST.2FPL|PST.3PL
LX-5669c2eec9	נִמּוֹחַ	NIFAL	hewiktionary	SILVER	1	0.1111	PST.1SG|PST.2MSG|PST.2FSG|PST.3FSG|PST.1PL|PST.2MPL|PST.2FPL|PST.3PL
LX-dbdd2b16bd	פִִּטֵּם	PIEL	hewiktionary	SILVER	1	0.1111	PST.1SG|PST.2MSG|PST.2FSG|PST.3FSG|PST.1PL|PST.2MPL|PST.2FPL|PST.3PL
LX-71bb739a50	גָּרַס	PAAL	hewiktionary	SILVER	1	0.1111	PST.1SG|PST.2MSG|PST.2FSG|PST.3FSG|PST.1PL|PST.2MPL|PST.2FPL|PST.3PL
LX-9b0e31a245	שָׁנַן	PAAL	hewiktionary	SILVER	1	0.1111	PST.1SG|PST.2MSG|PST.2FSG|PST.3FSG|PST.1PL|PST.2MPL|PST.2FPL|PST.3PL
LX-476a8333df	שִׁנֵּן	PIEL	hewiktionary	SILVER	1	0.1111	PST.1SG|PST.2MSG|PST.2FSG|PST.3FSG|PST.1PL|PST.2MPL|PST.2FPL|PST.3PL
LX-c71a81d9e4	רָצַע	PAAL	hewiktionary	SILVER	1	0.1111	PST.1SG|PST.2MSG|PST.2FSG|PST.3FSG|PST.1PL|PST.2MPL|PST.2FPL|PST.3PL
LX-e502229419	חָרַך	PAAL	hewiktionary	SILVER	1	0.1111	PST.1SG|PST.2MSG|PST.2FSG|PST.3FSG|PST.1PL|PST.2MPL|PST.2FPL|PST.3PL
LX-d5d21bdb5b	שָֹגַב	PAAL	hewiktionary	SILVER	1	0.1111	PST.1SG|PST.2MSG|PST.2FSG|PST.3FSG|PST.1PL|PST.2MPL|PST.2FPL|PST.3PL
LX-48290c7345	קִוָּה	PIEL	hewiktionary	SILVER	1	0.1111	PST.1SG|PST.2MSG|PST.2FSG|PST.3FSG|PST.1PL|PST.2MPL|PST.2FPL|PST.3PL
LX-2a3f1fca6b	הִתְחַטָּא	HITPAEL	hewiktionary	SILVER	1	0.1111	PST.1SG|PST.2MSG|PST.2FSG|PST.3FSG|PST.1PL|PST.2MPL|PST.2FPL|PST.3PL
LX-5b8a445934	הִתְפַּנֵק	HITPAEL	hewiktionary	SILVER	1	0.1111	PST.1SG|PST.2MSG|PST.2FSG|PST.3FSG|PST.1PL|PST.2MPL|PST.2FPL|PST.3PL
LX-84746658fd	הִתְעַנֵֵּג	HITPAEL	hewiktionary	SILVER	1	0.1111	PST.1SG|PST.2MSG|PST.2FSG|PST.3FSG|PST.1PL|PST.2MPL|PST.2FPL|PST.3PL
LX-f8a7582a9f	הִסְתַּגֵּף	HITPAEL	hewiktionary	SILVER	1	0.1111	PST.1SG|PST.2MSG|PST.2FSG|PST.3FSG|PST.1PL|PST.2MPL|PST.2FPL|PST.3PL
LX-88ddc19d12	הִתְעַנָּה	HITPAEL	hewiktionary	SILVER	1	0.1111	PST.1SG|PST.2MSG|PST.2FSG|PST.3FSG|PST.1PL|PST.2MPL|PST.2FPL|PST.3PL
LX-234884d40e	קָדַח	PAAL	hewiktionary	SILVER	1	0.1111	PST.1SG|PST.2MSG|PST.2FSG|PST.3FSG|PST.1PL|PST.2MPL|PST.2FPL|PST.3PL
LX-a0a0920f3e	הִקְדִּיחַ	HIFIL	hewiktionary	SILVER	1	0.1111	PST.1SG|PST.2MSG|PST.2FSG|PST.3FSG|PST.1PL|PST.2MPL|PST.2FPL|PST.3PL
LX-5c8e1c7306	הִכְפִּישׁ	HIFIL	hewiktionary	SILVER	1	0.1111	PST.1SG|PST.2MSG|PST.2FSG|PST.3FSG|PST.1PL|PST.2MPL|PST.2FPL|PST.3PL
LX-7205d19f99	קָפַשׁ	PAAL	hewiktionary	SILVER	1	0.1111	PST.1SG|PST.2MSG|PST.2FSG|PST.3FSG|PST.1PL|PST.2MPL|PST.2FPL|PST.3PL
LX-3d1a8e8aa4	בִּעֵר	PIEL	hewiktionary	SILVER	1	0.1111	PST.1SG|PST.2MSG|PST.2FSG|PST.3FSG|PST.1PL|PST.2MPL|PST.2FPL|PST.3PL
LX-c84adf1cbe	הִשְֹתָּרֵר	HITPAEL	hewiktionary	SILVER	1	0.1111	PST.1SG|PST.2MSG|PST.2FSG|PST.3FSG|PST.1PL|PST.2MPL|PST.2FPL|PST.3PL
LX-21169bd902	סָלַד	PAAL	hewiktionary	SILVER	1	0.1111	PST.1SG|PST.2MSG|PST.2FSG|PST.3FSG|PST.1PL|PST.2MPL|PST.2FPL|PST.3PL
LX-0fbfc51379	טֹרַף	PUAL	hewiktionary	SILVER	1	0.1111	PST.1SG|PST.2MSG|PST.2FSG|PST.3FSG|PST.1PL|PST.2MPL|PST.2FPL|PST.3PL
LX-74787f35cb	הִתְנַכֵּל	HITPAEL	hewiktionary	SILVER	1	0.1111	PST.1SG|PST.2MSG|PST.2FSG|PST.3FSG|PST.1PL|PST.2MPL|PST.2FPL|PST.3PL
LX-bc3af48200	סִלְסֵל	PIEL	hewiktionary	SILVER	1	0.1111	PST.1SG|PST.2MSG|PST.2FSG|PST.3FSG|PST.1PL|PST.2MPL|PST.2FPL|PST.3PL
LX-c6b93497f8	סָמַר	PAAL	hewiktionary	SILVER	1	0.1111	PST.1SG|PST.2MSG|PST.2FSG|PST.3FSG|PST.1PL|PST.2MPL|PST.2FPL|PST.3PL
LX-6077046334	סִמֵּר	PIEL	hewiktionary	SILVER	1	0.1111	PST.1SG|PST.2MSG|PST.2FSG|PST.3FSG|PST.1PL|PST.2MPL|PST.2FPL|PST.3PL
LX-6904fc8491	הִצְמִיד	HIFIL	hewiktionary	SILVER	1	0.1111	PST.1SG|PST.2MSG|PST.2FSG|PST.3FSG|PST.1PL|PST.2MPL|PST.2FPL|PST.3PL
LX-c2935ed35b	אִיֵּת	PIEL	hewiktionary	SILVER	1	0.1111	PST.1SG|PST.2MSG|PST.2FSG|PST.3FSG|PST.1PL|PST.2MPL|PST.2FPL|PST.3PL
LX-88793bef53	רָגַז	PAAL	hewiktionary	SILVER	1	0.1111	PST.1SG|PST.2MSG|PST.2FSG|PST.3FSG|PST.1PL|PST.2MPL|PST.2FPL|PST.3PL
LX-17d166ea05	נִמְשַׁל	NIFAL	hewiktionary	SILVER	1	0.1111	PST.1SG|PST.2MSG|PST.2FSG|PST.3FSG|PST.1PL|PST.2MPL|PST.2FPL|PST.3PL
LX-0149b72ebd	לִוָּה	PIEL	hewiktionary	SILVER	1	0.1111	PST.1SG|PST.2MSG|PST.2FSG|PST.3FSG|PST.1PL|PST.2MPL|PST.2FPL|PST.3PL
LX-64b1b152f1	לֻוָּה	PUAL	hewiktionary	SILVER	1	0.1111	PST.1SG|PST.2MSG|PST.2FSG|PST.3FSG|PST.1PL|PST.2MPL|PST.2FPL|PST.3PL
LX-4bb52d3082	דָּלַף	PAAL	hewiktionary	SILVER	1	0.1111	PST.1SG|PST.2MSG|PST.2FSG|PST.3FSG|PST.1PL|PST.2MPL|PST.2FPL|PST.3PL
LX-8040a71839	חָתַר	PAAL	hewiktionary	SILVER	1	0.1111	PST.1SG|PST.2MSG|PST.2FSG|PST.3FSG|PST.1PL|PST.2MPL|PST.2FPL|PST.3PL
LX-3bc4f31b9e	שָׁפַל	PAAL	hewiktionary	SILVER	1	0.1111	PST.1SG|PST.2MSG|PST.2FSG|PST.3FSG|PST.1PL|PST.2MPL|PST.2FPL|PST.3PL
LX-88324c3b94	פָּרַךְ	PAAL	hewiktionary	SILVER	1	0.1111	PST.1SG|PST.2MSG|PST.2FSG|PST.3FSG|PST.1PL|PST.2MPL|PST.2FPL|PST.3PL
LX-59968d86cf	פִּגֵּר	PIEL	hewiktionary	SILVER	1	0.1111	PST.1SG|PST.2MSG|PST.2FSG|PST.3FSG|PST.1PL|PST.2MPL|PST.2FPL|PST.3PL
LX-a40113227b	לִחֵךְ	PIEL	hewiktionary	SILVER	1	0.1111	PST.1SG|PST.2MSG|PST.2FSG|PST.3FSG|PST.1PL|PST.2MPL|PST.2FPL|PST.3PL
LX-8564077632	הוֹעִיל	HIFIL	hewiktionary	SILVER	1	0.1111	PST.1SG|PST.2MSG|PST.2FSG|PST.3FSG|PST.1PL|PST.2MPL|PST.2FPL|PST.3PL
LX-4f5a2216e1	הִרְגִּיל	HIFIL	hewiktionary	SILVER	1	0.1111	PST.1SG|PST.2MSG|PST.2FSG|PST.3FSG|PST.1PL|PST.2MPL|PST.2FPL|PST.3PL
LX-d4c56e97f8	הֶעֱנִיק	HIFIL	hewiktionary	SILVER	1	0.1111	PST.1SG|PST.2MSG|PST.2FSG|PST.3FSG|PST.1PL|PST.2MPL|PST.2FPL|PST.3PL
LX-3c060dcd0b	הִסְוָה	HIFIL	hewiktionary	SILVER	1	0.1111	PST.1SG|PST.2MSG|PST.2FSG|PST.3FSG|PST.1PL|PST.2MPL|PST.2FPL|PST.3PL
LX-87cfdb0e42	דָּהָה	PAAL	hewiktionary	SILVER	1	0.1111	PST.1SG|PST.2MSG|PST.2FSG|PST.3FSG|PST.1PL|PST.2MPL|PST.2FPL|PST.3PL
LX-2b512a721f	הֵפִיס	HIFIL	hewiktionary	SILVER	1	0.1111	PST.1SG|PST.2MSG|PST.2FSG|PST.3FSG|PST.1PL|PST.2MPL|PST.2FPL|PST.3PL
LX-dd7b92ebad	גָּאָה	PAAL	hewiktionary	SILVER	1	0.1111	PST.1SG|PST.2MSG|PST.2FSG|PST.3FSG|PST.1PL|PST.2MPL|PST.2FPL|PST.3PL
LX-73f05dfd73	זָלַג	PAAL	hewiktionary	SILVER	1	0.1111	PST.1SG|PST.2MSG|PST.2FSG|PST.3FSG|PST.1PL|PST.2MPL|PST.2FPL|PST.3PL
LX-db5b2718fa	סָמַךְ	PAAL	hewiktionary	SILVER	1	0.1111	PST.1SG|PST.2MSG|PST.2FSG|PST.3FSG|PST.1PL|PST.2MPL|PST.2FPL|PST.3PL
LX-71fac5ec38	טִיֵּב	PIEL	hewiktionary	SILVER	1	0.1111	PST.1SG|PST.2MSG|PST.2FSG|PST.3FSG|PST.1PL|PST.2MPL|PST.2FPL|PST.3PL
LX-c814283b46	גָּחַן	PAAL	hewiktionary	SILVER	1	0.1111	PST.1SG|PST.2MSG|PST.2FSG|PST.3FSG|PST.1PL|PST.2MPL|PST.2FPL|PST.3PL
LX-e14b35e846	נָגַח	PAAL	hewiktionary	SILVER	1	0.1111	PST.1SG|PST.2MSG|PST.2FSG|PST.3FSG|PST.1PL|PST.2MPL|PST.2FPL|PST.3PL
LX-43227cfc1d	נִגֵּחַ	PIEL	hewiktionary	SILVER	1	0.1111	PST.1SG|PST.2MSG|PST.2FSG|PST.3FSG|PST.1PL|PST.2MPL|PST.2FPL|PST.3PL
LX-a024735901	הִגִּיחַ	HIFIL	hewiktionary	SILVER	1	0.1111	PST.1SG|PST.2MSG|PST.2FSG|PST.3FSG|PST.1PL|PST.2MPL|PST.2FPL|PST.3PL
LX-3680903e9c	חָבַשׁ	PAAL	hewiktionary	SILVER	1	0.1111	PST.1SG|PST.2MSG|PST.2FSG|PST.3FSG|PST.1PL|PST.2MPL|PST.2FPL|PST.3PL
LX-f3e82ff654	חֻבָּשׁ	PUAL	hewiktionary	SILVER	1	0.1111	PST.1SG|PST.2MSG|PST.2FSG|PST.3FSG|PST.1PL|PST.2MPL|PST.2FPL|PST.3PL
LX-02388c6a3a	גָּס	PAAL	hewiktionary	QUESTIONABLE	1	0.1111	PST.1SG|PST.2MSG|PST.2FSG|PST.3FSG|PST.1PL|PST.2MPL|PST.2FPL|PST.3PL
LX-fefe17f85f	כָּשַׁל	PAAL	hewiktionary	SILVER	1	0.1111	PST.1SG|PST.2MSG|PST.2FSG|PST.3FSG|PST.1PL|PST.2MPL|PST.2FPL|PST.3PL
LX-133c0d3ba2	תָּלָה	PAAL	hewiktionary	SILVER	1	0.1111	PST.1SG|PST.2MSG|PST.2FSG|PST.3FSG|PST.1PL|PST.2MPL|PST.2FPL|PST.3PL
LX-ba357185dc	נִתְלָה	NIFAL	hewiktionary	SILVER	1	0.1111	PST.1SG|PST.2MSG|PST.2FSG|PST.3FSG|PST.1PL|PST.2MPL|PST.2FPL|PST.3PL
LX-6d5a1a26fb	סָבַר	PAAL	hewiktionary	SILVER	1	0.1111	PST.1SG|PST.2MSG|PST.2FSG|PST.3FSG|PST.1PL|PST.2MPL|PST.2FPL|PST.3PL
LX-33cbea718b	סִבֵּר	PIEL	hewiktionary	SILVER	1	0.1111	PST.1SG|PST.2MSG|PST.2FSG|PST.3FSG|PST.1PL|PST.2MPL|PST.2FPL|PST.3PL
LX-44173bd051	מָחַל	PAAL	hewiktionary	SILVER	1	0.1111	PST.1SG|PST.2MSG|PST.2FSG|PST.3FSG|PST.1PL|PST.2MPL|PST.2FPL|PST.3PL
LX-61cc23d1d9	טָמַן	PAAL	hewiktionary	SILVER	1	0.1111	PST.1SG|PST.2MSG|PST.2FSG|PST.3FSG|PST.1PL|PST.2MPL|PST.2FPL|PST.3PL
LX-085e2491ad	הֶאֱמִיר	HIFIL	hewiktionary	SILVER	1	0.1111	PST.1SG|PST.2MSG|PST.2FSG|PST.3FSG|PST.1PL|PST.2MPL|PST.2FPL|PST.3PL
LX-76ec361283	נֻחָם	PUAL	hewiktionary	SILVER	1	0.1111	PST.1SG|PST.2MSG|PST.2FSG|PST.3FSG|PST.1PL|PST.2MPL|PST.2FPL|PST.3PL
LX-d0dae5e42f	נֵחָם	NIFAL	hewiktionary	SILVER	1	0.1111	PST.1SG|PST.2MSG|PST.2FSG|PST.3FSG|PST.1PL|PST.2MPL|PST.2FPL|PST.3PL
LX-e9ff228857	חָנַף	PAAL	hewiktionary	SILVER	1	0.1111	PST.1SG|PST.2MSG|PST.2FSG|PST.3FSG|PST.1PL|PST.2MPL|PST.2FPL|PST.3PL
LX-9e9a388d65	חִנֵּף	PIEL	hewiktionary	SILVER	1	0.1111	PST.1SG|PST.2MSG|PST.2FSG|PST.3FSG|PST.1PL|PST.2MPL|PST.2FPL|PST.3PL
LX-176a441d04	הֶחֱנִיף	HIFIL	hewiktionary	SILVER	1	0.1111	PST.1SG|PST.2MSG|PST.2FSG|PST.3FSG|PST.1PL|PST.2MPL|PST.2FPL|PST.3PL
LX-66e21f04aa	הִתְנָה	HIFIL	hewiktionary	SILVER	1	0.1111	PST.1SG|PST.2MSG|PST.2FSG|PST.3FSG|PST.1PL|PST.2MPL|PST.2FPL|PST.3PL
LX-8036faba97	זָח	PAAL	hewiktionary	SILVER	1	0.1111	PST.1SG|PST.2MSG|PST.2FSG|PST.3FSG|PST.1PL|PST.2MPL|PST.2FPL|PST.3PL
LX-0d5ac9afab	מָשׁ	PAAL	hewiktionary	SILVER	1	0.1111	PST.1SG|PST.2MSG|PST.2FSG|PST.3FSG|PST.1PL|PST.2MPL|PST.2FPL|PST.3PL
LX-e5a6225c11	אָרָה	PAAL	hewiktionary	SILVER	1	0.1111	PST.1SG|PST.2MSG|PST.2FSG|PST.3FSG|PST.1PL|PST.2MPL|PST.2FPL|PST.3PL
LX-6762d3a90a	שִׁפֵּץ	PIEL	hewiktionary	SILVER	1	0.1111	PST.1SG|PST.2MSG|PST.2FSG|PST.3FSG|PST.1PL|PST.2MPL|PST.2FPL|PST.3PL
LX-3f40a1aef1	שָׁפַת	PAAL	hewiktionary	SILVER	1	0.1111	PST.1SG|PST.2MSG|PST.2FSG|PST.3FSG|PST.1PL|PST.2MPL|PST.2FPL|PST.3PL
LX-9fcd3514ff	רִוָּה	PIEL	hewiktionary	SILVER	1	0.1111	PST.1SG|PST.2MSG|PST.2FSG|PST.3FSG|PST.1PL|PST.2MPL|PST.2FPL|PST.3PL
LX-76872e6e22	רָוָה	PAAL	hewiktionary	SILVER	1	0.1111	PST.1SG|PST.2MSG|PST.2FSG|PST.3FSG|PST.1PL|PST.2MPL|PST.2FPL|PST.3PL
LX-be33d2d675	הִרְוָה	HIFIL	hewiktionary	SILVER	1	0.1111	PST.1SG|PST.2MSG|PST.2FSG|PST.3FSG|PST.1PL|PST.2MPL|PST.2FPL|PST.3PL
LX-94266b214e	נִמְחָה	NIFAL	hewiktionary	SILVER	1	0.1111	PST.1SG|PST.2MSG|PST.2FSG|PST.3FSG|PST.1PL|PST.2MPL|PST.2FPL|PST.3PL
LX-604cf9784b	מָחָה	PAAL	hewiktionary	QUESTIONABLE	1	0.1111	PST.1SG|PST.2MSG|PST.2FSG|PST.3FSG|PST.1PL|PST.2MPL|PST.2FPL|PST.3PL
LX-0c975d4a1c	מָחָה	PAAL	hewiktionary	QUESTIONABLE	1	0.1111	PST.1SG|PST.2MSG|PST.2FSG|PST.3FSG|PST.1PL|PST.2MPL|PST.2FPL|PST.3PL
LX-7ab4ad0a28	מָחָא	PAAL	hewiktionary	SILVER	1	0.1111	PST.1SG|PST.2MSG|PST.2FSG|PST.3FSG|PST.1PL|PST.2MPL|PST.2FPL|PST.3PL
LX-e9cd517630	הִרְקִיעַ	HIFIL	hewiktionary	SILVER	1	0.1111	PST.1SG|PST.2MSG|PST.2FSG|PST.3FSG|PST.1PL|PST.2MPL|PST.2FPL|PST.3PL
LX-186c9e7451	הִתְפַּלֵּשׁ	HITPAEL	hewiktionary	SILVER	1	0.1111	PST.1SG|PST.2MSG|PST.2FSG|PST.3FSG|PST.1PL|PST.2MPL|PST.2FPL|PST.3PL
LX-70ed88463c	פָּלַשׁ	PAAL	hewiktionary	SILVER	1	0.1111	PST.1SG|PST.2MSG|PST.2FSG|PST.3FSG|PST.1PL|PST.2MPL|PST.2FPL|PST.3PL
LX-5687a24644	פִּלֵּס	PIEL	hewiktionary	SILVER	1	0.1111	PST.1SG|PST.2MSG|PST.2FSG|PST.3FSG|PST.1PL|PST.2MPL|PST.2FPL|PST.3PL
LX-62fbafc806	אָצַל	PAAL	hewiktionary	SILVER	1	0.1111	PST.1SG|PST.2MSG|PST.2FSG|PST.3FSG|PST.1PL|PST.2MPL|PST.2FPL|PST.3PL
LX-fe14af0d0f	פָּתַר	PAAL	hewiktionary	SILVER	1	0.1111	PST.1SG|PST.2MSG|PST.2FSG|PST.3FSG|PST.1PL|PST.2MPL|PST.2FPL|PST.3PL
LX-b3f7e37f59	הֵדַק	HIFIL	hewiktionary	SILVER	1	0.1111	PST.1SG|PST.2MSG|PST.2FSG|PST.3FSG|PST.1PL|PST.2MPL|PST.2FPL|PST.3PL
LX-c8e368f5b0	הִדֵּק	PIEL	hewiktionary	SILVER	1	0.1111	PST.1SG|PST.2MSG|PST.2FSG|PST.3FSG|PST.1PL|PST.2MPL|PST.2FPL|PST.3PL
LX-6690bf2bbf	הֻדַּק	PUAL	hewiktionary	SILVER	1	0.1111	PST.1SG|PST.2MSG|PST.2FSG|PST.3FSG|PST.1PL|PST.2MPL|PST.2FPL|PST.3PL
LX-d2900bdeb5	סִעֵף	PIEL	hewiktionary	SILVER	1	0.1111	PST.1SG|PST.2MSG|PST.2FSG|PST.3FSG|PST.1PL|PST.2MPL|PST.2FPL|PST.3PL
LX-7de82341ba	הִסִּיג	HIFIL	hewiktionary	SILVER	1	0.1111	PST.1SG|PST.2MSG|PST.2FSG|PST.3FSG|PST.1PL|PST.2MPL|PST.2FPL|PST.3PL
LX-43e64fbb22	הָוָה	PAAL	hewiktionary	SILVER	1	0.1111	PST.1SG|PST.2MSG|PST.2FSG|PST.3FSG|PST.1PL|PST.2MPL|PST.2FPL|PST.3PL
LX-1544af2363	הִוָּה	PIEL	hewiktionary	SILVER	1	0.1111	PST.1SG|PST.2MSG|PST.2FSG|PST.3FSG|PST.1PL|PST.2MPL|PST.2FPL|PST.3PL
LX-5b272130a8	הִדִּיר	HIFIL	hewiktionary	SILVER	1	0.1111	PST.1SG|PST.2MSG|PST.2FSG|PST.3FSG|PST.1PL|PST.2MPL|PST.2FPL|PST.3PL
LX-308b0af23b	הִסֵּס	PIEL	hewiktionary	SILVER	1	0.1111	PST.1SG|PST.2MSG|PST.2FSG|PST.3FSG|PST.1PL|PST.2MPL|PST.2FPL|PST.3PL
LX-28844c4fa1	עָגַם	PAAL	hewiktionary	SILVER	1	0.1111	PST.1SG|PST.2MSG|PST.2FSG|PST.3FSG|PST.1PL|PST.2MPL|PST.2FPL|PST.3PL
LX-d0dd4c56a4	הִתְעַמֵּת	HITPAEL	hewiktionary	SILVER	1	0.1111	PST.1SG|PST.2MSG|PST.2FSG|PST.3FSG|PST.1PL|PST.2MPL|PST.2FPL|PST.3PL
LX-1e8e9e2814	הֻשַּׂם	HUFAL	hewiktionary	SILVER	1	0.1111	PST.1SG|PST.2MSG|PST.2FSG|PST.3FSG|PST.1PL|PST.2MPL|PST.2FPL|PST.3PL
LX-d2da4d16ca	הִתְמִיד	HIFIL	hewiktionary	SILVER	1	0.1111	PST.1SG|PST.2MSG|PST.2FSG|PST.3FSG|PST.1PL|PST.2MPL|PST.2FPL|PST.3PL
LX-2a17c90d12	נִגֵּעַ	PIEL	hewiktionary	SILVER	1	0.1111	PST.1SG|PST.2MSG|PST.2FSG|PST.3FSG|PST.1PL|PST.2MPL|PST.2FPL|PST.3PL
LX-8c7f2c0ebd	קִלֵּל	PIEL	hewiktionary	SILVER	1	0.1111	PST.1SG|PST.2MSG|PST.2FSG|PST.3FSG|PST.1PL|PST.2MPL|PST.2FPL|PST.3PL
LX-ef6d53ba67	קָמַט	PAAL	hewiktionary	SILVER	1	0.1111	PST.1SG|PST.2MSG|PST.2FSG|PST.3FSG|PST.1PL|PST.2MPL|PST.2FPL|PST.3PL
LX-b68e0d2e92	קִמֵּט	PIEL	hewiktionary	SILVER	1	0.1111	PST.1SG|PST.2MSG|PST.2FSG|PST.3FSG|PST.1PL|PST.2MPL|PST.2FPL|PST.3PL
LX-624f57d440	קֻמַּט	PUAL	hewiktionary	SILVER	1	0.1111	PST.1SG|PST.2MSG|PST.2FSG|PST.3FSG|PST.1PL|PST.2MPL|PST.2FPL|PST.3PL
LX-259c932c96	עִוֵּת	PIEL	hewiktionary	SILVER	1	0.1111	PST.1SG|PST.2MSG|PST.2FSG|PST.3FSG|PST.1PL|PST.2MPL|PST.2FPL|PST.3PL
LX-99acc0375b	עִוָּה	PIEL	hewiktionary	SILVER	1	0.1111	PST.1SG|PST.2MSG|PST.2FSG|PST.3FSG|PST.1PL|PST.2MPL|PST.2FPL|PST.3PL
LX-4add224897	עָוָה	PAAL	hewiktionary	SILVER	1	0.1111	PST.1SG|PST.2MSG|PST.2FSG|PST.3FSG|PST.1PL|PST.2MPL|PST.2FPL|PST.3PL
LX-88d3cca151	חָפַז	PAAL	hewiktionary	SILVER	1	0.1111	PST.1SG|PST.2MSG|PST.2FSG|PST.3FSG|PST.1PL|PST.2MPL|PST.2FPL|PST.3PL
LX-93bbd4b6a0	פָּחַז	PAAL	hewiktionary	SILVER	1	0.1111	PST.1SG|PST.2MSG|PST.2FSG|PST.3FSG|PST.1PL|PST.2MPL|PST.2FPL|PST.3PL
LX-27993d42f8	סָפַת	PAAL	hewiktionary	SILVER	1	0.1111	PST.1SG|PST.2MSG|PST.2FSG|PST.3FSG|PST.1PL|PST.2MPL|PST.2FPL|PST.3PL
LX-426378fac9	נִסְפָּה	NIFAL	hewiktionary	SILVER	1	0.1111	PST.1SG|PST.2MSG|PST.2FSG|PST.3FSG|PST.1PL|PST.2MPL|PST.2FPL|PST.3PL
LX-09f423ee9d	סָרַח	PAAL	hewiktionary	SILVER	1	0.1111	PST.1SG|PST.2MSG|PST.2FSG|PST.3FSG|PST.1PL|PST.2MPL|PST.2FPL|PST.3PL
LX-60357612c7	נָאַם	PAAL	hewiktionary	SILVER	1	0.1111	PST.1SG|PST.2MSG|PST.2FSG|PST.3FSG|PST.1PL|PST.2MPL|PST.2FPL|PST.3PL
LX-ca2455b841	הִתְעָרָה	HITPAEL	hewiktionary	SILVER	1	0.1111	PST.1SG|PST.2MSG|PST.2FSG|PST.3FSG|PST.1PL|PST.2MPL|PST.2FPL|PST.3PL
LX-22a34fa766	חָרַד	PAAL	hewiktionary	SILVER	1	0.1111	PST.1SG|PST.2MSG|PST.2FSG|PST.3FSG|PST.1PL|PST.2MPL|PST.2FPL|PST.3PL
LX-3db4467c57	מִצֵּעַ	PIEL	hewiktionary	SILVER	1	0.1111	PST.1SG|PST.2MSG|PST.2FSG|PST.3FSG|PST.1PL|PST.2MPL|PST.2FPL|PST.3PL
LX-b1c2f43d63	קָצָה	PAAL	hewiktionary	SILVER	1	0.1111	PST.1SG|PST.2MSG|PST.2FSG|PST.3FSG|PST.1PL|PST.2MPL|PST.2FPL|PST.3PL
LX-56f994ecd1	עָמַם	PAAL	hewiktionary	SILVER	1	0.1111	PST.1SG|PST.2MSG|PST.2FSG|PST.3FSG|PST.1PL|PST.2MPL|PST.2FPL|PST.3PL
LX-b78dae861a	עֻמָּם	PUAL	hewiktionary	SILVER	1	0.1111	PST.1SG|PST.2MSG|PST.2FSG|PST.3FSG|PST.1PL|PST.2MPL|PST.2FPL|PST.3PL
LX-8f01e27992	בָּרַר	PAAL	hewiktionary	SILVER	1	0.1111	PST.1SG|PST.2MSG|PST.2FSG|PST.3FSG|PST.1PL|PST.2MPL|PST.2FPL|PST.3PL
LX-7c45967264	בֵּרֵר	PIEL	hewiktionary	SILVER	1	0.1111	PST.1SG|PST.2MSG|PST.2FSG|PST.3FSG|PST.1PL|PST.2MPL|PST.2FPL|PST.3PL
LX-e84a124d37	מָתַח	PAAL	hewiktionary	SILVER	1	0.1111	PST.1SG|PST.2MSG|PST.2FSG|PST.3FSG|PST.1PL|PST.2MPL|PST.2FPL|PST.3PL
LX-167af15359	הֵשִׁיט	HIFIL	hewiktionary	SILVER	1	0.1111	PST.1SG|PST.2MSG|PST.2FSG|PST.3FSG|PST.1PL|PST.2MPL|PST.2FPL|PST.3PL
LX-08b709701f	חִכֵּךְ	PIEL	hewiktionary	SILVER	1	0.1111	PST.1SG|PST.2MSG|PST.2FSG|PST.3FSG|PST.1PL|PST.2MPL|PST.2FPL|PST.3PL
LX-e1a84341fa	חָכַךְ	PAAL	hewiktionary	SILVER	1	0.1111	PST.1SG|PST.2MSG|PST.2FSG|PST.3FSG|PST.1PL|PST.2MPL|PST.2FPL|PST.3PL
LX-0d84703d86	הוֹשִׁיט	HIFIL	hewiktionary	SILVER	1	0.1111	PST.1SG|PST.2MSG|PST.2FSG|PST.3FSG|PST.1PL|PST.2MPL|PST.2FPL|PST.3PL
LX-01f3f3918f	אֵרֵס	PIEL	hewiktionary	SILVER	1	0.1111	PST.1SG|PST.2MSG|PST.2FSG|PST.3FSG|PST.1PL|PST.2MPL|PST.2FPL|PST.3PL
LX-9df540c029	עָכַר	PAAL	hewiktionary	SILVER	1	0.1111	PST.1SG|PST.2MSG|PST.2FSG|PST.3FSG|PST.1PL|PST.2MPL|PST.2FPL|PST.3PL
LX-aec8e8b94b	זָעַק	PAAL	hewiktionary	SILVER	1	0.1111	PST.1SG|PST.2MSG|PST.2FSG|PST.3FSG|PST.1PL|PST.2MPL|PST.2FPL|PST.3PL
LX-3332d6b60c	צָפַר	PAAL	hewiktionary	SILVER	1	0.1111	PST.1SG|PST.2MSG|PST.2FSG|PST.3FSG|PST.1PL|PST.2MPL|PST.2FPL|PST.3PL
LX-f6a23aa476	הֵלִין	HIFIL	hewiktionary	QUESTIONABLE	1	0.1111	PST.1SG|PST.2MSG|PST.2FSG|PST.3FSG|PST.1PL|PST.2MPL|PST.2FPL|PST.3PL
LX-7d0e38bff8	הִלִּין	HIFIL	hewiktionary	QUESTIONABLE	1	0.1111	PST.1SG|PST.2MSG|PST.2FSG|PST.3FSG|PST.1PL|PST.2MPL|PST.2FPL|PST.3PL
LX-0eff985111	הִתְעַשֵּׁת	HITPAEL	hewiktionary	SILVER	1	0.1111	PST.1SG|PST.2MSG|PST.2FSG|PST.3FSG|PST.1PL|PST.2MPL|PST.2FPL|PST.3PL
LX-d23c1419b9	יִרֵט	PIEL	hewiktionary	SILVER	1	0.1111	PST.1SG|PST.2MSG|PST.2FSG|PST.3FSG|PST.1PL|PST.2MPL|PST.2FPL|PST.3PL
LX-361edfa727	חָשַֹף	PAAL	hewiktionary	SILVER	1	0.1111	PST.1SG|PST.2MSG|PST.2FSG|PST.3FSG|PST.1PL|PST.2MPL|PST.2FPL|PST.3PL
LX-8249c86584	בָּזָה	PAAL	hewiktionary	SILVER	1	0.1111	PST.1SG|PST.2MSG|PST.2FSG|PST.3FSG|PST.1PL|PST.2MPL|PST.2FPL|PST.3PL
LX-821fad506c	שָׁפַר	PAAL	hewiktionary	SILVER	1	0.1111	PST.1SG|PST.2MSG|PST.2FSG|PST.3FSG|PST.1PL|PST.2MPL|PST.2FPL|PST.3PL
LX-3ffb39c040	חָשׁ	PAAL	hewiktionary	QUESTIONABLE	1	0.1111	PST.1SG|PST.2MSG|PST.2FSG|PST.3FSG|PST.1PL|PST.2MPL|PST.2FPL|PST.3PL
LX-d87b5c856f	חָשׁ	PAAL	hewiktionary	QUESTIONABLE	1	0.1111	PST.1SG|PST.2MSG|PST.2FSG|PST.3FSG|PST.1PL|PST.2MPL|PST.2FPL|PST.3PL
LX-e87a0a1a01	עָמַס	PAAL	hewiktionary	SILVER	1	0.1111	PST.1SG|PST.2MSG|PST.2FSG|PST.3FSG|PST.1PL|PST.2MPL|PST.2FPL|PST.3PL
LX-3e2a5c7b39	צָבַט	PAAL	hewiktionary	SILVER	1	0.1111	PST.1SG|PST.2MSG|PST.2FSG|PST.3FSG|PST.1PL|PST.2MPL|PST.2FPL|PST.3PL
LX-d76ecca4be	נִתֵּר	PIEL	hewiktionary	SILVER	1	0.1111	PST.1SG|PST.2MSG|PST.2FSG|PST.3FSG|PST.1PL|PST.2MPL|PST.2FPL|PST.3PL
LX-114051c97f	טָרַד	PAAL	hewiktionary	SILVER	1	0.1111	PST.1SG|PST.2MSG|PST.2FSG|PST.3FSG|PST.1PL|PST.2MPL|PST.2FPL|PST.3PL
LX-e22255ae75	הִמְרִיץ	HIFIL	hewiktionary	SILVER	1	0.1111	PST.1SG|PST.2MSG|PST.2FSG|PST.3FSG|PST.1PL|PST.2MPL|PST.2FPL|PST.3PL
LX-db46336319	קֵרֵד	PIEL	hewiktionary	SILVER	1	0.1111	PST.1SG|PST.2MSG|PST.2FSG|PST.3FSG|PST.1PL|PST.2MPL|PST.2FPL|PST.3PL
LX-b1cad9f406	כָּבָה	PAAL	hewiktionary	SILVER	1	0.1111	PST.1SG|PST.2MSG|PST.2FSG|PST.3FSG|PST.1PL|PST.2MPL|PST.2FPL|PST.3PL
LX-a293280b97	נִקְלָה	NIFAL	hewiktionary	QUESTIONABLE	1	0.1111	PST.1SG|PST.2MSG|PST.2FSG|PST.3FSG|PST.1PL|PST.2MPL|PST.2FPL|PST.3PL
LX-0a6ced5078	נִקְלָה	NIFAL	hewiktionary	QUESTIONABLE	1	0.1111	PST.1SG|PST.2MSG|PST.2FSG|PST.3FSG|PST.1PL|PST.2MPL|PST.2FPL|PST.3PL
LX-57336e3057	הִפְרִיס	HIFIL	hewiktionary	SILVER	1	0.1111	PST.1SG|PST.2MSG|PST.2FSG|PST.3FSG|PST.1PL|PST.2MPL|PST.2FPL|PST.3PL
LX-01bfa90dc6	הֶעֱמִיס	HIFIL	hewiktionary	SILVER	1	0.1111	PST.1SG|PST.2MSG|PST.2FSG|PST.3FSG|PST.1PL|PST.2MPL|PST.2FPL|PST.3PL
LX-42e842285a	הִתְעַסֵּק	HITPAEL	hewiktionary	SILVER	1	0.1111	PST.1SG|PST.2MSG|PST.2FSG|PST.3FSG|PST.1PL|PST.2MPL|PST.2FPL|PST.3PL
LX-d5295283d9	עָסַק	PAAL	hewiktionary	SILVER	1	0.1111	PST.1SG|PST.2MSG|PST.2FSG|PST.3FSG|PST.1PL|PST.2MPL|PST.2FPL|PST.3PL
LX-ff3dd2b781	עִסֵּק	PIEL	hewiktionary	SILVER	1	0.1111	PST.1SG|PST.2MSG|PST.2FSG|PST.3FSG|PST.1PL|PST.2MPL|PST.2FPL|PST.3PL
LX-7860009f62	אָיַב	PAAL	hewiktionary	SILVER	1	0.1111	PST.1SG|PST.2MSG|PST.2FSG|PST.3FSG|PST.1PL|PST.2MPL|PST.2FPL|PST.3PL
LX-8506952c84	שָֹטַם	PAAL	hewiktionary	SILVER	1	0.1111	PST.1SG|PST.2MSG|PST.2FSG|PST.3FSG|PST.1PL|PST.2MPL|PST.2FPL|PST.3PL
LX-b1eeed7073	הִתְחָרָה	HITPAEL	hewiktionary	SILVER	1	0.1111	PST.1SG|PST.2MSG|PST.2FSG|PST.3FSG|PST.1PL|PST.2MPL|PST.2FPL|PST.3PL
LX-525c7bfb30	קָץ	PAAL	hewiktionary	SILVER	1	0.1111	PST.1SG|PST.2MSG|PST.2FSG|PST.3FSG|PST.1PL|PST.2MPL|PST.2FPL|PST.3PL
LX-f6d6c32492	מִלֵּל	PIEL	hewiktionary	SILVER	1	0.1111	PST.1SG|PST.2MSG|PST.2FSG|PST.3FSG|PST.1PL|PST.2MPL|PST.2FPL|PST.3PL
LX-246a4a83a9	מָלַל	PIEL	hewiktionary	SILVER	1	0.1111	PST.1SG|PST.2MSG|PST.2FSG|PST.3FSG|PST.1PL|PST.2MPL|PST.2FPL|PST.3PL
LX-48b5b5e9f8	נָכַח	PAAL	hewiktionary	SILVER	1	0.1111	PST.1SG|PST.2MSG|PST.2FSG|PST.3FSG|PST.1PL|PST.2MPL|PST.2FPL|PST.3PL
LX-625edf3006	תָּקַף	PAAL	hewiktionary	SILVER	1	0.1111	PST.1SG|PST.2MSG|PST.2FSG|PST.3FSG|PST.1PL|PST.2MPL|PST.2FPL|PST.3PL
LX-893b08d214	תִּקֵּף	PIEL	hewiktionary	SILVER	1	0.1111	PST.1SG|PST.2MSG|PST.2FSG|PST.3FSG|PST.1PL|PST.2MPL|PST.2FPL|PST.3PL
LX-79d8a5f23a	פָּגַם	PAAL	hewiktionary	SILVER	1	0.1111	PST.1SG|PST.2MSG|PST.2FSG|PST.3FSG|PST.1PL|PST.2MPL|PST.2FPL|PST.3PL
LX-2363f3348e	שָׁקַק	PAAL	hewiktionary	SILVER	1	0.1111	PST.1SG|PST.2MSG|PST.2FSG|PST.3FSG|PST.1PL|PST.2MPL|PST.2FPL|PST.3PL
LX-7210ba5679	גָּלַל	PAAL	hewiktionary	QUESTIONABLE	1	0.1111	PST.1SG|PST.2MSG|PST.2FSG|PST.3FSG|PST.1PL|PST.2MPL|PST.2FPL|PST.3PL
LX-7b9ceda99f	אָטַם	PAAL	hewiktionary	SILVER	1	0.1111	PST.1SG|PST.2MSG|PST.2FSG|PST.3FSG|PST.1PL|PST.2MPL|PST.2FPL|PST.3PL
LX-652b2e0470	פִּגֵּשׁ	PIEL	hewiktionary	SILVER	1	0.1111	PST.1SG|PST.2MSG|PST.2FSG|PST.3FSG|PST.1PL|PST.2MPL|PST.2FPL|PST.3PL
LX-81f19917ab	קִנֵּן	PIEL	hewiktionary	SILVER	1	0.1111	PST.1SG|PST.2MSG|PST.2FSG|PST.3FSG|PST.1PL|PST.2MPL|PST.2FPL|PST.3PL
LX-623563bd79	נִפְעַר	NIFAL	hewiktionary	SILVER	1	0.1111	PST.1SG|PST.2MSG|PST.2FSG|PST.3FSG|PST.1PL|PST.2MPL|PST.2FPL|PST.3PL
LX-3ff6c1a418	פָּעַר	PAAL	hewiktionary	SILVER	1	0.1111	PST.1SG|PST.2MSG|PST.2FSG|PST.3FSG|PST.1PL|PST.2MPL|PST.2FPL|PST.3PL
LX-5aaeaa4560	כִּלְכֵּל	PIEL	hewiktionary	SILVER	1	0.1111	PST.1SG|PST.2MSG|PST.2FSG|PST.3FSG|PST.1PL|PST.2MPL|PST.2FPL|PST.3PL
LX-bd237ab67b	פָּרַע	PAAL	hewiktionary	SILVER	1	0.1111	PST.1SG|PST.2MSG|PST.2FSG|PST.3FSG|PST.1PL|PST.2MPL|PST.2FPL|PST.3PL
LX-3a399d5db4	תָּכַף	PAAL	hewiktionary	SILVER	1	0.1111	PST.1SG|PST.2MSG|PST.2FSG|PST.3FSG|PST.1PL|PST.2MPL|PST.2FPL|PST.3PL
LX-a630e23e9f	גִּבֵּשׁ	PIEL	hewiktionary	SILVER	1	0.1111	PST.1SG|PST.2MSG|PST.2FSG|PST.3FSG|PST.1PL|PST.2MPL|PST.2FPL|PST.3PL
LX-9a2ae1bcc2	סִלֵּף	PIEL	hewiktionary	SILVER	1	0.1111	PST.1SG|PST.2MSG|PST.2FSG|PST.3FSG|PST.1PL|PST.2MPL|PST.2FPL|PST.3PL
LX-6d80eccb17	שָׁחַד	PAAL	hewiktionary	SILVER	1	0.1111	PST.1SG|PST.2MSG|PST.2FSG|PST.3FSG|PST.1PL|PST.2MPL|PST.2FPL|PST.3PL
LX-b70955db83	אָנַף	PAAL	hewiktionary	SILVER	1	0.1111	PST.1SG|PST.2MSG|PST.2FSG|PST.3FSG|PST.1PL|PST.2MPL|PST.2FPL|PST.3PL
LX-73e7174871	טִהֵר	PIEL	hewiktionary	SILVER	1	0.1111	PST.1SG|PST.2MSG|PST.2FSG|PST.3FSG|PST.1PL|PST.2MPL|PST.2FPL|PST.3PL
LX-40b3195ef1	סִבֵּן	PIEL	hewiktionary	SILVER	1	0.1111	PST.1SG|PST.2MSG|PST.2FSG|PST.3FSG|PST.1PL|PST.2MPL|PST.2FPL|PST.3PL
LX-9b16717b14	סָפַח	PAAL	hewiktionary	SILVER	1	0.1111	PST.1SG|PST.2MSG|PST.2FSG|PST.3FSG|PST.1PL|PST.2MPL|PST.2FPL|PST.3PL
LX-05671d5814	סֻפָּח	PUAL	hewiktionary	SILVER	1	0.1111	PST.1SG|PST.2MSG|PST.2FSG|PST.3FSG|PST.1PL|PST.2MPL|PST.2FPL|PST.3PL
LX-f63a7dcd77	בָּטַל	PAAL	hewiktionary	SILVER	1	0.1111	PST.1SG|PST.2MSG|PST.2FSG|PST.3FSG|PST.1PL|PST.2MPL|PST.2FPL|PST.3PL
LX-87c9d4f64e	לָאָה	PAAL	hewiktionary	SILVER	1	0.1111	PST.1SG|PST.2MSG|PST.2FSG|PST.3FSG|PST.1PL|PST.2MPL|PST.2FPL|PST.3PL
LX-dd89ae38da	שִֹפַּח	PIEL	hewiktionary	SILVER	1	0.1111	PST.1SG|PST.2MSG|PST.2FSG|PST.3FSG|PST.1PL|PST.2MPL|PST.2FPL|PST.3PL
LX-31322ed202	הִתְמַקֵּחַ	HITPAEL	hewiktionary	SILVER	1	0.1111	PST.1SG|PST.2MSG|PST.2FSG|PST.3FSG|PST.1PL|PST.2MPL|PST.2FPL|PST.3PL
LX-8432233d36	חָב	PAAL	hewiktionary	SILVER	1	0.1111	PST.1SG|PST.2MSG|PST.2FSG|PST.3FSG|PST.1PL|PST.2MPL|PST.2FPL|PST.3PL
LX-19e16e8566	חִיֵּב	PIEL	hewiktionary	SILVER	1	0.1111	PST.1SG|PST.2MSG|PST.2FSG|PST.3FSG|PST.1PL|PST.2MPL|PST.2FPL|PST.3PL
LX-2c74e73619	חֻבָּא	PUAL	hewiktionary	SILVER	1	0.1111	PST.1SG|PST.2MSG|PST.2FSG|PST.3FSG|PST.1PL|PST.2MPL|PST.2FPL|PST.3PL
LX-9d80857da0	הִבְלִיג	HIFIL	hewiktionary	SILVER	1	0.1111	PST.1SG|PST.2MSG|PST.2FSG|PST.3FSG|PST.1PL|PST.2MPL|PST.2FPL|PST.3PL
LX-b8b6690d4a	שִׁחֵת	PIEL	hewiktionary	SILVER	1	0.1111	PST.1SG|PST.2MSG|PST.2FSG|PST.3FSG|PST.1PL|PST.2MPL|PST.2FPL|PST.3PL
LX-661b974ec3	תָּלַשׁ	PAAL	hewiktionary	SILVER	1	0.1111	PST.1SG|PST.2MSG|PST.2FSG|PST.3FSG|PST.1PL|PST.2MPL|PST.2FPL|PST.3PL
LX-77a57487d6	הִתְרַשֵּׁל	HITPAEL	hewiktionary	SILVER	1	0.1111	PST.1SG|PST.2MSG|PST.2FSG|PST.3FSG|PST.1PL|PST.2MPL|PST.2FPL|PST.3PL
LX-45a36ce353	רִשֵּׁל	PIEL	hewiktionary	SILVER	1	0.1111	PST.1SG|PST.2MSG|PST.2FSG|PST.3FSG|PST.1PL|PST.2MPL|PST.2FPL|PST.3PL
LX-a8d0b3faa5	הִזְהִיר	HIFIL	hewiktionary	SILVER	1	0.1111	PST.1SG|PST.2MSG|PST.2FSG|PST.3FSG|PST.1PL|PST.2MPL|PST.2FPL|PST.3PL
LX-33e884360f	סָנַק	PAAL	hewiktionary	SILVER	1	0.1111	PST.1SG|PST.2MSG|PST.2FSG|PST.3FSG|PST.1PL|PST.2MPL|PST.2FPL|PST.3PL
LX-68f3607993	סָטַר	PAAL	hewiktionary	SILVER	1	0.1111	PST.1SG|PST.2MSG|PST.2FSG|PST.3FSG|PST.1PL|PST.2MPL|PST.2FPL|PST.3PL
LX-d154737697	יִבֵּב	PIEL	hewiktionary	SILVER	1	0.1111	PST.1SG|PST.2MSG|PST.2FSG|PST.3FSG|PST.1PL|PST.2MPL|PST.2FPL|PST.3PL
LX-45959bcc81	הִתְגָּרֵד	HITPAEL	hewiktionary	SILVER	1	0.1111	PST.1SG|PST.2MSG|PST.2FSG|PST.3FSG|PST.1PL|PST.2MPL|PST.2FPL|PST.3PL
LX-1480472b88	לָתַת	PAAL	hewiktionary	SILVER	1	0.1111	PST.1SG|PST.2MSG|PST.2FSG|PST.3FSG|PST.1PL|PST.2MPL|PST.2FPL|PST.3PL
LX-3340e58487	קִשְׁקֵשׁ	PIEL	hewiktionary	SILVER	1	0.1111	PST.1SG|PST.2MSG|PST.2FSG|PST.3FSG|PST.1PL|PST.2MPL|PST.2FPL|PST.3PL
LX-de692d6655	נָבַט	PAAL	hewiktionary	SILVER	1	0.1111	PST.1SG|PST.2MSG|PST.2FSG|PST.3FSG|PST.1PL|PST.2MPL|PST.2FPL|PST.3PL
LX-3c3d4c9f5b	נִבַּט	NIFAL	hewiktionary	SILVER	1	0.1111	PST.1SG|PST.2MSG|PST.2FSG|PST.3FSG|PST.1PL|PST.2MPL|PST.2FPL|PST.3PL
LX-deabcc74b2	בָּגַר	PAAL	hewiktionary	SILVER	1	0.1111	PST.1SG|PST.2MSG|PST.2FSG|PST.3FSG|PST.1PL|PST.2MPL|PST.2FPL|PST.3PL
LX-ce00fb00dd	הִתְגָּרָה	HITPAEL	hewiktionary	SILVER	1	0.1111	PST.1SG|PST.2MSG|PST.2FSG|PST.3FSG|PST.1PL|PST.2MPL|PST.2FPL|PST.3PL
LX-817fbc227a	גֵּרֵד	PIEL	hewiktionary	SILVER	1	0.1111	PST.1SG|PST.2MSG|PST.2FSG|PST.3FSG|PST.1PL|PST.2MPL|PST.2FPL|PST.3PL
LX-0f3dfff948	קִרָה	PIEL	hewiktionary	SILVER	1	0.1111	PST.1SG|PST.2MSG|PST.2FSG|PST.3FSG|PST.1PL|PST.2MPL|PST.2FPL|PST.3PL
LX-fc8d208440	טָח	PAAL	hewiktionary	SILVER	1	0.1111	PST.1SG|PST.2MSG|PST.2FSG|PST.3FSG|PST.1PL|PST.2MPL|PST.2FPL|PST.3PL
LX-788f0c4d36	הִשִּׁיא	HIFIL	hewiktionary	SILVER	1	0.1111	PST.1SG|PST.2MSG|PST.2FSG|PST.3FSG|PST.1PL|PST.2MPL|PST.2FPL|PST.3PL
LX-51bd1d4a29	הִשִֹּיא	HIFIL	hewiktionary	SILVER	1	0.1111	PST.1SG|PST.2MSG|PST.2FSG|PST.3FSG|PST.1PL|PST.2MPL|PST.2FPL|PST.3PL
LX-e7a53daca0	צִעֵק	PIEL	hewiktionary	SILVER	1	0.1111	PST.1SG|PST.2MSG|PST.2FSG|PST.3FSG|PST.1PL|PST.2MPL|PST.2FPL|PST.3PL
LX-7c7ca7f4a2	שִֹגְשֵֹג	PIEL	hewiktionary	SILVER	1	0.1111	PST.1SG|PST.2MSG|PST.2FSG|PST.3FSG|PST.1PL|PST.2MPL|PST.2FPL|PST.3PL
LX-1523407e42	רָקַם	PAAL	hewiktionary	SILVER	1	0.1111	PST.1SG|PST.2MSG|PST.2FSG|PST.3FSG|PST.1PL|PST.2MPL|PST.2FPL|PST.3PL
LX-138e4b6817	רִקֵּם	PIEL	hewiktionary	SILVER	1	0.1111	PST.1SG|PST.2MSG|PST.2FSG|PST.3FSG|PST.1PL|PST.2MPL|PST.2FPL|PST.3PL
LX-4fee3ce4fc	רֻקַּם	PUAL	hewiktionary	SILVER	1	0.1111	PST.1SG|PST.2MSG|PST.2FSG|PST.3FSG|PST.1PL|PST.2MPL|PST.2FPL|PST.3PL
LX-162c84d8b8	חִסֵּל	PIEL	hewiktionary	SILVER	1	0.1111	PST.1SG|PST.2MSG|PST.2FSG|PST.3FSG|PST.1PL|PST.2MPL|PST.2FPL|PST.3PL
LX-3b54f9e7ff	כָּתַשׁ	PAAL	hewiktionary	SILVER	1	0.1111	PST.1SG|PST.2MSG|PST.2FSG|PST.3FSG|PST.1PL|PST.2MPL|PST.2FPL|PST.3PL
LX-fd09ab99f2	כָּרָה	PAAL	hewiktionary	SILVER	1	0.1111	PST.1SG|PST.2MSG|PST.2FSG|PST.3FSG|PST.1PL|PST.2MPL|PST.2FPL|PST.3PL
LX-3c2dc09994	נִתֵּחַ	PIEL	hewiktionary	SILVER	1	0.1111	PST.1SG|PST.2MSG|PST.2FSG|PST.3FSG|PST.1PL|PST.2MPL|PST.2FPL|PST.3PL
LX-6d47d541a3	הִפְרִישׁ	HIFIL	hewiktionary	SILVER	1	0.1111	PST.1SG|PST.2MSG|PST.2FSG|PST.3FSG|PST.1PL|PST.2MPL|PST.2FPL|PST.3PL
LX-76aa699b5e	הִפְרִישׂ	HIFIL	hewiktionary	SILVER	1	0.1111	PST.1SG|PST.2MSG|PST.2FSG|PST.3FSG|PST.1PL|PST.2MPL|PST.2FPL|PST.3PL
LX-83abc9a869	צִמְצֵם	PIEL	hewiktionary	SILVER	1	0.1111	PST.1SG|PST.2MSG|PST.2FSG|PST.3FSG|PST.1PL|PST.2MPL|PST.2FPL|PST.3PL
LX-3482410b80	פָּסַע	PAAL	hewiktionary	SILVER	1	0.1111	PST.1SG|PST.2MSG|PST.2FSG|PST.3FSG|PST.1PL|PST.2MPL|PST.2FPL|PST.3PL
LX-168199ce9b	תָּחַם	PAAL	hewiktionary	SILVER	1	0.1111	PST.1SG|PST.2MSG|PST.2FSG|PST.3FSG|PST.1PL|PST.2MPL|PST.2FPL|PST.3PL
LX-329a77f005	נָצַץ	PAAL	hewiktionary	SILVER	1	0.1111	PST.1SG|PST.2MSG|PST.2FSG|PST.3FSG|PST.1PL|PST.2MPL|PST.2FPL|PST.3PL
LX-990ecabff5	סֵרֵס	PIEL	hewiktionary	SILVER	1	0.1111	PST.1SG|PST.2MSG|PST.2FSG|PST.3FSG|PST.1PL|PST.2MPL|PST.2FPL|PST.3PL
LX-df7a860aab	דָּעַךְ	PAAL	hewiktionary	SILVER	1	0.1111	PST.1SG|PST.2MSG|PST.2FSG|PST.3FSG|PST.1PL|PST.2MPL|PST.2FPL|PST.3PL
LX-e133581a50	שָׁכַך	PAAL	hewiktionary	SILVER	1	0.1111	PST.1SG|PST.2MSG|PST.2FSG|PST.3FSG|PST.1PL|PST.2MPL|PST.2FPL|PST.3PL
LX-1e68b49468	שִׁכֵּךְ	PIEL	hewiktionary	SILVER	1	0.1111	PST.1SG|PST.2MSG|PST.2FSG|PST.3FSG|PST.1PL|PST.2MPL|PST.2FPL|PST.3PL
LX-8a8fa0eb64	שָׁבַק	PAAL	hewiktionary	SILVER	1	0.1111	PST.1SG|PST.2MSG|PST.2FSG|PST.3FSG|PST.1PL|PST.2MPL|PST.2FPL|PST.3PL
LX-097e276147	רָטַן	PAAL	hewiktionary	SILVER	1	0.1111	PST.1SG|PST.2MSG|PST.2FSG|PST.3FSG|PST.1PL|PST.2MPL|PST.2FPL|PST.3PL
LX-6ee50b343c	צָוַח	PAAL	hewiktionary	SILVER	1	0.1111	PST.1SG|PST.2MSG|PST.2FSG|PST.3FSG|PST.1PL|PST.2MPL|PST.2FPL|PST.3PL
LX-634c88bc53	רָמַס	PAAL	hewiktionary	SILVER	1	0.1111	PST.1SG|PST.2MSG|PST.2FSG|PST.3FSG|PST.1PL|PST.2MPL|PST.2FPL|PST.3PL
LX-fd0c963db1	רָמַשֹ	PAAL	hewiktionary	SILVER	1	0.1111	PST.1SG|PST.2MSG|PST.2FSG|PST.3FSG|PST.1PL|PST.2MPL|PST.2FPL|PST.3PL
LX-8813a31ae5	הִשְׁחִין	HIFIL	hewiktionary	SILVER	1	0.1111	PST.1SG|PST.2MSG|PST.2FSG|PST.3FSG|PST.1PL|PST.2MPL|PST.2FPL|PST.3PL
LX-ce4ebd1f55	עִמֵּת	PIEL	hewiktionary	SILVER	1	0.1111	PST.1SG|PST.2MSG|PST.2FSG|PST.3FSG|PST.1PL|PST.2MPL|PST.2FPL|PST.3PL
LX-7e6a46826d	מָרָה	PAAL	hewiktionary	SILVER	1	0.1111	PST.1SG|PST.2MSG|PST.2FSG|PST.3FSG|PST.1PL|PST.2MPL|PST.2FPL|PST.3PL
LX-4a2b66ec24	גָּסַס	PAAL	hewiktionary	QUESTIONABLE	1	0.1111	PST.1SG|PST.2MSG|PST.2FSG|PST.3FSG|PST.1PL|PST.2MPL|PST.2FPL|PST.3PL
LX-4901a7c8ea	עָרַץ	PAAL	hewiktionary	SILVER	1	0.1111	PST.1SG|PST.2MSG|PST.2FSG|PST.3FSG|PST.1PL|PST.2MPL|PST.2FPL|PST.3PL
LX-26fab05d8d	סֻלְעַם	PUAL	hewiktionary	SILVER	1	0.1111	PST.1SG|PST.2MSG|PST.2FSG|PST.3FSG|PST.1PL|PST.2MPL|PST.2FPL|PST.3PL
LX-3021442b7f	בָּחַל	PAAL	hewiktionary	SILVER	1	0.1111	PST.1SG|PST.2MSG|PST.2FSG|PST.3FSG|PST.1PL|PST.2MPL|PST.2FPL|PST.3PL
LX-8c363376ac	בִּחֵל	PIEL	hewiktionary	SILVER	1	0.1111	PST.1SG|PST.2MSG|PST.2FSG|PST.3FSG|PST.1PL|PST.2MPL|PST.2FPL|PST.3PL
LX-73e9d036b6	טִיֵּל	PIEL	hewiktionary	SILVER	1	0.1111	PST.1SG|PST.2MSG|PST.2FSG|PST.3FSG|PST.1PL|PST.2MPL|PST.2FPL|PST.3PL
LX-a8d7792185	פִּגֵּל	PIEL	hewiktionary	SILVER	1	0.1111	PST.1SG|PST.2MSG|PST.2FSG|PST.3FSG|PST.1PL|PST.2MPL|PST.2FPL|PST.3PL
LX-ff7a7fd5c4	צָבָה	PAAL	hewiktionary	SILVER	1	0.1111	PST.1SG|PST.2MSG|PST.2FSG|PST.3FSG|PST.1PL|PST.2MPL|PST.2FPL|PST.3PL
LX-2a705b2e5e	כִּתֵּת	PIEL	hewiktionary	SILVER	1	0.1111	PST.1SG|PST.2MSG|PST.2FSG|PST.3FSG|PST.1PL|PST.2MPL|PST.2FPL|PST.3PL
LX-09aaa1007b	כֻּתָּת	PUAL	hewiktionary	SILVER	1	0.1111	PST.1SG|PST.2MSG|PST.2FSG|PST.3FSG|PST.1PL|PST.2MPL|PST.2FPL|PST.3PL
LX-6e9f9920dc	מוֹתֵת	PIEL	hewiktionary	SILVER	1	0.1111	PST.1SG|PST.2MSG|PST.2FSG|PST.3FSG|PST.1PL|PST.2MPL|PST.2FPL|PST.3PL
LX-2896a7dd04	סִכְסֵךְ	PIEL	hewiktionary	SILVER	1	0.1111	PST.1SG|PST.2MSG|PST.2FSG|PST.3FSG|PST.1PL|PST.2MPL|PST.2FPL|PST.3PL
LX-807bbb658d	אִחָה	PIEL	hewiktionary	SILVER	1	0.1111	PST.1SG|PST.2MSG|PST.2FSG|PST.3FSG|PST.1PL|PST.2MPL|PST.2FPL|PST.3PL
LX-0f9c90afcb	שָׁזַף	PAAL	hewiktionary	SILVER	1	0.1111	PST.1SG|PST.2MSG|PST.2FSG|PST.3FSG|PST.1PL|PST.2MPL|PST.2FPL|PST.3PL
LX-60a8b60118	פִּצֵּל	PIEL	hewiktionary	SILVER	1	0.1111	PST.1SG|PST.2MSG|PST.2FSG|PST.3FSG|PST.1PL|PST.2MPL|PST.2FPL|PST.3PL
LX-a2e782f7ef	עִרְבֵּל	PIEL	hewiktionary	SILVER	1	0.1111	PST.1SG|PST.2MSG|PST.2FSG|PST.3FSG|PST.1PL|PST.2MPL|PST.2FPL|PST.3PL
LX-6eb4edb1ca	חָצַב	PAAL	hewiktionary	SILVER	1	0.1111	PST.1SG|PST.2MSG|PST.2FSG|PST.3FSG|PST.1PL|PST.2MPL|PST.2FPL|PST.3PL
LX-b1d344e935	חֻצָּב	PUAL	hewiktionary	SILVER	1	0.1111	PST.1SG|PST.2MSG|PST.2FSG|PST.3FSG|PST.1PL|PST.2MPL|PST.2FPL|PST.3PL
LX-f33276161e	נִאָה	PIEL	hewiktionary	SILVER	1	0.1111	PST.1SG|PST.2MSG|PST.2FSG|PST.3FSG|PST.1PL|PST.2MPL|PST.2FPL|PST.3PL
LX-70c5a084e6	נֵאוֹת	NIFAL	hewiktionary	SILVER	1	0.1111	PST.1SG|PST.2MSG|PST.2FSG|PST.3FSG|PST.1PL|PST.2MPL|PST.2FPL|PST.3PL
LX-9ae31f7c0e	נָוַה	PAAL	hewiktionary	SILVER	1	0.1111	PST.1SG|PST.2MSG|PST.2FSG|PST.3FSG|PST.1PL|PST.2MPL|PST.2FPL|PST.3PL
LX-4c7aaee15e	הִבְרָה	HIFIL	hewiktionary	QUESTIONABLE	1	0.1111	PST.1SG|PST.2MSG|PST.2FSG|PST.3FSG|PST.1PL|PST.2MPL|PST.2FPL|PST.3PL
LX-f34e197b89	הִשְׂמִיל	HIFIL	hewiktionary	SILVER	1	0.1111	PST.1SG|PST.2MSG|PST.2FSG|PST.3FSG|PST.1PL|PST.2MPL|PST.2FPL|PST.3PL
LX-66839d6b1b	לָטַשׁ	PAAL	hewiktionary	SILVER	1	0.1111	PST.1SG|PST.2MSG|PST.2FSG|PST.3FSG|PST.1PL|PST.2MPL|PST.2FPL|PST.3PL
LX-803566b746	לִטֵּשׁ	PIEL	hewiktionary	SILVER	1	0.1111	PST.1SG|PST.2MSG|PST.2FSG|PST.3FSG|PST.1PL|PST.2MPL|PST.2FPL|PST.3PL
LX-16a953365a	תָּפַח	PAAL	hewiktionary	SILVER	1	0.1111	PST.1SG|PST.2MSG|PST.2FSG|PST.3FSG|PST.1PL|PST.2MPL|PST.2FPL|PST.3PL
LX-b3849b359d	פָּקַם	PAAL	hewiktionary	SILVER	1	0.1111	PST.1SG|PST.2MSG|PST.2FSG|PST.3FSG|PST.1PL|PST.2MPL|PST.2FPL|PST.3PL
LX-90f69c1c97	פִּקֵּם	PIEL	hewiktionary	SILVER	1	0.1111	PST.1SG|PST.2MSG|PST.2FSG|PST.3FSG|PST.1PL|PST.2MPL|PST.2FPL|PST.3PL
LX-f48accec97	הֶעֱגִין	HIFIL	hewiktionary	SILVER	1	0.1111	PST.1SG|PST.2MSG|PST.2FSG|PST.3FSG|PST.1PL|PST.2MPL|PST.2FPL|PST.3PL
LX-6ca49c5513	נִמְהָה	NIFAL	hewiktionary	SILVER	1	0.1111	PST.1SG|PST.2MSG|PST.2FSG|PST.3FSG|PST.1PL|PST.2MPL|PST.2FPL|PST.3PL
LX-b33a072682	נִזְעַךְ	NIFAL	hewiktionary	SILVER	1	0.1111	PST.1SG|PST.2MSG|PST.2FSG|PST.3FSG|PST.1PL|PST.2MPL|PST.2FPL|PST.3PL
LX-8898848b15	זָעַךְ	PAAL	hewiktionary	SILVER	1	0.1111	PST.1SG|PST.2MSG|PST.2FSG|PST.3FSG|PST.1PL|PST.2MPL|PST.2FPL|PST.3PL
LX-1605d9cb79	נֶאֱנַח	NIFAL	hewiktionary	SILVER	1	0.1111	PST.1SG|PST.2MSG|PST.2FSG|PST.3FSG|PST.1PL|PST.2MPL|PST.2FPL|PST.3PL
LX-244ff0f8d1	בָּעָה	PAAL	hewiktionary	SILVER	1	0.1111	PST.1SG|PST.2MSG|PST.2FSG|PST.3FSG|PST.1PL|PST.2MPL|PST.2FPL|PST.3PL
LX-27d4fb317e	זִפֵּף	PIEL	hewiktionary	SILVER	1	0.1111	PST.1SG|PST.2MSG|PST.2FSG|PST.3FSG|PST.1PL|PST.2MPL|PST.2FPL|PST.3PL
LX-e27458f89c	זֻפַּף	PUAL	hewiktionary	SILVER	1	0.1111	PST.1SG|PST.2MSG|PST.2FSG|PST.3FSG|PST.1PL|PST.2MPL|PST.2FPL|PST.3PL
LX-8e38ba73e2	עֻזַּב	PUAL	hewiktionary	SILVER	1	0.1111	PST.1SG|PST.2MSG|PST.2FSG|PST.3FSG|PST.1PL|PST.2MPL|PST.2FPL|PST.3PL
LX-0382f218a3	הֶאֱפִיל	HIFIL	hewiktionary	SILVER	1	0.1111	PST.1SG|PST.2MSG|PST.2FSG|PST.3FSG|PST.1PL|PST.2MPL|PST.2FPL|PST.3PL
LX-83c0352e24	הֵזֵם	HIFIL	hewiktionary	SILVER	1	0.1111	PST.1SG|PST.2MSG|PST.2FSG|PST.3FSG|PST.1PL|PST.2MPL|PST.2FPL|PST.3PL
LX-7386904e31	שָׁגָה	PAAL	hewiktionary	SILVER	1	0.1111	PST.1SG|PST.2MSG|PST.2FSG|PST.3FSG|PST.1PL|PST.2MPL|PST.2FPL|PST.3PL
LX-e0b4462f7f	שָׂגָה	PAAL	hewiktionary	SILVER	1	0.1111	PST.1SG|PST.2MSG|PST.2FSG|PST.3FSG|PST.1PL|PST.2MPL|PST.2FPL|PST.3PL
LX-5279051404	סִנֵּף	PIEL	hewiktionary	SILVER	1	0.1111	PST.1SG|PST.2MSG|PST.2FSG|PST.3FSG|PST.1PL|PST.2MPL|PST.2FPL|PST.3PL
LX-09b026b5f9	סָד	PAAL	hewiktionary	SILVER	1	0.1111	PST.1SG|PST.2MSG|PST.2FSG|PST.3FSG|PST.1PL|PST.2MPL|PST.2FPL|PST.3PL
LX-7cb06d55b2	סִיֵּד	PIEL	hewiktionary	SILVER	1	0.1111	PST.1SG|PST.2MSG|PST.2FSG|PST.3FSG|PST.1PL|PST.2MPL|PST.2FPL|PST.3PL
LX-ec2b5b0e05	יָעַט	PAAL	hewiktionary	SILVER	1	0.1111	PST.1SG|PST.2MSG|PST.2FSG|PST.3FSG|PST.1PL|PST.2MPL|PST.2FPL|PST.3PL
LX-0b43bca61c	הִקְפִּיד	HIFIL	hewiktionary	SILVER	1	0.1111	PST.1SG|PST.2MSG|PST.2FSG|PST.3FSG|PST.1PL|PST.2MPL|PST.2FPL|PST.3PL
LX-2ff4b7045a	נָקַט	NIFAL	hewiktionary	SILVER	1	0.1111	PST.1SG|PST.2MSG|PST.2FSG|PST.3FSG|PST.1PL|PST.2MPL|PST.2FPL|PST.3PL
LX-852031e649	נָקַט	PAAL	hewiktionary	SILVER	1	0.1111	PST.1SG|PST.2MSG|PST.2FSG|PST.3FSG|PST.1PL|PST.2MPL|PST.2FPL|PST.3PL
LX-3cddbd7c30	הֵזִיד	HIFIL	hewiktionary	SILVER	1	0.1111	PST.1SG|PST.2MSG|PST.2FSG|PST.3FSG|PST.1PL|PST.2MPL|PST.2FPL|PST.3PL
LX-a421bd4836	נִכְפָּה	NIFAL	hewiktionary	SILVER	1	0.1111	PST.1SG|PST.2MSG|PST.2FSG|PST.3FSG|PST.1PL|PST.2MPL|PST.2FPL|PST.3PL
LX-8959494ff1	הֵלִיץ	HIFIL	hewiktionary	SILVER	1	0.1111	PST.1SG|PST.2MSG|PST.2FSG|PST.3FSG|PST.1PL|PST.2MPL|PST.2FPL|PST.3PL
LX-96181f3f27	אָפַד	PAAL	hewiktionary	SILVER	1	0.1111	PST.1SG|PST.2MSG|PST.2FSG|PST.3FSG|PST.1PL|PST.2MPL|PST.2FPL|PST.3PL
LX-0efd1e9f13	רִכֵל	PIEL	hewiktionary	SILVER	1	0.1111	PST.1SG|PST.2MSG|PST.2FSG|PST.3FSG|PST.1PL|PST.2MPL|PST.2FPL|PST.3PL
LX-c998288509	נִזְקַק	NIFAL	hewiktionary	SILVER	1	0.1111	PST.1SG|PST.2MSG|PST.2FSG|PST.3FSG|PST.1PL|PST.2MPL|PST.2FPL|PST.3PL
LX-c496821e83	שִׁלְשֵׁל	PIEL	hewiktionary	SILVER	1	0.1111	PST.1SG|PST.2MSG|PST.2FSG|PST.3FSG|PST.1PL|PST.2MPL|PST.2FPL|PST.3PL
LX-5f8867e01b	עִסָּה	PIEL	hewiktionary	QUESTIONABLE	1	0.1111	PST.1SG|PST.2MSG|PST.2FSG|PST.3FSG|PST.1PL|PST.2MPL|PST.2FPL|PST.3PL
LX-5b9231b0ac	הִמְרָה	HIFIL	hewiktionary	SILVER	1	0.1111	PST.1SG|PST.2MSG|PST.2FSG|PST.3FSG|PST.1PL|PST.2MPL|PST.2FPL|PST.3PL
LX-894b4cf04f	נִרְדָּף	NIFAL	hewiktionary	SILVER	1	0.1111	PST.1SG|PST.2MSG|PST.2FSG|PST.3FSG|PST.1PL|PST.2MPL|PST.2FPL|PST.3PL
LX-730464a7ea	קוֹסֵס	PIEL	hewiktionary	QUESTIONABLE	1	0.1111	PST.1SG|PST.2MSG|PST.2FSG|PST.3FSG|PST.1PL|PST.2MPL|PST.2FPL|PST.3PL
LX-de46498e3d	גָּעַל	PAAL	hewiktionary	SILVER	1	0.1111	PST.1SG|PST.2MSG|PST.2FSG|PST.3FSG|PST.1PL|PST.2MPL|PST.2FPL|PST.3PL
LX-4015171fc7	הֵנִיף	HIFIL	hewiktionary	SILVER	1	0.1111	PST.1SG|PST.2MSG|PST.2FSG|PST.3FSG|PST.1PL|PST.2MPL|PST.2FPL|PST.3PL
LX-475c337550	כִּיֵּחַ	PIEL	hewiktionary	SILVER	1	0.1111	PST.1SG|PST.2MSG|PST.2FSG|PST.3FSG|PST.1PL|PST.2MPL|PST.2FPL|PST.3PL
LX-e423718347	יִתָּכֵן	NIFAL	hewiktionary	SILVER	1	0.1111	PST.1SG|PST.2MSG|PST.2FSG|PST.3FSG|PST.1PL|PST.2MPL|PST.2FPL|PST.3PL
LX-787c64611b	אִלְתֵּר	PIEL	hewiktionary	SILVER	1	0.1111	PST.1SG|PST.2MSG|PST.2FSG|PST.3FSG|PST.1PL|PST.2MPL|PST.2FPL|PST.3PL
LX-2ce069885e	חָדַל	PAAL	hewiktionary	SILVER	1	0.1111	PST.1SG|PST.2MSG|PST.2FSG|PST.3FSG|PST.1PL|PST.2MPL|PST.2FPL|PST.3PL
LX-e77ef02a51	נִלְאָה	NIFAL	hewiktionary	SILVER	1	0.1111	PST.1SG|PST.2MSG|PST.2FSG|PST.3FSG|PST.1PL|PST.2MPL|PST.2FPL|PST.3PL
LX-bff7e1391d	חָפַן	PAAL	hewiktionary	SILVER	1	0.1111	PST.1SG|PST.2MSG|PST.2FSG|PST.3FSG|PST.1PL|PST.2MPL|PST.2FPL|PST.3PL
LX-c9b4804ced	עִמֵּץ	PIEL	hewiktionary	SILVER	1	0.1111	PST.1SG|PST.2MSG|PST.2FSG|PST.3FSG|PST.1PL|PST.2MPL|PST.2FPL|PST.3PL
LX-4028bdf1e9	הוֹבִישׁ	HIFIL	hewiktionary	QUESTIONABLE	1	0.1111	PST.1SG|PST.2MSG|PST.2FSG|PST.3FSG|PST.1PL|PST.2MPL|PST.2FPL|PST.3PL
LX-9e25ae0545	הוֹבִישׁ	HIFIL	hewiktionary	QUESTIONABLE	1	0.1111	PST.1SG|PST.2MSG|PST.2FSG|PST.3FSG|PST.1PL|PST.2MPL|PST.2FPL|PST.3PL
LX-ab714229aa	כָּבַר	PAAL	hewiktionary	SILVER	1	0.1111	PST.1SG|PST.2MSG|PST.2FSG|PST.3FSG|PST.1PL|PST.2MPL|PST.2FPL|PST.3PL
LX-600416a304	הִכְבִּיר	HIFIL	hewiktionary	SILVER	1	0.1111	PST.1SG|PST.2MSG|PST.2FSG|PST.3FSG|PST.1PL|PST.2MPL|PST.2FPL|PST.3PL
LX-d2acd35fd4	בָּהָה	PAAL	hewiktionary	SILVER	1	0.1111	PST.1SG|PST.2MSG|PST.2FSG|PST.3FSG|PST.1PL|PST.2MPL|PST.2FPL|PST.3PL
LX-3d72177ef6	כִּרְכֵּב	PIEL	hewiktionary	SILVER	1	0.1111	PST.1SG|PST.2MSG|PST.2FSG|PST.3FSG|PST.1PL|PST.2MPL|PST.2FPL|PST.3PL
LX-b9c80e6b98	נֶחֱסָן	NIFAL	hewiktionary	SILVER	1	0.1111	PST.1SG|PST.2MSG|PST.2FSG|PST.3FSG|PST.1PL|PST.2MPL|PST.2FPL|PST.3PL
LX-72c7647450	פִּגֵּעַ	PIEL	hewiktionary	SILVER	1	0.1111	PST.1SG|PST.2MSG|PST.2FSG|PST.3FSG|PST.1PL|PST.2MPL|PST.2FPL|PST.3PL
LX-5f1610985f	הִתְנַהֵל	HITPAEL	hewiktionary	SILVER	1	0.1111	PST.1SG|PST.2MSG|PST.2FSG|PST.3FSG|PST.1PL|PST.2MPL|PST.2FPL|PST.3PL
LX-4b2de93c76	נִהֵל	PIEL	hewiktionary	SILVER	1	0.1111	PST.1SG|PST.2MSG|PST.2FSG|PST.3FSG|PST.1PL|PST.2MPL|PST.2FPL|PST.3PL
LX-6a9b6a2424	הִבְעִית	HIFIL	hewiktionary	SILVER	1	0.1111	PST.1SG|PST.2MSG|PST.2FSG|PST.3FSG|PST.1PL|PST.2MPL|PST.2FPL|PST.3PL
LX-d1f72d3199	פָּחַס	PAAL	hewiktionary	SILVER	1	0.1111	PST.1SG|PST.2MSG|PST.2FSG|PST.3FSG|PST.1PL|PST.2MPL|PST.2FPL|PST.3PL
LX-3a237d2e55	סָעַר	PAAL	hewiktionary	SILVER	1	0.1111	PST.1SG|PST.2MSG|PST.2FSG|PST.3FSG|PST.1PL|PST.2MPL|PST.2FPL|PST.3PL
LX-23f7ee0166	סִעֵר	PIEL	hewiktionary	SILVER	1	0.1111	PST.1SG|PST.2MSG|PST.2FSG|PST.3FSG|PST.1PL|PST.2MPL|PST.2FPL|PST.3PL
LX-4c72b20503	נִסְעַר	NIFAL	hewiktionary	SILVER	1	0.1111	PST.1SG|PST.2MSG|PST.2FSG|PST.3FSG|PST.1PL|PST.2MPL|PST.2FPL|PST.3PL
LX-daf58ce8dc	הִסְתָּעֵר	HITPAEL	hewiktionary	SILVER	1	0.1111	PST.1SG|PST.2MSG|PST.2FSG|PST.3FSG|PST.1PL|PST.2MPL|PST.2FPL|PST.3PL
LX-8339c0e9fc	זָרָה	PAAL	hewiktionary	SILVER	1	0.1111	PST.1SG|PST.2MSG|PST.2FSG|PST.3FSG|PST.1PL|PST.2MPL|PST.2FPL|PST.3PL
LX-f53afb80db	זֵרָה	PIEL	hewiktionary	SILVER	1	0.1111	PST.1SG|PST.2MSG|PST.2FSG|PST.3FSG|PST.1PL|PST.2MPL|PST.2FPL|PST.3PL
LX-81cd58242d	עָשַׁת	PAAL	hewiktionary	SILVER	1	0.1111	PST.1SG|PST.2MSG|PST.2FSG|PST.3FSG|PST.1PL|PST.2MPL|PST.2FPL|PST.3PL
LX-b7220a4303	בִּדֵּר	PIEL	hewiktionary	SILVER	1	0.1111	PST.1SG|PST.2MSG|PST.2FSG|PST.3FSG|PST.1PL|PST.2MPL|PST.2FPL|PST.3PL
LX-bc5248864a	גֻּלָּח	PUAL	hewiktionary	SILVER	1	0.1111	PST.1SG|PST.2MSG|PST.2FSG|PST.3FSG|PST.1PL|PST.2MPL|PST.2FPL|PST.3PL
LX-5443c3ff8a	אָחַר	PAAL	hewiktionary	SILVER	1	0.1111	PST.1SG|PST.2MSG|PST.2FSG|PST.3FSG|PST.1PL|PST.2MPL|PST.2FPL|PST.3PL
LX-3f661e5827	הֶאֱזִין	HIFIL	hewiktionary	SILVER	1	0.1111	PST.1SG|PST.2MSG|PST.2FSG|PST.3FSG|PST.1PL|PST.2MPL|PST.2FPL|PST.3PL
LX-30f88398b7	רָקַק	PAAL	hewiktionary	SILVER	1	0.1111	PST.1SG|PST.2MSG|PST.2FSG|PST.3FSG|PST.1PL|PST.2MPL|PST.2FPL|PST.3PL
LX-32613315c0	רָגַן	PAAL	hewiktionary	SILVER	1	0.1111	PST.1SG|PST.2MSG|PST.2FSG|PST.3FSG|PST.1PL|PST.2MPL|PST.2FPL|PST.3PL
LX-aa87e5350e	רִגֵּן	PIEL	hewiktionary	SILVER	1	0.1111	PST.1SG|PST.2MSG|PST.2FSG|PST.3FSG|PST.1PL|PST.2MPL|PST.2FPL|PST.3PL
LX-84a624c902	הִשְׁתַּבֵּשׁ	HITPAEL	hewiktionary	SILVER	1	0.1111	PST.1SG|PST.2MSG|PST.2FSG|PST.3FSG|PST.1PL|PST.2MPL|PST.2FPL|PST.3PL
LX-8e6bcf3e9f	שִׁבֵּשׁ	PIEL	hewiktionary	SILVER	1	0.1111	PST.1SG|PST.2MSG|PST.2FSG|PST.3FSG|PST.1PL|PST.2MPL|PST.2FPL|PST.3PL
LX-1813043bae	שִׁגֵּשׁ	PIEL	hewiktionary	SILVER	1	0.1111	PST.1SG|PST.2MSG|PST.2FSG|PST.3FSG|PST.1PL|PST.2MPL|PST.2FPL|PST.3PL
LX-5d81a46081	שָׁגַשׁ	PAAL	hewiktionary	SILVER	1	0.1111	PST.1SG|PST.2MSG|PST.2FSG|PST.3FSG|PST.1PL|PST.2MPL|PST.2FPL|PST.3PL
LX-3e6e40c334	הִשְׁתַּנֵּק	HITPAEL	hewiktionary	SILVER	1	0.1111	PST.1SG|PST.2MSG|PST.2FSG|PST.3FSG|PST.1PL|PST.2MPL|PST.2FPL|PST.3PL
LX-e620c8dad2	רִתֵּק	PIEL	hewiktionary	SILVER	1	0.1111	PST.1SG|PST.2MSG|PST.2FSG|PST.3FSG|PST.1PL|PST.2MPL|PST.2FPL|PST.3PL
LX-05b1931b6b	רֻתַּק	PUAL	hewiktionary	SILVER	1	0.1111	PST.1SG|PST.2MSG|PST.2FSG|PST.3FSG|PST.1PL|PST.2MPL|PST.2FPL|PST.3PL
LX-58255d2982	רָתַק	PAAL	hewiktionary	SILVER	1	0.1111	PST.1SG|PST.2MSG|PST.2FSG|PST.3FSG|PST.1PL|PST.2MPL|PST.2FPL|PST.3PL
LX-bfe69dac6d	שִׁקְשֵׁק	PIEL	hewiktionary	SILVER	1	0.1111	PST.1SG|PST.2MSG|PST.2FSG|PST.3FSG|PST.1PL|PST.2MPL|PST.2FPL|PST.3PL
LX-79abdfc9d8	שִׁקְלֵל	PIEL	hewiktionary	SILVER	1	0.1111	PST.1SG|PST.2MSG|PST.2FSG|PST.3FSG|PST.1PL|PST.2MPL|PST.2FPL|PST.3PL
LX-7f5648790f	צִוֵּת	PIEL	hewiktionary	QUESTIONABLE	1	0.1111	PST.1SG|PST.2MSG|PST.2FSG|PST.3FSG|PST.1PL|PST.2MPL|PST.2FPL|PST.3PL
LX-50464e7d8a	הִרְכִּין	HIFIL	hewiktionary	SILVER	1	0.1111	PST.1SG|PST.2MSG|PST.2FSG|PST.3FSG|PST.1PL|PST.2MPL|PST.2FPL|PST.3PL
LX-1c8b92a7a0	רָכַן	PAAL	hewiktionary	SILVER	1	0.1111	PST.1SG|PST.2MSG|PST.2FSG|PST.3FSG|PST.1PL|PST.2MPL|PST.2FPL|PST.3PL
LX-332b08bf65	אָפַף	PAAL	hewiktionary	SILVER	1	0.1111	PST.1SG|PST.2MSG|PST.2FSG|PST.3FSG|PST.1PL|PST.2MPL|PST.2FPL|PST.3PL
LX-b0bdd4efc9	נָקַשׁ	PAAL	hewiktionary	SILVER	1	0.1111	PST.1SG|PST.2MSG|PST.2FSG|PST.3FSG|PST.1PL|PST.2MPL|PST.2FPL|PST.3PL
LX-8aa072a09a	נִקֵּשׁ	PIEL	hewiktionary	SILVER	1	0.1111	PST.1SG|PST.2MSG|PST.2FSG|PST.3FSG|PST.1PL|PST.2MPL|PST.2FPL|PST.3PL
LX-42f272bb25	נִקַּשׁ	NIFAL	hewiktionary	SILVER	1	0.1111	PST.1SG|PST.2MSG|PST.2FSG|PST.3FSG|PST.1PL|PST.2MPL|PST.2FPL|PST.3PL
LX-d95bf09a37	גָּח	PAAL	hewiktionary	SILVER	1	0.1111	PST.1SG|PST.2MSG|PST.2FSG|PST.3FSG|PST.1PL|PST.2MPL|PST.2FPL|PST.3PL
LX-cd60458e84	דָּלַח	PAAL	hewiktionary	SILVER	1	0.1111	PST.1SG|PST.2MSG|PST.2FSG|PST.3FSG|PST.1PL|PST.2MPL|PST.2FPL|PST.3PL
LX-856881a305	כָּרַז	PAAL	hewiktionary	SILVER	1	0.1111	PST.1SG|PST.2MSG|PST.2FSG|PST.3FSG|PST.1PL|PST.2MPL|PST.2FPL|PST.3PL
LX-69e7e04bae	סִנְכְּרֵן	PIEL	hewiktionary	SILVER	1	0.1111	PST.1SG|PST.2MSG|PST.2FSG|PST.3FSG|PST.1PL|PST.2MPL|PST.2FPL|PST.3PL
LX-e3873ff903	בָּאַשׁ	PAAL	hewiktionary	SILVER	1	0.1111	PST.1SG|PST.2MSG|PST.2FSG|PST.3FSG|PST.1PL|PST.2MPL|PST.2FPL|PST.3PL
LX-cc7ef99f25	נֶעְתָּר	NIFAL	hewiktionary	SILVER	1	0.1111	PST.1SG|PST.2MSG|PST.2FSG|PST.3FSG|PST.1PL|PST.2MPL|PST.2FPL|PST.3PL
LX-52a124e78b	עָתַר	PAAL	hewiktionary	SILVER	1	0.1111	PST.1SG|PST.2MSG|PST.2FSG|PST.3FSG|PST.1PL|PST.2MPL|PST.2FPL|PST.3PL
LX-bb1560ddb2	בִּצְבֵּץ	PIEL	hewiktionary	SILVER	1	0.1111	PST.1SG|PST.2MSG|PST.2FSG|PST.3FSG|PST.1PL|PST.2MPL|PST.2FPL|PST.3PL
LX-47d91144dd	הִטְפִּיחַ	HIFIL	hewiktionary	SILVER	1	0.1111	PST.1SG|PST.2MSG|PST.2FSG|PST.3FSG|PST.1PL|PST.2MPL|PST.2FPL|PST.3PL
LX-479927df68	מָהַל	PAAL	hewiktionary	SILVER	1	0.1111	PST.1SG|PST.2MSG|PST.2FSG|PST.3FSG|PST.1PL|PST.2MPL|PST.2FPL|PST.3PL
LX-b98311f91d	שִׁיֵּף	PIEL	hewiktionary	SILVER	1	0.1111	PST.1SG|PST.2MSG|PST.2FSG|PST.3FSG|PST.1PL|PST.2MPL|PST.2FPL|PST.3PL
LX-30ac3b8acd	הִתְפַּלֵּץ	HITPAEL	hewiktionary	SILVER	1	0.1111	PST.1SG|PST.2MSG|PST.2FSG|PST.3FSG|PST.1PL|PST.2MPL|PST.2FPL|PST.3PL
LX-8c9bf9e8e1	צִיֵּת	PIEL	hewiktionary	SILVER	1	0.1111	PST.1SG|PST.2MSG|PST.2FSG|PST.3FSG|PST.1PL|PST.2MPL|PST.2FPL|PST.3PL
LX-c73ea73d03	הִשְׁתָּאָה	HITPAEL	hewiktionary	SILVER	1	0.1111	PST.1SG|PST.2MSG|PST.2FSG|PST.3FSG|PST.1PL|PST.2MPL|PST.2FPL|PST.3PL
LX-6b63994c31	שָׁאָה	PAAL	hewiktionary	SILVER	1	0.1111	PST.1SG|PST.2MSG|PST.2FSG|PST.3FSG|PST.1PL|PST.2MPL|PST.2FPL|PST.3PL
LX-928ee2b973	נִבָּא	NIFAL	hewiktionary	SILVER	1	0.1111	PST.1SG|PST.2MSG|PST.2FSG|PST.3FSG|PST.1PL|PST.2MPL|PST.2FPL|PST.3PL
LX-91940ebeb6	לָט	PAAL	hewiktionary	SILVER	1	0.1111	PST.1SG|PST.2MSG|PST.2FSG|PST.3FSG|PST.1PL|PST.2MPL|PST.2FPL|PST.3PL
LX-57bc50a604	הִטְרִיף	HIFIL	hewiktionary	SILVER	1	0.1111	PST.1SG|PST.2MSG|PST.2FSG|PST.3FSG|PST.1PL|PST.2MPL|PST.2FPL|PST.3PL
LX-f111e9773e	בָּזַר	PAAL	hewiktionary	SILVER	1	0.1111	PST.1SG|PST.2MSG|PST.2FSG|PST.3FSG|PST.1PL|PST.2MPL|PST.2FPL|PST.3PL
LX-e1d32d87ae	בִּזַּר	PIEL	hewiktionary	SILVER	1	0.1111	PST.1SG|PST.2MSG|PST.2FSG|PST.3FSG|PST.1PL|PST.2MPL|PST.2FPL|PST.3PL
LX-bdcb07aa12	נִפְתָּה	NIFAL	hewiktionary	SILVER	1	0.1111	PST.1SG|PST.2MSG|PST.2FSG|PST.3FSG|PST.1PL|PST.2MPL|PST.2FPL|PST.3PL
LX-caac389562	דָּאַב	PAAL	hewiktionary	SILVER	1	0.1111	PST.1SG|PST.2MSG|PST.2FSG|PST.3FSG|PST.1PL|PST.2MPL|PST.2FPL|PST.3PL
LX-fa6f665b58	פִּלֵּא	PIEL	hewiktionary	SILVER	1	0.1111	PST.1SG|PST.2MSG|PST.2FSG|PST.3FSG|PST.1PL|PST.2MPL|PST.2FPL|PST.3PL
LX-27a63a3b00	דָּוָה	PAAL	hewiktionary	SILVER	1	0.1111	PST.1SG|PST.2MSG|PST.2FSG|PST.3FSG|PST.1PL|PST.2MPL|PST.2FPL|PST.3PL
LX-dc46c3147e	אָזַק	PAAL	hewiktionary	SILVER	1	0.1111	PST.1SG|PST.2MSG|PST.2FSG|PST.3FSG|PST.1PL|PST.2MPL|PST.2FPL|PST.3PL
LX-d4426dd0b2	צָפַן	PAAL	hewiktionary	SILVER	1	0.1111	PST.1SG|PST.2MSG|PST.2FSG|PST.3FSG|PST.1PL|PST.2MPL|PST.2FPL|PST.3PL
LX-9362848116	הֵפִיק	HIFIL	hewiktionary	SILVER	1	0.1111	PST.1SG|PST.2MSG|PST.2FSG|PST.3FSG|PST.1PL|PST.2MPL|PST.2FPL|PST.3PL
LX-089e6da768	הִפְלִיג	HIFIL	hewiktionary	SILVER	1	0.1111	PST.1SG|PST.2MSG|PST.2FSG|PST.3FSG|PST.1PL|PST.2MPL|PST.2FPL|PST.3PL
LX-69807701ae	נִמְנַע	NIFAL	hewiktionary	SILVER	1	0.1111	PST.1SG|PST.2MSG|PST.2FSG|PST.3FSG|PST.1PL|PST.2MPL|PST.2FPL|PST.3PL
LX-93dc7a5c95	שִׁהָה	PIEL	hewiktionary	SILVER	1	0.1111	PST.1SG|PST.2MSG|PST.2FSG|PST.3FSG|PST.1PL|PST.2MPL|PST.2FPL|PST.3PL
LX-8e6a60d599	פִּמְפֵּם	PIEL	hewiktionary	SILVER	1	0.1111	PST.1SG|PST.2MSG|PST.2FSG|PST.3FSG|PST.1PL|PST.2MPL|PST.2FPL|PST.3PL
LX-7f57b52b28	תֻּכָּה	PUAL	hewiktionary	SILVER	1	0.1111	PST.1SG|PST.2MSG|PST.2FSG|PST.3FSG|PST.1PL|PST.2MPL|PST.2FPL|PST.3PL
LX-8d520f65b0	זִנֵּק	PIEL	hewiktionary	SILVER	1	0.1111	PST.1SG|PST.2MSG|PST.2FSG|PST.3FSG|PST.1PL|PST.2MPL|PST.2FPL|PST.3PL
LX-ca8f4c87a2	שְׁנוֹרֵר	PIEL	hewiktionary	SILVER	1	0.1111	PST.1SG|PST.2MSG|PST.2FSG|PST.3FSG|PST.1PL|PST.2MPL|PST.2FPL|PST.3PL
LX-2a960d764f	הִתְבַּשֵֹר	HITPAEL	hewiktionary	SILVER	1	0.1111	PST.1SG|PST.2MSG|PST.2FSG|PST.3FSG|PST.1PL|PST.2MPL|PST.2FPL|PST.3PL
LX-a4420ab428	הִלְחִית	HIFIL	hewiktionary	SILVER	1	0.1111	PST.1SG|PST.2MSG|PST.2FSG|PST.3FSG|PST.1PL|PST.2MPL|PST.2FPL|PST.3PL
LX-5e44df6bb0	הִשְׁתַּמֵּעַ	HITPAEL	hewiktionary	SILVER	1	0.1111	PST.1SG|PST.2MSG|PST.2FSG|PST.3FSG|PST.1PL|PST.2MPL|PST.2FPL|PST.3PL
LX-75e28b90c8	הִכְאָה	HIFIL	hewiktionary	SILVER	1	0.1111	PST.1SG|PST.2MSG|PST.2FSG|PST.3FSG|PST.1PL|PST.2MPL|PST.2FPL|PST.3PL
LX-2a89379a7e	נִכְאָה	NIFAL	hewiktionary	SILVER	1	0.1111	PST.1SG|PST.2MSG|PST.2FSG|PST.3FSG|PST.1PL|PST.2MPL|PST.2FPL|PST.3PL
LX-1a89b6e248	נוֹבֵב	PIEL	hewiktionary	SILVER	1	0.1111	PST.1SG|PST.2MSG|PST.2FSG|PST.3FSG|PST.1PL|PST.2MPL|PST.2FPL|PST.3PL
LX-2c78909878	נִבְצַר	NIFAL	hewiktionary	SILVER	1	0.1111	PST.1SG|PST.2MSG|PST.2FSG|PST.3FSG|PST.1PL|PST.2MPL|PST.2FPL|PST.3PL
LX-15847ca93f	גָּעַר	PAAL	hewiktionary	SILVER	1	0.1111	PST.1SG|PST.2MSG|PST.2FSG|PST.3FSG|PST.1PL|PST.2MPL|PST.2FPL|PST.3PL
LX-c58a573eec	הִגִּיהַּ	HIFIL	hewiktionary	SILVER	1	0.1111	PST.1SG|PST.2MSG|PST.2FSG|PST.3FSG|PST.1PL|PST.2MPL|PST.2FPL|PST.3PL
LX-0bf09b1daa	גָּּדַד	PAAL	hewiktionary	QUESTIONABLE	1	0.1111	PST.1SG|PST.2MSG|PST.2FSG|PST.3FSG|PST.1PL|PST.2MPL|PST.2FPL|PST.3PL
LX-21c001ee27	גָּדַד	PAAL	hewiktionary	QUESTIONABLE	1	0.1111	PST.1SG|PST.2MSG|PST.2FSG|PST.3FSG|PST.1PL|PST.2MPL|PST.2FPL|PST.3PL
LX-102d32e4c7	הִמְלִיט	HIFIL	hewiktionary	SILVER	1	0.1111	PST.1SG|PST.2MSG|PST.2FSG|PST.3FSG|PST.1PL|PST.2MPL|PST.2FPL|PST.3PL
LX-c1f97768fb	כָּפַף	PAAL	hewiktionary	SILVER	1	0.1111	PST.1SG|PST.2MSG|PST.2FSG|PST.3FSG|PST.1PL|PST.2MPL|PST.2FPL|PST.3PL
LX-566f27d681	גַָּעַשׁ	PAAL	hewiktionary	SILVER	1	0.1111	PST.1SG|PST.2MSG|PST.2FSG|PST.3FSG|PST.1PL|PST.2MPL|PST.2FPL|PST.3PL
LX-673a419aee	רָבַץ	PAAL	hewiktionary	SILVER	1	0.1111	PST.1SG|PST.2MSG|PST.2FSG|PST.3FSG|PST.1PL|PST.2MPL|PST.2FPL|PST.3PL
LX-08db6fc647	חִבְלֵל	PIEL	hewiktionary	SILVER	1	0.1111	PST.1SG|PST.2MSG|PST.2FSG|PST.3FSG|PST.1PL|PST.2MPL|PST.2FPL|PST.3PL
LX-7919d7c6ca	פָּצַח	PAAL	hewiktionary	SILVER	1	0.1111	PST.1SG|PST.2MSG|PST.2FSG|PST.3FSG|PST.1PL|PST.2MPL|PST.2FPL|PST.3PL
LX-9190afef64	פִּצֵּחַ	PIEL	hewiktionary	SILVER	1	0.1111	PST.1SG|PST.2MSG|PST.2FSG|PST.3FSG|PST.1PL|PST.2MPL|PST.2FPL|PST.3PL
LX-6dcf6c9b9d	הִתַּמֵּם	HITPAEL	hewiktionary	SILVER	1	0.1111	PST.1SG|PST.2MSG|PST.2FSG|PST.3FSG|PST.1PL|PST.2MPL|PST.2FPL|PST.3PL
LX-07668a3f1e	כִּחֵד	PIEL	hewiktionary	SILVER	1	0.1111	PST.1SG|PST.2MSG|PST.2FSG|PST.3FSG|PST.1PL|PST.2MPL|PST.2FPL|PST.3PL
LX-dc8eebefc4	כָּמַשׁ	PAAL	hewiktionary	SILVER	1	0.1111	PST.1SG|PST.2MSG|PST.2FSG|PST.3FSG|PST.1PL|PST.2MPL|PST.2FPL|PST.3PL
LX-0795a1c119	נִקֵּר	PIEL	hewiktionary	SILVER	1	0.1111	PST.1SG|PST.2MSG|PST.2FSG|PST.3FSG|PST.1PL|PST.2MPL|PST.2FPL|PST.3PL
LX-0d07759dd4	שָׁזַר	PAAL	hewiktionary	SILVER	1	0.1111	PST.1SG|PST.2MSG|PST.2FSG|PST.3FSG|PST.1PL|PST.2MPL|PST.2FPL|PST.3PL
LX-eec3a0c68f	חָשַׁשׁ	PAAL	hewiktionary	QUESTIONABLE	1	0.1111	PST.1SG|PST.2MSG|PST.2FSG|PST.3FSG|PST.1PL|PST.2MPL|PST.2FPL|PST.3PL
LX-a07022db8f	גָּהַר	PAAL	hewiktionary	SILVER	1	0.1111	PST.1SG|PST.2MSG|PST.2FSG|PST.3FSG|PST.1PL|PST.2MPL|PST.2FPL|PST.3PL
LX-8c939c8672	טֵרֵר	PIEL	hewiktionary	SILVER	1	0.1111	PST.1SG|PST.2MSG|PST.2FSG|PST.3FSG|PST.1PL|PST.2MPL|PST.2FPL|PST.3PL
LX-ee29d7438a	עָתַק	PAAL	hewiktionary	SILVER	1	0.1111	PST.1SG|PST.2MSG|PST.2FSG|PST.3FSG|PST.1PL|PST.2MPL|PST.2FPL|PST.3PL
LX-fa96b3af27	הִלְעִיב	HIFIL	hewiktionary	SILVER	1	0.1111	PST.1SG|PST.2MSG|PST.2FSG|PST.3FSG|PST.1PL|PST.2MPL|PST.2FPL|PST.3PL
LX-cbb932820c	בִּתֵּק	PIEL	hewiktionary	SILVER	1	0.1111	PST.1SG|PST.2MSG|PST.2FSG|PST.3FSG|PST.1PL|PST.2MPL|PST.2FPL|PST.3PL
LX-1cbc6e2291	גָּלַשׁ	PAAL	hewiktionary	SILVER	1	0.1111	PST.1SG|PST.2MSG|PST.2FSG|PST.3FSG|PST.1PL|PST.2MPL|PST.2FPL|PST.3PL
LX-2747b85b0e	טִלְפֵּן	PIEL	hewiktionary	SILVER	1	0.1111	PST.1SG|PST.2MSG|PST.2FSG|PST.3FSG|PST.1PL|PST.2MPL|PST.2FPL|PST.3PL
LX-fa857169fb	הִתְעַלֵּם	HITPAEL	hewiktionary	SILVER	1	0.1111	PST.1SG|PST.2MSG|PST.2FSG|PST.3FSG|PST.1PL|PST.2MPL|PST.2FPL|PST.3PL
LX-67b25fddbe	נָבַע	PAAL	hewiktionary	SILVER	1	0.1111	PST.1SG|PST.2MSG|PST.2FSG|PST.3FSG|PST.1PL|PST.2MPL|PST.2FPL|PST.3PL
LX-21b9ecf50d	נִבְעָה	NIFAL	hewiktionary	SILVER	1	0.1111	PST.1SG|PST.2MSG|PST.2FSG|PST.3FSG|PST.1PL|PST.2MPL|PST.2FPL|PST.3PL
LX-58e50a47a6	סִמֵּם	PIEL	hewiktionary	SILVER	1	0.1111	PST.1SG|PST.2MSG|PST.2FSG|PST.3FSG|PST.1PL|PST.2MPL|PST.2FPL|PST.3PL
LX-3871f04fb2	חִרְטֵט	PIEL	hewiktionary	SILVER	1	0.1111	PST.1SG|PST.2MSG|PST.2FSG|PST.3FSG|PST.1PL|PST.2MPL|PST.2FPL|PST.3PL
LX-b475ca724c	סָרַר	PAAL	hewiktionary	SILVER	1	0.1111	PST.1SG|PST.2MSG|PST.2FSG|PST.3FSG|PST.1PL|PST.2MPL|PST.2FPL|PST.3PL
LX-662377e257	חָרַט	PAAL	hewiktionary	SILVER	1	0.1111	PST.1SG|PST.2MSG|PST.2FSG|PST.3FSG|PST.1PL|PST.2MPL|PST.2FPL|PST.3PL
LX-e9ac96c0bc	גָּרַע	PAAL	hewiktionary	SILVER	1	0.1111	PST.1SG|PST.2MSG|PST.2FSG|PST.3FSG|PST.1PL|PST.2MPL|PST.2FPL|PST.3PL
LX-bf99f85763	גֵּרֵעַ	PIEL	hewiktionary	SILVER	1	0.1111	PST.1SG|PST.2MSG|PST.2FSG|PST.3FSG|PST.1PL|PST.2MPL|PST.2FPL|PST.3PL
LX-be33959bf5	כִּעֵר	PIEL	hewiktionary	SILVER	1	0.1111	PST.1SG|PST.2MSG|PST.2FSG|PST.3FSG|PST.1PL|PST.2MPL|PST.2FPL|PST.3PL
LX-557865dae9	רָטַט	PAAL	hewiktionary	SILVER	1	0.1111	PST.1SG|PST.2MSG|PST.2FSG|PST.3FSG|PST.1PL|PST.2MPL|PST.2FPL|PST.3PL
LX-7173151157	זִנָּה	PIEL	hewiktionary	SILVER	1	0.1111	PST.1SG|PST.2MSG|PST.2FSG|PST.3FSG|PST.1PL|PST.2MPL|PST.2FPL|PST.3PL
LX-b65dd7f500	חִשֵּׁל	PIEL	hewiktionary	SILVER	1	0.1111	PST.1SG|PST.2MSG|PST.2FSG|PST.3FSG|PST.1PL|PST.2MPL|PST.2FPL|PST.3PL
LX-8068ce2be5	חָשַׁל	PAAL	hewiktionary	SILVER	1	0.1111	PST.1SG|PST.2MSG|PST.2FSG|PST.3FSG|PST.1PL|PST.2MPL|PST.2FPL|PST.3PL
LX-1a40e082a6	לָגַם	PAAL	hewiktionary	SILVER	1	0.1111	PST.1SG|PST.2MSG|PST.2FSG|PST.3FSG|PST.1PL|PST.2MPL|PST.2FPL|PST.3PL
LX-9a701f9456	נָחָה	PAAL	hewiktionary	SILVER	1	0.1111	PST.1SG|PST.2MSG|PST.2FSG|PST.3FSG|PST.1PL|PST.2MPL|PST.2FPL|PST.3PL
LX-4c102df746	גָּמַע	PAAL	hewiktionary	SILVER	1	0.1111	PST.1SG|PST.2MSG|PST.2FSG|PST.3FSG|PST.1PL|PST.2MPL|PST.2FPL|PST.3PL
LX-af71559f30	גִּמֵּעַ	PIEL	hewiktionary	SILVER	1	0.1111	PST.1SG|PST.2MSG|PST.2FSG|PST.3FSG|PST.1PL|PST.2MPL|PST.2FPL|PST.3PL
LX-2b9f6bbe71	חָנַךְ	PAAL	hewiktionary	SILVER	1	0.1111	PST.1SG|PST.2MSG|PST.2FSG|PST.3FSG|PST.1PL|PST.2MPL|PST.2FPL|PST.3PL
LX-5040654f2c	שִׁנֵּס	PIEL	hewiktionary	SILVER	1	0.1111	PST.1SG|PST.2MSG|PST.2FSG|PST.3FSG|PST.1PL|PST.2MPL|PST.2FPL|PST.3PL
LX-d76390843f	עִנֵּג	PIEL	hewiktionary	SILVER	1	0.1111	PST.1SG|PST.2MSG|PST.2FSG|PST.3FSG|PST.1PL|PST.2MPL|PST.2FPL|PST.3PL
LX-458a363f92	פִּנֵּק	PIEL	hewiktionary	SILVER	1	0.1111	PST.1SG|PST.2MSG|PST.2FSG|PST.3FSG|PST.1PL|PST.2MPL|PST.2FPL|PST.3PL
LX-5e270e4bf5	חָסַם	PAAL	hewiktionary	SILVER	1	0.1111	PST.1SG|PST.2MSG|PST.2FSG|PST.3FSG|PST.1PL|PST.2MPL|PST.2FPL|PST.3PL
LX-af85acdf1f	חִסֵּם	PIEL	hewiktionary	SILVER	1	0.1111	PST.1SG|PST.2MSG|PST.2FSG|PST.3FSG|PST.1PL|PST.2MPL|PST.2FPL|PST.3PL
LX-db47fba3b9	פִנְטֵז	PIEL	hewiktionary	SILVER	1	0.1111	PST.1SG|PST.2MSG|PST.2FSG|PST.3FSG|PST.1PL|PST.2MPL|PST.2FPL|PST.3PL
LX-ad801439aa	שָׁעַט	PAAL	hewiktionary	SILVER	1	0.1111	PST.1SG|PST.2MSG|PST.2FSG|PST.3FSG|PST.1PL|PST.2MPL|PST.2FPL|PST.3PL
LX-4907cb3861	קִנֵּב	PIEL	hewiktionary	SILVER	1	0.1111	PST.1SG|PST.2MSG|PST.2FSG|PST.3FSG|PST.1PL|PST.2MPL|PST.2FPL|PST.3PL
LX-108c5318ac	תָּחַב	PAAL	hewiktionary	SILVER	1	0.1111	PST.1SG|PST.2MSG|PST.2FSG|PST.3FSG|PST.1PL|PST.2MPL|PST.2FPL|PST.3PL
LX-1f1a2f125d	שָׁתַע	PAAL	hewiktionary	SILVER	1	0.1111	PST.1SG|PST.2MSG|PST.2FSG|PST.3FSG|PST.1PL|PST.2MPL|PST.2FPL|PST.3PL
LX-7a2577c542	שִׁתַּע	PIEL	hewiktionary	SILVER	1	0.1111	PST.1SG|PST.2MSG|PST.2FSG|PST.3FSG|PST.1PL|PST.2MPL|PST.2FPL|PST.3PL
LX-e77325478c	דָּחַס	PAAL	hewiktionary	SILVER	1	0.1111	PST.1SG|PST.2MSG|PST.2FSG|PST.3FSG|PST.1PL|PST.2MPL|PST.2FPL|PST.3PL
LX-cf2ec64cd0	פִּטְפֵּט	PIEL	hewiktionary	SILVER	1	0.1111	PST.1SG|PST.2MSG|PST.2FSG|PST.3FSG|PST.1PL|PST.2MPL|PST.2FPL|PST.3PL
LX-0055a37845	הִסָּה	PIEL	hewiktionary	SILVER	1	0.1111	PST.1SG|PST.2MSG|PST.2FSG|PST.3FSG|PST.1PL|PST.2MPL|PST.2FPL|PST.3PL
LX-500c25cfd2	פִּשֵֹק	PIEL	hewiktionary	SILVER	1	0.1111	PST.1SG|PST.2MSG|PST.2FSG|PST.3FSG|PST.1PL|PST.2MPL|PST.2FPL|PST.3PL
LX-de5a04b36e	דָּלַג	PAAL	hewiktionary	SILVER	1	0.1111	PST.1SG|PST.2MSG|PST.2FSG|PST.3FSG|PST.1PL|PST.2MPL|PST.2FPL|PST.3PL
LX-30eaa6ec2b	דִּלֵּג	PIEL	hewiktionary	SILVER	1	0.1111	PST.1SG|PST.2MSG|PST.2FSG|PST.3FSG|PST.1PL|PST.2MPL|PST.2FPL|PST.3PL
LX-bec8d74397	הִסִּיק	HIFIL	hewiktionary	SILVER	1	0.1111	PST.1SG|PST.2MSG|PST.2FSG|PST.3FSG|PST.1PL|PST.2MPL|PST.2FPL|PST.3PL
LX-99c5da4d60	הֶחֱשָׁה	HIFIL	hewiktionary	SILVER	1	0.1111	PST.1SG|PST.2MSG|PST.2FSG|PST.3FSG|PST.1PL|PST.2MPL|PST.2FPL|PST.3PL
LX-94b186b5b7	רָצַף	PAAL	hewiktionary	SILVER	1	0.1111	PST.1SG|PST.2MSG|PST.2FSG|PST.3FSG|PST.1PL|PST.2MPL|PST.2FPL|PST.3PL
LX-04a06a4bf1	רִצֵּף	PIEL	hewiktionary	SILVER	1	0.1111	PST.1SG|PST.2MSG|PST.2FSG|PST.3FSG|PST.1PL|PST.2MPL|PST.2FPL|PST.3PL
LX-66d571ebbe	נוֹאַשׁ	NIFAL	hewiktionary	SILVER	1	0.1111	PST.1SG|PST.2MSG|PST.2FSG|PST.3FSG|PST.1PL|PST.2MPL|PST.2FPL|PST.3PL
LX-70158a79ac	יִאֵשׁ	PIEL	hewiktionary	SILVER	1	0.1111	PST.1SG|PST.2MSG|PST.2FSG|PST.3FSG|PST.1PL|PST.2MPL|PST.2FPL|PST.3PL
LX-2dfeecc811	פָּסַק	PAAL	hewiktionary	SILVER	1	0.1111	PST.1SG|PST.2MSG|PST.2FSG|PST.3FSG|PST.1PL|PST.2MPL|PST.2FPL|PST.3PL
LX-324bf7cccf	פִּסֵּק	PIEL	hewiktionary	SILVER	1	0.1111	PST.1SG|PST.2MSG|PST.2FSG|PST.3FSG|PST.1PL|PST.2MPL|PST.2FPL|PST.3PL
LX-518983d9a7	נִרְצָף	NIFAL	hewiktionary	SILVER	1	0.1111	PST.1SG|PST.2MSG|PST.2FSG|PST.3FSG|PST.1PL|PST.2MPL|PST.2FPL|PST.3PL
LX-d87ade6c5d	חָרַץ	PAAL	hewiktionary	SILVER	1	0.1111	PST.1SG|PST.2MSG|PST.2FSG|PST.3FSG|PST.1PL|PST.2MPL|PST.2FPL|PST.3PL
LX-acb8557198	גִּהֵץ	PIEL	hewiktionary	SILVER	1	0.1111	PST.1SG|PST.2MSG|PST.2FSG|PST.3FSG|PST.1PL|PST.2MPL|PST.2FPL|PST.3PL
LX-55afd13e12	נָהָה	PAAL	hewiktionary	SILVER	1	0.1111	PST.1SG|PST.2MSG|PST.2FSG|PST.3FSG|PST.1PL|PST.2MPL|PST.2FPL|PST.3PL
LX-5982d9b8bc	עִטֵּשׁ	PIEL	hewiktionary	SILVER	1	0.1111	PST.1SG|PST.2MSG|PST.2FSG|PST.3FSG|PST.1PL|PST.2MPL|PST.2FPL|PST.3PL
LX-3ad98f0ab7	שָׁאַף	PAAL	hewiktionary	SILVER	1	0.1111	PST.1SG|PST.2MSG|PST.2FSG|PST.3FSG|PST.1PL|PST.2MPL|PST.2FPL|PST.3PL
LX-1590e73dc8	גָּבַל	PAAL	hewiktionary	SILVER	1	0.1111	PST.1SG|PST.2MSG|PST.2FSG|PST.3FSG|PST.1PL|PST.2MPL|PST.2FPL|PST.3PL
LX-205fc76ae0	גִּבֵּל	PIEL	hewiktionary	SILVER	1	0.1111	PST.1SG|PST.2MSG|PST.2FSG|PST.3FSG|PST.1PL|PST.2MPL|PST.2FPL|PST.3PL
LX-a6ffb9cf53	הִשְׁתַּרְבֵּב	HITPAEL	hewiktionary	SILVER	1	0.1111	PST.1SG|PST.2MSG|PST.2FSG|PST.3FSG|PST.1PL|PST.2MPL|PST.2FPL|PST.3PL
LX-cdc98d5f9f	שִׁרְבֵּב	PIEL	hewiktionary	SILVER	1	0.1111	PST.1SG|PST.2MSG|PST.2FSG|PST.3FSG|PST.1PL|PST.2MPL|PST.2FPL|PST.3PL
LX-d6cda2335d	הִכְתִיב	HIFIL	hewiktionary	SILVER	1	0.1111	PST.1SG|PST.2MSG|PST.2FSG|PST.3FSG|PST.1PL|PST.2MPL|PST.2FPL|PST.3PL
LX-7a60c926a3	לָעַג	PAAL	hewiktionary	SILVER	1	0.1111	PST.1SG|PST.2MSG|PST.2FSG|PST.3FSG|PST.1PL|PST.2MPL|PST.2FPL|PST.3PL
LX-16b3c0854b	לָטַף	PAAL	hewiktionary	SILVER	1	0.1111	PST.1SG|PST.2MSG|PST.2FSG|PST.3FSG|PST.1PL|PST.2MPL|PST.2FPL|PST.3PL
LX-21cdf102b6	אִכֵּן	PIEL	hewiktionary	SILVER	1	0.1111	PST.1SG|PST.2MSG|PST.2FSG|PST.3FSG|PST.1PL|PST.2MPL|PST.2FPL|PST.3PL
LX-4d4221d3d3	כִּדְּרֵר	PIEL	hewiktionary	SILVER	1	0.1111	PST.1SG|PST.2MSG|PST.2FSG|PST.3FSG|PST.1PL|PST.2MPL|PST.2FPL|PST.3PL
LX-5f78e3e614	גָּזַז	PAAL	hewiktionary	SILVER	1	0.1111	PST.1SG|PST.2MSG|PST.2FSG|PST.3FSG|PST.1PL|PST.2MPL|PST.2FPL|PST.3PL
LX-932186c0a1	חִלֵּן	PIEL	hewiktionary	SILVER	1	0.1111	PST.1SG|PST.2MSG|PST.2FSG|PST.3FSG|PST.1PL|PST.2MPL|PST.2FPL|PST.3PL
LX-ced0e2316c	פִדֵּחַ	PIEL	hewiktionary	SILVER	1	0.1111	PST.1SG|PST.2MSG|PST.2FSG|PST.3FSG|PST.1PL|PST.2MPL|PST.2FPL|PST.3PL
LX-8444660d36	הִמְחִישׁ	HIFIL	hewiktionary	SILVER	1	0.1111	PST.1SG|PST.2MSG|PST.2FSG|PST.3FSG|PST.1PL|PST.2MPL|PST.2FPL|PST.3PL
LX-c80096cb4a	הִמְחִיז	HIFIL	hewiktionary	SILVER	1	0.1111	PST.1SG|PST.2MSG|PST.2FSG|PST.3FSG|PST.1PL|PST.2MPL|PST.2FPL|PST.3PL
LX-a52ac1a88c	כָּסַס	PAAL	hewiktionary	SILVER	1	0.1111	PST.1SG|PST.2MSG|PST.2FSG|PST.3FSG|PST.1PL|PST.2MPL|PST.2FPL|PST.3PL
LX-eb5ea0e29d	שֵׂרֵךְ	PIEL	hewiktionary	SILVER	1	0.1111	PST.1SG|PST.2MSG|PST.2FSG|PST.3FSG|PST.1PL|PST.2MPL|PST.2FPL|PST.3PL
LX-28401c0ba2	שָׂרַךְ	PAAL	hewiktionary	SILVER	1	0.1111	PST.1SG|PST.2MSG|PST.2FSG|PST.3FSG|PST.1PL|PST.2MPL|PST.2FPL|PST.3PL
LX-0e05fff14b	עִפֵּשׁ	PIEL	hewiktionary	SILVER	1	0.1111	PST.1SG|PST.2MSG|PST.2FSG|PST.3FSG|PST.1PL|PST.2MPL|PST.2FPL|PST.3PL
LX-09135174a0	רָקַב	PAAL	hewiktionary	SILVER	1	0.1111	PST.1SG|PST.2MSG|PST.2FSG|PST.3FSG|PST.1PL|PST.2MPL|PST.2FPL|PST.3PL
LX-0a6d4e5e33	חִבֵּב	PIEL	hewiktionary	SILVER	1	0.1111	PST.1SG|PST.2MSG|PST.2FSG|PST.3FSG|PST.1PL|PST.2MPL|PST.2FPL|PST.3PL
LX-80a15e9d74	הָמַם	PAAL	hewiktionary	SILVER	1	0.1111	PST.1SG|PST.2MSG|PST.2FSG|PST.3FSG|PST.1PL|PST.2MPL|PST.2FPL|PST.3PL
LX-1bcf7da9c7	הִמֵּם	PIEL	hewiktionary	SILVER	1	0.1111	PST.1SG|PST.2MSG|PST.2FSG|PST.3FSG|PST.1PL|PST.2MPL|PST.2FPL|PST.3PL
LX-71d1844571	פָּתַת	PAAL	hewiktionary	SILVER	1	0.1111	PST.1SG|PST.2MSG|PST.2FSG|PST.3FSG|PST.1PL|PST.2MPL|PST.2FPL|PST.3PL
LX-a765e2e1d3	שָׁאט	PAAL	hewiktionary	SILVER	1	0.1111	PST.1SG|PST.2MSG|PST.2FSG|PST.3FSG|PST.1PL|PST.2MPL|PST.2FPL|PST.3PL
LX-1b12b4f1aa	הִפְצִיר	HIFIL	hewiktionary	SILVER	1	0.1111	PST.1SG|PST.2MSG|PST.2FSG|PST.3FSG|PST.1PL|PST.2MPL|PST.2FPL|PST.3PL
LX-15874fd734	פָּצַר	PAAL	hewiktionary	SILVER	1	0.1111	PST.1SG|PST.2MSG|PST.2FSG|PST.3FSG|PST.1PL|PST.2MPL|PST.2FPL|PST.3PL
LX-e027bca174	זִגְזֵג	PIEL	hewiktionary	SILVER	1	0.1111	PST.1SG|PST.2MSG|PST.2FSG|PST.3FSG|PST.1PL|PST.2MPL|PST.2FPL|PST.3PL
LX-a090356050	רָעַד	PAAL	hewiktionary	SILVER	1	0.1111	PST.1SG|PST.2MSG|PST.2FSG|PST.3FSG|PST.1PL|PST.2MPL|PST.2FPL|PST.3PL
LX-bf35288856	דָּלַל	PAAL	hewiktionary	QUESTIONABLE	1	0.1111	PST.1SG|PST.2MSG|PST.2FSG|PST.3FSG|PST.1PL|PST.2MPL|PST.2FPL|PST.3PL
LX-cff2aa36cf	דִּלֵּל	PIEL	hewiktionary	SILVER	1	0.1111	PST.1SG|PST.2MSG|PST.2FSG|PST.3FSG|PST.1PL|PST.2MPL|PST.2FPL|PST.3PL
LX-48b619fe93	נִפֵּק	PIEL	hewiktionary	SILVER	1	0.1111	PST.1SG|PST.2MSG|PST.2FSG|PST.3FSG|PST.1PL|PST.2MPL|PST.2FPL|PST.3PL
LX-24f23683ee	פָּק	PAAL	hewiktionary	SILVER	1	0.1111	PST.1SG|PST.2MSG|PST.2FSG|PST.3FSG|PST.1PL|PST.2MPL|PST.2FPL|PST.3PL
LX-32ada5a698	שָׁאַב	PAAL	hewiktionary	SILVER	1	0.1111	PST.1SG|PST.2MSG|PST.2FSG|PST.3FSG|PST.1PL|PST.2MPL|PST.2FPL|PST.3PL
LX-8c6b6a89ee	גִּחֵךְ	PIEL	hewiktionary	SILVER	1	0.1111	PST.1SG|PST.2MSG|PST.2FSG|PST.3FSG|PST.1PL|PST.2MPL|PST.2FPL|PST.3PL
LX-9e23c4570d	עָרַל	PAAL	hewiktionary	SILVER	1	0.1111	PST.1SG|PST.2MSG|PST.2FSG|PST.3FSG|PST.1PL|PST.2MPL|PST.2FPL|PST.3PL
LX-da855fd4fe	רֻטֲפַשׁ	PUAL	hewiktionary	SILVER	1	0.1111	PST.1SG|PST.2MSG|PST.2FSG|PST.3FSG|PST.1PL|PST.2MPL|PST.2FPL|PST.3PL
LX-522367b15b	עָדָה	PAAL	hewiktionary	SILVER	1	0.1111	PST.1SG|PST.2MSG|PST.2FSG|PST.3FSG|PST.1PL|PST.2MPL|PST.2FPL|PST.3PL
LX-d9390efea7	מָג	PAAL	hewiktionary	SILVER	1	0.1111	PST.1SG|PST.2MSG|PST.2FSG|PST.3FSG|PST.1PL|PST.2MPL|PST.2FPL|PST.3PL
LX-314ea16d5d	סָחַב	PAAL	hewiktionary	SILVER	1	0.1111	PST.1SG|PST.2MSG|PST.2FSG|PST.3FSG|PST.1PL|PST.2MPL|PST.2FPL|PST.3PL
LX-d87777e6e6	נָתַשׁ	PAAL	hewiktionary	SILVER	1	0.1111	PST.1SG|PST.2MSG|PST.2FSG|PST.3FSG|PST.1PL|PST.2MPL|PST.2FPL|PST.3PL
LX-89db438309	נִתַּשׁ	NIFAL	hewiktionary	SILVER	1	0.1111	PST.1SG|PST.2MSG|PST.2FSG|PST.3FSG|PST.1PL|PST.2MPL|PST.2FPL|PST.3PL
LX-979e8864e4	כָּפַת	PAAL	hewiktionary	SILVER	1	0.1111	PST.1SG|PST.2MSG|PST.2FSG|PST.3FSG|PST.1PL|PST.2MPL|PST.2FPL|PST.3PL
LX-e5e0f93d5b	אִלֵּץ	PIEL	hewiktionary	SILVER	1	0.1111	PST.1SG|PST.2MSG|PST.2FSG|PST.3FSG|PST.1PL|PST.2MPL|PST.2FPL|PST.3PL
LX-7d0356a443	הִכְמִין	HIFIL	hewiktionary	SILVER	1	0.1111	PST.1SG|PST.2MSG|PST.2FSG|PST.3FSG|PST.1PL|PST.2MPL|PST.2FPL|PST.3PL
LX-3defd9e540	שָׁלָה	PAAL	hewiktionary	QUESTIONABLE	1	0.1111	PST.1SG|PST.2MSG|PST.2FSG|PST.3FSG|PST.1PL|PST.2MPL|PST.2FPL|PST.3PL
LX-79fc5bc4c1	שָׁלָה	PIEL	hewiktionary	QUESTIONABLE	1	0.1111	PST.1SG|PST.2MSG|PST.2FSG|PST.3FSG|PST.1PL|PST.2MPL|PST.2FPL|PST.3PL
LX-9cd765a300	לִפֵּף	PIEL	hewiktionary	SILVER	1	0.1111	PST.1SG|PST.2MSG|PST.2FSG|PST.3FSG|PST.1PL|PST.2MPL|PST.2FPL|PST.3PL
LX-c03886fbc8	קָרַץ	PAAL	hewiktionary	SILVER	1	0.1111	PST.1SG|PST.2MSG|PST.2FSG|PST.3FSG|PST.1PL|PST.2MPL|PST.2FPL|PST.3PL
LX-5c417065b3	קֹרַץ	PUAL	hewiktionary	SILVER	1	0.1111	PST.1SG|PST.2MSG|PST.2FSG|PST.3FSG|PST.1PL|PST.2MPL|PST.2FPL|PST.3PL
LX-1ad746bced	צָמַק	PAAL	hewiktionary	SILVER	1	0.1111	PST.1SG|PST.2MSG|PST.2FSG|PST.3FSG|PST.1PL|PST.2MPL|PST.2FPL|PST.3PL
LX-b9c5cb139a	צִמֵּק	PIEL	hewiktionary	SILVER	1	0.1111	PST.1SG|PST.2MSG|PST.2FSG|PST.3FSG|PST.1PL|PST.2MPL|PST.2FPL|PST.3PL
LX-7d2269343d	נִצְרָב	NIFAL	hewiktionary	SILVER	1	0.1111	PST.1SG|PST.2MSG|PST.2FSG|PST.3FSG|PST.1PL|PST.2MPL|PST.2FPL|PST.3PL
LX-da2bc9ba16	פִּלָּה	PIEL	hewiktionary	SILVER	1	0.1111	PST.1SG|PST.2MSG|PST.2FSG|PST.3FSG|PST.1PL|PST.2MPL|PST.2FPL|PST.3PL
LX-f8c3ed2606	יָסַף	PAAL	hewiktionary	SILVER	1	0.1111	PST.1SG|PST.2MSG|PST.2FSG|PST.3FSG|PST.1PL|PST.2MPL|PST.2FPL|PST.3PL
LX-13df5f3577	יִנֵּן	PIEL	hewiktionary	SILVER	1	0.1111	PST.1SG|PST.2MSG|PST.2FSG|PST.3FSG|PST.1PL|PST.2MPL|PST.2FPL|PST.3PL
LX-b2ee69701b	רָכַשׁ	PAAL	hewiktionary	SILVER	1	0.1111	PST.1SG|PST.2MSG|PST.2FSG|PST.3FSG|PST.1PL|PST.2MPL|PST.2FPL|PST.3PL
LX-25660a5223	הִקְרִיץ	HIFIL	hewiktionary	SILVER	1	0.1111	PST.1SG|PST.2MSG|PST.2FSG|PST.3FSG|PST.1PL|PST.2MPL|PST.2FPL|PST.3PL
LX-4a500afd61	כּוֹפֵף	PIEL	hewiktionary	SILVER	1	0.1111	PST.1SG|PST.2MSG|PST.2FSG|PST.3FSG|PST.1PL|PST.2MPL|PST.2FPL|PST.3PL
LX-13f3604819	הֶלְאָה	HIFIL	hewiktionary	SILVER	1	0.1111	PST.1SG|PST.2MSG|PST.2FSG|PST.3FSG|PST.1PL|PST.2MPL|PST.2FPL|PST.3PL
LX-5ffdc8bb8a	נֶעֱתָּק	NIFAL	hewiktionary	SILVER	1	0.1111	PST.1SG|PST.2MSG|PST.2FSG|PST.3FSG|PST.1PL|PST.2MPL|PST.2FPL|PST.3PL
LX-6050725c07	אִוָּה	PIEL	hewiktionary	SILVER	1	0.1111	PST.1SG|PST.2MSG|PST.2FSG|PST.3FSG|PST.1PL|PST.2MPL|PST.2FPL|PST.3PL
LX-649d3acd08	חָרַת	PAAL	hewiktionary	SILVER	1	0.1111	PST.1SG|PST.2MSG|PST.2FSG|PST.3FSG|PST.1PL|PST.2MPL|PST.2FPL|PST.3PL
LX-1fcb04a57a	זָבַח	PAAL	hewiktionary	SILVER	1	0.1111	PST.1SG|PST.2MSG|PST.2FSG|PST.3FSG|PST.1PL|PST.2MPL|PST.2FPL|PST.3PL
LX-1e990417e0	זִבֵּחַ	PIEL	hewiktionary	SILVER	1	0.1111	PST.1SG|PST.2MSG|PST.2FSG|PST.3FSG|PST.1PL|PST.2MPL|PST.2FPL|PST.3PL
LX-650e3dd848	בִּעֵט	PIEL	hewiktionary	SILVER	1	0.1111	PST.1SG|PST.2MSG|PST.2FSG|PST.3FSG|PST.1PL|PST.2MPL|PST.2FPL|PST.3PL
LX-0ec0b9afe9	נִבְעַט	NIFAL	hewiktionary	SILVER	1	0.1111	PST.1SG|PST.2MSG|PST.2FSG|PST.3FSG|PST.1PL|PST.2MPL|PST.2FPL|PST.3PL
LX-5df7c61d65	הִטִּיף	HIFIL	hewiktionary	SILVER	1	0.1111	PST.1SG|PST.2MSG|PST.2FSG|PST.3FSG|PST.1PL|PST.2MPL|PST.2FPL|PST.3PL
LX-546a2a9f5d	סָאַן	PAAL	hewiktionary	SILVER	1	0.1111	PST.1SG|PST.2MSG|PST.2FSG|PST.3FSG|PST.1PL|PST.2MPL|PST.2FPL|PST.3PL
LX-3fb40d5f19	אָבַס	PAAL	hewiktionary	SILVER	1	0.1111	PST.1SG|PST.2MSG|PST.2FSG|PST.3FSG|PST.1PL|PST.2MPL|PST.2FPL|PST.3PL
LX-050661ec9d	בָּס	PAAL	hewiktionary	SILVER	1	0.1111	PST.1SG|PST.2MSG|PST.2FSG|PST.3FSG|PST.1PL|PST.2MPL|PST.2FPL|PST.3PL
LX-a17940ce93	בָּסָה	PAAL	hewiktionary	SILVER	1	0.1111	PST.1SG|PST.2MSG|PST.2FSG|PST.3FSG|PST.1PL|PST.2MPL|PST.2FPL|PST.3PL
LX-fb23ffc186	אִוְרֵר	PIEL	hewiktionary	SILVER	1	0.1111	PST.1SG|PST.2MSG|PST.2FSG|PST.3FSG|PST.1PL|PST.2MPL|PST.2FPL|PST.3PL
LX-716e8750b4	אָזַר	PAAL	hewiktionary	SILVER	1	0.1111	PST.1SG|PST.2MSG|PST.2FSG|PST.3FSG|PST.1PL|PST.2MPL|PST.2FPL|PST.3PL
LX-2469b9e6f5	אִזֵּר	PIEL	hewiktionary	SILVER	1	0.1111	PST.1SG|PST.2MSG|PST.2FSG|PST.3FSG|PST.1PL|PST.2MPL|PST.2FPL|PST.3PL
LX-0b66ab3ba7	הִצִּיב	HIFIL	hewiktionary	SILVER	9	1.0	
LX-b7fc800153	גָּדַע	PAAL	hewiktionary	SILVER	1	0.1111	PST.1SG|PST.2MSG|PST.2FSG|PST.3FSG|PST.1PL|PST.2MPL|PST.2FPL|PST.3PL
LX-3b63bf7345	גִּדֵּע	PIEL	hewiktionary	SILVER	1	0.1111	PST.1SG|PST.2MSG|PST.2FSG|PST.3FSG|PST.1PL|PST.2MPL|PST.2FPL|PST.3PL
LX-54a8c8346c	בָּטַשׁ	PAAL	hewiktionary	SILVER	1	0.1111	PST.1SG|PST.2MSG|PST.2FSG|PST.3FSG|PST.1PL|PST.2MPL|PST.2FPL|PST.3PL
LX-a5fa42846e	יִצֵּב	PIEL	hewiktionary	SILVER	9	1.0	
LX-60bdb063fa	בִּלֵּף	PIEL	hewiktionary	SILVER	1	0.1111	PST.1SG|PST.2MSG|PST.2FSG|PST.3FSG|PST.1PL|PST.2MPL|PST.2FPL|PST.3PL
LX-84fb8f91cb	אִשֵּׁשׁ	PIEL	hewiktionary	SILVER	1	0.1111	PST.1SG|PST.2MSG|PST.2FSG|PST.3FSG|PST.1PL|PST.2MPL|PST.2FPL|PST.3PL
LX-406c9fac5a	רָעַץ	PAAL	hewiktionary	SILVER	1	0.1111	PST.1SG|PST.2MSG|PST.2FSG|PST.3FSG|PST.1PL|PST.2MPL|PST.2FPL|PST.3PL
LX-3bef60a0f2	נֶאֱלַח	NIFAL	hewiktionary	SILVER	1	0.1111	PST.1SG|PST.2MSG|PST.2FSG|PST.3FSG|PST.1PL|PST.2MPL|PST.2FPL|PST.3PL
LX-3e0e899fc0	הִתְגַּלֵעַ	HITPAEL	hewiktionary	SILVER	1	0.1111	PST.1SG|PST.2MSG|PST.2FSG|PST.3FSG|PST.1PL|PST.2MPL|PST.2FPL|PST.3PL
LX-cf3cb73ee1	חָתַם	PAAL	hewiktionary	SILVER	1	0.1111	PST.1SG|PST.2MSG|PST.2FSG|PST.3FSG|PST.1PL|PST.2MPL|PST.2FPL|PST.3PL
LX-78843c5aea	גִּלֵּף	PIEL	hewiktionary	SILVER	1	0.1111	PST.1SG|PST.2MSG|PST.2FSG|PST.3FSG|PST.1PL|PST.2MPL|PST.2FPL|PST.3PL
LX-83c57868c8	נִטְרַד	NIFAL	hewiktionary	SILVER	1	0.1111	PST.1SG|PST.2MSG|PST.2FSG|PST.3FSG|PST.1PL|PST.2MPL|PST.2FPL|PST.3PL
LX-2f8326f499	בִּהֵל	PIEL	hewiktionary	SILVER	1	0.1111	PST.1SG|PST.2MSG|PST.2FSG|PST.3FSG|PST.1PL|PST.2MPL|PST.2FPL|PST.3PL
LX-7afb0491a5	בִּיֵּץ	PIEL	hewiktionary	SILVER	1	0.1111	PST.1SG|PST.2MSG|PST.2FSG|PST.3FSG|PST.1PL|PST.2MPL|PST.2FPL|PST.3PL
LX-08d774dc2c	הוֹקִיעַ	HIFIL	hewiktionary	SILVER	1	0.1111	PST.1SG|PST.2MSG|PST.2FSG|PST.3FSG|PST.1PL|PST.2MPL|PST.2FPL|PST.3PL
LX-99a0f5bb2a	הִשְׁגִּיחַ	HIFIL	hewiktionary	SILVER	1	0.1111	PST.1SG|PST.2MSG|PST.2FSG|PST.3FSG|PST.1PL|PST.2MPL|PST.2FPL|PST.3PL
LX-4296a2f246	קִעְקֵעַ	PIEL	hewiktionary	QUESTIONABLE	1	0.1111	PST.1SG|PST.2MSG|PST.2FSG|PST.3FSG|PST.1PL|PST.2MPL|PST.2FPL|PST.3PL
LX-5a320289a5	קִעֲקֵעַ	PIEL	hewiktionary	QUESTIONABLE	1	0.1111	PST.1SG|PST.2MSG|PST.2FSG|PST.3FSG|PST.1PL|PST.2MPL|PST.2FPL|PST.3PL
LX-54dacfb337	אִפְסֵן	PIEL	hewiktionary	SILVER	1	0.1111	PST.1SG|PST.2MSG|PST.2FSG|PST.3FSG|PST.1PL|PST.2MPL|PST.2FPL|PST.3PL
LX-af3a82ee1d	אִכְסֵן	PIEL	hewiktionary	SILVER	1	0.1111	PST.1SG|PST.2MSG|PST.2FSG|PST.3FSG|PST.1PL|PST.2MPL|PST.2FPL|PST.3PL
LX-69edcc0bb7	בָּחַשׁ	PAAL	hewiktionary	SILVER	1	0.1111	PST.1SG|PST.2MSG|PST.2FSG|PST.3FSG|PST.1PL|PST.2MPL|PST.2FPL|PST.3PL
LX-c1d7a2649f	נֶעְצַל	NIFAL	hewiktionary	SILVER	1	0.1111	PST.1SG|PST.2MSG|PST.2FSG|PST.3FSG|PST.1PL|PST.2MPL|PST.2FPL|PST.3PL
LX-bbc2853295	סָפַד	PAAL	hewiktionary	SILVER	1	0.1111	PST.1SG|PST.2MSG|PST.2FSG|PST.3FSG|PST.1PL|PST.2MPL|PST.2FPL|PST.3PL
LX-9c59bf80bc	גָּזַל	PAAL	hewiktionary	SILVER	1	0.1111	PST.1SG|PST.2MSG|PST.2FSG|PST.3FSG|PST.1PL|PST.2MPL|PST.2FPL|PST.3PL
LX-78bfcb8850	יִחֵם	PIEL	hewiktionary	SILVER	1	0.1111	PST.1SG|PST.2MSG|PST.2FSG|PST.3FSG|PST.1PL|PST.2MPL|PST.2FPL|PST.3PL
LX-1ac70fad53	חָבַט	PAAL	hewiktionary	SILVER	1	0.1111	PST.1SG|PST.2MSG|PST.2FSG|PST.3FSG|PST.1PL|PST.2MPL|PST.2FPL|PST.3PL
LX-b5cbb6d983	דָּמַע	PAAL	hewiktionary	SILVER	1	0.1111	PST.1SG|PST.2MSG|PST.2FSG|PST.3FSG|PST.1PL|PST.2MPL|PST.2FPL|PST.3PL
LX-f3bce3e145	דִּמֵּעַ	PIEL	hewiktionary	SILVER	1	0.1111	PST.1SG|PST.2MSG|PST.2FSG|PST.3FSG|PST.1PL|PST.2MPL|PST.2FPL|PST.3PL
LX-9f6b4eb775	גָּנַח	PAAL	hewiktionary	SILVER	1	0.1111	PST.1SG|PST.2MSG|PST.2FSG|PST.3FSG|PST.1PL|PST.2MPL|PST.2FPL|PST.3PL
LX-cbc0c3db36	הִצָּה	HIFIL	hewiktionary	SILVER	1	0.1111	PST.1SG|PST.2MSG|PST.2FSG|PST.3FSG|PST.1PL|PST.2MPL|PST.2FPL|PST.3PL
LX-03b2c34164	קָלַשׁ	PAAL	hewiktionary	SILVER	1	0.1111	PST.1SG|PST.2MSG|PST.2FSG|PST.3FSG|PST.1PL|PST.2MPL|PST.2FPL|PST.3PL
LX-5188de47e9	דָּחַק	PAAL	hewiktionary	SILVER	1	0.1111	PST.1SG|PST.2MSG|PST.2FSG|PST.3FSG|PST.1PL|PST.2MPL|PST.2FPL|PST.3PL
LX-a31ee32a5d	שִׁדֵּל	PIEL	hewiktionary	SILVER	1	0.1111	PST.1SG|PST.2MSG|PST.2FSG|PST.3FSG|PST.1PL|PST.2MPL|PST.2FPL|PST.3PL
LX-42cdf222ef	הִתְעַבָּה	HITPAEL	hewiktionary	QUESTIONABLE	1	0.1111	PST.1SG|PST.2MSG|PST.2FSG|PST.3FSG|PST.1PL|PST.2MPL|PST.2FPL|PST.3PL
LX-e20c67fd03	סָטָה	PAAL	hewiktionary	QUESTIONABLE	1	0.1111	PST.1SG|PST.2MSG|PST.2FSG|PST.3FSG|PST.1PL|PST.2MPL|PST.2FPL|PST.3PL
LX-ce855a211e	דָּמַם	PAAL	hewiktionary	SILVER	1	0.1111	PST.1SG|PST.2MSG|PST.2FSG|PST.3FSG|PST.1PL|PST.2MPL|PST.2FPL|PST.3PL
LX-f749816ad0	הִסְנִיף	HIFIL	hewiktionary	SILVER	1	0.1111	PST.1SG|PST.2MSG|PST.2FSG|PST.3FSG|PST.1PL|PST.2MPL|PST.2FPL|PST.3PL
LX-dc3b6ea10f	הֻכְלָם	HUFAL	hewiktionary	SILVER	1	0.1111	PST.1SG|PST.2MSG|PST.2FSG|PST.3FSG|PST.1PL|PST.2MPL|PST.2FPL|PST.3PL
LX-5d4711bc30	לִסְטֵם	PIEL	hewiktionary	SILVER	1	0.1111	PST.1SG|PST.2MSG|PST.2FSG|PST.3FSG|PST.1PL|PST.2MPL|PST.2FPL|PST.3PL
LX-894db47402	מִסְטֵל	PIEL	hewiktionary	SILVER	1	0.1111	PST.1SG|PST.2MSG|PST.2FSG|PST.3FSG|PST.1PL|PST.2MPL|PST.2FPL|PST.3PL
LX-517a5e5540	גִּעֲגַעַ	PIEL	hewiktionary	SILVER	1	0.1111	PST.1SG|PST.2MSG|PST.2FSG|PST.3FSG|PST.1PL|PST.2MPL|PST.2FPL|PST.3PL
LX-2d052aeaff	שֻׁטַּף	PUAL	hewiktionary	SILVER	1	0.1111	PST.1SG|PST.2MSG|PST.2FSG|PST.3FSG|PST.1PL|PST.2MPL|PST.2FPL|PST.3PL
LX-e007dabd91	צָנַח	PAAL	hewiktionary	SILVER	1	0.1111	PST.1SG|PST.2MSG|PST.2FSG|PST.3FSG|PST.1PL|PST.2MPL|PST.2FPL|PST.3PL
LX-7a3e5edacb	יָגַע	PAAL	hewiktionary	SILVER	1	0.1111	PST.1SG|PST.2MSG|PST.2FSG|PST.3FSG|PST.1PL|PST.2MPL|PST.2FPL|PST.3PL
LX-9bcd64d9f0	נָדַח	PAAL	hewiktionary	SILVER	1	0.1111	PST.1SG|PST.2MSG|PST.2FSG|PST.3FSG|PST.1PL|PST.2MPL|PST.2FPL|PST.3PL
LX-7bc08633fb	נִדַּח	NIFAL	hewiktionary	SILVER	1	0.1111	PST.1SG|PST.2MSG|PST.2FSG|PST.3FSG|PST.1PL|PST.2MPL|PST.2FPL|PST.3PL
LX-ef330a538f	סִיֵּט	PIEL	hewiktionary	SILVER	1	0.1111	PST.1SG|PST.2MSG|PST.2FSG|PST.3FSG|PST.1PL|PST.2MPL|PST.2FPL|PST.3PL
LX-1b325a7d4e	נִסֵּר	PIEL	hewiktionary	SILVER	1	0.1111	PST.1SG|PST.2MSG|PST.2FSG|PST.3FSG|PST.1PL|PST.2MPL|PST.2FPL|PST.3PL
LX-c6c0728743	הִתְפַקְשֵׁשׁ	HITPAEL	hewiktionary	SILVER	1	0.1111	PST.1SG|PST.2MSG|PST.2FSG|PST.3FSG|PST.1PL|PST.2MPL|PST.2FPL|PST.3PL
LX-6669b58913	טָוָה	PAAL	hewiktionary	SILVER	1	0.1111	PST.1SG|PST.2MSG|PST.2FSG|PST.3FSG|PST.1PL|PST.2MPL|PST.2FPL|PST.3PL
LX-c9f98ffa70	הִתְבַּהֵם	HITPAEL	hewiktionary	SILVER	1	0.1111	PST.1SG|PST.2MSG|PST.2FSG|PST.3FSG|PST.1PL|PST.2MPL|PST.2FPL|PST.3PL
LX-0b7ed4f396	הִבְהֵב	PIEL	hewiktionary	SILVER	1	0.1111	PST.1SG|PST.2MSG|PST.2FSG|PST.3FSG|PST.1PL|PST.2MPL|PST.2FPL|PST.3PL
LX-ad44653f8f	נִמְנֵם	PIEL	hewiktionary	SILVER	1	0.1111	PST.1SG|PST.2MSG|PST.2FSG|PST.3FSG|PST.1PL|PST.2MPL|PST.2FPL|PST.3PL
LX-2173cdfc12	סִגֵּף	PIEL	hewiktionary	SILVER	1	0.1111	PST.1SG|PST.2MSG|PST.2FSG|PST.3FSG|PST.1PL|PST.2MPL|PST.2FPL|PST.3PL
LX-2d1b2272b3	עִכֵּל	PIEL	hewiktionary	SILVER	1	0.1111	PST.1SG|PST.2MSG|PST.2FSG|PST.3FSG|PST.1PL|PST.2MPL|PST.2FPL|PST.3PL
LX-6783d21215	פָּשַׁח	PAAL	hewiktionary	SILVER	1	0.1111	PST.1SG|PST.2MSG|PST.2FSG|PST.3FSG|PST.1PL|PST.2MPL|PST.2FPL|PST.3PL
LX-b8d734ea1d	פִּשֵּׁחַ	PIEL	hewiktionary	SILVER	1	0.1111	PST.1SG|PST.2MSG|PST.2FSG|PST.3FSG|PST.1PL|PST.2MPL|PST.2FPL|PST.3PL
LX-6ddc80ceab	הִרְהֵר	PIEL	hewiktionary	SILVER	1	0.1111	PST.1SG|PST.2MSG|PST.2FSG|PST.3FSG|PST.1PL|PST.2MPL|PST.2FPL|PST.3PL
LX-fe437f7534	טִנֵּן	PIEL	hewiktionary	SILVER	1	0.1111	PST.1SG|PST.2MSG|PST.2FSG|PST.3FSG|PST.1PL|PST.2MPL|PST.2FPL|PST.3PL
LX-7c84b8e044	נָכַל	PAAL	hewiktionary	SILVER	1	0.1111	PST.1SG|PST.2MSG|PST.2FSG|PST.3FSG|PST.1PL|PST.2MPL|PST.2FPL|PST.3PL
LX-b54002e7e7	נִכֵּל	PIEL	hewiktionary	SILVER	1	0.1111	PST.1SG|PST.2MSG|PST.2FSG|PST.3FSG|PST.1PL|PST.2MPL|PST.2FPL|PST.3PL
LX-6a99ada17f	טִפְטֵף	PIEL	hewiktionary	SILVER	1	0.1111	PST.1SG|PST.2MSG|PST.2FSG|PST.3FSG|PST.1PL|PST.2MPL|PST.2FPL|PST.3PL
LX-179937f7f4	הִשִּׁיק	HIFIL	hewiktionary	SILVER	9	1.0	
LX-4a39ca6e62	הִשִּׂיק	HIFIL	hewiktionary	QUESTIONABLE	1	0.1111	PST.1SG|PST.2MSG|PST.2FSG|PST.3FSG|PST.1PL|PST.2MPL|PST.2FPL|PST.3PL
LX-9b4fd31d12	הִרְבִּיץ	HIFIL	hewiktionary	SILVER	1	0.1111	PST.1SG|PST.2MSG|PST.2FSG|PST.3FSG|PST.1PL|PST.2MPL|PST.2FPL|PST.3PL
LX-bcf0ce4c20	תִּמְרֵן	PIEL	hewiktionary	SILVER	1	0.1111	PST.1SG|PST.2MSG|PST.2FSG|PST.3FSG|PST.1PL|PST.2MPL|PST.2FPL|PST.3PL
LX-d30e0de15a	רָחַק	PAAL	hewiktionary	SILVER	1	0.1111	PST.1SG|PST.2MSG|PST.2FSG|PST.3FSG|PST.1PL|PST.2MPL|PST.2FPL|PST.3PL
LX-c9d61f693a	סָכַן	PAAL	hewiktionary	SILVER	1	0.1111	PST.1SG|PST.2MSG|PST.2FSG|PST.3FSG|PST.1PL|PST.2MPL|PST.2FPL|PST.3PL
LX-96e70f7971	יָעַף	PAAL	hewiktionary	SILVER	1	0.1111	PST.1SG|PST.2MSG|PST.2FSG|PST.3FSG|PST.1PL|PST.2MPL|PST.2FPL|PST.3PL
LX-d30ea2a346	קָסַס	PAAL	hewiktionary	SILVER	1	0.1111	PST.1SG|PST.2MSG|PST.2FSG|PST.3FSG|PST.1PL|PST.2MPL|PST.2FPL|PST.3PL
LX-c7746050a6	שִׁסֵּף	PIEL	hewiktionary	SILVER	1	0.1111	PST.1SG|PST.2MSG|PST.2FSG|PST.3FSG|PST.1PL|PST.2MPL|PST.2FPL|PST.3PL
LX-45861bf312	נִיֵּחַ	PIEL	hewiktionary	SILVER	1	0.1111	PST.1SG|PST.2MSG|PST.2FSG|PST.3FSG|PST.1PL|PST.2MPL|PST.2FPL|PST.3PL
LX-d2806c0ce3	לָכָד	PAAL	hewiktionary	SILVER	1	0.1111	PST.1SG|PST.2MSG|PST.2FSG|PST.3FSG|PST.1PL|PST.2MPL|PST.2FPL|PST.3PL
LX-4517538b74	לִכֵּד	PIEL	hewiktionary	SILVER	1	0.1111	PST.1SG|PST.2MSG|PST.2FSG|PST.3FSG|PST.1PL|PST.2MPL|PST.2FPL|PST.3PL
LX-8bc482eea0	הִתְלַכֵּד	HITPAEL	hewiktionary	SILVER	1	0.1111	PST.1SG|PST.2MSG|PST.2FSG|PST.3FSG|PST.1PL|PST.2MPL|PST.2FPL|PST.3PL
LX-a1c3eedf0d	מִלְכֵּד	PIEL	hewiktionary	SILVER	1	0.1111	PST.1SG|PST.2MSG|PST.2FSG|PST.3FSG|PST.1PL|PST.2MPL|PST.2FPL|PST.3PL
LX-4825e09b01	הִתְמוֹגֵג	HITPAEL	hewiktionary	QUESTIONABLE	1	0.1111	PST.1SG|PST.2MSG|PST.2FSG|PST.3FSG|PST.1PL|PST.2MPL|PST.2FPL|PST.3PL
LX-8092e169c7	שָׁתַת	PAAL	hewiktionary	SILVER	1	0.1111	PST.1SG|PST.2MSG|PST.2FSG|PST.3FSG|PST.1PL|PST.2MPL|PST.2FPL|PST.3PL
LX-edd383470a	עָלַב	PAAL	hewiktionary	SILVER	1	0.1111	PST.1SG|PST.2MSG|PST.2FSG|PST.3FSG|PST.1PL|PST.2MPL|PST.2FPL|PST.3PL
LX-a08c1287f2	דָּגַה	PAAL	hewiktionary	SILVER	1	0.1111	PST.1SG|PST.2MSG|PST.2FSG|PST.3FSG|PST.1PL|PST.2MPL|PST.2FPL|PST.3PL
LX-0a542c64da	עָלַס	PAAL	hewiktionary	SILVER	1	0.1111	PST.1SG|PST.2MSG|PST.2FSG|PST.3FSG|PST.1PL|PST.2MPL|PST.2FPL|PST.3PL
LX-d54c205248	נֶעֱלָס	NIFAL	hewiktionary	SILVER	1	0.1111	PST.1SG|PST.2MSG|PST.2FSG|PST.3FSG|PST.1PL|PST.2MPL|PST.2FPL|PST.3PL
LX-c4d4f3b51d	הִתְפַּקֵּק	HITPAEL	hewiktionary	SILVER	1	0.1111	PST.1SG|PST.2MSG|PST.2FSG|PST.3FSG|PST.1PL|PST.2MPL|PST.2FPL|PST.3PL
LX-8ae8d87443	פּוֹקֵק	PIEL	hewiktionary	SILVER	1	0.1111	PST.1SG|PST.2MSG|PST.2FSG|PST.3FSG|PST.1PL|PST.2MPL|PST.2FPL|PST.3PL
LX-665dd540cf	מִלֵּט	PIEL	hewiktionary	SILVER	1	0.1111	PST.1SG|PST.2MSG|PST.2FSG|PST.3FSG|PST.1PL|PST.2MPL|PST.2FPL|PST.3PL
LX-d580ea2b72	גִּבֵּב	PIEL	hewiktionary	SILVER	1	0.1111	PST.1SG|PST.2MSG|PST.2FSG|PST.3FSG|PST.1PL|PST.2MPL|PST.2FPL|PST.3PL
LX-753d44396b	פָּחַת	PAAL	hewiktionary	SILVER	1	0.1111	PST.1SG|PST.2MSG|PST.2FSG|PST.3FSG|PST.1PL|PST.2MPL|PST.2FPL|PST.3PL
LX-1bdae2c637	פִּחֵת	PIEL	hewiktionary	SILVER	1	0.1111	PST.1SG|PST.2MSG|PST.2FSG|PST.3FSG|PST.1PL|PST.2MPL|PST.2FPL|PST.3PL
LX-230d4ecf38	הִקְרִין	HIFIL	hewiktionary	SILVER	1	0.1111	PST.1SG|PST.2MSG|PST.2FSG|PST.3FSG|PST.1PL|PST.2MPL|PST.2FPL|PST.3PL
LX-a62205ae3b	הִצְמִיחַ	HIFIL	hewiktionary	SILVER	1	0.1111	PST.1SG|PST.2MSG|PST.2FSG|PST.3FSG|PST.1PL|PST.2MPL|PST.2FPL|PST.3PL
LX-b29957dad8	מָלַג	PAAL	hewiktionary	SILVER	1	0.1111	PST.1SG|PST.2MSG|PST.2FSG|PST.3FSG|PST.1PL|PST.2MPL|PST.2FPL|PST.3PL
LX-27c7e57829	בִּיֵּל	PIEL	hewiktionary	SILVER	1	0.1111	PST.1SG|PST.2MSG|PST.2FSG|PST.3FSG|PST.1PL|PST.2MPL|PST.2FPL|PST.3PL
LX-5f0a664913	זָלַף	PAAL	hewiktionary	SILVER	1	0.1111	PST.1SG|PST.2MSG|PST.2FSG|PST.3FSG|PST.1PL|PST.2MPL|PST.2FPL|PST.3PL
LX-ca00cf4c7b	זִלֵּף	PIEL	hewiktionary	SILVER	1	0.1111	PST.1SG|PST.2MSG|PST.2FSG|PST.3FSG|PST.1PL|PST.2MPL|PST.2FPL|PST.3PL
LX-918b979dca	הִגֵּר	PIEL	hewiktionary	SILVER	1	0.1111	PST.1SG|PST.2MSG|PST.2FSG|PST.3FSG|PST.1PL|PST.2MPL|PST.2FPL|PST.3PL
LX-bed71c9ac1	מָרַט	PAAL	hewiktionary	SILVER	1	0.1111	PST.1SG|PST.2MSG|PST.2FSG|PST.3FSG|PST.1PL|PST.2MPL|PST.2FPL|PST.3PL
LX-3a059443b9	בִּיֵּם	PIEL	hewiktionary	SILVER	1	0.1111	PST.1SG|PST.2MSG|PST.2FSG|PST.3FSG|PST.1PL|PST.2MPL|PST.2FPL|PST.3PL
LX-02177ecbb8	הִקְשִׁיחַ	HIFIL	hewiktionary	SILVER	1	0.1111	PST.1SG|PST.2MSG|PST.2FSG|PST.3FSG|PST.1PL|PST.2MPL|PST.2FPL|PST.3PL
LX-667d42a756	מִשֵׁשׁ	PIEL	hewiktionary	SILVER	1	0.1111	PST.1SG|PST.2MSG|PST.2FSG|PST.3FSG|PST.1PL|PST.2MPL|PST.2FPL|PST.3PL
LX-f738773729	טָפַף	PAAL	hewiktionary	SILVER	1	0.1111	PST.1SG|PST.2MSG|PST.2FSG|PST.3FSG|PST.1PL|PST.2MPL|PST.2FPL|PST.3PL
LX-dd6192f009	עִכֵּס	PIEL	hewiktionary	SILVER	1	0.1111	PST.1SG|PST.2MSG|PST.2FSG|PST.3FSG|PST.1PL|PST.2MPL|PST.2FPL|PST.3PL
LX-fbba9f46dc	קָאָה	PAAL	hewiktionary	SILVER	1	0.1111	PST.1SG|PST.2MSG|PST.2FSG|PST.3FSG|PST.1PL|PST.2MPL|PST.2FPL|PST.3PL
LX-df45508c98	קָיָה	PAAL	hewiktionary	SILVER	1	0.1111	PST.1SG|PST.2MSG|PST.2FSG|PST.3FSG|PST.1PL|PST.2MPL|PST.2FPL|PST.3PL
LX-34a2c6a64f	זִוֵּד	PIEL	hewiktionary	SILVER	1	0.1111	PST.1SG|PST.2MSG|PST.2FSG|PST.3FSG|PST.1PL|PST.2MPL|PST.2FPL|PST.3PL
LX-c37b5317b0	חָתָה	PAAL	hewiktionary	SILVER	1	0.1111	PST.1SG|PST.2MSG|PST.2FSG|PST.3FSG|PST.1PL|PST.2MPL|PST.2FPL|PST.3PL
LX-d30a318a2b	חִתָּה	PIEL	hewiktionary	SILVER	1	0.1111	PST.1SG|PST.2MSG|PST.2FSG|PST.3FSG|PST.1PL|PST.2MPL|PST.2FPL|PST.3PL
LX-c423f6d879	הִשְׁקִיף	HIFIL	hewiktionary	SILVER	1	0.1111	PST.1SG|PST.2MSG|PST.2FSG|PST.3FSG|PST.1PL|PST.2MPL|PST.2FPL|PST.3PL
LX-14d2046683	הִפְצִיעַ	HIFIL	hewiktionary	SILVER	1	0.1111	PST.1SG|PST.2MSG|PST.2FSG|PST.3FSG|PST.1PL|PST.2MPL|PST.2FPL|PST.3PL
LX-2f87609dae	הִשְׁעָה	HIFIL	hewiktionary	SILVER	1	0.1111	PST.1SG|PST.2MSG|PST.2FSG|PST.3FSG|PST.1PL|PST.2MPL|PST.2FPL|PST.3PL
LX-b822ef4949	שִׁכְלֵל	PIEL	hewiktionary	QUESTIONABLE	9	1.0	
LX-bddf2bad2a	חִיֵּג	PIEL	hewiktionary	SILVER	1	0.1111	PST.1SG|PST.2MSG|PST.2FSG|PST.3FSG|PST.1PL|PST.2MPL|PST.2FPL|PST.3PL
LX-59df3d0264	יִצֵּג	PIEL	hewiktionary	SILVER	1	0.1111	PST.1SG|PST.2MSG|PST.2FSG|PST.3FSG|PST.1PL|PST.2MPL|PST.2FPL|PST.3PL
LX-4dd109f9cf	סָגָה	PAAL	hewiktionary	SILVER	1	0.1111	PST.1SG|PST.2MSG|PST.2FSG|PST.3FSG|PST.1PL|PST.2MPL|PST.2FPL|PST.3PL
LX-771c51cfbe	גִּמְגֵּם	PIEL	hewiktionary	SILVER	1	0.1111	PST.1SG|PST.2MSG|PST.2FSG|PST.3FSG|PST.1PL|PST.2MPL|PST.2FPL|PST.3PL
LX-9244f6179e	נִפְלַל	NIFAL	hewiktionary	SILVER	1	0.1111	PST.1SG|PST.2MSG|PST.2FSG|PST.3FSG|PST.1PL|PST.2MPL|PST.2FPL|PST.3PL
LX-7a1086916f	רָפַד	PAAL	hewiktionary	SILVER	1	0.1111	PST.1SG|PST.2MSG|PST.2FSG|PST.3FSG|PST.1PL|PST.2MPL|PST.2FPL|PST.3PL
LX-2cba6efc6a	שִׂרְטֵט	PIEL	hewiktionary	SILVER	1	0.1111	PST.1SG|PST.2MSG|PST.2FSG|PST.3FSG|PST.1PL|PST.2MPL|PST.2FPL|PST.3PL
LX-3be6c0f734	עִתֵּד	PIEL	hewiktionary	SILVER	1	0.1111	PST.1SG|PST.2MSG|PST.2FSG|PST.3FSG|PST.1PL|PST.2MPL|PST.2FPL|PST.3PL
LX-4e304ebaae	יִבֵּל	PIEL	hewiktionary	SILVER	1	0.1111	PST.1SG|PST.2MSG|PST.2FSG|PST.3FSG|PST.1PL|PST.2MPL|PST.2FPL|PST.3PL
LX-b46ddc0777	הִדְהֵד	PIEL	hewiktionary	SILVER	1	0.1111	PST.1SG|PST.2MSG|PST.2FSG|PST.3FSG|PST.1PL|PST.2MPL|PST.2FPL|PST.3PL
LX-5f19013cbb	הִתְנַפְנֵף	HITPAEL	hewiktionary	SILVER	1	0.1111	PST.1SG|PST.2MSG|PST.2FSG|PST.3FSG|PST.1PL|PST.2MPL|PST.2FPL|PST.3PL
LX-c7ad008540	הִרְתִיעַ	HIFIL	hewiktionary	SILVER	1	0.1111	PST.1SG|PST.2MSG|PST.2FSG|PST.3FSG|PST.1PL|PST.2MPL|PST.2FPL|PST.3PL
LX-40fe2d28a8	תִּעְתֵּעַ	PIEL	hewiktionary	SILVER	1	0.1111	PST.1SG|PST.2MSG|PST.2FSG|PST.3FSG|PST.1PL|PST.2MPL|PST.2FPL|PST.3PL
LX-90a09a78fa	נִמְתַּח	NIFAL	hewiktionary	SILVER	1	0.1111	PST.1SG|PST.2MSG|PST.2FSG|PST.3FSG|PST.1PL|PST.2MPL|PST.2FPL|PST.3PL
LX-f4939e46f8	בִּרְבֵּר	PIEL	hewiktionary	SILVER	1	0.1111	PST.1SG|PST.2MSG|PST.2FSG|PST.3FSG|PST.1PL|PST.2MPL|PST.2FPL|PST.3PL
LX-f138043332	פִּקְפֵּק	PIEL	hewiktionary	SILVER	1	0.1111	PST.1SG|PST.2MSG|PST.2FSG|PST.3FSG|PST.1PL|PST.2MPL|PST.2FPL|PST.3PL
LX-a80cc03147	הִרְעִיף	HIFIL	hewiktionary	SILVER	1	0.1111	PST.1SG|PST.2MSG|PST.2FSG|PST.3FSG|PST.1PL|PST.2MPL|PST.2FPL|PST.3PL
LX-95d3bfec34	הִתְחַנֵּף	HITPAEL	hewiktionary	SILVER	1	0.1111	PST.1SG|PST.2MSG|PST.2FSG|PST.3FSG|PST.1PL|PST.2MPL|PST.2FPL|PST.3PL
LX-9e7f4e233c	עֵרָה	PIEL	hewiktionary	SILVER	1	0.1111	PST.1SG|PST.2MSG|PST.2FSG|PST.3FSG|PST.1PL|PST.2MPL|PST.2FPL|PST.3PL
LX-e5ae2f7a7e	שִׁמֵּת	PIEL	hewiktionary	SILVER	1	0.1111	PST.1SG|PST.2MSG|PST.2FSG|PST.3FSG|PST.1PL|PST.2MPL|PST.2FPL|PST.3PL
LX-086e693112	הִתְרִיעַ	HIFIL	hewiktionary	SILVER	1	0.1111	PST.1SG|PST.2MSG|PST.2FSG|PST.3FSG|PST.1PL|PST.2MPL|PST.2FPL|PST.3PL
LX-c3ecda33c5	נִרְזָה	NIFAL	hewiktionary	SILVER	1	0.1111	PST.1SG|PST.2MSG|PST.2FSG|PST.3FSG|PST.1PL|PST.2MPL|PST.2FPL|PST.3PL
LX-a187bb5879	הִתְחַלָּה	HITPAEL	hewiktionary	SILVER	1	0.1111	PST.1SG|PST.2MSG|PST.2FSG|PST.3FSG|PST.1PL|PST.2MPL|PST.2FPL|PST.3PL
LX-9f01b2973b	פָּקַר	PAAL	hewiktionary	SILVER	1	0.1111	PST.1SG|PST.2MSG|PST.2FSG|PST.3FSG|PST.1PL|PST.2MPL|PST.2FPL|PST.3PL
LX-0c39095129	יָסַד	PAAL	hewiktionary	SILVER	1	0.1111	PST.1SG|PST.2MSG|PST.2FSG|PST.3FSG|PST.1PL|PST.2MPL|PST.2FPL|PST.3PL
LX-1cd1f9bf0f	יִסֵּד	PIEL	hewiktionary	SILVER	1	0.1111	PST.1SG|PST.2MSG|PST.2FSG|PST.3FSG|PST.1PL|PST.2MPL|PST.2FPL|PST.3PL
LX-ebbc257965	צָלָה	PAAL	hewiktionary	SILVER	1	0.1111	PST.1SG|PST.2MSG|PST.2FSG|PST.3FSG|PST.1PL|PST.2MPL|PST.2FPL|PST.3PL
LX-084dbec5d0	צִלָּה	PIEL	hewiktionary	SILVER	1	0.1111	PST.1SG|PST.2MSG|PST.2FSG|PST.3FSG|PST.1PL|PST.2MPL|PST.2FPL|PST.3PL
LX-c6e7e0b0a2	תֵּרֵץ	PIEL	hewiktionary	SILVER	1	0.1111	PST.1SG|PST.2MSG|PST.2FSG|PST.3FSG|PST.1PL|PST.2MPL|PST.2FPL|PST.3PL
LX-d930b96a50	הִרְשִׁיעַ	HIFIL	hewiktionary	SILVER	1	0.1111	PST.1SG|PST.2MSG|PST.2FSG|PST.3FSG|PST.1PL|PST.2MPL|PST.2FPL|PST.3PL
LX-1311102f2d	נִקְרָה	NIFAL	hewiktionary	SILVER	1	0.1111	PST.1SG|PST.2MSG|PST.2FSG|PST.3FSG|PST.1PL|PST.2MPL|PST.2FPL|PST.3PL
LX-6f5db3dab3	הֶחֱיָה	HIFIL	hewiktionary	SILVER	1	0.1111	PST.1SG|PST.2MSG|PST.2FSG|PST.3FSG|PST.1PL|PST.2MPL|PST.2FPL|PST.3PL
LX-a831830768	נִקֵּז	PIEL	hewiktionary	SILVER	1	0.1111	PST.1SG|PST.2MSG|PST.2FSG|PST.3FSG|PST.1PL|PST.2MPL|PST.2FPL|PST.3PL
LX-61f6b58a90	אִשְׁפֵּז	PIEL	hewiktionary	SILVER	1	0.1111	PST.1SG|PST.2MSG|PST.2FSG|PST.3FSG|PST.1PL|PST.2MPL|PST.2FPL|PST.3PL
LX-b25a916d9a	כִּוֵּץ	PIEL	hewiktionary	SILVER	1	0.1111	PST.1SG|PST.2MSG|PST.2FSG|PST.3FSG|PST.1PL|PST.2MPL|PST.2FPL|PST.3PL
LX-297da052dc	הֻסְכַּם	HUFAL	hewiktionary	SILVER	1	0.1111	PST.1SG|PST.2MSG|PST.2FSG|PST.3FSG|PST.1PL|PST.2MPL|PST.2FPL|PST.3PL
LX-429c8d1085	הִסְתַּבְסֵב	HITPAEL	hewiktionary	QUESTIONABLE	1	0.1111	PST.1SG|PST.2MSG|PST.2FSG|PST.3FSG|PST.1PL|PST.2MPL|PST.2FPL|PST.3PL
LX-e4f099c845	קָצַע	PIEL	hewiktionary	QUESTIONABLE	1	0.1111	PST.1SG|PST.2MSG|PST.2FSG|PST.3FSG|PST.1PL|PST.2MPL|PST.2FPL|PST.3PL
LX-e4bb689969	קִצֵּעַ	PIEL	hewiktionary	QUESTIONABLE	1	0.1111	PST.1SG|PST.2MSG|PST.2FSG|PST.3FSG|PST.1PL|PST.2MPL|PST.2FPL|PST.3PL
LX-4fd35f282c	הִקְצִיעַ	HIFIL	hewiktionary	SILVER	1	0.1111	PST.1SG|PST.2MSG|PST.2FSG|PST.3FSG|PST.1PL|PST.2MPL|PST.2FPL|PST.3PL
LX-8431cd4a61	יִבֵֵּא	PIEL	hewiktionary	SILVER	1	0.1111	PST.1SG|PST.2MSG|PST.2FSG|PST.3FSG|PST.1PL|PST.2MPL|PST.2FPL|PST.3PL
LX-05c640ff73	הִתְנַדְנֵד	HITPAEL	hewiktionary	SILVER	1	0.1111	PST.1SG|PST.2MSG|PST.2FSG|PST.3FSG|PST.1PL|PST.2MPL|PST.2FPL|PST.3PL
LX-412bbc4d54	הִתְוָה	HIFIL	hewiktionary	SILVER	1	0.1111	PST.1SG|PST.2MSG|PST.2FSG|PST.3FSG|PST.1PL|PST.2MPL|PST.2FPL|PST.3PL
LX-765da2daa4	סִנְגֵּר	PIEL	hewiktionary	QUESTIONABLE	1	0.1111	PST.1SG|PST.2MSG|PST.2FSG|PST.3FSG|PST.1PL|PST.2MPL|PST.2FPL|PST.3PL
LX-8a6a4ac24f	מָחַץ	PAAL	hewiktionary	SILVER	1	0.1111	PST.1SG|PST.2MSG|PST.2FSG|PST.3FSG|PST.1PL|PST.2MPL|PST.2FPL|PST.3PL
LX-dde97333b3	הִתִּיק	HIFIL	hewiktionary	SILVER	1	0.1111	PST.1SG|PST.2MSG|PST.2FSG|PST.3FSG|PST.1PL|PST.2MPL|PST.2FPL|PST.3PL
LX-b6d27601a3	קָבַץ	PAAL	hewiktionary	SILVER	1	0.1111	PST.1SG|PST.2MSG|PST.2FSG|PST.3FSG|PST.1PL|PST.2MPL|PST.2FPL|PST.3PL
LX-e577b40505	קִבֵּץ	PIEL	hewiktionary	SILVER	1	0.1111	PST.1SG|PST.2MSG|PST.2FSG|PST.3FSG|PST.1PL|PST.2MPL|PST.2FPL|PST.3PL
LX-b7c46db239	נִכְנַף	NIFAL	hewiktionary	SILVER	1	0.1111	PST.1SG|PST.2MSG|PST.2FSG|PST.3FSG|PST.1PL|PST.2MPL|PST.2FPL|PST.3PL
LX-ef73ea314b	נִסְמָן	NIFAL	hewiktionary	QUESTIONABLE	1	0.1111	PST.1SG|PST.2MSG|PST.2FSG|PST.3FSG|PST.1PL|PST.2MPL|PST.2FPL|PST.3PL
LX-8ddedc1a7d	נָדַב	PAAL	hewiktionary	SILVER	1	0.1111	PST.1SG|PST.2MSG|PST.2FSG|PST.3FSG|PST.1PL|PST.2MPL|PST.2FPL|PST.3PL
LX-def39fabfc	נִדֵּב	PIEL	hewiktionary	SILVER	1	0.1111	PST.1SG|PST.2MSG|PST.2FSG|PST.3FSG|PST.1PL|PST.2MPL|PST.2FPL|PST.3PL
LX-3030f12f85	נִדַּב	NIFAL	hewiktionary	SILVER	1	0.1111	PST.1SG|PST.2MSG|PST.2FSG|PST.3FSG|PST.1PL|PST.2MPL|PST.2FPL|PST.3PL
LX-41f2cdc832	חִדָּה	PIEL	hewiktionary	SILVER	1	0.1111	PST.1SG|PST.2MSG|PST.2FSG|PST.3FSG|PST.1PL|PST.2MPL|PST.2FPL|PST.3PL
LX-e10a856b0b	חָדָה	PAAL	hewiktionary	SILVER	1	0.1111	PST.1SG|PST.2MSG|PST.2FSG|PST.3FSG|PST.1PL|PST.2MPL|PST.2FPL|PST.3PL
LX-b8c6388f5e	פּוֹרֵר	PIEL	hewiktionary	SILVER	1	0.1111	PST.1SG|PST.2MSG|PST.2FSG|PST.3FSG|PST.1PL|PST.2MPL|PST.2FPL|PST.3PL
LX-b46a4f9489	טִמְטֵם	PIEL	hewiktionary	SILVER	1	0.1111	PST.1SG|PST.2MSG|PST.2FSG|PST.3FSG|PST.1PL|PST.2MPL|PST.2FPL|PST.3PL
LX-48103dfac4	מִצְמֵץ	PIEL	hewiktionary	SILVER	1	0.1111	PST.1SG|PST.2MSG|PST.2FSG|PST.3FSG|PST.1PL|PST.2MPL|PST.2FPL|PST.3PL
LX-1a2f93fc83	תִּסְכֵּל	PIEL	hewiktionary	SILVER	1	0.1111	PST.1SG|PST.2MSG|PST.2FSG|PST.3FSG|PST.1PL|PST.2MPL|PST.2FPL|PST.3PL
LX-6e7fc8353d	נִסֵּח	PIEL	hewiktionary	SILVER	1	0.1111	PST.1SG|PST.2MSG|PST.2FSG|PST.3FSG|PST.1PL|PST.2MPL|PST.2FPL|PST.3PL
LX-2da6382b1e	נִסַּח	NIFAL	hewiktionary	SILVER	1	0.1111	PST.1SG|PST.2MSG|PST.2FSG|PST.3FSG|PST.1PL|PST.2MPL|PST.2FPL|PST.3PL
LX-44a5234604	הִתְרוֹצֵץ	HITPAEL	hewiktionary	SILVER	1	0.1111	PST.1SG|PST.2MSG|PST.2FSG|PST.3FSG|PST.1PL|PST.2MPL|PST.2FPL|PST.3PL
LX-e45f758cb6	נִכְמַר	NIFAL	hewiktionary	SILVER	1	0.1111	PST.1SG|PST.2MSG|PST.2FSG|PST.3FSG|PST.1PL|PST.2MPL|PST.2FPL|PST.3PL
LX-fc4b99500f	עָטַן	PAAL	hewiktionary	SILVER	1	0.1111	PST.1SG|PST.2MSG|PST.2FSG|PST.3FSG|PST.1PL|PST.2MPL|PST.2FPL|PST.3PL
LX-6861a00f6a	נִמְלַץ	NIFAL	hewiktionary	SILVER	1	0.1111	PST.1SG|PST.2MSG|PST.2FSG|PST.3FSG|PST.1PL|PST.2MPL|PST.2FPL|PST.3PL
LX-6f01ac4ca9	נָבַק	NIFAL	hewiktionary	SILVER	1	0.1111	PST.1SG|PST.2MSG|PST.2FSG|PST.3FSG|PST.1PL|PST.2MPL|PST.2FPL|PST.3PL
LX-ee19b3a78e	הִתְאַכְסֵן	HITPAEL	hewiktionary	SILVER	1	0.1111	PST.1SG|PST.2MSG|PST.2FSG|PST.3FSG|PST.1PL|PST.2MPL|PST.2FPL|PST.3PL
LX-32d21bd0e9	הִתְלַחֵשׁ	HITPAEL	hewiktionary	SILVER	1	0.1111	PST.1SG|PST.2MSG|PST.2FSG|PST.3FSG|PST.1PL|PST.2MPL|PST.2FPL|PST.3PL
LX-651bc8ddef	הִנְוָה	HIFIL	hewiktionary	SILVER	1	0.1111	PST.1SG|PST.2MSG|PST.2FSG|PST.3FSG|PST.1PL|PST.2MPL|PST.2FPL|PST.3PL
LX-19e5d3ce76	הִתְנַוֵּה	HITPAEL	hewiktionary	SILVER	1	0.1111	PST.1SG|PST.2MSG|PST.2FSG|PST.3FSG|PST.1PL|PST.2MPL|PST.2FPL|PST.3PL
LX-40223b74eb	הִתְנָאָה	HITPAEL	hewiktionary	SILVER	1	0.1111	PST.1SG|PST.2MSG|PST.2FSG|PST.3FSG|PST.1PL|PST.2MPL|PST.2FPL|PST.3PL
LX-7601cc707a	הִטְרִיחַ	HIFIL	hewiktionary	SILVER	1	0.1111	PST.1SG|PST.2MSG|PST.2FSG|PST.3FSG|PST.1PL|PST.2MPL|PST.2FPL|PST.3PL
LX-47f9b8697e	הֶחְבִּיר	HIFIL	hewiktionary	SILVER	1	0.1111	PST.1SG|PST.2MSG|PST.2FSG|PST.3FSG|PST.1PL|PST.2MPL|PST.2FPL|PST.3PL
LX-8072039b96	קָשַׁט	PAAL	hewiktionary	SILVER	1	0.1111	PST.1SG|PST.2MSG|PST.2FSG|PST.3FSG|PST.1PL|PST.2MPL|PST.2FPL|PST.3PL
LX-e0187e9598	צָעַד	PAAL	hewiktionary	SILVER	1	0.1111	PST.1SG|PST.2MSG|PST.2FSG|PST.3FSG|PST.1PL|PST.2MPL|PST.2FPL|PST.3PL
LX-a5b9b128cb	רִתֵּף	PIEL	hewiktionary	SILVER	1	0.1111	PST.1SG|PST.2MSG|PST.2FSG|PST.3FSG|PST.1PL|PST.2MPL|PST.2FPL|PST.3PL
LX-46921562d9	נִגְמַם	NIFAL	hewiktionary	SILVER	1	0.1111	PST.1SG|PST.2MSG|PST.2FSG|PST.3FSG|PST.1PL|PST.2MPL|PST.2FPL|PST.3PL
LX-ed54e6eb9d	פַּרְשֵׁז	PIEL	hewiktionary	SILVER	1	0.1111	PST.1SG|PST.2MSG|PST.2FSG|PST.3FSG|PST.1PL|PST.2MPL|PST.2FPL|PST.3PL
LX-5b138a74d1	עָשַׁשׁ	PAAL	hewiktionary	SILVER	1	0.1111	PST.1SG|PST.2MSG|PST.2FSG|PST.3FSG|PST.1PL|PST.2MPL|PST.2FPL|PST.3PL
LX-21c514d57a	מִלְמֵל	PIEL	hewiktionary	SILVER	1	0.1111	PST.1SG|PST.2MSG|PST.2FSG|PST.3FSG|PST.1PL|PST.2MPL|PST.2FPL|PST.3PL
LX-e91f3e6423	בִּרְזֵג	PIEL	hewiktionary	SILVER	1	0.1111	PST.1SG|PST.2MSG|PST.2FSG|PST.3FSG|PST.1PL|PST.2MPL|PST.2FPL|PST.3PL
LX-8207a6bb52	הִתְאַשֵּׁר	HITPAEL	hewiktionary	SILVER	1	0.1111	PST.1SG|PST.2MSG|PST.2FSG|PST.3FSG|PST.1PL|PST.2MPL|PST.2FPL|PST.3PL
LX-91baee87a2	הִתְאַמֵּר	HITPAEL	hewiktionary	QUESTIONABLE	1	0.1111	PST.1SG|PST.2MSG|PST.2FSG|PST.3FSG|PST.1PL|PST.2MPL|PST.2FPL|PST.3PL
LX-dfff8cd5a2	הִבְרִיא	HIFIL	hewiktionary	SILVER	1	0.1111	PST.1SG|PST.2MSG|PST.2FSG|PST.3FSG|PST.1PL|PST.2MPL|PST.2FPL|PST.3PL
LX-6976de24b8	הִתְיַמֵּר	HITPAEL	hewiktionary	SILVER	1	0.1111	PST.1SG|PST.2MSG|PST.2FSG|PST.3FSG|PST.1PL|PST.2MPL|PST.2FPL|PST.3PL
LX-483d397953	הִתַּמֵּר	HITPAEL	hewiktionary	SILVER	1	0.1111	PST.1SG|PST.2MSG|PST.2FSG|PST.3FSG|PST.1PL|PST.2MPL|PST.2FPL|PST.3PL
LX-f613bb0d68	הֻתְמַר	HUFAL	hewiktionary	SILVER	1	0.1111	PST.1SG|PST.2MSG|PST.2FSG|PST.3FSG|PST.1PL|PST.2MPL|PST.2FPL|PST.3PL
LX-eb94414011	הִתְמִיר	HIFIL	hewiktionary	SILVER	1	0.1111	PST.1SG|PST.2MSG|PST.2FSG|PST.3FSG|PST.1PL|PST.2MPL|PST.2FPL|PST.3PL
LX-b28415fb79	הִתְמַזְמֵז	HITPAEL	hewiktionary	SILVER	1	0.1111	PST.1SG|PST.2MSG|PST.2FSG|PST.3FSG|PST.1PL|PST.2MPL|PST.2FPL|PST.3PL
LX-a62e2703a0	מִזְמֵז	PIEL	hewiktionary	SILVER	1	0.1111	PST.1SG|PST.2MSG|PST.2FSG|PST.3FSG|PST.1PL|PST.2MPL|PST.2FPL|PST.3PL
LX-ccdfd0ef28	מֻזָּז	PUAL	hewiktionary	SILVER	1	0.1111	PST.1SG|PST.2MSG|PST.2FSG|PST.3FSG|PST.1PL|PST.2MPL|PST.2FPL|PST.3PL
LX-5518bdaaea	הֵהִין	HIFIL	hewiktionary	SILVER	1	0.1111	PST.1SG|PST.2MSG|PST.2FSG|PST.3FSG|PST.1PL|PST.2MPL|PST.2FPL|PST.3PL
LX-51cec0f065	הֶאֱבִיב	HIFIL	hewiktionary	SILVER	1	0.1111	PST.1SG|PST.2MSG|PST.2FSG|PST.3FSG|PST.1PL|PST.2MPL|PST.2FPL|PST.3PL
LX-78c04db5d6	הֶחְלִים	HIFIL	hewiktionary	SILVER	1	0.1111	PST.1SG|PST.2MSG|PST.2FSG|PST.3FSG|PST.1PL|PST.2MPL|PST.2FPL|PST.3PL
LX-f8e8b206bc	נִגְרַז	NIFAL	hewiktionary	SILVER	1	0.1111	PST.1SG|PST.2MSG|PST.2FSG|PST.3FSG|PST.1PL|PST.2MPL|PST.2FPL|PST.3PL
LX-28e44ce4df	הֵפִיחַ	HIFIL	hewiktionary	SILVER	1	0.1111	PST.1SG|PST.2MSG|PST.2FSG|PST.3FSG|PST.1PL|PST.2MPL|PST.2FPL|PST.3PL
LX-b111069d9f	הִפִּיחַ	HIFIL	hewiktionary	SILVER	1	0.1111	PST.1SG|PST.2MSG|PST.2FSG|PST.3FSG|PST.1PL|PST.2MPL|PST.2FPL|PST.3PL
LX-0ce9d90925	הִפְקִיר	HIFIL	hewiktionary	SILVER	1	0.1111	PST.1SG|PST.2MSG|PST.2FSG|PST.3FSG|PST.1PL|PST.2MPL|PST.2FPL|PST.3PL
LX-ed433884a7	הֵקִיץ	HIFIL	hewiktionary	SILVER	1	0.1111	PST.1SG|PST.2MSG|PST.2FSG|PST.3FSG|PST.1PL|PST.2MPL|PST.2FPL|PST.3PL
LX-cacb801514	הִזְרִיעַ	HIFIL	hewiktionary	SILVER	1	0.1111	PST.1SG|PST.2MSG|PST.2FSG|PST.3FSG|PST.1PL|PST.2MPL|PST.2FPL|PST.3PL
LX-1f99725a1d	הִבְעִיל	HIFIL	hewiktionary	SILVER	1	0.1111	PST.1SG|PST.2MSG|PST.2FSG|PST.3FSG|PST.1PL|PST.2MPL|PST.2FPL|PST.3PL
LX-d0ae699a21	יָפַח	PAAL	hewiktionary	QUESTIONABLE	1	0.1111	PST.1SG|PST.2MSG|PST.2FSG|PST.3FSG|PST.1PL|PST.2MPL|PST.2FPL|PST.3PL
LX-bb08afbca2	הֵשִׂים	HIFIL	hewiktionary	SILVER	1	0.1111	PST.1SG|PST.2MSG|PST.2FSG|PST.3FSG|PST.1PL|PST.2MPL|PST.2FPL|PST.3PL
LX-4922773f69	הִבְהִיל	HIFIL	hewiktionary	SILVER	1	0.1111	PST.1SG|PST.2MSG|PST.2FSG|PST.3FSG|PST.1PL|PST.2MPL|PST.2FPL|PST.3PL
LX-07d13abd19	הִצְרִיט	HIFIL	hewiktionary	SILVER	1	0.1111	PST.1SG|PST.2MSG|PST.2FSG|PST.3FSG|PST.1PL|PST.2MPL|PST.2FPL|PST.3PL
LX-0b44b221d3	הִתְחַקָּה	HITPAEL	hewiktionary	SILVER	1	0.1111	PST.1SG|PST.2MSG|PST.2FSG|PST.3FSG|PST.1PL|PST.2MPL|PST.2FPL|PST.3PL
LX-c3a6071e7f	נַעֲוֵה	NIFAL	hewiktionary	SILVER	1	0.1111	PST.1SG|PST.2MSG|PST.2FSG|PST.3FSG|PST.1PL|PST.2MPL|PST.2FPL|PST.3PL
LX-4c69d82640	רִפְּרֵפּ	PIEL	hewiktionary	QUESTIONABLE	1	0.1111	PST.1SG|PST.2MSG|PST.2FSG|PST.3FSG|PST.1PL|PST.2MPL|PST.2FPL|PST.3PL
LX-8422e9340d	הִתְמַמְשֵׁק	HITPAEL	hewiktionary	SILVER	1	0.1111	PST.1SG|PST.2MSG|PST.2FSG|PST.3FSG|PST.1PL|PST.2MPL|PST.2FPL|PST.3PL
LX-b022535679	הִתְפַּשֵּׁר	HITPAEL	hewiktionary	SILVER	1	0.1111	PST.1SG|PST.2MSG|PST.2FSG|PST.3FSG|PST.1PL|PST.2MPL|PST.2FPL|PST.3PL
LX-1dce13a52c	נִדְהַם	NIFAL	hewiktionary	SILVER	1	0.1111	PST.1SG|PST.2MSG|PST.2FSG|PST.3FSG|PST.1PL|PST.2MPL|PST.2FPL|PST.3PL
LX-7a6fb752a3	הִגִּיר	HIFIL	hewiktionary	SILVER	1	0.1111	PST.1SG|PST.2MSG|PST.2FSG|PST.3FSG|PST.1PL|PST.2MPL|PST.2FPL|PST.3PL
LX-86925debf3	הִתְפַּתַּח	HITPAEL	hewiktionary	SILVER	1	0.1111	PST.1SG|PST.2MSG|PST.2FSG|PST.3FSG|PST.1PL|PST.2MPL|PST.2FPL|PST.3PL
LX-5b4ce09d71	הִשְׁתַּנְמֵךְ	HITPAEL	hewiktionary	SILVER	1	0.1111	PST.1SG|PST.2MSG|PST.2FSG|PST.3FSG|PST.1PL|PST.2MPL|PST.2FPL|PST.3PL
LX-22bbfc1e09	סִמְפֵּת	PIEL	hewiktionary	SILVER	1	0.1111	PST.1SG|PST.2MSG|PST.2FSG|PST.3FSG|PST.1PL|PST.2MPL|PST.2FPL|PST.3PL
LX-d5e57f6abd	הֶחֱרִים	HIFIL	hewiktionary	SILVER	1	0.1111	PST.1SG|PST.2MSG|PST.2FSG|PST.3FSG|PST.1PL|PST.2MPL|PST.2FPL|PST.3PL
LX-987751f905	הוֹדַע	HUFAL	hewiktionary	QUESTIONABLE	1	0.1111	PST.1SG|PST.2MSG|PST.2FSG|PST.3FSG|PST.1PL|PST.2MPL|PST.2FPL|PST.3PL
LX-76696b3a68	שָׂכָה	PAAL	hewiktionary	QUESTIONABLE	1	0.1111	PST.1SG|PST.2MSG|PST.2FSG|PST.3FSG|PST.1PL|PST.2MPL|PST.2FPL|PST.3PL
LX-70006a8e7c	שָׂכָה	PAAL	hewiktionary	QUESTIONABLE	1	0.1111	PST.1SG|PST.2MSG|PST.2FSG|PST.3FSG|PST.1PL|PST.2MPL|PST.2FPL|PST.3PL
LX-62c251cc6f	אִרְגֵּן	PIEL	hewiktionary	SILVER	1	0.1111	PST.1SG|PST.2MSG|PST.2FSG|PST.3FSG|PST.1PL|PST.2MPL|PST.2FPL|PST.3PL
LX-f1a2c69bad	הֵצִיץ	HIFIL	hewiktionary	SILVER	1	0.1111	PST.1SG|PST.2MSG|PST.2FSG|PST.3FSG|PST.1PL|PST.2MPL|PST.2FPL|PST.3PL
LX-19bf0b222b	הִרְקִיחַ	HIFIL	hewiktionary	SILVER	1	0.1111	PST.1SG|PST.2MSG|PST.2FSG|PST.3FSG|PST.1PL|PST.2MPL|PST.2FPL|PST.3PL
LX-3028cd04ea	קֵרֵר	PIEL	hewiktionary	SILVER	1	0.1111	PST.1SG|PST.2MSG|PST.2FSG|PST.3FSG|PST.1PL|PST.2MPL|PST.2FPL|PST.3PL
LX-31ad99b5e8	זֹרַב	PUAL	hewiktionary	SILVER	1	0.1111	PST.1SG|PST.2MSG|PST.2FSG|PST.3FSG|PST.1PL|PST.2MPL|PST.2FPL|PST.3PL
LX-e8e231b6ee	נִכְתַּם	NIFAL	hewiktionary	SILVER	1	0.1111	PST.1SG|PST.2MSG|PST.2FSG|PST.3FSG|PST.1PL|PST.2MPL|PST.2FPL|PST.3PL
LX-ea0f11fc8c	הֵגִיס	HIFIL	hewiktionary	SILVER	1	0.1111	PST.1SG|PST.2MSG|PST.2FSG|PST.3FSG|PST.1PL|PST.2MPL|PST.2FPL|PST.3PL
LX-085f0f0c2b	הִכְלִיב	HIFIL	hewiktionary	SILVER	1	0.1111	PST.1SG|PST.2MSG|PST.2FSG|PST.3FSG|PST.1PL|PST.2MPL|PST.2FPL|PST.3PL
LX-ddcc5b1662	נֶאֱנַס	NIFAL	hewiktionary	SILVER	1	0.1111	PST.1SG|PST.2MSG|PST.2FSG|PST.3FSG|PST.1PL|PST.2MPL|PST.2FPL|PST.3PL
LX-750b27e4af	הִסִּיחַ	HIFIL	hewiktionary	SILVER	1	0.1111	PST.1SG|PST.2MSG|PST.2FSG|PST.3FSG|PST.1PL|PST.2MPL|PST.2FPL|PST.3PL
LX-8935c8929a	הֵקִיא	HIFIL	hewiktionary	SILVER	1	0.1111	PST.1SG|PST.2MSG|PST.2FSG|PST.3FSG|PST.1PL|PST.2MPL|PST.2FPL|PST.3PL
LX-77fc5a982a	הִלְבִּין	HIFIL	hewiktionary	SILVER	1	0.1111	PST.1SG|PST.2MSG|PST.2FSG|PST.3FSG|PST.1PL|PST.2MPL|PST.2FPL|PST.3PL
LX-6dfdeeefde	הִתְבַּשֵּׂם	HITPAEL	hewiktionary	SILVER	1	0.1111	PST.1SG|PST.2MSG|PST.2FSG|PST.3FSG|PST.1PL|PST.2MPL|PST.2FPL|PST.3PL
LX-42a6626367	הִתְיָאֵשׁ	HITPAEL	hewiktionary	SILVER	1	0.1111	PST.1SG|PST.2MSG|PST.2FSG|PST.3FSG|PST.1PL|PST.2MPL|PST.2FPL|PST.3PL
LX-d5fc456ba1	הִשְׁתּוֹקֵק	HITPAEL	hewiktionary	SILVER	1	0.1111	PST.1SG|PST.2MSG|PST.2FSG|PST.3FSG|PST.1PL|PST.2MPL|PST.2FPL|PST.3PL
LX-a26a9fbc56	כִּשְׁכֵּשׁ	PIEL	hewiktionary	SILVER	1	0.1111	PST.1SG|PST.2MSG|PST.2FSG|PST.3FSG|PST.1PL|PST.2MPL|PST.2FPL|PST.3PL
LX-6d19f78129	אִתְּמַר	HITPAEL	hewiktionary	QUESTIONABLE	1	0.1111	PST.1SG|PST.2MSG|PST.2FSG|PST.3FSG|PST.1PL|PST.2MPL|PST.2FPL|PST.3PL
LX-70bf278e99	לִכְלֵךְ	PIEL	hewiktionary	SILVER	1	0.1111	PST.1SG|PST.2MSG|PST.2FSG|PST.3FSG|PST.1PL|PST.2MPL|PST.2FPL|PST.3PL
LX-2d211ea1a6	צִמְרֵר	PIEL	hewiktionary	SILVER	1	0.1111	PST.1SG|PST.2MSG|PST.2FSG|PST.3FSG|PST.1PL|PST.2MPL|PST.2FPL|PST.3PL
LX-8287d32f21	קָמַר	PAAL	hewiktionary	SILVER	1	0.1111	PST.1SG|PST.2MSG|PST.2FSG|PST.3FSG|PST.1PL|PST.2MPL|PST.2FPL|PST.3PL
LX-401f0ffd87	הִצְטַיֵּד	HITPAEL	hewiktionary	SILVER	1	0.1111	PST.1SG|PST.2MSG|PST.2FSG|PST.3FSG|PST.1PL|PST.2MPL|PST.2FPL|PST.3PL
LX-f850b15366	הִתְגַּלֵּשׁ	HITPAEL	hewiktionary	SILVER	1	0.1111	PST.1SG|PST.2MSG|PST.2FSG|PST.3FSG|PST.1PL|PST.2MPL|PST.2FPL|PST.3PL
LX-da9f927271	הֵצִיק	HIFIL	hewiktionary	SILVER	1	0.1111	PST.1SG|PST.2MSG|PST.2FSG|PST.3FSG|PST.1PL|PST.2MPL|PST.2FPL|PST.3PL
LX-38dd5779cd	רָקַח	PAAL	hewiktionary	SILVER	1	0.1111	PST.1SG|PST.2MSG|PST.2FSG|PST.3FSG|PST.1PL|PST.2MPL|PST.2FPL|PST.3PL
LX-8d64f36753	נִשְׂקַד	NIFAL	hewiktionary	SILVER	1	0.1111	PST.1SG|PST.2MSG|PST.2FSG|PST.3FSG|PST.1PL|PST.2MPL|PST.2FPL|PST.3PL
LX-f21734b76e	יַפְיַף	PAAL	hewiktionary	SILVER	1	0.1111	PST.1SG|PST.2MSG|PST.2FSG|PST.3FSG|PST.1PL|PST.2MPL|PST.2FPL|PST.3PL
LX-289384e52d	הִכִּישׁ	HIFIL	hewiktionary	SILVER	1	0.1111	PST.1SG|PST.2MSG|PST.2FSG|PST.3FSG|PST.1PL|PST.2MPL|PST.2FPL|PST.3PL
LX-20e386e879	שָׁסָה	PAAL	hewiktionary	SILVER	1	0.1111	PST.1SG|PST.2MSG|PST.2FSG|PST.3FSG|PST.1PL|PST.2MPL|PST.2FPL|PST.3PL
LX-ea6ba9ac8f	שִׁסָּה	PIEL	hewiktionary	SILVER	1	0.1111	PST.1SG|PST.2MSG|PST.2FSG|PST.3FSG|PST.1PL|PST.2MPL|PST.2FPL|PST.3PL
LX-13a817e5b3	הִשִּׁיךְ	HIFIL	hewiktionary	SILVER	1	0.1111	PST.1SG|PST.2MSG|PST.2FSG|PST.3FSG|PST.1PL|PST.2MPL|PST.2FPL|PST.3PL
LX-b0ecbfa52b	עָבָה	PAAL	hewiktionary	SILVER	1	0.1111	PST.1SG|PST.2MSG|PST.2FSG|PST.3FSG|PST.1PL|PST.2MPL|PST.2FPL|PST.3PL
LX-5a986b58bf	עִבַּה	PIEL	hewiktionary	SILVER	1	0.1111	PST.1SG|PST.2MSG|PST.2FSG|PST.3FSG|PST.1PL|PST.2MPL|PST.2FPL|PST.3PL
LX-7d0987bb3d	קִזֵּז	PIEL	hewiktionary	SILVER	1	0.1111	PST.1SG|PST.2MSG|PST.2FSG|PST.3FSG|PST.1PL|PST.2MPL|PST.2FPL|PST.3PL
LX-c3da55e31f	הִפְלָה	HIFIL	hewiktionary	SILVER	1	0.1111	PST.1SG|PST.2MSG|PST.2FSG|PST.3FSG|PST.1PL|PST.2MPL|PST.2FPL|PST.3PL
LX-8cecb2fe32	כָּסַח	PAAL	hewiktionary	SILVER	1	0.1111	PST.1SG|PST.2MSG|PST.2FSG|PST.3FSG|PST.1PL|PST.2MPL|PST.2FPL|PST.3PL
LX-6101e3137a	כִּסֵּחַ	PIEL	hewiktionary	SILVER	1	0.1111	PST.1SG|PST.2MSG|PST.2FSG|PST.3FSG|PST.1PL|PST.2MPL|PST.2FPL|PST.3PL
LX-a8b2ee381f	הִתְמוֹטֵט	HITPAEL	hewiktionary	SILVER	1	0.1111	PST.1SG|PST.2MSG|PST.2FSG|PST.3FSG|PST.1PL|PST.2MPL|PST.2FPL|PST.3PL
LX-6cb1ea183c	הִשְׂתָּרֵעַ	HITPAEL	hewiktionary	SILVER	1	0.1111	PST.1SG|PST.2MSG|PST.2FSG|PST.3FSG|PST.1PL|PST.2MPL|PST.2FPL|PST.3PL
LX-c431425788	הֵרִיעַ	HIFIL	hewiktionary	SILVER	1	0.1111	PST.1SG|PST.2MSG|PST.2FSG|PST.3FSG|PST.1PL|PST.2MPL|PST.2FPL|PST.3PL
LX-9f430e071f	הֵעִיד	HIFIL	hewiktionary	SILVER	1	0.1111	PST.1SG|PST.2MSG|PST.2FSG|PST.3FSG|PST.1PL|PST.2MPL|PST.2FPL|PST.3PL
LX-dde4e5068e	סִנְתֵּז	PIEL	hewiktionary	SILVER	1	0.1111	PST.1SG|PST.2MSG|PST.2FSG|PST.3FSG|PST.1PL|PST.2MPL|PST.2FPL|PST.3PL
LX-5f487f22df	נַעֲלָה	NIFAL	hewiktionary	SILVER	1	0.1111	PST.1SG|PST.2MSG|PST.2FSG|PST.3FSG|PST.1PL|PST.2MPL|PST.2FPL|PST.3PL
LX-8ff8a9846f	הִתְקַפֵּל	HITPAEL	hewiktionary	SILVER	1	0.1111	PST.1SG|PST.2MSG|PST.2FSG|PST.3FSG|PST.1PL|PST.2MPL|PST.2FPL|PST.3PL
LX-5323a3a394	חִלְחֵל	PIEL	hewiktionary	SILVER	1	0.1111	PST.1SG|PST.2MSG|PST.2FSG|PST.3FSG|PST.1PL|PST.2MPL|PST.2FPL|PST.3PL
LX-cee8250481	הִתְחַלְחֵל	HITPAEL	hewiktionary	SILVER	1	0.1111	PST.1SG|PST.2MSG|PST.2FSG|PST.3FSG|PST.1PL|PST.2MPL|PST.2FPL|PST.3PL
LX-6bf6a0319e	הוּנָח	HUFAL	hewiktionary	SILVER	1	0.1111	PST.1SG|PST.2MSG|PST.2FSG|PST.3FSG|PST.1PL|PST.2MPL|PST.2FPL|PST.3PL
LX-44043ac07a	הֵמִיט	HIFIL	hewiktionary	SILVER	1	0.1111	PST.1SG|PST.2MSG|PST.2FSG|PST.3FSG|PST.1PL|PST.2MPL|PST.2FPL|PST.3PL
LX-95bd060bd2	הִפְנִים	HIFIL	hewiktionary	SILVER	1	0.1111	PST.1SG|PST.2MSG|PST.2FSG|PST.3FSG|PST.1PL|PST.2MPL|PST.2FPL|PST.3PL
LX-880f3a489d	הֶאֱשִׁים	HIFIL	hewiktionary	SILVER	1	0.1111	PST.1SG|PST.2MSG|PST.2FSG|PST.3FSG|PST.1PL|PST.2MPL|PST.2FPL|PST.3PL
LX-1105dafc27	נוֹעַד	NIFAL	hewiktionary	SILVER	1	0.1111	PST.1SG|PST.2MSG|PST.2FSG|PST.3FSG|PST.1PL|PST.2MPL|PST.2FPL|PST.3PL
LX-96c91fcf99	הִחְטִיא	HIFIL	hewiktionary	SILVER	1	0.1111	PST.1SG|PST.2MSG|PST.2FSG|PST.3FSG|PST.1PL|PST.2MPL|PST.2FPL|PST.3PL
LX-c1456bca12	דִּשְׁדֵּשׁ	PIEL	hewiktionary	SILVER	1	0.1111	PST.1SG|PST.2MSG|PST.2FSG|PST.3FSG|PST.1PL|PST.2MPL|PST.2FPL|PST.3PL
LX-eec18319d6	הִצְנִיעַ	HIFIL	hewiktionary	SILVER	1	0.1111	PST.1SG|PST.2MSG|PST.2FSG|PST.3FSG|PST.1PL|PST.2MPL|PST.2FPL|PST.3PL
LX-51932908bb	הִנְגִישׁ	HIFIL	hewiktionary	QUESTIONABLE	1	0.1111	PST.1SG|PST.2MSG|PST.2FSG|PST.3FSG|PST.1PL|PST.2MPL|PST.2FPL|PST.3PL
LX-755cd83eb1	צִלֵּק	PIEL	hewiktionary	SILVER	1	0.1111	PST.1SG|PST.2MSG|PST.2FSG|PST.3FSG|PST.1PL|PST.2MPL|PST.2FPL|PST.3PL
LX-63447a0eb9	תָּעָה	PAAL	hewiktionary	SILVER	1	0.1111	PST.1SG|PST.2MSG|PST.2FSG|PST.3FSG|PST.1PL|PST.2MPL|PST.2FPL|PST.3PL
LX-8ad35fb217	דֵּרֵג	PIEL	hewiktionary	SILVER	1	0.1111	PST.1SG|PST.2MSG|PST.2FSG|PST.3FSG|PST.1PL|PST.2MPL|PST.2FPL|PST.3PL
LX-6a20678664	שָׁמַט	PAAL	hewiktionary	SILVER	1	0.1111	PST.1SG|PST.2MSG|PST.2FSG|PST.3FSG|PST.1PL|PST.2MPL|PST.2FPL|PST.3PL
LX-ce732fd869	נַעֲנָה	NIFAL	hewiktionary	SILVER	1	0.1111	PST.1SG|PST.2MSG|PST.2FSG|PST.3FSG|PST.1PL|PST.2MPL|PST.2FPL|PST.3PL
LX-a5a064603d	נִלְטַף	NIFAL	hewiktionary	SILVER	1	0.1111	PST.1SG|PST.2MSG|PST.2FSG|PST.3FSG|PST.1PL|PST.2MPL|PST.2FPL|PST.3PL
LX-d8d5b30c40	צָנַף	PAAL	hewiktionary	SILVER	1	0.1111	PST.1SG|PST.2MSG|PST.2FSG|PST.3FSG|PST.1PL|PST.2MPL|PST.2FPL|PST.3PL
LX-e55cf24cad	הִתְחַזֵּק	HITPAEL	hewiktionary	SILVER	1	0.1111	PST.1SG|PST.2MSG|PST.2FSG|PST.3FSG|PST.1PL|PST.2MPL|PST.2FPL|PST.3PL
LX-4f4284ada7	נִתֵּץ	PIEL	hewiktionary	SILVER	1	0.1111	PST.1SG|PST.2MSG|PST.2FSG|PST.3FSG|PST.1PL|PST.2MPL|PST.2FPL|PST.3PL
LX-6d8a6e0d02	הִרְצָה	HIFIL	hewiktionary	SILVER	1	0.1111	PST.1SG|PST.2MSG|PST.2FSG|PST.3FSG|PST.1PL|PST.2MPL|PST.2FPL|PST.3PL
LX-6a7f3978c3	נוֹצַר	NIFAL	hewiktionary	SILVER	9	1.0	
LX-1c7e65a21e	הִגִּישׁ	HIFIL	hewiktionary	QUESTIONABLE	1	0.1111	PST.1SG|PST.2MSG|PST.2FSG|PST.3FSG|PST.1PL|PST.2MPL|PST.2FPL|PST.3PL
LX-38fabde70a	הֵמִיר	HIFIL	hewiktionary	SILVER	1	0.1111	PST.1SG|PST.2MSG|PST.2FSG|PST.3FSG|PST.1PL|PST.2MPL|PST.2FPL|PST.3PL
LX-2f455e5516	הפריז	HIFIL	hewiktionary	SILVER	1	0.1111	PST.1SG|PST.2MSG|PST.2FSG|PST.3FSG|PST.1PL|PST.2MPL|PST.2FPL|PST.3PL
LX-b6950b5ce9	נִרְדַם	NIFAL	hewiktionary	SILVER	1	0.1111	PST.1SG|PST.2MSG|PST.2FSG|PST.3FSG|PST.1PL|PST.2MPL|PST.2FPL|PST.3PL
LX-5e2a552ecd	הִתְנַשֵּׁא	HITPAEL	hewiktionary	QUESTIONABLE	1	0.1111	PST.1SG|PST.2MSG|PST.2FSG|PST.3FSG|PST.1PL|PST.2MPL|PST.2FPL|PST.3PL
LX-15a1d9ec3b	תִּכְנֵן	PIEL	hewiktionary	SILVER	1	0.1111	PST.1SG|PST.2MSG|PST.2FSG|PST.3FSG|PST.1PL|PST.2MPL|PST.2FPL|PST.3PL
