level	syncretism_group	lexeme_id	form	n_cells	cells	past_cells	cross_tense	binyan
vocalized	LX-00018e7d56:V1	LX-00018e7d56	תִּכְאַב	2	FUT.2MSG|FUT.3FSG		False	PAAL
vocalized	LX-00018e7d56:V2	LX-00018e7d56	תִּכְאַבְנָה	2	FUT.2FPL|FUT.3FPL		False	PAAL
vocalized	LX-001c057dd4:V1	LX-001c057dd4	תָּנִיחַ	2	FUT.2MSG|FUT.3FSG		False	HIFIL
vocalized	LX-001c057dd4:V2	LX-001c057dd4	תָּנַחְנָה	2	FUT.2FPL|FUT.3FPL		False	HIFIL
vocalized	LX-006a00a0ca:V1	LX-006a00a0ca	תִּכְתֹּב	2	FUT.2MSG|FUT.3FSG		False	PAAL
vocalized	LX-006a00a0ca:V2	LX-006a00a0ca	תִּכְתֹּבְנָה	2	FUT.2FPL|FUT.3FPL		False	PAAL
vocalized	LX-00779369da:V1	LX-00779369da	תִּתְמַהּ	2	FUT.2MSG|FUT.3FSG		False	
vocalized	LX-00779369da:V2	LX-00779369da	תִּתְמַהְנָה	2	FUT.2FPL|FUT.3FPL		False	
vocalized	LX-00da7c63c1:V1	LX-00da7c63c1	תַּם	2	PST.3MSG|PRS.MSG	PST.3MSG	True	PAAL
vocalized	LX-00ebeb3c62:V1	LX-00ebeb3c62	תְּרֻתַּךְ	2	FUT.2MSG|FUT.3FSG		False	
vocalized	LX-00ebeb3c62:V2	LX-00ebeb3c62	תְּרֻתַּכְנָה	2	FUT.2FPL|FUT.3FPL		False	
vocalized	LX-01012cf3d7:V1	LX-01012cf3d7	תְּחַיֵּךְ	2	FUT.2MSG|FUT.3FSG		False	PIEL
vocalized	LX-01012cf3d7:V2	LX-01012cf3d7	תְּחַיֵּכְנָה	2	FUT.2FPL|FUT.3FPL		False	PIEL
vocalized	LX-013b1f126e:V1	LX-013b1f126e	הִשְׂתַּכֵּר	2	PST.3MSG|IMP.2MSG	PST.3MSG	True	HITPAEL
vocalized	LX-013b1f126e:V2	LX-013b1f126e	הִשְׂתַּכְּרוּ	2	PST.3PL|IMP.2MPL	PST.3PL	True	HITPAEL
vocalized	LX-013b1f126e:V3	LX-013b1f126e	תִּשְׂתַּכֵּר	2	FUT.2MSG|FUT.3FSG		False	HITPAEL
vocalized	LX-013b1f126e:V4	LX-013b1f126e	תִּשְׂתַּכֵּרְנָה	2	FUT.2FPL|FUT.3FPL		False	HITPAEL
vocalized	LX-01501bd7f5:V1	LX-01501bd7f5	תַּקִּיף	2	FUT.2MSG|FUT.3FSG		False	HIFIL
vocalized	LX-01501bd7f5:V2	LX-01501bd7f5	תַּקֵּפְנָה	2	FUT.2FPL|FUT.3FPL		False	HIFIL
vocalized	LX-0175462ba3:V1	LX-0175462ba3	תִּקְדַּם	2	FUT.2MSG|FUT.3FSG		False	PAAL
vocalized	LX-0175462ba3:V2	LX-0175462ba3	תִּקְדַּמְנָה	2	FUT.2FPL|FUT.3FPL		False	PAAL
vocalized	LX-0183a3d20c:V1	LX-0183a3d20c	תֶּאֱנֹס	2	FUT.2MSG|FUT.3FSG		False	PAAL
vocalized	LX-0183a3d20c:V2	LX-0183a3d20c	תֶּאֱנֹסְנָה	2	FUT.2FPL|FUT.3FPL		False	PAAL
vocalized	LX-01f5e31b41:V1	LX-01f5e31b41	תַּפְטִיר	2	FUT.2MSG|FUT.3FSG		False	HIFIL
vocalized	LX-01f5e31b41:V2	LX-01f5e31b41	תַּפְטֵרְנָה	2	FUT.2FPL|FUT.3FPL		False	HIFIL
vocalized	LX-02613594ca:V1	LX-02613594ca	תְּסַפֵּר	2	FUT.2MSG|FUT.3FSG		False	PIEL
vocalized	LX-02613594ca:V2	LX-02613594ca	תְּסַפֵּרְנָה	2	FUT.2FPL|FUT.3FPL		False	PIEL
vocalized	LX-02c16b7bbe:V1	LX-02c16b7bbe	נִטּוֹחַ	2	PST.3MSG|PRS.MSG	PST.3MSG	True	NIFAL
vocalized	LX-034b40ed0d:V1	LX-034b40ed0d	תְּקַפֵּל	2	FUT.2MSG|FUT.3FSG		False	PIEL
vocalized	LX-034b40ed0d:V2	LX-034b40ed0d	תְּקַפֵּלְנָה	2	FUT.2FPL|FUT.3FPL		False	PIEL
vocalized	LX-034fee4770:V1	LX-034fee4770	תַּפְעִיל	2	FUT.2MSG|FUT.3FSG		False	HIFIL
vocalized	LX-034fee4770:V2	LX-034fee4770	תַּפְעֵלְנָה	2	FUT.2FPL|FUT.3FPL		False	HIFIL
vocalized	LX-0365751b4c:V1	LX-0365751b4c	תַּדְלִיק	2	FUT.2MSG|FUT.3FSG		False	HIFIL
vocalized	LX-0365751b4c:V2	LX-0365751b4c	תַּדְלֵקְנָה	2	FUT.2FPL|FUT.3FPL		False	HIFIL
vocalized	LX-0367ea8cfa:V1	LX-0367ea8cfa	תִּרְבֶּה	2	FUT.2MSG|FUT.3FSG		False	PAAL
vocalized	LX-0367ea8cfa:V2	LX-0367ea8cfa	תִּרְבֶּינָה	2	FUT.2FPL|FUT.3FPL		False	PAAL
vocalized	LX-03b4b36136:V1	LX-03b4b36136	צָמֵא	2	PST.3MSG|PRS.MSG	PST.3MSG	True	PAAL
vocalized	LX-03b4b36136:V2	LX-03b4b36136	תִּצְמָא	2	FUT.2MSG|FUT.3FSG		False	PAAL
vocalized	LX-03b4b36136:V3	LX-03b4b36136	תִּצְמֶאנָה	2	FUT.2FPL|FUT.3FPL		False	PAAL
vocalized	LX-03b66917fd:V1	LX-03b66917fd	תֵּאָמֵן	2	FUT.2MSG|FUT.3FSG		False	NIFAL
vocalized	LX-03b66917fd:V2	LX-03b66917fd	תֵּאָמֵנָּה	2	FUT.2FPL|FUT.3FPL		False	NIFAL
vocalized	LX-03d0a49dbc:V1	LX-03d0a49dbc	תַּכְחִישׁ	2	FUT.2MSG|FUT.3FSG		False	HIFIL
vocalized	LX-03d0a49dbc:V2	LX-03d0a49dbc	תַּכְחֵשְׁנָה	2	FUT.2FPL|FUT.3FPL		False	HIFIL
vocalized	LX-03d434e912:V1	LX-03d434e912	תִּטְבַּע	2	FUT.2MSG|FUT.3FSG		False	PAAL
vocalized	LX-03d434e912:V2	LX-03d434e912	תִּטְבַּעְנָה	2	FUT.2FPL|FUT.3FPL		False	PAAL
vocalized	LX-03e43d6791:V1	LX-03e43d6791	תְּמַקֵּם	2	FUT.2MSG|FUT.3FSG		False	
vocalized	LX-03e43d6791:V2	LX-03e43d6791	תְּמַקֵּמְנָה	2	FUT.2FPL|FUT.3FPL		False	
vocalized	LX-04041d6ade:V1	LX-04041d6ade	מָלֵא	2	PST.3MSG|PRS.MSG	PST.3MSG	True	PAAL
vocalized	LX-04041d6ade:V2	LX-04041d6ade	תִּמְלָא	2	FUT.2MSG|FUT.3FSG		False	PAAL
vocalized	LX-04041d6ade:V3	LX-04041d6ade	תִּמְלֶאנָה	2	FUT.2FPL|FUT.3FPL		False	PAAL
vocalized	LX-041a1e9a8f:V1	LX-041a1e9a8f	תְּתַלְתֵּל	2	FUT.2MSG|FUT.3FSG		False	PIEL
vocalized	LX-041a1e9a8f:V2	LX-041a1e9a8f	תְּתַלְתֵּלְנָה	2	FUT.2FPL|FUT.3FPL		False	PIEL
vocalized	LX-042da2e637:V1	LX-042da2e637	תֹּאמַר	2	FUT.2MSG|FUT.3FSG		False	PAAL
vocalized	LX-042da2e637:V2	LX-042da2e637	תֹּאמַרְנָה	2	FUT.2FPL|FUT.3FPL		False	PAAL
vocalized	LX-04565cf696:V1	LX-04565cf696	תְּטַנֵּף	2	FUT.2MSG|FUT.3FSG		False	PIEL
vocalized	LX-04565cf696:V2	LX-04565cf696	תְּטַנֵּפְנָה	2	FUT.2FPL|FUT.3FPL		False	PIEL
vocalized	LX-046387da42:V1	LX-046387da42	הִתְלַכְלֵךְ	2	PST.3MSG|IMP.2MSG	PST.3MSG	True	
vocalized	LX-046387da42:V2	LX-046387da42	הִתְלַכְלְכוּ	2	PST.3PL|IMP.2MPL	PST.3PL	True	
vocalized	LX-046387da42:V3	LX-046387da42	תִּתְלַכְלֵךְ	2	FUT.2MSG|FUT.3FSG		False	
vocalized	LX-046387da42:V4	LX-046387da42	תִּתְלַכְלֵכְנָה	2	FUT.2FPL|FUT.3FPL		False	
vocalized	LX-0502c68f82:V1	LX-0502c68f82	תִּרְמֹז	2	FUT.2MSG|FUT.3FSG		False	PAAL
vocalized	LX-0502c68f82:V2	LX-0502c68f82	תִּרְמֹזְנָה	2	FUT.2FPL|FUT.3FPL		False	PAAL
vocalized	LX-050661ec9d:V1	LX-050661ec9d	בָּס	2	PST.3MSG|PRS.MSG	PST.3MSG	True	PAAL
vocalized	LX-055a7768b7:V1	LX-055a7768b7	תִּפְטֹר	2	FUT.2MSG|FUT.3FSG		False	PAAL
vocalized	LX-055a7768b7:V2	LX-055a7768b7	תִּפְטֹרְנָה	2	FUT.2FPL|FUT.3FPL		False	PAAL
vocalized	LX-059f1efcac:V1	LX-059f1efcac	תִּמְשֹׁךְ	2	FUT.2MSG|FUT.3FSG		False	PAAL
vocalized	LX-059f1efcac:V2	LX-059f1efcac	תִּמְשֹׁכְנָה	2	FUT.2FPL|FUT.3FPL		False	PAAL
vocalized	LX-05b424973a:V1	LX-05b424973a	תְּגַבֶּה	2	FUT.2MSG|FUT.3FSG		False	PIEL
vocalized	LX-05b424973a:V2	LX-05b424973a	תְּגַבֶּינָה	2	FUT.2FPL|FUT.3FPL		False	PIEL
vocalized	LX-05b4d79f2d:V1	LX-05b4d79f2d	שָׁף	2	PST.3MSG|PRS.MSG	PST.3MSG	True	PAAL
vocalized	LX-05b4d79f2d:V2	LX-05b4d79f2d	שָׁפָה	2	PST.3FSG|PRS.FSG	PST.3FSG	True	PAAL
vocalized	LX-05b4d79f2d:V3	LX-05b4d79f2d	תָּשׁוּף	2	FUT.2MSG|FUT.3FSG		False	PAAL
vocalized	LX-05b4d79f2d:V4	LX-05b4d79f2d	תָּשֹׁפְנָה	2	FUT.2FPL|FUT.3FPL		False	PAAL
vocalized	LX-060a887b96:V1	LX-060a887b96	תַּעֲנֶה	2	FUT.2MSG|FUT.3FSG		False	PAAL
vocalized	LX-060a887b96:V2	LX-060a887b96	תַּעֲנֶינָה	2	FUT.2FPL|FUT.3FPL		False	PAAL
vocalized	LX-066e3c4444:V1	LX-066e3c4444	תִּטְעַן	2	FUT.2MSG|FUT.3FSG		False	PAAL
vocalized	LX-066e3c4444:V2	LX-066e3c4444	תִּטְעַנָּה	2	FUT.2FPL|FUT.3FPL		False	PAAL
vocalized	LX-06d7302519:V1	LX-06d7302519	תֵּאָהֵד	2	FUT.2MSG|FUT.3FSG		False	
vocalized	LX-06d7302519:V2	LX-06d7302519	תֵּאָהֵדְנָה	2	FUT.2FPL|FUT.3FPL		False	
vocalized	LX-0718c7cad2:V1	LX-0718c7cad2	הִתְעַקֵּשׁ	2	PST.3MSG|IMP.2MSG	PST.3MSG	True	
vocalized	LX-0718c7cad2:V2	LX-0718c7cad2	הִתְעַקְּשׁוּ	2	PST.3PL|IMP.2MPL	PST.3PL	True	
vocalized	LX-0718c7cad2:V3	LX-0718c7cad2	תִּתְעַקֵּשׁ	2	FUT.2MSG|FUT.3FSG		False	
vocalized	LX-0718c7cad2:V4	LX-0718c7cad2	תִּתְעַקֵּשְׁנָה	2	FUT.2FPL|FUT.3FPL		False	
vocalized	LX-073639b610:V1	LX-073639b610	תִּכָּרֵת	2	FUT.2MSG|FUT.3FSG		False	NIFAL
vocalized	LX-073639b610:V2	LX-073639b610	תִּכָּרֵתְנָה	2	FUT.2FPL|FUT.3FPL		False	NIFAL
vocalized	LX-073fc756b3:V1	LX-073fc756b3	תְּמַתֵּן	2	FUT.2MSG|FUT.3FSG		False	PIEL
vocalized	LX-073fc756b3:V2	LX-073fc756b3	תְּמַתֵּנָּה	2	FUT.2FPL|FUT.3FPL		False	PIEL
vocalized	LX-07447c1f05:V1	LX-07447c1f05	תְּשַׁקֵּר	2	FUT.2MSG|FUT.3FSG		False	PIEL
vocalized	LX-07447c1f05:V2	LX-07447c1f05	תְּשַׁקֵּרְנָה	2	FUT.2FPL|FUT.3FPL		False	PIEL
vocalized	LX-07cb60a837:V1	LX-07cb60a837	תְּצַנֵּן	2	FUT.2MSG|FUT.3FSG		False	PIEL
vocalized	LX-07cb60a837:V2	LX-07cb60a837	תְּצַנֵּנָּה	2	FUT.2FPL|FUT.3FPL		False	PIEL
vocalized	LX-0860796507:V1	LX-0860796507	תַּשְׁלִיט	2	FUT.2MSG|FUT.3FSG		False	
vocalized	LX-0860796507:V2	LX-0860796507	תַּשְׁלֵטְנָה	2	FUT.2FPL|FUT.3FPL		False	
vocalized	LX-08ab7f012d:V1	LX-08ab7f012d	תִּשְׁאַל	2	FUT.2MSG|FUT.3FSG		False	PAAL
vocalized	LX-08ab7f012d:V2	LX-08ab7f012d	תִּשְׁאַלְנָה	2	FUT.2FPL|FUT.3FPL		False	PAAL
vocalized	LX-08bd18db60:V1	LX-08bd18db60	תִּתְפֹּר	2	FUT.2MSG|FUT.3FSG		False	PAAL
vocalized	LX-08bd18db60:V2	LX-08bd18db60	תִּתְפֹּרְנָה	2	FUT.2FPL|FUT.3FPL		False	PAAL
vocalized	LX-08f48de8ae:V1	LX-08f48de8ae	תְּשַׁלֵּם	2	FUT.2MSG|FUT.3FSG		False	PIEL
vocalized	LX-08f48de8ae:V2	LX-08f48de8ae	תְּשַׁלֵּמְנָה	2	FUT.2FPL|FUT.3FPL		False	PIEL
vocalized	LX-0966d22501:V1	LX-0966d22501	תֻּכְנַס	2	FUT.2MSG|FUT.3FSG		False	HUFAL
vocalized	LX-0966d22501:V2	LX-0966d22501	תֻּכְנַסְנָה	2	FUT.2FPL|FUT.3FPL		False	HUFAL
vocalized	LX-09fb5f3364:V1	LX-09fb5f3364	תִּנְאַף	2	FUT.2MSG|FUT.3FSG		False	PAAL
vocalized	LX-09fb5f3364:V2	LX-09fb5f3364	תִּנְאַפְנָה	2	FUT.2FPL|FUT.3FPL		False	PAAL
vocalized	LX-0a1e5f5d52:V1	LX-0a1e5f5d52	הִצְטַנֵּן	2	PST.3MSG|IMP.2MSG	PST.3MSG	True	HITPAEL
vocalized	LX-0a1e5f5d52:V2	LX-0a1e5f5d52	הִצְטַנְּנוּ	2	PST.3PL|IMP.2MPL	PST.3PL	True	HITPAEL
vocalized	LX-0a1e5f5d52:V3	LX-0a1e5f5d52	תִּצְטַנֵּן	2	FUT.2MSG|FUT.3FSG		False	HITPAEL
vocalized	LX-0a1e5f5d52:V4	LX-0a1e5f5d52	תִּצְטַנֵּנָּה	2	FUT.2FPL|FUT.3FPL		False	HITPAEL
vocalized	LX-0a3565f373:V1	LX-0a3565f373	תִּבְנֶה	2	FUT.2MSG|FUT.3FSG		False	PAAL
vocalized	LX-0a3565f373:V2	LX-0a3565f373	תִּבְנֶינָה	2	FUT.2FPL|FUT.3FPL		False	PAAL
vocalized	LX-0a7c205c5f:V1	LX-0a7c205c5f	תָּסֵב	2	FUT.2MSG|FUT.3FSG		False	HIFIL
vocalized	LX-0a7c205c5f:V2	LX-0a7c205c5f	תָּסֵבְנָה	2	FUT.2FPL|FUT.3FPL		False	HIFIL
vocalized	LX-0a98035de4:V1	LX-0a98035de4	תְּאַלֵּף	2	FUT.2MSG|FUT.3FSG		False	PIEL
vocalized	LX-0a98035de4:V2	LX-0a98035de4	תְּאַלֵּפְנָה	2	FUT.2FPL|FUT.3FPL		False	PIEL
vocalized	LX-0ab103d61a:V1	LX-0ab103d61a	עוֹרֵר	2	PST.3MSG|IMP.2MSG	PST.3MSG	True	PIEL
vocalized	LX-0ab103d61a:V2	LX-0ab103d61a	עוֹרְרוּ	2	PST.3PL|IMP.2MPL	PST.3PL	True	PIEL
vocalized	LX-0ab103d61a:V3	LX-0ab103d61a	תְּעוֹרֵר	2	FUT.2MSG|FUT.3FSG		False	PIEL
vocalized	LX-0ab103d61a:V4	LX-0ab103d61a	תְּעוֹרֵרְנָה	2	FUT.2FPL|FUT.3FPL		False	PIEL
vocalized	LX-0ab684b4f0:V1	LX-0ab684b4f0	הִתְאַדּוּ	2	PST.3PL|IMP.2MPL	PST.3PL	True	
vocalized	LX-0ab684b4f0:V2	LX-0ab684b4f0	תִּתְאַדֶּה	2	FUT.2MSG|FUT.3FSG		False	
vocalized	LX-0ab684b4f0:V3	LX-0ab684b4f0	תִּתְאַדֶּינָה	2	FUT.2FPL|FUT.3FPL		False	
vocalized	LX-0abda6f174:V1	LX-0abda6f174	תִּנְגֹּד	2	FUT.2MSG|FUT.3FSG		False	PAAL
vocalized	LX-0abda6f174:V2	LX-0abda6f174	תִּנְגֹּדְנָה	2	FUT.2FPL|FUT.3FPL		False	PAAL
vocalized	LX-0b0fa036c7:V1	LX-0b0fa036c7	תִּקְשֹׁר	2	FUT.2MSG|FUT.3FSG		False	PAAL
vocalized	LX-0b0fa036c7:V2	LX-0b0fa036c7	תִּקְשֹׁרְנָה	2	FUT.2FPL|FUT.3FPL		False	PAAL
vocalized	LX-0b66ab3ba7:V1	LX-0b66ab3ba7	תַּצִּיב	2	FUT.2MSG|FUT.3FSG		False	HIFIL
vocalized	LX-0c0a81e9f3:V1	LX-0c0a81e9f3	עָף	2	PST.3MSG|PRS.MSG	PST.3MSG	True	PAAL
vocalized	LX-0c0a81e9f3:V2	LX-0c0a81e9f3	עָפָה	2	PST.3FSG|PRS.FSG	PST.3FSG	True	PAAL
vocalized	LX-0c0a81e9f3:V3	LX-0c0a81e9f3	תָּעוּף	2	FUT.2MSG|FUT.3FSG		False	PAAL
vocalized	LX-0c0a81e9f3:V4	LX-0c0a81e9f3	תָּעֹפְנָה	2	FUT.2FPL|FUT.3FPL		False	PAAL
vocalized	LX-0c0e5ea21c:V1	LX-0c0e5ea21c	תְּקַדֵּשׁ	2	FUT.2MSG|FUT.3FSG		False	PIEL
vocalized	LX-0c0e5ea21c:V2	LX-0c0e5ea21c	תְּקַדֵּשְׁנָה	2	FUT.2FPL|FUT.3FPL		False	PIEL
vocalized	LX-0c712b4b70:V1	LX-0c712b4b70	תְּרַפֵּד	2	FUT.2MSG|FUT.3FSG		False	PIEL
vocalized	LX-0c712b4b70:V2	LX-0c712b4b70	תְּרַפֵּדְנָה	2	FUT.2FPL|FUT.3FPL		False	PIEL
vocalized	LX-0c9db8c268:V1	LX-0c9db8c268	תַּחְלִיט	2	FUT.2MSG|FUT.3FSG		False	HIFIL
vocalized	LX-0c9db8c268:V2	LX-0c9db8c268	תַּחְלֵטְנָה	2	FUT.2FPL|FUT.3FPL		False	HIFIL
vocalized	LX-0d112e9865:V1	LX-0d112e9865	דָּר	2	PST.3MSG|PRS.MSG	PST.3MSG	True	PAAL
vocalized	LX-0d112e9865:V2	LX-0d112e9865	דָּרָה	2	PST.3FSG|PRS.FSG	PST.3FSG	True	PAAL
vocalized	LX-0d112e9865:V3	LX-0d112e9865	תָּדוּר	2	FUT.2MSG|FUT.3FSG		False	PAAL
vocalized	LX-0d112e9865:V4	LX-0d112e9865	תָּדֹרְנָה	2	FUT.2FPL|FUT.3FPL		False	PAAL
vocalized	LX-0d9e372cdb:V1	LX-0d9e372cdb	תֻּצַּל	2	FUT.2MSG|FUT.3FSG		False	HUFAL
vocalized	LX-0d9e372cdb:V2	LX-0d9e372cdb	תֻּצַּלְנָה	2	FUT.2FPL|FUT.3FPL		False	HUFAL
vocalized	LX-0da79b5838:V1	LX-0da79b5838	תִּדְחֹף	2	FUT.2MSG|FUT.3FSG		False	PAAL
vocalized	LX-0da79b5838:V2	LX-0da79b5838	תִּדְחֹפְנָה	2	FUT.2FPL|FUT.3FPL		False	PAAL
vocalized	LX-0dd13b0a79:V1	LX-0dd13b0a79	תִּשַּׁךְ	2	FUT.2MSG|FUT.3FSG		False	PAAL
vocalized	LX-0dd13b0a79:V2	LX-0dd13b0a79	תִּשַּׁכְנָה	2	FUT.2FPL|FUT.3FPL		False	PAAL
vocalized	LX-0ddcd20481:V1	LX-0ddcd20481	הִתְפַּרְסֵם	2	PST.3MSG|IMP.2MSG	PST.3MSG	True	HITPAEL
vocalized	LX-0ddcd20481:V2	LX-0ddcd20481	הִתְפַּרְסְמוּ	2	PST.3PL|IMP.2MPL	PST.3PL	True	HITPAEL
vocalized	LX-0ddcd20481:V3	LX-0ddcd20481	תִּתְפַּרְסֵם	2	FUT.2MSG|FUT.3FSG		False	HITPAEL
vocalized	LX-0ddcd20481:V4	LX-0ddcd20481	תִּתְפַּרְסֵמְנָה	2	FUT.2FPL|FUT.3FPL		False	HITPAEL
vocalized	LX-0e4055578f:V1	LX-0e4055578f	נָדוֹן	2	PST.3MSG|PRS.MSG	PST.3MSG	True	NIFAL
vocalized	LX-0e4e65521d:V1	LX-0e4e65521d	תְּתָאֵר	2	FUT.2MSG|FUT.3FSG		False	PIEL
vocalized	LX-0e4e65521d:V2	LX-0e4e65521d	תְּתָאֵרְנָה	2	FUT.2FPL|FUT.3FPL		False	PIEL
vocalized	LX-0e88603fe5:V1	LX-0e88603fe5	תִּמְסֹר	2	FUT.2MSG|FUT.3FSG		False	PAAL
vocalized	LX-0e88603fe5:V2	LX-0e88603fe5	תִּמְסֹרְנָה	2	FUT.2FPL|FUT.3FPL		False	PAAL
vocalized	LX-0eb21333e9:V1	LX-0eb21333e9	הִתְפַסְפֵס	2	PST.3MSG|IMP.2MSG	PST.3MSG	True	
vocalized	LX-0eb21333e9:V2	LX-0eb21333e9	הִתְפַסְפְסוּ	2	PST.3PL|IMP.2MPL	PST.3PL	True	
vocalized	LX-0eb21333e9:V3	LX-0eb21333e9	תִּתְפַסְפֵס	2	FUT.2MSG|FUT.3FSG		False	
vocalized	LX-0eb21333e9:V4	LX-0eb21333e9	תִּתְפַסְפֵסְנָה	2	FUT.2FPL|FUT.3FPL		False	
vocalized	LX-0ec3e07334:V1	LX-0ec3e07334	תִּסְדֹּק	2	FUT.2MSG|FUT.3FSG		False	
vocalized	LX-0ec3e07334:V2	LX-0ec3e07334	תִּסְדֹּקְנָה	2	FUT.2FPL|FUT.3FPL		False	
vocalized	LX-0f2d5000b4:V1	LX-0f2d5000b4	הִתְנַוֵּל	2	PST.3MSG|IMP.2MSG	PST.3MSG	True	HITPAEL
vocalized	LX-0f9c3c2451:V1	LX-0f9c3c2451	תֵּאָצֵל	2	FUT.2MSG|FUT.3FSG		False	NIFAL
vocalized	LX-0f9c3c2451:V2	LX-0f9c3c2451	תֵּאָצֵלְנָה	2	FUT.2FPL|FUT.3FPL		False	NIFAL
vocalized	LX-0fc1f0960a:V1	LX-0fc1f0960a	הֵטִיבוּ	2	PST.3PL|IMP.2MPL	PST.3PL	True	HIFIL
vocalized	LX-0fc1f0960a:V2	LX-0fc1f0960a	תֵּטִיב	2	FUT.2MSG|FUT.3FSG		False	HIFIL
vocalized	LX-0fc1f0960a:V3	LX-0fc1f0960a	תֵּטֵבְנָה	2	FUT.2FPL|FUT.3FPL		False	HIFIL
vocalized	LX-0fcb10ec41:V1	LX-0fcb10ec41	תָּבִיס	2	FUT.2MSG|FUT.3FSG		False	HIFIL
vocalized	LX-0fcb10ec41:V2	LX-0fcb10ec41	תָּבֵסְנָה	2	FUT.2FPL|FUT.3FPL		False	HIFIL
vocalized	LX-0fd0d7ce47:V1	LX-0fd0d7ce47	נֵעוֹר	2	PST.3MSG|PRS.MSG	PST.3MSG	True	NIFAL
vocalized	LX-1027ba49a0:V1	LX-1027ba49a0	תֵּדַע	2	FUT.2MSG|FUT.3FSG		False	PAAL
vocalized	LX-1027ba49a0:V2	LX-1027ba49a0	תֵּדַעְנָה	2	FUT.2FPL|FUT.3FPL		False	PAAL
vocalized	LX-1053f15348:V1	LX-1053f15348	תִּמְלֹךְ	2	FUT.2MSG|FUT.3FSG		False	PAAL
vocalized	LX-1053f15348:V2	LX-1053f15348	תִּמְלֹכְנָה	2	FUT.2FPL|FUT.3FPL		False	PAAL
vocalized	LX-106744db77:V1	LX-106744db77	תְּשַׁדֵּר	2	FUT.2MSG|FUT.3FSG		False	PIEL
vocalized	LX-106744db77:V2	LX-106744db77	תְּשַׁדֵּרְנָה	2	FUT.2FPL|FUT.3FPL		False	PIEL
vocalized	LX-108b21f90e:V1	LX-108b21f90e	תַּצִּיל	2	FUT.2MSG|FUT.3FSG		False	HIFIL
vocalized	LX-108b21f90e:V2	LX-108b21f90e	תַּצֵּלְנָה	2	FUT.2FPL|FUT.3FPL		False	HIFIL
vocalized	LX-10a8c597e8:V1	LX-10a8c597e8	תַּזְכִּיר	2	FUT.2MSG|FUT.3FSG		False	HIFIL
vocalized	LX-10a8c597e8:V2	LX-10a8c597e8	תַּזְכֵּרְנָה	2	FUT.2FPL|FUT.3FPL		False	HIFIL
vocalized	LX-10ba36eee3:V1	LX-10ba36eee3	תָּעִיר	2	FUT.2MSG|FUT.3FSG		False	
vocalized	LX-10ba36eee3:V2	LX-10ba36eee3	תָּעֵרְנָה	2	FUT.2FPL|FUT.3FPL		False	
vocalized	LX-10d9508264:V1	LX-10d9508264	הִתְפּוֹצֵץ	2	PST.3MSG|IMP.2MSG	PST.3MSG	True	HITPAEL
vocalized	LX-10d9508264:V2	LX-10d9508264	הִתְפּוֹצְצוּ	2	PST.3PL|IMP.2MPL	PST.3PL	True	HITPAEL
vocalized	LX-10d9508264:V3	LX-10d9508264	תִּתְפּוֹצֵץ	2	FUT.2MSG|FUT.3FSG		False	HITPAEL
vocalized	LX-10d9508264:V4	LX-10d9508264	תִּתְפּוֹצֵצְנָה	2	FUT.2FPL|FUT.3FPL		False	HITPAEL
vocalized	LX-112318d6be:V1	LX-112318d6be	תְּפַהֵק	2	FUT.2MSG|FUT.3FSG		False	PIEL
vocalized	LX-112318d6be:V2	LX-112318d6be	תְּפַהֵקְנָה	2	FUT.2FPL|FUT.3FPL		False	PIEL
vocalized	LX-113c768d0c:V1	LX-113c768d0c	הִתְקַדֵּם	2	PST.3MSG|IMP.2MSG	PST.3MSG	True	HITPAEL
vocalized	LX-113c768d0c:V2	LX-113c768d0c	הִתְקַדְּמוּ	2	PST.3PL|IMP.2MPL	PST.3PL	True	HITPAEL
vocalized	LX-113c768d0c:V3	LX-113c768d0c	תִּתְקַדֵּם	2	FUT.2MSG|FUT.3FSG		False	HITPAEL
vocalized	LX-113c768d0c:V4	LX-113c768d0c	תִּתְקַדֵּמְנָה	2	FUT.2FPL|FUT.3FPL		False	HITPAEL
vocalized	LX-11450e52db:V1	LX-11450e52db	תְּסַכֵּן	2	FUT.2MSG|FUT.3FSG		False	PIEL
vocalized	LX-11450e52db:V2	LX-11450e52db	תְּסַכֵּנָּה	2	FUT.2FPL|FUT.3FPL		False	PIEL
vocalized	LX-114ebed813:V1	LX-114ebed813	תְּרַתֵּךְ	2	FUT.2MSG|FUT.3FSG		False	
vocalized	LX-114ebed813:V2	LX-114ebed813	תְּרַתֵּכְנָה	2	FUT.2FPL|FUT.3FPL		False	
vocalized	LX-1150a9cb62:V1	LX-1150a9cb62	הִתְגּוֹנֵן	2	PST.3MSG|IMP.2MSG	PST.3MSG	True	HITPAEL
vocalized	LX-117900dfa8:V1	LX-117900dfa8	הִתְרַגֵּז	2	PST.3MSG|IMP.2MSG	PST.3MSG	True	
vocalized	LX-117900dfa8:V2	LX-117900dfa8	הִתְרַגְּזוּ	2	PST.3PL|IMP.2MPL	PST.3PL	True	
vocalized	LX-117900dfa8:V3	LX-117900dfa8	תִּתְרַגֵּז	2	FUT.2MSG|FUT.3FSG		False	
vocalized	LX-117900dfa8:V4	LX-117900dfa8	תִּתְרַגֵּזְנָה	2	FUT.2FPL|FUT.3FPL		False	
vocalized	LX-11c0e46972:V1	LX-11c0e46972	תְּעַצֵּב	2	FUT.2MSG|FUT.3FSG		False	PIEL
vocalized	LX-11c0e46972:V2	LX-11c0e46972	תְּעַצֵּבְנָה	2	FUT.2FPL|FUT.3FPL		False	PIEL
vocalized	LX-11d209beca:V1	LX-11d209beca	הִתְחָרֵשׁ	2	PST.3MSG|IMP.2MSG	PST.3MSG	True	HITPAEL
vocalized	LX-11f14f0611:V1	LX-11f14f0611	תְּטַלְפֵן	2	FUT.2MSG|FUT.3FSG		False	
vocalized	LX-11f14f0611:V2	LX-11f14f0611	תְּטַלְפֵנָּה	2	FUT.2FPL|FUT.3FPL		False	
vocalized	LX-11f8f3b455:V1	LX-11f8f3b455	הֵיטִיבוּ	2	PST.3PL|IMP.2MPL	PST.3PL	True	HIFIL
vocalized	LX-11f8f3b455:V2	LX-11f8f3b455	תֵּיטִיב	2	FUT.2MSG|FUT.3FSG		False	HIFIL
vocalized	LX-11f8f3b455:V3	LX-11f8f3b455	תֵּיטֵבְנָה	2	FUT.2FPL|FUT.3FPL		False	HIFIL
vocalized	LX-127a854e85:V1	LX-127a854e85	תֶּאֱמֹד	2	FUT.2MSG|FUT.3FSG		False	PAAL
vocalized	LX-127a854e85:V2	LX-127a854e85	תֶּאֱמֹדְנָה	2	FUT.2FPL|FUT.3FPL		False	PAAL
vocalized	LX-12a61c52bf:V1	LX-12a61c52bf	דָּשׁ	2	PST.3MSG|PRS.MSG	PST.3MSG	True	PAAL
vocalized	LX-12a61c52bf:V2	LX-12a61c52bf	דָּשָׁה	2	PST.3FSG|PRS.FSG	PST.3FSG	True	PAAL
vocalized	LX-12a61c52bf:V3	LX-12a61c52bf	תָּדוּשׁ	2	FUT.2MSG|FUT.3FSG		False	PAAL
vocalized	LX-12a61c52bf:V4	LX-12a61c52bf	תָּדֹשְׁנָה	2	FUT.2FPL|FUT.3FPL		False	PAAL
vocalized	LX-12c3152541:V1	LX-12c3152541	תִּשְׁמַע	2	FUT.2MSG|FUT.3FSG		False	PAAL
vocalized	LX-12c3152541:V2	LX-12c3152541	תִּשְׁמַעְנָה	2	FUT.2FPL|FUT.3FPL		False	PAAL
vocalized	LX-13221c77de:V1	LX-13221c77de	תִּפְשַׁע	2	FUT.2MSG|FUT.3FSG		False	
vocalized	LX-13221c77de:V2	LX-13221c77de	תִּפְשַׁעְנָה	2	FUT.2FPL|FUT.3FPL		False	
vocalized	LX-1378e92a2d:V1	LX-1378e92a2d	עוֹפֵף	2	PST.3MSG|IMP.2MSG	PST.3MSG	True	PIEL
vocalized	LX-138c49c2ad:V1	LX-138c49c2ad	תְּטַאְטֵא	2	FUT.2MSG|FUT.3FSG		False	PIEL
vocalized	LX-138c49c2ad:V2	LX-138c49c2ad	תְּטַאְטֶאנָה	2	FUT.2FPL|FUT.3FPL		False	PIEL
vocalized	LX-143e308fa6:V1	LX-143e308fa6	תַּטֶּה	2	FUT.2MSG|FUT.3FSG		False	HIFIL
vocalized	LX-143e308fa6:V2	LX-143e308fa6	תַּטֶּינָה	2	FUT.2FPL|FUT.3FPL		False	HIFIL
vocalized	LX-1455f46ab5:V1	LX-1455f46ab5	תַּחֲלֹם	2	FUT.2MSG|FUT.3FSG		False	PAAL
vocalized	LX-1455f46ab5:V2	LX-1455f46ab5	תַּחֲלֹמְנָה	2	FUT.2FPL|FUT.3FPL		False	PAAL
vocalized	LX-1490142e6c:V1	LX-1490142e6c	תַּקְטִין	2	FUT.2MSG|FUT.3FSG		False	
vocalized	LX-1490142e6c:V2	LX-1490142e6c	תַּקְטֵנָּה	2	FUT.2FPL|FUT.3FPL		False	
vocalized	LX-14b64696d9:V1	LX-14b64696d9	הִתְחַתֵּךְ	2	PST.3MSG|IMP.2MSG	PST.3MSG	True	HITPAEL
vocalized	LX-14e1531e25:V1	LX-14e1531e25	תִּקְלֹט	2	FUT.2MSG|FUT.3FSG		False	PAAL
vocalized	LX-14e1531e25:V2	LX-14e1531e25	תִּקְלֹטְנָה	2	FUT.2FPL|FUT.3FPL		False	PAAL
vocalized	LX-14fb70d88d:V1	LX-14fb70d88d	תִּקַּח	2	FUT.2MSG|FUT.3FSG		False	PAAL
vocalized	LX-14fb70d88d:V2	LX-14fb70d88d	תִּקַּחְנָה	2	FUT.2FPL|FUT.3FPL		False	PAAL
vocalized	LX-156883c374:V1	LX-156883c374	שָׁר	2	PST.3MSG|PRS.MSG	PST.3MSG	True	PAAL
vocalized	LX-156883c374:V2	LX-156883c374	שָׁרָה	2	PST.3FSG|PRS.FSG	PST.3FSG	True	PAAL
vocalized	LX-156883c374:V3	LX-156883c374	תָּשִׁיר	2	FUT.2MSG|FUT.3FSG		False	PAAL
vocalized	LX-156883c374:V4	LX-156883c374	תָּשֵׁרְנָה	2	FUT.2FPL|FUT.3FPL		False	PAAL
vocalized	LX-15c5078205:V1	LX-15c5078205	תִּקְלֶה	2	FUT.2MSG|FUT.3FSG		False	PAAL
vocalized	LX-15c5078205:V2	LX-15c5078205	תִּקְלֶינָה	2	FUT.2FPL|FUT.3FPL		False	PAAL
vocalized	LX-15d854eb45:V1	LX-15d854eb45	תְּמָאֵן	2	FUT.2MSG|FUT.3FSG		False	PIEL
vocalized	LX-15d854eb45:V2	LX-15d854eb45	תְּמָאֵנָּה	2	FUT.2FPL|FUT.3FPL		False	PIEL
vocalized	LX-15d96bf6da:V1	LX-15d96bf6da	תִּסְפֹּג	2	FUT.2MSG|FUT.3FSG		False	PAAL
vocalized	LX-15d96bf6da:V2	LX-15d96bf6da	תִּסְפֹּגְנָה	2	FUT.2FPL|FUT.3FPL		False	PAAL
vocalized	LX-16090f6c24:V1	LX-16090f6c24	אוֹנֵן	2	PST.3MSG|IMP.2MSG	PST.3MSG	True	PIEL
vocalized	LX-16090f6c24:V2	LX-16090f6c24	אוֹנְנוּ	2	PST.3PL|IMP.2MPL	PST.3PL	True	PIEL
vocalized	LX-16090f6c24:V3	LX-16090f6c24	תְּאוֹנֵן	2	FUT.2MSG|FUT.3FSG		False	PIEL
vocalized	LX-16090f6c24:V4	LX-16090f6c24	תְּאוֹנֵנָּה	2	FUT.2FPL|FUT.3FPL		False	PIEL
vocalized	LX-16667d60db:V1	LX-16667d60db	תִּישַׁן	2	FUT.2MSG|FUT.3FSG		False	PAAL
vocalized	LX-16667d60db:V2	LX-16667d60db	תִּישַׁנָּה	2	FUT.2FPL|FUT.3FPL		False	PAAL
vocalized	LX-179937f7f4:V1	LX-179937f7f4	תַּשִּׁיק	2	FUT.2MSG|FUT.3FSG		False	HIFIL
vocalized	LX-17bbbfa072:V1	LX-17bbbfa072	תִּלָּחֵם	2	FUT.2MSG|FUT.3FSG		False	NIFAL
vocalized	LX-17bbbfa072:V2	LX-17bbbfa072	תִּלָּחֵמְנָה	2	FUT.2FPL|FUT.3FPL		False	NIFAL
vocalized	LX-17bdd84dfd:V1	LX-17bdd84dfd	הִתְלַהְלֵהַּ	2	PST.3MSG|IMP.2MSG	PST.3MSG	True	HITPAEL
vocalized	LX-17df7e8c74:V1	LX-17df7e8c74	נוֹרָא	2	PST.3MSG|PRS.MSG	PST.3MSG	True	NIFAL
vocalized	LX-17e67356d1:V1	LX-17e67356d1	תִּגְנֹב	2	FUT.2MSG|FUT.3FSG		False	PAAL
vocalized	LX-17e67356d1:V2	LX-17e67356d1	תִּגְנֹבְנָה	2	FUT.2FPL|FUT.3FPL		False	PAAL
vocalized	LX-1865ff0b18:V1	LX-1865ff0b18	תְּרַקֵּעַ	2	FUT.2MSG|FUT.3FSG		False	PIEL
vocalized	LX-1865ff0b18:V2	LX-1865ff0b18	תְּרַקַּעְנָה	2	FUT.2FPL|FUT.3FPL		False	PIEL
vocalized	LX-18e2949f94:V1	LX-18e2949f94	קָם	2	PST.3MSG|PRS.MSG	PST.3MSG	True	PAAL
vocalized	LX-18e2949f94:V2	LX-18e2949f94	קָמָה	2	PST.3FSG|PRS.FSG	PST.3FSG	True	PAAL
vocalized	LX-18e2949f94:V3	LX-18e2949f94	תָּקוּם	2	FUT.2MSG|FUT.3FSG		False	PAAL
vocalized	LX-18e2949f94:V4	LX-18e2949f94	תָּקֹמְנָה	2	FUT.2FPL|FUT.3FPL		False	PAAL
vocalized	LX-1916dd333a:V1	LX-1916dd333a	תְּשֹׁרַשׁ	2	FUT.2MSG|FUT.3FSG		False	PUAL
vocalized	LX-1916dd333a:V2	LX-1916dd333a	תְּשֹׁרַשְׁנָה	2	FUT.2FPL|FUT.3FPL		False	PUAL
vocalized	LX-1933198ef1:V1	LX-1933198ef1	תְּזַהֵם	2	FUT.2MSG|FUT.3FSG		False	PIEL
vocalized	LX-1933198ef1:V2	LX-1933198ef1	תְּזַהֵמְנָה	2	FUT.2FPL|FUT.3FPL		False	PIEL
vocalized	LX-1935eb78f7:V1	LX-1935eb78f7	הִתְנַהֵג	2	PST.3MSG|IMP.2MSG	PST.3MSG	True	HITPAEL
vocalized	LX-1935eb78f7:V2	LX-1935eb78f7	הִתְנַהֲגוּ	2	PST.3PL|IMP.2MPL	PST.3PL	True	HITPAEL
vocalized	LX-1935eb78f7:V3	LX-1935eb78f7	תִּתְנַהֵג	2	FUT.2MSG|FUT.3FSG		False	HITPAEL
vocalized	LX-1935eb78f7:V4	LX-1935eb78f7	תִּתְנַהֵגְנָה	2	FUT.2FPL|FUT.3FPL		False	HITPAEL
vocalized	LX-19525e7829:V1	LX-19525e7829	תִּשְׁחַט	2	FUT.2MSG|FUT.3FSG		False	PAAL
vocalized	LX-19525e7829:V2	LX-19525e7829	תִּשְׁחַטְנָה	2	FUT.2FPL|FUT.3FPL		False	PAAL
vocalized	LX-19c903e54d:V1	LX-19c903e54d	תְּכַּכֵב	2	FUT.2MSG|FUT.3FSG		False	
vocalized	LX-19c903e54d:V2	LX-19c903e54d	תְּכַּכֵבְנָה	2	FUT.2FPL|FUT.3FPL		False	
vocalized	LX-19fbe79dd5:V1	LX-19fbe79dd5	הִתְבַּשֵּׁל	2	PST.3MSG|IMP.2MSG	PST.3MSG	True	HITPAEL
vocalized	LX-19fbe79dd5:V2	LX-19fbe79dd5	הִתְבַּשְּׁלוּ	2	PST.3PL|IMP.2MPL	PST.3PL	True	HITPAEL
vocalized	LX-19fbe79dd5:V3	LX-19fbe79dd5	תִּתְבַּשֵּׁל	2	FUT.2MSG|FUT.3FSG		False	HITPAEL
vocalized	LX-19fbe79dd5:V4	LX-19fbe79dd5	תִּתְבַּשֵּׁלְנָה	2	FUT.2FPL|FUT.3FPL		False	HITPAEL
vocalized	LX-1a565e6bf3:V1	LX-1a565e6bf3	תְּאֻבְחַן	2	FUT.2MSG|FUT.3FSG		False	PUAL
vocalized	LX-1a565e6bf3:V2	LX-1a565e6bf3	תְּאֻבְחַנָּה	2	FUT.2FPL|FUT.3FPL		False	PUAL
vocalized	LX-1a8bb53e56:V1	LX-1a8bb53e56	תִּמְצֹץ	2	FUT.2MSG|FUT.3FSG		False	PAAL
vocalized	LX-1a8bb53e56:V2	LX-1a8bb53e56	תִּמְצֹצְנָה	2	FUT.2FPL|FUT.3FPL		False	PAAL
vocalized	LX-1a98c1f4d3:V1	LX-1a98c1f4d3	נָם	2	PST.3MSG|PRS.MSG	PST.3MSG	True	PAAL
vocalized	LX-1a98c1f4d3:V2	LX-1a98c1f4d3	נָמָה	2	PST.3FSG|PRS.FSG	PST.3FSG	True	PAAL
vocalized	LX-1a98c1f4d3:V3	LX-1a98c1f4d3	תָּנוּם	2	FUT.2MSG|FUT.3FSG		False	PAAL
vocalized	LX-1a98c1f4d3:V4	LX-1a98c1f4d3	תָּנֹמְנָה	2	FUT.2FPL|FUT.3FPL		False	PAAL
vocalized	LX-1ac3d4f823:V1	LX-1ac3d4f823	תִּקְרַב	2	FUT.2MSG|FUT.3FSG		False	PAAL
vocalized	LX-1ac3d4f823:V2	LX-1ac3d4f823	תִּקְרַבְנָה	2	FUT.2FPL|FUT.3FPL		False	PAAL
vocalized	LX-1b4c6830ce:V1	LX-1b4c6830ce	תַּדְאִיג	2	FUT.2MSG|FUT.3FSG		False	
vocalized	LX-1b4c6830ce:V2	LX-1b4c6830ce	תַּדְאֵגְנָה	2	FUT.2FPL|FUT.3FPL		False	
vocalized	LX-1bc2c51286:V1	LX-1bc2c51286	הִתְנַשֵּׁם	2	PST.3MSG|IMP.2MSG	PST.3MSG	True	
vocalized	LX-1bc2c51286:V2	LX-1bc2c51286	הִתְנַשְּׁמוּ	2	PST.3PL|IMP.2MPL	PST.3PL	True	
vocalized	LX-1bc2c51286:V3	LX-1bc2c51286	תִּתְנַשֵּׁם	2	FUT.2MSG|FUT.3FSG		False	
vocalized	LX-1bc2c51286:V4	LX-1bc2c51286	תִּתְנַשֵּׁמְנָה	2	FUT.2FPL|FUT.3FPL		False	
vocalized	LX-1be7b2b6f9:V1	LX-1be7b2b6f9	תֹּאחַז	2	FUT.2MSG|FUT.3FSG		False	PAAL
vocalized	LX-1be7b2b6f9:V2	LX-1be7b2b6f9	תֹּאחַזְנָה	2	FUT.2FPL|FUT.3FPL		False	PAAL
vocalized	LX-1c0d767968:V1	LX-1c0d767968	תְּעַטֵּר	2	FUT.2MSG|FUT.3FSG		False	PIEL
vocalized	LX-1c0d767968:V2	LX-1c0d767968	תְּעַטֵּרְנָה	2	FUT.2FPL|FUT.3FPL		False	PIEL
vocalized	LX-1c6c2f2853:V1	LX-1c6c2f2853	תִּהְיֶה	2	FUT.2MSG|FUT.3FSG		False	PAAL
vocalized	LX-1c6c2f2853:V2	LX-1c6c2f2853	תִּהְיֶינָה	2	FUT.2FPL|FUT.3FPL		False	PAAL
vocalized	LX-1c873da7a6:V1	LX-1c873da7a6	תַּשְׁמִיד	2	FUT.2MSG|FUT.3FSG		False	
vocalized	LX-1c873da7a6:V2	LX-1c873da7a6	תַּשְׁמֵדְנָה	2	FUT.2FPL|FUT.3FPL		False	
vocalized	LX-1cfad87fec:V1	LX-1cfad87fec	תַּלְבִּישׁ	2	FUT.2MSG|FUT.3FSG		False	HIFIL
vocalized	LX-1cfad87fec:V2	LX-1cfad87fec	תַּלְבֵּשְׁנָה	2	FUT.2FPL|FUT.3FPL		False	HIFIL
vocalized	LX-1d3a030898:V1	LX-1d3a030898	תַּרְאֶה	2	FUT.2MSG|FUT.3FSG		False	HIFIL
vocalized	LX-1d3a030898:V2	LX-1d3a030898	תַּרְאֶינָה	2	FUT.2FPL|FUT.3FPL		False	HIFIL
vocalized	LX-1e28fa9ca0:V1	LX-1e28fa9ca0	תִּנְהַג	2	FUT.2MSG|FUT.3FSG		False	PAAL
vocalized	LX-1e28fa9ca0:V2	LX-1e28fa9ca0	תִּנְהַגְנָה	2	FUT.2FPL|FUT.3FPL		False	PAAL
vocalized	LX-1e667b6cf8:V1	LX-1e667b6cf8	תְּלַקֵּק	2	FUT.2MSG|FUT.3FSG		False	PIEL
vocalized	LX-1e667b6cf8:V2	LX-1e667b6cf8	תְּלַקֵּקְנָה	2	FUT.2FPL|FUT.3FPL		False	PIEL
vocalized	LX-1e673925d8:V1	LX-1e673925d8	תִּבְגֹּד	2	FUT.2MSG|FUT.3FSG		False	PAAL
vocalized	LX-1e673925d8:V2	LX-1e673925d8	תִּבְגֹּדְנָה	2	FUT.2FPL|FUT.3FPL		False	PAAL
vocalized	LX-1e9ae83f94:V1	LX-1e9ae83f94	תָּבִיא	2	FUT.2MSG|FUT.3FSG		False	HIFIL
vocalized	LX-1e9ae83f94:V2	LX-1e9ae83f94	תָּבֶאנָה	2	FUT.2FPL|FUT.3FPL		False	HIFIL
vocalized	LX-1ea3c159e4:V1	LX-1ea3c159e4	תִּפְרֹס	2	FUT.2MSG|FUT.3FSG		False	PAAL
vocalized	LX-1ea3c159e4:V2	LX-1ea3c159e4	תִּפְרֹסְנָה	2	FUT.2FPL|FUT.3FPL		False	PAAL
vocalized	LX-1ee90f472e:V1	LX-1ee90f472e	תְּדַכְדֵּךְ	2	FUT.2MSG|FUT.3FSG		False	PIEL
vocalized	LX-1ee90f472e:V2	LX-1ee90f472e	תְּדַכְדֵּכְנָה	2	FUT.2FPL|FUT.3FPL		False	PIEL
vocalized	LX-1f20528939:V1	LX-1f20528939	תְּכַבֵּס	2	FUT.2MSG|FUT.3FSG		False	PIEL
vocalized	LX-1f20528939:V2	LX-1f20528939	תְּכַבֵּסְנָה	2	FUT.2FPL|FUT.3FPL		False	PIEL
vocalized	LX-1f9c2c0a46:V1	LX-1f9c2c0a46	תִּבְקַע	2	FUT.2MSG|FUT.3FSG		False	PAAL
vocalized	LX-1f9c2c0a46:V2	LX-1f9c2c0a46	תִּבְקַעְנָה	2	FUT.2FPL|FUT.3FPL		False	PAAL
vocalized	LX-1f9c8353a5:V1	LX-1f9c8353a5	תִּסְבֹּל	2	FUT.2MSG|FUT.3FSG		False	PAAL
vocalized	LX-1f9c8353a5:V2	LX-1f9c8353a5	תִּסְבֹּלְנָה	2	FUT.2FPL|FUT.3FPL		False	PAAL
vocalized	LX-1fc0f540e7:V1	LX-1fc0f540e7	תִּסְתֹּם	2	FUT.2MSG|FUT.3FSG		False	PAAL
vocalized	LX-1fc0f540e7:V2	LX-1fc0f540e7	תִּסְתֹּמְנָה	2	FUT.2FPL|FUT.3FPL		False	PAAL
vocalized	LX-1fc8f3763d:V1	LX-1fc8f3763d	תַּפְתִּיעַ	2	FUT.2MSG|FUT.3FSG		False	HIFIL
vocalized	LX-1fc8f3763d:V2	LX-1fc8f3763d	תַּפְתַּעְנָה	2	FUT.2FPL|FUT.3FPL		False	HIFIL
vocalized	LX-1fffcfadc8:V1	LX-1fffcfadc8	תֶּחְסֶה	2	FUT.2MSG|FUT.3FSG		False	PAAL
vocalized	LX-1fffcfadc8:V2	LX-1fffcfadc8	תֶּחְסֶינָה	2	FUT.2FPL|FUT.3FPL		False	PAAL
vocalized	LX-202db61ffe:V1	LX-202db61ffe	תְּאֻבְטַח	2	FUT.2MSG|FUT.3FSG		False	
vocalized	LX-202db61ffe:V2	LX-202db61ffe	תְּאֻבְטַחְנָה	2	FUT.2FPL|FUT.3FPL		False	
vocalized	LX-20a10d0ecb:V1	LX-20a10d0ecb	תִּפָּגֵשׁ	2	FUT.2MSG|FUT.3FSG		False	
vocalized	LX-20a10d0ecb:V2	LX-20a10d0ecb	תִּפָּגֵשְׁנָה	2	FUT.2FPL|FUT.3FPL		False	
vocalized	LX-20babe10e6:V1	LX-20babe10e6	תַּעֲלִים	2	FUT.2MSG|FUT.3FSG		False	
vocalized	LX-20babe10e6:V2	LX-20babe10e6	תַּעֲלֵמְנָה	2	FUT.2FPL|FUT.3FPL		False	
vocalized	LX-21420b715f:V1	LX-21420b715f	תִּתְמֹךְ	2	FUT.2MSG|FUT.3FSG		False	PAAL
vocalized	LX-21420b715f:V2	LX-21420b715f	תִּתְמֹכְנָה	2	FUT.2FPL|FUT.3FPL		False	PAAL
vocalized	LX-21a93fa1f4:V1	LX-21a93fa1f4	תִּדָּרֵס	2	FUT.2MSG|FUT.3FSG		False	
vocalized	LX-21a93fa1f4:V2	LX-21a93fa1f4	תִּדָּרֵסְנָה	2	FUT.2FPL|FUT.3FPL		False	
vocalized	LX-21c9ed2d9d:V1	LX-21c9ed2d9d	הִשְׁתַּלֵּחַ	2	PST.3MSG|IMP.2MSG	PST.3MSG	True	HITPAEL
vocalized	LX-21c9ed2d9d:V2	LX-21c9ed2d9d	הִשְׁתַּלְּחוּ	2	PST.3PL|IMP.2MPL	PST.3PL	True	HITPAEL
vocalized	LX-21c9ed2d9d:V3	LX-21c9ed2d9d	תִּשְׁתַּלֵּחַ	2	FUT.2MSG|FUT.3FSG		False	HITPAEL
vocalized	LX-21c9ed2d9d:V4	LX-21c9ed2d9d	תִּשְׁתַּלַּחְנָה	2	FUT.2FPL|FUT.3FPL		False	HITPAEL
vocalized	LX-21d2fe5e0e:V1	LX-21d2fe5e0e	שַׁס	2	PST.3MSG|PRS.MSG	PST.3MSG	True	PAAL
vocalized	LX-21dd021067:V1	LX-21dd021067	תַּדְרִיךְ	2	FUT.2MSG|FUT.3FSG		False	HIFIL
vocalized	LX-21dd021067:V2	LX-21dd021067	תַּדְרֵכְנָה	2	FUT.2FPL|FUT.3FPL		False	HIFIL
vocalized	LX-221b7aaaa0:V1	LX-221b7aaaa0	תִּנָּתֵן	2	FUT.2MSG|FUT.3FSG		False	NIFAL
vocalized	LX-221b7aaaa0:V2	LX-221b7aaaa0	תִּנָּתֵנָּה	2	FUT.2FPL|FUT.3FPL		False	NIFAL
vocalized	LX-222c345c8f:V1	LX-222c345c8f	הִתְאַסֵּף	2	PST.3MSG|IMP.2MSG	PST.3MSG	True	HITPAEL
vocalized	LX-222c345c8f:V2	LX-222c345c8f	הִתְאַסְּפוּ	2	PST.3PL|IMP.2MPL	PST.3PL	True	HITPAEL
vocalized	LX-222c345c8f:V3	LX-222c345c8f	תִּתְאַסֵּף	2	FUT.2MSG|FUT.3FSG		False	HITPAEL
vocalized	LX-222c345c8f:V4	LX-222c345c8f	תִּתְאַסֵּפְנָה	2	FUT.2FPL|FUT.3FPL		False	HITPAEL
vocalized	LX-2364b4c5d8:V1	LX-2364b4c5d8	תְּגַנֶּה	2	FUT.2MSG|FUT.3FSG		False	PIEL
vocalized	LX-2364b4c5d8:V2	LX-2364b4c5d8	תְּגַנֶּינָה	2	FUT.2FPL|FUT.3FPL		False	PIEL
vocalized	LX-246b3da697:V1	LX-246b3da697	תְּיַחֵד	2	FUT.2MSG|FUT.3FSG		False	PIEL
vocalized	LX-246b3da697:V2	LX-246b3da697	תְּיַחֵדְנָה	2	FUT.2FPL|FUT.3FPL		False	PIEL
vocalized	LX-24b0345f81:V1	LX-24b0345f81	תַּחְשֹׁב	2	FUT.2MSG|FUT.3FSG		False	PAAL
vocalized	LX-24b0345f81:V2	LX-24b0345f81	תַּחְשֹׁבְנָה	2	FUT.2FPL|FUT.3FPL		False	PAAL
vocalized	LX-2516618eea:V1	LX-2516618eea	הִתְעַטֵּף	2	PST.3MSG|IMP.2MSG	PST.3MSG	True	HITPAEL
vocalized	LX-2516618eea:V2	LX-2516618eea	הִתְעַטְּפוּ	2	PST.3PL|IMP.2MPL	PST.3PL	True	HITPAEL
vocalized	LX-2516618eea:V3	LX-2516618eea	תִּתְעַטֵּף	2	FUT.2MSG|FUT.3FSG		False	HITPAEL
vocalized	LX-2516618eea:V4	LX-2516618eea	תִּתְעַטֵּפְנָה	2	FUT.2FPL|FUT.3FPL		False	HITPAEL
vocalized	LX-2568c325e0:V1	LX-2568c325e0	הִתְבַּקֵּשׁ	2	PST.3MSG|IMP.2MSG	PST.3MSG	True	
vocalized	LX-2568c325e0:V2	LX-2568c325e0	הִתְבַּקְּשׁוּ	2	PST.3PL|IMP.2MPL	PST.3PL	True	
vocalized	LX-2568c325e0:V3	LX-2568c325e0	תִּתְבַּקֵּשׁ	2	FUT.2MSG|FUT.3FSG		False	
vocalized	LX-2568c325e0:V4	LX-2568c325e0	תִּתְבַּקֵּשְׁנָה	2	FUT.2FPL|FUT.3FPL		False	
vocalized	LX-256bcdadc3:V1	LX-256bcdadc3	תְּמַהֵר	2	FUT.2MSG|FUT.3FSG		False	
vocalized	LX-256bcdadc3:V2	LX-256bcdadc3	תְּמַהֵרְנָה	2	FUT.2FPL|FUT.3FPL		False	
vocalized	LX-25abec0cbb:V1	LX-25abec0cbb	הוֹדִיעוּ	2	PST.3PL|IMP.2MPL	PST.3PL	True	HIFIL
vocalized	LX-25abec0cbb:V2	LX-25abec0cbb	תּוֹדִיעַ	2	FUT.2MSG|FUT.3FSG		False	HIFIL
vocalized	LX-25abec0cbb:V3	LX-25abec0cbb	תּוֹדַעְנָה	2	FUT.2FPL|FUT.3FPL		False	HIFIL
vocalized	LX-25b8eabac3:V1	LX-25b8eabac3	תִּפְסֹל	2	FUT.2MSG|FUT.3FSG		False	PAAL
vocalized	LX-25b8eabac3:V2	LX-25b8eabac3	תִּפְסֹלְנָה	2	FUT.2FPL|FUT.3FPL		False	PAAL
vocalized	LX-25c3ce87e7:V1	LX-25c3ce87e7	תֵּחָלֵק	2	FUT.2MSG|FUT.3FSG		False	
vocalized	LX-25c3ce87e7:V2	LX-25c3ce87e7	תֵּחָלֵקְנָה	2	FUT.2FPL|FUT.3FPL		False	
vocalized	LX-2600ba1bcd:V1	LX-2600ba1bcd	תַּתִּיר	2	FUT.2MSG|FUT.3FSG		False	HIFIL
vocalized	LX-2600ba1bcd:V2	LX-2600ba1bcd	תַּתֵּרְנָה	2	FUT.2FPL|FUT.3FPL		False	HIFIL
vocalized	LX-26a5c615b3:V1	LX-26a5c615b3	תִּזְכֶּה	2	FUT.2MSG|FUT.3FSG		False	
vocalized	LX-26a5c615b3:V2	LX-26a5c615b3	תִּזְכֶּינָה	2	FUT.2FPL|FUT.3FPL		False	
vocalized	LX-272ce88a0c:V1	LX-272ce88a0c	תְּעַבֵּר	2	FUT.2MSG|FUT.3FSG		False	PIEL
vocalized	LX-272ce88a0c:V2	LX-272ce88a0c	תְּעַבֵּרְנָה	2	FUT.2FPL|FUT.3FPL		False	PIEL
vocalized	LX-279b759703:V1	LX-279b759703	הִתְכַּנֵּס	2	PST.3MSG|IMP.2MSG	PST.3MSG	True	HITPAEL
vocalized	LX-279b759703:V2	LX-279b759703	הִתְכַּנְּסוּ	2	PST.3PL|IMP.2MPL	PST.3PL	True	HITPAEL
vocalized	LX-279b759703:V3	LX-279b759703	תִּתְכַּנֵּס	2	FUT.2MSG|FUT.3FSG		False	HITPAEL
vocalized	LX-279b759703:V4	LX-279b759703	תִּתְכַּנֵּסְנָה	2	FUT.2FPL|FUT.3FPL		False	HITPAEL
vocalized	LX-27ecb0d9f6:V1	LX-27ecb0d9f6	נִגַּשׁ	2	PST.3MSG|FUT.1PL	PST.3MSG	True	
vocalized	LX-27ecb0d9f6:V2	LX-27ecb0d9f6	תִּגַּשׁ	2	FUT.2MSG|FUT.3FSG		False	
vocalized	LX-27ecb0d9f6:V3	LX-27ecb0d9f6	תִּגַּשְׁנָה	2	FUT.2FPL|FUT.3FPL		False	
vocalized	LX-27fdc286ee:V1	LX-27fdc286ee	תַּעֲלֹז	2	FUT.2MSG|FUT.3FSG		False	PAAL
vocalized	LX-27fdc286ee:V2	LX-27fdc286ee	תַּעֲלֹזְנָה	2	FUT.2FPL|FUT.3FPL		False	PAAL
vocalized	LX-2855ce8717:V1	LX-2855ce8717	תַּשְׁמִיעַ	2	FUT.2MSG|FUT.3FSG		False	HIFIL
vocalized	LX-2855ce8717:V2	LX-2855ce8717	תַּשְׁמַעְנָה	2	FUT.2FPL|FUT.3FPL		False	HIFIL
vocalized	LX-2872215de7:V1	LX-2872215de7	תִּלְבַּשׁ	2	FUT.2MSG|FUT.3FSG		False	PAAL
vocalized	LX-2872215de7:V2	LX-2872215de7	תִּלְבַּשְׁנָה	2	FUT.2FPL|FUT.3FPL		False	PAAL
vocalized	LX-288fc0ffa7:V1	LX-288fc0ffa7	תּוּצָא	2	FUT.2MSG|FUT.3FSG		False	HUFAL
vocalized	LX-288fc0ffa7:V2	LX-288fc0ffa7	תּוּצֶאנָה	2	FUT.2FPL|FUT.3FPL		False	HUFAL
vocalized	LX-292fa03563:V1	LX-292fa03563	תִּטֶּה	2	FUT.2MSG|FUT.3FSG		False	PAAL
vocalized	LX-292fa03563:V2	LX-292fa03563	תִּטֶּינָה	2	FUT.2FPL|FUT.3FPL		False	PAAL
vocalized	LX-2994c0ce40:V1	LX-2994c0ce40	תָּרִים	2	FUT.2MSG|FUT.3FSG		False	HIFIL
vocalized	LX-2994c0ce40:V2	LX-2994c0ce40	תָּרֵמְנָה	2	FUT.2FPL|FUT.3FPL		False	HIFIL
vocalized	LX-29fa38336f:V1	LX-29fa38336f	תֻּשְׁלַט	2	FUT.2MSG|FUT.3FSG		False	
vocalized	LX-29fa38336f:V2	LX-29fa38336f	תֻּשְׁלַטְנָה	2	FUT.2FPL|FUT.3FPL		False	
vocalized	LX-2a30d42ba0:V1	LX-2a30d42ba0	הִתְפַּקֵּד	2	PST.3MSG|IMP.2MSG	PST.3MSG	True	HITPAEL
vocalized	LX-2ae5d33863:V1	LX-2ae5d33863	תִּצְרֹךְ	2	FUT.2MSG|FUT.3FSG		False	PAAL
vocalized	LX-2ae5d33863:V2	LX-2ae5d33863	תִּצְרֹכְנָה	2	FUT.2FPL|FUT.3FPL		False	PAAL
vocalized	LX-2b081a0c8f:V1	LX-2b081a0c8f	כּוֹנֵן	2	PST.3MSG|IMP.2MSG	PST.3MSG	True	PIEL
vocalized	LX-2b081a0c8f:V2	LX-2b081a0c8f	כּוֹנְנוּ	2	PST.3PL|IMP.2MPL	PST.3PL	True	PIEL
vocalized	LX-2b081a0c8f:V3	LX-2b081a0c8f	תְּכוֹנֵן	2	FUT.2MSG|FUT.3FSG		False	PIEL
vocalized	LX-2b081a0c8f:V4	LX-2b081a0c8f	תְּכוֹנֵנָּה	2	FUT.2FPL|FUT.3FPL		False	PIEL
vocalized	LX-2b38e4d0bf:V1	LX-2b38e4d0bf	גָּז	2	PST.3MSG|PRS.MSG	PST.3MSG	True	PAAL
vocalized	LX-2b38e4d0bf:V2	LX-2b38e4d0bf	גָּזָה	2	PST.3FSG|PRS.FSG	PST.3FSG	True	PAAL
vocalized	LX-2b38e4d0bf:V3	LX-2b38e4d0bf	תָּגוּז	2	FUT.2MSG|FUT.3FSG		False	PAAL
vocalized	LX-2b38e4d0bf:V4	LX-2b38e4d0bf	תָּגֹזְנָה	2	FUT.2FPL|FUT.3FPL		False	PAAL
vocalized	LX-2b6ae5a58f:V1	LX-2b6ae5a58f	תַּחְמִיץ	2	FUT.2MSG|FUT.3FSG		False	HIFIL
vocalized	LX-2b6ae5a58f:V2	LX-2b6ae5a58f	תַּחְמֵצְנָה	2	FUT.2FPL|FUT.3FPL		False	HIFIL
vocalized	LX-2bf3582352:V1	LX-2bf3582352	הִתְכַּרְכֵּם	2	PST.3MSG|IMP.2MSG	PST.3MSG	True	HITPAEL
vocalized	LX-2bf48fb317:V1	LX-2bf48fb317	קוֹנֵן	2	PST.3MSG|IMP.2MSG	PST.3MSG	True	PIEL
vocalized	LX-2c25ffe1eb:V1	LX-2c25ffe1eb	תַּעֲזֹר	2	FUT.2MSG|FUT.3FSG		False	PAAL
vocalized	LX-2c25ffe1eb:V2	LX-2c25ffe1eb	תַּעֲזֹרְנָה	2	FUT.2FPL|FUT.3FPL		False	PAAL
vocalized	LX-2c48f5e091:V1	LX-2c48f5e091	תִּשְׁתֹּל	2	FUT.2MSG|FUT.3FSG		False	PAAL
vocalized	LX-2c48f5e091:V2	LX-2c48f5e091	תִּשְׁתֹּלְנָה	2	FUT.2FPL|FUT.3FPL		False	PAAL
vocalized	LX-2c4f064f15:V1	LX-2c4f064f15	תְּכֻנַּס	2	FUT.2MSG|FUT.3FSG		False	PUAL
vocalized	LX-2c4f064f15:V2	LX-2c4f064f15	תְּכֻנַּסְנָה	2	FUT.2FPL|FUT.3FPL		False	PUAL
vocalized	LX-2d4117a3d2:V1	LX-2d4117a3d2	תִּפְתַּח	2	FUT.2MSG|FUT.3FSG		False	PAAL
vocalized	LX-2d4117a3d2:V2	LX-2d4117a3d2	תִּפְתַּחְנָה	2	FUT.2FPL|FUT.3FPL		False	PAAL
vocalized	LX-2d68c8fa39:V1	LX-2d68c8fa39	הִתְבַּלּוּ	2	PST.3PL|IMP.2MPL	PST.3PL	True	
vocalized	LX-2d68c8fa39:V2	LX-2d68c8fa39	תִּתְבַּלֶּה	2	FUT.2MSG|FUT.3FSG		False	
vocalized	LX-2d68c8fa39:V3	LX-2d68c8fa39	תִּתְבַּלֶּינָה	2	FUT.2FPL|FUT.3FPL		False	
vocalized	LX-2d891da077:V1	LX-2d891da077	הִתְמַלֵּא	2	PST.3MSG|IMP.2MSG	PST.3MSG	True	HITPAEL
vocalized	LX-2d891da077:V2	LX-2d891da077	הִתְמַלְּאוּ	2	PST.3PL|IMP.2MPL	PST.3PL	True	HITPAEL
vocalized	LX-2d891da077:V3	LX-2d891da077	תִּתְמַלֵּא	2	FUT.2MSG|FUT.3FSG		False	HITPAEL
vocalized	LX-2d891da077:V4	LX-2d891da077	תִּתְמַלֶּאנָה	2	FUT.2FPL|FUT.3FPL		False	HITPAEL
vocalized	LX-2dbe7cf2e2:V1	LX-2dbe7cf2e2	תִּזְעַף	2	FUT.2MSG|FUT.3FSG		False	PAAL
vocalized	LX-2dbe7cf2e2:V2	LX-2dbe7cf2e2	תִּזְעַפְנָה	2	FUT.2FPL|FUT.3FPL		False	PAAL
vocalized	LX-2e280e2457:V1	LX-2e280e2457	תְּטַפֵּס	2	FUT.2MSG|FUT.3FSG		False	PIEL
vocalized	LX-2e280e2457:V2	LX-2e280e2457	תְּטַפֵּסְנָה	2	FUT.2FPL|FUT.3FPL		False	PIEL
vocalized	LX-2e3caa094d:V1	LX-2e3caa094d	חַי	2	PST.3MSG|PRS.MSG	PST.3MSG	True	PAAL
vocalized	LX-2e3caa094d:V2	LX-2e3caa094d	תִּחְיֶה	2	FUT.2MSG|FUT.3FSG		False	PAAL
vocalized	LX-2e3caa094d:V3	LX-2e3caa094d	תִּחְיֶינָה	2	FUT.2FPL|FUT.3FPL		False	PAAL
vocalized	LX-2e8b88fd4d:V1	LX-2e8b88fd4d	תִּגְרֹם	2	FUT.2MSG|FUT.3FSG		False	PAAL
vocalized	LX-2e8b88fd4d:V2	LX-2e8b88fd4d	תִּגְרֹמְנָה	2	FUT.2FPL|FUT.3FPL		False	PAAL
vocalized	LX-2e98c0beb0:V1	LX-2e98c0beb0	הִתְפַּשֵּׁט	2	PST.3MSG|IMP.2MSG	PST.3MSG	True	HITPAEL
vocalized	LX-2e98c0beb0:V2	LX-2e98c0beb0	הִתְפַּשְּׁטוּ	2	PST.3PL|IMP.2MPL	PST.3PL	True	HITPAEL
vocalized	LX-2e98c0beb0:V3	LX-2e98c0beb0	תִּתְפַּשֵּׁט	2	FUT.2MSG|FUT.3FSG		False	HITPAEL
vocalized	LX-2e98c0beb0:V4	LX-2e98c0beb0	תִּתְפַּשֵּׁטְנָה	2	FUT.2FPL|FUT.3FPL		False	HITPAEL
vocalized	LX-2e9e13f5fe:V1	LX-2e9e13f5fe	הִסְתַּכֵּל	2	PST.3MSG|IMP.2MSG	PST.3MSG	True	HITPAEL
vocalized	LX-2e9e13f5fe:V2	LX-2e9e13f5fe	הִסְתַּכְּלוּ	2	PST.3PL|IMP.2MPL	PST.3PL	True	HITPAEL
vocalized	LX-2e9e13f5fe:V3	LX-2e9e13f5fe	תִּסְתַּכֵּל	2	FUT.2MSG|FUT.3FSG		False	HITPAEL
vocalized	LX-2e9e13f5fe:V4	LX-2e9e13f5fe	תִּסְתַּכֵּלְנָה	2	FUT.2FPL|FUT.3FPL		False	HITPAEL
vocalized	LX-2eabea208f:V1	LX-2eabea208f	תַּשְׁחִים	2	FUT.2MSG|FUT.3FSG		False	
vocalized	LX-2eabea208f:V2	LX-2eabea208f	תַּשְׁחֵמְנָה	2	FUT.2FPL|FUT.3FPL		False	
vocalized	LX-2ec5f13385:V1	LX-2ec5f13385	תְּבָאֵר	2	FUT.2MSG|FUT.3FSG		False	PIEL
vocalized	LX-2ec5f13385:V2	LX-2ec5f13385	תְּבָאֵרְנָה	2	FUT.2FPL|FUT.3FPL		False	PIEL
vocalized	LX-2f20f9097a:V1	LX-2f20f9097a	תֵּלֵד	2	FUT.2MSG|FUT.3FSG		False	PAAL
vocalized	LX-2f20f9097a:V2	LX-2f20f9097a	תֵּלֵדְנָה	2	FUT.2FPL|FUT.3FPL		False	PAAL
vocalized	LX-2f77cbe54c:V1	LX-2f77cbe54c	הִשְׁתַּפֵּר	2	PST.3MSG|IMP.2MSG	PST.3MSG	True	
vocalized	LX-2f77cbe54c:V2	LX-2f77cbe54c	הִשְׁתַּפְּרוּ	2	PST.3PL|IMP.2MPL	PST.3PL	True	
vocalized	LX-2f77cbe54c:V3	LX-2f77cbe54c	תִּשְׁתַּפֵּר	2	FUT.2MSG|FUT.3FSG		False	
vocalized	LX-2f77cbe54c:V4	LX-2f77cbe54c	תִּשְׁתַּפֵּרְנָה	2	FUT.2FPL|FUT.3FPL		False	
vocalized	LX-2f8a48da70:V1	LX-2f8a48da70	הִתְקַנֵּא	2	PST.3MSG|IMP.2MSG	PST.3MSG	True	HITPAEL
vocalized	LX-2f8a48da70:V2	LX-2f8a48da70	הִתְקַנְּאוּ	2	PST.3PL|IMP.2MPL	PST.3PL	True	HITPAEL
vocalized	LX-2f8a48da70:V3	LX-2f8a48da70	תִּתְקַנֵּא	2	FUT.2MSG|FUT.3FSG		False	HITPAEL
vocalized	LX-2f8a48da70:V4	LX-2f8a48da70	תִּתְקַנֶּאנָה	2	FUT.2FPL|FUT.3FPL		False	HITPAEL
vocalized	LX-2fc0487e27:V1	LX-2fc0487e27	תְּבֻטַּל	2	FUT.2MSG|FUT.3FSG		False	PUAL
vocalized	LX-2fc0487e27:V2	LX-2fc0487e27	תְּבֻטַּלְנָה	2	FUT.2FPL|FUT.3FPL		False	PUAL
vocalized	LX-2fc69aede1:V1	LX-2fc69aede1	הִתְנַעֵר	2	PST.3MSG|IMP.2MSG	PST.3MSG	True	HITPAEL
vocalized	LX-2fc69aede1:V2	LX-2fc69aede1	הִתְנַעֲרוּ	2	PST.3PL|IMP.2MPL	PST.3PL	True	HITPAEL
vocalized	LX-2fc69aede1:V3	LX-2fc69aede1	תִּתְנַעֵר	2	FUT.2MSG|FUT.3FSG		False	HITPAEL
vocalized	LX-2fc69aede1:V4	LX-2fc69aede1	תִּתְנַעֵרְנָה	2	FUT.2FPL|FUT.3FPL		False	HITPAEL
vocalized	LX-3043db5936:V1	LX-3043db5936	תְּדַגְדֵּג	2	FUT.2MSG|FUT.3FSG		False	PIEL
vocalized	LX-3043db5936:V2	LX-3043db5936	תְּדַגְדֵּגְנָה	2	FUT.2FPL|FUT.3FPL		False	PIEL
vocalized	LX-309ffe2abc:V1	LX-309ffe2abc	תָּעִיף	2	FUT.2MSG|FUT.3FSG		False	HIFIL
vocalized	LX-309ffe2abc:V2	LX-309ffe2abc	תָּעֵפְנָה	2	FUT.2FPL|FUT.3FPL		False	HIFIL
vocalized	LX-31c701a1d6:V1	LX-31c701a1d6	תְּאַחֵד	2	FUT.2MSG|FUT.3FSG		False	
vocalized	LX-31c701a1d6:V2	LX-31c701a1d6	תְּאַחֵדְנָה	2	FUT.2FPL|FUT.3FPL		False	
vocalized	LX-322406feb2:V1	LX-322406feb2	תִּצְדַּק	2	FUT.2MSG|FUT.3FSG		False	PAAL
vocalized	LX-322406feb2:V2	LX-322406feb2	תִּצְדַּקְנָה	2	FUT.2FPL|FUT.3FPL		False	PAAL
vocalized	LX-3266106ba0:V1	LX-3266106ba0	תִּירֶה	2	FUT.2MSG|FUT.3FSG		False	PAAL
vocalized	LX-3266106ba0:V2	LX-3266106ba0	תִּירֶינָה	2	FUT.2FPL|FUT.3FPL		False	PAAL
vocalized	LX-32b5b7f907:V1	LX-32b5b7f907	שָׁט	2	PST.3MSG|PRS.MSG	PST.3MSG	True	PAAL
vocalized	LX-32b5b7f907:V2	LX-32b5b7f907	שָׁטָה	2	PST.3FSG|PRS.FSG	PST.3FSG	True	PAAL
vocalized	LX-32b5b7f907:V3	LX-32b5b7f907	תָּשׁוּט	2	FUT.2MSG|FUT.3FSG		False	PAAL
vocalized	LX-32b5b7f907:V4	LX-32b5b7f907	תָּשֹׁטְנָה	2	FUT.2FPL|FUT.3FPL		False	PAAL
vocalized	LX-337650597b:V1	LX-337650597b	תְּתַרְגֵּל	2	FUT.2MSG|FUT.3FSG		False	PIEL
vocalized	LX-337650597b:V2	LX-337650597b	תְּתַרְגֵּלְנָה	2	FUT.2FPL|FUT.3FPL		False	PIEL
vocalized	LX-345d6273a0:V1	LX-345d6273a0	הִתְעַבֵּר	2	PST.3MSG|IMP.2MSG	PST.3MSG	True	HITPAEL
vocalized	LX-3474548eed:V1	LX-3474548eed	תְּקֻצַּר	2	FUT.2MSG|FUT.3FSG		False	PUAL
vocalized	LX-3474548eed:V2	LX-3474548eed	תְּקֻצַּרְנָה	2	FUT.2FPL|FUT.3FPL		False	PUAL
vocalized	LX-3523741b58:V1	LX-3523741b58	צָד	2	PST.3MSG|PRS.MSG	PST.3MSG	True	PAAL
vocalized	LX-3523741b58:V2	LX-3523741b58	צָדָה	2	PST.3FSG|PRS.FSG	PST.3FSG	True	PAAL
vocalized	LX-3523741b58:V3	LX-3523741b58	תָּצוּד	2	FUT.2MSG|FUT.3FSG		False	PAAL
vocalized	LX-3523741b58:V4	LX-3523741b58	תָּצֹדְנָה	2	FUT.2FPL|FUT.3FPL		False	PAAL
vocalized	LX-352715d8b0:V1	LX-352715d8b0	תַּעֲרֹךְ	2	FUT.2MSG|FUT.3FSG		False	PAAL
vocalized	LX-352715d8b0:V2	LX-352715d8b0	תַּעֲרֹכְנָה	2	FUT.2FPL|FUT.3FPL		False	PAAL
vocalized	LX-35284df122:V1	LX-35284df122	תִּשְׁתֹּק	2	FUT.2MSG|FUT.3FSG		False	PAAL
vocalized	LX-35284df122:V2	LX-35284df122	תִּשְׁתֹּקְנָה	2	FUT.2FPL|FUT.3FPL		False	PAAL
vocalized	LX-353c9b843f:V1	LX-353c9b843f	תְּעַשֵּׁן	2	FUT.2MSG|FUT.3FSG		False	PIEL
vocalized	LX-353c9b843f:V2	LX-353c9b843f	תְּעַשֵּׁנָּה	2	FUT.2FPL|FUT.3FPL		False	PIEL
vocalized	LX-35480bb99e:V1	LX-35480bb99e	הוֹרִידוּ	2	PST.3PL|IMP.2MPL	PST.3PL	True	HIFIL
vocalized	LX-35480bb99e:V2	LX-35480bb99e	תּוֹרִיד	2	FUT.2MSG|FUT.3FSG		False	HIFIL
vocalized	LX-35480bb99e:V3	LX-35480bb99e	תּוֹרֵדְנָה	2	FUT.2FPL|FUT.3FPL		False	HIFIL
vocalized	LX-355f14051c:V1	LX-355f14051c	תִּפְגַּע	2	FUT.2MSG|FUT.3FSG		False	PAAL
vocalized	LX-355f14051c:V2	LX-355f14051c	תִּפְגַּעְנָה	2	FUT.2FPL|FUT.3FPL		False	PAAL
vocalized	LX-35741b5868:V1	LX-35741b5868	תְּאַזְכֵּר	2	FUT.2MSG|FUT.3FSG		False	
vocalized	LX-35741b5868:V2	LX-35741b5868	תְּאַזְכֵּרְנָה	2	FUT.2FPL|FUT.3FPL		False	
vocalized	LX-35856ad369:V1	LX-35856ad369	תִּקְטַן	2	FUT.2MSG|FUT.3FSG		False	PAAL
vocalized	LX-35856ad369:V2	LX-35856ad369	תִּקְטַנָּה	2	FUT.2FPL|FUT.3FPL		False	PAAL
vocalized	LX-359f94bcdb:V1	LX-359f94bcdb	כָּלָה	2	PST.3MSG|PRS.FSG	PST.3MSG	True	PAAL
vocalized	LX-359f94bcdb:V2	LX-359f94bcdb	תִּכְלֶה	2	FUT.2MSG|FUT.3FSG		False	PAAL
vocalized	LX-359f94bcdb:V3	LX-359f94bcdb	תִּכְלֶינָה	2	FUT.2FPL|FUT.3FPL		False	PAAL
vocalized	LX-35a9911948:V1	LX-35a9911948	תָּבִין	2	FUT.2MSG|FUT.3FSG		False	HIFIL
vocalized	LX-35a9911948:V2	LX-35a9911948	תָּבֵנָּה	2	FUT.2FPL|FUT.3FPL		False	HIFIL
vocalized	LX-36154a9a6e:V1	LX-36154a9a6e	תַּעֲטִיר	2	FUT.2MSG|FUT.3FSG		False	
vocalized	LX-36154a9a6e:V2	LX-36154a9a6e	תַּעֲטֵרְנָה	2	FUT.2FPL|FUT.3FPL		False	
vocalized	LX-3649398165:V1	LX-3649398165	הִתְרַפֵּא	2	PST.3MSG|IMP.2MSG	PST.3MSG	True	HITPAEL
vocalized	LX-3649398165:V2	LX-3649398165	הִתְרַפְּאוּ	2	PST.3PL|IMP.2MPL	PST.3PL	True	HITPAEL
vocalized	LX-3649398165:V3	LX-3649398165	תִּתְרַפֵּא	2	FUT.2MSG|FUT.3FSG		False	HITPAEL
vocalized	LX-3649398165:V4	LX-3649398165	תִּתְרַפֶּאנָה	2	FUT.2FPL|FUT.3FPL		False	HITPAEL
vocalized	LX-365f2c8b45:V1	LX-365f2c8b45	תַּכְנִיס	2	FUT.2MSG|FUT.3FSG		False	HIFIL
vocalized	LX-365f2c8b45:V2	LX-365f2c8b45	תַּכְנֵסְנָה	2	FUT.2FPL|FUT.3FPL		False	HIFIL
vocalized	LX-3777e4aec6:V1	LX-3777e4aec6	הִתְנַגֵּד	2	PST.3MSG|IMP.2MSG	PST.3MSG	True	HITPAEL
vocalized	LX-3777e4aec6:V2	LX-3777e4aec6	הִתְנַגְּדוּ	2	PST.3PL|IMP.2MPL	PST.3PL	True	HITPAEL
vocalized	LX-3777e4aec6:V3	LX-3777e4aec6	תִּתְנַגֵּד	2	FUT.2MSG|FUT.3FSG		False	HITPAEL
vocalized	LX-3777e4aec6:V4	LX-3777e4aec6	תִּתְנַגֵּדְנָה	2	FUT.2FPL|FUT.3FPL		False	HITPAEL
vocalized	LX-37c3a23912:V1	LX-37c3a23912	תַּפְשִׁיט	2	FUT.2MSG|FUT.3FSG		False	HIFIL
vocalized	LX-37c3a23912:V2	LX-37c3a23912	תַּפְשֵׁטְנָה	2	FUT.2FPL|FUT.3FPL		False	HIFIL
vocalized	LX-37d7967a61:V1	LX-37d7967a61	תְּזַמֵּר	2	FUT.2MSG|FUT.3FSG		False	PIEL
vocalized	LX-37d7967a61:V2	LX-37d7967a61	תְּזַמֵּרְנָה	2	FUT.2FPL|FUT.3FPL		False	PIEL
vocalized	LX-3809f3d028:V1	LX-3809f3d028	תִּשְׁפַּע	2	FUT.2MSG|FUT.3FSG		False	
vocalized	LX-3809f3d028:V2	LX-3809f3d028	תִּשְׁפַּעְנָה	2	FUT.2FPL|FUT.3FPL		False	
vocalized	LX-3814029277:V1	LX-3814029277	רַן	2	PST.3MSG|PRS.MSG	PST.3MSG	True	PAAL
vocalized	LX-38ec517501:V1	LX-38ec517501	תַּעֲקֹף	2	FUT.2MSG|FUT.3FSG		False	PAAL
vocalized	LX-38ec517501:V2	LX-38ec517501	תַּעֲקֹפְנָה	2	FUT.2FPL|FUT.3FPL		False	PAAL
vocalized	LX-39491f25b2:V1	LX-39491f25b2	תְּבַדֵּל	2	FUT.2MSG|FUT.3FSG		False	PIEL
vocalized	LX-39491f25b2:V2	LX-39491f25b2	תְּבַדֵּלְנָה	2	FUT.2FPL|FUT.3FPL		False	PIEL
vocalized	LX-3986a0a6c7:V1	LX-3986a0a6c7	תָּכִין	2	FUT.2MSG|FUT.3FSG		False	HIFIL
vocalized	LX-3986a0a6c7:V2	LX-3986a0a6c7	תָּכֵנָּה	2	FUT.2FPL|FUT.3FPL		False	HIFIL
vocalized	LX-39e26f5eec:V1	LX-39e26f5eec	תָּקֵל	2	FUT.2MSG|FUT.3FSG		False	HIFIL
vocalized	LX-39e26f5eec:V2	LX-39e26f5eec	תָּקֵלְנָה	2	FUT.2FPL|FUT.3FPL		False	HIFIL
vocalized	LX-3a480e519f:V1	LX-3a480e519f	נוֹפֵף	2	PST.3MSG|IMP.2MSG	PST.3MSG	True	PIEL
vocalized	LX-3a6ffbd265:V1	LX-3a6ffbd265	תִּמָּאֵס	2	FUT.2MSG|FUT.3FSG		False	
vocalized	LX-3a6ffbd265:V2	LX-3a6ffbd265	תִּמָּאֵסְנָה	2	FUT.2FPL|FUT.3FPL		False	
vocalized	LX-3ab283c35d:V1	LX-3ab283c35d	תִּקְרָא	2	FUT.2MSG|FUT.3FSG		False	PAAL
vocalized	LX-3ab283c35d:V2	LX-3ab283c35d	תִּקְרֶאנָה	2	FUT.2FPL|FUT.3FPL		False	PAAL
vocalized	LX-3b2fdf89d4:V1	LX-3b2fdf89d4	תֻּסַּע	2	FUT.2MSG|FUT.3FSG		False	HUFAL
vocalized	LX-3b2fdf89d4:V2	LX-3b2fdf89d4	תֻּסַּעְנָה	2	FUT.2FPL|FUT.3FPL		False	HUFAL
vocalized	LX-3b3c7aa2d2:V1	LX-3b3c7aa2d2	תְּקַבֵּל	2	FUT.2MSG|FUT.3FSG		False	PIEL
vocalized	LX-3b3c7aa2d2:V2	LX-3b3c7aa2d2	תְּקַבֵּלְנָה	2	FUT.2FPL|FUT.3FPL		False	PIEL
vocalized	LX-3b65295037:V1	LX-3b65295037	תְּרַחֵף	2	FUT.2MSG|FUT.3FSG		False	PIEL
vocalized	LX-3b65295037:V2	LX-3b65295037	תְּרַחֵפְנָה	2	FUT.2FPL|FUT.3FPL		False	PIEL
vocalized	LX-3bba7e3865:V1	LX-3bba7e3865	תְּחַזֵּק	2	FUT.2MSG|FUT.3FSG		False	PIEL
vocalized	LX-3bba7e3865:V2	LX-3bba7e3865	תְּחַזֵּקְנָה	2	FUT.2FPL|FUT.3FPL		False	PIEL
vocalized	LX-3bdc7b1e08:V1	LX-3bdc7b1e08	תְּתֹאַר	2	FUT.2MSG|FUT.3FSG		False	
vocalized	LX-3bdc7b1e08:V2	LX-3bdc7b1e08	תְּתֹאַרְנָה	2	FUT.2FPL|FUT.3FPL		False	
vocalized	LX-3bfabf856f:V1	LX-3bfabf856f	תִּלְהַט	2	FUT.2MSG|FUT.3FSG		False	PAAL
vocalized	LX-3bfabf856f:V2	LX-3bfabf856f	תִּלְהַטְנָה	2	FUT.2FPL|FUT.3FPL		False	PAAL
vocalized	LX-3c13146f11:V1	LX-3c13146f11	לָשׁ	2	PST.3MSG|PRS.MSG	PST.3MSG	True	PAAL
vocalized	LX-3c13146f11:V2	LX-3c13146f11	לָשָׁה	2	PST.3FSG|PRS.FSG	PST.3FSG	True	PAAL
vocalized	LX-3c13146f11:V3	LX-3c13146f11	תָּלוּשׁ	2	FUT.2MSG|FUT.3FSG		False	PAAL
vocalized	LX-3c13146f11:V4	LX-3c13146f11	תָּלֹשְׁנָה	2	FUT.2FPL|FUT.3FPL		False	PAAL
vocalized	LX-3c72f58d16:V1	LX-3c72f58d16	הִתְנַקְנֵק	2	PST.3MSG|IMP.2MSG	PST.3MSG	True	HITPAEL
vocalized	LX-3c90c37a94:V1	LX-3c90c37a94	תְּכַבֵּד	2	FUT.2MSG|FUT.3FSG		False	PIEL
vocalized	LX-3c90c37a94:V2	LX-3c90c37a94	תְּכַבֵּדְנָה	2	FUT.2FPL|FUT.3FPL		False	PIEL
vocalized	LX-3ca9c15e47:V1	LX-3ca9c15e47	תַּחֲלֹק	2	FUT.2MSG|FUT.3FSG		False	PAAL
vocalized	LX-3ca9c15e47:V2	LX-3ca9c15e47	תַּחֲלֹקְנָה	2	FUT.2FPL|FUT.3FPL		False	PAAL
vocalized	LX-3cd3d29812:V1	LX-3cd3d29812	זָן	2	PST.3MSG|PRS.MSG	PST.3MSG	True	PAAL
vocalized	LX-3cd3d29812:V2	LX-3cd3d29812	זָנָה	2	PST.3FSG|PRS.FSG	PST.3FSG	True	PAAL
vocalized	LX-3cd3d29812:V3	LX-3cd3d29812	תָּזוּן	2	FUT.2MSG|FUT.3FSG		False	PAAL
vocalized	LX-3cd3d29812:V4	LX-3cd3d29812	תָּזֹנָּה	2	FUT.2FPL|FUT.3FPL		False	PAAL
vocalized	LX-3cd850778d:V1	LX-3cd850778d	תִּדְאֶה	2	FUT.2MSG|FUT.3FSG		False	PAAL
vocalized	LX-3cd850778d:V2	LX-3cd850778d	תִּדְאֶינָה	2	FUT.2FPL|FUT.3FPL		False	PAAL
vocalized	LX-3d066329f0:V1	LX-3d066329f0	הִסְתַּמֵּא	2	PST.3MSG|IMP.2MSG	PST.3MSG	True	HITPAEL
vocalized	LX-3d32f79efb:V1	LX-3d32f79efb	נִקְרֵאת	2	PST.2FSG|PRS.FSG	PST.2FSG	True	NIFAL
vocalized	LX-3d32f79efb:V2	LX-3d32f79efb	נִקְרָא	2	PST.3MSG|PRS.MSG	PST.3MSG	True	NIFAL
vocalized	LX-3d32f79efb:V3	LX-3d32f79efb	תִּקָּרֵא	2	FUT.2MSG|FUT.3FSG		False	NIFAL
vocalized	LX-3d32f79efb:V4	LX-3d32f79efb	תִּקָּרֶאנָה	2	FUT.2FPL|FUT.3FPL		False	NIFAL
vocalized	LX-3d3b9d1489:V1	LX-3d3b9d1489	תְּאֻמְלַל	2	FUT.2MSG|FUT.3FSG		False	PUAL
vocalized	LX-3d3b9d1489:V2	LX-3d3b9d1489	תְּאֻמְלַלְנָה	2	FUT.2FPL|FUT.3FPL		False	PUAL
vocalized	LX-3e0e899fc0:V1	LX-3e0e899fc0	הִתְגַּלֵעַ	2	PST.3MSG|IMP.2MSG	PST.3MSG	True	HITPAEL
vocalized	LX-3e6985e3c8:V1	LX-3e6985e3c8	תַּגִּיעַ	2	FUT.2MSG|FUT.3FSG		False	HIFIL
vocalized	LX-3e6985e3c8:V2	LX-3e6985e3c8	תַּגַּעְנָה	2	FUT.2FPL|FUT.3FPL		False	HIFIL
vocalized	LX-3e6cdd925d:V1	LX-3e6cdd925d	הִתְעַצֵּל	2	PST.3MSG|IMP.2MSG	PST.3MSG	True	HITPAEL
vocalized	LX-3e6cdd925d:V2	LX-3e6cdd925d	הִתְעַצְּלוּ	2	PST.3PL|IMP.2MPL	PST.3PL	True	HITPAEL
vocalized	LX-3e6cdd925d:V3	LX-3e6cdd925d	תִּתְעַצֵּל	2	FUT.2MSG|FUT.3FSG		False	HITPAEL
vocalized	LX-3e6cdd925d:V4	LX-3e6cdd925d	תִּתְעַצֵּלְנָה	2	FUT.2FPL|FUT.3FPL		False	HITPAEL
vocalized	LX-3e7578b8c1:V1	LX-3e7578b8c1	תִּקְפָּא	2	FUT.2MSG|FUT.3FSG		False	PAAL
vocalized	LX-3e7578b8c1:V2	LX-3e7578b8c1	תִּקְפֶּאנָה	2	FUT.2FPL|FUT.3FPL		False	PAAL
vocalized	LX-3e8d88da0b:V1	LX-3e8d88da0b	תְּסַפֵּק	2	FUT.2MSG|FUT.3FSG		False	PIEL
vocalized	LX-3e8d88da0b:V2	LX-3e8d88da0b	תְּסַפֵּקְנָה	2	FUT.2FPL|FUT.3FPL		False	PIEL
vocalized	LX-3eb546c813:V1	LX-3eb546c813	תִּנְחַל	2	FUT.2MSG|FUT.3FSG		False	PAAL
vocalized	LX-3eb546c813:V2	LX-3eb546c813	תִּנְחַלְנָה	2	FUT.2FPL|FUT.3FPL		False	PAAL
vocalized	LX-3edc7a821a:V1	LX-3edc7a821a	תְּסַפֵּחַ	2	FUT.2MSG|FUT.3FSG		False	PIEL
vocalized	LX-3edc7a821a:V2	LX-3edc7a821a	תְּסַפַּחְנָה	2	FUT.2FPL|FUT.3FPL		False	PIEL
vocalized	LX-3f5b6cb239:V1	LX-3f5b6cb239	תִּשְׁלַח	2	FUT.2MSG|FUT.3FSG		False	PAAL
vocalized	LX-3f5b6cb239:V2	LX-3f5b6cb239	תִּשְׁלַחְנָה	2	FUT.2FPL|FUT.3FPL		False	PAAL
vocalized	LX-3f949f0d85:V1	LX-3f949f0d85	תִּשְׁלֹט	2	FUT.2MSG|FUT.3FSG		False	PAAL
vocalized	LX-3f949f0d85:V2	LX-3f949f0d85	תִּשְׁלֹטְנָה	2	FUT.2FPL|FUT.3FPL		False	PAAL
vocalized	LX-3fb3906fc7:V1	LX-3fb3906fc7	תְּעַגֵּל	2	FUT.2MSG|FUT.3FSG		False	
vocalized	LX-3fb3906fc7:V2	LX-3fb3906fc7	תְּעַגֵּלְנָה	2	FUT.2FPL|FUT.3FPL		False	
vocalized	LX-3fe1ba1ad8:V1	LX-3fe1ba1ad8	תִּגְרֹר	2	FUT.2MSG|FUT.3FSG		False	PAAL
vocalized	LX-3fe1ba1ad8:V2	LX-3fe1ba1ad8	תִּגְרֹרְנָה	2	FUT.2FPL|FUT.3FPL		False	PAAL
vocalized	LX-3ff057211f:V1	LX-3ff057211f	תַּעֲצֹר	2	FUT.2MSG|FUT.3FSG		False	PAAL
vocalized	LX-3ff057211f:V2	LX-3ff057211f	תַּעֲצֹרְנָה	2	FUT.2FPL|FUT.3FPL		False	PAAL
vocalized	LX-40049570f0:V1	LX-40049570f0	תֵּאָבֵק	2	FUT.2MSG|FUT.3FSG		False	NIFAL
vocalized	LX-40049570f0:V2	LX-40049570f0	תֵּאָבֵקְנָה	2	FUT.2FPL|FUT.3FPL		False	NIFAL
vocalized	LX-40563ba9c5:V1	LX-40563ba9c5	תְּגַלֶּה	2	FUT.2MSG|FUT.3FSG		False	PIEL
vocalized	LX-40563ba9c5:V2	LX-40563ba9c5	תְּגַלֶּינָה	2	FUT.2FPL|FUT.3FPL		False	PIEL
vocalized	LX-410026e5d5:V1	LX-410026e5d5	הִתְנַכֵּר	2	PST.3MSG|IMP.2MSG	PST.3MSG	True	HITPAEL
vocalized	LX-410026e5d5:V2	LX-410026e5d5	הִתְנַכְּרוּ	2	PST.3PL|IMP.2MPL	PST.3PL	True	HITPAEL
vocalized	LX-410026e5d5:V3	LX-410026e5d5	תִּתְנַכֵּר	2	FUT.2MSG|FUT.3FSG		False	HITPAEL
vocalized	LX-410026e5d5:V4	LX-410026e5d5	תִּתְנַכֵּרְנָה	2	FUT.2FPL|FUT.3FPL		False	HITPAEL
vocalized	LX-4132cb40c8:V1	LX-4132cb40c8	תַּשְׁהֶה	2	FUT.2MSG|FUT.3FSG		False	HIFIL
vocalized	LX-4132cb40c8:V2	LX-4132cb40c8	תַּשְׁהֶינָה	2	FUT.2FPL|FUT.3FPL		False	HIFIL
vocalized	LX-4141dae76a:V1	LX-4141dae76a	תְּלַבֵּב	2	FUT.2MSG|FUT.3FSG		False	PIEL
vocalized	LX-4141dae76a:V2	LX-4141dae76a	תְּלַבֵּבְנָה	2	FUT.2FPL|FUT.3FPL		False	PIEL
vocalized	LX-415c771e37:V1	LX-415c771e37	תְּנַקֶּה	2	FUT.2MSG|FUT.3FSG		False	
vocalized	LX-415c771e37:V2	LX-415c771e37	תְּנַקֶּינָה	2	FUT.2FPL|FUT.3FPL		False	
vocalized	LX-41a9722335:V1	LX-41a9722335	תַּכְשִׁיר	2	FUT.2MSG|FUT.3FSG		False	HIFIL
vocalized	LX-41a9722335:V2	LX-41a9722335	תַּכְשֵׁרְנָה	2	FUT.2FPL|FUT.3FPL		False	HIFIL
vocalized	LX-41b6c6ff2a:V1	LX-41b6c6ff2a	תִּכָּתֵב	2	FUT.2MSG|FUT.3FSG		False	NIFAL
vocalized	LX-41b6c6ff2a:V2	LX-41b6c6ff2a	תִּכָּתֵבְנָה	2	FUT.2FPL|FUT.3FPL		False	NIFAL
vocalized	LX-41b7b50d45:V1	LX-41b7b50d45	תֵּחָשֵׁב	2	FUT.2MSG|FUT.3FSG		False	NIFAL
vocalized	LX-41b7b50d45:V2	LX-41b7b50d45	תֵּחָשֵׁבְנָה	2	FUT.2FPL|FUT.3FPL		False	NIFAL
vocalized	LX-41b87943ab:V1	LX-41b87943ab	תְּשַׁתֵּק	2	FUT.2MSG|FUT.3FSG		False	PIEL
vocalized	LX-41b87943ab:V2	LX-41b87943ab	תְּשַׁתֵּקְנָה	2	FUT.2FPL|FUT.3FPL		False	PIEL
vocalized	LX-425fc073a9:V1	LX-425fc073a9	תִּטְחַן	2	FUT.2MSG|FUT.3FSG		False	PAAL
vocalized	LX-425fc073a9:V2	LX-425fc073a9	תִּטְחַנָּה	2	FUT.2FPL|FUT.3FPL		False	PAAL
vocalized	LX-427a88d327:V1	LX-427a88d327	תְּצַפֶּה	2	FUT.2MSG|FUT.3FSG		False	PIEL
vocalized	LX-427a88d327:V2	LX-427a88d327	תְּצַפֶּינָה	2	FUT.2FPL|FUT.3FPL		False	PIEL
vocalized	LX-42a6626367:V1	LX-42a6626367	הִתְיָאֵשׁ	2	PST.3MSG|IMP.2MSG	PST.3MSG	True	HITPAEL
vocalized	LX-42b27b48e4:V1	LX-42b27b48e4	נָד	2	PST.3MSG|PRS.MSG	PST.3MSG	True	PAAL
vocalized	LX-42b57ae79e:V1	LX-42b57ae79e	תִּדְפֹק	2	FUT.2MSG|FUT.3FSG		False	PAAL
vocalized	LX-42b57ae79e:V2	LX-42b57ae79e	תִּדְפֹקְנָה	2	FUT.2FPL|FUT.3FPL		False	PAAL
vocalized	LX-42d535a285:V1	LX-42d535a285	שָׁת	2	PST.3MSG|PRS.MSG	PST.3MSG	True	PAAL
vocalized	LX-42d535a285:V2	LX-42d535a285	שָׁתָה	2	PST.3FSG|PRS.FSG	PST.3FSG	True	PAAL
vocalized	LX-42d535a285:V3	LX-42d535a285	תָּשִׁית	2	FUT.2MSG|FUT.3FSG		False	PAAL
vocalized	LX-42d535a285:V4	LX-42d535a285	תָּשֵׁתְנָה	2	FUT.2FPL|FUT.3FPL		False	PAAL
vocalized	LX-42e21a560a:V1	LX-42e21a560a	תָּצֵל	2	FUT.2MSG|FUT.3FSG		False	HIFIL
vocalized	LX-42e21a560a:V2	LX-42e21a560a	תָּצֵלְנָה	2	FUT.2FPL|FUT.3FPL		False	HIFIL
vocalized	LX-433573875b:V1	LX-433573875b	הִתְרוֹמֵם	2	PST.3MSG|IMP.2MSG	PST.3MSG	True	HITPAEL
vocalized	LX-433573875b:V2	LX-433573875b	הִתְרוֹמְמוּ	2	PST.3PL|IMP.2MPL	PST.3PL	True	HITPAEL
vocalized	LX-433573875b:V3	LX-433573875b	תִּתְרוֹמֵם	2	FUT.2MSG|FUT.3FSG		False	HITPAEL
vocalized	LX-433573875b:V4	LX-433573875b	תִּתְרוֹמֵמְנָה	2	FUT.2FPL|FUT.3FPL		False	HITPAEL
vocalized	LX-43375698ae:V1	LX-43375698ae	תַּאֲבִיס	2	FUT.2MSG|FUT.3FSG		False	
vocalized	LX-43375698ae:V2	LX-43375698ae	תַּאֲבֵסְנָה	2	FUT.2FPL|FUT.3FPL		False	
vocalized	LX-434ead63cf:V1	LX-434ead63cf	דָּן	2	PST.3MSG|PRS.MSG	PST.3MSG	True	PAAL
vocalized	LX-434ead63cf:V2	LX-434ead63cf	דָּנָה	2	PST.3FSG|PRS.FSG	PST.3FSG	True	PAAL
vocalized	LX-434ead63cf:V3	LX-434ead63cf	תָּדוּן	2	FUT.2MSG|FUT.3FSG		False	PAAL
vocalized	LX-434ead63cf:V4	LX-434ead63cf	תָּדֹנָּה	2	FUT.2FPL|FUT.3FPL		False	PAAL
vocalized	LX-435ebe95bf:V1	LX-435ebe95bf	תֶּהֱגֶה	2	FUT.2MSG|FUT.3FSG		False	PAAL
vocalized	LX-435ebe95bf:V2	LX-435ebe95bf	תֶּהֱגֶינָה	2	FUT.2FPL|FUT.3FPL		False	PAAL
vocalized	LX-43844d32e9:V1	LX-43844d32e9	תִּשְׂרֹד	2	FUT.2MSG|FUT.3FSG		False	PAAL
vocalized	LX-43844d32e9:V2	LX-43844d32e9	תִּשְׂרֹדְנָה	2	FUT.2FPL|FUT.3FPL		False	PAAL
vocalized	LX-4384a81da4:V1	LX-4384a81da4	תִּבַּח	2	FUT.2MSG|FUT.3FSG		False	PAAL
vocalized	LX-4384a81da4:V2	LX-4384a81da4	תִּבַּחְנָה	2	FUT.2FPL|FUT.3FPL		False	PAAL
vocalized	LX-4389401c2e:V1	LX-4389401c2e	תִּשְׁמֹר	2	FUT.2MSG|FUT.3FSG		False	PAAL
vocalized	LX-4389401c2e:V2	LX-4389401c2e	תִּשְׁמֹרְנָה	2	FUT.2FPL|FUT.3FPL		False	PAAL
vocalized	LX-43b63e2ddb:V1	LX-43b63e2ddb	תֹּאפֶה	2	FUT.2MSG|FUT.3FSG		False	PAAL
vocalized	LX-43b63e2ddb:V2	LX-43b63e2ddb	תֹּאפֶינָה	2	FUT.2FPL|FUT.3FPL		False	PAAL
vocalized	LX-43d85a6bb4:V1	LX-43d85a6bb4	תִּפְרֶה	2	FUT.2MSG|FUT.3FSG		False	PAAL
vocalized	LX-43d85a6bb4:V2	LX-43d85a6bb4	תִּפְרֶינָה	2	FUT.2FPL|FUT.3FPL		False	PAAL
vocalized	LX-43ed367f7f:V1	LX-43ed367f7f	צָץ	2	PST.3MSG|PRS.MSG	PST.3MSG	True	PAAL
vocalized	LX-43eebe26ce:V1	LX-43eebe26ce	תִּפְרֹשׁ	2	FUT.2MSG|FUT.3FSG		False	PAAL
vocalized	LX-43eebe26ce:V2	LX-43eebe26ce	תִּפְרֹשְׁנָה	2	FUT.2FPL|FUT.3FPL		False	PAAL
vocalized	LX-445cda1ca3:V1	LX-445cda1ca3	אָץ	2	PST.3MSG|PRS.MSG	PST.3MSG	True	PAAL
vocalized	LX-445cda1ca3:V2	LX-445cda1ca3	אָצָה	2	PST.3FSG|PRS.FSG	PST.3FSG	True	PAAL
vocalized	LX-445cda1ca3:V3	LX-445cda1ca3	תָּאוּץ	2	FUT.2MSG|FUT.3FSG		False	PAAL
vocalized	LX-445cda1ca3:V4	LX-445cda1ca3	תָּאֹצְנָה	2	FUT.2FPL|FUT.3FPL		False	PAAL
vocalized	LX-44614d31d8:V1	LX-44614d31d8	תְּגַמֵּד	2	FUT.2MSG|FUT.3FSG		False	PIEL
vocalized	LX-44614d31d8:V2	LX-44614d31d8	תְּגַמֵּדְנָה	2	FUT.2FPL|FUT.3FPL		False	PIEL
vocalized	LX-4474e9fa7e:V1	LX-4474e9fa7e	תְּזַעְזֵעַ	2	FUT.2MSG|FUT.3FSG		False	PIEL
vocalized	LX-4474e9fa7e:V2	LX-4474e9fa7e	תְּזַעְזַעְנָה	2	FUT.2FPL|FUT.3FPL		False	PIEL
vocalized	LX-4481f5d610:V1	LX-4481f5d610	תְּרֻפַּד	2	FUT.2MSG|FUT.3FSG		False	
vocalized	LX-4481f5d610:V2	LX-4481f5d610	תְּרֻפַּדְנָה	2	FUT.2FPL|FUT.3FPL		False	
vocalized	LX-448ed27093:V1	LX-448ed27093	תְּתַבֵּל	2	FUT.2MSG|FUT.3FSG		False	PIEL
vocalized	LX-448ed27093:V2	LX-448ed27093	תְּתַבֵּלְנָה	2	FUT.2FPL|FUT.3FPL		False	PIEL
vocalized	LX-449289369e:V1	LX-449289369e	תִּפָּרֵד	2	FUT.2MSG|FUT.3FSG		False	NIFAL
vocalized	LX-449289369e:V2	LX-449289369e	תִּפָּרֵדְנָה	2	FUT.2FPL|FUT.3FPL		False	NIFAL
vocalized	LX-44975afd1d:V1	LX-44975afd1d	הִתְפּוֹרֵר	2	PST.3MSG|IMP.2MSG	PST.3MSG	True	HITPAEL
vocalized	LX-44a5234604:V1	LX-44a5234604	הִתְרוֹצֵץ	2	PST.3MSG|IMP.2MSG	PST.3MSG	True	HITPAEL
vocalized	LX-44b810fc8a:V1	LX-44b810fc8a	תְּתַכְנֵת	2	FUT.2MSG|FUT.3FSG		False	PIEL
vocalized	LX-44b810fc8a:V2	LX-44b810fc8a	תְּתַכְנֵתְנָה	2	FUT.2FPL|FUT.3FPL		False	PIEL
vocalized	LX-4505cd8989:V1	LX-4505cd8989	תְּצֻטַּט	2	FUT.2MSG|FUT.3FSG		False	
vocalized	LX-4505cd8989:V2	LX-4505cd8989	תְּצֻטַּטְנָה	2	FUT.2FPL|FUT.3FPL		False	
vocalized	LX-4517538b74:V1	LX-4517538b74	מְלַכֵּד	2	PRS.MSG|IMP.2MSG		True	PIEL
vocalized	LX-451e014656:V1	LX-451e014656	תְּצֻנְזַר	2	FUT.2MSG|FUT.3FSG		False	
vocalized	LX-451e014656:V2	LX-451e014656	תְּצֻנְזַרְנָה	2	FUT.2FPL|FUT.3FPL		False	
vocalized	LX-4527cb0fbd:V1	LX-4527cb0fbd	רָב	2	PST.3MSG|PRS.MSG	PST.3MSG	True	PAAL
vocalized	LX-45354b3bf0:V1	LX-45354b3bf0	הִתְעַלּוּ	2	PST.3PL|IMP.2MPL	PST.3PL	True	HITPAEL
vocalized	LX-45354b3bf0:V2	LX-45354b3bf0	תִּתְעַלֶּה	2	FUT.2MSG|FUT.3FSG		False	HITPAEL
vocalized	LX-45354b3bf0:V3	LX-45354b3bf0	תִּתְעַלֶּינָה	2	FUT.2FPL|FUT.3FPL		False	HITPAEL
vocalized	LX-45483b9eef:V1	LX-45483b9eef	תְּסַכֵּם	2	FUT.2MSG|FUT.3FSG		False	PIEL
vocalized	LX-45483b9eef:V2	LX-45483b9eef	תְּסַכֵּמְנָה	2	FUT.2FPL|FUT.3FPL		False	PIEL
vocalized	LX-4589a8c915:V1	LX-4589a8c915	תִּדְבַּק	2	FUT.2MSG|FUT.3FSG		False	PAAL
vocalized	LX-4589a8c915:V2	LX-4589a8c915	תִּדְבַּקְנָה	2	FUT.2FPL|FUT.3FPL		False	PAAL
vocalized	LX-459e134ebb:V1	LX-459e134ebb	תְּנַפֵּץ	2	FUT.2MSG|FUT.3FSG		False	PIEL
vocalized	LX-459e134ebb:V2	LX-459e134ebb	תְּנַפֵּצְנָה	2	FUT.2FPL|FUT.3FPL		False	PIEL
vocalized	LX-45a1e26f59:V1	LX-45a1e26f59	תַּהֲרֹג	2	FUT.2MSG|FUT.3FSG		False	PAAL
vocalized	LX-45a1e26f59:V2	LX-45a1e26f59	תַּהֲרֹגְנָה	2	FUT.2FPL|FUT.3FPL		False	PAAL
vocalized	LX-45ba3e59b3:V1	LX-45ba3e59b3	תְּבֻקַּר	2	FUT.2MSG|FUT.3FSG		False	
vocalized	LX-45ba3e59b3:V2	LX-45ba3e59b3	תְּבֻקַּרְנָה	2	FUT.2FPL|FUT.3FPL		False	
vocalized	LX-4615529d04:V1	LX-4615529d04	תֶּחֱלֶה	2	FUT.2MSG|FUT.3FSG		False	PAAL
vocalized	LX-4615529d04:V2	LX-4615529d04	תֶּחֱלֶינָה	2	FUT.2FPL|FUT.3FPL		False	PAAL
vocalized	LX-461c9f230b:V1	LX-461c9f230b	תִּוָּשֵׁב	2	FUT.2MSG|FUT.3FSG		False	NIFAL
vocalized	LX-46234064d7:V1	LX-46234064d7	תִּשְׁפֹּט	2	FUT.2MSG|FUT.3FSG		False	PAAL
vocalized	LX-46234064d7:V2	LX-46234064d7	תִּשְׁפֹּטְנָה	2	FUT.2FPL|FUT.3FPL		False	PAAL
vocalized	LX-467ad555e3:V1	LX-467ad555e3	הִתְאַמֵּץ	2	PST.3MSG|IMP.2MSG	PST.3MSG	True	HITPAEL
vocalized	LX-467ad555e3:V2	LX-467ad555e3	הִתְאַמְּצוּ	2	PST.3PL|IMP.2MPL	PST.3PL	True	HITPAEL
vocalized	LX-467ad555e3:V3	LX-467ad555e3	תִּתְאַמֵּץ	2	FUT.2MSG|FUT.3FSG		False	HITPAEL
vocalized	LX-467ad555e3:V4	LX-467ad555e3	תִּתְאַמֵּצְנָה	2	FUT.2FPL|FUT.3FPL		False	HITPAEL
vocalized	LX-468481ce44:V1	LX-468481ce44	הִתְפַּתּוּ	2	PST.3PL|IMP.2MPL	PST.3PL	True	
vocalized	LX-468481ce44:V2	LX-468481ce44	תִּתְפַּתֶּה	2	FUT.2MSG|FUT.3FSG		False	
vocalized	LX-468481ce44:V3	LX-468481ce44	תִּתְפַּתֶּינָה	2	FUT.2FPL|FUT.3FPL		False	
vocalized	LX-470258a91e:V1	LX-470258a91e	נֶהֱגֵית	2	PST.2FSG|PRS.FSG	PST.2FSG	True	
vocalized	LX-470258a91e:V2	LX-470258a91e	תֵּהָגֶה	2	FUT.2MSG|FUT.3FSG		False	
vocalized	LX-470258a91e:V3	LX-470258a91e	תֵּהָגֶינָה	2	FUT.2FPL|FUT.3FPL		False	
vocalized	LX-471a2d7289:V1	LX-471a2d7289	תְּשֻׁתַּק	2	FUT.2MSG|FUT.3FSG		False	PUAL
vocalized	LX-471a2d7289:V2	LX-471a2d7289	תְּשֻׁתַּקְנָה	2	FUT.2FPL|FUT.3FPL		False	PUAL
vocalized	LX-473dcf4ef6:V1	LX-473dcf4ef6	תְּנַכֵּר	2	FUT.2MSG|FUT.3FSG		False	PIEL
vocalized	LX-473dcf4ef6:V2	LX-473dcf4ef6	תְּנַכֵּרְנָה	2	FUT.2FPL|FUT.3FPL		False	PIEL
vocalized	LX-473ee29c60:V1	LX-473ee29c60	סוֹכֵךְ	2	PST.3MSG|IMP.2MSG	PST.3MSG	True	
vocalized	LX-473ee29c60:V2	LX-473ee29c60	סוֹכְכוּ	2	PST.3PL|IMP.2MPL	PST.3PL	True	
vocalized	LX-473ee29c60:V3	LX-473ee29c60	תְּסוֹכֵךְ	2	FUT.2MSG|FUT.3FSG		False	
vocalized	LX-473ee29c60:V4	LX-473ee29c60	תְּסוֹכֵכְנָה	2	FUT.2FPL|FUT.3FPL		False	
vocalized	LX-47455ab9cc:V1	LX-47455ab9cc	תַּפְלִיא	2	FUT.2MSG|FUT.3FSG		False	
vocalized	LX-47455ab9cc:V2	LX-47455ab9cc	תַּפְלֶאנָה	2	FUT.2FPL|FUT.3FPL		False	
vocalized	LX-476b8a962e:V1	LX-476b8a962e	בָּז	2	PST.3MSG|PRS.MSG	PST.3MSG	True	PAAL
vocalized	LX-476b8a962e:V2	LX-476b8a962e	בָּזָה	2	PST.3FSG|PRS.FSG	PST.3FSG	True	PAAL
vocalized	LX-476b8a962e:V3	LX-476b8a962e	תָּבוּז	2	FUT.2MSG|FUT.3FSG		False	PAAL
vocalized	LX-476b8a962e:V4	LX-476b8a962e	תָּבֹזְנָה	2	FUT.2FPL|FUT.3FPL		False	PAAL
vocalized	LX-476b8a962e:V5	LX-476b8a962e	בּוּז	2	IMP.2MSG|MSDR		True	PAAL
vocalized	LX-477328f513:V1	LX-477328f513	צָר	2	PST.3MSG|PRS.MSG	PST.3MSG	True	PAAL
vocalized	LX-47953f977b:V1	LX-47953f977b	הִתְרַעֵל	2	PST.3MSG|IMP.2MSG	PST.3MSG	True	HITPAEL
vocalized	LX-479fe41b4f:V1	LX-479fe41b4f	תְּבָאֵס	2	FUT.2MSG|FUT.3FSG		False	PIEL
vocalized	LX-479fe41b4f:V2	LX-479fe41b4f	תְּבָאֵסְנָה	2	FUT.2FPL|FUT.3FPL		False	PIEL
vocalized	LX-47ab8e5eda:V1	LX-47ab8e5eda	תַּשְׁתִּין	2	FUT.2MSG|FUT.3FSG		False	HIFIL
vocalized	LX-47ab8e5eda:V2	LX-47ab8e5eda	תַּשְׁתֵּנָּה	2	FUT.2FPL|FUT.3FPL		False	HIFIL
vocalized	LX-47b371ce9e:V1	LX-47b371ce9e	תָּאֵט	2	FUT.2MSG|FUT.3FSG		False	HIFIL
vocalized	LX-47b371ce9e:V2	LX-47b371ce9e	תָּאֵטְנָה	2	FUT.2FPL|FUT.3FPL		False	HIFIL
vocalized	LX-47bf4fc994:V1	LX-47bf4fc994	תִּסְחַר	2	FUT.2MSG|FUT.3FSG		False	PAAL
vocalized	LX-47bf4fc994:V2	LX-47bf4fc994	תִּסְחַרְנָה	2	FUT.2FPL|FUT.3FPL		False	PAAL
vocalized	LX-47d1ab4b74:V1	LX-47d1ab4b74	מוֹדֵד	2	PST.3MSG|IMP.2MSG	PST.3MSG	True	PIEL
vocalized	LX-47d1ba36b1:V1	LX-47d1ba36b1	תִּרְכֹּב	2	FUT.2MSG|FUT.3FSG		False	PAAL
vocalized	LX-47d1ba36b1:V2	LX-47d1ba36b1	תִּרְכֹּבְנָה	2	FUT.2FPL|FUT.3FPL		False	PAAL
vocalized	LX-4825e09b01:V1	LX-4825e09b01	הִתְמוֹגֵג	2	PST.3MSG|IMP.2MSG	PST.3MSG	True	HITPAEL
vocalized	LX-482803b73d:V1	LX-482803b73d	תְּנַצֵּחַ	2	FUT.2MSG|FUT.3FSG		False	PIEL
vocalized	LX-482803b73d:V2	LX-482803b73d	תְּנַצַּחְנָה	2	FUT.2FPL|FUT.3FPL		False	PIEL
vocalized	LX-483d397953:V1	LX-483d397953	הִתַּמֵּר	2	PST.3MSG|IMP.2MSG	PST.3MSG	True	HITPAEL
vocalized	LX-488a06c074:V1	LX-488a06c074	נֶהֱנֵית	2	PST.2FSG|PRS.FSG	PST.2FSG	True	NIFAL
vocalized	LX-488a06c074:V2	LX-488a06c074	תֵּהָנֶה	2	FUT.2MSG|FUT.3FSG		False	NIFAL
vocalized	LX-488a06c074:V3	LX-488a06c074	תֵּהָנֶינָה	2	FUT.2FPL|FUT.3FPL		False	NIFAL
vocalized	LX-489e35f223:V1	LX-489e35f223	תְּפַלֵּל	2	FUT.2MSG|FUT.3FSG		False	PIEL
vocalized	LX-489e35f223:V2	LX-489e35f223	תְּפַלֵּלְנָה	2	FUT.2FPL|FUT.3FPL		False	PIEL
vocalized	LX-48c554da1d:V1	LX-48c554da1d	תִּמְעַל	2	FUT.2MSG|FUT.3FSG		False	PAAL
vocalized	LX-48c554da1d:V2	LX-48c554da1d	תִּמְעַלְנָה	2	FUT.2FPL|FUT.3FPL		False	PAAL
vocalized	LX-494e23621d:V1	LX-494e23621d	תַּכְרִיז	2	FUT.2MSG|FUT.3FSG		False	HIFIL
vocalized	LX-494e23621d:V2	LX-494e23621d	תַּכְרֵזְנָה	2	FUT.2FPL|FUT.3FPL		False	HIFIL
vocalized	LX-49713c0a65:V1	LX-49713c0a65	תְּאַדֶּה	2	FUT.2MSG|FUT.3FSG		False	PIEL
vocalized	LX-49713c0a65:V2	LX-49713c0a65	תְּאַדֶּינָה	2	FUT.2FPL|FUT.3FPL		False	PIEL
vocalized	LX-49a519e20b:V1	LX-49a519e20b	הִתְיַהֵר	2	PST.3MSG|IMP.2MSG	PST.3MSG	True	HITPAEL
vocalized	LX-49fd01dc9c:V1	LX-49fd01dc9c	תְּשַׁעֵר	2	FUT.2MSG|FUT.3FSG		False	PIEL
vocalized	LX-49fd01dc9c:V2	LX-49fd01dc9c	תְּשַׁעֵרְנָה	2	FUT.2FPL|FUT.3FPL		False	PIEL
vocalized	LX-4a500afd61:V1	LX-4a500afd61	כּוֹפֵף	2	PST.3MSG|IMP.2MSG	PST.3MSG	True	PIEL
vocalized	LX-4a74ca1f24:V1	LX-4a74ca1f24	תּוּרַד	2	FUT.2MSG|FUT.3FSG		False	HUFAL
vocalized	LX-4a74ca1f24:V2	LX-4a74ca1f24	תּוּרַדְנָה	2	FUT.2FPL|FUT.3FPL		False	HUFAL
vocalized	LX-4a81c81fb9:V1	LX-4a81c81fb9	תֶּאֱרֹב	2	FUT.2MSG|FUT.3FSG		False	PAAL
vocalized	LX-4a81c81fb9:V2	LX-4a81c81fb9	תֶּאֱרֹבְנָה	2	FUT.2FPL|FUT.3FPL		False	PAAL
vocalized	LX-4a9c655e0c:V1	LX-4a9c655e0c	תִּמָּשֵׁךְ	2	FUT.2MSG|FUT.3FSG		False	
vocalized	LX-4a9c655e0c:V2	LX-4a9c655e0c	תִּמָּשֵׁכְנָה	2	FUT.2FPL|FUT.3FPL		False	
vocalized	LX-4ac10ca2bd:V1	LX-4ac10ca2bd	הוֹפִיעוּ	2	PST.3PL|IMP.2MPL	PST.3PL	True	HIFIL
vocalized	LX-4ac10ca2bd:V2	LX-4ac10ca2bd	תּוֹפִיעַ	2	FUT.2MSG|FUT.3FSG		False	HIFIL
vocalized	LX-4ac10ca2bd:V3	LX-4ac10ca2bd	תּוֹפַעְנָה	2	FUT.2FPL|FUT.3FPL		False	HIFIL
vocalized	LX-4ac8504d68:V1	LX-4ac8504d68	תְּצָרֵף	2	FUT.2MSG|FUT.3FSG		False	PIEL
vocalized	LX-4ac8504d68:V2	LX-4ac8504d68	תְּצָרֵפְנָה	2	FUT.2FPL|FUT.3FPL		False	PIEL
vocalized	LX-4b1ca5313c:V1	LX-4b1ca5313c	תִּשָּׂרֵף	2	FUT.2MSG|FUT.3FSG		False	NIFAL
vocalized	LX-4b1ca5313c:V2	LX-4b1ca5313c	תִּשָּׂרֵפְנָה	2	FUT.2FPL|FUT.3FPL		False	NIFAL
vocalized	LX-4b66ac5abe:V1	LX-4b66ac5abe	תִּבָּחֵר	2	FUT.2MSG|FUT.3FSG		False	NIFAL
vocalized	LX-4b66ac5abe:V2	LX-4b66ac5abe	תִּבָּחֵרְנָה	2	FUT.2FPL|FUT.3FPL		False	NIFAL
vocalized	LX-4b81f78a2b:V1	LX-4b81f78a2b	רַע	3	PST.3MSG|PRS.MSG|IMP.2MSG	PST.3MSG	True	PAAL
vocalized	LX-4ba42bef9c:V1	LX-4ba42bef9c	תִּגְזֹר	2	FUT.2MSG|FUT.3FSG		False	PAAL
vocalized	LX-4ba42bef9c:V2	LX-4ba42bef9c	תִּגְזֹרְנָה	2	FUT.2FPL|FUT.3FPL		False	PAAL
vocalized	LX-4bb8ff844c:V1	LX-4bb8ff844c	תֶּחֱנֶה	2	FUT.2MSG|FUT.3FSG		False	PAAL
vocalized	LX-4bb8ff844c:V2	LX-4bb8ff844c	תֶּחֱנֶינָה	2	FUT.2FPL|FUT.3FPL		False	PAAL
vocalized	LX-4c81f38b6a:V1	LX-4c81f38b6a	בָּא	2	PST.3MSG|PRS.MSG	PST.3MSG	True	PAAL
vocalized	LX-4c81f38b6a:V2	LX-4c81f38b6a	בָּאָה	2	PST.3FSG|PRS.FSG	PST.3FSG	True	PAAL
vocalized	LX-4c81f38b6a:V3	LX-4c81f38b6a	תָּבוֹא	2	FUT.2MSG|FUT.3FSG		False	PAAL
vocalized	LX-4c81f38b6a:V4	LX-4c81f38b6a	תָּבֹאנָה	2	FUT.2FPL|FUT.3FPL		False	PAAL
vocalized	LX-4cd06352c1:V1	LX-4cd06352c1	תְּאֹרַס	2	FUT.2MSG|FUT.3FSG		False	
vocalized	LX-4cd06352c1:V2	LX-4cd06352c1	תְּאֹרַסְנָה	2	FUT.2FPL|FUT.3FPL		False	
vocalized	LX-4d2ff493ca:V1	LX-4d2ff493ca	הוֹשִׁיבוּ	2	PST.3PL|IMP.2MPL	PST.3PL	True	HIFIL
vocalized	LX-4d2ff493ca:V2	LX-4d2ff493ca	תּוֹשִׁיב	2	FUT.2MSG|FUT.3FSG		False	HIFIL
vocalized	LX-4d2ff493ca:V3	LX-4d2ff493ca	תּוֹשֵׁבְנָה	2	FUT.2FPL|FUT.3FPL		False	HIFIL
vocalized	LX-4d4104b919:V1	LX-4d4104b919	תִּלְקֶה	2	FUT.2MSG|FUT.3FSG		False	PAAL
vocalized	LX-4d4104b919:V2	LX-4d4104b919	תִּלְקֶינָה	2	FUT.2FPL|FUT.3FPL		False	PAAL
vocalized	LX-4d5a535508:V1	LX-4d5a535508	תְּקַיֵּם	2	FUT.2MSG|FUT.3FSG		False	PIEL
vocalized	LX-4d5a535508:V2	LX-4d5a535508	תְּקַיֵּמְנָה	2	FUT.2FPL|FUT.3FPL		False	PIEL
vocalized	LX-4dbe934641:V1	LX-4dbe934641	תִּטַּע	2	FUT.2MSG|FUT.3FSG		False	PAAL
vocalized	LX-4dbe934641:V2	LX-4dbe934641	תִּטַּעְנָה	2	FUT.2FPL|FUT.3FPL		False	PAAL
vocalized	LX-4dfe7ffa33:V1	LX-4dfe7ffa33	הִתְחַנֵּךְ	2	PST.3MSG|IMP.2MSG	PST.3MSG	True	
vocalized	LX-4dfe7ffa33:V2	LX-4dfe7ffa33	הִתְחַנְּכוּ	2	PST.3PL|IMP.2MPL	PST.3PL	True	
vocalized	LX-4dfe7ffa33:V3	LX-4dfe7ffa33	תִּתְחַנֵּךְ	2	FUT.2MSG|FUT.3FSG		False	
vocalized	LX-4dfe7ffa33:V4	LX-4dfe7ffa33	תִּתְחַנֵּכְנָה	2	FUT.2FPL|FUT.3FPL		False	
vocalized	LX-4e306ea0a8:V1	LX-4e306ea0a8	הִתְקַהֵל	2	PST.3MSG|IMP.2MSG	PST.3MSG	True	
vocalized	LX-4e306ea0a8:V2	LX-4e306ea0a8	הִתְקַהֲלוּ	2	PST.3PL|IMP.2MPL	PST.3PL	True	
vocalized	LX-4e306ea0a8:V3	LX-4e306ea0a8	תִּתְקַהֵל	2	FUT.2MSG|FUT.3FSG		False	
vocalized	LX-4e306ea0a8:V4	LX-4e306ea0a8	תִּתְקַהֵלְנָה	2	FUT.2FPL|FUT.3FPL		False	
vocalized	LX-4e5da48139:V1	LX-4e5da48139	תִּצְפֶּה	2	FUT.2MSG|FUT.3FSG		False	PAAL
vocalized	LX-4e5da48139:V2	LX-4e5da48139	תִּצְפֶּינָה	2	FUT.2FPL|FUT.3FPL		False	PAAL
vocalized	LX-4eee71a503:V1	LX-4eee71a503	הִתְנוֹדֵד	2	PST.3MSG|IMP.2MSG	PST.3MSG	True	HITPAEL
vocalized	LX-4f44e4fd0c:V1	LX-4f44e4fd0c	תִּכְעַס	2	FUT.2MSG|FUT.3FSG		False	PAAL
vocalized	LX-4f44e4fd0c:V2	LX-4f44e4fd0c	תִּכְעַסְנָה	2	FUT.2FPL|FUT.3FPL		False	PAAL
vocalized	LX-4f4b2885d6:V1	LX-4f4b2885d6	תַּפְסִיד	2	FUT.2MSG|FUT.3FSG		False	HIFIL
vocalized	LX-4f4b2885d6:V2	LX-4f4b2885d6	תַּפְסֵדְנָה	2	FUT.2FPL|FUT.3FPL		False	HIFIL
vocalized	LX-4fcf5c1d32:V1	LX-4fcf5c1d32	הִתְלוֹצֵץ	2	PST.3MSG|IMP.2MSG	PST.3MSG	True	HITPAEL
vocalized	LX-4fd145b50b:V1	LX-4fd145b50b	תִּפְצַע	2	FUT.2MSG|FUT.3FSG		False	PAAL
vocalized	LX-4fd145b50b:V2	LX-4fd145b50b	תִּפְצַעְנָה	2	FUT.2FPL|FUT.3FPL		False	PAAL
vocalized	LX-505eab44cd:V1	LX-505eab44cd	הִתְוַכֵּחַ	2	PST.3MSG|IMP.2MSG	PST.3MSG	True	HITPAEL
vocalized	LX-505eab44cd:V2	LX-505eab44cd	הִתְוַכְּחוּ	2	PST.3PL|IMP.2MPL	PST.3PL	True	HITPAEL
vocalized	LX-505eab44cd:V3	LX-505eab44cd	תִּתְוַכֵּחַ	2	FUT.2MSG|FUT.3FSG		False	HITPAEL
vocalized	LX-505eab44cd:V4	LX-505eab44cd	תִּתְוַכַּחְנָה	2	FUT.2FPL|FUT.3FPL		False	HITPAEL
vocalized	LX-5066ee6f47:V1	LX-5066ee6f47	תִּתְבַּע	2	FUT.2MSG|FUT.3FSG		False	PAAL
vocalized	LX-5066ee6f47:V2	LX-5066ee6f47	תִּתְבַּעְנָה	2	FUT.2FPL|FUT.3FPL		False	PAAL
vocalized	LX-50b5f0bda2:V1	LX-50b5f0bda2	כָּבֵד	2	PST.3MSG|PRS.MSG	PST.3MSG	True	PAAL
vocalized	LX-50f7529e25:V1	LX-50f7529e25	תִּבֹּל	2	FUT.2MSG|FUT.3FSG		False	PAAL
vocalized	LX-50f7529e25:V2	LX-50f7529e25	תִּבֹּלְנָה	2	FUT.2FPL|FUT.3FPL		False	PAAL
vocalized	LX-5131dbb21d:V1	LX-5131dbb21d	שָׂשׂ	2	PST.3MSG|PRS.MSG	PST.3MSG	True	PAAL
vocalized	LX-5131dbb21d:V2	LX-5131dbb21d	שָׂשָׂה	2	PST.3FSG|PRS.FSG	PST.3FSG	True	PAAL
vocalized	LX-5131dbb21d:V3	LX-5131dbb21d	תָּשִׂישׂ	2	FUT.2MSG|FUT.3FSG		False	PAAL
vocalized	LX-5131dbb21d:V4	LX-5131dbb21d	תָּשֵׂשְׂנָה	2	FUT.2FPL|FUT.3FPL		False	PAAL
vocalized	LX-51429076b1:V1	LX-51429076b1	הִשְׁתַּלֵּט	2	PST.3MSG|IMP.2MSG	PST.3MSG	True	
vocalized	LX-51429076b1:V2	LX-51429076b1	הִשְׁתַּלְּטוּ	2	PST.3PL|IMP.2MPL	PST.3PL	True	
vocalized	LX-51429076b1:V3	LX-51429076b1	תִּשְׁתַּלֵּט	2	FUT.2MSG|FUT.3FSG		False	
vocalized	LX-51429076b1:V4	LX-51429076b1	תִּשְׁתַּלֵּטְנָה	2	FUT.2FPL|FUT.3FPL		False	
vocalized	LX-51e5f73ea3:V1	LX-51e5f73ea3	הוֹבִילוּ	2	PST.3PL|IMP.2MPL	PST.3PL	True	HIFIL
vocalized	LX-51e5f73ea3:V2	LX-51e5f73ea3	תּוֹבִיל	2	FUT.2MSG|FUT.3FSG		False	HIFIL
vocalized	LX-51e5f73ea3:V3	LX-51e5f73ea3	תּוֹבֵלְנָה	2	FUT.2FPL|FUT.3FPL		False	HIFIL
vocalized	LX-520a0e9752:V1	LX-520a0e9752	הִזְדַּקֵּן	2	PST.3MSG|IMP.2MSG	PST.3MSG	True	
vocalized	LX-520a0e9752:V2	LX-520a0e9752	הִזְדַּקְּנוּ	2	PST.3PL|IMP.2MPL	PST.3PL	True	
vocalized	LX-520a0e9752:V3	LX-520a0e9752	תִּזְדַּקֵּן	2	FUT.2MSG|FUT.3FSG		False	
vocalized	LX-520a0e9752:V4	LX-520a0e9752	תִּזְדַּקֵּנָּה	2	FUT.2FPL|FUT.3FPL		False	
vocalized	LX-5216072da6:V1	LX-5216072da6	תִּקָּבֵר	2	FUT.2MSG|FUT.3FSG		False	NIFAL
vocalized	LX-5216072da6:V2	LX-5216072da6	תִּקָּבֵרְנָה	2	FUT.2FPL|FUT.3FPL		False	NIFAL
vocalized	LX-52b035f5e4:V1	LX-52b035f5e4	תִּפְנֶה	2	FUT.2MSG|FUT.3FSG		False	PAAL
vocalized	LX-52b035f5e4:V2	LX-52b035f5e4	תִּפְנֶינָה	2	FUT.2FPL|FUT.3FPL		False	PAAL
vocalized	LX-5332a810c0:V1	LX-5332a810c0	תְּפַסֵּל	2	FUT.2MSG|FUT.3FSG		False	PIEL
vocalized	LX-5332a810c0:V2	LX-5332a810c0	תְּפַסֵּלְנָה	2	FUT.2FPL|FUT.3FPL		False	PIEL
vocalized	LX-53d478f095:V1	LX-53d478f095	תִּגָּאֵל	2	FUT.2MSG|FUT.3FSG		False	
vocalized	LX-53d478f095:V2	LX-53d478f095	תִּגָּאֵלְנָה	2	FUT.2FPL|FUT.3FPL		False	
vocalized	LX-549458f290:V1	LX-549458f290	הִתְאַרְגֵּן	2	PST.3MSG|IMP.2MSG	PST.3MSG	True	HITPAEL
vocalized	LX-549458f290:V2	LX-549458f290	הִתְאַרְגְּנוּ	2	PST.3PL|IMP.2MPL	PST.3PL	True	HITPAEL
vocalized	LX-549458f290:V3	LX-549458f290	תִּתְאַרְגֵּן	2	FUT.2MSG|FUT.3FSG		False	HITPAEL
vocalized	LX-549458f290:V4	LX-549458f290	תִּתְאַרְגֵּנָּה	2	FUT.2FPL|FUT.3FPL		False	HITPAEL
vocalized	LX-54ac4f3924:V1	LX-54ac4f3924	הִתְגַּלֵּחַ	2	PST.3MSG|IMP.2MSG	PST.3MSG	True	
vocalized	LX-54ac4f3924:V2	LX-54ac4f3924	הִתְגַּלְּחוּ	2	PST.3PL|IMP.2MPL	PST.3PL	True	
vocalized	LX-54ac4f3924:V3	LX-54ac4f3924	תִּתְגַּלֵּחַ	2	FUT.2MSG|FUT.3FSG		False	
vocalized	LX-54ac4f3924:V4	LX-54ac4f3924	תִּתְגַּלַּחְנָה	2	FUT.2FPL|FUT.3FPL		False	
vocalized	LX-54e68779c6:V1	LX-54e68779c6	תִּמָּלֵט	2	FUT.2MSG|FUT.3FSG		False	NIFAL
vocalized	LX-54e68779c6:V2	LX-54e68779c6	תִּמָּלֵטְנָה	2	FUT.2FPL|FUT.3FPL		False	NIFAL
vocalized	LX-55334cadd8:V1	LX-55334cadd8	תְּשֻׁמַּר	2	FUT.2MSG|FUT.3FSG		False	PUAL
vocalized	LX-55334cadd8:V2	LX-55334cadd8	תְּשֻׁמַּרְנָה	2	FUT.2FPL|FUT.3FPL		False	PUAL
vocalized	LX-5547676956:V1	LX-5547676956	תִּצְבָּא	2	FUT.2MSG|FUT.3FSG		False	PAAL
vocalized	LX-5547676956:V2	LX-5547676956	תִּצְבֶּאנָה	2	FUT.2FPL|FUT.3FPL		False	PAAL
vocalized	LX-5580082729:V1	LX-5580082729	תַּעֲדִיף	2	FUT.2MSG|FUT.3FSG		False	
vocalized	LX-5580082729:V2	LX-5580082729	תַּעֲדֵפְנָה	2	FUT.2FPL|FUT.3FPL		False	
vocalized	LX-559749a19d:V1	LX-559749a19d	תִּמְצָא	2	FUT.2MSG|FUT.3FSG		False	PAAL
vocalized	LX-559749a19d:V2	LX-559749a19d	תִּמְצֶאנָה	2	FUT.2FPL|FUT.3FPL		False	PAAL
vocalized	LX-55fca0f10e:V1	LX-55fca0f10e	תְּנַגֵּן	2	FUT.2MSG|FUT.3FSG		False	PIEL
vocalized	LX-55fca0f10e:V2	LX-55fca0f10e	תְּנַגֵּנָּה	2	FUT.2FPL|FUT.3FPL		False	PIEL
vocalized	LX-56094e9f5f:V1	LX-56094e9f5f	תִּקְצֹר	2	FUT.2MSG|FUT.3FSG		False	PAAL
vocalized	LX-56094e9f5f:V2	LX-56094e9f5f	תִּקְצֹרְנָה	2	FUT.2FPL|FUT.3FPL		False	PAAL
vocalized	LX-56d78a284e:V1	LX-56d78a284e	תַּתְקִין	2	FUT.2MSG|FUT.3FSG		False	HIFIL
vocalized	LX-56d78a284e:V2	LX-56d78a284e	תַּתְקֵנָּה	2	FUT.2FPL|FUT.3FPL		False	HIFIL
vocalized	LX-574a26d5e9:V1	LX-574a26d5e9	תֻּרְאֶה	2	FUT.2MSG|FUT.3FSG		False	
vocalized	LX-574a26d5e9:V2	LX-574a26d5e9	תֻּרְאֶינָה	2	FUT.2FPL|FUT.3FPL		False	
vocalized	LX-5769f7912b:V1	LX-5769f7912b	תְּשֻׁחְרַר	2	FUT.2MSG|FUT.3FSG		False	PUAL
vocalized	LX-5769f7912b:V2	LX-5769f7912b	תְּשֻׁחְרַרְנָה	2	FUT.2FPL|FUT.3FPL		False	PUAL
vocalized	LX-5796699888:V1	LX-5796699888	תִּגְמֹל	2	FUT.2MSG|FUT.3FSG		False	PAAL
vocalized	LX-5796699888:V2	LX-5796699888	תִּגְמֹלְנָה	2	FUT.2FPL|FUT.3FPL		False	PAAL
vocalized	LX-57bb45b232:V1	LX-57bb45b232	תְּגֹרַשׁ	2	FUT.2MSG|FUT.3FSG		False	PUAL
vocalized	LX-57bb45b232:V2	LX-57bb45b232	תְּגֹרַשְׁנָה	2	FUT.2FPL|FUT.3FPL		False	PUAL
vocalized	LX-57d102f7a1:V1	LX-57d102f7a1	תִּדְרֹשׁ	2	FUT.2MSG|FUT.3FSG		False	PAAL
vocalized	LX-57d102f7a1:V2	LX-57d102f7a1	תִּדְרֹשְׁנָה	2	FUT.2FPL|FUT.3FPL		False	PAAL
vocalized	LX-580a14db7b:V1	LX-580a14db7b	תֵּאָכֵף	2	FUT.2MSG|FUT.3FSG		False	NIFAL
vocalized	LX-580a14db7b:V2	LX-580a14db7b	תֵּאָכֵפְנָה	2	FUT.2FPL|FUT.3FPL		False	NIFAL
vocalized	LX-58393261d6:V1	LX-58393261d6	תְּשַׁנֶּה	2	FUT.2MSG|FUT.3FSG		False	PIEL
vocalized	LX-58393261d6:V2	LX-58393261d6	תְּשַׁנֶּינָה	2	FUT.2FPL|FUT.3FPL		False	PIEL
vocalized	LX-588d3f6399:V1	LX-588d3f6399	תְּפַטֵּר	2	FUT.2MSG|FUT.3FSG		False	PIEL
vocalized	LX-588d3f6399:V2	LX-588d3f6399	תְּפַטֵּרְנָה	2	FUT.2FPL|FUT.3FPL		False	PIEL
vocalized	LX-58d1c93420:V1	LX-58d1c93420	תְּגָרֵשׁ	2	FUT.2MSG|FUT.3FSG		False	PIEL
vocalized	LX-58d1c93420:V2	LX-58d1c93420	תְּגָרֵשְׁנָה	2	FUT.2FPL|FUT.3FPL		False	PIEL
vocalized	LX-58e6bb7696:V1	LX-58e6bb7696	הִתְקַשֵּׁר	2	PST.3MSG|IMP.2MSG	PST.3MSG	True	HITPAEL
vocalized	LX-58e6bb7696:V2	LX-58e6bb7696	הִתְקַשְּׁרוּ	2	PST.3PL|IMP.2MPL	PST.3PL	True	HITPAEL
vocalized	LX-58e6bb7696:V3	LX-58e6bb7696	תִּתְקַשֵּׁר	2	FUT.2MSG|FUT.3FSG		False	HITPAEL
vocalized	LX-58e6bb7696:V4	LX-58e6bb7696	תִּתְקַשֵּׁרְנָה	2	FUT.2FPL|FUT.3FPL		False	HITPAEL
vocalized	LX-5911285775:V1	LX-5911285775	תִּשְׁלֹף	2	FUT.2MSG|FUT.3FSG		False	PAAL
vocalized	LX-5911285775:V2	LX-5911285775	תִּשְׁלֹפְנָה	2	FUT.2FPL|FUT.3FPL		False	PAAL
vocalized	LX-5969287c64:V1	LX-5969287c64	תִּקְרַן	2	FUT.2MSG|FUT.3FSG		False	PAAL
vocalized	LX-5969287c64:V2	LX-5969287c64	תִּקְרַנָּה	2	FUT.2FPL|FUT.3FPL		False	PAAL
vocalized	LX-598169fddb:V1	LX-598169fddb	תָּחֵל	2	FUT.2MSG|FUT.3FSG		False	HIFIL
vocalized	LX-598169fddb:V2	LX-598169fddb	תָּחֵלְנָה	2	FUT.2FPL|FUT.3FPL		False	HIFIL
vocalized	LX-5987e4d604:V1	LX-5987e4d604	תַּגְבִּיל	2	FUT.2MSG|FUT.3FSG		False	
vocalized	LX-5987e4d604:V2	LX-5987e4d604	תַּגְבֵּלְנָה	2	FUT.2FPL|FUT.3FPL		False	
vocalized	LX-59eebdc538:V1	LX-59eebdc538	תָּשִׁיב	2	FUT.2MSG|FUT.3FSG		False	HIFIL
vocalized	LX-59eebdc538:V2	LX-59eebdc538	תָּשֵׁבְנָה	2	FUT.2FPL|FUT.3FPL		False	HIFIL
vocalized	LX-5a1b805acb:V1	LX-5a1b805acb	תְּאֻזְכַּר	2	FUT.2MSG|FUT.3FSG		False	
vocalized	LX-5a1b805acb:V2	LX-5a1b805acb	תְּאֻזְכַּרְנָה	2	FUT.2FPL|FUT.3FPL		False	
vocalized	LX-5a23bf0684:V1	LX-5a23bf0684	תּוּקַם	2	FUT.2MSG|FUT.3FSG		False	HUFAL
vocalized	LX-5a23bf0684:V2	LX-5a23bf0684	תּוּקַמְנָה	2	FUT.2FPL|FUT.3FPL		False	HUFAL
vocalized	LX-5a46a5b300:V1	LX-5a46a5b300	תְּקַנֵּא	2	FUT.2MSG|FUT.3FSG		False	PIEL
vocalized	LX-5a46a5b300:V2	LX-5a46a5b300	תְּקַנֶּאנָה	2	FUT.2FPL|FUT.3FPL		False	PIEL
vocalized	LX-5a82cc12e2:V1	LX-5a82cc12e2	הִסְתַּתֵּר	2	PST.3MSG|IMP.2MSG	PST.3MSG	True	HITPAEL
vocalized	LX-5a82cc12e2:V2	LX-5a82cc12e2	הִסְתַּתְּרוּ	2	PST.3PL|IMP.2MPL	PST.3PL	True	HITPAEL
vocalized	LX-5a82cc12e2:V3	LX-5a82cc12e2	תִּסְתַּתֵּר	2	FUT.2MSG|FUT.3FSG		False	HITPAEL
vocalized	LX-5a82cc12e2:V4	LX-5a82cc12e2	תִּסְתַּתֵּרְנָה	2	FUT.2FPL|FUT.3FPL		False	HITPAEL
vocalized	LX-5a85c74caf:V1	LX-5a85c74caf	הִתְחַשְׁמֵל	2	PST.3MSG|IMP.2MSG	PST.3MSG	True	HITPAEL
vocalized	LX-5a85c74caf:V2	LX-5a85c74caf	הִתְחַשְׁמְלוּ	2	PST.3PL|IMP.2MPL	PST.3PL	True	HITPAEL
vocalized	LX-5a85c74caf:V3	LX-5a85c74caf	תִּתְחַשְׁמֵל	2	FUT.2MSG|FUT.3FSG		False	HITPAEL
vocalized	LX-5a85c74caf:V4	LX-5a85c74caf	תִּתְחַשְׁמֵלְנָה	2	FUT.2FPL|FUT.3FPL		False	HITPAEL
vocalized	LX-5a876c8f8f:V1	LX-5a876c8f8f	תִּמְדֹּד	2	FUT.2MSG|FUT.3FSG		False	PAAL
vocalized	LX-5a876c8f8f:V2	LX-5a876c8f8f	תִּמְדֹּדְנָה	2	FUT.2FPL|FUT.3FPL		False	PAAL
vocalized	LX-5a8b7d9716:V1	LX-5a8b7d9716	תְּנַצֵּל	2	FUT.2MSG|FUT.3FSG		False	
vocalized	LX-5a8b7d9716:V2	LX-5a8b7d9716	תְּנַצֵּלְנָה	2	FUT.2FPL|FUT.3FPL		False	
vocalized	LX-5b11334936:V1	LX-5b11334936	תְּשַׁמֵּן	2	FUT.2MSG|FUT.3FSG		False	PIEL
vocalized	LX-5b11334936:V2	LX-5b11334936	תְּשַׁמֵּנָּה	2	FUT.2FPL|FUT.3FPL		False	PIEL
vocalized	LX-5b1273359d:V1	LX-5b1273359d	תֵּלֵךְ	2	FUT.2MSG|FUT.3FSG		False	PAAL
vocalized	LX-5b1273359d:V2	LX-5b1273359d	תֵּלֵכְנָה	2	FUT.2FPL|FUT.3FPL		False	PAAL
vocalized	LX-5b2d8a4c32:V1	LX-5b2d8a4c32	הִצְטַבְרֵחַ	2	PST.3MSG|IMP.2MSG	PST.3MSG	True	
vocalized	LX-5b2d8a4c32:V2	LX-5b2d8a4c32	הִצְטַבְרְחוּ	2	PST.3PL|IMP.2MPL	PST.3PL	True	
vocalized	LX-5b2d8a4c32:V3	LX-5b2d8a4c32	תִּצְטַבְרֵחַ	2	FUT.2MSG|FUT.3FSG		False	
vocalized	LX-5b2d8a4c32:V4	LX-5b2d8a4c32	תִּצְטַבְרַחְנָה	2	FUT.2FPL|FUT.3FPL		False	
vocalized	LX-5b7cb7882d:V1	LX-5b7cb7882d	תִּצְלַע	2	FUT.2MSG|FUT.3FSG		False	PAAL
vocalized	LX-5b7cb7882d:V2	LX-5b7cb7882d	תִּצְלַעְנָה	2	FUT.2FPL|FUT.3FPL		False	PAAL
vocalized	LX-5bafca005d:V1	LX-5bafca005d	תֹּאכַל	2	FUT.2MSG|FUT.3FSG		False	PAAL
vocalized	LX-5bafca005d:V2	LX-5bafca005d	תֹּאכַלְנָה	2	FUT.2FPL|FUT.3FPL		False	PAAL
vocalized	LX-5c64623cf2:V1	LX-5c64623cf2	תְּחַשֵּׁב	2	FUT.2MSG|FUT.3FSG		False	PIEL
vocalized	LX-5c64623cf2:V2	LX-5c64623cf2	תְּחַשֵּׁבְנָה	2	FUT.2FPL|FUT.3FPL		False	PIEL
vocalized	LX-5cf9adf740:V1	LX-5cf9adf740	תְּרַצֶּה	2	FUT.2MSG|FUT.3FSG		False	PIEL
vocalized	LX-5cf9adf740:V2	LX-5cf9adf740	תְּרַצֶּינָה	2	FUT.2FPL|FUT.3FPL		False	PIEL
vocalized	LX-5d26abed74:V1	LX-5d26abed74	הוֹכִיחוּ	2	PST.3PL|IMP.2MPL	PST.3PL	True	HIFIL
vocalized	LX-5d26abed74:V2	LX-5d26abed74	תּוֹכִיחַ	2	FUT.2MSG|FUT.3FSG		False	HIFIL
vocalized	LX-5d26abed74:V3	LX-5d26abed74	תּוֹכַחְנָה	2	FUT.2FPL|FUT.3FPL		False	HIFIL
vocalized	LX-5d28d2a61e:V1	LX-5d28d2a61e	תִּבְרַח	2	FUT.2MSG|FUT.3FSG		False	PAAL
vocalized	LX-5d28d2a61e:V2	LX-5d28d2a61e	תִּבְרַחְנָה	2	FUT.2FPL|FUT.3FPL		False	PAAL
vocalized	LX-5dd48a81da:V1	LX-5dd48a81da	תִּרְקַע	2	FUT.2MSG|FUT.3FSG		False	PAAL
vocalized	LX-5dd48a81da:V2	LX-5dd48a81da	תִּרְקַעְנָה	2	FUT.2FPL|FUT.3FPL		False	PAAL
vocalized	LX-5e2a89adb9:V1	LX-5e2a89adb9	תַּפְחִיד	2	FUT.2MSG|FUT.3FSG		False	
vocalized	LX-5e2a89adb9:V2	LX-5e2a89adb9	תַּפְחֵדְנָה	2	FUT.2FPL|FUT.3FPL		False	
vocalized	LX-5e44df6bb0:V1	LX-5e44df6bb0	הִשְׁתַּמֵּעַ	2	PST.3MSG|IMP.2MSG	PST.3MSG	True	HITPAEL
vocalized	LX-5e660f2389:V1	LX-5e660f2389	הִתְעַלֵּק	2	PST.3MSG|IMP.2MSG	PST.3MSG	True	HITPAEL
vocalized	LX-5ea2106684:V1	LX-5ea2106684	תְּאַחֵר	2	FUT.2MSG|FUT.3FSG		False	PIEL
vocalized	LX-5ea2106684:V2	LX-5ea2106684	תְּאַחֵרְנָה	2	FUT.2FPL|FUT.3FPL		False	PIEL
vocalized	LX-5f3a36b9a2:V1	LX-5f3a36b9a2	תְּשֻׁנֶּה	2	FUT.2MSG|FUT.3FSG		False	PUAL
vocalized	LX-5f3a36b9a2:V2	LX-5f3a36b9a2	תְּשֻׁנֶּינָה	2	FUT.2FPL|FUT.3FPL		False	PUAL
vocalized	LX-5f4ffeb810:V1	LX-5f4ffeb810	תְּדֻבַּר	2	FUT.2MSG|FUT.3FSG		False	PUAL
vocalized	LX-5f4ffeb810:V2	LX-5f4ffeb810	תְּדֻבַּרְנָה	2	FUT.2FPL|FUT.3FPL		False	PUAL
vocalized	LX-5f5844711c:V1	LX-5f5844711c	תְּפֻטַּר	2	FUT.2MSG|FUT.3FSG		False	PUAL
vocalized	LX-5f5844711c:V2	LX-5f5844711c	תְּפֻטַּרְנָה	2	FUT.2FPL|FUT.3FPL		False	PUAL
vocalized	LX-5fb21b61b7:V1	LX-5fb21b61b7	תְּסַיֵּע	2	FUT.2MSG|FUT.3FSG		False	PIEL
vocalized	LX-5fb21b61b7:V2	LX-5fb21b61b7	תְּסַיֵּעְנָה	2	FUT.2FPL|FUT.3FPL		False	PIEL
vocalized	LX-5fbefe15ca:V1	LX-5fbefe15ca	תַּפְסִיק	2	FUT.2MSG|FUT.3FSG		False	HIFIL
vocalized	LX-5fbefe15ca:V2	LX-5fbefe15ca	תַּפְסֵקְנָה	2	FUT.2FPL|FUT.3FPL		False	HIFIL
vocalized	LX-5fe4e85eb2:V1	LX-5fe4e85eb2	תִּקְטֹף	2	FUT.2MSG|FUT.3FSG		False	PAAL
vocalized	LX-5fe4e85eb2:V2	LX-5fe4e85eb2	תִּקְטֹפְנָה	2	FUT.2FPL|FUT.3FPL		False	PAAL
vocalized	LX-6006f30f19:V1	LX-6006f30f19	תָּזִיז	2	FUT.2MSG|FUT.3FSG		False	HIFIL
vocalized	LX-6006f30f19:V2	LX-6006f30f19	תָּזֵזְנָה	2	FUT.2FPL|FUT.3FPL		False	HIFIL
vocalized	LX-60079d536b:V1	LX-60079d536b	הִתְרַגֵּל	2	PST.3MSG|IMP.2MSG	PST.3MSG	True	
vocalized	LX-60079d536b:V2	LX-60079d536b	הִתְרַגְּלוּ	2	PST.3PL|IMP.2MPL	PST.3PL	True	
vocalized	LX-60079d536b:V3	LX-60079d536b	תִּתְרַגֵּל	2	FUT.2MSG|FUT.3FSG		False	
vocalized	LX-60079d536b:V4	LX-60079d536b	תִּתְרַגֵּלְנָה	2	FUT.2FPL|FUT.3FPL		False	
vocalized	LX-6056bed834:V1	LX-6056bed834	תְּרַסֵּס	2	FUT.2MSG|FUT.3FSG		False	
vocalized	LX-6056bed834:V2	LX-6056bed834	תְּרַסֵּסְנָה	2	FUT.2FPL|FUT.3FPL		False	
vocalized	LX-605a42ce47:V1	LX-605a42ce47	הוֹרִישׁוּ	2	PST.3PL|IMP.2MPL	PST.3PL	True	HIFIL
vocalized	LX-605a42ce47:V2	LX-605a42ce47	תּוֹרִישׁ	2	FUT.2MSG|FUT.3FSG		False	HIFIL
vocalized	LX-605a42ce47:V3	LX-605a42ce47	תּוֹרֵשְׁנָה	2	FUT.2FPL|FUT.3FPL		False	HIFIL
vocalized	LX-60815ced6b:V1	LX-60815ced6b	תַּכְעִיס	2	FUT.2MSG|FUT.3FSG		False	HIFIL
vocalized	LX-60815ced6b:V2	LX-60815ced6b	תַּכְעֵסְנָה	2	FUT.2FPL|FUT.3FPL		False	HIFIL
vocalized	LX-60f0688ef8:V1	LX-60f0688ef8	תְּסַכֵּךְ	2	FUT.2MSG|FUT.3FSG		False	PIEL
vocalized	LX-60f0688ef8:V2	LX-60f0688ef8	תְּסַכֵּכְנָה	2	FUT.2FPL|FUT.3FPL		False	PIEL
vocalized	LX-614ce13de3:V1	LX-614ce13de3	חוֹקֵק	2	PST.3MSG|IMP.2MSG	PST.3MSG	True	PIEL
vocalized	LX-614ce13de3:V2	LX-614ce13de3	חוֹקְקוּ	2	PST.3PL|IMP.2MPL	PST.3PL	True	PIEL
vocalized	LX-614ce13de3:V3	LX-614ce13de3	תְּחוֹקֵק	2	FUT.2MSG|FUT.3FSG		False	PIEL
vocalized	LX-614ce13de3:V4	LX-614ce13de3	תְּחוֹקֵקְנָה	2	FUT.2FPL|FUT.3FPL		False	PIEL
vocalized	LX-614f488b75:V1	LX-614f488b75	תִּרְעֶה	2	FUT.2MSG|FUT.3FSG		False	PAAL
vocalized	LX-614f488b75:V2	LX-614f488b75	תִּרְעֶינָה	2	FUT.2FPL|FUT.3FPL		False	PAAL
vocalized	LX-61535ef73a:V1	LX-61535ef73a	תְּקַנְטֵר	2	FUT.2MSG|FUT.3FSG		False	PIEL
vocalized	LX-61535ef73a:V2	LX-61535ef73a	תְּקַנְטֵרְנָה	2	FUT.2FPL|FUT.3FPL		False	PIEL
vocalized	LX-6165cd1c2a:V1	LX-6165cd1c2a	תְּדַבֵּר	2	FUT.2MSG|FUT.3FSG		False	PIEL
vocalized	LX-6165cd1c2a:V2	LX-6165cd1c2a	תְּדַבֵּרְנָה	2	FUT.2FPL|FUT.3FPL		False	PIEL
vocalized	LX-616836a354:V1	LX-616836a354	תְּפֻרְסַם	2	FUT.2MSG|FUT.3FSG		False	PUAL
vocalized	LX-616836a354:V2	LX-616836a354	תְּפֻרְסַמְנָה	2	FUT.2FPL|FUT.3FPL		False	PUAL
vocalized	LX-616f0e955d:V1	LX-616f0e955d	תִּצֹּר	2	FUT.2MSG|FUT.3FSG		False	PAAL
vocalized	LX-616f0e955d:V2	LX-616f0e955d	תִּצֹּרְנָה	2	FUT.2FPL|FUT.3FPL		False	PAAL
vocalized	LX-618c338ae7:V1	LX-618c338ae7	תְּקַטֵּר	2	FUT.2MSG|FUT.3FSG		False	PIEL
vocalized	LX-618c338ae7:V2	LX-618c338ae7	תְּקַטֵּרְנָה	2	FUT.2FPL|FUT.3FPL		False	PIEL
vocalized	LX-6192a7a203:V1	LX-6192a7a203	תַּצְחִיק	2	FUT.2MSG|FUT.3FSG		False	HIFIL
vocalized	LX-6192a7a203:V2	LX-6192a7a203	תַּצְחֵקְנָה	2	FUT.2FPL|FUT.3FPL		False	HIFIL
vocalized	LX-61a7d64f3c:V1	LX-61a7d64f3c	תְּשַׁלֵּחַ	2	FUT.2MSG|FUT.3FSG		False	PIEL
vocalized	LX-61a7d64f3c:V2	LX-61a7d64f3c	תְּשַׁלַּחְנָה	2	FUT.2FPL|FUT.3FPL		False	PIEL
vocalized	LX-61c4cdd43a:V1	LX-61c4cdd43a	הִתְוַדֵּעַ	2	PST.3MSG|IMP.2MSG	PST.3MSG	True	HITPAEL
vocalized	LX-61da2d7d4b:V1	LX-61da2d7d4b	תַּרְשִׁים	2	FUT.2MSG|FUT.3FSG		False	HIFIL
vocalized	LX-61da2d7d4b:V2	LX-61da2d7d4b	תַּרְשֵׁמְנָה	2	FUT.2FPL|FUT.3FPL		False	HIFIL
vocalized	LX-61f287b1a3:V1	LX-61f287b1a3	הִצְטַעֵר	2	PST.3MSG|IMP.2MSG	PST.3MSG	True	HITPAEL
vocalized	LX-61f287b1a3:V2	LX-61f287b1a3	הִצְטַעֲרוּ	2	PST.3PL|IMP.2MPL	PST.3PL	True	HITPAEL
vocalized	LX-61f287b1a3:V3	LX-61f287b1a3	תִּצְטַעֵר	2	FUT.2MSG|FUT.3FSG		False	HITPAEL
vocalized	LX-61f287b1a3:V4	LX-61f287b1a3	תִּצְטַעֵרְנָה	2	FUT.2FPL|FUT.3FPL		False	HITPAEL
vocalized	LX-6302ea5da3:V1	LX-6302ea5da3	אוֹר	3	PST.3MSG|PRS.MSG|IMP.2MSG	PST.3MSG	True	PAAL
vocalized	LX-6302ea5da3:V2	LX-6302ea5da3	אוֹרָה	2	PST.3FSG|PRS.FSG	PST.3FSG	True	PAAL
vocalized	LX-6302ea5da3:V3	LX-6302ea5da3	אוֹרוּ	2	PST.3PL|IMP.2MPL	PST.3PL	True	PAAL
vocalized	LX-6302ea5da3:V4	LX-6302ea5da3	תֵּאוֹר	2	FUT.2MSG|FUT.3FSG		False	PAAL
vocalized	LX-6302ea5da3:V5	LX-6302ea5da3	תֵּאֹרְנָה	2	FUT.2FPL|FUT.3FPL		False	PAAL
vocalized	LX-63942d7ff8:V1	LX-63942d7ff8	נָע	2	PST.3MSG|PRS.MSG	PST.3MSG	True	PAAL
vocalized	LX-63942d7ff8:V2	LX-63942d7ff8	נָעָה	2	PST.3FSG|PRS.FSG	PST.3FSG	True	PAAL
vocalized	LX-63942d7ff8:V3	LX-63942d7ff8	תָּנוּעַ	2	FUT.2MSG|FUT.3FSG		False	PAAL
vocalized	LX-63942d7ff8:V4	LX-63942d7ff8	תָּנַעְנָה	2	FUT.2FPL|FUT.3FPL		False	PAAL
vocalized	LX-63ce11f077:V1	LX-63ce11f077	תַּזִּיעַ	2	FUT.2MSG|FUT.3FSG		False	HIFIL
vocalized	LX-63ce11f077:V2	LX-63ce11f077	תַּזַּעְנָה	2	FUT.2FPL|FUT.3FPL		False	HIFIL
vocalized	LX-63dde3ef4d:V1	LX-63dde3ef4d	תִּקְרַע	2	FUT.2MSG|FUT.3FSG		False	PAAL
vocalized	LX-63dde3ef4d:V2	LX-63dde3ef4d	תִּקְרַעְנָה	2	FUT.2FPL|FUT.3FPL		False	PAAL
vocalized	LX-63e03e9768:V1	LX-63e03e9768	תְּרַפֵּא	2	FUT.2MSG|FUT.3FSG		False	PIEL
vocalized	LX-63e03e9768:V2	LX-63e03e9768	תְּרַפֶּאנָה	2	FUT.2FPL|FUT.3FPL		False	PIEL
vocalized	LX-63e472a7fb:V1	LX-63e472a7fb	תְּדַכֵּא	2	FUT.2MSG|FUT.3FSG		False	PIEL
vocalized	LX-63e472a7fb:V2	LX-63e472a7fb	תְּדַכֶּאנָה	2	FUT.2FPL|FUT.3FPL		False	PIEL
vocalized	LX-63fbaf3997:V1	LX-63fbaf3997	תִּתְפֹּס	2	FUT.2MSG|FUT.3FSG		False	PAAL
vocalized	LX-63fbaf3997:V2	LX-63fbaf3997	תִּתְפֹּסְנָה	2	FUT.2FPL|FUT.3FPL		False	PAAL
vocalized	LX-63fea149d4:V1	LX-63fea149d4	תַּשְׁלִיךְ	2	FUT.2MSG|FUT.3FSG		False	HIFIL
vocalized	LX-63fea149d4:V2	LX-63fea149d4	תַּשְׁלֵכְנָה	2	FUT.2FPL|FUT.3FPL		False	HIFIL
vocalized	LX-64be2b7b0e:V1	LX-64be2b7b0e	תַּעֲטֶה	2	FUT.2MSG|FUT.3FSG		False	PAAL
vocalized	LX-64be2b7b0e:V2	LX-64be2b7b0e	תַּעֲטֶינָה	2	FUT.2FPL|FUT.3FPL		False	PAAL
vocalized	LX-64f0bf6e84:V1	LX-64f0bf6e84	תִּרְחַץ	2	FUT.2MSG|FUT.3FSG		False	PAAL
vocalized	LX-64f0bf6e84:V2	LX-64f0bf6e84	תִּרְחַצְנָה	2	FUT.2FPL|FUT.3FPL		False	PAAL
vocalized	LX-64f2d1b9b5:V1	LX-64f2d1b9b5	תַּעֲקֹד	2	FUT.2MSG|FUT.3FSG		False	PAAL
vocalized	LX-64f2d1b9b5:V2	LX-64f2d1b9b5	תַּעֲקֹדְנָה	2	FUT.2FPL|FUT.3FPL		False	PAAL
vocalized	LX-662bb44764:V1	LX-662bb44764	הִתְאַהֵב	2	PST.3MSG|IMP.2MSG	PST.3MSG	True	HITPAEL
vocalized	LX-662bb44764:V2	LX-662bb44764	הִתְאַהֲבוּ	2	PST.3PL|IMP.2MPL	PST.3PL	True	HITPAEL
vocalized	LX-662bb44764:V3	LX-662bb44764	תִּתְאַהֵב	2	FUT.2MSG|FUT.3FSG		False	HITPAEL
vocalized	LX-662bb44764:V4	LX-662bb44764	תִּתְאַהֵבְנָה	2	FUT.2FPL|FUT.3FPL		False	HITPAEL
vocalized	LX-66f2569f15:V1	LX-66f2569f15	תִּגַּהּ	2	FUT.2MSG|FUT.3FSG		False	PAAL
vocalized	LX-66f2569f15:V2	LX-66f2569f15	תִּגַּהְנָה	2	FUT.2FPL|FUT.3FPL		False	PAAL
vocalized	LX-6703d1bf91:V1	LX-6703d1bf91	תִּתְרֹם	2	FUT.2MSG|FUT.3FSG		False	PAAL
vocalized	LX-6703d1bf91:V2	LX-6703d1bf91	תִּתְרֹמְנָה	2	FUT.2FPL|FUT.3FPL		False	PAAL
vocalized	LX-675c10f4a7:V1	LX-675c10f4a7	תְּטֻנַּף	2	FUT.2MSG|FUT.3FSG		False	PUAL
vocalized	LX-675c10f4a7:V2	LX-675c10f4a7	תְּטֻנַּפְנָה	2	FUT.2FPL|FUT.3FPL		False	PUAL
vocalized	LX-6777e52d42:V1	LX-6777e52d42	תְּפַצֶּה	2	FUT.2MSG|FUT.3FSG		False	PIEL
vocalized	LX-6777e52d42:V2	LX-6777e52d42	תְּפַצֶּינָה	2	FUT.2FPL|FUT.3FPL		False	PIEL
vocalized	LX-67c9dc861d:V1	LX-67c9dc861d	תַּבְלִיעַ	2	FUT.2MSG|FUT.3FSG		False	
vocalized	LX-67c9dc861d:V2	LX-67c9dc861d	תַּבְלַעְנָה	2	FUT.2FPL|FUT.3FPL		False	
vocalized	LX-67d6ca1efe:V1	LX-67d6ca1efe	תְּרֻפָּא	2	FUT.2MSG|FUT.3FSG		False	
vocalized	LX-67d6ca1efe:V2	LX-67d6ca1efe	תְּרֻפֶּאנָה	2	FUT.2FPL|FUT.3FPL		False	
vocalized	LX-67def93c2e:V1	LX-67def93c2e	תְּחַלֵּל	2	FUT.2MSG|FUT.3FSG		False	PIEL
vocalized	LX-67def93c2e:V2	LX-67def93c2e	תְּחַלֵּלְנָה	2	FUT.2FPL|FUT.3FPL		False	PIEL
vocalized	LX-67dfe7696c:V1	LX-67dfe7696c	תְּסַבְּסֵד	2	FUT.2MSG|FUT.3FSG		False	PIEL
vocalized	LX-67dfe7696c:V2	LX-67dfe7696c	תְּסַבְּסֵדְנָה	2	FUT.2FPL|FUT.3FPL		False	PIEL
vocalized	LX-683e9fe7de:V1	LX-683e9fe7de	קַל	3	PST.3MSG|PRS.MSG|IMP.2MSG	PST.3MSG	True	PAAL
vocalized	LX-68486119bb:V1	LX-68486119bb	תִּשְׂבַּע	2	FUT.2MSG|FUT.3FSG		False	PAAL
vocalized	LX-68486119bb:V2	LX-68486119bb	תִּשְׂבַּעְנָה	2	FUT.2FPL|FUT.3FPL		False	PAAL
vocalized	LX-685d8477f8:V1	LX-685d8477f8	תָּר	2	PST.3MSG|PRS.MSG	PST.3MSG	True	PAAL
vocalized	LX-685d8477f8:V2	LX-685d8477f8	תָּרָה	2	PST.3FSG|PRS.FSG	PST.3FSG	True	PAAL
vocalized	LX-685d8477f8:V3	LX-685d8477f8	תָּתוּר	2	FUT.2MSG|FUT.3FSG		False	PAAL
vocalized	LX-685d8477f8:V4	LX-685d8477f8	תָּתֹרְנָה	2	FUT.2FPL|FUT.3FPL		False	PAAL
vocalized	LX-68707e7af8:V1	LX-68707e7af8	תְּנַחֵשׁ	2	FUT.2MSG|FUT.3FSG		False	PIEL
vocalized	LX-68707e7af8:V2	LX-68707e7af8	תְּנַחֵשְׁנָה	2	FUT.2FPL|FUT.3FPL		False	PIEL
vocalized	LX-68c5c9f516:V1	LX-68c5c9f516	תְּחַטֵּא	2	FUT.2MSG|FUT.3FSG		False	
vocalized	LX-68c5c9f516:V2	LX-68c5c9f516	תְּחַטֶּאנָה	2	FUT.2FPL|FUT.3FPL		False	
vocalized	LX-68f4d3f8ce:V1	LX-68f4d3f8ce	תְּעַלֵּף	2	FUT.2MSG|FUT.3FSG		False	
vocalized	LX-68f4d3f8ce:V2	LX-68f4d3f8ce	תְּעַלֵּפְנָה	2	FUT.2FPL|FUT.3FPL		False	
vocalized	LX-6920078ed1:V1	LX-6920078ed1	תִּשְׂנָא	2	FUT.2MSG|FUT.3FSG		False	PAAL
vocalized	LX-6920078ed1:V2	LX-6920078ed1	תִּשְׂנֶאנָה	2	FUT.2FPL|FUT.3FPL		False	PAAL
vocalized	LX-69c35ed59d:V1	LX-69c35ed59d	תְּקַבֵּעַ	2	FUT.2MSG|FUT.3FSG		False	PIEL
vocalized	LX-69c35ed59d:V2	LX-69c35ed59d	תְּקַבַּעְנָה	2	FUT.2FPL|FUT.3FPL		False	PIEL
vocalized	LX-6a29cabe35:V1	LX-6a29cabe35	תֵּצֵא	2	FUT.2MSG|FUT.3FSG		False	PAAL
vocalized	LX-6a29cabe35:V2	LX-6a29cabe35	תֵּצֶאנָה	2	FUT.2FPL|FUT.3FPL		False	PAAL
vocalized	LX-6a5d73ad1f:V1	LX-6a5d73ad1f	תְּגָרֶה	2	FUT.2MSG|FUT.3FSG		False	PIEL
vocalized	LX-6a5d73ad1f:V2	LX-6a5d73ad1f	תְּגָרֶינָה	2	FUT.2FPL|FUT.3FPL		False	PIEL
vocalized	LX-6a7f3978c3:V1	LX-6a7f3978c3	תִּוָּצֵר	2	FUT.2MSG|FUT.3FSG		False	NIFAL
vocalized	LX-6a8efafe61:V1	LX-6a8efafe61	תָּפִיץ	2	FUT.2MSG|FUT.3FSG		False	
vocalized	LX-6a8efafe61:V2	LX-6a8efafe61	תָּפֵצְנָה	2	FUT.2FPL|FUT.3FPL		False	
vocalized	LX-6a99ad64fb:V1	LX-6a99ad64fb	הִשְׁתַּתֵּף	2	PST.3MSG|IMP.2MSG	PST.3MSG	True	HITPAEL
vocalized	LX-6a99ad64fb:V2	LX-6a99ad64fb	הִשְׁתַּתְּפוּ	2	PST.3PL|IMP.2MPL	PST.3PL	True	HITPAEL
vocalized	LX-6a99ad64fb:V3	LX-6a99ad64fb	תִּשְׁתַּתֵּף	2	FUT.2MSG|FUT.3FSG		False	HITPAEL
vocalized	LX-6a99ad64fb:V4	LX-6a99ad64fb	תִּשְׁתַּתֵּפְנָה	2	FUT.2FPL|FUT.3FPL		False	HITPAEL
vocalized	LX-6b0d107388:V1	LX-6b0d107388	תַּצְלִיחַ	2	FUT.2MSG|FUT.3FSG		False	HIFIL
vocalized	LX-6b0d107388:V2	LX-6b0d107388	תַּצְלַחְנָה	2	FUT.2FPL|FUT.3FPL		False	HIFIL
vocalized	LX-6b26f6ae8c:V1	LX-6b26f6ae8c	תִּנְשֹׁם	2	FUT.2MSG|FUT.3FSG		False	PAAL
vocalized	LX-6b26f6ae8c:V2	LX-6b26f6ae8c	תִּנְשֹׁמְנָה	2	FUT.2FPL|FUT.3FPL		False	PAAL
vocalized	LX-6b83b9c2bd:V1	LX-6b83b9c2bd	תְּגַלֵּחַ	2	FUT.2MSG|FUT.3FSG		False	PIEL
vocalized	LX-6b83b9c2bd:V2	LX-6b83b9c2bd	תְּגַלַּחְנָה	2	FUT.2FPL|FUT.3FPL		False	PIEL
vocalized	LX-6b869159a4:V1	LX-6b869159a4	תַּשִּׂיג	2	FUT.2MSG|FUT.3FSG		False	HIFIL
vocalized	LX-6b869159a4:V2	LX-6b869159a4	תַּשֵּׂגְנָה	2	FUT.2FPL|FUT.3FPL		False	HIFIL
vocalized	LX-6b94440c9f:V1	LX-6b94440c9f	תֵּהָרֵג	2	FUT.2MSG|FUT.3FSG		False	NIFAL
vocalized	LX-6b94440c9f:V2	LX-6b94440c9f	תֵּהָרֵגְנָה	2	FUT.2FPL|FUT.3FPL		False	NIFAL
vocalized	LX-6baa3bd5bc:V1	LX-6baa3bd5bc	נָכוֹן	2	PST.3MSG|PRS.MSG	PST.3MSG	True	NIFAL
vocalized	LX-6bdcd8bb1b:V1	LX-6bdcd8bb1b	תְּפֻשַּׁט	2	FUT.2MSG|FUT.3FSG		False	PUAL
vocalized	LX-6bdcd8bb1b:V2	LX-6bdcd8bb1b	תְּפֻשַּׁטְנָה	2	FUT.2FPL|FUT.3FPL		False	PUAL
vocalized	LX-6c1729499c:V1	LX-6c1729499c	בָּן	2	PST.3MSG|PRS.MSG	PST.3MSG	True	PAAL
vocalized	LX-6c1729499c:V2	LX-6c1729499c	בָּנָה	2	PST.3FSG|PRS.FSG	PST.3FSG	True	PAAL
vocalized	LX-6c1729499c:V3	LX-6c1729499c	תָּבִין	2	FUT.2MSG|FUT.3FSG		False	PAAL
vocalized	LX-6c1729499c:V4	LX-6c1729499c	תָּבֵנָּה	2	FUT.2FPL|FUT.3FPL		False	PAAL
vocalized	LX-6c9df5203f:V1	LX-6c9df5203f	הִתְחַבֵּא	2	PST.3MSG|IMP.2MSG	PST.3MSG	True	
vocalized	LX-6c9df5203f:V2	LX-6c9df5203f	הִתְחַבְּאוּ	2	PST.3PL|IMP.2MPL	PST.3PL	True	
vocalized	LX-6c9df5203f:V3	LX-6c9df5203f	תִּתְחַבֵּא	2	FUT.2MSG|FUT.3FSG		False	
vocalized	LX-6c9df5203f:V4	LX-6c9df5203f	תִּתְחַבֶּאנָה	2	FUT.2FPL|FUT.3FPL		False	
vocalized	LX-6caaa1a224:V1	LX-6caaa1a224	תִּבְעַט	2	FUT.2MSG|FUT.3FSG		False	PAAL
vocalized	LX-6caaa1a224:V2	LX-6caaa1a224	תִּבְעַטְנָה	2	FUT.2FPL|FUT.3FPL		False	PAAL
vocalized	LX-6ce2aab235:V1	LX-6ce2aab235	תְּסֻנְכְרַן	2	FUT.2MSG|FUT.3FSG		False	
vocalized	LX-6ce2aab235:V2	LX-6ce2aab235	תְּסֻנְכְרַנָּה	2	FUT.2FPL|FUT.3FPL		False	
vocalized	LX-6ce95ca814:V1	LX-6ce95ca814	תִּגְרֹב	2	FUT.2MSG|FUT.3FSG		False	PAAL
vocalized	LX-6ce95ca814:V2	LX-6ce95ca814	תִּגְרֹבְנָה	2	FUT.2FPL|FUT.3FPL		False	PAAL
vocalized	LX-6d31183415:V1	LX-6d31183415	תֵּרֵד	2	FUT.2MSG|FUT.3FSG		False	PAAL
vocalized	LX-6d31183415:V2	LX-6d31183415	תֵּרֵדְנָה	2	FUT.2FPL|FUT.3FPL		False	PAAL
vocalized	LX-6d4848df9d:V1	LX-6d4848df9d	תָּקֵר	2	FUT.2MSG|FUT.3FSG		False	HIFIL
vocalized	LX-6d4848df9d:V2	LX-6d4848df9d	תָּקֵרְנָה	2	FUT.2FPL|FUT.3FPL		False	HIFIL
vocalized	LX-6d49275d16:V1	LX-6d49275d16	תִּטְעַם	2	FUT.2MSG|FUT.3FSG		False	PAAL
vocalized	LX-6d49275d16:V2	LX-6d49275d16	תִּטְעַמְנָה	2	FUT.2FPL|FUT.3FPL		False	PAAL
vocalized	LX-6d612f84c0:V1	LX-6d612f84c0	תָּעֵז	2	FUT.2MSG|FUT.3FSG		False	HIFIL
vocalized	LX-6d612f84c0:V2	LX-6d612f84c0	תָּעֵזְנָה	2	FUT.2FPL|FUT.3FPL		False	HIFIL
vocalized	LX-6d643f462e:V1	LX-6d643f462e	הִתְרַגֵּשׁ	2	PST.3MSG|IMP.2MSG	PST.3MSG	True	HITPAEL
vocalized	LX-6d643f462e:V2	LX-6d643f462e	הִתְרַגְּשׁוּ	2	PST.3PL|IMP.2MPL	PST.3PL	True	HITPAEL
vocalized	LX-6d643f462e:V3	LX-6d643f462e	תִּתְרַגֵּשׁ	2	FUT.2MSG|FUT.3FSG		False	HITPAEL
vocalized	LX-6d643f462e:V4	LX-6d643f462e	תִּתְרַגֵּשְׁנָה	2	FUT.2FPL|FUT.3FPL		False	HITPAEL
vocalized	LX-6d85cac134:V1	LX-6d85cac134	תַּצְבִּיעַ	2	FUT.2MSG|FUT.3FSG		False	HIFIL
vocalized	LX-6d85cac134:V2	LX-6d85cac134	תַּצְבַּעְנָה	2	FUT.2FPL|FUT.3FPL		False	HIFIL
vocalized	LX-6dcf6c9b9d:V1	LX-6dcf6c9b9d	הִתַּמֵּם	2	PST.3MSG|IMP.2MSG	PST.3MSG	True	HITPAEL
vocalized	LX-6df509260e:V1	LX-6df509260e	תְּפַקֵּד	2	FUT.2MSG|FUT.3FSG		False	PIEL
vocalized	LX-6df509260e:V2	LX-6df509260e	תְּפַקֵּדְנָה	2	FUT.2FPL|FUT.3FPL		False	PIEL
vocalized	LX-6e20d2b2c4:V1	LX-6e20d2b2c4	תִּידֶה	2	FUT.2MSG|FUT.3FSG		False	PAAL
vocalized	LX-6e20d2b2c4:V2	LX-6e20d2b2c4	תִּידֶינָה	2	FUT.2FPL|FUT.3FPL		False	PAAL
vocalized	LX-6e4190a5e7:V1	LX-6e4190a5e7	תִּקְרֶה	2	FUT.2MSG|FUT.3FSG		False	PAAL
vocalized	LX-6e4190a5e7:V2	LX-6e4190a5e7	תִּקְרֶינָה	2	FUT.2FPL|FUT.3FPL		False	PAAL
vocalized	LX-6e9f9920dc:V1	LX-6e9f9920dc	מוֹתֵת	2	PST.3MSG|IMP.2MSG	PST.3MSG	True	PIEL
vocalized	LX-6ed9158543:V1	LX-6ed9158543	תַּרְבֶּה	2	FUT.2MSG|FUT.3FSG		False	HIFIL
vocalized	LX-6ed9158543:V2	LX-6ed9158543	תַּרְבֶּינָה	2	FUT.2FPL|FUT.3FPL		False	HIFIL
vocalized	LX-6ee86465c8:V1	LX-6ee86465c8	סָר	2	PST.3MSG|PRS.MSG	PST.3MSG	True	PAAL
vocalized	LX-6ee86465c8:V2	LX-6ee86465c8	סָרָה	2	PST.3FSG|PRS.FSG	PST.3FSG	True	PAAL
vocalized	LX-6ee86465c8:V3	LX-6ee86465c8	תָּסוּר	2	FUT.2MSG|FUT.3FSG		False	PAAL
vocalized	LX-6ee86465c8:V4	LX-6ee86465c8	תָּסֹרְנָה	2	FUT.2FPL|FUT.3FPL		False	PAAL
vocalized	LX-6f0d46ab71:V1	LX-6f0d46ab71	הִתְנַסּוּ	2	PST.3PL|IMP.2MPL	PST.3PL	True	
vocalized	LX-6f0d46ab71:V2	LX-6f0d46ab71	תִּתְנַסֶּה	2	FUT.2MSG|FUT.3FSG		False	
vocalized	LX-6f0d46ab71:V3	LX-6f0d46ab71	תִּתְנַסֶּינָה	2	FUT.2FPL|FUT.3FPL		False	
vocalized	LX-6f25d226a9:V1	LX-6f25d226a9	הִתְקַלְקֵל	2	PST.3MSG|IMP.2MSG	PST.3MSG	True	
vocalized	LX-6f25d226a9:V2	LX-6f25d226a9	הִתְקַלְקְלוּ	2	PST.3PL|IMP.2MPL	PST.3PL	True	
vocalized	LX-6f25d226a9:V3	LX-6f25d226a9	תִּתְקַלְקֵל	2	FUT.2MSG|FUT.3FSG		False	
vocalized	LX-6f25d226a9:V4	LX-6f25d226a9	תִּתְקַלְקֵלְנָה	2	FUT.2FPL|FUT.3FPL		False	
vocalized	LX-6f3c35b207:V1	LX-6f3c35b207	תְּדַמֵּם	2	FUT.2MSG|FUT.3FSG		False	PIEL
vocalized	LX-6f3c35b207:V2	LX-6f3c35b207	תְּדַמֵּמְנָה	2	FUT.2FPL|FUT.3FPL		False	PIEL
vocalized	LX-6f57e0f547:V1	LX-6f57e0f547	תַּעֲרֹב	2	FUT.2MSG|FUT.3FSG		False	PAAL
vocalized	LX-6f57e0f547:V2	LX-6f57e0f547	תַּעֲרֹבְנָה	2	FUT.2FPL|FUT.3FPL		False	PAAL
vocalized	LX-6fb768555a:V1	LX-6fb768555a	תָּרֵעַ	2	FUT.2MSG|FUT.3FSG		False	HIFIL
vocalized	LX-6fb768555a:V2	LX-6fb768555a	תָּרַעְנָה	2	FUT.2FPL|FUT.3FPL		False	HIFIL
vocalized	LX-704e73012f:V1	LX-704e73012f	תִּשָּׁבֵר	2	FUT.2MSG|FUT.3FSG		False	NIFAL
vocalized	LX-704e73012f:V2	LX-704e73012f	תִּשָּׁבֵרְנָה	2	FUT.2FPL|FUT.3FPL		False	NIFAL
vocalized	LX-70571d1b99:V1	LX-70571d1b99	תַּפִּיל	2	FUT.2MSG|FUT.3FSG		False	HIFIL
vocalized	LX-70571d1b99:V2	LX-70571d1b99	תַּפֵּלְנָה	2	FUT.2FPL|FUT.3FPL		False	HIFIL
vocalized	LX-70b2fa5dd7:V1	LX-70b2fa5dd7	תְּרַמֶּה	2	FUT.2MSG|FUT.3FSG		False	PIEL
vocalized	LX-70b2fa5dd7:V2	LX-70b2fa5dd7	תְּרַמֶּינָה	2	FUT.2FPL|FUT.3FPL		False	PIEL
vocalized	LX-7121c772bf:V1	LX-7121c772bf	תֵּרָגַע	2	FUT.2MSG|FUT.3FSG		False	
vocalized	LX-7121c772bf:V2	LX-7121c772bf	תֵּרָגַעְנָה	2	FUT.2FPL|FUT.3FPL		False	
vocalized	LX-71245d7de6:V1	LX-71245d7de6	תּוּסַב	2	FUT.2MSG|FUT.3FSG		False	HUFAL
vocalized	LX-71245d7de6:V2	LX-71245d7de6	תּוּסַבְנָה	2	FUT.2FPL|FUT.3FPL		False	HUFAL
vocalized	LX-71b1aa15b2:V1	LX-71b1aa15b2	נִכְוֵית	2	PST.2FSG|PRS.FSG	PST.2FSG	True	
vocalized	LX-71b1aa15b2:V2	LX-71b1aa15b2	תִּכָּוֶה	2	FUT.2MSG|FUT.3FSG		False	
vocalized	LX-71b1aa15b2:V3	LX-71b1aa15b2	תִּכָּוֶינָה	2	FUT.2FPL|FUT.3FPL		False	
vocalized	LX-71e732f9a4:V1	LX-71e732f9a4	תִּגְבַּר	2	FUT.2MSG|FUT.3FSG		False	PAAL
vocalized	LX-71e732f9a4:V2	LX-71e732f9a4	תִּגְבַּרְנָה	2	FUT.2FPL|FUT.3FPL		False	PAAL
vocalized	LX-722e83ef24:V1	LX-722e83ef24	תַּקְבִּיל	2	FUT.2MSG|FUT.3FSG		False	
vocalized	LX-722e83ef24:V2	LX-722e83ef24	תַּקְבֵּלְנָה	2	FUT.2FPL|FUT.3FPL		False	
vocalized	LX-725def3fd4:V1	LX-725def3fd4	קַד	2	PST.3MSG|PRS.MSG	PST.3MSG	True	PAAL
vocalized	LX-7267c4c04d:V1	LX-7267c4c04d	תְּמַיֵּן	2	FUT.2MSG|FUT.3FSG		False	PIEL
vocalized	LX-7267c4c04d:V2	LX-7267c4c04d	תְּמַיֵּנָּה	2	FUT.2FPL|FUT.3FPL		False	PIEL
vocalized	LX-727540bcfc:V1	LX-727540bcfc	תִּדְרֹךְ	2	FUT.2MSG|FUT.3FSG		False	PAAL
vocalized	LX-727540bcfc:V2	LX-727540bcfc	תִּדְרֹכְנָה	2	FUT.2FPL|FUT.3FPL		False	PAAL
vocalized	LX-72853ec929:V1	LX-72853ec929	הוֹצִיאוּ	2	PST.3PL|IMP.2MPL	PST.3PL	True	HIFIL
vocalized	LX-72853ec929:V2	LX-72853ec929	תּוֹצִיא	2	FUT.2MSG|FUT.3FSG		False	HIFIL
vocalized	LX-72853ec929:V3	LX-72853ec929	תּוֹצֶאנָה	2	FUT.2FPL|FUT.3FPL		False	HIFIL
vocalized	LX-731f551e05:V1	LX-731f551e05	תָּגֵן	2	FUT.2MSG|FUT.3FSG		False	HIFIL
vocalized	LX-731f551e05:V2	LX-731f551e05	תָּגֵנָּה	2	FUT.2FPL|FUT.3FPL		False	HIFIL
vocalized	LX-736ba46633:V1	LX-736ba46633	תַּחֲנֹק	2	FUT.2MSG|FUT.3FSG		False	PAAL
vocalized	LX-736ba46633:V2	LX-736ba46633	תַּחֲנֹקְנָה	2	FUT.2FPL|FUT.3FPL		False	PAAL
vocalized	LX-737584c3fa:V1	LX-737584c3fa	תַּעֲבִיר	2	FUT.2MSG|FUT.3FSG		False	HIFIL
vocalized	LX-737584c3fa:V2	LX-737584c3fa	תַּעֲבֵרְנָה	2	FUT.2FPL|FUT.3FPL		False	HIFIL
vocalized	LX-739bec155a:V1	LX-739bec155a	תְּבַלֶּה	2	FUT.2MSG|FUT.3FSG		False	PIEL
vocalized	LX-739bec155a:V2	LX-739bec155a	תְּבַלֶּינָה	2	FUT.2FPL|FUT.3FPL		False	PIEL
vocalized	LX-741b821482:V1	LX-741b821482	תִּבְדֶּה	2	FUT.2MSG|FUT.3FSG		False	PAAL
vocalized	LX-741b821482:V2	LX-741b821482	תִּבְדֶּינָה	2	FUT.2FPL|FUT.3FPL		False	PAAL
vocalized	LX-74298ca113:V1	LX-74298ca113	הִתְנַקֵּף	2	PST.3MSG|IMP.2MSG	PST.3MSG	True	
vocalized	LX-74298ca113:V2	LX-74298ca113	הִתְנַקְּפוּ	2	PST.3PL|IMP.2MPL	PST.3PL	True	
vocalized	LX-74298ca113:V3	LX-74298ca113	תִּתְנַקֵּף	2	FUT.2MSG|FUT.3FSG		False	
vocalized	LX-74298ca113:V4	LX-74298ca113	תִּתְנַקֵּפְנָה	2	FUT.2FPL|FUT.3FPL		False	
vocalized	LX-74787f35cb:V1	LX-74787f35cb	הִתְנַכֵּל	2	PST.3MSG|IMP.2MSG	PST.3MSG	True	HITPAEL
vocalized	LX-74ac9d1867:V1	LX-74ac9d1867	תְּקֻבַּע	2	FUT.2MSG|FUT.3FSG		False	
vocalized	LX-74ac9d1867:V2	LX-74ac9d1867	תְּקֻבַּעְנָה	2	FUT.2FPL|FUT.3FPL		False	
vocalized	LX-75064d0966:V1	LX-75064d0966	תַּסְתִּיר	2	FUT.2MSG|FUT.3FSG		False	HIFIL
vocalized	LX-75064d0966:V2	LX-75064d0966	תַּסְתֵּרְנָה	2	FUT.2FPL|FUT.3FPL		False	HIFIL
vocalized	LX-753743cd88:V1	LX-753743cd88	הִתְאַגֵּד	2	PST.3MSG|IMP.2MSG	PST.3MSG	True	
vocalized	LX-753743cd88:V2	LX-753743cd88	הִתְאַגְּדוּ	2	PST.3PL|IMP.2MPL	PST.3PL	True	
vocalized	LX-753743cd88:V3	LX-753743cd88	תִּתְאַגֵּד	2	FUT.2MSG|FUT.3FSG		False	
vocalized	LX-753743cd88:V4	LX-753743cd88	תִּתְאַגֵּדְנָה	2	FUT.2FPL|FUT.3FPL		False	
vocalized	LX-7564e8bfac:V1	LX-7564e8bfac	הִתְפָּאֵר	2	PST.3MSG|IMP.2MSG	PST.3MSG	True	HITPAEL
vocalized	LX-7564e8bfac:V2	LX-7564e8bfac	הִתְפָּאֲרוּ	2	PST.3PL|IMP.2MPL	PST.3PL	True	HITPAEL
vocalized	LX-7564e8bfac:V3	LX-7564e8bfac	תִּתְפָּאֵר	2	FUT.2MSG|FUT.3FSG		False	HITPAEL
vocalized	LX-7564e8bfac:V4	LX-7564e8bfac	תִּתְפָּאֵרְנָה	2	FUT.2FPL|FUT.3FPL		False	HITPAEL
vocalized	LX-758d520342:V1	LX-758d520342	תְּקַצֵּר	2	FUT.2MSG|FUT.3FSG		False	PIEL
vocalized	LX-758d520342:V2	LX-758d520342	תְּקַצֵּרְנָה	2	FUT.2FPL|FUT.3FPL		False	PIEL
vocalized	LX-7598d9bfae:V1	LX-7598d9bfae	הִתְכַּתֵּב	2	PST.3MSG|IMP.2MSG	PST.3MSG	True	HITPAEL
vocalized	LX-7598d9bfae:V2	LX-7598d9bfae	הִתְכַּתְּבוּ	2	PST.3PL|IMP.2MPL	PST.3PL	True	HITPAEL
vocalized	LX-7598d9bfae:V3	LX-7598d9bfae	תִּתְכַּתֵּב	2	FUT.2MSG|FUT.3FSG		False	HITPAEL
vocalized	LX-7598d9bfae:V4	LX-7598d9bfae	תִּתְכַּתֵּבְנָה	2	FUT.2FPL|FUT.3FPL		False	HITPAEL
vocalized	LX-76478197e3:V1	LX-76478197e3	תָּגִיב	2	FUT.2MSG|FUT.3FSG		False	HIFIL
vocalized	LX-76478197e3:V2	LX-76478197e3	תָּגֵבְנָה	2	FUT.2FPL|FUT.3FPL		False	HIFIL
vocalized	LX-769de717f6:V1	LX-769de717f6	תָּקִים	2	FUT.2MSG|FUT.3FSG		False	HIFIL
vocalized	LX-769de717f6:V2	LX-769de717f6	תָּקֵמְנָה	2	FUT.2FPL|FUT.3FPL		False	HIFIL
vocalized	LX-76b5be462b:V1	LX-76b5be462b	תֻּרְשַׁע	2	FUT.2MSG|FUT.3FSG		False	HUFAL
vocalized	LX-76b5be462b:V2	LX-76b5be462b	תֻּרְשַׁעְנָה	2	FUT.2FPL|FUT.3FPL		False	HUFAL
vocalized	LX-770850bf80:V1	LX-770850bf80	נִדְחֵית	2	PST.2FSG|PRS.FSG	PST.2FSG	True	NIFAL
vocalized	LX-770850bf80:V2	LX-770850bf80	תִּדָּחֶה	2	FUT.2MSG|FUT.3FSG		False	NIFAL
vocalized	LX-770850bf80:V3	LX-770850bf80	תִּדָּחֶינָה	2	FUT.2FPL|FUT.3FPL		False	NIFAL
vocalized	LX-773cb624a8:V1	LX-773cb624a8	תְּשַׁגֵּר	2	FUT.2MSG|FUT.3FSG		False	PIEL
vocalized	LX-773cb624a8:V2	LX-773cb624a8	תְּשַׁגֵּרְנָה	2	FUT.2FPL|FUT.3FPL		False	PIEL
vocalized	LX-774bf3792c:V1	LX-774bf3792c	רוֹמֵם	2	PST.3MSG|IMP.2MSG	PST.3MSG	True	PIEL
vocalized	LX-774bf3792c:V2	LX-774bf3792c	רוֹמְמוּ	2	PST.3PL|IMP.2MPL	PST.3PL	True	PIEL
vocalized	LX-774bf3792c:V3	LX-774bf3792c	תְּרוֹמֵם	2	FUT.2MSG|FUT.3FSG		False	PIEL
vocalized	LX-774bf3792c:V4	LX-774bf3792c	תְּרוֹמֵמְנָה	2	FUT.2FPL|FUT.3FPL		False	PIEL
vocalized	LX-777d67b75a:V1	LX-777d67b75a	תְּטֻלְטַל	2	FUT.2MSG|FUT.3FSG		False	PUAL
vocalized	LX-777d67b75a:V2	LX-777d67b75a	תְּטֻלְטַלְנָה	2	FUT.2FPL|FUT.3FPL		False	PUAL
vocalized	LX-779190b49f:V1	LX-779190b49f	הִתְמַהְמֵהַּ	2	PST.3MSG|IMP.2MSG	PST.3MSG	True	HITPAEL
vocalized	LX-779190b49f:V2	LX-779190b49f	הִתְמַהְמְהוּ	2	PST.3PL|IMP.2MPL	PST.3PL	True	HITPAEL
vocalized	LX-779190b49f:V3	LX-779190b49f	תִּתְמַהְמֵהַּ	2	FUT.2MSG|FUT.3FSG		False	HITPAEL
vocalized	LX-779190b49f:V4	LX-779190b49f	תִּתְמַהְמַהְנָה	2	FUT.2FPL|FUT.3FPL		False	HITPAEL
vocalized	LX-77a57487d6:V1	LX-77a57487d6	הִתְרַשֵּׁל	2	PST.3MSG|IMP.2MSG	PST.3MSG	True	HITPAEL
vocalized	LX-7851e9cc86:V1	LX-7851e9cc86	תַּגִּיד	2	FUT.2MSG|FUT.3FSG		False	HIFIL
vocalized	LX-7851e9cc86:V2	LX-7851e9cc86	תַּגֵּדְנָה	2	FUT.2FPL|FUT.3FPL		False	HIFIL
vocalized	LX-78868f4b87:V1	LX-78868f4b87	הִתְאַכְזֵב	2	PST.3MSG|IMP.2MSG	PST.3MSG	True	
vocalized	LX-78868f4b87:V2	LX-78868f4b87	הִתְאַכְזְבוּ	2	PST.3PL|IMP.2MPL	PST.3PL	True	
vocalized	LX-78868f4b87:V3	LX-78868f4b87	תִּתְאַכְזֵב	2	FUT.2MSG|FUT.3FSG		False	
vocalized	LX-78868f4b87:V4	LX-78868f4b87	תִּתְאַכְזֵבְנָה	2	FUT.2FPL|FUT.3FPL		False	
vocalized	LX-78a11bd615:V1	LX-78a11bd615	תְּסַדֵּר	2	FUT.2MSG|FUT.3FSG		False	PIEL
vocalized	LX-78a11bd615:V2	LX-78a11bd615	תְּסַדֵּרְנָה	2	FUT.2FPL|FUT.3FPL		False	PIEL
vocalized	LX-7a323af8bb:V1	LX-7a323af8bb	רָזָה	2	PST.3MSG|PRS.FSG	PST.3MSG	True	PAAL
vocalized	LX-7a323af8bb:V2	LX-7a323af8bb	תִּרְזֶה	2	FUT.2MSG|FUT.3FSG		False	PAAL
vocalized	LX-7a323af8bb:V3	LX-7a323af8bb	תִּרְזֶינָה	2	FUT.2FPL|FUT.3FPL		False	PAAL
vocalized	LX-7a8b4fc1f5:V1	LX-7a8b4fc1f5	תִּסְגֹּר	2	FUT.2MSG|FUT.3FSG		False	PAAL
vocalized	LX-7a8b4fc1f5:V2	LX-7a8b4fc1f5	תִּסְגֹּרְנָה	2	FUT.2FPL|FUT.3FPL		False	PAAL
vocalized	LX-7b5df4ddb5:V1	LX-7b5df4ddb5	הִתְאוֹשֵׁשׁ	2	PST.3MSG|IMP.2MSG	PST.3MSG	True	HITPAEL
vocalized	LX-7b5df4ddb5:V2	LX-7b5df4ddb5	הִתְאוֹשְׁשׁוּ	2	PST.3PL|IMP.2MPL	PST.3PL	True	HITPAEL
vocalized	LX-7b5df4ddb5:V3	LX-7b5df4ddb5	תִּתְאוֹשֵׁשׁ	2	FUT.2MSG|FUT.3FSG		False	HITPAEL
vocalized	LX-7b5df4ddb5:V4	LX-7b5df4ddb5	תִּתְאוֹשֵׁשְׁנָה	2	FUT.2FPL|FUT.3FPL		False	HITPAEL
vocalized	LX-7bf44013b2:V1	LX-7bf44013b2	תְּלֻקַּק	2	FUT.2MSG|FUT.3FSG		False	
vocalized	LX-7bf44013b2:V2	LX-7bf44013b2	תְּלֻקַּקְנָה	2	FUT.2FPL|FUT.3FPL		False	
vocalized	LX-7c29f63589:V1	LX-7c29f63589	תַּצִּיעַ	2	FUT.2MSG|FUT.3FSG		False	HIFIL
vocalized	LX-7c29f63589:V2	LX-7c29f63589	תַּצַּעְנָה	2	FUT.2FPL|FUT.3FPL		False	HIFIL
vocalized	LX-7c30fc2e0d:V1	LX-7c30fc2e0d	תִּסְפֹּר	2	FUT.2MSG|FUT.3FSG		False	PAAL
vocalized	LX-7c30fc2e0d:V2	LX-7c30fc2e0d	תִּסְפֹּרְנָה	2	FUT.2FPL|FUT.3FPL		False	PAAL
vocalized	LX-7c4d57096f:V1	LX-7c4d57096f	תְּחַפֶּה	2	FUT.2MSG|FUT.3FSG		False	PIEL
vocalized	LX-7c4d57096f:V2	LX-7c4d57096f	תְּחַפֶּינָה	2	FUT.2FPL|FUT.3FPL		False	PIEL
vocalized	LX-7c7f91a4b8:V1	LX-7c7f91a4b8	תֻּחְלַט	2	FUT.2MSG|FUT.3FSG		False	HUFAL
vocalized	LX-7c7f91a4b8:V2	LX-7c7f91a4b8	תֻּחְלַטְנָה	2	FUT.2FPL|FUT.3FPL		False	HUFAL
vocalized	LX-7cc0fce52d:V1	LX-7cc0fce52d	תַּרְכִּיב	2	FUT.2MSG|FUT.3FSG		False	HIFIL
vocalized	LX-7cc0fce52d:V2	LX-7cc0fce52d	תַּרְכֵּבְנָה	2	FUT.2FPL|FUT.3FPL		False	HIFIL
vocalized	LX-7d0356a443:V1	LX-7d0356a443	הִכְמִין	2	PST.3MSG|FUT.3MSG	PST.3MSG	True	HIFIL
vocalized	LX-7d453cb28b:V1	LX-7d453cb28b	הִתְמוֹדֵד	2	PST.3MSG|IMP.2MSG	PST.3MSG	True	HITPAEL
vocalized	LX-7d453cb28b:V2	LX-7d453cb28b	הִתְמוֹדְדוּ	2	PST.3PL|IMP.2MPL	PST.3PL	True	HITPAEL
vocalized	LX-7d453cb28b:V3	LX-7d453cb28b	תִּתְמוֹדֵד	2	FUT.2MSG|FUT.3FSG		False	HITPAEL
vocalized	LX-7d453cb28b:V4	LX-7d453cb28b	תִּתְמוֹדֵדְנָה	2	FUT.2FPL|FUT.3FPL		False	HITPAEL
vocalized	LX-7d64a73c52:V1	LX-7d64a73c52	תִּנְעַר	2	FUT.2MSG|FUT.3FSG		False	PAAL
vocalized	LX-7d64a73c52:V2	LX-7d64a73c52	תִּנְעַרְנָה	2	FUT.2FPL|FUT.3FPL		False	PAAL
vocalized	LX-7d70f2a865:V1	LX-7d70f2a865	תְּצַלֵּם	2	FUT.2MSG|FUT.3FSG		False	PIEL
vocalized	LX-7d70f2a865:V2	LX-7d70f2a865	תְּצַלֵּמְנָה	2	FUT.2FPL|FUT.3FPL		False	PIEL
vocalized	LX-7dbcf03053:V1	LX-7dbcf03053	תְּבַקֵּעַ	2	FUT.2MSG|FUT.3FSG		False	PIEL
vocalized	LX-7dbcf03053:V2	LX-7dbcf03053	תְּבַקַּעְנָה	2	FUT.2FPL|FUT.3FPL		False	PIEL
vocalized	LX-7dcd5a96fd:V1	LX-7dcd5a96fd	תִּגָּנֵב	2	FUT.2MSG|FUT.3FSG		False	NIFAL
vocalized	LX-7dcd5a96fd:V2	LX-7dcd5a96fd	תִּגָּנֵבְנָה	2	FUT.2FPL|FUT.3FPL		False	NIFAL
vocalized	LX-7e19633dd9:V1	LX-7e19633dd9	תְּחַנֵּךְ	2	FUT.2MSG|FUT.3FSG		False	PIEL
vocalized	LX-7e19633dd9:V2	LX-7e19633dd9	תְּחַנֵּכְנָה	2	FUT.2FPL|FUT.3FPL		False	PIEL
vocalized	LX-7e6c7c2120:V1	LX-7e6c7c2120	גַּל	2	PST.3MSG|PRS.MSG	PST.3MSG	True	PAAL
vocalized	LX-7e7c361128:V1	LX-7e7c361128	תִּדְלֶה	2	FUT.2MSG|FUT.3FSG		False	PAAL
vocalized	LX-7e7c361128:V2	LX-7e7c361128	תִּדְלֶינָה	2	FUT.2FPL|FUT.3FPL		False	PAAL
vocalized	LX-7ef28cc1a5:V1	LX-7ef28cc1a5	תְּאֻחַד	2	FUT.2MSG|FUT.3FSG		False	
vocalized	LX-7ef28cc1a5:V2	LX-7ef28cc1a5	תְּאֻחַדְנָה	2	FUT.2FPL|FUT.3FPL		False	
vocalized	LX-7f3553a9e1:V1	LX-7f3553a9e1	תֵּחָקֵר	2	FUT.2MSG|FUT.3FSG		False	NIFAL
vocalized	LX-7f3553a9e1:V2	LX-7f3553a9e1	תֵּחָקֵרְנָה	2	FUT.2FPL|FUT.3FPL		False	NIFAL
vocalized	LX-7f3a120838:V1	LX-7f3a120838	הִתְעַצֵּם	2	PST.3MSG|IMP.2MSG	PST.3MSG	True	HITPAEL
vocalized	LX-7f737d3646:V1	LX-7f737d3646	תְּפַסְפֵס	2	FUT.2MSG|FUT.3FSG		False	PIEL
vocalized	LX-7f737d3646:V2	LX-7f737d3646	תְּפַסְפֵסְנָה	2	FUT.2FPL|FUT.3FPL		False	PIEL
vocalized	LX-80118e8b33:V1	LX-80118e8b33	הִתְאַגְרֵף	2	PST.3MSG|IMP.2MSG	PST.3MSG	True	
vocalized	LX-80118e8b33:V2	LX-80118e8b33	הִתְאַגְרְפוּ	2	PST.3PL|IMP.2MPL	PST.3PL	True	
vocalized	LX-80118e8b33:V3	LX-80118e8b33	תִּתְאַגְרֵף	2	FUT.2MSG|FUT.3FSG		False	
vocalized	LX-80118e8b33:V4	LX-80118e8b33	תִּתְאַגְרֵפְנָה	2	FUT.2FPL|FUT.3FPL		False	
vocalized	LX-8036faba97:V1	LX-8036faba97	זָח	2	PST.3MSG|PRS.MSG	PST.3MSG	True	PAAL
vocalized	LX-803795b6b5:V1	LX-803795b6b5	תִּשְׁפֹּךְ	2	FUT.2MSG|FUT.3FSG		False	PAAL
vocalized	LX-803795b6b5:V2	LX-803795b6b5	תִּשְׁפֹּכְנָה	2	FUT.2FPL|FUT.3FPL		False	PAAL
vocalized	LX-807238ca26:V1	LX-807238ca26	תִּטְעֶה	2	FUT.2MSG|FUT.3FSG		False	PAAL
vocalized	LX-807238ca26:V2	LX-807238ca26	תִּטְעֶינָה	2	FUT.2FPL|FUT.3FPL		False	PAAL
vocalized	LX-80738017ef:V1	LX-80738017ef	תִּפֹּל	2	FUT.2MSG|FUT.3FSG		False	PAAL
vocalized	LX-80738017ef:V2	LX-80738017ef	תִּפֹּלְנָה	2	FUT.2FPL|FUT.3FPL		False	PAAL
vocalized	LX-8090a02b0a:V1	LX-8090a02b0a	תִּשְׁתֶּה	2	FUT.2MSG|FUT.3FSG		False	PAAL
vocalized	LX-8090a02b0a:V2	LX-8090a02b0a	תִּשְׁתֶּינָה	2	FUT.2FPL|FUT.3FPL		False	PAAL
vocalized	LX-8097b3b1bb:V1	LX-8097b3b1bb	תִּוָּשַׁע	2	FUT.2MSG|FUT.3FSG		False	NIFAL
vocalized	LX-8097b3b1bb:V2	LX-8097b3b1bb	תִּוָּשַׁעְנָה	2	FUT.2FPL|FUT.3FPL		False	NIFAL
vocalized	LX-809e9f7de7:V1	LX-809e9f7de7	תִּבְלַע	2	FUT.2MSG|FUT.3FSG		False	PAAL
vocalized	LX-809e9f7de7:V2	LX-809e9f7de7	תִּבְלַעְנָה	2	FUT.2FPL|FUT.3FPL		False	PAAL
vocalized	LX-810ea27ca3:V1	LX-810ea27ca3	תִּכְפֹּל	2	FUT.2MSG|FUT.3FSG		False	PAAL
vocalized	LX-810ea27ca3:V2	LX-810ea27ca3	תִּכְפֹּלְנָה	2	FUT.2FPL|FUT.3FPL		False	PAAL
vocalized	LX-8140f5e99e:V1	LX-8140f5e99e	תִּזְנַח	2	FUT.2MSG|FUT.3FSG		False	PAAL
vocalized	LX-8140f5e99e:V2	LX-8140f5e99e	תִּזְנַחְנָה	2	FUT.2FPL|FUT.3FPL		False	PAAL
vocalized	LX-816bb52055:V1	LX-816bb52055	הִתְחַבֵּר	2	PST.3MSG|IMP.2MSG	PST.3MSG	True	HITPAEL
vocalized	LX-816bb52055:V2	LX-816bb52055	הִתְחַבְּרוּ	2	PST.3PL|IMP.2MPL	PST.3PL	True	HITPAEL
vocalized	LX-816bb52055:V3	LX-816bb52055	תִּתְחַבֵּר	2	FUT.2MSG|FUT.3FSG		False	HITPAEL
vocalized	LX-816bb52055:V4	LX-816bb52055	תִּתְחַבֵּרְנָה	2	FUT.2FPL|FUT.3FPL		False	HITPAEL
vocalized	LX-81980f3698:V1	LX-81980f3698	תְּחַבֵּר	2	FUT.2MSG|FUT.3FSG		False	PIEL
vocalized	LX-81980f3698:V2	LX-81980f3698	תְּחַבֵּרְנָה	2	FUT.2FPL|FUT.3FPL		False	PIEL
vocalized	LX-819d01186a:V1	LX-819d01186a	תְּגֻלֶּה	2	FUT.2MSG|FUT.3FSG		False	PUAL
vocalized	LX-819d01186a:V2	LX-819d01186a	תְּגֻלֶּינָה	2	FUT.2FPL|FUT.3FPL		False	PUAL
vocalized	LX-81d8a4ca7f:V1	LX-81d8a4ca7f	תִּנְשֹׁב	2	FUT.2MSG|FUT.3FSG		False	PAAL
vocalized	LX-81d8a4ca7f:V2	LX-81d8a4ca7f	תִּנְשֹׁבְנָה	2	FUT.2FPL|FUT.3FPL		False	PAAL
vocalized	LX-82433c8f40:V1	LX-82433c8f40	תַּחְמֹד	2	FUT.2MSG|FUT.3FSG		False	PAAL
vocalized	LX-82433c8f40:V2	LX-82433c8f40	תַּחְמֹדְנָה	2	FUT.2FPL|FUT.3FPL		False	PAAL
vocalized	LX-825701f142:V1	LX-825701f142	תִּשְׂרֹף	2	FUT.2MSG|FUT.3FSG		False	PAAL
vocalized	LX-825701f142:V2	LX-825701f142	תִּשְׂרֹפְנָה	2	FUT.2FPL|FUT.3FPL		False	PAAL
vocalized	LX-82720ad029:V1	LX-82720ad029	תָּסִיר	2	FUT.2MSG|FUT.3FSG		False	HIFIL
vocalized	LX-82720ad029:V2	LX-82720ad029	תָּסֵרְנָה	2	FUT.2FPL|FUT.3FPL		False	HIFIL
vocalized	LX-828b91b0c3:V1	LX-828b91b0c3	הִתְוַכֵּחַ	2	PST.3MSG|IMP.2MSG	PST.3MSG	True	HITPAEL
vocalized	LX-828b91b0c3:V2	LX-828b91b0c3	הִתְוַכְּחוּ	2	PST.3PL|IMP.2MPL	PST.3PL	True	HITPAEL
vocalized	LX-828b91b0c3:V3	LX-828b91b0c3	תִּתְוַכֵּחַ	2	FUT.2MSG|FUT.3FSG		False	HITPAEL
vocalized	LX-828b91b0c3:V4	LX-828b91b0c3	תִּתְוַכַּחְנָה	2	FUT.2FPL|FUT.3FPL		False	HITPAEL
vocalized	LX-82b04903a1:V1	LX-82b04903a1	הִטַּנֵּף	2	PST.3MSG|IMP.2MSG	PST.3MSG	True	HITPAEL
vocalized	LX-82b04903a1:V2	LX-82b04903a1	הִטַּנְּפוּ	2	PST.3PL|IMP.2MPL	PST.3PL	True	HITPAEL
vocalized	LX-82b04903a1:V3	LX-82b04903a1	תִּטַּנֵּף	2	FUT.2MSG|FUT.3FSG		False	HITPAEL
vocalized	LX-82b04903a1:V4	LX-82b04903a1	תִּטַּנֵּפְנָה	2	FUT.2FPL|FUT.3FPL		False	HITPAEL
vocalized	LX-82d311e1e1:V1	LX-82d311e1e1	בּוֹשׁ	3	PST.3MSG|PRS.MSG|IMP.2MSG	PST.3MSG	True	PAAL
vocalized	LX-82d311e1e1:V2	LX-82d311e1e1	בּוֹשָׁה	2	PST.3FSG|PRS.FSG	PST.3FSG	True	PAAL
vocalized	LX-82d311e1e1:V3	LX-82d311e1e1	בּוֹשׁוּ	2	PST.3PL|IMP.2MPL	PST.3PL	True	PAAL
vocalized	LX-82d311e1e1:V4	LX-82d311e1e1	תֵּבוֹשׁ	2	FUT.2MSG|FUT.3FSG		False	PAAL
vocalized	LX-82d311e1e1:V5	LX-82d311e1e1	תֵּבֹשְׁנָה	2	FUT.2FPL|FUT.3FPL		False	PAAL
vocalized	LX-8306c21941:V1	LX-8306c21941	נִהְיֵית	2	PST.2FSG|PRS.FSG	PST.2FSG	True	NIFAL
vocalized	LX-833fdcfadb:V1	LX-833fdcfadb	חוֹלֵל	2	PST.3MSG|IMP.2MSG	PST.3MSG	True	PIEL
vocalized	LX-833fdcfadb:V2	LX-833fdcfadb	חוֹלְלוּ	2	PST.3PL|IMP.2MPL	PST.3PL	True	PIEL
vocalized	LX-833fdcfadb:V3	LX-833fdcfadb	תְּחוֹלֵל	2	FUT.2MSG|FUT.3FSG		False	PIEL
vocalized	LX-833fdcfadb:V4	LX-833fdcfadb	תְּחוֹלֵלְנָה	2	FUT.2FPL|FUT.3FPL		False	PIEL
vocalized	LX-83bd88989a:V1	LX-83bd88989a	נִגְלֵית	2	PST.2FSG|PRS.FSG	PST.2FSG	True	NIFAL
vocalized	LX-83bd88989a:V2	LX-83bd88989a	תִּגָּלֶה	2	FUT.2MSG|FUT.3FSG		False	NIFAL
vocalized	LX-83bd88989a:V3	LX-83bd88989a	תִּגָּלֶינָה	2	FUT.2FPL|FUT.3FPL		False	NIFAL
vocalized	LX-83dfdafe98:V1	LX-83dfdafe98	תִּלְחַץ	2	FUT.2MSG|FUT.3FSG		False	PAAL
vocalized	LX-83dfdafe98:V2	LX-83dfdafe98	תִּלְחַצְנָה	2	FUT.2FPL|FUT.3FPL		False	PAAL
vocalized	LX-84a12eaefc:V1	LX-84a12eaefc	הִתְאַבֵּק	2	PST.3MSG|IMP.2MSG	PST.3MSG	True	HITPAEL
vocalized	LX-84a27c0c03:V1	LX-84a27c0c03	תְּחֻנַּךְ	2	FUT.2MSG|FUT.3FSG		False	
vocalized	LX-84a27c0c03:V2	LX-84a27c0c03	תְּחֻנַּכְנָה	2	FUT.2FPL|FUT.3FPL		False	
vocalized	LX-84abc2fe49:V1	LX-84abc2fe49	תּוּכַח	2	FUT.2MSG|FUT.3FSG		False	HUFAL
vocalized	LX-84abc2fe49:V2	LX-84abc2fe49	תּוּכַחְנָה	2	FUT.2FPL|FUT.3FPL		False	HUFAL
vocalized	LX-84c0234a15:V1	LX-84c0234a15	תַּחֲגֹר	2	FUT.2MSG|FUT.3FSG		False	PAAL
vocalized	LX-84c0234a15:V2	LX-84c0234a15	תַּחֲגֹרְנָה	2	FUT.2FPL|FUT.3FPL		False	PAAL
vocalized	LX-84c2e16a81:V1	LX-84c2e16a81	תִּשְׁבֹּת	2	FUT.2MSG|FUT.3FSG		False	PAAL
vocalized	LX-84c2e16a81:V2	LX-84c2e16a81	תִּשְׁבֹּתְנָה	2	FUT.2FPL|FUT.3FPL		False	PAAL
vocalized	LX-84d1314266:V1	LX-84d1314266	תִּכְרֹת	2	FUT.2MSG|FUT.3FSG		False	PAAL
vocalized	LX-84d1314266:V2	LX-84d1314266	תִּכְרֹתְנָה	2	FUT.2FPL|FUT.3FPL		False	PAAL
vocalized	LX-84f4a01728:V1	LX-84f4a01728	תִּפְחַד	2	FUT.2MSG|FUT.3FSG		False	PAAL
vocalized	LX-84f4a01728:V2	LX-84f4a01728	תִּפְחַדְנָה	2	FUT.2FPL|FUT.3FPL		False	PAAL
vocalized	LX-85351b2f42:V1	LX-85351b2f42	תִּירַשׁ	2	FUT.2MSG|FUT.3FSG		False	PAAL
vocalized	LX-85351b2f42:V2	LX-85351b2f42	תִּירַשְׁנָה	2	FUT.2FPL|FUT.3FPL		False	PAAL
vocalized	LX-856259bfb6:V1	LX-856259bfb6	תְּבָרֵךְ	2	FUT.2MSG|FUT.3FSG		False	PIEL
vocalized	LX-856259bfb6:V2	LX-856259bfb6	תְּבָרֵכְנָה	2	FUT.2FPL|FUT.3FPL		False	PIEL
vocalized	LX-8595027f0d:V1	LX-8595027f0d	תִּתְהֶה	2	FUT.2MSG|FUT.3FSG		False	PAAL
vocalized	LX-8595027f0d:V2	LX-8595027f0d	תִּתְהֶינָה	2	FUT.2FPL|FUT.3FPL		False	PAAL
vocalized	LX-859c0a3e6b:V1	LX-859c0a3e6b	תַּסְמִיק	2	FUT.2MSG|FUT.3FSG		False	HIFIL
vocalized	LX-859c0a3e6b:V2	LX-859c0a3e6b	תַּסְמֵקְנָה	2	FUT.2FPL|FUT.3FPL		False	HIFIL
vocalized	LX-85b2e16647:V1	LX-85b2e16647	תְּחַדֵּשׁ	2	FUT.2MSG|FUT.3FSG		False	PIEL
vocalized	LX-85b2e16647:V2	LX-85b2e16647	תְּחַדֵּשְׁנָה	2	FUT.2FPL|FUT.3FPL		False	PIEL
vocalized	LX-85fc90d283:V1	LX-85fc90d283	תַּרְתִּיחַ	2	FUT.2MSG|FUT.3FSG		False	
vocalized	LX-85fc90d283:V2	LX-85fc90d283	תַּרְתַּחְנָה	2	FUT.2FPL|FUT.3FPL		False	
vocalized	LX-86048362c6:V1	LX-86048362c6	תַּאֲמִין	2	FUT.2MSG|FUT.3FSG		False	HIFIL
vocalized	LX-86048362c6:V2	LX-86048362c6	תַּאֲמֵנָּה	2	FUT.2FPL|FUT.3FPL		False	HIFIL
vocalized	LX-86925debf3:V1	LX-86925debf3	הִתְפַּתַּח	2	PST.3MSG|IMP.2MSG	PST.3MSG	True	HITPAEL
vocalized	LX-86abe8f7a2:V1	LX-86abe8f7a2	לָץ	2	PST.3MSG|PRS.MSG	PST.3MSG	True	PAAL
vocalized	LX-870b26ad1b:V1	LX-870b26ad1b	יָרֵא	2	PST.3MSG|PRS.MSG	PST.3MSG	True	PAAL
vocalized	LX-870b26ad1b:V2	LX-870b26ad1b	תִּירָא	2	FUT.2MSG|FUT.3FSG		False	PAAL
vocalized	LX-870b26ad1b:V3	LX-870b26ad1b	תִּירֶאנָה	2	FUT.2FPL|FUT.3FPL		False	PAAL
vocalized	LX-870f27eb3a:V1	LX-870f27eb3a	תְּקֻנְטַר	2	FUT.2MSG|FUT.3FSG		False	
vocalized	LX-870f27eb3a:V2	LX-870f27eb3a	תְּקֻנְטַרְנָה	2	FUT.2FPL|FUT.3FPL		False	
vocalized	LX-8748f07a1a:V1	LX-8748f07a1a	תֻּפַּל	2	FUT.2MSG|FUT.3FSG		False	HUFAL
vocalized	LX-8748f07a1a:V2	LX-8748f07a1a	תֻּפַּלְנָה	2	FUT.2FPL|FUT.3FPL		False	HUFAL
vocalized	LX-876628fc5c:V1	LX-876628fc5c	נָר	2	PST.3MSG|PRS.MSG	PST.3MSG	True	PAAL
vocalized	LX-876d8f472f:V1	LX-876d8f472f	הִצְטָרֵף	2	PST.3MSG|IMP.2MSG	PST.3MSG	True	
vocalized	LX-876d8f472f:V2	LX-876d8f472f	הִצְטָרְפוּ	2	PST.3PL|IMP.2MPL	PST.3PL	True	
vocalized	LX-876d8f472f:V3	LX-876d8f472f	תִּצְטָרֵף	2	FUT.2MSG|FUT.3FSG		False	
vocalized	LX-876d8f472f:V4	LX-876d8f472f	תִּצְטָרֵפְנָה	2	FUT.2FPL|FUT.3FPL		False	
vocalized	LX-87807b4550:V1	LX-87807b4550	הִזְדַּוֵּג	2	PST.3MSG|IMP.2MSG	PST.3MSG	True	HITPAEL
vocalized	LX-87906e22bd:V1	LX-87906e22bd	תֶּחֱרַב	2	FUT.2MSG|FUT.3FSG		False	PAAL
vocalized	LX-87906e22bd:V2	LX-87906e22bd	תֶּחֱרַבְנָה	2	FUT.2FPL|FUT.3FPL		False	PAAL
vocalized	LX-87d23634c3:V1	LX-87d23634c3	הִשְׁתַּגֵּעַ	2	PST.3MSG|IMP.2MSG	PST.3MSG	True	HITPAEL
vocalized	LX-87d23634c3:V2	LX-87d23634c3	הִשְׁתַּגְּעוּ	2	PST.3PL|IMP.2MPL	PST.3PL	True	HITPAEL
vocalized	LX-87d23634c3:V3	LX-87d23634c3	תִּשְׁתַּגֵּעַ	2	FUT.2MSG|FUT.3FSG		False	HITPAEL
vocalized	LX-87d23634c3:V4	LX-87d23634c3	תִּשְׁתַּגַּעְנָה	2	FUT.2FPL|FUT.3FPL		False	HITPAEL
vocalized	LX-87df3fc6d7:V1	LX-87df3fc6d7	תַּמְתִּין	2	FUT.2MSG|FUT.3FSG		False	
vocalized	LX-87df3fc6d7:V2	LX-87df3fc6d7	תַּמְתֵּנָּה	2	FUT.2FPL|FUT.3FPL		False	
vocalized	LX-8807c45311:V1	LX-8807c45311	תַּחְדֹּר	2	FUT.2MSG|FUT.3FSG		False	PAAL
vocalized	LX-8807c45311:V2	LX-8807c45311	תַּחְדֹּרְנָה	2	FUT.2FPL|FUT.3FPL		False	PAAL
vocalized	LX-89d9a3afbf:V1	LX-89d9a3afbf	תְּקַטְלֵג	2	FUT.2MSG|FUT.3FSG		False	
vocalized	LX-89d9a3afbf:V2	LX-89d9a3afbf	תְּקַטְלֵגְנָה	2	FUT.2FPL|FUT.3FPL		False	
vocalized	LX-89f498bc79:V1	LX-89f498bc79	נָס	2	PST.3MSG|PRS.MSG	PST.3MSG	True	PAAL
vocalized	LX-89f498bc79:V2	LX-89f498bc79	נָסָה	2	PST.3FSG|PRS.FSG	PST.3FSG	True	PAAL
vocalized	LX-89f498bc79:V3	LX-89f498bc79	תָּנוּס	2	FUT.2MSG|FUT.3FSG		False	PAAL
vocalized	LX-89f498bc79:V4	LX-89f498bc79	תָּנֹסְנָה	2	FUT.2FPL|FUT.3FPL		False	PAAL
vocalized	LX-89fe062dac:V1	LX-89fe062dac	תַּעֲרִיץ	2	FUT.2MSG|FUT.3FSG		False	
vocalized	LX-89fe062dac:V2	LX-89fe062dac	תַּעֲרֵצְנָה	2	FUT.2FPL|FUT.3FPL		False	
vocalized	LX-8ac0c993da:V1	LX-8ac0c993da	תִּשָּׁאֵר	2	FUT.2MSG|FUT.3FSG		False	NIFAL
vocalized	LX-8ac0c993da:V2	LX-8ac0c993da	תִּשָּׁאֵרְנָה	2	FUT.2FPL|FUT.3FPL		False	NIFAL
vocalized	LX-8afe62993c:V1	LX-8afe62993c	הִתְגַּלּוּ	2	PST.3PL|IMP.2MPL	PST.3PL	True	
vocalized	LX-8afe62993c:V2	LX-8afe62993c	תִּתְגַּלֶּה	2	FUT.2MSG|FUT.3FSG		False	
vocalized	LX-8afe62993c:V3	LX-8afe62993c	תִּתְגַּלֶּינָה	2	FUT.2FPL|FUT.3FPL		False	
vocalized	LX-8b1af66757:V1	LX-8b1af66757	תְּכַסֶּה	2	FUT.2MSG|FUT.3FSG		False	PIEL
vocalized	LX-8b1af66757:V2	LX-8b1af66757	תְּכַסֶּינָה	2	FUT.2FPL|FUT.3FPL		False	PIEL
vocalized	LX-8b4d802eda:V1	LX-8b4d802eda	תַּגְזִים	2	FUT.2MSG|FUT.3FSG		False	HIFIL
vocalized	LX-8b4d802eda:V2	LX-8b4d802eda	תַּגְזֵמְנָה	2	FUT.2FPL|FUT.3FPL		False	HIFIL
vocalized	LX-8b691001e1:V1	LX-8b691001e1	הִתְנַזֵּר	2	PST.3MSG|IMP.2MSG	PST.3MSG	True	
vocalized	LX-8b691001e1:V2	LX-8b691001e1	הִתְנַזְּרוּ	2	PST.3PL|IMP.2MPL	PST.3PL	True	
vocalized	LX-8b691001e1:V3	LX-8b691001e1	תִּתְנַזֵּר	2	FUT.2MSG|FUT.3FSG		False	
vocalized	LX-8b691001e1:V4	LX-8b691001e1	תִּתְנַזֵּרְנָה	2	FUT.2FPL|FUT.3FPL		False	
vocalized	LX-8b75fd350a:V1	LX-8b75fd350a	תְּחַבֵּל	2	FUT.2MSG|FUT.3FSG		False	PIEL
vocalized	LX-8b75fd350a:V2	LX-8b75fd350a	תְּחַבֵּלְנָה	2	FUT.2FPL|FUT.3FPL		False	PIEL
vocalized	LX-8bad694631:V1	LX-8bad694631	תַּבְטִיחַ	2	FUT.2MSG|FUT.3FSG		False	
vocalized	LX-8bad694631:V2	LX-8bad694631	תַּבְטַחְנָה	2	FUT.2FPL|FUT.3FPL		False	
vocalized	LX-8bc482eea0:V1	LX-8bc482eea0	הִתְלַכֵּד	2	PST.3MSG|IMP.2MSG	PST.3MSG	True	HITPAEL
vocalized	LX-8bd5392093:V1	LX-8bd5392093	תֵּאָהֵב	2	FUT.2MSG|FUT.3FSG		False	NIFAL
vocalized	LX-8bd5392093:V2	LX-8bd5392093	תֵּאָהֵבְנָה	2	FUT.2FPL|FUT.3FPL		False	NIFAL
vocalized	LX-8be56062f4:V1	LX-8be56062f4	נָגוֹז	2	PST.3MSG|PRS.MSG	PST.3MSG	True	NIFAL
vocalized	LX-8c0991a569:V1	LX-8c0991a569	תִּזְרַע	2	FUT.2MSG|FUT.3FSG		False	PAAL
vocalized	LX-8c0991a569:V2	LX-8c0991a569	תִּזְרַעְנָה	2	FUT.2FPL|FUT.3FPL		False	PAAL
vocalized	LX-8ca872eb38:V1	LX-8ca872eb38	הִתְמַתֵּחַ	2	PST.3MSG|IMP.2MSG	PST.3MSG	True	
vocalized	LX-8ca872eb38:V2	LX-8ca872eb38	הִתְמַתְּחוּ	2	PST.3PL|IMP.2MPL	PST.3PL	True	
vocalized	LX-8ca872eb38:V3	LX-8ca872eb38	תִּתְמַתֵּחַ	2	FUT.2MSG|FUT.3FSG		False	
vocalized	LX-8ca872eb38:V4	LX-8ca872eb38	תִּתְמַתַּחְנָה	2	FUT.2FPL|FUT.3FPL		False	
vocalized	LX-8cb779c4eb:V1	LX-8cb779c4eb	תִּשָּׁלֵט	2	FUT.2MSG|FUT.3FSG		False	
vocalized	LX-8cb779c4eb:V2	LX-8cb779c4eb	תִּשָּׁלֵטְנָה	2	FUT.2FPL|FUT.3FPL		False	
vocalized	LX-8d14308d16:V1	LX-8d14308d16	תְּבַשֵּׂר	2	FUT.2MSG|FUT.3FSG		False	PIEL
vocalized	LX-8d14308d16:V2	LX-8d14308d16	תְּבַשֵּׂרְנָה	2	FUT.2FPL|FUT.3FPL		False	PIEL
vocalized	LX-8d3da3f90b:V1	LX-8d3da3f90b	חָג	2	PST.3MSG|PRS.MSG	PST.3MSG	True	PAAL
vocalized	LX-8d3da3f90b:V2	LX-8d3da3f90b	חָגָה	2	PST.3FSG|PRS.FSG	PST.3FSG	True	PAAL
vocalized	LX-8d3da3f90b:V3	LX-8d3da3f90b	תָּחוּג	2	FUT.2MSG|FUT.3FSG		False	PAAL
vocalized	LX-8d3da3f90b:V4	LX-8d3da3f90b	תָּחֹגְנָה	2	FUT.2FPL|FUT.3FPL		False	PAAL
vocalized	LX-8e660a607c:V1	LX-8e660a607c	הִתְבַּלְבֵּל	2	PST.3MSG|IMP.2MSG	PST.3MSG	True	HITPAEL
vocalized	LX-8e660a607c:V2	LX-8e660a607c	הִתְבַּלְבְּלוּ	2	PST.3PL|IMP.2MPL	PST.3PL	True	HITPAEL
vocalized	LX-8e660a607c:V3	LX-8e660a607c	תִּתְבַּלְבֵּל	2	FUT.2MSG|FUT.3FSG		False	HITPAEL
vocalized	LX-8e660a607c:V4	LX-8e660a607c	תִּתְבַּלְבֵּלְנָה	2	FUT.2FPL|FUT.3FPL		False	HITPAEL
vocalized	LX-8e72ec679b:V1	LX-8e72ec679b	תְּתַעֵד	2	FUT.2MSG|FUT.3FSG		False	PIEL
vocalized	LX-8e72ec679b:V2	LX-8e72ec679b	תְּתַעֵדְנָה	2	FUT.2FPL|FUT.3FPL		False	PIEL
vocalized	LX-8e7a7d8db5:V1	LX-8e7a7d8db5	הִשְׁתּוֹחֵחַ	2	PST.3MSG|IMP.2MSG	PST.3MSG	True	
vocalized	LX-8e7a7d8db5:V2	LX-8e7a7d8db5	הִשְׁתּוֹחֲחוּ	2	PST.3PL|IMP.2MPL	PST.3PL	True	
vocalized	LX-8e7a7d8db5:V3	LX-8e7a7d8db5	תִּשְׁתּוֹחֵחַ	2	FUT.2MSG|FUT.3FSG		False	
vocalized	LX-8e7a7d8db5:V4	LX-8e7a7d8db5	תִּשְׁתּוֹחַחְנָה	2	FUT.2FPL|FUT.3FPL		False	
vocalized	LX-8e9c369990:V1	LX-8e9c369990	תַּעֲקֹץ	2	FUT.2MSG|FUT.3FSG		False	PAAL
vocalized	LX-8e9c369990:V2	LX-8e9c369990	תַּעֲקֹצְנָה	2	FUT.2FPL|FUT.3FPL		False	PAAL
vocalized	LX-8f1e02a14f:V1	LX-8f1e02a14f	תֹּאבַד	2	FUT.2MSG|FUT.3FSG		False	PAAL
vocalized	LX-8f1e02a14f:V2	LX-8f1e02a14f	תֹּאבַדְנָה	2	FUT.2FPL|FUT.3FPL		False	PAAL
vocalized	LX-8f40a0b7e1:V1	LX-8f40a0b7e1	תַּעֲלֶה	2	FUT.2MSG|FUT.3FSG		False	PAAL
vocalized	LX-8f40a0b7e1:V2	LX-8f40a0b7e1	תַּעֲלֶינָה	2	FUT.2FPL|FUT.3FPL		False	PAAL
vocalized	LX-8f51ad5f53:V1	LX-8f51ad5f53	תְּאֻכַּל	2	FUT.2MSG|FUT.3FSG		False	PUAL
vocalized	LX-8f51ad5f53:V2	LX-8f51ad5f53	תְּאֻכַּלְנָה	2	FUT.2FPL|FUT.3FPL		False	PUAL
vocalized	LX-8fa48ed626:V1	LX-8fa48ed626	תַּמְלִיץ	2	FUT.2MSG|FUT.3FSG		False	
vocalized	LX-8fa48ed626:V2	LX-8fa48ed626	תַּמְלֵצְנָה	2	FUT.2FPL|FUT.3FPL		False	
vocalized	LX-8fad168902:V1	LX-8fad168902	תְּנֻסֶּה	2	FUT.2MSG|FUT.3FSG		False	
vocalized	LX-8fad168902:V2	LX-8fad168902	תְּנֻסֶּינָה	2	FUT.2FPL|FUT.3FPL		False	
vocalized	LX-8fd108f6c0:V1	LX-8fd108f6c0	תְּחַקֶּה	2	FUT.2MSG|FUT.3FSG		False	PIEL
vocalized	LX-8fd108f6c0:V2	LX-8fd108f6c0	תְּחַקֶּינָה	2	FUT.2FPL|FUT.3FPL		False	PIEL
vocalized	LX-8ff8a9846f:V1	LX-8ff8a9846f	הִתְקַפֵּל	2	PST.3MSG|IMP.2MSG	PST.3MSG	True	HITPAEL
vocalized	LX-8ffa519081:V1	LX-8ffa519081	תְּמַלֵּא	2	FUT.2MSG|FUT.3FSG		False	PIEL
vocalized	LX-8ffa519081:V2	LX-8ffa519081	תְּמַלֶּאנָה	2	FUT.2FPL|FUT.3FPL		False	PIEL
vocalized	LX-902e061982:V1	LX-902e061982	זָז	2	PST.3MSG|PRS.MSG	PST.3MSG	True	PAAL
vocalized	LX-902e061982:V2	LX-902e061982	זָזָה	2	PST.3FSG|PRS.FSG	PST.3FSG	True	PAAL
vocalized	LX-902e061982:V3	LX-902e061982	תָּזוּז	2	FUT.2MSG|FUT.3FSG		False	PAAL
vocalized	LX-902e061982:V4	LX-902e061982	תָּזֹזְנָה	2	FUT.2FPL|FUT.3FPL		False	PAAL
vocalized	LX-90c8fc6830:V1	LX-90c8fc6830	תַּקְרִיא	2	FUT.2MSG|FUT.3FSG		False	HIFIL
vocalized	LX-90c8fc6830:V2	LX-90c8fc6830	תַּקְרֶאנָה	2	FUT.2FPL|FUT.3FPL		False	HIFIL
vocalized	LX-90e15d9d06:V1	LX-90e15d9d06	תִּבְעַל	2	FUT.2MSG|FUT.3FSG		False	PAAL
vocalized	LX-90e15d9d06:V2	LX-90e15d9d06	תִּבְעַלְנָה	2	FUT.2FPL|FUT.3FPL		False	PAAL
vocalized	LX-90e9f30f07:V1	LX-90e9f30f07	תֻּפְשַׁט	2	FUT.2MSG|FUT.3FSG		False	HUFAL
vocalized	LX-90e9f30f07:V2	LX-90e9f30f07	תֻּפְשַׁטְנָה	2	FUT.2FPL|FUT.3FPL		False	HUFAL
vocalized	LX-90fd04ec38:V1	LX-90fd04ec38	תִּרְשֹׁם	2	FUT.2MSG|FUT.3FSG		False	PAAL
vocalized	LX-90fd04ec38:V2	LX-90fd04ec38	תִּרְשֹׁמְנָה	2	FUT.2FPL|FUT.3FPL		False	PAAL
vocalized	LX-91549e4be9:V1	LX-91549e4be9	תִּינַק	2	FUT.2MSG|FUT.3FSG		False	PAAL
vocalized	LX-91549e4be9:V2	LX-91549e4be9	תִּינַקְנָה	2	FUT.2FPL|FUT.3FPL		False	PAAL
vocalized	LX-915582e34b:V1	LX-915582e34b	תַּסְבִּיר	2	FUT.2MSG|FUT.3FSG		False	HIFIL
vocalized	LX-915582e34b:V2	LX-915582e34b	תַּסְבֵּרְנָה	2	FUT.2FPL|FUT.3FPL		False	HIFIL
vocalized	LX-9187694021:V1	LX-9187694021	הִזְדַּעְזֵעַ	2	PST.3MSG|IMP.2MSG	PST.3MSG	True	HITPAEL
vocalized	LX-9187694021:V2	LX-9187694021	הִזְדַּעְזְעוּ	2	PST.3PL|IMP.2MPL	PST.3PL	True	HITPAEL
vocalized	LX-9187694021:V3	LX-9187694021	תִּזְדַּעְזֵעַ	2	FUT.2MSG|FUT.3FSG		False	HITPAEL
vocalized	LX-9187694021:V4	LX-9187694021	תִּזְדַּעְזַעְנָה	2	FUT.2FPL|FUT.3FPL		False	HITPAEL
vocalized	LX-91baee87a2:V1	LX-91baee87a2	הִתְאַמֵּר	2	PST.3MSG|IMP.2MSG	PST.3MSG	True	HITPAEL
vocalized	LX-91fbe13128:V1	LX-91fbe13128	רוֹקֵן	2	PST.3MSG|IMP.2MSG	PST.3MSG	True	
vocalized	LX-91fbe13128:V2	LX-91fbe13128	רוֹקְנוּ	2	PST.3PL|IMP.2MPL	PST.3PL	True	
vocalized	LX-91fbe13128:V3	LX-91fbe13128	תְּרוֹקֵן	2	FUT.2MSG|FUT.3FSG		False	
vocalized	LX-91fbe13128:V4	LX-91fbe13128	תְּרוֹקֵנָּה	2	FUT.2FPL|FUT.3FPL		False	
vocalized	LX-92432ef023:V1	LX-92432ef023	תְּשַׁגֵּעַ	2	FUT.2MSG|FUT.3FSG		False	PIEL
vocalized	LX-92432ef023:V2	LX-92432ef023	תְּשַׁגַּעְנָה	2	FUT.2FPL|FUT.3FPL		False	PIEL
vocalized	LX-929022e792:V1	LX-929022e792	סַב	2	PST.3MSG|PRS.MSG	PST.3MSG	True	PAAL
vocalized	LX-929dec664d:V1	LX-929dec664d	תִּפְקַח	2	FUT.2MSG|FUT.3FSG		False	PAAL
vocalized	LX-929dec664d:V2	LX-929dec664d	תִּפְקַחְנָה	2	FUT.2FPL|FUT.3FPL		False	PAAL
vocalized	LX-92afd53891:V1	LX-92afd53891	הִתְקָרֵר	2	PST.3MSG|IMP.2MSG	PST.3MSG	True	
vocalized	LX-92afd53891:V2	LX-92afd53891	הִתְקָרְרוּ	2	PST.3PL|IMP.2MPL	PST.3PL	True	
vocalized	LX-92afd53891:V3	LX-92afd53891	תִּתְקָרֵר	2	FUT.2MSG|FUT.3FSG		False	
vocalized	LX-92afd53891:V4	LX-92afd53891	תִּתְקָרֵרְנָה	2	FUT.2FPL|FUT.3FPL		False	
vocalized	LX-92fcfa9de5:V1	LX-92fcfa9de5	תְּצַטֵּט	2	FUT.2MSG|FUT.3FSG		False	PIEL
vocalized	LX-92fcfa9de5:V2	LX-92fcfa9de5	תְּצַטֵּטְנָה	2	FUT.2FPL|FUT.3FPL		False	PIEL
vocalized	LX-9300efaa00:V1	LX-9300efaa00	נִקְנֵית	2	PST.2FSG|PRS.FSG	PST.2FSG	True	NIFAL
vocalized	LX-9300efaa00:V2	LX-9300efaa00	תִּקָּנֶה	2	FUT.2MSG|FUT.3FSG		False	NIFAL
vocalized	LX-9300efaa00:V3	LX-9300efaa00	תִּקָּנֶינָה	2	FUT.2FPL|FUT.3FPL		False	NIFAL
vocalized	LX-931f628b7b:V1	LX-931f628b7b	הִסְתַּעֵף	2	PST.3MSG|IMP.2MSG	PST.3MSG	True	
vocalized	LX-931f628b7b:V2	LX-931f628b7b	הִסְתַּעֲפוּ	2	PST.3PL|IMP.2MPL	PST.3PL	True	
vocalized	LX-931f628b7b:V3	LX-931f628b7b	תִּסְתַּעֵף	2	FUT.2MSG|FUT.3FSG		False	
vocalized	LX-931f628b7b:V4	LX-931f628b7b	תִּסְתַּעֵפְנָה	2	FUT.2FPL|FUT.3FPL		False	
vocalized	LX-932d874cf9:V1	LX-932d874cf9	תַּפְחִית	2	FUT.2MSG|FUT.3FSG		False	HIFIL
vocalized	LX-932d874cf9:V2	LX-932d874cf9	תַּפְחֵתְנָה	2	FUT.2FPL|FUT.3FPL		False	HIFIL
vocalized	LX-9359efa622:V1	LX-9359efa622	תִּצְחַק	2	FUT.2MSG|FUT.3FSG		False	PAAL
vocalized	LX-9359efa622:V2	LX-9359efa622	תִּצְחַקְנָה	2	FUT.2FPL|FUT.3FPL		False	PAAL
vocalized	LX-9389d0d56a:V1	LX-9389d0d56a	הִתְנַשֵּׁק	2	PST.3MSG|IMP.2MSG	PST.3MSG	True	HITPAEL
vocalized	LX-9389d0d56a:V2	LX-9389d0d56a	הִתְנַשְּׁקוּ	2	PST.3PL|IMP.2MPL	PST.3PL	True	HITPAEL
vocalized	LX-9389d0d56a:V3	LX-9389d0d56a	תִּתְנַשֵּׁק	2	FUT.2MSG|FUT.3FSG		False	HITPAEL
vocalized	LX-9389d0d56a:V4	LX-9389d0d56a	תִּתְנַשֵּׁקְנָה	2	FUT.2FPL|FUT.3FPL		False	HITPAEL
vocalized	LX-93aad878fe:V1	LX-93aad878fe	הִתְקוֹמֵם	2	PST.3MSG|IMP.2MSG	PST.3MSG	True	HITPAEL
vocalized	LX-93aad878fe:V2	LX-93aad878fe	הִתְקוֹמְמוּ	2	PST.3PL|IMP.2MPL	PST.3PL	True	HITPAEL
vocalized	LX-93aad878fe:V3	LX-93aad878fe	תִּתְקוֹמֵם	2	FUT.2MSG|FUT.3FSG		False	HITPAEL
vocalized	LX-93aad878fe:V4	LX-93aad878fe	תִּתְקוֹמֵמְנָה	2	FUT.2FPL|FUT.3FPL		False	HITPAEL
vocalized	LX-93ee65b449:V1	LX-93ee65b449	הִשְׁתַּכְנֵעַ	2	PST.3MSG|IMP.2MSG	PST.3MSG	True	
vocalized	LX-93ee65b449:V2	LX-93ee65b449	הִשְׁתַּכְנְעוּ	2	PST.3PL|IMP.2MPL	PST.3PL	True	
vocalized	LX-93ee65b449:V3	LX-93ee65b449	תִּשְׁתַּכְנֵעַ	2	FUT.2MSG|FUT.3FSG		False	
vocalized	LX-93ee65b449:V4	LX-93ee65b449	תִּשְׁתַּכְנַעְנָה	2	FUT.2FPL|FUT.3FPL		False	
vocalized	LX-94279da3a4:V1	LX-94279da3a4	תַּטְבִּיעַ	2	FUT.2MSG|FUT.3FSG		False	HIFIL
vocalized	LX-94279da3a4:V2	LX-94279da3a4	תַּטְבַּעְנָה	2	FUT.2FPL|FUT.3FPL		False	HIFIL
vocalized	LX-94e6564083:V1	LX-94e6564083	תְּטֻפַּל	2	FUT.2MSG|FUT.3FSG		False	
vocalized	LX-94e6564083:V2	LX-94e6564083	תְּטֻפַּלְנָה	2	FUT.2FPL|FUT.3FPL		False	
vocalized	LX-94f949cad8:V1	LX-94f949cad8	תַּגְבִּיר	2	FUT.2MSG|FUT.3FSG		False	HIFIL
vocalized	LX-94f949cad8:V2	LX-94f949cad8	תַּגְבֵּרְנָה	2	FUT.2FPL|FUT.3FPL		False	HIFIL
vocalized	LX-956f476cb6:V1	LX-956f476cb6	הִתְפַּלֵּא	2	PST.3MSG|IMP.2MSG	PST.3MSG	True	HITPAEL
vocalized	LX-956f476cb6:V2	LX-956f476cb6	הִתְפַּלְּאוּ	2	PST.3PL|IMP.2MPL	PST.3PL	True	HITPAEL
vocalized	LX-956f476cb6:V3	LX-956f476cb6	תִּתְפַּלֵּא	2	FUT.2MSG|FUT.3FSG		False	HITPAEL
vocalized	LX-956f476cb6:V4	LX-956f476cb6	תִּתְפַּלֶּאנָה	2	FUT.2FPL|FUT.3FPL		False	HITPAEL
vocalized	LX-96172c4114:V1	LX-96172c4114	תַּשְׁתִּיל	2	FUT.2MSG|FUT.3FSG		False	
vocalized	LX-96172c4114:V2	LX-96172c4114	תַּשְׁתֵּלְנָה	2	FUT.2FPL|FUT.3FPL		False	
vocalized	LX-966fe7f207:V1	LX-966fe7f207	הִתְאַבֵּד	2	PST.3MSG|IMP.2MSG	PST.3MSG	True	HITPAEL
vocalized	LX-966fe7f207:V2	LX-966fe7f207	הִתְאַבְּדוּ	2	PST.3PL|IMP.2MPL	PST.3PL	True	HITPAEL
vocalized	LX-966fe7f207:V3	LX-966fe7f207	תִּתְאַבֵּד	2	FUT.2MSG|FUT.3FSG		False	HITPAEL
vocalized	LX-966fe7f207:V4	LX-966fe7f207	תִּתְאַבֵּדְנָה	2	FUT.2FPL|FUT.3FPL		False	HITPAEL
vocalized	LX-97151a7cb5:V1	LX-97151a7cb5	נָח	2	PST.3MSG|PRS.MSG	PST.3MSG	True	PAAL
vocalized	LX-97151a7cb5:V2	LX-97151a7cb5	נָחָה	2	PST.3FSG|PRS.FSG	PST.3FSG	True	PAAL
vocalized	LX-97151a7cb5:V3	LX-97151a7cb5	תָּנוּחַ	2	FUT.2MSG|FUT.3FSG		False	PAAL
vocalized	LX-97151a7cb5:V4	LX-97151a7cb5	תָּנַחְנָה	2	FUT.2FPL|FUT.3FPL		False	PAAL
vocalized	LX-971f876f7b:V1	LX-971f876f7b	תּוּכַל	2	FUT.2MSG|FUT.3FSG		False	PAAL
vocalized	LX-971f876f7b:V2	LX-971f876f7b	תּוּכַלְנָה	2	FUT.2FPL|FUT.3FPL		False	PAAL
vocalized	LX-97654703cd:V1	LX-97654703cd	תְּכֻבֶּה	2	FUT.2MSG|FUT.3FSG		False	
vocalized	LX-97654703cd:V2	LX-97654703cd	תְּכֻבֶּינָה	2	FUT.2FPL|FUT.3FPL		False	
vocalized	LX-97d731765c:V1	LX-97d731765c	תְּנַחֵם	2	FUT.2MSG|FUT.3FSG		False	PIEL
vocalized	LX-97d731765c:V2	LX-97d731765c	תְּנַחֵמְנָה	2	FUT.2FPL|FUT.3FPL		False	PIEL
vocalized	LX-98e9624fa1:V1	LX-98e9624fa1	תֶּאֱרַח	2	FUT.2MSG|FUT.3FSG		False	PAAL
vocalized	LX-98e9624fa1:V2	LX-98e9624fa1	תֶּאֱרַחְנָה	2	FUT.2FPL|FUT.3FPL		False	PAAL
vocalized	LX-993161330e:V1	LX-993161330e	הִשְׁתַּנּוּ	2	PST.3PL|IMP.2MPL	PST.3PL	True	HITPAEL
vocalized	LX-993161330e:V2	LX-993161330e	תִּשְׁתַּנֶּה	2	FUT.2MSG|FUT.3FSG		False	HITPAEL
vocalized	LX-993161330e:V3	LX-993161330e	תִּשְׁתַּנֶּינָה	2	FUT.2FPL|FUT.3FPL		False	HITPAEL
vocalized	LX-9951edac18:V1	LX-9951edac18	לָן	2	PST.3MSG|PRS.MSG	PST.3MSG	True	PAAL
vocalized	LX-9951edac18:V2	LX-9951edac18	לָנָה	2	PST.3FSG|PRS.FSG	PST.3FSG	True	PAAL
vocalized	LX-9951edac18:V3	LX-9951edac18	תָּלוּן	2	FUT.2MSG|FUT.3FSG		False	PAAL
vocalized	LX-9951edac18:V4	LX-9951edac18	תָּלֹנָּה	2	FUT.2FPL|FUT.3FPL		False	PAAL
vocalized	LX-9966c03a4e:V1	LX-9966c03a4e	תִּסְגֹּד	2	FUT.2MSG|FUT.3FSG		False	PAAL
vocalized	LX-9966c03a4e:V2	LX-9966c03a4e	תִּסְגֹּדְנָה	2	FUT.2FPL|FUT.3FPL		False	PAAL
vocalized	LX-9af9390a84:V1	LX-9af9390a84	תְּבַקֵּר	2	FUT.2MSG|FUT.3FSG		False	PIEL
vocalized	LX-9af9390a84:V2	LX-9af9390a84	תְּבַקֵּרְנָה	2	FUT.2FPL|FUT.3FPL		False	PIEL
vocalized	LX-9b09c788c8:V1	LX-9b09c788c8	תַּעֲזֹב	2	FUT.2MSG|FUT.3FSG		False	PAAL
vocalized	LX-9b09c788c8:V2	LX-9b09c788c8	תַּעֲזֹבְנָה	2	FUT.2FPL|FUT.3FPL		False	PAAL
vocalized	LX-9b1c3af462:V1	LX-9b1c3af462	הִתְקָרֵב	2	PST.3MSG|IMP.2MSG	PST.3MSG	True	HITPAEL
vocalized	LX-9b1c3af462:V2	LX-9b1c3af462	הִתְקָרְבוּ	2	PST.3PL|IMP.2MPL	PST.3PL	True	HITPAEL
vocalized	LX-9b1c3af462:V3	LX-9b1c3af462	תִּתְקָרֵב	2	FUT.2MSG|FUT.3FSG		False	HITPAEL
vocalized	LX-9b1c3af462:V4	LX-9b1c3af462	תִּתְקָרֵבְנָה	2	FUT.2FPL|FUT.3FPL		False	HITPAEL
vocalized	LX-9b38478215:V1	LX-9b38478215	תְּסָרֵב	2	FUT.2MSG|FUT.3FSG		False	PIEL
vocalized	LX-9b38478215:V2	LX-9b38478215	תְּסָרֵבְנָה	2	FUT.2FPL|FUT.3FPL		False	PIEL
vocalized	LX-9b5ec63a2f:V1	LX-9b5ec63a2f	הִתְבַּדֵּחַ	2	PST.3MSG|IMP.2MSG	PST.3MSG	True	
vocalized	LX-9b5ec63a2f:V2	LX-9b5ec63a2f	הִתְבַּדְּחוּ	2	PST.3PL|IMP.2MPL	PST.3PL	True	
vocalized	LX-9b5ec63a2f:V3	LX-9b5ec63a2f	תִּתְבַּדֵּחַ	2	FUT.2MSG|FUT.3FSG		False	
vocalized	LX-9b5ec63a2f:V4	LX-9b5ec63a2f	תִּתְבַּדַּחְנָה	2	FUT.2FPL|FUT.3FPL		False	
vocalized	LX-9c8c65490a:V1	LX-9c8c65490a	תִּסָּגֵר	2	FUT.2MSG|FUT.3FSG		False	NIFAL
vocalized	LX-9c8c65490a:V2	LX-9c8c65490a	תִּסָּגֵרְנָה	2	FUT.2FPL|FUT.3FPL		False	NIFAL
vocalized	LX-9c9931e2cb:V1	LX-9c9931e2cb	תְּכַתֵּר	2	FUT.2MSG|FUT.3FSG		False	PIEL
vocalized	LX-9c9931e2cb:V2	LX-9c9931e2cb	תְּכַתֵּרְנָה	2	FUT.2FPL|FUT.3FPL		False	PIEL
vocalized	LX-9cae0823c4:V1	LX-9cae0823c4	תִּשְׁבֶּה	2	FUT.2MSG|FUT.3FSG		False	PAAL
vocalized	LX-9cae0823c4:V2	LX-9cae0823c4	תִּשְׁבֶּינָה	2	FUT.2FPL|FUT.3FPL		False	PAAL
vocalized	LX-9cf290ffff:V1	LX-9cf290ffff	תִּפְרֹק	2	FUT.2MSG|FUT.3FSG		False	PAAL
vocalized	LX-9cf290ffff:V2	LX-9cf290ffff	תִּפְרֹקְנָה	2	FUT.2FPL|FUT.3FPL		False	PAAL
vocalized	LX-9d187e35c4:V1	LX-9d187e35c4	תֻּתְקַף	2	FUT.2MSG|FUT.3FSG		False	HUFAL
vocalized	LX-9d187e35c4:V2	LX-9d187e35c4	תֻּתְקַפְנָה	2	FUT.2FPL|FUT.3FPL		False	HUFAL
vocalized	LX-9d3b73f59f:V1	LX-9d3b73f59f	תִּשְׁרֹק	2	FUT.2MSG|FUT.3FSG		False	PAAL
vocalized	LX-9d3b73f59f:V2	LX-9d3b73f59f	תִּשְׁרֹקְנָה	2	FUT.2FPL|FUT.3FPL		False	PAAL
vocalized	LX-9d48bcafe1:V1	LX-9d48bcafe1	תִּשְׁחַק	2	FUT.2MSG|FUT.3FSG		False	PAAL
vocalized	LX-9d48bcafe1:V2	LX-9d48bcafe1	תִּשְׁחַקְנָה	2	FUT.2FPL|FUT.3FPL		False	PAAL
vocalized	LX-9d8f0c1ee0:V1	LX-9d8f0c1ee0	תֵּאָגֵר	2	FUT.2MSG|FUT.3FSG		False	
vocalized	LX-9d8f0c1ee0:V2	LX-9d8f0c1ee0	תֵּאָגֵרְנָה	2	FUT.2FPL|FUT.3FPL		False	
vocalized	LX-9e5c4f8bbc:V1	LX-9e5c4f8bbc	תְּכַנֵּס	2	FUT.2MSG|FUT.3FSG		False	PIEL
vocalized	LX-9e5c4f8bbc:V2	LX-9e5c4f8bbc	תְּכַנֵּסְנָה	2	FUT.2FPL|FUT.3FPL		False	PIEL
vocalized	LX-9e8eef1f05:V1	LX-9e8eef1f05	תַּעֲרֹק	2	FUT.2MSG|FUT.3FSG		False	PAAL
vocalized	LX-9e8eef1f05:V2	LX-9e8eef1f05	תַּעֲרֹקְנָה	2	FUT.2FPL|FUT.3FPL		False	PAAL
vocalized	LX-9eb2863f07:V1	LX-9eb2863f07	תְּגַדֵּל	2	FUT.2MSG|FUT.3FSG		False	PIEL
vocalized	LX-9eb2863f07:V2	LX-9eb2863f07	תְּגַדֵּלְנָה	2	FUT.2FPL|FUT.3FPL		False	PIEL
vocalized	LX-9eb79f75d1:V1	LX-9eb79f75d1	תֶּחְכַּם	2	FUT.2MSG|FUT.3FSG		False	PAAL
vocalized	LX-9eb79f75d1:V2	LX-9eb79f75d1	תֶּחְכַּמְנָה	2	FUT.2FPL|FUT.3FPL		False	PAAL
vocalized	LX-9ed9e23d39:V1	LX-9ed9e23d39	תְּמֻפֶּה	2	FUT.2MSG|FUT.3FSG		False	
vocalized	LX-9ed9e23d39:V2	LX-9ed9e23d39	תְּמֻפֶּינָה	2	FUT.2FPL|FUT.3FPL		False	
vocalized	LX-9f68f0332b:V1	LX-9f68f0332b	רָץ	2	PST.3MSG|PRS.MSG	PST.3MSG	True	PAAL
vocalized	LX-9f68f0332b:V2	LX-9f68f0332b	רָצָה	2	PST.3FSG|PRS.FSG	PST.3FSG	True	PAAL
vocalized	LX-9f68f0332b:V3	LX-9f68f0332b	תָּרוּץ	2	FUT.2MSG|FUT.3FSG		False	PAAL
vocalized	LX-9f68f0332b:V4	LX-9f68f0332b	תָּרֹצְנָה	2	FUT.2FPL|FUT.3FPL		False	PAAL
vocalized	LX-9ff98c324f:V1	LX-9ff98c324f	עוֹדֵד	2	PST.3MSG|IMP.2MSG	PST.3MSG	True	PIEL
vocalized	LX-9ff98c324f:V2	LX-9ff98c324f	עוֹדְדוּ	2	PST.3PL|IMP.2MPL	PST.3PL	True	PIEL
vocalized	LX-9ff98c324f:V3	LX-9ff98c324f	תְּעוֹדֵד	2	FUT.2MSG|FUT.3FSG		False	PIEL
vocalized	LX-9ff98c324f:V4	LX-9ff98c324f	תְּעוֹדֵדְנָה	2	FUT.2FPL|FUT.3FPL		False	PIEL
vocalized	LX-a00b218f35:V1	LX-a00b218f35	תְּחַצְרֵץ	2	FUT.2MSG|FUT.3FSG		False	
vocalized	LX-a00b218f35:V2	LX-a00b218f35	תְּחַצְרֵצְנָה	2	FUT.2FPL|FUT.3FPL		False	
vocalized	LX-a095e48d2a:V1	LX-a095e48d2a	הִתְבַּזְבֵּז	2	PST.3MSG|IMP.2MSG	PST.3MSG	True	
vocalized	LX-a095e48d2a:V2	LX-a095e48d2a	הִתְבַּזְבְּזוּ	2	PST.3PL|IMP.2MPL	PST.3PL	True	
vocalized	LX-a095e48d2a:V3	LX-a095e48d2a	תִּתְבַּזְבֵּז	2	FUT.2MSG|FUT.3FSG		False	
vocalized	LX-a095e48d2a:V4	LX-a095e48d2a	תִּתְבַּזְבֵּזְנָה	2	FUT.2FPL|FUT.3FPL		False	
vocalized	LX-a099a47335:V1	LX-a099a47335	תֻּתְפַּל	2	FUT.2MSG|FUT.3FSG		False	
vocalized	LX-a099a47335:V2	LX-a099a47335	תֻּתְפַּלְנָה	2	FUT.2FPL|FUT.3FPL		False	
vocalized	LX-a12a9457dd:V1	LX-a12a9457dd	הִתְנַחֵל	2	PST.3MSG|IMP.2MSG	PST.3MSG	True	HITPAEL
vocalized	LX-a12a9457dd:V2	LX-a12a9457dd	הִתְנַחֲלוּ	2	PST.3PL|IMP.2MPL	PST.3PL	True	HITPAEL
vocalized	LX-a12a9457dd:V3	LX-a12a9457dd	תִּתְנַחֵל	2	FUT.2MSG|FUT.3FSG		False	HITPAEL
vocalized	LX-a12a9457dd:V4	LX-a12a9457dd	תִּתְנַחֵלְנָה	2	FUT.2FPL|FUT.3FPL		False	HITPAEL
vocalized	LX-a15ae8bb13:V1	LX-a15ae8bb13	תִּבְכֶּה	2	FUT.2MSG|FUT.3FSG		False	PAAL
vocalized	LX-a15ae8bb13:V2	LX-a15ae8bb13	תִּבְכֶּינָה	2	FUT.2FPL|FUT.3FPL		False	PAAL
vocalized	LX-a16eebd721:V1	LX-a16eebd721	תִּצְרַח	2	FUT.2MSG|FUT.3FSG		False	PAAL
vocalized	LX-a16eebd721:V2	LX-a16eebd721	תִּצְרַחְנָה	2	FUT.2FPL|FUT.3FPL		False	PAAL
vocalized	LX-a1721232ad:V1	LX-a1721232ad	הִשְׁתַּמֵּר	2	PST.3MSG|IMP.2MSG	PST.3MSG	True	HITPAEL
vocalized	LX-a1721232ad:V2	LX-a1721232ad	הִשְׁתַּמְּרוּ	2	PST.3PL|IMP.2MPL	PST.3PL	True	HITPAEL
vocalized	LX-a1721232ad:V3	LX-a1721232ad	תִּשְׁתַּמֵּר	2	FUT.2MSG|FUT.3FSG		False	HITPAEL
vocalized	LX-a1721232ad:V4	LX-a1721232ad	תִּשְׁתַּמֵּרְנָה	2	FUT.2FPL|FUT.3FPL		False	HITPAEL
vocalized	LX-a1730da6ca:V1	LX-a1730da6ca	תְּכֻתַּב	2	FUT.2MSG|FUT.3FSG		False	PUAL
vocalized	LX-a27a5ada0f:V1	LX-a27a5ada0f	תְּשַׁפֵּר	2	FUT.2MSG|FUT.3FSG		False	PIEL
vocalized	LX-a27a5ada0f:V2	LX-a27a5ada0f	תְּשַׁפֵּרְנָה	2	FUT.2FPL|FUT.3FPL		False	PIEL
vocalized	LX-a29d1723dd:V1	LX-a29d1723dd	הִתְרַבּוּ	2	PST.3PL|IMP.2MPL	PST.3PL	True	
vocalized	LX-a29d1723dd:V2	LX-a29d1723dd	תִּתְרַבֶּה	2	FUT.2MSG|FUT.3FSG		False	
vocalized	LX-a29d1723dd:V3	LX-a29d1723dd	תִּתְרַבֶּינָה	2	FUT.2FPL|FUT.3FPL		False	
vocalized	LX-a2d4cd4ef4:V1	LX-a2d4cd4ef4	תִּבְדֹּק	2	FUT.2MSG|FUT.3FSG		False	PAAL
vocalized	LX-a2d4cd4ef4:V2	LX-a2d4cd4ef4	תִּבְדֹּקְנָה	2	FUT.2FPL|FUT.3FPL		False	PAAL
vocalized	LX-a2d95ab3c6:V1	LX-a2d95ab3c6	תַּצְהִיר	2	FUT.2MSG|FUT.3FSG		False	
vocalized	LX-a2d95ab3c6:V2	LX-a2d95ab3c6	תַּצְהֵרְנָה	2	FUT.2FPL|FUT.3FPL		False	
vocalized	LX-a2fa6ff0d1:V1	LX-a2fa6ff0d1	תַּמְצִיא	2	FUT.2MSG|FUT.3FSG		False	HIFIL
vocalized	LX-a2fa6ff0d1:V2	LX-a2fa6ff0d1	תַּמְצֶאנָה	2	FUT.2FPL|FUT.3FPL		False	HIFIL
vocalized	LX-a300384fed:V1	LX-a300384fed	תִּבְעַר	2	FUT.2MSG|FUT.3FSG		False	PAAL
vocalized	LX-a300384fed:V2	LX-a300384fed	תִּבְעַרְנָה	2	FUT.2FPL|FUT.3FPL		False	PAAL
vocalized	LX-a383999e28:V1	LX-a383999e28	דָּץ	2	PST.3MSG|PRS.MSG	PST.3MSG	True	PAAL
vocalized	LX-a3ab5c17da:V1	LX-a3ab5c17da	הִתְעַמֵּר	2	PST.3MSG|IMP.2MSG	PST.3MSG	True	HITPAEL
vocalized	LX-a3ab5c17da:V2	LX-a3ab5c17da	הִתְעַמְּרוּ	2	PST.3PL|IMP.2MPL	PST.3PL	True	HITPAEL
vocalized	LX-a3ab5c17da:V3	LX-a3ab5c17da	תִּתְעַמֵּר	2	FUT.2MSG|FUT.3FSG		False	HITPAEL
vocalized	LX-a3ab5c17da:V4	LX-a3ab5c17da	תִּתְעַמֵּרְנָה	2	FUT.2FPL|FUT.3FPL		False	HITPAEL
vocalized	LX-a3d04ae0f7:V1	LX-a3d04ae0f7	תֶּחֱטָא	2	FUT.2MSG|FUT.3FSG		False	
vocalized	LX-a3d04ae0f7:V2	LX-a3d04ae0f7	תֶּחֱטֶאנָה	2	FUT.2FPL|FUT.3FPL		False	
vocalized	LX-a3dc4f722f:V1	LX-a3dc4f722f	הִזְדָּרֵז	2	PST.3MSG|IMP.2MSG	PST.3MSG	True	
vocalized	LX-a3dc4f722f:V2	LX-a3dc4f722f	הִזְדָּרְזוּ	2	PST.3PL|IMP.2MPL	PST.3PL	True	
vocalized	LX-a3dc4f722f:V3	LX-a3dc4f722f	תִּזְדָּרֵז	2	FUT.2MSG|FUT.3FSG		False	
vocalized	LX-a3dc4f722f:V4	LX-a3dc4f722f	תִּזְדָּרֵזְנָה	2	FUT.2FPL|FUT.3FPL		False	
vocalized	LX-a40368b6cd:V1	LX-a40368b6cd	הִתְדַּפֵּק	2	PST.3MSG|IMP.2MSG	PST.3MSG	True	HITPAEL
vocalized	LX-a411466c59:V1	LX-a411466c59	תַּבִּיט	2	FUT.2MSG|FUT.3FSG		False	HIFIL
vocalized	LX-a411466c59:V2	LX-a411466c59	תַּבֵּטְנָה	2	FUT.2FPL|FUT.3FPL		False	HIFIL
vocalized	LX-a420b915b8:V1	LX-a420b915b8	תֶּאֱבַל	2	FUT.2MSG|FUT.3FSG		False	PAAL
vocalized	LX-a420b915b8:V2	LX-a420b915b8	תֶּאֱבַלְנָה	2	FUT.2FPL|FUT.3FPL		False	PAAL
vocalized	LX-a43a976054:V1	LX-a43a976054	תֵּרָצַח	2	FUT.2MSG|FUT.3FSG		False	
vocalized	LX-a43a976054:V2	LX-a43a976054	תֵּרָצַחְנָה	2	FUT.2FPL|FUT.3FPL		False	
vocalized	LX-a484b60a5b:V1	LX-a484b60a5b	פּוֹצֵץ	2	PST.3MSG|IMP.2MSG	PST.3MSG	True	PIEL
vocalized	LX-a484b60a5b:V2	LX-a484b60a5b	פּוֹצְצוּ	2	PST.3PL|IMP.2MPL	PST.3PL	True	PIEL
vocalized	LX-a484b60a5b:V3	LX-a484b60a5b	תְּפוֹצֵץ	2	FUT.2MSG|FUT.3FSG		False	PIEL
vocalized	LX-a484b60a5b:V4	LX-a484b60a5b	תְּפוֹצֵצְנָה	2	FUT.2FPL|FUT.3FPL		False	PIEL
vocalized	LX-a48e8319ba:V1	LX-a48e8319ba	תַּקְפִּיא	2	FUT.2MSG|FUT.3FSG		False	HIFIL
vocalized	LX-a48e8319ba:V2	LX-a48e8319ba	תַּקְפֶּאנָה	2	FUT.2FPL|FUT.3FPL		False	HIFIL
vocalized	LX-a491d2ecbf:V1	LX-a491d2ecbf	תְּטַפֵּל	2	FUT.2MSG|FUT.3FSG		False	PIEL
vocalized	LX-a491d2ecbf:V2	LX-a491d2ecbf	תְּטַפֵּלְנָה	2	FUT.2FPL|FUT.3FPL		False	PIEL
vocalized	LX-a498af67b5:V1	LX-a498af67b5	תִּגָּמֵר	2	FUT.2MSG|FUT.3FSG		False	NIFAL
vocalized	LX-a498af67b5:V2	LX-a498af67b5	תִּגָּמֵרְנָה	2	FUT.2FPL|FUT.3FPL		False	NIFAL
vocalized	LX-a4a3b63a4b:V1	LX-a4a3b63a4b	תְּאֻמַּץ	2	FUT.2MSG|FUT.3FSG		False	
vocalized	LX-a4a3b63a4b:V2	LX-a4a3b63a4b	תְּאֻמַּצְנָה	2	FUT.2FPL|FUT.3FPL		False	
vocalized	LX-a4d20d2ce7:V1	LX-a4d20d2ce7	תְּטַגֵּן	2	FUT.2MSG|FUT.3FSG		False	PIEL
vocalized	LX-a4d20d2ce7:V2	LX-a4d20d2ce7	תְּטַגֵּנָּה	2	FUT.2FPL|FUT.3FPL		False	PIEL
vocalized	LX-a4e65457f5:V1	LX-a4e65457f5	תַּחְזִיר	2	FUT.2MSG|FUT.3FSG		False	
vocalized	LX-a4e65457f5:V2	LX-a4e65457f5	תַּחְזֵרְנָה	2	FUT.2FPL|FUT.3FPL		False	
vocalized	LX-a502ee8488:V1	LX-a502ee8488	תַּרְחִיב	2	FUT.2MSG|FUT.3FSG		False	HIFIL
vocalized	LX-a502ee8488:V2	LX-a502ee8488	תַּרְחֵבְנָה	2	FUT.2FPL|FUT.3FPL		False	HIFIL
vocalized	LX-a574dfad31:V1	LX-a574dfad31	תְּיַשֵּׁב	2	FUT.2MSG|FUT.3FSG		False	PIEL
vocalized	LX-a574dfad31:V2	LX-a574dfad31	יְיַשֵּׁב	2	FUT.3MSG|FUT.1PL		False	PIEL
vocalized	LX-a58050586e:V1	LX-a58050586e	תְּסַנֵּן	2	FUT.2MSG|FUT.3FSG		False	PIEL
vocalized	LX-a58050586e:V2	LX-a58050586e	תְּסַנֵּנָּה	2	FUT.2FPL|FUT.3FPL		False	PIEL
vocalized	LX-a5b5832115:V1	LX-a5b5832115	גַּן	2	PST.3MSG|PRS.MSG	PST.3MSG	True	PAAL
vocalized	LX-a5fa42846e:V1	LX-a5fa42846e	תְּיַצֵּב	2	FUT.2MSG|FUT.3FSG		False	PIEL
vocalized	LX-a5fa42846e:V2	LX-a5fa42846e	יְיַצֵּב	2	FUT.3MSG|FUT.1PL		False	PIEL
vocalized	LX-a640e0449d:V1	LX-a640e0449d	תִּזְרֹק	2	FUT.2MSG|FUT.3FSG		False	PAAL
vocalized	LX-a640e0449d:V2	LX-a640e0449d	תִּזְרֹקְנָה	2	FUT.2FPL|FUT.3FPL		False	PAAL
vocalized	LX-a646782180:V1	LX-a646782180	תִּקְטַן	2	FUT.2MSG|FUT.3FSG		False	PAAL
vocalized	LX-a646782180:V2	LX-a646782180	תִּקְטַנָּה	2	FUT.2FPL|FUT.3FPL		False	PAAL
vocalized	LX-a69a95507a:V1	LX-a69a95507a	תְּקַלְקֵל	2	FUT.2MSG|FUT.3FSG		False	PIEL
vocalized	LX-a69a95507a:V2	LX-a69a95507a	תְּקַלְקֵלְנָה	2	FUT.2FPL|FUT.3FPL		False	PIEL
vocalized	LX-a6cb134b21:V1	LX-a6cb134b21	הִתְרַחֵץ	2	PST.3MSG|IMP.2MSG	PST.3MSG	True	HITPAEL
vocalized	LX-a6cb134b21:V2	LX-a6cb134b21	הִתְרַחֲצוּ	2	PST.3PL|IMP.2MPL	PST.3PL	True	HITPAEL
vocalized	LX-a6cb134b21:V3	LX-a6cb134b21	תִּתְרַחֵץ	2	FUT.2MSG|FUT.3FSG		False	HITPAEL
vocalized	LX-a6cb134b21:V4	LX-a6cb134b21	תִּתְרַחֵצְנָה	2	FUT.2FPL|FUT.3FPL		False	HITPAEL
vocalized	LX-a70d615cdb:V1	LX-a70d615cdb	שׁוֹטֵט	2	PST.3MSG|IMP.2MSG	PST.3MSG	True	PIEL
vocalized	LX-a70d615cdb:V2	LX-a70d615cdb	שׁוֹטְטוּ	2	PST.3PL|IMP.2MPL	PST.3PL	True	PIEL
vocalized	LX-a70d615cdb:V3	LX-a70d615cdb	תְּשׁוֹטֵט	2	FUT.2MSG|FUT.3FSG		False	PIEL
vocalized	LX-a70d615cdb:V4	LX-a70d615cdb	תְּשׁוֹטֵטְנָה	2	FUT.2FPL|FUT.3FPL		False	PIEL
vocalized	LX-a74f1fcae7:V1	LX-a74f1fcae7	תּוּשַׁב	2	FUT.2MSG|FUT.3FSG		False	HUFAL
vocalized	LX-a74f1fcae7:V2	LX-a74f1fcae7	תּוּשַׁבְנָה	2	FUT.2FPL|FUT.3FPL		False	HUFAL
vocalized	LX-a74fd16129:V1	LX-a74fd16129	שָׂח	2	PST.3MSG|PRS.MSG	PST.3MSG	True	PAAL
vocalized	LX-a750fa1e38:V1	LX-a750fa1e38	גּוֹנֵן	2	PST.3MSG|IMP.2MSG	PST.3MSG	True	PIEL
vocalized	LX-a7607e39c4:V1	LX-a7607e39c4	הִתְקַדֵּשׁ	2	PST.3MSG|IMP.2MSG	PST.3MSG	True	
vocalized	LX-a7607e39c4:V2	LX-a7607e39c4	הִתְקַדְּשׁוּ	2	PST.3PL|IMP.2MPL	PST.3PL	True	
vocalized	LX-a7607e39c4:V3	LX-a7607e39c4	תִּתְקַדֵּשׁ	2	FUT.2MSG|FUT.3FSG		False	
vocalized	LX-a7607e39c4:V4	LX-a7607e39c4	תִּתְקַדֵּשְׁנָה	2	FUT.2FPL|FUT.3FPL		False	
vocalized	LX-a7703049f1:V1	LX-a7703049f1	תְּחֻבַּר	2	FUT.2MSG|FUT.3FSG		False	
vocalized	LX-a7703049f1:V2	LX-a7703049f1	תְּחֻבַּרְנָה	2	FUT.2FPL|FUT.3FPL		False	
vocalized	LX-a7bf420dea:V1	LX-a7bf420dea	נָלוֹז	2	PST.3MSG|PRS.MSG	PST.3MSG	True	NIFAL
vocalized	LX-a7d48f1ec2:V1	LX-a7d48f1ec2	תִּכְבֹּשׁ	2	FUT.2MSG|FUT.3FSG		False	PAAL
vocalized	LX-a7d48f1ec2:V2	LX-a7d48f1ec2	תִּכְבֹּשְׁנָה	2	FUT.2FPL|FUT.3FPL		False	PAAL
vocalized	LX-a8183f4292:V1	LX-a8183f4292	הִתְכּוֹנֵן	2	PST.3MSG|IMP.2MSG	PST.3MSG	True	HITPAEL
vocalized	LX-a8183f4292:V2	LX-a8183f4292	הִתְכּוֹנְנוּ	2	PST.3PL|IMP.2MPL	PST.3PL	True	HITPAEL
vocalized	LX-a8183f4292:V3	LX-a8183f4292	תִּתְכּוֹנֵן	2	FUT.2MSG|FUT.3FSG		False	HITPAEL
vocalized	LX-a8183f4292:V4	LX-a8183f4292	תִּתְכּוֹנֵנָּה	2	FUT.2FPL|FUT.3FPL		False	HITPAEL
vocalized	LX-a850898d95:V1	LX-a850898d95	תִּגְמֹר	2	FUT.2MSG|FUT.3FSG		False	PAAL
vocalized	LX-a850898d95:V2	LX-a850898d95	תִּגְמֹרְנָה	2	FUT.2FPL|FUT.3FPL		False	PAAL
vocalized	LX-a87c528197:V1	LX-a87c528197	בּוֹדֵד	2	PST.3MSG|IMP.2MSG	PST.3MSG	True	PIEL
vocalized	LX-a87c528197:V2	LX-a87c528197	בּוֹדְדוּ	2	PST.3PL|IMP.2MPL	PST.3PL	True	PIEL
vocalized	LX-a87c528197:V3	LX-a87c528197	תְּבוֹדֵד	2	FUT.2MSG|FUT.3FSG		False	PIEL
vocalized	LX-a87c528197:V4	LX-a87c528197	תְּבוֹדֵדְנָה	2	FUT.2FPL|FUT.3FPL		False	PIEL
vocalized	LX-a884f3aa6c:V1	LX-a884f3aa6c	תְּהַלֵּל	2	FUT.2MSG|FUT.3FSG		False	
vocalized	LX-a884f3aa6c:V2	LX-a884f3aa6c	תְּהַלֵּלְנָה	2	FUT.2FPL|FUT.3FPL		False	
vocalized	LX-a8ba7feb50:V1	LX-a8ba7feb50	תַּחְפֹּר	2	FUT.2MSG|FUT.3FSG		False	PAAL
vocalized	LX-a8ba7feb50:V2	LX-a8ba7feb50	תַּחְפֹּרְנָה	2	FUT.2FPL|FUT.3FPL		False	PAAL
vocalized	LX-a92a8a3005:V1	LX-a92a8a3005	תְּשַׂחֵק	2	FUT.2MSG|FUT.3FSG		False	PIEL
vocalized	LX-a92a8a3005:V2	LX-a92a8a3005	תְּשַׂחֵקְנָה	2	FUT.2FPL|FUT.3FPL		False	PIEL
vocalized	LX-a9598b76fa:V1	LX-a9598b76fa	הִתְעַלֵּס	2	PST.3MSG|IMP.2MSG	PST.3MSG	True	HITPAEL
vocalized	LX-a97e8484bf:V1	LX-a97e8484bf	תְּבַשֵּׁל	2	FUT.2MSG|FUT.3FSG		False	PIEL
vocalized	LX-a97e8484bf:V2	LX-a97e8484bf	תְּבַשֵּׁלְנָה	2	FUT.2FPL|FUT.3FPL		False	PIEL
vocalized	LX-a991ea9ba9:V1	LX-a991ea9ba9	תִּדְקֹר	2	FUT.2MSG|FUT.3FSG		False	PAAL
vocalized	LX-a991ea9ba9:V2	LX-a991ea9ba9	תִּדְקֹרְנָה	2	FUT.2FPL|FUT.3FPL		False	PAAL
vocalized	LX-a9d91bd3a7:V1	LX-a9d91bd3a7	תְּאֻבְזַר	2	FUT.2MSG|FUT.3FSG		False	
vocalized	LX-a9d91bd3a7:V2	LX-a9d91bd3a7	תְּאֻבְזַרְנָה	2	FUT.2FPL|FUT.3FPL		False	
vocalized	LX-a9fd09c64c:V1	LX-a9fd09c64c	נָבוֹךְ	2	PST.3MSG|PRS.MSG	PST.3MSG	True	NIFAL
vocalized	LX-aa1972304f:V1	LX-aa1972304f	תְּבַדֵּחַ	2	FUT.2MSG|FUT.3FSG		False	PIEL
vocalized	LX-aa1972304f:V2	LX-aa1972304f	תְּבַדַּחְנָה	2	FUT.2FPL|FUT.3FPL		False	PIEL
vocalized	LX-aa2a66ec2a:V1	LX-aa2a66ec2a	הִסְתַּפֵּר	2	PST.3MSG|IMP.2MSG	PST.3MSG	True	HITPAEL
vocalized	LX-aa5f3f97ad:V1	LX-aa5f3f97ad	הִתְנַצֵּל	2	PST.3MSG|IMP.2MSG	PST.3MSG	True	HITPAEL
vocalized	LX-aa5f3f97ad:V2	LX-aa5f3f97ad	הִתְנַצְּלוּ	2	PST.3PL|IMP.2MPL	PST.3PL	True	HITPAEL
vocalized	LX-aa5f3f97ad:V3	LX-aa5f3f97ad	תִּתְנַצֵּל	2	FUT.2MSG|FUT.3FSG		False	HITPAEL
vocalized	LX-aa5f3f97ad:V4	LX-aa5f3f97ad	תִּתְנַצֵּלְנָה	2	FUT.2FPL|FUT.3FPL		False	HITPAEL
vocalized	LX-aac197a310:V1	LX-aac197a310	תִּרְעַב	2	FUT.2MSG|FUT.3FSG		False	
vocalized	LX-aac197a310:V2	LX-aac197a310	תִּרְעַבְנָה	2	FUT.2FPL|FUT.3FPL		False	
vocalized	LX-aba7ae51c2:V1	LX-aba7ae51c2	תִּפְדֶּה	2	FUT.2MSG|FUT.3FSG		False	PAAL
vocalized	LX-aba7ae51c2:V2	LX-aba7ae51c2	תִּפְדֶּינָה	2	FUT.2FPL|FUT.3FPL		False	PAAL
vocalized	LX-abdd104da2:V1	LX-abdd104da2	תְּאַבְזֵר	2	FUT.2MSG|FUT.3FSG		False	PIEL
vocalized	LX-abdd104da2:V2	LX-abdd104da2	תְּאַבְזֵרְנָה	2	FUT.2FPL|FUT.3FPL		False	PIEL
vocalized	LX-ac1088b036:V1	LX-ac1088b036	דָּךְ	2	PST.3MSG|PRS.MSG	PST.3MSG	True	PAAL
vocalized	LX-ac2f785d0e:V1	LX-ac2f785d0e	תֹּאבֶה	2	FUT.2MSG|FUT.3FSG		False	PAAL
vocalized	LX-ac2f785d0e:V2	LX-ac2f785d0e	תֹּאבֶינָה	2	FUT.2FPL|FUT.3FPL		False	PAAL
vocalized	LX-ac6c145b91:V1	LX-ac6c145b91	תִּטְרֹף	2	FUT.2MSG|FUT.3FSG		False	PAAL
vocalized	LX-ac6c145b91:V2	LX-ac6c145b91	תִּטְרֹפְנָה	2	FUT.2FPL|FUT.3FPL		False	PAAL
vocalized	LX-acf3993b6d:V1	LX-acf3993b6d	תִּדְחֶה	2	FUT.2MSG|FUT.3FSG		False	PAAL
vocalized	LX-acf3993b6d:V2	LX-acf3993b6d	תִּדְחֶינָה	2	FUT.2FPL|FUT.3FPL		False	PAAL
vocalized	LX-acf6d0c26e:V1	LX-acf6d0c26e	תֵּאָחֵז	2	FUT.2MSG|FUT.3FSG		False	NIFAL
vocalized	LX-acf6d0c26e:V2	LX-acf6d0c26e	תֵּאָחֵזְנָה	2	FUT.2FPL|FUT.3FPL		False	NIFAL
vocalized	LX-ad6c5ac614:V1	LX-ad6c5ac614	הִתְרָאוּ	2	PST.3PL|IMP.2MPL	PST.3PL	True	HITPAEL
vocalized	LX-ad6c5ac614:V2	LX-ad6c5ac614	תִּתְרָאֶה	2	FUT.2MSG|FUT.3FSG		False	HITPAEL
vocalized	LX-ad6c5ac614:V3	LX-ad6c5ac614	תִּתְרָאֶינָה	2	FUT.2FPL|FUT.3FPL		False	HITPAEL
vocalized	LX-ad7554a06a:V1	LX-ad7554a06a	תְּשַׁבֵּחַ	2	FUT.2MSG|FUT.3FSG		False	PIEL
vocalized	LX-ad7554a06a:V2	LX-ad7554a06a	תְּשַׁבַּחְנָה	2	FUT.2FPL|FUT.3FPL		False	PIEL
vocalized	LX-ada99b0657:V1	LX-ada99b0657	תְּכַפֵּר	2	FUT.2MSG|FUT.3FSG		False	PIEL
vocalized	LX-ada99b0657:V2	LX-ada99b0657	תְּכַפֵּרְנָה	2	FUT.2FPL|FUT.3FPL		False	PIEL
vocalized	LX-adc89f33e5:V1	LX-adc89f33e5	תַּפְלִיץ	2	FUT.2MSG|FUT.3FSG		False	
vocalized	LX-adc89f33e5:V2	LX-adc89f33e5	תַּפְלֵצְנָה	2	FUT.2FPL|FUT.3FPL		False	
vocalized	LX-add8596aaf:V1	LX-add8596aaf	נַעֲשֵׂית	2	PST.2FSG|PRS.FSG	PST.2FSG	True	
vocalized	LX-add8596aaf:V2	LX-add8596aaf	תֵּעָשֶׂה	2	FUT.2MSG|FUT.3FSG		False	
vocalized	LX-add8596aaf:V3	LX-add8596aaf	תֵּעָשֶׂינָה	2	FUT.2FPL|FUT.3FPL		False	
vocalized	LX-ae655dd671:V1	LX-ae655dd671	נָמוֹג	2	PST.3MSG|PRS.MSG	PST.3MSG	True	NIFAL
vocalized	LX-ae89415304:V1	LX-ae89415304	הִתְעַלֵּל	2	PST.3MSG|IMP.2MSG	PST.3MSG	True	HITPAEL
vocalized	LX-ae89415304:V2	LX-ae89415304	הִתְעַלְּלוּ	2	PST.3PL|IMP.2MPL	PST.3PL	True	HITPAEL
vocalized	LX-ae89415304:V3	LX-ae89415304	תִּתְעַלֵּל	2	FUT.2MSG|FUT.3FSG		False	HITPAEL
vocalized	LX-ae89415304:V4	LX-ae89415304	תִּתְעַלֵּלְנָה	2	FUT.2FPL|FUT.3FPL		False	HITPAEL
vocalized	LX-af3a35eb19:V1	LX-af3a35eb19	הִתְגָּרֵשׁ	2	PST.3MSG|IMP.2MSG	PST.3MSG	True	HITPAEL
vocalized	LX-af3a35eb19:V2	LX-af3a35eb19	הִתְגָּרְשׁוּ	2	PST.3PL|IMP.2MPL	PST.3PL	True	HITPAEL
vocalized	LX-af3a35eb19:V3	LX-af3a35eb19	תִּתְגָּרֵשׁ	2	FUT.2MSG|FUT.3FSG		False	HITPAEL
vocalized	LX-af3a35eb19:V4	LX-af3a35eb19	תִּתְגָּרֵשְׁנָה	2	FUT.2FPL|FUT.3FPL		False	HITPAEL
vocalized	LX-af4d4f3365:V1	LX-af4d4f3365	הוֹתִירוּ	2	PST.3PL|IMP.2MPL	PST.3PL	True	HIFIL
vocalized	LX-af4d4f3365:V2	LX-af4d4f3365	תּוֹתִיר	2	FUT.2MSG|FUT.3FSG		False	HIFIL
vocalized	LX-af4d4f3365:V3	LX-af4d4f3365	תּוֹתֵרְנָה	2	FUT.2FPL|FUT.3FPL		False	HIFIL
vocalized	LX-af6492231a:V1	LX-af6492231a	הִתְחַנֵּן	2	PST.3MSG|IMP.2MSG	PST.3MSG	True	HITPAEL
vocalized	LX-af6492231a:V2	LX-af6492231a	הִתְחַנְּנוּ	2	PST.3PL|IMP.2MPL	PST.3PL	True	HITPAEL
vocalized	LX-af6492231a:V3	LX-af6492231a	תִּתְחַנֵּן	2	FUT.2MSG|FUT.3FSG		False	HITPAEL
vocalized	LX-af6492231a:V4	LX-af6492231a	תִּתְחַנֵּנָּה	2	FUT.2FPL|FUT.3FPL		False	HITPAEL
vocalized	LX-aff5a4ad55:V1	LX-aff5a4ad55	תִּשָּׁמַע	2	FUT.2MSG|FUT.3FSG		False	NIFAL
vocalized	LX-aff5a4ad55:V2	LX-aff5a4ad55	תִּשָּׁמַעְנָה	2	FUT.2FPL|FUT.3FPL		False	NIFAL
vocalized	LX-b0201f1aa7:V1	LX-b0201f1aa7	תְּתַעֵב	2	FUT.2MSG|FUT.3FSG		False	PIEL
vocalized	LX-b0201f1aa7:V2	LX-b0201f1aa7	תְּתַעֵבְנָה	2	FUT.2FPL|FUT.3FPL		False	PIEL
vocalized	LX-b0ae740bb6:V1	LX-b0ae740bb6	תִּשְׂמַח	2	FUT.2MSG|FUT.3FSG		False	PAAL
vocalized	LX-b0ae740bb6:V2	LX-b0ae740bb6	תִּשְׂמַחְנָה	2	FUT.2FPL|FUT.3FPL		False	PAAL
vocalized	LX-b0d0d2151e:V1	LX-b0d0d2151e	תְּשַׁמֵּשׁ	2	FUT.2MSG|FUT.3FSG		False	PIEL
vocalized	LX-b0d0d2151e:V2	LX-b0d0d2151e	תְּשַׁמֵּשְׁנָה	2	FUT.2FPL|FUT.3FPL		False	PIEL
vocalized	LX-b1c181eb09:V1	LX-b1c181eb09	תִּפַּח	2	FUT.2MSG|FUT.3FSG		False	PAAL
vocalized	LX-b1c181eb09:V2	LX-b1c181eb09	תִּפַּחְנָה	2	FUT.2FPL|FUT.3FPL		False	PAAL
vocalized	LX-b1e944da04:V1	LX-b1e944da04	תַּשְׁקֶה	2	FUT.2MSG|FUT.3FSG		False	HIFIL
vocalized	LX-b1e944da04:V2	LX-b1e944da04	תַּשְׁקֶינָה	2	FUT.2FPL|FUT.3FPL		False	HIFIL
vocalized	LX-b1fc7e2196:V1	LX-b1fc7e2196	תִּגְאַל	2	FUT.2MSG|FUT.3FSG		False	PAAL
vocalized	LX-b1fc7e2196:V2	LX-b1fc7e2196	תִּגְאַלְנָה	2	FUT.2FPL|FUT.3FPL		False	PAAL
vocalized	LX-b202d13eff:V1	LX-b202d13eff	תְּקֻדַּשׁ	2	FUT.2MSG|FUT.3FSG		False	
vocalized	LX-b202d13eff:V2	LX-b202d13eff	תְּקֻדַּשְׁנָה	2	FUT.2FPL|FUT.3FPL		False	
vocalized	LX-b21954ec6c:V1	LX-b21954ec6c	הוֹלִידוּ	2	PST.3PL|IMP.2MPL	PST.3PL	True	HIFIL
vocalized	LX-b21954ec6c:V2	LX-b21954ec6c	תּוֹלִיד	2	FUT.2MSG|FUT.3FSG		False	HIFIL
vocalized	LX-b21954ec6c:V3	LX-b21954ec6c	תּוֹלֵדְנָה	2	FUT.2FPL|FUT.3FPL		False	HIFIL
vocalized	LX-b28d05a18f:V1	LX-b28d05a18f	תִּמְנַע	2	FUT.2MSG|FUT.3FSG		False	PAAL
vocalized	LX-b28d05a18f:V2	LX-b28d05a18f	תִּמְנַעְנָה	2	FUT.2FPL|FUT.3FPL		False	PAAL
vocalized	LX-b2ef87ee2c:V1	LX-b2ef87ee2c	תַּכִּיר	2	FUT.2MSG|FUT.3FSG		False	HIFIL
vocalized	LX-b2ef87ee2c:V2	LX-b2ef87ee2c	תַּכֵּרְנָה	2	FUT.2FPL|FUT.3FPL		False	HIFIL
vocalized	LX-b33353af4e:V1	LX-b33353af4e	הִתְבַּטֵּא	2	PST.3MSG|IMP.2MSG	PST.3MSG	True	HITPAEL
vocalized	LX-b33353af4e:V2	LX-b33353af4e	הִתְבַּטְּאוּ	2	PST.3PL|IMP.2MPL	PST.3PL	True	HITPAEL
vocalized	LX-b33353af4e:V3	LX-b33353af4e	תִּתְבַּטֵּא	2	FUT.2MSG|FUT.3FSG		False	HITPAEL
vocalized	LX-b33353af4e:V4	LX-b33353af4e	תִּתְבַּטֶּאנָה	2	FUT.2FPL|FUT.3FPL		False	HITPAEL
vocalized	LX-b34e036e57:V1	LX-b34e036e57	תִּנָּעֵל	2	FUT.2MSG|FUT.3FSG		False	
vocalized	LX-b34e036e57:V2	LX-b34e036e57	תִּנָּעֵלְנָה	2	FUT.2FPL|FUT.3FPL		False	
vocalized	LX-b36fd75c35:V1	LX-b36fd75c35	תּוּטַב	2	FUT.2MSG|FUT.3FSG		False	HUFAL
vocalized	LX-b36fd75c35:V2	LX-b36fd75c35	תּוּטַבְנָה	2	FUT.2FPL|FUT.3FPL		False	HUFAL
vocalized	LX-b3899b9aae:V1	LX-b3899b9aae	תֶּחֱזַק	2	FUT.2MSG|FUT.3FSG		False	PAAL
vocalized	LX-b3899b9aae:V2	LX-b3899b9aae	תֶּחֱזַקְנָה	2	FUT.2FPL|FUT.3FPL		False	PAAL
vocalized	LX-b3c9022775:V1	LX-b3c9022775	תַּעֲטֹף	2	FUT.2MSG|FUT.3FSG		False	PAAL
vocalized	LX-b3c9022775:V2	LX-b3c9022775	תַּעֲטֹפְנָה	2	FUT.2FPL|FUT.3FPL		False	PAAL
vocalized	LX-b3caa239df:V1	LX-b3caa239df	תִּסָּחֵף	2	FUT.2MSG|FUT.3FSG		False	
vocalized	LX-b3caa239df:V2	LX-b3caa239df	תִּסָּחֵפְנָה	2	FUT.2FPL|FUT.3FPL		False	
vocalized	LX-b42f636984:V1	LX-b42f636984	תֶּאֱסֹר	2	FUT.2MSG|FUT.3FSG		False	PAAL
vocalized	LX-b42f636984:V2	LX-b42f636984	תֶּאֱסֹרְנָה	2	FUT.2FPL|FUT.3FPL		False	PAAL
vocalized	LX-b43202ccf1:V1	LX-b43202ccf1	תִּשְׂחֶה	2	FUT.2MSG|FUT.3FSG		False	PAAL
vocalized	LX-b43202ccf1:V2	LX-b43202ccf1	תִּשְׂחֶינָה	2	FUT.2FPL|FUT.3FPL		False	PAAL
vocalized	LX-b48c6ea1ba:V1	LX-b48c6ea1ba	תַּתְחִיל	2	FUT.2MSG|FUT.3FSG		False	HIFIL
vocalized	LX-b48c6ea1ba:V2	LX-b48c6ea1ba	תַּתְחֵלְנָה	2	FUT.2FPL|FUT.3FPL		False	HIFIL
vocalized	LX-b49f377bc6:V1	LX-b49f377bc6	תִּטֹּל	2	FUT.2MSG|FUT.3FSG		False	PAAL
vocalized	LX-b49f377bc6:V2	LX-b49f377bc6	תִּטֹּלְנָה	2	FUT.2FPL|FUT.3FPL		False	PAAL
vocalized	LX-b4edc12a9a:V1	LX-b4edc12a9a	תְּחַבֵּק	2	FUT.2MSG|FUT.3FSG		False	PIEL
vocalized	LX-b4edc12a9a:V2	LX-b4edc12a9a	תְּחַבֵּקְנָה	2	FUT.2FPL|FUT.3FPL		False	PIEL
vocalized	LX-b50751ff7e:V1	LX-b50751ff7e	הִסְתַּגֵּר	2	PST.3MSG|IMP.2MSG	PST.3MSG	True	HITPAEL
vocalized	LX-b50751ff7e:V2	LX-b50751ff7e	הִסְתַּגְּרוּ	2	PST.3PL|IMP.2MPL	PST.3PL	True	HITPAEL
vocalized	LX-b50751ff7e:V3	LX-b50751ff7e	תִּסְתַּגֵּר	2	FUT.2MSG|FUT.3FSG		False	HITPAEL
vocalized	LX-b50751ff7e:V4	LX-b50751ff7e	תִּסְתַּגֵּרְנָה	2	FUT.2FPL|FUT.3FPL		False	HITPAEL
vocalized	LX-b513d389f8:V1	LX-b513d389f8	תִּפְקֹד	2	FUT.2MSG|FUT.3FSG		False	PAAL
vocalized	LX-b513d389f8:V2	LX-b513d389f8	תִּפְקֹדְנָה	2	FUT.2FPL|FUT.3FPL		False	PAAL
vocalized	LX-b53bdf437c:V1	LX-b53bdf437c	נָזֹל	2	PST.3MSG|PRS.MSG	PST.3MSG	True	NIFAL
vocalized	LX-b55e0a36a2:V1	LX-b55e0a36a2	הִתְגַּבֵּר	2	PST.3MSG|IMP.2MSG	PST.3MSG	True	
vocalized	LX-b55e0a36a2:V2	LX-b55e0a36a2	הִתְגַּבְּרוּ	2	PST.3PL|IMP.2MPL	PST.3PL	True	
vocalized	LX-b55e0a36a2:V3	LX-b55e0a36a2	תִּתְגַּבֵּר	2	FUT.2MSG|FUT.3FSG		False	
vocalized	LX-b55e0a36a2:V4	LX-b55e0a36a2	תִּתְגַּבֵּרְנָה	2	FUT.2FPL|FUT.3FPL		False	
vocalized	LX-b5f86cb852:V1	LX-b5f86cb852	הִתְאַבֵּל	2	PST.3MSG|IMP.2MSG	PST.3MSG	True	
vocalized	LX-b5f86cb852:V2	LX-b5f86cb852	הִתְאַבְּלוּ	2	PST.3PL|IMP.2MPL	PST.3PL	True	
vocalized	LX-b5f86cb852:V3	LX-b5f86cb852	תִּתְאַבֵּל	2	FUT.2MSG|FUT.3FSG		False	
vocalized	LX-b5f86cb852:V4	LX-b5f86cb852	תִּתְאַבֵּלְנָה	2	FUT.2FPL|FUT.3FPL		False	
vocalized	LX-b60212497e:V1	LX-b60212497e	תֻּכְשַׁר	2	FUT.2MSG|FUT.3FSG		False	
vocalized	LX-b60212497e:V2	LX-b60212497e	תֻּכְשַׁרְנָה	2	FUT.2FPL|FUT.3FPL		False	
vocalized	LX-b60a3a131b:V1	LX-b60a3a131b	תַּצִּית	2	FUT.2MSG|FUT.3FSG		False	HIFIL
vocalized	LX-b60a3a131b:V2	LX-b60a3a131b	תַּצֵּתְנָה	2	FUT.2FPL|FUT.3FPL		False	HIFIL
vocalized	LX-b625926ad5:V1	LX-b625926ad5	תְּנַסֶּה	2	FUT.2MSG|FUT.3FSG		False	PIEL
vocalized	LX-b625926ad5:V2	LX-b625926ad5	תְּנַסֶּינָה	2	FUT.2FPL|FUT.3FPL		False	PIEL
vocalized	LX-b64c2d737c:V1	LX-b64c2d737c	תֻּקַּף	2	FUT.2MSG|FUT.3FSG		False	
vocalized	LX-b64c2d737c:V2	LX-b64c2d737c	תֻּקַּפְנָה	2	FUT.2FPL|FUT.3FPL		False	
vocalized	LX-b6dd4ef5a9:V1	LX-b6dd4ef5a9	תַּשְׁפִּיעַ	2	FUT.2MSG|FUT.3FSG		False	
vocalized	LX-b6dd4ef5a9:V2	LX-b6dd4ef5a9	תַּשְׁפַּעְנָה	2	FUT.2FPL|FUT.3FPL		False	
vocalized	LX-b701de28d8:V1	LX-b701de28d8	תַּחְרֹפּ	2	FUT.2MSG|FUT.3FSG		False	
vocalized	LX-b701de28d8:V2	LX-b701de28d8	תַּחְרֹפְּנָה	2	FUT.2FPL|FUT.3FPL		False	
vocalized	LX-b71b9f8aa9:V1	LX-b71b9f8aa9	הִשְׁתַּכְּנֵז	2	PST.3MSG|IMP.2MSG	PST.3MSG	True	HITPAEL
vocalized	LX-b71b9f8aa9:V2	LX-b71b9f8aa9	הִשְׁתַּכְּנְזוּ	2	PST.3PL|IMP.2MPL	PST.3PL	True	HITPAEL
vocalized	LX-b71b9f8aa9:V3	LX-b71b9f8aa9	תִּשְׁתַּכְּנֵז	2	FUT.2MSG|FUT.3FSG		False	HITPAEL
vocalized	LX-b71b9f8aa9:V4	LX-b71b9f8aa9	תִּשְׁתַּכְּנֵזְנָה	2	FUT.2FPL|FUT.3FPL		False	HITPAEL
vocalized	LX-b71dee7c98:V1	LX-b71dee7c98	תִּדְרֹס	2	FUT.2MSG|FUT.3FSG		False	PAAL
vocalized	LX-b71dee7c98:V2	LX-b71dee7c98	תִּדְרֹסְנָה	2	FUT.2FPL|FUT.3FPL		False	PAAL
vocalized	LX-b776af48c7:V1	LX-b776af48c7	תַּכֶּה	2	FUT.2MSG|FUT.3FSG		False	HIFIL
vocalized	LX-b776af48c7:V2	LX-b776af48c7	תַּכֶּינָה	2	FUT.2FPL|FUT.3FPL		False	HIFIL
vocalized	LX-b7acb7ab10:V1	LX-b7acb7ab10	תֻּגְבַּר	2	FUT.2MSG|FUT.3FSG		False	HUFAL
vocalized	LX-b7acb7ab10:V2	LX-b7acb7ab10	תֻּגְבַּרְנָה	2	FUT.2FPL|FUT.3FPL		False	HUFAL
vocalized	LX-b822ef4949:V1	LX-b822ef4949	תְּשַׁכְלֵל	2	FUT.2MSG|FUT.3FSG		False	PIEL
vocalized	LX-b84daf0549:V1	LX-b84daf0549	הִתְנַקֵּשׁ	2	PST.3MSG|IMP.2MSG	PST.3MSG	True	HITPAEL
vocalized	LX-b84daf0549:V2	LX-b84daf0549	הִתְנַקְּשׁוּ	2	PST.3PL|IMP.2MPL	PST.3PL	True	HITPAEL
vocalized	LX-b84daf0549:V3	LX-b84daf0549	תִּתְנַקֵּשׁ	2	FUT.2MSG|FUT.3FSG		False	HITPAEL
vocalized	LX-b84daf0549:V4	LX-b84daf0549	תִּתְנַקֵּשְׁנָה	2	FUT.2FPL|FUT.3FPL		False	HITPAEL
vocalized	LX-b8957b0c59:V1	LX-b8957b0c59	הִתְמַכֵּר	2	PST.3MSG|IMP.2MSG	PST.3MSG	True	HITPAEL
vocalized	LX-b8957b0c59:V2	LX-b8957b0c59	הִתְמַכְּרוּ	2	PST.3PL|IMP.2MPL	PST.3PL	True	HITPAEL
vocalized	LX-b8957b0c59:V3	LX-b8957b0c59	תִּתְמַכֵּר	2	FUT.2MSG|FUT.3FSG		False	HITPAEL
vocalized	LX-b8957b0c59:V4	LX-b8957b0c59	תִּתְמַכֵּרְנָה	2	FUT.2FPL|FUT.3FPL		False	HITPAEL
vocalized	LX-b8ce4669c5:V1	LX-b8ce4669c5	הִתְעַלֵּף	2	PST.3MSG|IMP.2MSG	PST.3MSG	True	HITPAEL
vocalized	LX-b8ce4669c5:V2	LX-b8ce4669c5	הִתְעַלְּפוּ	2	PST.3PL|IMP.2MPL	PST.3PL	True	HITPAEL
vocalized	LX-b8ce4669c5:V3	LX-b8ce4669c5	תִּתְעַלֵּף	2	FUT.2MSG|FUT.3FSG		False	HITPAEL
vocalized	LX-b8ce4669c5:V4	LX-b8ce4669c5	תִּתְעַלֵּפְנָה	2	FUT.2FPL|FUT.3FPL		False	HITPAEL
vocalized	LX-b97bf4b70c:V1	LX-b97bf4b70c	תַּעֲשֶׂה	2	FUT.2MSG|FUT.3FSG		False	PAAL
vocalized	LX-b97bf4b70c:V2	LX-b97bf4b70c	תַּעֲשֶׂינָה	2	FUT.2FPL|FUT.3FPL		False	PAAL
vocalized	LX-b99bcc9306:V1	LX-b99bcc9306	תִּקְצֹף	2	FUT.2MSG|FUT.3FSG		False	PAAL
vocalized	LX-b99bcc9306:V2	LX-b99bcc9306	תִּקְצֹפְנָה	2	FUT.2FPL|FUT.3FPL		False	PAAL
vocalized	LX-b9d8b05a05:V1	LX-b9d8b05a05	תִּפְרֹץ	2	FUT.2MSG|FUT.3FSG		False	PAAL
vocalized	LX-b9d8b05a05:V2	LX-b9d8b05a05	תִּפְרֹצְנָה	2	FUT.2FPL|FUT.3FPL		False	PAAL
vocalized	LX-ba17312739:V1	LX-ba17312739	תֶּחֱוֶה	2	FUT.2MSG|FUT.3FSG		False	PAAL
vocalized	LX-ba17312739:V2	LX-ba17312739	תֶּחֱוֶינָה	2	FUT.2FPL|FUT.3FPL		False	PAAL
vocalized	LX-ba6e15c2a7:V1	LX-ba6e15c2a7	הִתְפָּרֵעַ	2	PST.3MSG|IMP.2MSG	PST.3MSG	True	HITPAEL
vocalized	LX-ba6e15c2a7:V2	LX-ba6e15c2a7	הִתְפָּרְעוּ	2	PST.3PL|IMP.2MPL	PST.3PL	True	HITPAEL
vocalized	LX-ba6e15c2a7:V3	LX-ba6e15c2a7	תִּתְפָּרֵעַ	2	FUT.2MSG|FUT.3FSG		False	HITPAEL
vocalized	LX-ba6e15c2a7:V4	LX-ba6e15c2a7	תִּתְפָּרַעְנָה	2	FUT.2FPL|FUT.3FPL		False	HITPAEL
vocalized	LX-ba9b4ec182:V1	LX-ba9b4ec182	תְּאַבֵּד	2	FUT.2MSG|FUT.3FSG		False	PIEL
vocalized	LX-ba9b4ec182:V2	LX-ba9b4ec182	תְּאַבֵּדְנָה	2	FUT.2FPL|FUT.3FPL		False	PIEL
vocalized	LX-baa093e1cf:V1	LX-baa093e1cf	תֻּכֶּה	2	FUT.2MSG|FUT.3FSG		False	HUFAL
vocalized	LX-baa093e1cf:V2	LX-baa093e1cf	תֻּכֶּינָה	2	FUT.2FPL|FUT.3FPL		False	HUFAL
vocalized	LX-bab2836fec:V1	LX-bab2836fec	תֶּאֱהַד	2	FUT.2MSG|FUT.3FSG		False	PAAL
vocalized	LX-bab2836fec:V2	LX-bab2836fec	תֶּאֱהַדְנָה	2	FUT.2FPL|FUT.3FPL		False	PAAL
vocalized	LX-bafc724f01:V1	LX-bafc724f01	הִתְלוֹנֵן	2	PST.3MSG|IMP.2MSG	PST.3MSG	True	HITPAEL
vocalized	LX-bafc724f01:V2	LX-bafc724f01	הִתְלוֹנְנוּ	2	PST.3PL|IMP.2MPL	PST.3PL	True	HITPAEL
vocalized	LX-bafc724f01:V3	LX-bafc724f01	תִּתְלוֹנֵן	2	FUT.2MSG|FUT.3FSG		False	HITPAEL
vocalized	LX-bafc724f01:V4	LX-bafc724f01	תִּתְלוֹנֵנָּה	2	FUT.2FPL|FUT.3FPL		False	HITPAEL
vocalized	LX-bb77b6c1b1:V1	LX-bb77b6c1b1	הִתְבּוֹדֵד	2	PST.3MSG|IMP.2MSG	PST.3MSG	True	HITPAEL
vocalized	LX-bb77b6c1b1:V2	LX-bb77b6c1b1	הִתְבּוֹדְדוּ	2	PST.3PL|IMP.2MPL	PST.3PL	True	HITPAEL
vocalized	LX-bb77b6c1b1:V3	LX-bb77b6c1b1	תִּתְבּוֹדֵד	2	FUT.2MSG|FUT.3FSG		False	HITPAEL
vocalized	LX-bb77b6c1b1:V4	LX-bb77b6c1b1	תִּתְבּוֹדֵדְנָה	2	FUT.2FPL|FUT.3FPL		False	HITPAEL
vocalized	LX-bb95efdabf:V1	LX-bb95efdabf	תְּפַשֵּׁט	2	FUT.2MSG|FUT.3FSG		False	PIEL
vocalized	LX-bb95efdabf:V2	LX-bb95efdabf	תְּפַשֵּׁטְנָה	2	FUT.2FPL|FUT.3FPL		False	PIEL
vocalized	LX-bba5c2c463:V1	LX-bba5c2c463	תִּשְׁקֹט	2	FUT.2MSG|FUT.3FSG		False	PAAL
vocalized	LX-bba5c2c463:V2	LX-bba5c2c463	תִּשְׁקֹטְנָה	2	FUT.2FPL|FUT.3FPL		False	PAAL
vocalized	LX-bbb5072543:V1	LX-bbb5072543	תַּחֲזֹר	2	FUT.2MSG|FUT.3FSG		False	PAAL
vocalized	LX-bbb5072543:V2	LX-bbb5072543	תַּחֲזֹרְנָה	2	FUT.2FPL|FUT.3FPL		False	PAAL
vocalized	LX-bbf1210689:V1	LX-bbf1210689	תַּזִּיק	2	FUT.2MSG|FUT.3FSG		False	HIFIL
vocalized	LX-bbf1210689:V2	LX-bbf1210689	תַּזֵּקְנָה	2	FUT.2FPL|FUT.3FPL		False	HIFIL
vocalized	LX-bc39ca2850:V1	LX-bc39ca2850	תְּשֻׁחַד	2	FUT.2MSG|FUT.3FSG		False	
vocalized	LX-bc39ca2850:V2	LX-bc39ca2850	תְּשֻׁחַדְנָה	2	FUT.2FPL|FUT.3FPL		False	
vocalized	LX-bc41ac231c:V1	LX-bc41ac231c	תְּאַמֵּץ	2	FUT.2MSG|FUT.3FSG		False	PIEL
vocalized	LX-bc41ac231c:V2	LX-bc41ac231c	תְּאַמֵּצְנָה	2	FUT.2FPL|FUT.3FPL		False	PIEL
vocalized	LX-bc5f7c42c3:V1	LX-bc5f7c42c3	תְּשַׁכְתֵּב	2	FUT.2MSG|FUT.3FSG		False	
vocalized	LX-bc5f7c42c3:V2	LX-bc5f7c42c3	תְּשַׁכְתֵּבְנָה	2	FUT.2FPL|FUT.3FPL		False	
vocalized	LX-bc7b3ef67f:V1	LX-bc7b3ef67f	הִצְטַלֵּם	2	PST.3MSG|IMP.2MSG	PST.3MSG	True	HITPAEL
vocalized	LX-bc7b3ef67f:V2	LX-bc7b3ef67f	הִצְטַלְּמוּ	2	PST.3PL|IMP.2MPL	PST.3PL	True	HITPAEL
vocalized	LX-bc7b3ef67f:V3	LX-bc7b3ef67f	תִּצְטַלֵּם	2	FUT.2MSG|FUT.3FSG		False	HITPAEL
vocalized	LX-bc7b3ef67f:V4	LX-bc7b3ef67f	תִּצְטַלֵּמְנָה	2	FUT.2FPL|FUT.3FPL		False	HITPAEL
vocalized	LX-bcb4b554a9:V1	LX-bcb4b554a9	תַּחֲטֹף	2	FUT.2MSG|FUT.3FSG		False	PAAL
vocalized	LX-bcb4b554a9:V2	LX-bcb4b554a9	תַּחֲטֹפְנָה	2	FUT.2FPL|FUT.3FPL		False	PAAL
vocalized	LX-bcc6e77d08:V1	LX-bcc6e77d08	תַּבְהִיר	2	FUT.2MSG|FUT.3FSG		False	HIFIL
vocalized	LX-bcc6e77d08:V2	LX-bcc6e77d08	תַּבְהֵרְנָה	2	FUT.2FPL|FUT.3FPL		False	HIFIL
vocalized	LX-bce671e703:V1	LX-bce671e703	הוֹרוּ	2	PST.3PL|IMP.2MPL	PST.3PL	True	HIFIL
vocalized	LX-bce671e703:V2	LX-bce671e703	תּוֹרֶה	2	FUT.2MSG|FUT.3FSG		False	HIFIL
vocalized	LX-bce671e703:V3	LX-bce671e703	תּוֹרֶינָה	2	FUT.2FPL|FUT.3FPL		False	HIFIL
vocalized	LX-bd5b8d806e:V1	LX-bd5b8d806e	תְּבַטֵּא	2	FUT.2MSG|FUT.3FSG		False	PIEL
vocalized	LX-bd5b8d806e:V2	LX-bd5b8d806e	תְּבַטֶּאנָה	2	FUT.2FPL|FUT.3FPL		False	PIEL
vocalized	LX-bd64bd5f86:V1	LX-bd64bd5f86	תִּפָּגַע	2	FUT.2MSG|FUT.3FSG		False	
vocalized	LX-bd64bd5f86:V2	LX-bd64bd5f86	תִּפָּגַעְנָה	2	FUT.2FPL|FUT.3FPL		False	
vocalized	LX-bd8d081d7a:V1	LX-bd8d081d7a	תְּדֻכָּא	2	FUT.2MSG|FUT.3FSG		False	PUAL
vocalized	LX-bd8d081d7a:V2	LX-bd8d081d7a	תְּדֻכֶּאנָה	2	FUT.2FPL|FUT.3FPL		False	PUAL
vocalized	LX-bdb8967668:V1	LX-bdb8967668	תִּכָּשֵׁל	2	FUT.2MSG|FUT.3FSG		False	NIFAL
vocalized	LX-bdb8967668:V2	LX-bdb8967668	תִּכָּשֵׁלְנָה	2	FUT.2FPL|FUT.3FPL		False	NIFAL
vocalized	LX-be025cdb2a:V1	LX-be025cdb2a	תַּנְחֶה	2	FUT.2MSG|FUT.3FSG		False	
vocalized	LX-be025cdb2a:V2	LX-be025cdb2a	תַּנְחֶינָה	2	FUT.2FPL|FUT.3FPL		False	
vocalized	LX-be357ff004:V1	LX-be357ff004	תְּהַמְהֵם	2	FUT.2MSG|FUT.3FSG		False	PIEL
vocalized	LX-be357ff004:V2	LX-be357ff004	תְּהַמְהֵמְנָה	2	FUT.2FPL|FUT.3FPL		False	PIEL
vocalized	LX-be895af0f1:V1	LX-be895af0f1	זָב	2	PST.3MSG|PRS.MSG	PST.3MSG	True	PAAL
vocalized	LX-be895af0f1:V2	LX-be895af0f1	זָבָה	2	PST.3FSG|PRS.FSG	PST.3FSG	True	PAAL
vocalized	LX-be895af0f1:V3	LX-be895af0f1	תָּזוּב	2	FUT.2MSG|FUT.3FSG		False	PAAL
vocalized	LX-be895af0f1:V4	LX-be895af0f1	תָּזֹבְנָה	2	FUT.2FPL|FUT.3FPL		False	PAAL
vocalized	LX-bf0b93114e:V1	LX-bf0b93114e	תְּבַטֵּל	2	FUT.2MSG|FUT.3FSG		False	PIEL
vocalized	LX-bf0b93114e:V2	LX-bf0b93114e	תְּבַטֵּלְנָה	2	FUT.2FPL|FUT.3FPL		False	PIEL
vocalized	LX-bf1c5ed831:V1	LX-bf1c5ed831	תְּחַכֶּה	2	FUT.2MSG|FUT.3FSG		False	PIEL
vocalized	LX-bf1c5ed831:V2	LX-bf1c5ed831	תְּחַכֶּינָה	2	FUT.2FPL|FUT.3FPL		False	PIEL
vocalized	LX-bf2dc576e3:V1	LX-bf2dc576e3	תִּרְפָּא	2	FUT.2MSG|FUT.3FSG		False	PAAL
vocalized	LX-bf2dc576e3:V2	LX-bf2dc576e3	תִּרְפֶּאנָה	2	FUT.2FPL|FUT.3FPL		False	PAAL
vocalized	LX-bf89c0b150:V1	LX-bf89c0b150	שָׁב	2	PST.3MSG|PRS.MSG	PST.3MSG	True	PAAL
vocalized	LX-bf89c0b150:V2	LX-bf89c0b150	שָׁבָה	2	PST.3FSG|PRS.FSG	PST.3FSG	True	PAAL
vocalized	LX-bf89c0b150:V3	LX-bf89c0b150	תָּשׁוּב	2	FUT.2MSG|FUT.3FSG		False	PAAL
vocalized	LX-bf89c0b150:V4	LX-bf89c0b150	תָּשֹׁבְנָה	2	FUT.2FPL|FUT.3FPL		False	PAAL
vocalized	LX-bf9a05e950:V1	LX-bf9a05e950	תִּשְׁכַּח	2	FUT.2MSG|FUT.3FSG		False	PAAL
vocalized	LX-bf9a05e950:V2	LX-bf9a05e950	תִּשְׁכַּחְנָה	2	FUT.2FPL|FUT.3FPL		False	PAAL
vocalized	LX-bfd2580e9e:V1	LX-bfd2580e9e	תִּגַּע	2	FUT.2MSG|FUT.3FSG		False	PAAL
vocalized	LX-bfd2580e9e:V2	LX-bfd2580e9e	תִּגַּעְנָה	2	FUT.2FPL|FUT.3FPL		False	PAAL
vocalized	LX-bfdee6e589:V1	LX-bfdee6e589	תְּמַפֶּה	2	FUT.2MSG|FUT.3FSG		False	PIEL
vocalized	LX-bfdee6e589:V2	LX-bfdee6e589	תְּמַפֶּינָה	2	FUT.2FPL|FUT.3FPL		False	PIEL
vocalized	LX-c04cf3a925:V1	LX-c04cf3a925	נִרְאֵית	2	PST.2FSG|PRS.FSG	PST.2FSG	True	NIFAL
vocalized	LX-c04cf3a925:V2	LX-c04cf3a925	תֵּרָאֶה	2	FUT.2MSG|FUT.3FSG		False	NIFAL
vocalized	LX-c04cf3a925:V3	LX-c04cf3a925	תֵּרָאֶינָה	2	FUT.2FPL|FUT.3FPL		False	NIFAL
vocalized	LX-c05c81dbad:V1	LX-c05c81dbad	תִּשְׁקֹל	2	FUT.2MSG|FUT.3FSG		False	PAAL
vocalized	LX-c05c81dbad:V2	LX-c05c81dbad	תִּשְׁקֹלְנָה	2	FUT.2FPL|FUT.3FPL		False	PAAL
vocalized	LX-c0a6efc8c6:V1	LX-c0a6efc8c6	הִתְרוֹקֵן	2	PST.3MSG|IMP.2MSG	PST.3MSG	True	
vocalized	LX-c0a6efc8c6:V2	LX-c0a6efc8c6	הִתְרוֹקְנוּ	2	PST.3PL|IMP.2MPL	PST.3PL	True	
vocalized	LX-c0a6efc8c6:V3	LX-c0a6efc8c6	תִּתְרוֹקֵן	2	FUT.2MSG|FUT.3FSG		False	
vocalized	LX-c0a6efc8c6:V4	LX-c0a6efc8c6	תִּתְרוֹקֵנָּה	2	FUT.2FPL|FUT.3FPL		False	
vocalized	LX-c0c7bcf341:V1	LX-c0c7bcf341	תְּחַפֵּשׂ	2	FUT.2MSG|FUT.3FSG		False	PIEL
vocalized	LX-c0c7bcf341:V2	LX-c0c7bcf341	תְּחַפֵּשְׂנָה	2	FUT.2FPL|FUT.3FPL		False	PIEL
vocalized	LX-c157d29cd8:V1	LX-c157d29cd8	תַּרְטִיב	2	FUT.2MSG|FUT.3FSG		False	HIFIL
vocalized	LX-c157d29cd8:V2	LX-c157d29cd8	תַּרְטֵבְנָה	2	FUT.2FPL|FUT.3FPL		False	HIFIL
vocalized	LX-c181da4369:V1	LX-c181da4369	תִּזְקֹף	2	FUT.2MSG|FUT.3FSG		False	PAAL
vocalized	LX-c181da4369:V2	LX-c181da4369	תִּזְקֹפְנָה	2	FUT.2FPL|FUT.3FPL		False	PAAL
vocalized	LX-c1b252996c:V1	LX-c1b252996c	תְּפַלְפֵּל	2	FUT.2MSG|FUT.3FSG		False	PIEL
vocalized	LX-c1b252996c:V2	LX-c1b252996c	תְּפַלְפֵּלְנָה	2	FUT.2FPL|FUT.3FPL		False	PIEL
vocalized	LX-c1d0bf9649:V1	LX-c1d0bf9649	הִסְתַּעְרֵב	2	PST.3MSG|IMP.2MSG	PST.3MSG	True	
vocalized	LX-c1d0bf9649:V2	LX-c1d0bf9649	הִסְתַּעְרְבוּ	2	PST.3PL|IMP.2MPL	PST.3PL	True	
vocalized	LX-c1d0bf9649:V3	LX-c1d0bf9649	תִּסְתַּעְרֵב	2	FUT.2MSG|FUT.3FSG		False	
vocalized	LX-c1d0bf9649:V4	LX-c1d0bf9649	תִּסְתַּעְרֵבְנָה	2	FUT.2FPL|FUT.3FPL		False	
vocalized	LX-c1e5a303f6:V1	LX-c1e5a303f6	הִשְׁתַּחֲווּ	2	PST.3PL|IMP.2MPL	PST.3PL	True	HITPAEL
vocalized	LX-c1e5a303f6:V2	LX-c1e5a303f6	תִּשְׁתַּחֲוֶה	2	FUT.2MSG|FUT.3FSG		False	HITPAEL
vocalized	LX-c1e5a303f6:V3	LX-c1e5a303f6	תִּשְׁתַּחֲוֶינָה	2	FUT.2FPL|FUT.3FPL		False	HITPAEL
vocalized	LX-c2004fa5b5:V1	LX-c2004fa5b5	תִּזְנֶה	2	FUT.2MSG|FUT.3FSG		False	PAAL
vocalized	LX-c2004fa5b5:V2	LX-c2004fa5b5	תִּזְנֶינָה	2	FUT.2FPL|FUT.3FPL		False	PAAL
vocalized	LX-c20a30b9f2:V1	LX-c20a30b9f2	תֻּתְקַן	2	FUT.2MSG|FUT.3FSG		False	
vocalized	LX-c20a30b9f2:V2	LX-c20a30b9f2	תֻּתְקַנָּה	2	FUT.2FPL|FUT.3FPL		False	
vocalized	LX-c24a551a7f:V1	LX-c24a551a7f	תַּסִּיעַ	2	FUT.2MSG|FUT.3FSG		False	HIFIL
vocalized	LX-c24a551a7f:V2	LX-c24a551a7f	תַּסַּעְנָה	2	FUT.2FPL|FUT.3FPL		False	HIFIL
vocalized	LX-c2a4598837:V1	LX-c2a4598837	תָּכִיל	2	FUT.2MSG|FUT.3FSG		False	HIFIL
vocalized	LX-c2a4598837:V2	LX-c2a4598837	תָּכֵלְנָה	2	FUT.2FPL|FUT.3FPL		False	HIFIL
vocalized	LX-c2c138ddc9:V1	LX-c2c138ddc9	הִתְבּוֹנֵן	2	PST.3MSG|IMP.2MSG	PST.3MSG	True	HITPAEL
vocalized	LX-c30481b203:V1	LX-c30481b203	תְּכַבֶּה	2	FUT.2MSG|FUT.3FSG		False	PIEL
vocalized	LX-c30481b203:V2	LX-c30481b203	תְּכַבֶּינָה	2	FUT.2FPL|FUT.3FPL		False	PIEL
vocalized	LX-c31fd2810d:V1	LX-c31fd2810d	תַּשְׁלִיג	2	FUT.2MSG|FUT.3FSG		False	HIFIL
vocalized	LX-c31fd2810d:V2	LX-c31fd2810d	תַּשְׁלֵגְנָה	2	FUT.2FPL|FUT.3FPL		False	HIFIL
vocalized	LX-c3b2b297b6:V1	LX-c3b2b297b6	תַּרְגִּישׁ	2	FUT.2MSG|FUT.3FSG		False	HIFIL
vocalized	LX-c3b2b297b6:V2	LX-c3b2b297b6	תַּרְגֵּשְׁנָה	2	FUT.2FPL|FUT.3FPL		False	HIFIL
vocalized	LX-c4177147a0:V1	LX-c4177147a0	תָּרִיחַ	2	FUT.2MSG|FUT.3FSG		False	HIFIL
vocalized	LX-c4177147a0:V2	LX-c4177147a0	תָּרַחְנָה	2	FUT.2FPL|FUT.3FPL		False	HIFIL
vocalized	LX-c423043573:V1	LX-c423043573	תִּרְאֶה	2	FUT.2MSG|FUT.3FSG		False	PAAL
vocalized	LX-c423043573:V2	LX-c423043573	תִּרְאֶינָה	2	FUT.2FPL|FUT.3FPL		False	PAAL
vocalized	LX-c431433be8:V1	LX-c431433be8	הִשְׁתַּדֵּל	2	PST.3MSG|IMP.2MSG	PST.3MSG	True	HITPAEL
vocalized	LX-c431433be8:V2	LX-c431433be8	הִשְׁתַּדְּלוּ	2	PST.3PL|IMP.2MPL	PST.3PL	True	HITPAEL
vocalized	LX-c431433be8:V3	LX-c431433be8	תִּשְׁתַּדֵּל	2	FUT.2MSG|FUT.3FSG		False	HITPAEL
vocalized	LX-c431433be8:V4	LX-c431433be8	תִּשְׁתַּדֵּלְנָה	2	FUT.2FPL|FUT.3FPL		False	HITPAEL
vocalized	LX-c498149530:V1	LX-c498149530	תִּשְׁבֹּר	2	FUT.2MSG|FUT.3FSG		False	PAAL
vocalized	LX-c498149530:V2	LX-c498149530	תִּשְׁבֹּרְנָה	2	FUT.2FPL|FUT.3FPL		False	PAAL
vocalized	LX-c4c8af1a81:V1	LX-c4c8af1a81	תְּבַזְבֵּז	2	FUT.2MSG|FUT.3FSG		False	PIEL
vocalized	LX-c4c8af1a81:V2	LX-c4c8af1a81	תְּבַזְבֵּזְנָה	2	FUT.2FPL|FUT.3FPL		False	PIEL
vocalized	LX-c56987a72e:V1	LX-c56987a72e	תַּחְקֹר	2	FUT.2MSG|FUT.3FSG		False	PAAL
vocalized	LX-c56987a72e:V2	LX-c56987a72e	תַּחְקֹרְנָה	2	FUT.2FPL|FUT.3FPL		False	PAAL
vocalized	LX-c5e586df34:V1	LX-c5e586df34	תִּרְצֶה	2	FUT.2MSG|FUT.3FSG		False	PAAL
vocalized	LX-c5e586df34:V2	LX-c5e586df34	תִּרְצֶינָה	2	FUT.2FPL|FUT.3FPL		False	PAAL
vocalized	LX-c5fa19b84d:V1	LX-c5fa19b84d	תְּלַטֵּף	2	FUT.2MSG|FUT.3FSG		False	PIEL
vocalized	LX-c5fa19b84d:V2	LX-c5fa19b84d	תְּלַטֵּפְנָה	2	FUT.2FPL|FUT.3FPL		False	PIEL
vocalized	LX-c6c5520e5b:V1	LX-c6c5520e5b	הִתְנַדֵּב	2	PST.3MSG|IMP.2MSG	PST.3MSG	True	HITPAEL
vocalized	LX-c6c5520e5b:V2	LX-c6c5520e5b	הִתְנַדְּבוּ	2	PST.3PL|IMP.2MPL	PST.3PL	True	HITPAEL
vocalized	LX-c6c5520e5b:V3	LX-c6c5520e5b	תִּתְנַדֵּב	2	FUT.2MSG|FUT.3FSG		False	HITPAEL
vocalized	LX-c6c5520e5b:V4	LX-c6c5520e5b	תִּתְנַדֵּבְנָה	2	FUT.2FPL|FUT.3FPL		False	HITPAEL
vocalized	LX-c70f6633ad:V1	LX-c70f6633ad	תַּשְׁלִים	2	FUT.2MSG|FUT.3FSG		False	HIFIL
vocalized	LX-c70f6633ad:V2	LX-c70f6633ad	תַּשְׁלֵמְנָה	2	FUT.2FPL|FUT.3FPL		False	HIFIL
vocalized	LX-c77a638fe9:V1	LX-c77a638fe9	תֻּזְכַּר	2	FUT.2MSG|FUT.3FSG		False	HUFAL
vocalized	LX-c77a638fe9:V2	LX-c77a638fe9	תֻּזְכַּרְנָה	2	FUT.2FPL|FUT.3FPL		False	HUFAL
vocalized	LX-c7ccef968d:V1	LX-c7ccef968d	תִּגְנֹז	2	FUT.2MSG|FUT.3FSG		False	PAAL
vocalized	LX-c7ccef968d:V2	LX-c7ccef968d	תִּגְנֹזְנָה	2	FUT.2FPL|FUT.3FPL		False	PAAL
vocalized	LX-c7e36dca16:V1	LX-c7e36dca16	תַּסְכִּים	2	FUT.2MSG|FUT.3FSG		False	HIFIL
vocalized	LX-c7e36dca16:V2	LX-c7e36dca16	תַּסְכֵּמְנָה	2	FUT.2FPL|FUT.3FPL		False	HIFIL
vocalized	LX-c7e5205e29:V1	LX-c7e5205e29	תְּכַזֵּב	2	FUT.2MSG|FUT.3FSG		False	PIEL
vocalized	LX-c7e5205e29:V2	LX-c7e5205e29	תְּכַזֵּבְנָה	2	FUT.2FPL|FUT.3FPL		False	PIEL
vocalized	LX-c80782e94b:V1	LX-c80782e94b	נְמַסּוֹת	2	PST.2FSG|PRS.FPL	PST.2FSG	True	NIFAL
vocalized	LX-c80782e94b:V2	LX-c80782e94b	תִּמַּס	2	FUT.2MSG|FUT.3FSG		False	NIFAL
vocalized	LX-c80782e94b:V3	LX-c80782e94b	תִּמַּסְנָה	2	FUT.2FPL|FUT.3FPL		False	NIFAL
vocalized	LX-c809c15e49:V1	LX-c809c15e49	תְּרַחְרֵחַ	2	FUT.2MSG|FUT.3FSG		False	
vocalized	LX-c809c15e49:V2	LX-c809c15e49	תְּרַחְרַחְנָה	2	FUT.2FPL|FUT.3FPL		False	
vocalized	LX-c87515b843:V1	LX-c87515b843	תִּלְחַשׁ	2	FUT.2MSG|FUT.3FSG		False	PAAL
vocalized	LX-c87515b843:V2	LX-c87515b843	תִּלְחַשְׁנָה	2	FUT.2FPL|FUT.3FPL		False	PAAL
vocalized	LX-c8a5d92ac7:V1	LX-c8a5d92ac7	הֵינִיקוּ	2	PST.3PL|IMP.2MPL	PST.3PL	True	HIFIL
vocalized	LX-c8a5d92ac7:V2	LX-c8a5d92ac7	תֵּינִיק	2	FUT.2MSG|FUT.3FSG		False	HIFIL
vocalized	LX-c8a5d92ac7:V3	LX-c8a5d92ac7	תֵּינֵקְנָה	2	FUT.2FPL|FUT.3FPL		False	HIFIL
vocalized	LX-c8a888740b:V1	LX-c8a888740b	תְּבַלְבֵּל	2	FUT.2MSG|FUT.3FSG		False	PIEL
vocalized	LX-c8a888740b:V2	LX-c8a888740b	תְּבַלְבֵּלְנָה	2	FUT.2FPL|FUT.3FPL		False	PIEL
vocalized	LX-c9203ff974:V1	LX-c9203ff974	הִשְׁתַּמֵּשׁ	2	PST.3MSG|IMP.2MSG	PST.3MSG	True	HITPAEL
vocalized	LX-c9203ff974:V2	LX-c9203ff974	הִשְׁתַּמְּשׁוּ	2	PST.3PL|IMP.2MPL	PST.3PL	True	HITPAEL
vocalized	LX-c9203ff974:V3	LX-c9203ff974	תִּשְׁתַּמֵּשׁ	2	FUT.2MSG|FUT.3FSG		False	HITPAEL
vocalized	LX-c9203ff974:V4	LX-c9203ff974	תִּשְׁתַּמֵּשְׁנָה	2	FUT.2FPL|FUT.3FPL		False	HITPAEL
vocalized	LX-c922e67326:V1	LX-c922e67326	רָשׁ	2	PST.3MSG|PRS.MSG	PST.3MSG	True	PAAL
vocalized	LX-c95ee3e90b:V1	LX-c95ee3e90b	רָד	2	PST.3MSG|PRS.MSG	PST.3MSG	True	PAAL
vocalized	LX-c9603c82d9:V1	LX-c9603c82d9	תִּזְרַח	2	FUT.2MSG|FUT.3FSG		False	PAAL
vocalized	LX-c9603c82d9:V2	LX-c9603c82d9	תִּזְרַחְנָה	2	FUT.2FPL|FUT.3FPL		False	PAAL
vocalized	LX-c979d80b1d:V1	LX-c979d80b1d	שׂוֹחֵחַ	2	PST.3MSG|IMP.2MSG	PST.3MSG	True	PIEL
vocalized	LX-c979d80b1d:V2	LX-c979d80b1d	שׂוֹחֲחוּ	2	PST.3PL|IMP.2MPL	PST.3PL	True	PIEL
vocalized	LX-c979d80b1d:V3	LX-c979d80b1d	תְּשׂוֹחֵחַ	2	FUT.2MSG|FUT.3FSG		False	PIEL
vocalized	LX-c979d80b1d:V4	LX-c979d80b1d	תְּשׂוֹחַחְנָה	2	FUT.2FPL|FUT.3FPL		False	PIEL
vocalized	LX-c99302ab8f:V1	LX-c99302ab8f	יְכַעֵס	2	FUT.3MSG|NFIN		True	PIEL
vocalized	LX-c9a5b2736d:V1	LX-c9a5b2736d	הֵימִינוּ	2	PST.3PL|IMP.2MPL	PST.3PL	True	HIFIL
vocalized	LX-c9a5b2736d:V2	LX-c9a5b2736d	תֵּימִין	2	FUT.2MSG|FUT.3FSG		False	HIFIL
vocalized	LX-c9a5b2736d:V3	LX-c9a5b2736d	תֵּימֵנָּה	2	FUT.2FPL|FUT.3FPL		False	HIFIL
vocalized	LX-c9c893c95f:V1	LX-c9c893c95f	תִּסְתֹּר	2	FUT.2MSG|FUT.3FSG		False	PAAL
vocalized	LX-c9c893c95f:V2	LX-c9c893c95f	תִּסְתֹּרְנָה	2	FUT.2FPL|FUT.3FPL		False	PAAL
vocalized	LX-c9f52c0679:V1	LX-c9f52c0679	תְּרַצֵּד	2	FUT.2MSG|FUT.3FSG		False	PAAL
vocalized	LX-c9f52c0679:V2	LX-c9f52c0679	תְּרַצֵּדְנָה	2	FUT.2FPL|FUT.3FPL		False	PAAL
vocalized	LX-c9f98ffa70:V1	LX-c9f98ffa70	הִתְבַּהֵם	2	PST.3MSG|IMP.2MSG	PST.3MSG	True	HITPAEL
vocalized	LX-c9fa5fb2eb:V1	LX-c9fa5fb2eb	תִּבְלֹם	2	FUT.2MSG|FUT.3FSG		False	PAAL
vocalized	LX-c9fa5fb2eb:V2	LX-c9fa5fb2eb	תִּבְלֹמְנָה	2	FUT.2FPL|FUT.3FPL		False	PAAL
vocalized	LX-ca3adcaa91:V1	LX-ca3adcaa91	תְּשַׁחֵד	2	FUT.2MSG|FUT.3FSG		False	PIEL
vocalized	LX-ca3adcaa91:V2	LX-ca3adcaa91	תְּשַׁחֵדְנָה	2	FUT.2FPL|FUT.3FPL		False	PIEL
vocalized	LX-ca66f4d375:V1	LX-ca66f4d375	הִתְחַמֵּם	2	PST.3MSG|IMP.2MSG	PST.3MSG	True	HITPAEL
vocalized	LX-ca66f4d375:V2	LX-ca66f4d375	הִתְחַמְּמוּ	2	PST.3PL|IMP.2MPL	PST.3PL	True	HITPAEL
vocalized	LX-ca66f4d375:V3	LX-ca66f4d375	תִּתְחַמֵּם	2	FUT.2MSG|FUT.3FSG		False	HITPAEL
vocalized	LX-ca66f4d375:V4	LX-ca66f4d375	תִּתְחַמֵּמְנָה	2	FUT.2FPL|FUT.3FPL		False	HITPAEL
vocalized	LX-ca90f091bd:V1	LX-ca90f091bd	תְּחַמֵּם	2	FUT.2MSG|FUT.3FSG		False	PIEL
vocalized	LX-ca90f091bd:V2	LX-ca90f091bd	תְּחַמֵּמְנָה	2	FUT.2FPL|FUT.3FPL		False	PIEL
vocalized	LX-ca93468c6e:V1	LX-ca93468c6e	תַּבְדִּיל	2	FUT.2MSG|FUT.3FSG		False	HIFIL
vocalized	LX-ca93468c6e:V2	LX-ca93468c6e	תַּבְדֵּלְנָה	2	FUT.2FPL|FUT.3FPL		False	HIFIL
vocalized	LX-caa5d9467a:V1	LX-caa5d9467a	תּוּכַן	2	FUT.2MSG|FUT.3FSG		False	HUFAL
vocalized	LX-caa5d9467a:V2	LX-caa5d9467a	תּוּכַנָּה	2	FUT.2FPL|FUT.3FPL		False	HUFAL
vocalized	LX-caf5449955:V1	LX-caf5449955	הִתְחָרֵט	2	PST.3MSG|IMP.2MSG	PST.3MSG	True	
vocalized	LX-caf5449955:V2	LX-caf5449955	הִתְחָרְטוּ	2	PST.3PL|IMP.2MPL	PST.3PL	True	
vocalized	LX-caf5449955:V3	LX-caf5449955	תִּתְחָרֵט	2	FUT.2MSG|FUT.3FSG		False	
vocalized	LX-caf5449955:V4	LX-caf5449955	תִּתְחָרֵטְנָה	2	FUT.2FPL|FUT.3FPL		False	
vocalized	LX-cb3830c820:V1	LX-cb3830c820	תְּסַמֵּן	2	FUT.2MSG|FUT.3FSG		False	
vocalized	LX-cb3830c820:V2	LX-cb3830c820	תְּסַמֵּנָּה	2	FUT.2FPL|FUT.3FPL		False	
vocalized	LX-cb3cae2754:V1	LX-cb3cae2754	גָּר	2	PST.3MSG|PRS.MSG	PST.3MSG	True	PAAL
vocalized	LX-cb3cae2754:V2	LX-cb3cae2754	גָּרָה	2	PST.3FSG|PRS.FSG	PST.3FSG	True	PAAL
vocalized	LX-cb3cae2754:V3	LX-cb3cae2754	תָּגוּר	2	FUT.2MSG|FUT.3FSG		False	PAAL
vocalized	LX-cb3cae2754:V4	LX-cb3cae2754	תָּגֹרְנָה	2	FUT.2FPL|FUT.3FPL		False	PAAL
vocalized	LX-cb5eb43491:V1	LX-cb5eb43491	תְּכַתֵּב	2	FUT.2MSG|FUT.3FSG		False	PIEL
vocalized	LX-cba29fbefd:V1	LX-cba29fbefd	תֵּשֵׁב	2	FUT.2MSG|FUT.3FSG		False	PAAL
vocalized	LX-cba29fbefd:V2	LX-cba29fbefd	תֵּשֵׁבְנָה	2	FUT.2FPL|FUT.3FPL		False	PAAL
vocalized	LX-cbdb386c05:V1	LX-cbdb386c05	תִּרְקֹד	2	FUT.2MSG|FUT.3FSG		False	PAAL
vocalized	LX-cbdb386c05:V2	LX-cbdb386c05	תִּרְקֹדְנָה	2	FUT.2FPL|FUT.3FPL		False	PAAL
vocalized	LX-cc0b52fbbd:V1	LX-cc0b52fbbd	תִּקְבֹּר	2	FUT.2MSG|FUT.3FSG		False	PAAL
vocalized	LX-cc0b52fbbd:V2	LX-cc0b52fbbd	תִּקְבֹּרְנָה	2	FUT.2FPL|FUT.3FPL		False	PAAL
vocalized	LX-cc671cd248:V1	LX-cc671cd248	תִּכָּנֵס	2	FUT.2MSG|FUT.3FSG		False	NIFAL
vocalized	LX-cc671cd248:V2	LX-cc671cd248	תִּכָּנֵסְנָה	2	FUT.2FPL|FUT.3FPL		False	NIFAL
vocalized	LX-ccbea17ae7:V1	LX-ccbea17ae7	תִּמְשַׁח	2	FUT.2MSG|FUT.3FSG		False	PAAL
vocalized	LX-ccbea17ae7:V2	LX-ccbea17ae7	תִּמְשַׁחְנָה	2	FUT.2FPL|FUT.3FPL		False	PAAL
vocalized	LX-ccdfd26a66:V1	LX-ccdfd26a66	נִמְצֵאת	2	PST.2FSG|PRS.FSG	PST.2FSG	True	NIFAL
vocalized	LX-ccdfd26a66:V2	LX-ccdfd26a66	נִמְצָא	2	PST.3MSG|PRS.MSG	PST.3MSG	True	NIFAL
vocalized	LX-ccdfd26a66:V3	LX-ccdfd26a66	תִּמָּצֵא	2	FUT.2MSG|FUT.3FSG		False	NIFAL
vocalized	LX-ccdfd26a66:V4	LX-ccdfd26a66	תִּמָּצֶאנָה	2	FUT.2FPL|FUT.3FPL		False	NIFAL
vocalized	LX-cd0c117aac:V1	LX-cd0c117aac	תְּבַכֶּה	2	FUT.2MSG|FUT.3FSG		False	PIEL
vocalized	LX-cd0c117aac:V2	LX-cd0c117aac	תְּבַכֶּינָה	2	FUT.2FPL|FUT.3FPL		False	PIEL
vocalized	LX-cd21b2a15b:V1	LX-cd21b2a15b	תִּנְעַל	2	FUT.2MSG|FUT.3FSG		False	PAAL
vocalized	LX-cd21b2a15b:V2	LX-cd21b2a15b	תִּנְעַלְנָה	2	FUT.2FPL|FUT.3FPL		False	PAAL
vocalized	LX-cdb366ab36:V1	LX-cdb366ab36	הִתְפַּלֵּל	2	PST.3MSG|IMP.2MSG	PST.3MSG	True	HITPAEL
vocalized	LX-cdb366ab36:V2	LX-cdb366ab36	הִתְפַּלְּלוּ	2	PST.3PL|IMP.2MPL	PST.3PL	True	HITPAEL
vocalized	LX-cdb366ab36:V3	LX-cdb366ab36	תִּתְפַּלֵּל	2	FUT.2MSG|FUT.3FSG		False	HITPAEL
vocalized	LX-cdb366ab36:V4	LX-cdb366ab36	תִּתְפַּלֵּלְנָה	2	FUT.2FPL|FUT.3FPL		False	HITPAEL
vocalized	LX-ce0a640291:V1	LX-ce0a640291	תִּתֵּן	2	FUT.2MSG|FUT.3FSG		False	PAAL
vocalized	LX-ce0a640291:V2	LX-ce0a640291	תִּתֵּנָּה	2	FUT.2FPL|FUT.3FPL		False	PAAL
vocalized	LX-ce1ade4176:V1	LX-ce1ade4176	תְּשַׁחְרֵר	2	FUT.2MSG|FUT.3FSG		False	PIEL
vocalized	LX-ce1ade4176:V2	LX-ce1ade4176	תְּשַׁחְרֵרְנָה	2	FUT.2FPL|FUT.3FPL		False	PIEL
vocalized	LX-ce6c008b8b:V1	LX-ce6c008b8b	תְּפַשֵּׁל	2	FUT.2MSG|FUT.3FSG		False	
vocalized	LX-ce6c008b8b:V2	LX-ce6c008b8b	תְּפַשֵּׁלְנָה	2	FUT.2FPL|FUT.3FPL		False	
vocalized	LX-ce89cee166:V1	LX-ce89cee166	תּוּבַל	2	FUT.2MSG|FUT.3FSG		False	HUFAL
vocalized	LX-ce89cee166:V2	LX-ce89cee166	תּוּבַלְנָה	2	FUT.2FPL|FUT.3FPL		False	HUFAL
vocalized	LX-ced0f34dcc:V1	LX-ced0f34dcc	תְּאַיֵּם	2	FUT.2MSG|FUT.3FSG		False	PIEL
vocalized	LX-ced0f34dcc:V2	LX-ced0f34dcc	תְּאַיֵּמְנָה	2	FUT.2FPL|FUT.3FPL		False	PIEL
vocalized	LX-cee2d167a2:V1	LX-cee2d167a2	הִתְבּוֹסֵס	2	PST.3MSG|IMP.2MSG	PST.3MSG	True	HITPAEL
vocalized	LX-ceeec4b77e:V1	LX-ceeec4b77e	תְּפָאֵר	2	FUT.2MSG|FUT.3FSG		False	PIEL
vocalized	LX-ceeec4b77e:V2	LX-ceeec4b77e	תְּפָאֵרְנָה	2	FUT.2FPL|FUT.3FPL		False	PIEL
vocalized	LX-cf3a338b24:V1	LX-cf3a338b24	חָס	2	PST.3MSG|PRS.MSG	PST.3MSG	True	PAAL
vocalized	LX-cf3a338b24:V2	LX-cf3a338b24	חָסָה	2	PST.3FSG|PRS.FSG	PST.3FSG	True	PAAL
vocalized	LX-cf3a338b24:V3	LX-cf3a338b24	תָּחוּס	2	FUT.2MSG|FUT.3FSG		False	PAAL
vocalized	LX-cf3a338b24:V4	LX-cf3a338b24	תָּחֹסְנָה	2	FUT.2FPL|FUT.3FPL		False	PAAL
vocalized	LX-cf42f5d720:V1	LX-cf42f5d720	הִתְאַמֵּן	2	PST.3MSG|IMP.2MSG	PST.3MSG	True	HITPAEL
vocalized	LX-cf42f5d720:V2	LX-cf42f5d720	הִתְאַמְּנוּ	2	PST.3PL|IMP.2MPL	PST.3PL	True	HITPAEL
vocalized	LX-cf42f5d720:V3	LX-cf42f5d720	תִּתְאַמֵּן	2	FUT.2MSG|FUT.3FSG		False	HITPAEL
vocalized	LX-cf42f5d720:V4	LX-cf42f5d720	תִּתְאַמֵּנָּה	2	FUT.2FPL|FUT.3FPL		False	HITPAEL
vocalized	LX-cfb75fb8a2:V1	LX-cfb75fb8a2	תִּשַּׁק	2	FUT.2MSG|FUT.3FSG		False	PAAL
vocalized	LX-cfb75fb8a2:V2	LX-cfb75fb8a2	תִּשַּׁקְנָה	2	FUT.2FPL|FUT.3FPL		False	PAAL
vocalized	LX-cfdfc400fd:V1	LX-cfdfc400fd	תַּעֲקֹב	2	FUT.2MSG|FUT.3FSG		False	PAAL
vocalized	LX-cfdfc400fd:V2	LX-cfdfc400fd	תַּעֲקֹבְנָה	2	FUT.2FPL|FUT.3FPL		False	PAAL
vocalized	LX-cff72e0868:V1	LX-cff72e0868	תִּשְׁטֹף	2	FUT.2MSG|FUT.3FSG		False	PAAL
vocalized	LX-cff72e0868:V2	LX-cff72e0868	תִּשְׁטֹפְנָה	2	FUT.2FPL|FUT.3FPL		False	PAAL
vocalized	LX-d00cc5ab8c:V1	LX-d00cc5ab8c	תִּמְנֶה	2	FUT.2MSG|FUT.3FSG		False	PAAL
vocalized	LX-d00cc5ab8c:V2	LX-d00cc5ab8c	תִּמְנֶינָה	2	FUT.2FPL|FUT.3FPL		False	PAAL
vocalized	LX-d02bdb95db:V1	LX-d02bdb95db	הִתְקָרֵחַ	2	PST.3MSG|IMP.2MSG	PST.3MSG	True	HITPAEL
vocalized	LX-d02bdb95db:V2	LX-d02bdb95db	הִתְקָרְחוּ	2	PST.3PL|IMP.2MPL	PST.3PL	True	HITPAEL
vocalized	LX-d02bdb95db:V3	LX-d02bdb95db	תִּתְקָרֵחַ	2	FUT.2MSG|FUT.3FSG		False	HITPAEL
vocalized	LX-d02bdb95db:V4	LX-d02bdb95db	תִּתְקָרַחְנָה	2	FUT.2FPL|FUT.3FPL		False	HITPAEL
vocalized	LX-d03441ef0a:V1	LX-d03441ef0a	הִתְיַחֵף	2	PST.3MSG|IMP.2MSG	PST.3MSG	True	HITPAEL
vocalized	LX-d0c538f1c2:V1	LX-d0c538f1c2	הִשְׁתַּזֵּף	2	PST.3MSG|IMP.2MSG	PST.3MSG	True	
vocalized	LX-d0c538f1c2:V2	LX-d0c538f1c2	הִשְׁתַּזְּפוּ	2	PST.3PL|IMP.2MPL	PST.3PL	True	
vocalized	LX-d0c538f1c2:V3	LX-d0c538f1c2	תִּשְׁתַּזֵּף	2	FUT.2MSG|FUT.3FSG		False	
vocalized	LX-d0c538f1c2:V4	LX-d0c538f1c2	תִּשְׁתַּזֵּפְנָה	2	FUT.2FPL|FUT.3FPL		False	
vocalized	LX-d0cbfb1ff3:V1	LX-d0cbfb1ff3	תֶּאֱגֹר	2	FUT.2MSG|FUT.3FSG		False	PAAL
vocalized	LX-d0cbfb1ff3:V2	LX-d0cbfb1ff3	תֶּאֱגֹרְנָה	2	FUT.2FPL|FUT.3FPL		False	PAAL
vocalized	LX-d120856cac:V1	LX-d120856cac	תַּקְטִיר	2	FUT.2MSG|FUT.3FSG		False	
vocalized	LX-d120856cac:V2	LX-d120856cac	תַּקְטֵרְנָה	2	FUT.2FPL|FUT.3FPL		False	
vocalized	LX-d14f973955:V1	LX-d14f973955	תֻּרְגַּשׁ	2	FUT.2MSG|FUT.3FSG		False	HUFAL
vocalized	LX-d14f973955:V2	LX-d14f973955	תֻּרְגַּשְׁנָה	2	FUT.2FPL|FUT.3FPL		False	HUFAL
vocalized	LX-d17a23d201:V1	LX-d17a23d201	תְּטַלְטֵל	2	FUT.2MSG|FUT.3FSG		False	PIEL
vocalized	LX-d17a23d201:V2	LX-d17a23d201	תְּטַלְטֵלְנָה	2	FUT.2FPL|FUT.3FPL		False	PIEL
vocalized	LX-d1901793de:V1	LX-d1901793de	תִּשָּׁבַע	2	FUT.2MSG|FUT.3FSG		False	NIFAL
vocalized	LX-d1901793de:V2	LX-d1901793de	תִּשָּׁבַעְנָה	2	FUT.2FPL|FUT.3FPL		False	NIFAL
vocalized	LX-d1af4c4396:V1	LX-d1af4c4396	תִּנְהַר	2	FUT.2MSG|FUT.3FSG		False	PAAL
vocalized	LX-d1af4c4396:V2	LX-d1af4c4396	תִּנְהַרְנָה	2	FUT.2FPL|FUT.3FPL		False	PAAL
vocalized	LX-d284aaf979:V1	LX-d284aaf979	הִתְגַּלְגֵּל	2	PST.3MSG|IMP.2MSG	PST.3MSG	True	HITPAEL
vocalized	LX-d284aaf979:V2	LX-d284aaf979	הִתְגַּלְגְּלוּ	2	PST.3PL|IMP.2MPL	PST.3PL	True	HITPAEL
vocalized	LX-d284aaf979:V3	LX-d284aaf979	תִּתְגַּלְגֵּל	2	FUT.2MSG|FUT.3FSG		False	HITPAEL
vocalized	LX-d284aaf979:V4	LX-d284aaf979	תִּתְגַּלְגֵּלְנָה	2	FUT.2FPL|FUT.3FPL		False	HITPAEL
vocalized	LX-d2a3bcec99:V1	LX-d2a3bcec99	תּוּסַף	2	FUT.2MSG|FUT.3FSG		False	HUFAL
vocalized	LX-d2a3bcec99:V2	LX-d2a3bcec99	תּוּסַפְנָה	2	FUT.2FPL|FUT.3FPL		False	HUFAL
vocalized	LX-d30e019b1c:V1	LX-d30e019b1c	תְּנַצֵּר	2	FUT.2MSG|FUT.3FSG		False	
vocalized	LX-d30e019b1c:V2	LX-d30e019b1c	תְּנַצֵּרְנָה	2	FUT.2FPL|FUT.3FPL		False	
vocalized	LX-d335ed95d8:V1	LX-d335ed95d8	תִּצְבַּע	2	FUT.2MSG|FUT.3FSG		False	PAAL
vocalized	LX-d335ed95d8:V2	LX-d335ed95d8	תִּצְבַּעְנָה	2	FUT.2FPL|FUT.3FPL		False	PAAL
vocalized	LX-d38eacbf0b:V1	LX-d38eacbf0b	תְּשַׁמֵּר	2	FUT.2MSG|FUT.3FSG		False	PIEL
vocalized	LX-d38eacbf0b:V2	LX-d38eacbf0b	תְּשַׁמֵּרְנָה	2	FUT.2FPL|FUT.3FPL		False	PIEL
vocalized	LX-d3c5e99129:V1	LX-d3c5e99129	תַּהֲפֹךְ	2	FUT.2MSG|FUT.3FSG		False	PAAL
vocalized	LX-d3c5e99129:V2	LX-d3c5e99129	תַּהֲפֹכְנָה	2	FUT.2FPL|FUT.3FPL		False	PAAL
vocalized	LX-d3c798d66c:V1	LX-d3c798d66c	תַּזְמִין	2	FUT.2MSG|FUT.3FSG		False	
vocalized	LX-d3c798d66c:V2	LX-d3c798d66c	תַּזְמֵנָּה	2	FUT.2FPL|FUT.3FPL		False	
vocalized	LX-d3e71a75ea:V1	LX-d3e71a75ea	תָּאִיץ	2	FUT.2MSG|FUT.3FSG		False	
vocalized	LX-d3e71a75ea:V2	LX-d3e71a75ea	תָּאֵצְנָה	2	FUT.2FPL|FUT.3FPL		False	
vocalized	LX-d3eb1aae80:V1	LX-d3eb1aae80	תְּטֻאְטָא	2	FUT.2MSG|FUT.3FSG		False	
vocalized	LX-d3eb1aae80:V2	LX-d3eb1aae80	תְּטֻאְטֶאנָה	2	FUT.2FPL|FUT.3FPL		False	
vocalized	LX-d404f2ef3d:V1	LX-d404f2ef3d	הִתְרוֹשֵׁשׁ	2	PST.3MSG|IMP.2MSG	PST.3MSG	True	HITPAEL
vocalized	LX-d40c6ac470:V1	LX-d40c6ac470	תֶּעֱמַק	2	FUT.2MSG|FUT.3FSG		False	
vocalized	LX-d40c6ac470:V2	LX-d40c6ac470	תֶּעֱמַקְנָה	2	FUT.2FPL|FUT.3FPL		False	
vocalized	LX-d447946745:V1	LX-d447946745	הִתְפַּטֵּר	2	PST.3MSG|IMP.2MSG	PST.3MSG	True	HITPAEL
vocalized	LX-d447946745:V2	LX-d447946745	הִתְפַּטְּרוּ	2	PST.3PL|IMP.2MPL	PST.3PL	True	HITPAEL
vocalized	LX-d447946745:V3	LX-d447946745	תִּתְפַּטֵּר	2	FUT.2MSG|FUT.3FSG		False	HITPAEL
vocalized	LX-d447946745:V4	LX-d447946745	תִּתְפַּטֵּרְנָה	2	FUT.2FPL|FUT.3FPL		False	HITPAEL
vocalized	LX-d49ff7207b:V1	LX-d49ff7207b	תַּחֲלֹב	2	FUT.2MSG|FUT.3FSG		False	
vocalized	LX-d49ff7207b:V2	LX-d49ff7207b	תַּחֲלֹבְנָה	2	FUT.2FPL|FUT.3FPL		False	
vocalized	LX-d4d6c24997:V1	LX-d4d6c24997	תְּדֻכְדַּךְ	2	FUT.2MSG|FUT.3FSG		False	
vocalized	LX-d4d6c24997:V2	LX-d4d6c24997	תְּדֻכְדַּכְנָה	2	FUT.2FPL|FUT.3FPL		False	
vocalized	LX-d4dd0863eb:V1	LX-d4dd0863eb	תִּקְבַּע	2	FUT.2MSG|FUT.3FSG		False	PAAL
vocalized	LX-d4dd0863eb:V2	LX-d4dd0863eb	תִּקְבַּעְנָה	2	FUT.2FPL|FUT.3FPL		False	PAAL
vocalized	LX-d4e0896ffd:V1	LX-d4e0896ffd	תִּסְנֹט	2	FUT.2MSG|FUT.3FSG		False	PAAL
vocalized	LX-d4e0896ffd:V2	LX-d4e0896ffd	תִּסְנֹטְנָה	2	FUT.2FPL|FUT.3FPL		False	PAAL
vocalized	LX-d5fc456ba1:V1	LX-d5fc456ba1	הִשְׁתּוֹקֵק	2	PST.3MSG|IMP.2MSG	PST.3MSG	True	HITPAEL
vocalized	LX-d602805687:V1	LX-d602805687	תְּשָׁרֵת	2	FUT.2MSG|FUT.3FSG		False	PIEL
vocalized	LX-d602805687:V2	LX-d602805687	תְּשָׁרֵתְנָה	2	FUT.2FPL|FUT.3FPL		False	PIEL
vocalized	LX-d6085abe9a:V1	LX-d6085abe9a	תְּלַבֵּן	2	FUT.2MSG|FUT.3FSG		False	PIEL
vocalized	LX-d6085abe9a:V2	LX-d6085abe9a	תְּלַבֵּנָּה	2	FUT.2FPL|FUT.3FPL		False	PIEL
vocalized	LX-d65b9dba6b:V1	LX-d65b9dba6b	תְּחַלֵּק	2	FUT.2MSG|FUT.3FSG		False	PIEL
vocalized	LX-d65b9dba6b:V2	LX-d65b9dba6b	תְּחַלֵּקְנָה	2	FUT.2FPL|FUT.3FPL		False	PIEL
vocalized	LX-d716b2c31d:V1	LX-d716b2c31d	תְּנַבֵּא	2	FUT.2MSG|FUT.3FSG		False	PIEL
vocalized	LX-d716b2c31d:V2	LX-d716b2c31d	תְּנַבֶּאנָה	2	FUT.2FPL|FUT.3FPL		False	PIEL
vocalized	LX-d7299b7567:V1	LX-d7299b7567	תִּמְרַח	2	FUT.2MSG|FUT.3FSG		False	PAAL
vocalized	LX-d7299b7567:V2	LX-d7299b7567	תִּמְרַחְנָה	2	FUT.2FPL|FUT.3FPL		False	PAAL
vocalized	LX-d735eedbfd:V1	LX-d735eedbfd	תִּכְמַהּ	2	FUT.2MSG|FUT.3FSG		False	PAAL
vocalized	LX-d735eedbfd:V2	LX-d735eedbfd	תִּכְמַהְנָה	2	FUT.2FPL|FUT.3FPL		False	PAAL
vocalized	LX-d74fbf641c:V1	LX-d74fbf641c	תַּרְגִּיעַ	2	FUT.2MSG|FUT.3FSG		False	
vocalized	LX-d74fbf641c:V2	LX-d74fbf641c	תַּרְגַּעְנָה	2	FUT.2FPL|FUT.3FPL		False	
vocalized	LX-d756a3a904:V1	LX-d756a3a904	תְּאֻמַּן	2	FUT.2MSG|FUT.3FSG		False	PUAL
vocalized	LX-d756a3a904:V2	LX-d756a3a904	תְּאֻמַּנָּה	2	FUT.2FPL|FUT.3FPL		False	PUAL
vocalized	LX-d769196e21:V1	LX-d769196e21	תִּפָּטֵר	2	FUT.2MSG|FUT.3FSG		False	NIFAL
vocalized	LX-d769196e21:V2	LX-d769196e21	תִּפָּטֵרְנָה	2	FUT.2FPL|FUT.3FPL		False	NIFAL
vocalized	LX-d7a81169f7:V1	LX-d7a81169f7	תּוּאַר	2	FUT.2MSG|FUT.3FSG		False	HUFAL
vocalized	LX-d7a81169f7:V2	LX-d7a81169f7	תּוּאַרְנָה	2	FUT.2FPL|FUT.3FPL		False	HUFAL
vocalized	LX-d7dfb92b44:V1	LX-d7dfb92b44	תִּזָּכֵר	2	FUT.2MSG|FUT.3FSG		False	NIFAL
vocalized	LX-d7dfb92b44:V2	LX-d7dfb92b44	תִּזָּכֵרְנָה	2	FUT.2FPL|FUT.3FPL		False	NIFAL
vocalized	LX-d8547e23a9:V1	LX-d8547e23a9	צָם	2	PST.3MSG|PRS.MSG	PST.3MSG	True	PAAL
vocalized	LX-d8547e23a9:V2	LX-d8547e23a9	צָמָה	2	PST.3FSG|PRS.FSG	PST.3FSG	True	PAAL
vocalized	LX-d8547e23a9:V3	LX-d8547e23a9	תָּצוּם	2	FUT.2MSG|FUT.3FSG		False	PAAL
vocalized	LX-d8547e23a9:V4	LX-d8547e23a9	תָּצֹמְנָה	2	FUT.2FPL|FUT.3FPL		False	PAAL
vocalized	LX-d8afb5b1e7:V1	LX-d8afb5b1e7	תַּכְרִיחַ	2	FUT.2MSG|FUT.3FSG		False	HIFIL
vocalized	LX-d8afb5b1e7:V2	LX-d8afb5b1e7	תַּכְרַחְנָה	2	FUT.2FPL|FUT.3FPL		False	HIFIL
vocalized	LX-d8d15a72aa:V1	LX-d8d15a72aa	תַּחְכִּים	2	FUT.2MSG|FUT.3FSG		False	HIFIL
vocalized	LX-d8d15a72aa:V2	LX-d8d15a72aa	תַּחְכֵּמְנָה	2	FUT.2FPL|FUT.3FPL		False	HIFIL
vocalized	LX-d91b907eb2:V1	LX-d91b907eb2	תַּחֲלֹף	2	FUT.2MSG|FUT.3FSG		False	PAAL
vocalized	LX-d91b907eb2:V2	LX-d91b907eb2	תַּחֲלֹפְנָה	2	FUT.2FPL|FUT.3FPL		False	PAAL
vocalized	LX-d92be487e0:V1	LX-d92be487e0	תְּבַצֵּעַ	2	FUT.2MSG|FUT.3FSG		False	PIEL
vocalized	LX-d92be487e0:V2	LX-d92be487e0	תְּבַצַּעְנָה	2	FUT.2FPL|FUT.3FPL		False	PIEL
vocalized	LX-d931a00a27:V1	LX-d931a00a27	תַּפְרִיעַ	2	FUT.2MSG|FUT.3FSG		False	HIFIL
vocalized	LX-d931a00a27:V2	LX-d931a00a27	תַּפְרַעְנָה	2	FUT.2FPL|FUT.3FPL		False	HIFIL
vocalized	LX-d95bf09a37:V1	LX-d95bf09a37	גָּח	2	PST.3MSG|PRS.MSG	PST.3MSG	True	PAAL
vocalized	LX-d97045723d:V1	LX-d97045723d	תִּמְשֹׁל	2	FUT.2MSG|FUT.3FSG		False	PAAL
vocalized	LX-d97045723d:V2	LX-d97045723d	תִּמְשֹׁלְנָה	2	FUT.2FPL|FUT.3FPL		False	PAAL
vocalized	LX-d985a10b5b:V1	LX-d985a10b5b	הִתְגּוֹלֵל	2	PST.3MSG|IMP.2MSG	PST.3MSG	True	HITPAEL
vocalized	LX-d99a5eb58a:V1	LX-d99a5eb58a	הִתְלַבֵּשׁ	2	PST.3MSG|IMP.2MSG	PST.3MSG	True	HITPAEL
vocalized	LX-d99a5eb58a:V2	LX-d99a5eb58a	הִתְלַבְּשׁוּ	2	PST.3PL|IMP.2MPL	PST.3PL	True	HITPAEL
vocalized	LX-d99a5eb58a:V3	LX-d99a5eb58a	תִּתְלַבֵּשׁ	2	FUT.2MSG|FUT.3FSG		False	HITPAEL
vocalized	LX-d99a5eb58a:V4	LX-d99a5eb58a	תִּתְלַבֵּשְׁנָה	2	FUT.2FPL|FUT.3FPL		False	HITPAEL
vocalized	LX-d9bcdab04e:V1	LX-d9bcdab04e	תּוּזַז	2	FUT.2MSG|FUT.3FSG		False	HUFAL
vocalized	LX-d9bcdab04e:V2	LX-d9bcdab04e	תּוּזַזְנָה	2	FUT.2FPL|FUT.3FPL		False	HUFAL
vocalized	LX-d9e5b26fd0:V1	LX-d9e5b26fd0	הִתְעָרֵב	2	PST.3MSG|IMP.2MSG	PST.3MSG	True	
vocalized	LX-d9e5b26fd0:V2	LX-d9e5b26fd0	הִתְעָרְבוּ	2	PST.3PL|IMP.2MPL	PST.3PL	True	
vocalized	LX-d9e5b26fd0:V3	LX-d9e5b26fd0	תִּתְעָרֵב	2	FUT.2MSG|FUT.3FSG		False	
vocalized	LX-d9e5b26fd0:V4	LX-d9e5b26fd0	תִּתְעָרֵבְנָה	2	FUT.2FPL|FUT.3FPL		False	
vocalized	LX-da0d23398a:V1	LX-da0d23398a	תִּשָּׂא	2	FUT.2MSG|FUT.3FSG		False	PAAL
vocalized	LX-da0d23398a:V2	LX-da0d23398a	תִּשֶּׂאנָה	2	FUT.2FPL|FUT.3FPL		False	PAAL
vocalized	LX-da58ea4612:V1	LX-da58ea4612	הִתְמַצֵּא	2	PST.3MSG|IMP.2MSG	PST.3MSG	True	HITPAEL
vocalized	LX-da58ea4612:V2	LX-da58ea4612	הִתְמַצְּאוּ	2	PST.3PL|IMP.2MPL	PST.3PL	True	HITPAEL
vocalized	LX-da58ea4612:V3	LX-da58ea4612	תִּתְמַצֵּא	2	FUT.2MSG|FUT.3FSG		False	HITPAEL
vocalized	LX-da58ea4612:V4	LX-da58ea4612	תִּתְמַצֶּאנָה	2	FUT.2FPL|FUT.3FPL		False	HITPAEL
vocalized	LX-daf49e6f72:V1	LX-daf49e6f72	הִסְתּוֹפֵף	2	PST.3MSG|IMP.2MSG	PST.3MSG	True	HITPAEL
vocalized	LX-db00b0b070:V1	LX-db00b0b070	תִּטְפַּח	2	FUT.2MSG|FUT.3FSG		False	PAAL
vocalized	LX-db00b0b070:V2	LX-db00b0b070	תִּטְפַּחְנָה	2	FUT.2FPL|FUT.3FPL		False	PAAL
vocalized	LX-dbfe953468:V1	LX-dbfe953468	תְּשַׁלֵּב	2	FUT.2MSG|FUT.3FSG		False	PIEL
vocalized	LX-dbfe953468:V2	LX-dbfe953468	תְּשַׁלֵּבְנָה	2	FUT.2FPL|FUT.3FPL		False	PIEL
vocalized	LX-dc300e87c0:V1	LX-dc300e87c0	תְּסַמֵּל	2	FUT.2MSG|FUT.3FSG		False	PIEL
vocalized	LX-dc300e87c0:V2	LX-dc300e87c0	תְּסַמֵּלְנָה	2	FUT.2FPL|FUT.3FPL		False	PIEL
vocalized	LX-dc529e6500:V1	LX-dc529e6500	הִשְׁתַּתֵּק	2	PST.3MSG|IMP.2MSG	PST.3MSG	True	HITPAEL
vocalized	LX-dc53fec8d9:V1	LX-dc53fec8d9	תִּסְחַט	2	FUT.2MSG|FUT.3FSG		False	PAAL
vocalized	LX-dc53fec8d9:V2	LX-dc53fec8d9	תִּסְחַטְנָה	2	FUT.2FPL|FUT.3FPL		False	PAAL
vocalized	LX-dc81622ef9:V1	LX-dc81622ef9	תֻּצַּע	2	FUT.2MSG|FUT.3FSG		False	
vocalized	LX-dc81622ef9:V2	LX-dc81622ef9	תֻּצַּעְנָה	2	FUT.2FPL|FUT.3FPL		False	
vocalized	LX-dc8695bc5d:V1	LX-dc8695bc5d	מֵת	2	PST.3MSG|PRS.MSG	PST.3MSG	True	PAAL
vocalized	LX-dc8695bc5d:V2	LX-dc8695bc5d	מֵתָה	2	PST.3FSG|PRS.FSG	PST.3FSG	True	PAAL
vocalized	LX-dc8695bc5d:V3	LX-dc8695bc5d	תָּמוּת	2	FUT.2MSG|FUT.3FSG		False	PAAL
vocalized	LX-dc8695bc5d:V4	LX-dc8695bc5d	תָּמֹתְנָה	2	FUT.2FPL|FUT.3FPL		False	PAAL
vocalized	LX-dc8e6a82ec:V1	LX-dc8e6a82ec	תִּדְמֶה	2	FUT.2MSG|FUT.3FSG		False	PAAL
vocalized	LX-dc8e6a82ec:V2	LX-dc8e6a82ec	תִּדְמֶינָה	2	FUT.2FPL|FUT.3FPL		False	PAAL
vocalized	LX-dcb25d506c:V1	LX-dcb25d506c	תְּבֹרַךְ	2	FUT.2MSG|FUT.3FSG		False	PUAL
vocalized	LX-dcb25d506c:V2	LX-dcb25d506c	תְּבֹרַכְנָה	2	FUT.2FPL|FUT.3FPL		False	PUAL
vocalized	LX-dcd56f7a3b:V1	LX-dcd56f7a3b	תּוּאַץ	2	FUT.2MSG|FUT.3FSG		False	
vocalized	LX-dcd56f7a3b:V2	LX-dcd56f7a3b	תּוּאַצְנָה	2	FUT.2FPL|FUT.3FPL		False	
vocalized	LX-dcdd01b224:V1	LX-dcdd01b224	תִּכְרַע	2	FUT.2MSG|FUT.3FSG		False	PAAL
vocalized	LX-dcdd01b224:V2	LX-dcdd01b224	תִּכְרַעְנָה	2	FUT.2FPL|FUT.3FPL		False	PAAL
vocalized	LX-dd5401200e:V1	LX-dd5401200e	תְּבַכֵּר	2	FUT.2MSG|FUT.3FSG		False	PIEL
vocalized	LX-dd5401200e:V2	LX-dd5401200e	תְּבַכֵּרְנָה	2	FUT.2FPL|FUT.3FPL		False	PIEL
vocalized	LX-ddd8ae83f6:V1	LX-ddd8ae83f6	תִּזְקַן	2	FUT.2MSG|FUT.3FSG		False	PAAL
vocalized	LX-ddd8ae83f6:V2	LX-ddd8ae83f6	תִּזְקַנָּה	2	FUT.2FPL|FUT.3FPL		False	PAAL
vocalized	LX-de3a1010ee:V1	LX-de3a1010ee	סוֹבֵב	2	PST.3MSG|IMP.2MSG	PST.3MSG	True	PIEL
vocalized	LX-de6e534bda:V1	LX-de6e534bda	תֶּהֱזֶה	2	FUT.2MSG|FUT.3FSG		False	PAAL
vocalized	LX-de6e534bda:V2	LX-de6e534bda	תֶּהֱזֶינָה	2	FUT.2FPL|FUT.3FPL		False	PAAL
vocalized	LX-de85f9dc81:V1	LX-de85f9dc81	תִּצְעַק	2	FUT.2MSG|FUT.3FSG		False	PAAL
vocalized	LX-de85f9dc81:V2	LX-de85f9dc81	תִּצְעַקְנָה	2	FUT.2FPL|FUT.3FPL		False	PAAL
vocalized	LX-debcd1ce43:V1	LX-debcd1ce43	הִתְבָּאֵס	2	PST.3MSG|IMP.2MSG	PST.3MSG	True	HITPAEL
vocalized	LX-ded5c712c0:V1	LX-ded5c712c0	נִזּוֹן	2	PST.3MSG|PRS.MSG	PST.3MSG	True	NIFAL
vocalized	LX-df31d26a25:V1	LX-df31d26a25	הוֹסִיפוּ	2	PST.3PL|IMP.2MPL	PST.3PL	True	HIFIL
vocalized	LX-df31d26a25:V2	LX-df31d26a25	תּוֹסִיף	2	FUT.2MSG|FUT.3FSG		False	HIFIL
vocalized	LX-df31d26a25:V3	LX-df31d26a25	תּוֹסֵפְנָה	2	FUT.2FPL|FUT.3FPL		False	HIFIL
vocalized	LX-df5a88d9d0:V1	LX-df5a88d9d0	תְּזַהֶה	2	FUT.2MSG|FUT.3FSG		False	PIEL
vocalized	LX-df5a88d9d0:V2	LX-df5a88d9d0	תְּזַהֶינָה	2	FUT.2FPL|FUT.3FPL		False	PIEL
vocalized	LX-df5eb7224e:V1	LX-df5eb7224e	תְּמֻלָּא	2	FUT.2MSG|FUT.3FSG		False	PUAL
vocalized	LX-df5eb7224e:V2	LX-df5eb7224e	תְּמֻלֶּאנָה	2	FUT.2FPL|FUT.3FPL		False	PUAL
vocalized	LX-df9c2f7d3a:V1	LX-df9c2f7d3a	תְּצַיֵּר	2	FUT.2MSG|FUT.3FSG		False	PIEL
vocalized	LX-df9c2f7d3a:V2	LX-df9c2f7d3a	תְּצַיֵּרְנָה	2	FUT.2FPL|FUT.3FPL		False	PIEL
vocalized	LX-dfaa111745:V1	LX-dfaa111745	הִתְרַחֵשׁ	2	PST.3MSG|IMP.2MSG	PST.3MSG	True	HITPAEL
vocalized	LX-dfaa111745:V2	LX-dfaa111745	הִתְרַחֲשׁוּ	2	PST.3PL|IMP.2MPL	PST.3PL	True	HITPAEL
vocalized	LX-dfaa111745:V3	LX-dfaa111745	תִּתְרַחֵשׁ	2	FUT.2MSG|FUT.3FSG		False	HITPAEL
vocalized	LX-dfaa111745:V4	LX-dfaa111745	תִּתְרַחֵשְׁנָה	2	FUT.2FPL|FUT.3FPL		False	HITPAEL
vocalized	LX-dfdb8e45d1:V1	LX-dfdb8e45d1	תִּסְלַח	2	FUT.2MSG|FUT.3FSG		False	PAAL
vocalized	LX-dfdb8e45d1:V2	LX-dfdb8e45d1	תִּסְלַחְנָה	2	FUT.2FPL|FUT.3FPL		False	PAAL
vocalized	LX-dfdc540224:V1	LX-dfdc540224	תַּרְחִיק	2	FUT.2MSG|FUT.3FSG		False	HIFIL
vocalized	LX-dfdc540224:V2	LX-dfdc540224	תַּרְחֵקְנָה	2	FUT.2FPL|FUT.3FPL		False	HIFIL
vocalized	LX-dfe6c77772:V1	LX-dfe6c77772	נִטָּה	2	PST.3MSG|PRS.MSG	PST.3MSG	True	NIFAL
vocalized	LX-e06ae3db70:V1	LX-e06ae3db70	תְּרֹהַט	2	FUT.2MSG|FUT.3FSG		False	PUAL
vocalized	LX-e06ae3db70:V2	LX-e06ae3db70	תְּרֹהַטְנָה	2	FUT.2FPL|FUT.3FPL		False	PUAL
vocalized	LX-e0f85e0df1:V1	LX-e0f85e0df1	נְעִימָה	2	PRS.FSG|MSDR		True	PAAL
vocalized	LX-e0f85e0df1:V2	LX-e0f85e0df1	תִּנְעַם	2	FUT.2MSG|FUT.3FSG		False	PAAL
vocalized	LX-e0f85e0df1:V3	LX-e0f85e0df1	תִּנְעַמְנָה	2	FUT.2FPL|FUT.3FPL		False	PAAL
vocalized	LX-e25287e53f:V1	LX-e25287e53f	הִצְטַחֵק	2	PST.3MSG|IMP.2MSG	PST.3MSG	True	HITPAEL
vocalized	LX-e25287e53f:V2	LX-e25287e53f	הִצְטַחֲקוּ	2	PST.3PL|IMP.2MPL	PST.3PL	True	HITPAEL
vocalized	LX-e25287e53f:V3	LX-e25287e53f	תִּצְטַחֵק	2	FUT.2MSG|FUT.3FSG		False	HITPAEL
vocalized	LX-e25287e53f:V4	LX-e25287e53f	תִּצְטַחֵקְנָה	2	FUT.2FPL|FUT.3FPL		False	HITPAEL
vocalized	LX-e28abbab54:V1	LX-e28abbab54	תֶּחֱצֶה	2	FUT.2MSG|FUT.3FSG		False	PAAL
vocalized	LX-e28abbab54:V2	LX-e28abbab54	תֶּחֱצֶינָה	2	FUT.2FPL|FUT.3FPL		False	PAAL
vocalized	LX-e2cb522b2d:V1	LX-e2cb522b2d	תַּעֲרִיךְ	2	FUT.2MSG|FUT.3FSG		False	HIFIL
vocalized	LX-e2cb522b2d:V2	LX-e2cb522b2d	תַּעֲרֵכְנָה	2	FUT.2FPL|FUT.3FPL		False	HIFIL
vocalized	LX-e2d7408010:V1	LX-e2d7408010	נִבְנֵית	2	PST.2FSG|PRS.FSG	PST.2FSG	True	NIFAL
vocalized	LX-e2d7408010:V2	LX-e2d7408010	תִּבָּנֶה	2	FUT.2MSG|FUT.3FSG		False	NIFAL
vocalized	LX-e2d7408010:V3	LX-e2d7408010	תִּבָּנֶינָה	2	FUT.2FPL|FUT.3FPL		False	NIFAL
vocalized	LX-e2dc7aa7a1:V1	LX-e2dc7aa7a1	תֶּאֱרֹז	2	FUT.2MSG|FUT.3FSG		False	PAAL
vocalized	LX-e2dc7aa7a1:V2	LX-e2dc7aa7a1	תֶּאֱרֹזְנָה	2	FUT.2FPL|FUT.3FPL		False	PAAL
vocalized	LX-e304bdc2fd:V1	LX-e304bdc2fd	הִתְחַפֵּשׂ	2	PST.3MSG|IMP.2MSG	PST.3MSG	True	HITPAEL
vocalized	LX-e304bdc2fd:V2	LX-e304bdc2fd	הִתְחַפְּשׂוּ	2	PST.3PL|IMP.2MPL	PST.3PL	True	HITPAEL
vocalized	LX-e304bdc2fd:V3	LX-e304bdc2fd	תִּתְחַפֵּשׂ	2	FUT.2MSG|FUT.3FSG		False	HITPAEL
vocalized	LX-e304bdc2fd:V4	LX-e304bdc2fd	תִּתְחַפֵּשְׂנָה	2	FUT.2FPL|FUT.3FPL		False	HITPAEL
vocalized	LX-e31de2e059:V1	LX-e31de2e059	תְּתֻבַּל	2	FUT.2MSG|FUT.3FSG		False	
vocalized	LX-e31de2e059:V2	LX-e31de2e059	תְּתֻבַּלְנָה	2	FUT.2FPL|FUT.3FPL		False	
vocalized	LX-e34df5bc28:V1	LX-e34df5bc28	טָס	2	PST.3MSG|PRS.MSG	PST.3MSG	True	PAAL
vocalized	LX-e34df5bc28:V2	LX-e34df5bc28	טָסָה	2	PST.3FSG|PRS.FSG	PST.3FSG	True	PAAL
vocalized	LX-e34df5bc28:V3	LX-e34df5bc28	תָּטוּס	2	FUT.2MSG|FUT.3FSG		False	PAAL
vocalized	LX-e34df5bc28:V4	LX-e34df5bc28	תָּטֹסְנָה	2	FUT.2FPL|FUT.3FPL		False	PAAL
vocalized	LX-e365017775:V1	LX-e365017775	הִתְכּוֹפֵף	2	PST.3MSG|IMP.2MSG	PST.3MSG	True	HITPAEL
vocalized	LX-e365017775:V2	LX-e365017775	הִתְכּוֹפְפוּ	2	PST.3PL|IMP.2MPL	PST.3PL	True	HITPAEL
vocalized	LX-e365017775:V3	LX-e365017775	תִּתְכּוֹפֵף	2	FUT.2MSG|FUT.3FSG		False	HITPAEL
vocalized	LX-e365017775:V4	LX-e365017775	תִּתְכּוֹפֵפְנָה	2	FUT.2FPL|FUT.3FPL		False	HITPAEL
vocalized	LX-e37f4c3b54:V1	LX-e37f4c3b54	נִשֵּׂאת	2	PST.2FSG|PRS.FSG	PST.2FSG	True	NIFAL
vocalized	LX-e37f4c3b54:V2	LX-e37f4c3b54	נִשָּׂא	2	PST.3MSG|PRS.MSG	PST.3MSG	True	NIFAL
vocalized	LX-e37f4c3b54:V3	LX-e37f4c3b54	תִּנָּשֵׂא	2	FUT.2MSG|FUT.3FSG		False	NIFAL
vocalized	LX-e37f4c3b54:V4	LX-e37f4c3b54	תִּנָּשֶׂאנָה	2	FUT.2FPL|FUT.3FPL		False	NIFAL
vocalized	LX-e393eb217e:V1	LX-e393eb217e	תְּאַשֵּׁר	2	FUT.2MSG|FUT.3FSG		False	PIEL
vocalized	LX-e393eb217e:V2	LX-e393eb217e	תְּאַשֵּׁרְנָה	2	FUT.2FPL|FUT.3FPL		False	PIEL
vocalized	LX-e3b678e796:V1	LX-e3b678e796	הִסְתַּמֵּן	2	PST.3MSG|IMP.2MSG	PST.3MSG	True	HITPAEL
vocalized	LX-e3c3e1e3c8:V1	LX-e3c3e1e3c8	הִשְׁתַּחְרֵר	2	PST.3MSG|IMP.2MSG	PST.3MSG	True	HITPAEL
vocalized	LX-e3c3e1e3c8:V2	LX-e3c3e1e3c8	הִשְׁתַּחְרְרוּ	2	PST.3PL|IMP.2MPL	PST.3PL	True	HITPAEL
vocalized	LX-e3c3e1e3c8:V3	LX-e3c3e1e3c8	תִּשְׁתַּחְרֵר	2	FUT.2MSG|FUT.3FSG		False	HITPAEL
vocalized	LX-e3c3e1e3c8:V4	LX-e3c3e1e3c8	תִּשְׁתַּחְרֵרְנָה	2	FUT.2FPL|FUT.3FPL		False	HITPAEL
vocalized	LX-e3dbc11ba5:V1	LX-e3dbc11ba5	הִתְנַבֵּא	2	PST.3MSG|IMP.2MSG	PST.3MSG	True	
vocalized	LX-e3dbc11ba5:V2	LX-e3dbc11ba5	הִתְנַבְּאוּ	2	PST.3PL|IMP.2MPL	PST.3PL	True	
vocalized	LX-e3dbc11ba5:V3	LX-e3dbc11ba5	תִּתְנַבֵּא	2	FUT.2MSG|FUT.3FSG		False	
vocalized	LX-e3dbc11ba5:V4	LX-e3dbc11ba5	תִּתְנַבֶּאנָה	2	FUT.2FPL|FUT.3FPL		False	
vocalized	LX-e405d57fd3:V1	LX-e405d57fd3	תִּפְגֹּשׁ	2	FUT.2MSG|FUT.3FSG		False	PAAL
vocalized	LX-e405d57fd3:V2	LX-e405d57fd3	תִּפְגֹּשְׁנָה	2	FUT.2FPL|FUT.3FPL		False	PAAL
vocalized	LX-e4491b8f04:V1	LX-e4491b8f04	תִּפְרַח	2	FUT.2MSG|FUT.3FSG		False	PAAL
vocalized	LX-e4491b8f04:V2	LX-e4491b8f04	תִּפְרַחְנָה	2	FUT.2FPL|FUT.3FPL		False	PAAL
vocalized	LX-e48552f170:V1	LX-e48552f170	תִּרְצַח	2	FUT.2MSG|FUT.3FSG		False	PAAL
vocalized	LX-e48552f170:V2	LX-e48552f170	תִּרְצַחְנָה	2	FUT.2FPL|FUT.3FPL		False	PAAL
vocalized	LX-e49ccc7b5d:V1	LX-e49ccc7b5d	מוֹטֵט	2	PST.3MSG|IMP.2MSG	PST.3MSG	True	
vocalized	LX-e49ccc7b5d:V2	LX-e49ccc7b5d	מוֹטְטוּ	2	PST.3PL|IMP.2MPL	PST.3PL	True	
vocalized	LX-e49ccc7b5d:V3	LX-e49ccc7b5d	תְּמוֹטֵט	2	FUT.2MSG|FUT.3FSG		False	
vocalized	LX-e49ccc7b5d:V4	LX-e49ccc7b5d	תְּמוֹטֵטְנָה	2	FUT.2FPL|FUT.3FPL		False	
vocalized	LX-e514f8ec59:V1	LX-e514f8ec59	תְּתַקֵּן	2	FUT.2MSG|FUT.3FSG		False	PIEL
vocalized	LX-e514f8ec59:V2	LX-e514f8ec59	תְּתַקֵּנָּה	2	FUT.2FPL|FUT.3FPL		False	PIEL
vocalized	LX-e5193defc1:V1	LX-e5193defc1	תַּקְשִׁיב	2	FUT.2MSG|FUT.3FSG		False	HIFIL
vocalized	LX-e5193defc1:V2	LX-e5193defc1	תַּקְשֵׁבְנָה	2	FUT.2FPL|FUT.3FPL		False	HIFIL
vocalized	LX-e51a2d6777:V1	LX-e51a2d6777	הִתְקַלֵּחַ	2	PST.3MSG|IMP.2MSG	PST.3MSG	True	
vocalized	LX-e51a2d6777:V2	LX-e51a2d6777	הִתְקַלְּחוּ	2	PST.3PL|IMP.2MPL	PST.3PL	True	
vocalized	LX-e51a2d6777:V3	LX-e51a2d6777	תִּתְקַלֵּחַ	2	FUT.2MSG|FUT.3FSG		False	
vocalized	LX-e51a2d6777:V4	LX-e51a2d6777	תִּתְקַלַּחְנָה	2	FUT.2FPL|FUT.3FPL		False	
vocalized	LX-e545484ad5:V1	LX-e545484ad5	הִתְאַזְרֵחַ	2	PST.3MSG|IMP.2MSG	PST.3MSG	True	HITPAEL
vocalized	LX-e545484ad5:V2	LX-e545484ad5	הִתְאַזְרְחוּ	2	PST.3PL|IMP.2MPL	PST.3PL	True	HITPAEL
vocalized	LX-e545484ad5:V3	LX-e545484ad5	תִּתְאַזְרֵחַ	2	FUT.2MSG|FUT.3FSG		False	HITPAEL
vocalized	LX-e545484ad5:V4	LX-e545484ad5	תִּתְאַזְרַחְנָה	2	FUT.2FPL|FUT.3FPL		False	HITPAEL
vocalized	LX-e55cf24cad:V1	LX-e55cf24cad	הִתְחַזֵּק	2	PST.3MSG|IMP.2MSG	PST.3MSG	True	HITPAEL
vocalized	LX-e5c08439ab:V1	LX-e5c08439ab	תִּשְׁכַּב	2	FUT.2MSG|FUT.3FSG		False	PAAL
vocalized	LX-e5c08439ab:V2	LX-e5c08439ab	תִּשְׁכַּבְנָה	2	FUT.2FPL|FUT.3FPL		False	PAAL
vocalized	LX-e5cd4ef5f5:V1	LX-e5cd4ef5f5	תִּצְמַח	2	FUT.2MSG|FUT.3FSG		False	PAAL
vocalized	LX-e5cd4ef5f5:V2	LX-e5cd4ef5f5	תִּצְמַחְנָה	2	FUT.2FPL|FUT.3FPL		False	PAAL
vocalized	LX-e665a00f13:V1	LX-e665a00f13	תָּפֵר	2	FUT.2MSG|FUT.3FSG		False	HIFIL
vocalized	LX-e665a00f13:V2	LX-e665a00f13	תָּפֵרְנָה	2	FUT.2FPL|FUT.3FPL		False	HIFIL
vocalized	LX-e6667ea209:V1	LX-e6667ea209	תְּפֻצֶּה	2	FUT.2MSG|FUT.3FSG		False	
vocalized	LX-e6667ea209:V2	LX-e6667ea209	תְּפֻצֶּינָה	2	FUT.2FPL|FUT.3FPL		False	
vocalized	LX-e671b27ab0:V1	LX-e671b27ab0	אוֹתֵת	2	PST.3MSG|IMP.2MSG	PST.3MSG	True	PIEL
vocalized	LX-e671b27ab0:V2	LX-e671b27ab0	אוֹתְתוּ	2	PST.3PL|IMP.2MPL	PST.3PL	True	PIEL
vocalized	LX-e671b27ab0:V3	LX-e671b27ab0	תְּאוֹתֵת	2	FUT.2MSG|FUT.3FSG		False	PIEL
vocalized	LX-e671b27ab0:V4	LX-e671b27ab0	תְּאוֹתֵתְנָה	2	FUT.2FPL|FUT.3FPL		False	PIEL
vocalized	LX-e67a8b6fe4:V1	LX-e67a8b6fe4	תְּזֻעְזַע	2	FUT.2MSG|FUT.3FSG		False	
vocalized	LX-e67a8b6fe4:V2	LX-e67a8b6fe4	תְּזֻעְזַעְנָה	2	FUT.2FPL|FUT.3FPL		False	
vocalized	LX-e70e70af87:V1	LX-e70e70af87	תְּסַלֵּק	2	FUT.2MSG|FUT.3FSG		False	PIEL
vocalized	LX-e70e70af87:V2	LX-e70e70af87	תְּסַלֵּקְנָה	2	FUT.2FPL|FUT.3FPL		False	PIEL
vocalized	LX-e737d03de5:V1	LX-e737d03de5	תְּדַגֵּל	2	FUT.2MSG|FUT.3FSG		False	
vocalized	LX-e737d03de5:V2	LX-e737d03de5	תְּדַגֵּלְנָה	2	FUT.2FPL|FUT.3FPL		False	
vocalized	LX-e7e8ab0d7d:V1	LX-e7e8ab0d7d	תְּצַנְזֵר	2	FUT.2MSG|FUT.3FSG		False	PIEL
vocalized	LX-e7e8ab0d7d:V2	LX-e7e8ab0d7d	תְּצַנְזֵרְנָה	2	FUT.2FPL|FUT.3FPL		False	PIEL
vocalized	LX-e84a8e4575:V1	LX-e84a8e4575	תְּקַנֵּחַ	2	FUT.2MSG|FUT.3FSG		False	PIEL
vocalized	LX-e84a8e4575:V2	LX-e84a8e4575	תְּקַנַּחְנָה	2	FUT.2FPL|FUT.3FPL		False	PIEL
vocalized	LX-e8646b5b9e:V1	LX-e8646b5b9e	תִּנְצֹר	2	FUT.2MSG|FUT.3FSG		False	PAAL
vocalized	LX-e8646b5b9e:V2	LX-e8646b5b9e	תִּנְצֹרְנָה	2	FUT.2FPL|FUT.3FPL		False	PAAL
vocalized	LX-e8c2490fc9:V1	LX-e8c2490fc9	תִּזְכֹּר	2	FUT.2MSG|FUT.3FSG		False	PAAL
vocalized	LX-e8c2490fc9:V2	LX-e8c2490fc9	תִּזְכֹּרְנָה	2	FUT.2FPL|FUT.3FPL		False	PAAL
vocalized	LX-e8ec2d746a:V1	LX-e8ec2d746a	תְּקַשֵּׁר	2	FUT.2MSG|FUT.3FSG		False	PIEL
vocalized	LX-e8ec2d746a:V2	LX-e8ec2d746a	תְּקַשֵּׁרְנָה	2	FUT.2FPL|FUT.3FPL		False	PIEL
vocalized	LX-e919f52b15:V1	LX-e919f52b15	תִּכָּלֵם	2	FUT.2MSG|FUT.3FSG		False	NIFAL
vocalized	LX-e919f52b15:V2	LX-e919f52b15	תִּכָּלֵמְנָה	2	FUT.2FPL|FUT.3FPL		False	NIFAL
vocalized	LX-e9a5325895:V1	LX-e9a5325895	תֶּאֱסֹף	2	FUT.2MSG|FUT.3FSG		False	PAAL
vocalized	LX-e9a5325895:V2	LX-e9a5325895	תֶּאֱסֹפְנָה	2	FUT.2FPL|FUT.3FPL		False	PAAL
vocalized	LX-e9ecf1fa4a:V1	LX-e9ecf1fa4a	תְּבֻטָּא	2	FUT.2MSG|FUT.3FSG		False	PUAL
vocalized	LX-e9ecf1fa4a:V2	LX-e9ecf1fa4a	תְּבֻטֶּאנָה	2	FUT.2FPL|FUT.3FPL		False	PUAL
vocalized	LX-ea25ee3884:V1	LX-ea25ee3884	תֻּשְׁתַּק	2	FUT.2MSG|FUT.3FSG		False	HUFAL
vocalized	LX-ea25ee3884:V2	LX-ea25ee3884	תֻּשְׁתַּקְנָה	2	FUT.2FPL|FUT.3FPL		False	HUFAL
vocalized	LX-ea43dfa94f:V1	LX-ea43dfa94f	תָּמִית	2	FUT.2MSG|FUT.3FSG		False	HIFIL
vocalized	LX-ea43dfa94f:V2	LX-ea43dfa94f	תָּמֵתְנָה	2	FUT.2FPL|FUT.3FPL		False	HIFIL
vocalized	LX-ea77133061:V1	LX-ea77133061	בָּלָה	2	PST.3MSG|PRS.FSG	PST.3MSG	True	PAAL
vocalized	LX-ea77133061:V2	LX-ea77133061	תִּבְלֶה	2	FUT.2MSG|FUT.3FSG		False	PAAL
vocalized	LX-ea77133061:V3	LX-ea77133061	תִּבְלֶינָה	2	FUT.2FPL|FUT.3FPL		False	PAAL
vocalized	LX-eaa7f02910:V1	LX-eaa7f02910	תַּעֲמֹד	2	FUT.2MSG|FUT.3FSG		False	PAAL
vocalized	LX-eaa7f02910:V2	LX-eaa7f02910	תַּעֲמֹדְנָה	2	FUT.2FPL|FUT.3FPL		False	PAAL
vocalized	LX-eac002a1ae:V1	LX-eac002a1ae	צָף	2	PST.3MSG|PRS.MSG	PST.3MSG	True	PAAL
vocalized	LX-eac002a1ae:V2	LX-eac002a1ae	צָפָה	2	PST.3FSG|PRS.FSG	PST.3FSG	True	PAAL
vocalized	LX-eac002a1ae:V3	LX-eac002a1ae	תָּצוּף	2	FUT.2MSG|FUT.3FSG		False	PAAL
vocalized	LX-eac002a1ae:V4	LX-eac002a1ae	תָּצֹפְנָה	2	FUT.2FPL|FUT.3FPL		False	PAAL
vocalized	LX-eacd12f96d:V1	LX-eacd12f96d	תְּנַשֵּׁק	2	FUT.2MSG|FUT.3FSG		False	PIEL
vocalized	LX-eacd12f96d:V2	LX-eacd12f96d	תְּנַשֵּׁקְנָה	2	FUT.2FPL|FUT.3FPL		False	PIEL
vocalized	LX-eae923cd2c:V1	LX-eae923cd2c	תְּכַלֶּה	2	FUT.2MSG|FUT.3FSG		False	PIEL
vocalized	LX-eae923cd2c:V2	LX-eae923cd2c	תְּכַלֶּינָה	2	FUT.2FPL|FUT.3FPL		False	PIEL
vocalized	LX-eb646aacf1:V1	LX-eb646aacf1	תַּעֲבֹר	2	FUT.2MSG|FUT.3FSG		False	PAAL
vocalized	LX-eb646aacf1:V2	LX-eb646aacf1	תַּעֲבֹרְנָה	2	FUT.2FPL|FUT.3FPL		False	PAAL
vocalized	LX-ebbb34c23c:V1	LX-ebbb34c23c	תְּחֻזַּק	2	FUT.2MSG|FUT.3FSG		False	PUAL
vocalized	LX-ebbb34c23c:V2	LX-ebbb34c23c	תְּחֻזַּקְנָה	2	FUT.2FPL|FUT.3FPL		False	PUAL
vocalized	LX-ebc59afbf0:V1	LX-ebc59afbf0	הִתְאַקְלֵם	2	PST.3MSG|IMP.2MSG	PST.3MSG	True	HITPAEL
vocalized	LX-ebdb503530:V1	LX-ebdb503530	תְּקַטֵּב	2	FUT.2MSG|FUT.3FSG		False	
vocalized	LX-ebdb503530:V2	LX-ebdb503530	תְּקַטֵּבְנָה	2	FUT.2FPL|FUT.3FPL		False	
vocalized	LX-ebf8ffff61:V1	LX-ebf8ffff61	תִּטְבַּח	2	FUT.2MSG|FUT.3FSG		False	PAAL
vocalized	LX-ebf8ffff61:V2	LX-ebf8ffff61	תִּטְבַּחְנָה	2	FUT.2FPL|FUT.3FPL		False	PAAL
vocalized	LX-ec5617194d:V1	LX-ec5617194d	תְּלַמֵּד	2	FUT.2MSG|FUT.3FSG		False	PIEL
vocalized	LX-ec5617194d:V2	LX-ec5617194d	תְּלַמֵּדְנָה	2	FUT.2FPL|FUT.3FPL		False	PIEL
vocalized	LX-ec6a963ec5:V1	LX-ec6a963ec5	הִתְקַבֵּל	2	PST.3MSG|IMP.2MSG	PST.3MSG	True	
vocalized	LX-ec6a963ec5:V2	LX-ec6a963ec5	הִתְקַבְּלוּ	2	PST.3PL|IMP.2MPL	PST.3PL	True	
vocalized	LX-ec6a963ec5:V3	LX-ec6a963ec5	תִּתְקַבֵּל	2	FUT.2MSG|FUT.3FSG		False	
vocalized	LX-ec6a963ec5:V4	LX-ec6a963ec5	תִּתְקַבֵּלְנָה	2	FUT.2FPL|FUT.3FPL		False	
vocalized	LX-ec81c77bf3:V1	LX-ec81c77bf3	הִתְעַמֵּל	2	PST.3MSG|IMP.2MSG	PST.3MSG	True	HITPAEL
vocalized	LX-ec81c77bf3:V2	LX-ec81c77bf3	הִתְעַמְּלוּ	2	PST.3PL|IMP.2MPL	PST.3PL	True	HITPAEL
vocalized	LX-ec81c77bf3:V3	LX-ec81c77bf3	תִּתְעַמֵּל	2	FUT.2MSG|FUT.3FSG		False	HITPAEL
vocalized	LX-ec81c77bf3:V4	LX-ec81c77bf3	תִּתְעַמֵּלְנָה	2	FUT.2FPL|FUT.3FPL		False	HITPAEL
vocalized	LX-eca4a0ebc1:V1	LX-eca4a0ebc1	תָּאִיר	2	FUT.2MSG|FUT.3FSG		False	HIFIL
vocalized	LX-eca4a0ebc1:V2	LX-eca4a0ebc1	תָּאֵרְנָה	2	FUT.2FPL|FUT.3FPL		False	HIFIL
vocalized	LX-ee797e30b2:V1	LX-ee797e30b2	תַּעֲמִיד	2	FUT.2MSG|FUT.3FSG		False	
vocalized	LX-ee797e30b2:V2	LX-ee797e30b2	תַּעֲמֵדְנָה	2	FUT.2FPL|FUT.3FPL		False	
vocalized	LX-eeb845125c:V1	LX-eeb845125c	תִּלְמַד	2	FUT.2MSG|FUT.3FSG		False	PAAL
vocalized	LX-eeb845125c:V2	LX-eeb845125c	תִּלְמַדְנָה	2	FUT.2FPL|FUT.3FPL		False	PAAL
vocalized	LX-eee9bf0186:V1	LX-eee9bf0186	תְּסַנְכְרֵן	2	FUT.2MSG|FUT.3FSG		False	
vocalized	LX-eee9bf0186:V2	LX-eee9bf0186	תְּסַנְכְרֵנָּה	2	FUT.2FPL|FUT.3FPL		False	
vocalized	LX-eef2be3e89:V1	LX-eef2be3e89	תְּרַהֵט	2	FUT.2MSG|FUT.3FSG		False	PIEL
vocalized	LX-eef2be3e89:V2	LX-eef2be3e89	תְּרַהֵטְנָה	2	FUT.2FPL|FUT.3FPL		False	PIEL
vocalized	LX-eef3b958e9:V1	LX-eef3b958e9	הִתְעוֹרֵר	2	PST.3MSG|IMP.2MSG	PST.3MSG	True	HITPAEL
vocalized	LX-eef3b958e9:V2	LX-eef3b958e9	הִתְעוֹרְרוּ	2	PST.3PL|IMP.2MPL	PST.3PL	True	HITPAEL
vocalized	LX-eef3b958e9:V3	LX-eef3b958e9	תִּתְעוֹרֵר	2	FUT.2MSG|FUT.3FSG		False	HITPAEL
vocalized	LX-eef3b958e9:V4	LX-eef3b958e9	תִּתְעוֹרֵרְנָה	2	FUT.2FPL|FUT.3FPL		False	HITPAEL
vocalized	LX-eefd507a95:V1	LX-eefd507a95	גָּל	2	PST.3MSG|PRS.MSG	PST.3MSG	True	PAAL
vocalized	LX-ef2a8cd329:V1	LX-ef2a8cd329	תִּגְדַּל	2	FUT.2MSG|FUT.3FSG		False	PAAL
vocalized	LX-ef2a8cd329:V2	LX-ef2a8cd329	תִּגְדַּלְנָה	2	FUT.2FPL|FUT.3FPL		False	PAAL
vocalized	LX-ef36af359d:V1	LX-ef36af359d	תֶּחֱרֶה	2	FUT.2MSG|FUT.3FSG		False	PAAL
vocalized	LX-ef36af359d:V2	LX-ef36af359d	תֶּחֱרֶינָה	2	FUT.2FPL|FUT.3FPL		False	PAAL
vocalized	LX-ef3e26f237:V1	LX-ef3e26f237	הִתְקַמֵּט	2	PST.3MSG|IMP.2MSG	PST.3MSG	True	
vocalized	LX-ef3e26f237:V2	LX-ef3e26f237	הִתְקַמְּטוּ	2	PST.3PL|IMP.2MPL	PST.3PL	True	
vocalized	LX-ef3e26f237:V3	LX-ef3e26f237	תִּתְקַמֵּט	2	FUT.2MSG|FUT.3FSG		False	
vocalized	LX-ef3e26f237:V4	LX-ef3e26f237	תִּתְקַמֵּטְנָה	2	FUT.2FPL|FUT.3FPL		False	
vocalized	LX-ef4b03f140:V1	LX-ef4b03f140	תִּדְאַג	2	FUT.2MSG|FUT.3FSG		False	PAAL
vocalized	LX-ef4b03f140:V2	LX-ef4b03f140	תִּדְאַגְנָה	2	FUT.2FPL|FUT.3FPL		False	PAAL
vocalized	LX-ef58b34f77:V1	LX-ef58b34f77	הִתְרַכֵּז	2	PST.3MSG|IMP.2MSG	PST.3MSG	True	HITPAEL
vocalized	LX-ef7b289959:V1	LX-ef7b289959	תְּאַבְטֵחַ	2	FUT.2MSG|FUT.3FSG		False	
vocalized	LX-ef7b289959:V2	LX-ef7b289959	תְּאַבְטַחְנָה	2	FUT.2FPL|FUT.3FPL		False	
vocalized	LX-efc8a8fffa:V1	LX-efc8a8fffa	תִּזְחַל	2	FUT.2MSG|FUT.3FSG		False	PAAL
vocalized	LX-efc8a8fffa:V2	LX-efc8a8fffa	תִּזְחַלְנָה	2	FUT.2FPL|FUT.3FPL		False	PAAL
vocalized	LX-f014ecdb3c:V1	LX-f014ecdb3c	תִּקְנֶה	2	FUT.2MSG|FUT.3FSG		False	PAAL
vocalized	LX-f014ecdb3c:V2	LX-f014ecdb3c	תִּקְנֶינָה	2	FUT.2FPL|FUT.3FPL		False	PAAL
vocalized	LX-f0664633a4:V1	LX-f0664633a4	תְּפַחֵד	2	FUT.2MSG|FUT.3FSG		False	PIEL
vocalized	LX-f0664633a4:V2	LX-f0664633a4	תְּפַחֵדְנָה	2	FUT.2FPL|FUT.3FPL		False	PIEL
vocalized	LX-f09c39ee18:V1	LX-f09c39ee18	תִּשֶּׁה	2	FUT.2MSG|FUT.3FSG		False	PAAL
vocalized	LX-f09c39ee18:V2	LX-f09c39ee18	תִּשֶּׁינָה	2	FUT.2FPL|FUT.3FPL		False	PAAL
vocalized	LX-f1093e1dd3:V1	LX-f1093e1dd3	תַּחְלִיק	2	FUT.2MSG|FUT.3FSG		False	
vocalized	LX-f1093e1dd3:V2	LX-f1093e1dd3	תַּחְלֵקְנָה	2	FUT.2FPL|FUT.3FPL		False	
vocalized	LX-f186e5a3c6:V1	LX-f186e5a3c6	הִתְגַּעְגֵּעַ	2	PST.3MSG|IMP.2MSG	PST.3MSG	True	
vocalized	LX-f186e5a3c6:V2	LX-f186e5a3c6	הִתְגַּעְגְּעוּ	2	PST.3PL|IMP.2MPL	PST.3PL	True	
vocalized	LX-f186e5a3c6:V3	LX-f186e5a3c6	תִּתְגַּעְגֵּעַ	2	FUT.2MSG|FUT.3FSG		False	
vocalized	LX-f186e5a3c6:V4	LX-f186e5a3c6	תִּתְגַּעְגַּעְנָה	2	FUT.2FPL|FUT.3FPL		False	
vocalized	LX-f18e40231a:V1	LX-f18e40231a	תְּזֹהַם	2	FUT.2MSG|FUT.3FSG		False	
vocalized	LX-f18e40231a:V2	LX-f18e40231a	תְּזֹהַמְנָה	2	FUT.2FPL|FUT.3FPL		False	
vocalized	LX-f1da8bbf7d:V1	LX-f1da8bbf7d	תַּעֲצֹם	2	FUT.2MSG|FUT.3FSG		False	PAAL
vocalized	LX-f1da8bbf7d:V2	LX-f1da8bbf7d	תַּעֲצֹמְנָה	2	FUT.2FPL|FUT.3FPL		False	PAAL
vocalized	LX-f247ae6a19:V1	LX-f247ae6a19	תְּמֻזַּג	2	FUT.2MSG|FUT.3FSG		False	
vocalized	LX-f247ae6a19:V2	LX-f247ae6a19	תְּמֻזַּגְנָה	2	FUT.2FPL|FUT.3FPL		False	
vocalized	LX-f24c0c7236:V1	LX-f24c0c7236	תְּרַשֵּׁת	2	FUT.2MSG|FUT.3FSG		False	PIEL
vocalized	LX-f24c0c7236:V2	LX-f24c0c7236	תְּרַשֵּׁתְנָה	2	FUT.2FPL|FUT.3FPL		False	PIEL
vocalized	LX-f2988da37f:V1	LX-f2988da37f	תְּמֻקַּשׁ	2	FUT.2MSG|FUT.3FSG		False	
vocalized	LX-f2988da37f:V2	LX-f2988da37f	תְּמֻקַּשְׁנָה	2	FUT.2FPL|FUT.3FPL		False	
vocalized	LX-f381657aef:V1	LX-f381657aef	הִטַּגֵּן	2	PST.3MSG|IMP.2MSG	PST.3MSG	True	HITPAEL
vocalized	LX-f381657aef:V2	LX-f381657aef	הִטַּגְּנוּ	2	PST.3PL|IMP.2MPL	PST.3PL	True	HITPAEL
vocalized	LX-f381657aef:V3	LX-f381657aef	תִּטַּגֵּן	2	FUT.2MSG|FUT.3FSG		False	HITPAEL
vocalized	LX-f381657aef:V4	LX-f381657aef	תִּטַּגֵּנָּה	2	FUT.2FPL|FUT.3FPL		False	HITPAEL
vocalized	LX-f38c86e479:V1	LX-f38c86e479	תִּמְכֹּר	2	FUT.2MSG|FUT.3FSG		False	PAAL
vocalized	LX-f38c86e479:V2	LX-f38c86e479	תִּמְכֹּרְנָה	2	FUT.2FPL|FUT.3FPL		False	PAAL
vocalized	LX-f40ce2ea1a:V1	LX-f40ce2ea1a	נִבְרֵאת	2	PST.2FSG|PRS.FSG	PST.2FSG	True	
vocalized	LX-f40ce2ea1a:V2	LX-f40ce2ea1a	נִבְרָא	2	PST.3MSG|PRS.MSG	PST.3MSG	True	
vocalized	LX-f40ce2ea1a:V3	LX-f40ce2ea1a	תִּבָּרֵא	2	FUT.2MSG|FUT.3FSG		False	
vocalized	LX-f40ce2ea1a:V4	LX-f40ce2ea1a	תִּבָּרֶאנָה	2	FUT.2FPL|FUT.3FPL		False	
vocalized	LX-f494071938:V1	LX-f494071938	תֶּאֱזַל	2	FUT.2MSG|FUT.3FSG		False	PAAL
vocalized	LX-f494071938:V2	LX-f494071938	תֶּאֱזַלְנָה	2	FUT.2FPL|FUT.3FPL		False	PAAL
vocalized	LX-f4db6e236f:V1	LX-f4db6e236f	חָל	2	PST.3MSG|PRS.MSG	PST.3MSG	True	PAAL
vocalized	LX-f4db6e236f:V2	LX-f4db6e236f	חָלָה	2	PST.3FSG|PRS.FSG	PST.3FSG	True	PAAL
vocalized	LX-f4db6e236f:V3	LX-f4db6e236f	תָּחוּל	2	FUT.2MSG|FUT.3FSG		False	PAAL
vocalized	LX-f4db6e236f:V4	LX-f4db6e236f	תָּחֹלְנָה	2	FUT.2FPL|FUT.3FPL		False	PAAL
vocalized	LX-f4e1738ecc:V1	LX-f4e1738ecc	תְּבַקֵּשׁ	2	FUT.2MSG|FUT.3FSG		False	PIEL
vocalized	LX-f4e1738ecc:V2	LX-f4e1738ecc	תְּבַקֵּשְׁנָה	2	FUT.2FPL|FUT.3FPL		False	PIEL
vocalized	LX-f54543aebc:V1	LX-f54543aebc	תֵּאָכֵל	2	FUT.2MSG|FUT.3FSG		False	NIFAL
vocalized	LX-f54543aebc:V2	LX-f54543aebc	תֵּאָכֵלְנָה	2	FUT.2FPL|FUT.3FPL		False	NIFAL
vocalized	LX-f55c3a8575:V1	LX-f55c3a8575	תַּעֲלֶה	2	FUT.2MSG|FUT.3FSG		False	HIFIL
vocalized	LX-f55c3a8575:V2	LX-f55c3a8575	תַּעֲלֶינָה	2	FUT.2FPL|FUT.3FPL		False	HIFIL
vocalized	LX-f55cc7a592:V1	LX-f55cc7a592	חָד	2	PST.3MSG|PRS.MSG	PST.3MSG	True	PAAL
vocalized	LX-f55cc7a592:V2	LX-f55cc7a592	חָדָה	2	PST.3FSG|PRS.FSG	PST.3FSG	True	PAAL
vocalized	LX-f55cc7a592:V3	LX-f55cc7a592	תָּחוּד	2	FUT.2MSG|FUT.3FSG		False	PAAL
vocalized	LX-f55cc7a592:V4	LX-f55cc7a592	תָּחֹדְנָה	2	FUT.2FPL|FUT.3FPL		False	PAAL
vocalized	LX-f5741c51d2:V1	LX-f5741c51d2	תִּבְטַח	2	FUT.2MSG|FUT.3FSG		False	PAAL
vocalized	LX-f5741c51d2:V2	LX-f5741c51d2	תִּבְטַחְנָה	2	FUT.2FPL|FUT.3FPL		False	PAAL
vocalized	LX-f5a3110c70:V1	LX-f5a3110c70	תִּבְחַר	2	FUT.2MSG|FUT.3FSG		False	PAAL
vocalized	LX-f5a3110c70:V2	LX-f5a3110c70	תִּבְחַרְנָה	2	FUT.2FPL|FUT.3FPL		False	PAAL
vocalized	LX-f5eb0a9081:V1	LX-f5eb0a9081	תִּנָּטֵל	2	FUT.2MSG|FUT.3FSG		False	NIFAL
vocalized	LX-f5eb0a9081:V2	LX-f5eb0a9081	תִּנָּטֵלְנָה	2	FUT.2FPL|FUT.3FPL		False	NIFAL
vocalized	LX-f5f12cd2b9:V1	LX-f5f12cd2b9	תְּסַיֵּם	2	FUT.2MSG|FUT.3FSG		False	PIEL
vocalized	LX-f5f12cd2b9:V2	LX-f5f12cd2b9	תְּסַיֵּמְנָה	2	FUT.2FPL|FUT.3FPL		False	PIEL
vocalized	LX-f668c623a6:V1	LX-f668c623a6	תַּגְדִּיל	2	FUT.2MSG|FUT.3FSG		False	HIFIL
vocalized	LX-f668c623a6:V2	LX-f668c623a6	תַּגְדֵּלְנָה	2	FUT.2FPL|FUT.3FPL		False	HIFIL
vocalized	LX-f66a0ca4da:V1	LX-f66a0ca4da	תָּחִיל	2	FUT.2MSG|FUT.3FSG		False	HIFIL
vocalized	LX-f66a0ca4da:V2	LX-f66a0ca4da	תָּחֵלְנָה	2	FUT.2FPL|FUT.3FPL		False	HIFIL
vocalized	LX-f6d3ae66f2:V1	LX-f6d3ae66f2	תִּבָּדֵק	2	FUT.2MSG|FUT.3FSG		False	
vocalized	LX-f6d3ae66f2:V2	LX-f6d3ae66f2	תִּבָּדֵקְנָה	2	FUT.2FPL|FUT.3FPL		False	
vocalized	LX-f6dee4dee4:V1	LX-f6dee4dee4	תַּקְרִיס	2	FUT.2MSG|FUT.3FSG		False	
vocalized	LX-f6dee4dee4:V2	LX-f6dee4dee4	תַּקְרֵסְנָה	2	FUT.2FPL|FUT.3FPL		False	
vocalized	LX-f70a98db8e:V1	LX-f70a98db8e	תַּעֲבֹד	2	FUT.2MSG|FUT.3FSG		False	PAAL
vocalized	LX-f70a98db8e:V2	LX-f70a98db8e	תַּעֲבֹדְנָה	2	FUT.2FPL|FUT.3FPL		False	PAAL
vocalized	LX-f71e97c383:V1	LX-f71e97c383	תִּכְפֶּה	2	FUT.2MSG|FUT.3FSG		False	PAAL
vocalized	LX-f71e97c383:V2	LX-f71e97c383	תִּכְפֶּינָה	2	FUT.2FPL|FUT.3FPL		False	PAAL
vocalized	LX-f73b86a02a:V1	LX-f73b86a02a	תִּשְׁכֹּן	2	FUT.2MSG|FUT.3FSG		False	PAAL
vocalized	LX-f73b86a02a:V2	LX-f73b86a02a	תִּשְׁכֹּנָּה	2	FUT.2FPL|FUT.3FPL		False	PAAL
vocalized	LX-f77a5756d8:V1	LX-f77a5756d8	תַּחְתֹּךְ	2	FUT.2MSG|FUT.3FSG		False	PAAL
vocalized	LX-f77a5756d8:V2	LX-f77a5756d8	תַּחְתֹּכְנָה	2	FUT.2FPL|FUT.3FPL		False	PAAL
vocalized	LX-f7c78e84bd:V1	LX-f7c78e84bd	תֻּכַּר	2	FUT.2MSG|FUT.3FSG		False	HUFAL
vocalized	LX-f7c78e84bd:V2	LX-f7c78e84bd	תֻּכַּרְנָה	2	FUT.2FPL|FUT.3FPL		False	HUFAL
vocalized	LX-f7cee11cd2:V1	LX-f7cee11cd2	הוֹדוּ	2	PST.3PL|IMP.2MPL	PST.3PL	True	HIFIL
vocalized	LX-f7cee11cd2:V2	LX-f7cee11cd2	תּוֹדֶה	2	FUT.2MSG|FUT.3FSG		False	HIFIL
vocalized	LX-f7cee11cd2:V3	LX-f7cee11cd2	תּוֹדֶינָה	2	FUT.2FPL|FUT.3FPL		False	HIFIL
vocalized	LX-f7f90f17b9:V1	LX-f7f90f17b9	תִּמְעַךְ	2	FUT.2MSG|FUT.3FSG		False	PAAL
vocalized	LX-f7f90f17b9:V2	LX-f7f90f17b9	תִּמְעַכְנָה	2	FUT.2FPL|FUT.3FPL		False	PAAL
vocalized	LX-f88c1c94a9:V1	LX-f88c1c94a9	תְּמַזֵּג	2	FUT.2MSG|FUT.3FSG		False	PIEL
vocalized	LX-f88c1c94a9:V2	LX-f88c1c94a9	תְּמַזֵּגְנָה	2	FUT.2FPL|FUT.3FPL		False	PIEL
vocalized	LX-f8a7582a9f:V1	LX-f8a7582a9f	הִסְתַּגֵּף	2	PST.3MSG|IMP.2MSG	PST.3MSG	True	HITPAEL
vocalized	LX-f8dff23754:V1	LX-f8dff23754	הִטַּהֵר	2	PST.3MSG|IMP.2MSG	PST.3MSG	True	HITPAEL
vocalized	LX-f8dff23754:V2	LX-f8dff23754	הִטַּהֲרוּ	2	PST.3PL|IMP.2MPL	PST.3PL	True	HITPAEL
vocalized	LX-f8dff23754:V3	LX-f8dff23754	תִּטַּהֵר	2	FUT.2MSG|FUT.3FSG		False	HITPAEL
vocalized	LX-f8dff23754:V4	LX-f8dff23754	תִּטַּהֵרְנָה	2	FUT.2FPL|FUT.3FPL		False	HITPAEL
vocalized	LX-f91fe75339:V1	LX-f91fe75339	תִּבְרָא	2	FUT.2MSG|FUT.3FSG		False	PAAL
vocalized	LX-f91fe75339:V2	LX-f91fe75339	תִּבְרֶאנָה	2	FUT.2FPL|FUT.3FPL		False	PAAL
vocalized	LX-f9404a09b2:V1	LX-f9404a09b2	הִתְבַּלֵּט	2	PST.3MSG|IMP.2MSG	PST.3MSG	True	HITPAEL
vocalized	LX-f94a41ebd9:V1	LX-f94a41ebd9	תַּפְגִּין	2	FUT.2MSG|FUT.3FSG		False	HIFIL
vocalized	LX-f94a41ebd9:V2	LX-f94a41ebd9	תַּפְגֵּנָּה	2	FUT.2FPL|FUT.3FPL		False	HIFIL
vocalized	LX-f9823c6091:V1	LX-f9823c6091	תֹּאהַב	2	FUT.2MSG|FUT.3FSG		False	PAAL
vocalized	LX-f9823c6091:V2	LX-f9823c6091	תֹּאהַבְנָה	2	FUT.2FPL|FUT.3FPL		False	PAAL
vocalized	LX-f99ff27c07:V1	LX-f99ff27c07	הִתְקַלֵּס	2	PST.3MSG|IMP.2MSG	PST.3MSG	True	HITPAEL
vocalized	LX-f9d62d9df6:V1	LX-f9d62d9df6	הִתְאַזֵּן	2	PST.3MSG|IMP.2MSG	PST.3MSG	True	HITPAEL
vocalized	LX-f9d62d9df6:V2	LX-f9d62d9df6	הִתְאַזְּנוּ	2	PST.3PL|IMP.2MPL	PST.3PL	True	HITPAEL
vocalized	LX-f9d62d9df6:V3	LX-f9d62d9df6	תִּתְאַזֵּן	2	FUT.2MSG|FUT.3FSG		False	HITPAEL
vocalized	LX-f9d62d9df6:V4	LX-f9d62d9df6	תִּתְאַזֵּנָּה	2	FUT.2FPL|FUT.3FPL		False	HITPAEL
vocalized	LX-fa3c6dc716:V1	LX-fa3c6dc716	תְּתַרְגֵּם	2	FUT.2MSG|FUT.3FSG		False	
vocalized	LX-fa3c6dc716:V2	LX-fa3c6dc716	תְּתַרְגֵּמְנָה	2	FUT.2FPL|FUT.3FPL		False	
vocalized	LX-fa50a91874:V1	LX-fa50a91874	שָׂם	2	PST.3MSG|PRS.MSG	PST.3MSG	True	PAAL
vocalized	LX-fa50a91874:V2	LX-fa50a91874	שָׂמָה	2	PST.3FSG|PRS.FSG	PST.3FSG	True	PAAL
vocalized	LX-fa50a91874:V3	LX-fa50a91874	תָּשִׂים	2	FUT.2MSG|FUT.3FSG		False	PAAL
vocalized	LX-fa50a91874:V4	LX-fa50a91874	תָּשֵׂמְנָה	2	FUT.2FPL|FUT.3FPL		False	PAAL
vocalized	LX-fa7c5b58d1:V1	LX-fa7c5b58d1	תַּבְרִיג	2	FUT.2MSG|FUT.3FSG		False	
vocalized	LX-fa7c5b58d1:V2	LX-fa7c5b58d1	תַּבְרֵגְנָה	2	FUT.2FPL|FUT.3FPL		False	
vocalized	LX-fac650e6e0:V1	LX-fac650e6e0	תְּבַלֵּעַ	2	FUT.2MSG|FUT.3FSG		False	PIEL
vocalized	LX-fac650e6e0:V2	LX-fac650e6e0	תְּבַלַּעְנָה	2	FUT.2FPL|FUT.3FPL		False	PIEL
vocalized	LX-faedff9d1f:V1	LX-faedff9d1f	דָּג	2	PST.3MSG|PRS.MSG	PST.3MSG	True	PAAL
vocalized	LX-faedff9d1f:V2	LX-faedff9d1f	דָּגָה	2	PST.3FSG|PRS.FSG	PST.3FSG	True	PAAL
vocalized	LX-faedff9d1f:V3	LX-faedff9d1f	תָּדוּג	2	FUT.2MSG|FUT.3FSG		False	PAAL
vocalized	LX-faedff9d1f:V4	LX-faedff9d1f	תָּדֹגְנָה	2	FUT.2FPL|FUT.3FPL		False	PAAL
vocalized	LX-fbe233163f:V1	LX-fbe233163f	תְּגַלְגֵּל	2	FUT.2MSG|FUT.3FSG		False	PIEL
vocalized	LX-fbe233163f:V2	LX-fbe233163f	תְּגַלְגֵּלְנָה	2	FUT.2FPL|FUT.3FPL		False	PIEL
vocalized	LX-fc59358a20:V1	LX-fc59358a20	תֵּעָלֵם	2	FUT.2MSG|FUT.3FSG		False	NIFAL
vocalized	LX-fc59358a20:V2	LX-fc59358a20	תֵּעָלֵמְנָה	2	FUT.2FPL|FUT.3FPL		False	NIFAL
vocalized	LX-fc8d208440:V1	LX-fc8d208440	טָח	2	PST.3MSG|PRS.MSG	PST.3MSG	True	PAAL
vocalized	LX-fce081a266:V1	LX-fce081a266	תִּמָּכֵר	2	FUT.2MSG|FUT.3FSG		False	NIFAL
vocalized	LX-fce081a266:V2	LX-fce081a266	תִּמָּכֵרְנָה	2	FUT.2FPL|FUT.3FPL		False	NIFAL
vocalized	LX-fd5179a6af:V1	LX-fd5179a6af	הִסְתּוֹבֵב	2	PST.3MSG|IMP.2MSG	PST.3MSG	True	HITPAEL
vocalized	LX-fda86f7c3a:V1	LX-fda86f7c3a	תַּשְׁתִּיק	2	FUT.2MSG|FUT.3FSG		False	HIFIL
vocalized	LX-fda86f7c3a:V2	LX-fda86f7c3a	תַּשְׁתֵּקְנָה	2	FUT.2FPL|FUT.3FPL		False	HIFIL
vocalized	LX-fdb3a823b3:V1	LX-fdb3a823b3	תְּפַנֶּה	2	FUT.2MSG|FUT.3FSG		False	PIEL
vocalized	LX-fdb3a823b3:V2	LX-fdb3a823b3	תְּפַנֶּינָה	2	FUT.2FPL|FUT.3FPL		False	PIEL
vocalized	LX-fdc31b123d:V1	LX-fdc31b123d	הִתְאַבֵּךְ	2	PST.3MSG|IMP.2MSG	PST.3MSG	True	HITPAEL
vocalized	LX-fdc31b123d:V2	LX-fdc31b123d	הִתְאַבְּכוּ	2	PST.3PL|IMP.2MPL	PST.3PL	True	HITPAEL
vocalized	LX-fdc31b123d:V3	LX-fdc31b123d	תִּתְאַבֵּךְ	2	FUT.2MSG|FUT.3FSG		False	HITPAEL
vocalized	LX-fdc31b123d:V4	LX-fdc31b123d	תִּתְאַבֵּכְנָה	2	FUT.2FPL|FUT.3FPL		False	HITPAEL
vocalized	LX-fe24b909c1:V1	LX-fe24b909c1	הִתְפָּרֵד	2	PST.3MSG|IMP.2MSG	PST.3MSG	True	HITPAEL
vocalized	LX-fe24b909c1:V2	LX-fe24b909c1	הִתְפָּרְדוּ	2	PST.3PL|IMP.2MPL	PST.3PL	True	HITPAEL
vocalized	LX-fe24b909c1:V3	LX-fe24b909c1	תִּתְפָּרֵד	2	FUT.2MSG|FUT.3FSG		False	HITPAEL
vocalized	LX-fe24b909c1:V4	LX-fe24b909c1	תִּתְפָּרֵדְנָה	2	FUT.2FPL|FUT.3FPL		False	HITPAEL
vocalized	LX-fed75d45a4:V1	LX-fed75d45a4	תַּעֲמִיק	2	FUT.2MSG|FUT.3FSG		False	
vocalized	LX-fed75d45a4:V2	LX-fed75d45a4	תַּעֲמֵקְנָה	2	FUT.2FPL|FUT.3FPL		False	
vocalized	LX-ff0a75f9d2:V1	LX-ff0a75f9d2	הִתְנַפֵּל	2	PST.3MSG|IMP.2MSG	PST.3MSG	True	HITPAEL
vocalized	LX-ff0a75f9d2:V2	LX-ff0a75f9d2	הִתְנַפְּלוּ	2	PST.3PL|IMP.2MPL	PST.3PL	True	HITPAEL
vocalized	LX-ff0a75f9d2:V3	LX-ff0a75f9d2	תִּתְנַפֵּל	2	FUT.2MSG|FUT.3FSG		False	HITPAEL
vocalized	LX-ff0a75f9d2:V4	LX-ff0a75f9d2	תִּתְנַפֵּלְנָה	2	FUT.2FPL|FUT.3FPL		False	HITPAEL
vocalized	LX-ff1c17daf7:V1	LX-ff1c17daf7	תְּחֻשַּׁב	2	FUT.2MSG|FUT.3FSG		False	PUAL
vocalized	LX-ff1c17daf7:V2	LX-ff1c17daf7	תְּחֻשַּׁבְנָה	2	FUT.2FPL|FUT.3FPL		False	PUAL
vocalized	LX-ff60cb398a:V1	LX-ff60cb398a	הוֹשִׁיעוּ	2	PST.3PL|IMP.2MPL	PST.3PL	True	HIFIL
vocalized	LX-ff60cb398a:V2	LX-ff60cb398a	תּוֹשִׁיעַ	2	FUT.2MSG|FUT.3FSG		False	HIFIL
vocalized	LX-ff60cb398a:V3	LX-ff60cb398a	תּוֹשַׁעְנָה	2	FUT.2FPL|FUT.3FPL		False	HIFIL
vocalized	LX-ff6d26978f:V1	LX-ff6d26978f	תִּשְׁהֶה	2	FUT.2MSG|FUT.3FSG		False	PAAL
vocalized	LX-ff6d26978f:V2	LX-ff6d26978f	תִּשְׁהֶינָה	2	FUT.2FPL|FUT.3FPL		False	PAAL
vocalized	LX-ff717a0d94:V1	LX-ff717a0d94	תִּנְפֹּשׁ	2	FUT.2MSG|FUT.3FSG		False	PAAL
vocalized	LX-ff717a0d94:V2	LX-ff717a0d94	תִּנְפֹּשְׁנָה	2	FUT.2FPL|FUT.3FPL		False	PAAL
vocalized	LX-ff7f82d286:V1	LX-ff7f82d286	תִּגְלֶה	2	FUT.2MSG|FUT.3FSG		False	PAAL
vocalized	LX-ff7f82d286:V2	LX-ff7f82d286	תִּגְלֶינָה	2	FUT.2FPL|FUT.3FPL		False	PAAL
vocalized	LX-ffc5e79e93:V1	LX-ffc5e79e93	תִּמְרֹד	2	FUT.2MSG|FUT.3FSG		False	PAAL
vocalized	LX-ffc5e79e93:V2	LX-ffc5e79e93	תִּמְרֹדְנָה	2	FUT.2FPL|FUT.3FPL		False	PAAL
vocalized	LX-ffec1cf59b:V1	LX-ffec1cf59b	תְּזַיֵּן	2	FUT.2MSG|FUT.3FSG		False	PIEL
vocalized	LX-ffec1cf59b:V2	LX-ffec1cf59b	תְּזַיֵּנָּה	2	FUT.2FPL|FUT.3FPL		False	PIEL
unvocalized	LX-00018e7d56:U1	LX-00018e7d56	כאבת	2	PST.2MSG|PST.2FSG	PST.2MSG|PST.2FSG	False	PAAL
unvocalized	LX-00018e7d56:U2	LX-00018e7d56	כאב	3	PST.3MSG|IMP.2MSG|MSDR	PST.3MSG	True	PAAL
unvocalized	LX-00018e7d56:U3	LX-00018e7d56	כאבו	2	PST.3PL|IMP.2MPL	PST.3PL	True	PAAL
unvocalized	LX-00018e7d56:U4	LX-00018e7d56	תכאב	2	FUT.2MSG|FUT.3FSG		False	PAAL
unvocalized	LX-00018e7d56:U5	LX-00018e7d56	תכאבנה	2	FUT.2FPL|FUT.3FPL		False	PAAL
unvocalized	LX-001c057dd4:U1	LX-001c057dd4	הנחת	2	PST.2MSG|PST.2FSG	PST.2MSG|PST.2FSG	False	HIFIL
unvocalized	LX-001c057dd4:U2	LX-001c057dd4	הניחו	2	PST.3PL|IMP.2MPL	PST.3PL	True	HIFIL
unvocalized	LX-001c057dd4:U3	LX-001c057dd4	תניח	2	FUT.2MSG|FUT.3FSG		False	HIFIL
unvocalized	LX-001c057dd4:U4	LX-001c057dd4	תנחנה	2	FUT.2FPL|FUT.3FPL		False	HIFIL
unvocalized	LX-006a00a0ca:U1	LX-006a00a0ca	כתבת	2	PST.2MSG|PST.2FSG	PST.2MSG|PST.2FSG	False	PAAL
unvocalized	LX-006a00a0ca:U2	LX-006a00a0ca	כתבו	2	PST.3PL|IMP.2MPL	PST.3PL	True	PAAL
unvocalized	LX-006a00a0ca:U3	LX-006a00a0ca	תכתוב	2	FUT.2MSG|FUT.3FSG		False	PAAL
unvocalized	LX-006a00a0ca:U4	LX-006a00a0ca	תכתובנה	2	FUT.2FPL|FUT.3FPL		False	PAAL
unvocalized	LX-00779369da:U1	LX-00779369da	תמהת	2	PST.2MSG|PST.2FSG	PST.2MSG|PST.2FSG	False	
unvocalized	LX-00779369da:U2	LX-00779369da	תמה	3	PST.3MSG|PRS.MSG|IMP.2MSG	PST.3MSG	True	
unvocalized	LX-00779369da:U3	LX-00779369da	תמהה	2	PST.3FSG|PRS.FSG	PST.3FSG	True	
unvocalized	LX-00779369da:U4	LX-00779369da	תמהו	2	PST.3PL|IMP.2MPL	PST.3PL	True	
unvocalized	LX-00779369da:U5	LX-00779369da	תתמה	2	FUT.2MSG|FUT.3FSG		False	
unvocalized	LX-00779369da:U6	LX-00779369da	תתמהנה	2	FUT.2FPL|FUT.3FPL		False	
unvocalized	LX-00ebeb3c62:U1	LX-00ebeb3c62	רותכת	2	PST.2MSG|PST.2FSG	PST.2MSG|PST.2FSG	False	
unvocalized	LX-00ebeb3c62:U2	LX-00ebeb3c62	תרותך	2	FUT.2MSG|FUT.3FSG		False	
unvocalized	LX-00ebeb3c62:U3	LX-00ebeb3c62	תרותכנה	2	FUT.2FPL|FUT.3FPL		False	
unvocalized	LX-01012cf3d7:U1	LX-01012cf3d7	חייכת	2	PST.2MSG|PST.2FSG	PST.2MSG|PST.2FSG	False	PIEL
unvocalized	LX-01012cf3d7:U2	LX-01012cf3d7	חייך	2	PST.3MSG|IMP.2MSG	PST.3MSG	True	PIEL
unvocalized	LX-01012cf3d7:U3	LX-01012cf3d7	חייכו	2	PST.3PL|IMP.2MPL	PST.3PL	True	PIEL
unvocalized	LX-01012cf3d7:U4	LX-01012cf3d7	תחייך	2	FUT.2MSG|FUT.3FSG		False	PIEL
unvocalized	LX-01012cf3d7:U5	LX-01012cf3d7	תחייכנה	2	FUT.2FPL|FUT.3FPL		False	PIEL
unvocalized	LX-013b1f126e:U1	LX-013b1f126e	השתכרת	2	PST.2MSG|PST.2FSG	PST.2MSG|PST.2FSG	False	HITPAEL
unvocalized	LX-013b1f126e:U2	LX-013b1f126e	השתכר	2	PST.3MSG|IMP.2MSG	PST.3MSG	True	HITPAEL
unvocalized	LX-013b1f126e:U3	LX-013b1f126e	השתכרו	2	PST.3PL|IMP.2MPL	PST.3PL	True	HITPAEL
unvocalized	LX-013b1f126e:U4	LX-013b1f126e	תשתכר	2	FUT.2MSG|FUT.3FSG		False	HITPAEL
unvocalized	LX-013b1f126e:U5	LX-013b1f126e	תשתכרנה	2	FUT.2FPL|FUT.3FPL		False	HITPAEL
unvocalized	LX-01501bd7f5:U1	LX-01501bd7f5	הקפת	2	PST.2MSG|PST.2FSG	PST.2MSG|PST.2FSG	False	HIFIL
unvocalized	LX-01501bd7f5:U2	LX-01501bd7f5	הקיפו	2	PST.3PL|IMP.2MPL	PST.3PL	True	HIFIL
unvocalized	LX-01501bd7f5:U3	LX-01501bd7f5	תקיף	2	FUT.2MSG|FUT.3FSG		False	HIFIL
unvocalized	LX-01501bd7f5:U4	LX-01501bd7f5	תקפנה	2	FUT.2FPL|FUT.3FPL		False	HIFIL
unvocalized	LX-0175462ba3:U1	LX-0175462ba3	קדמת	2	PST.2MSG|PST.2FSG	PST.2MSG|PST.2FSG	False	PAAL
unvocalized	LX-0175462ba3:U2	LX-0175462ba3	קדם	2	PST.3MSG|IMP.2MSG	PST.3MSG	True	PAAL
unvocalized	LX-0175462ba3:U3	LX-0175462ba3	קדמו	2	PST.3PL|IMP.2MPL	PST.3PL	True	PAAL
unvocalized	LX-0175462ba3:U4	LX-0175462ba3	תקדם	2	FUT.2MSG|FUT.3FSG		False	PAAL
unvocalized	LX-0175462ba3:U5	LX-0175462ba3	תקדמנה	2	FUT.2FPL|FUT.3FPL		False	PAAL
unvocalized	LX-0183a3d20c:U1	LX-0183a3d20c	אנסת	2	PST.2MSG|PST.2FSG	PST.2MSG|PST.2FSG	False	PAAL
unvocalized	LX-0183a3d20c:U2	LX-0183a3d20c	אנסו	2	PST.3PL|IMP.2MPL	PST.3PL	True	PAAL
unvocalized	LX-0183a3d20c:U3	LX-0183a3d20c	אונס	2	PRS.MSG|MSDR		True	PAAL
unvocalized	LX-0183a3d20c:U4	LX-0183a3d20c	תאנוס	2	FUT.2MSG|FUT.3FSG		False	PAAL
unvocalized	LX-0183a3d20c:U5	LX-0183a3d20c	תאנוסנה	2	FUT.2FPL|FUT.3FPL		False	PAAL
unvocalized	LX-01f5e31b41:U1	LX-01f5e31b41	הפטרת	2	PST.2MSG|PST.2FSG	PST.2MSG|PST.2FSG	False	HIFIL
unvocalized	LX-01f5e31b41:U2	LX-01f5e31b41	הפטירו	2	PST.3PL|IMP.2MPL	PST.3PL	True	HIFIL
unvocalized	LX-01f5e31b41:U3	LX-01f5e31b41	תפטיר	2	FUT.2MSG|FUT.3FSG		False	HIFIL
unvocalized	LX-01f5e31b41:U4	LX-01f5e31b41	תפטרנה	2	FUT.2FPL|FUT.3FPL		False	HIFIL
unvocalized	LX-02613594ca:U1	LX-02613594ca	סיפרת	2	PST.2MSG|PST.2FSG	PST.2MSG|PST.2FSG	False	PIEL
unvocalized	LX-02613594ca:U2	LX-02613594ca	תספר	2	FUT.2MSG|FUT.3FSG		False	PIEL
unvocalized	LX-02613594ca:U3	LX-02613594ca	תספרנה	2	FUT.2FPL|FUT.3FPL		False	PIEL
unvocalized	LX-034b40ed0d:U1	LX-034b40ed0d	קיפלת	2	PST.2MSG|PST.2FSG	PST.2MSG|PST.2FSG	False	PIEL
unvocalized	LX-034b40ed0d:U2	LX-034b40ed0d	תקפל	2	FUT.2MSG|FUT.3FSG		False	PIEL
unvocalized	LX-034b40ed0d:U3	LX-034b40ed0d	תקפלנה	2	FUT.2FPL|FUT.3FPL		False	PIEL
unvocalized	LX-034fee4770:U1	LX-034fee4770	הפעלת	2	PST.2MSG|PST.2FSG	PST.2MSG|PST.2FSG	False	HIFIL
unvocalized	LX-034fee4770:U2	LX-034fee4770	הפעילו	2	PST.3PL|IMP.2MPL	PST.3PL	True	HIFIL
unvocalized	LX-034fee4770:U3	LX-034fee4770	תפעיל	2	FUT.2MSG|FUT.3FSG		False	HIFIL
unvocalized	LX-034fee4770:U4	LX-034fee4770	תפעלנה	2	FUT.2FPL|FUT.3FPL		False	HIFIL
unvocalized	LX-0365751b4c:U1	LX-0365751b4c	הדלקת	2	PST.2MSG|PST.2FSG	PST.2MSG|PST.2FSG	False	HIFIL
unvocalized	LX-0365751b4c:U2	LX-0365751b4c	הדליקו	2	PST.3PL|IMP.2MPL	PST.3PL	True	HIFIL
unvocalized	LX-0365751b4c:U3	LX-0365751b4c	תדליק	2	FUT.2MSG|FUT.3FSG		False	HIFIL
unvocalized	LX-0365751b4c:U4	LX-0365751b4c	תדלקנה	2	FUT.2FPL|FUT.3FPL		False	HIFIL
unvocalized	LX-0367ea8cfa:U1	LX-0367ea8cfa	רבית	2	PST.2MSG|PST.2FSG	PST.2MSG|PST.2FSG	False	PAAL
unvocalized	LX-0367ea8cfa:U2	LX-0367ea8cfa	רבה	2	PST.3MSG|IMP.2MSG	PST.3MSG	True	PAAL
unvocalized	LX-0367ea8cfa:U3	LX-0367ea8cfa	רבו	2	PST.3PL|IMP.2MPL	PST.3PL	True	PAAL
unvocalized	LX-0367ea8cfa:U4	LX-0367ea8cfa	רובה	2	PRS.MSG|PRS.FSG		False	PAAL
unvocalized	LX-0367ea8cfa:U5	LX-0367ea8cfa	תרבה	2	FUT.2MSG|FUT.3FSG		False	PAAL
unvocalized	LX-0367ea8cfa:U6	LX-0367ea8cfa	תרבינה	2	FUT.2FPL|FUT.3FPL		False	PAAL
unvocalized	LX-03b4b36136:U1	LX-03b4b36136	צמאת	2	PST.2MSG|PST.2FSG	PST.2MSG|PST.2FSG	False	PAAL
unvocalized	LX-03b4b36136:U2	LX-03b4b36136	צמא	3	PST.3MSG|PRS.MSG|IMP.2MSG	PST.3MSG	True	PAAL
unvocalized	LX-03b4b36136:U3	LX-03b4b36136	צמאה	2	PST.3FSG|PRS.FSG	PST.3FSG	True	PAAL
unvocalized	LX-03b4b36136:U4	LX-03b4b36136	צמאו	2	PST.3PL|IMP.2MPL	PST.3PL	True	PAAL
unvocalized	LX-03b4b36136:U5	LX-03b4b36136	תצמא	2	FUT.2MSG|FUT.3FSG		False	PAAL
unvocalized	LX-03b4b36136:U6	LX-03b4b36136	תצמאנה	2	FUT.2FPL|FUT.3FPL		False	PAAL
unvocalized	LX-03b66917fd:U1	LX-03b66917fd	נאמנת	3	PST.2MSG|PST.2FSG|PRS.FSG	PST.2MSG|PST.2FSG	True	NIFAL
unvocalized	LX-03b66917fd:U2	LX-03b66917fd	נאמן	2	PST.3MSG|PRS.MSG	PST.3MSG	True	NIFAL
unvocalized	LX-03b66917fd:U3	LX-03b66917fd	נאמנו	2	PST.1PL|PST.3PL	PST.1PL|PST.3PL	False	NIFAL
unvocalized	LX-03b66917fd:U4	LX-03b66917fd	תיאמן	2	FUT.2MSG|FUT.3FSG		False	NIFAL
unvocalized	LX-03b66917fd:U5	LX-03b66917fd	תיאמנה	2	FUT.2FPL|FUT.3FPL		False	NIFAL
unvocalized	LX-03d0a49dbc:U1	LX-03d0a49dbc	הכחשת	2	PST.2MSG|PST.2FSG	PST.2MSG|PST.2FSG	False	HIFIL
unvocalized	LX-03d0a49dbc:U2	LX-03d0a49dbc	הכחישו	2	PST.3PL|IMP.2MPL	PST.3PL	True	HIFIL
unvocalized	LX-03d0a49dbc:U3	LX-03d0a49dbc	תכחיש	2	FUT.2MSG|FUT.3FSG		False	HIFIL
unvocalized	LX-03d0a49dbc:U4	LX-03d0a49dbc	תכחשנה	2	FUT.2FPL|FUT.3FPL		False	HIFIL
unvocalized	LX-03d434e912:U1	LX-03d434e912	טבעת	2	PST.2MSG|PST.2FSG	PST.2MSG|PST.2FSG	False	PAAL
unvocalized	LX-03d434e912:U2	LX-03d434e912	טבע	2	PST.3MSG|IMP.2MSG	PST.3MSG	True	PAAL
unvocalized	LX-03d434e912:U3	LX-03d434e912	טבעו	2	PST.3PL|IMP.2MPL	PST.3PL	True	PAAL
unvocalized	LX-03d434e912:U4	LX-03d434e912	תטבע	2	FUT.2MSG|FUT.3FSG		False	PAAL
unvocalized	LX-03d434e912:U5	LX-03d434e912	תטבענה	2	FUT.2FPL|FUT.3FPL		False	PAAL
unvocalized	LX-03e43d6791:U1	LX-03e43d6791	מיקמת	2	PST.2MSG|PST.2FSG	PST.2MSG|PST.2FSG	False	
unvocalized	LX-03e43d6791:U2	LX-03e43d6791	תמקם	2	FUT.2MSG|FUT.3FSG		False	
unvocalized	LX-03e43d6791:U3	LX-03e43d6791	תמקמנה	2	FUT.2FPL|FUT.3FPL		False	
unvocalized	LX-04041d6ade:U1	LX-04041d6ade	מלאת	2	PST.2MSG|PST.2FSG	PST.2MSG|PST.2FSG	False	PAAL
unvocalized	LX-04041d6ade:U2	LX-04041d6ade	מלא	3	PST.3MSG|PRS.MSG|IMP.2MSG	PST.3MSG	True	PAAL
unvocalized	LX-04041d6ade:U3	LX-04041d6ade	מלאה	2	PST.3FSG|PRS.FSG	PST.3FSG	True	PAAL
unvocalized	LX-04041d6ade:U4	LX-04041d6ade	מלאו	2	PST.3PL|IMP.2MPL	PST.3PL	True	PAAL
unvocalized	LX-04041d6ade:U5	LX-04041d6ade	תמלא	2	FUT.2MSG|FUT.3FSG		False	PAAL
unvocalized	LX-04041d6ade:U6	LX-04041d6ade	תמלאנה	2	FUT.2FPL|FUT.3FPL		False	PAAL
unvocalized	LX-041a1e9a8f:U1	LX-041a1e9a8f	תילתלת	2	PST.2MSG|PST.2FSG	PST.2MSG|PST.2FSG	False	PIEL
unvocalized	LX-041a1e9a8f:U2	LX-041a1e9a8f	תתלתל	2	FUT.2MSG|FUT.3FSG		False	PIEL
unvocalized	LX-041a1e9a8f:U3	LX-041a1e9a8f	תתלתלנה	2	FUT.2FPL|FUT.3FPL		False	PIEL
unvocalized	LX-042da2e637:U1	LX-042da2e637	אמרת	2	PST.2MSG|PST.2FSG	PST.2MSG|PST.2FSG	False	PAAL
unvocalized	LX-042da2e637:U2	LX-042da2e637	אמרו	2	PST.3PL|IMP.2MPL	PST.3PL	True	PAAL
unvocalized	LX-042da2e637:U3	LX-042da2e637	אומר	2	PRS.MSG|FUT.1SG		True	PAAL
unvocalized	LX-042da2e637:U4	LX-042da2e637	תאמר	2	FUT.2MSG|FUT.3FSG		False	PAAL
unvocalized	LX-042da2e637:U5	LX-042da2e637	תאמרנה	2	FUT.2FPL|FUT.3FPL		False	PAAL
unvocalized	LX-04565cf696:U1	LX-04565cf696	טינפת	2	PST.2MSG|PST.2FSG	PST.2MSG|PST.2FSG	False	PIEL
unvocalized	LX-04565cf696:U2	LX-04565cf696	תטנף	2	FUT.2MSG|FUT.3FSG		False	PIEL
unvocalized	LX-04565cf696:U3	LX-04565cf696	תטנפנה	2	FUT.2FPL|FUT.3FPL		False	PIEL
unvocalized	LX-046387da42:U1	LX-046387da42	התלכלכת	2	PST.2MSG|PST.2FSG	PST.2MSG|PST.2FSG	False	
unvocalized	LX-046387da42:U2	LX-046387da42	התלכלך	2	PST.3MSG|IMP.2MSG	PST.3MSG	True	
unvocalized	LX-046387da42:U3	LX-046387da42	התלכלכו	2	PST.3PL|IMP.2MPL	PST.3PL	True	
unvocalized	LX-046387da42:U4	LX-046387da42	תתלכלך	2	FUT.2MSG|FUT.3FSG		False	
unvocalized	LX-046387da42:U5	LX-046387da42	תתלכלכנה	2	FUT.2FPL|FUT.3FPL		False	
unvocalized	LX-0502c68f82:U1	LX-0502c68f82	רמזת	2	PST.2MSG|PST.2FSG	PST.2MSG|PST.2FSG	False	PAAL
unvocalized	LX-0502c68f82:U2	LX-0502c68f82	רמזו	2	PST.3PL|IMP.2MPL	PST.3PL	True	PAAL
unvocalized	LX-0502c68f82:U3	LX-0502c68f82	תרמוז	2	FUT.2MSG|FUT.3FSG		False	PAAL
unvocalized	LX-0502c68f82:U4	LX-0502c68f82	תרמוזנה	2	FUT.2FPL|FUT.3FPL		False	PAAL
unvocalized	LX-055a7768b7:U1	LX-055a7768b7	פטרת	2	PST.2MSG|PST.2FSG	PST.2MSG|PST.2FSG	False	PAAL
unvocalized	LX-055a7768b7:U2	LX-055a7768b7	פטרו	2	PST.3PL|IMP.2MPL	PST.3PL	True	PAAL
unvocalized	LX-055a7768b7:U3	LX-055a7768b7	תפטור	2	FUT.2MSG|FUT.3FSG		False	PAAL
unvocalized	LX-055a7768b7:U4	LX-055a7768b7	תפטורנה	2	FUT.2FPL|FUT.3FPL		False	PAAL
unvocalized	LX-059f1efcac:U1	LX-059f1efcac	משכת	2	PST.2MSG|PST.2FSG	PST.2MSG|PST.2FSG	False	PAAL
unvocalized	LX-059f1efcac:U2	LX-059f1efcac	משכו	2	PST.3PL|IMP.2MPL	PST.3PL	True	PAAL
unvocalized	LX-059f1efcac:U3	LX-059f1efcac	תמשוך	2	FUT.2MSG|FUT.3FSG		False	PAAL
unvocalized	LX-059f1efcac:U4	LX-059f1efcac	תמשוכנה	2	FUT.2FPL|FUT.3FPL		False	PAAL
unvocalized	LX-05b424973a:U1	LX-05b424973a	גיבית	2	PST.2MSG|PST.2FSG	PST.2MSG|PST.2FSG	False	PIEL
unvocalized	LX-05b424973a:U2	LX-05b424973a	מגבה	2	PRS.MSG|PRS.FSG		False	PIEL
unvocalized	LX-05b424973a:U3	LX-05b424973a	תגבה	2	FUT.2MSG|FUT.3FSG		False	PIEL
unvocalized	LX-05b424973a:U4	LX-05b424973a	תגבינה	2	FUT.2FPL|FUT.3FPL		False	PIEL
unvocalized	LX-05b4d79f2d:U1	LX-05b4d79f2d	שפת	2	PST.2MSG|PST.2FSG	PST.2MSG|PST.2FSG	False	PAAL
unvocalized	LX-05b4d79f2d:U2	LX-05b4d79f2d	שף	2	PST.3MSG|PRS.MSG	PST.3MSG	True	PAAL
unvocalized	LX-05b4d79f2d:U3	LX-05b4d79f2d	שפה	2	PST.3FSG|PRS.FSG	PST.3FSG	True	PAAL
unvocalized	LX-05b4d79f2d:U4	LX-05b4d79f2d	תשוף	2	FUT.2MSG|FUT.3FSG		False	PAAL
unvocalized	LX-05b4d79f2d:U5	LX-05b4d79f2d	תשופנה	2	FUT.2FPL|FUT.3FPL		False	PAAL
unvocalized	LX-060a887b96:U1	LX-060a887b96	ענית	2	PST.2MSG|PST.2FSG	PST.2MSG|PST.2FSG	False	PAAL
unvocalized	LX-060a887b96:U2	LX-060a887b96	ענה	2	PST.3MSG|IMP.2MSG	PST.3MSG	True	PAAL
unvocalized	LX-060a887b96:U3	LX-060a887b96	ענו	2	PST.3PL|IMP.2MPL	PST.3PL	True	PAAL
unvocalized	LX-060a887b96:U4	LX-060a887b96	עונה	2	PRS.MSG|PRS.FSG		False	PAAL
unvocalized	LX-060a887b96:U5	LX-060a887b96	תענה	2	FUT.2MSG|FUT.3FSG		False	PAAL
unvocalized	LX-060a887b96:U6	LX-060a887b96	תענינה	2	FUT.2FPL|FUT.3FPL		False	PAAL
unvocalized	LX-066e3c4444:U1	LX-066e3c4444	טענת	2	PST.2MSG|PST.2FSG	PST.2MSG|PST.2FSG	False	PAAL
unvocalized	LX-066e3c4444:U2	LX-066e3c4444	טען	2	PST.3MSG|IMP.2MSG	PST.3MSG	True	PAAL
unvocalized	LX-066e3c4444:U3	LX-066e3c4444	טענה	2	PST.3FSG|IMP.2FPL	PST.3FSG	True	PAAL
unvocalized	LX-066e3c4444:U4	LX-066e3c4444	טענו	3	PST.1PL|PST.3PL|IMP.2MPL	PST.1PL|PST.3PL	True	PAAL
unvocalized	LX-066e3c4444:U5	LX-066e3c4444	תטען	2	FUT.2MSG|FUT.3FSG		False	PAAL
unvocalized	LX-066e3c4444:U6	LX-066e3c4444	תטענה	2	FUT.2FPL|FUT.3FPL		False	PAAL
unvocalized	LX-06d7302519:U1	LX-06d7302519	נאהדת	3	PST.2MSG|PST.2FSG|PRS.FSG	PST.2MSG|PST.2FSG	True	
unvocalized	LX-06d7302519:U2	LX-06d7302519	נאהד	2	PST.3MSG|PRS.MSG	PST.3MSG	True	
unvocalized	LX-06d7302519:U3	LX-06d7302519	תיאהד	2	FUT.2MSG|FUT.3FSG		False	
unvocalized	LX-06d7302519:U4	LX-06d7302519	תיאהדנה	2	FUT.2FPL|FUT.3FPL		False	
unvocalized	LX-0718c7cad2:U1	LX-0718c7cad2	התעקשת	2	PST.2MSG|PST.2FSG	PST.2MSG|PST.2FSG	False	
unvocalized	LX-0718c7cad2:U2	LX-0718c7cad2	התעקש	2	PST.3MSG|IMP.2MSG	PST.3MSG	True	
unvocalized	LX-0718c7cad2:U3	LX-0718c7cad2	התעקשו	2	PST.3PL|IMP.2MPL	PST.3PL	True	
unvocalized	LX-0718c7cad2:U4	LX-0718c7cad2	תתעקש	2	FUT.2MSG|FUT.3FSG		False	
unvocalized	LX-0718c7cad2:U5	LX-0718c7cad2	תתעקשנה	2	FUT.2FPL|FUT.3FPL		False	
unvocalized	LX-073639b610:U1	LX-073639b610	נכרתת	3	PST.2MSG|PST.2FSG|PRS.FSG	PST.2MSG|PST.2FSG	True	NIFAL
unvocalized	LX-073639b610:U2	LX-073639b610	נכרת	2	PST.3MSG|PRS.MSG	PST.3MSG	True	NIFAL
unvocalized	LX-073639b610:U3	LX-073639b610	תיכרת	2	FUT.2MSG|FUT.3FSG		False	NIFAL
unvocalized	LX-073639b610:U4	LX-073639b610	תיכרתנה	2	FUT.2FPL|FUT.3FPL		False	NIFAL
unvocalized	LX-073fc756b3:U1	LX-073fc756b3	מיתנת	2	PST.2MSG|PST.2FSG	PST.2MSG|PST.2FSG	False	PIEL
unvocalized	LX-073fc756b3:U2	LX-073fc756b3	מיתנו	2	PST.1PL|PST.3PL	PST.1PL|PST.3PL	False	PIEL
unvocalized	LX-073fc756b3:U3	LX-073fc756b3	תמתן	2	FUT.2MSG|FUT.3FSG		False	PIEL
unvocalized	LX-073fc756b3:U4	LX-073fc756b3	תמתנה	2	FUT.2FPL|FUT.3FPL		False	PIEL
unvocalized	LX-07447c1f05:U1	LX-07447c1f05	שיקרת	2	PST.2MSG|PST.2FSG	PST.2MSG|PST.2FSG	False	PIEL
unvocalized	LX-07447c1f05:U2	LX-07447c1f05	תשקר	2	FUT.2MSG|FUT.3FSG		False	PIEL
unvocalized	LX-07447c1f05:U3	LX-07447c1f05	תשקרנה	2	FUT.2FPL|FUT.3FPL		False	PIEL
unvocalized	LX-07447c1f05:U4	LX-07447c1f05	שקר	2	IMP.2MSG|MSDR		True	PIEL
unvocalized	LX-07cb60a837:U1	LX-07cb60a837	ציננת	2	PST.2MSG|PST.2FSG	PST.2MSG|PST.2FSG	False	PIEL
unvocalized	LX-07cb60a837:U2	LX-07cb60a837	ציננו	2	PST.1PL|PST.3PL	PST.1PL|PST.3PL	False	PIEL
unvocalized	LX-07cb60a837:U3	LX-07cb60a837	תצנן	2	FUT.2MSG|FUT.3FSG		False	PIEL
unvocalized	LX-07cb60a837:U4	LX-07cb60a837	תצננה	2	FUT.2FPL|FUT.3FPL		False	PIEL
unvocalized	LX-0860796507:U1	LX-0860796507	השלטת	2	PST.2MSG|PST.2FSG	PST.2MSG|PST.2FSG	False	
unvocalized	LX-0860796507:U2	LX-0860796507	השליטו	2	PST.3PL|IMP.2MPL	PST.3PL	True	
unvocalized	LX-0860796507:U3	LX-0860796507	תשליט	2	FUT.2MSG|FUT.3FSG		False	
unvocalized	LX-0860796507:U4	LX-0860796507	תשלטנה	2	FUT.2FPL|FUT.3FPL		False	
unvocalized	LX-08ab7f012d:U1	LX-08ab7f012d	שאלת	2	PST.2MSG|PST.2FSG	PST.2MSG|PST.2FSG	False	PAAL
unvocalized	LX-08ab7f012d:U2	LX-08ab7f012d	שאל	2	PST.3MSG|IMP.2MSG	PST.3MSG	True	PAAL
unvocalized	LX-08ab7f012d:U3	LX-08ab7f012d	שאלה	2	PST.3FSG|MSDR	PST.3FSG	True	PAAL
unvocalized	LX-08ab7f012d:U4	LX-08ab7f012d	שאלו	2	PST.3PL|IMP.2MPL	PST.3PL	True	PAAL
unvocalized	LX-08ab7f012d:U5	LX-08ab7f012d	תשאל	2	FUT.2MSG|FUT.3FSG		False	PAAL
unvocalized	LX-08ab7f012d:U6	LX-08ab7f012d	תשאלנה	2	FUT.2FPL|FUT.3FPL		False	PAAL
unvocalized	LX-08bd18db60:U1	LX-08bd18db60	תפרת	2	PST.2MSG|PST.2FSG	PST.2MSG|PST.2FSG	False	PAAL
unvocalized	LX-08bd18db60:U2	LX-08bd18db60	תפרו	2	PST.3PL|IMP.2MPL	PST.3PL	True	PAAL
unvocalized	LX-08bd18db60:U3	LX-08bd18db60	תתפור	2	FUT.2MSG|FUT.3FSG		False	PAAL
unvocalized	LX-08bd18db60:U4	LX-08bd18db60	תתפורנה	2	FUT.2FPL|FUT.3FPL		False	PAAL
unvocalized	LX-08f48de8ae:U1	LX-08f48de8ae	שילמת	2	PST.2MSG|PST.2FSG	PST.2MSG|PST.2FSG	False	PIEL
unvocalized	LX-08f48de8ae:U2	LX-08f48de8ae	תשלם	2	FUT.2MSG|FUT.3FSG		False	PIEL
unvocalized	LX-08f48de8ae:U3	LX-08f48de8ae	תשלמנה	2	FUT.2FPL|FUT.3FPL		False	PIEL
unvocalized	LX-0966d22501:U1	LX-0966d22501	הוכנסת	2	PST.2MSG|PST.2FSG	PST.2MSG|PST.2FSG	False	HUFAL
unvocalized	LX-0966d22501:U2	LX-0966d22501	תוכנס	2	FUT.2MSG|FUT.3FSG		False	HUFAL
unvocalized	LX-0966d22501:U3	LX-0966d22501	תוכנסנה	2	FUT.2FPL|FUT.3FPL		False	HUFAL
unvocalized	LX-09fb5f3364:U1	LX-09fb5f3364	נאפת	2	PST.2MSG|PST.2FSG	PST.2MSG|PST.2FSG	False	PAAL
unvocalized	LX-09fb5f3364:U2	LX-09fb5f3364	נאף	2	PST.3MSG|IMP.2MSG	PST.3MSG	True	PAAL
unvocalized	LX-09fb5f3364:U3	LX-09fb5f3364	נאפו	2	PST.3PL|IMP.2MPL	PST.3PL	True	PAAL
unvocalized	LX-09fb5f3364:U4	LX-09fb5f3364	תנאף	2	FUT.2MSG|FUT.3FSG		False	PAAL
unvocalized	LX-09fb5f3364:U5	LX-09fb5f3364	תנאפנה	2	FUT.2FPL|FUT.3FPL		False	PAAL
unvocalized	LX-0a1e5f5d52:U1	LX-0a1e5f5d52	הצטננת	2	PST.2MSG|PST.2FSG	PST.2MSG|PST.2FSG	False	HITPAEL
unvocalized	LX-0a1e5f5d52:U2	LX-0a1e5f5d52	הצטנן	2	PST.3MSG|IMP.2MSG	PST.3MSG	True	HITPAEL
unvocalized	LX-0a1e5f5d52:U3	LX-0a1e5f5d52	הצטננה	2	PST.3FSG|IMP.2FPL	PST.3FSG	True	HITPAEL
unvocalized	LX-0a1e5f5d52:U4	LX-0a1e5f5d52	הצטננו	3	PST.1PL|PST.3PL|IMP.2MPL	PST.1PL|PST.3PL	True	HITPAEL
unvocalized	LX-0a1e5f5d52:U5	LX-0a1e5f5d52	תצטנן	2	FUT.2MSG|FUT.3FSG		False	HITPAEL
unvocalized	LX-0a1e5f5d52:U6	LX-0a1e5f5d52	תצטננה	2	FUT.2FPL|FUT.3FPL		False	HITPAEL
unvocalized	LX-0a3565f373:U1	LX-0a3565f373	בנית	2	PST.2MSG|PST.2FSG	PST.2MSG|PST.2FSG	False	PAAL
unvocalized	LX-0a3565f373:U2	LX-0a3565f373	בנה	2	PST.3MSG|IMP.2MSG	PST.3MSG	True	PAAL
unvocalized	LX-0a3565f373:U3	LX-0a3565f373	בנו	2	PST.3PL|IMP.2MPL	PST.3PL	True	PAAL
unvocalized	LX-0a3565f373:U4	LX-0a3565f373	בונה	2	PRS.MSG|PRS.FSG		False	PAAL
unvocalized	LX-0a3565f373:U5	LX-0a3565f373	תבנה	2	FUT.2MSG|FUT.3FSG		False	PAAL
unvocalized	LX-0a3565f373:U6	LX-0a3565f373	תבנינה	2	FUT.2FPL|FUT.3FPL		False	PAAL
unvocalized	LX-0a7c205c5f:U1	LX-0a7c205c5f	הסבת	2	PST.2MSG|PST.2FSG	PST.2MSG|PST.2FSG	False	HIFIL
unvocalized	LX-0a7c205c5f:U2	LX-0a7c205c5f	הסב	2	PST.3MSG|IMP.2MSG	PST.3MSG	True	HIFIL
unvocalized	LX-0a7c205c5f:U3	LX-0a7c205c5f	הסבה	2	PST.3FSG|MSDR	PST.3FSG	True	HIFIL
unvocalized	LX-0a7c205c5f:U4	LX-0a7c205c5f	הסבו	2	PST.3PL|IMP.2MPL	PST.3PL	True	HIFIL
unvocalized	LX-0a7c205c5f:U5	LX-0a7c205c5f	תסב	2	FUT.2MSG|FUT.3FSG		False	HIFIL
unvocalized	LX-0a7c205c5f:U6	LX-0a7c205c5f	תסבנה	2	FUT.2FPL|FUT.3FPL		False	HIFIL
unvocalized	LX-0a98035de4:U1	LX-0a98035de4	אילפת	2	PST.2MSG|PST.2FSG	PST.2MSG|PST.2FSG	False	PIEL
unvocalized	LX-0a98035de4:U2	LX-0a98035de4	תאלף	2	FUT.2MSG|FUT.3FSG		False	PIEL
unvocalized	LX-0a98035de4:U3	LX-0a98035de4	תאלפנה	2	FUT.2FPL|FUT.3FPL		False	PIEL
unvocalized	LX-0ab103d61a:U1	LX-0ab103d61a	עוררת	2	PST.2MSG|PST.2FSG	PST.2MSG|PST.2FSG	False	PIEL
unvocalized	LX-0ab103d61a:U2	LX-0ab103d61a	עורר	2	PST.3MSG|IMP.2MSG	PST.3MSG	True	PIEL
unvocalized	LX-0ab103d61a:U3	LX-0ab103d61a	עוררו	2	PST.3PL|IMP.2MPL	PST.3PL	True	PIEL
unvocalized	LX-0ab103d61a:U4	LX-0ab103d61a	תעורר	2	FUT.2MSG|FUT.3FSG		False	PIEL
unvocalized	LX-0ab103d61a:U5	LX-0ab103d61a	תעוררנה	2	FUT.2FPL|FUT.3FPL		False	PIEL
unvocalized	LX-0ab684b4f0:U1	LX-0ab684b4f0	התאדית	2	PST.2MSG|PST.2FSG	PST.2MSG|PST.2FSG	False	
unvocalized	LX-0ab684b4f0:U2	LX-0ab684b4f0	התאדה	2	PST.3MSG|IMP.2MSG	PST.3MSG	True	
unvocalized	LX-0ab684b4f0:U3	LX-0ab684b4f0	התאדו	2	PST.3PL|IMP.2MPL	PST.3PL	True	
unvocalized	LX-0ab684b4f0:U4	LX-0ab684b4f0	מתאדה	2	PRS.MSG|PRS.FSG		False	
unvocalized	LX-0ab684b4f0:U5	LX-0ab684b4f0	תתאדה	2	FUT.2MSG|FUT.3FSG		False	
unvocalized	LX-0ab684b4f0:U6	LX-0ab684b4f0	תתאדינה	2	FUT.2FPL|FUT.3FPL		False	
unvocalized	LX-0abda6f174:U1	LX-0abda6f174	נגדת	2	PST.2MSG|PST.2FSG	PST.2MSG|PST.2FSG	False	PAAL
unvocalized	LX-0abda6f174:U2	LX-0abda6f174	נגדו	2	PST.3PL|IMP.2MPL	PST.3PL	True	PAAL
unvocalized	LX-0abda6f174:U3	LX-0abda6f174	תנגוד	2	FUT.2MSG|FUT.3FSG		False	PAAL
unvocalized	LX-0abda6f174:U4	LX-0abda6f174	תנגודנה	2	FUT.2FPL|FUT.3FPL		False	PAAL
unvocalized	LX-0b0fa036c7:U1	LX-0b0fa036c7	קשרת	2	PST.2MSG|PST.2FSG	PST.2MSG|PST.2FSG	False	PAAL
unvocalized	LX-0b0fa036c7:U2	LX-0b0fa036c7	קשרו	2	PST.3PL|IMP.2MPL	PST.3PL	True	PAAL
unvocalized	LX-0b0fa036c7:U3	LX-0b0fa036c7	תקשור	2	FUT.2MSG|FUT.3FSG		False	PAAL
unvocalized	LX-0b0fa036c7:U4	LX-0b0fa036c7	תקשורנה	2	FUT.2FPL|FUT.3FPL		False	PAAL
unvocalized	LX-0c0a81e9f3:U1	LX-0c0a81e9f3	עפת	2	PST.2MSG|PST.2FSG	PST.2MSG|PST.2FSG	False	PAAL
unvocalized	LX-0c0a81e9f3:U2	LX-0c0a81e9f3	עף	2	PST.3MSG|PRS.MSG	PST.3MSG	True	PAAL
unvocalized	LX-0c0a81e9f3:U3	LX-0c0a81e9f3	עפה	2	PST.3FSG|PRS.FSG	PST.3FSG	True	PAAL
unvocalized	LX-0c0a81e9f3:U4	LX-0c0a81e9f3	תעוף	2	FUT.2MSG|FUT.3FSG		False	PAAL
unvocalized	LX-0c0a81e9f3:U5	LX-0c0a81e9f3	תעופנה	2	FUT.2FPL|FUT.3FPL		False	PAAL
unvocalized	LX-0c0e5ea21c:U1	LX-0c0e5ea21c	קידשת	2	PST.2MSG|PST.2FSG	PST.2MSG|PST.2FSG	False	PIEL
unvocalized	LX-0c0e5ea21c:U2	LX-0c0e5ea21c	תקדש	2	FUT.2MSG|FUT.3FSG		False	PIEL
unvocalized	LX-0c0e5ea21c:U3	LX-0c0e5ea21c	תקדשנה	2	FUT.2FPL|FUT.3FPL		False	PIEL
unvocalized	LX-0c712b4b70:U1	LX-0c712b4b70	ריפדת	2	PST.2MSG|PST.2FSG	PST.2MSG|PST.2FSG	False	PIEL
unvocalized	LX-0c712b4b70:U2	LX-0c712b4b70	תרפד	2	FUT.2MSG|FUT.3FSG		False	PIEL
unvocalized	LX-0c712b4b70:U3	LX-0c712b4b70	תרפדנה	2	FUT.2FPL|FUT.3FPL		False	PIEL
unvocalized	LX-0c9db8c268:U1	LX-0c9db8c268	החלטת	2	PST.2MSG|PST.2FSG	PST.2MSG|PST.2FSG	False	HIFIL
unvocalized	LX-0c9db8c268:U2	LX-0c9db8c268	החליטו	2	PST.3PL|IMP.2MPL	PST.3PL	True	HIFIL
unvocalized	LX-0c9db8c268:U3	LX-0c9db8c268	תחליט	2	FUT.2MSG|FUT.3FSG		False	HIFIL
unvocalized	LX-0c9db8c268:U4	LX-0c9db8c268	תחלטנה	2	FUT.2FPL|FUT.3FPL		False	HIFIL
unvocalized	LX-0d112e9865:U1	LX-0d112e9865	דרת	2	PST.2MSG|PST.2FSG	PST.2MSG|PST.2FSG	False	PAAL
unvocalized	LX-0d112e9865:U2	LX-0d112e9865	דר	2	PST.3MSG|PRS.MSG	PST.3MSG	True	PAAL
unvocalized	LX-0d112e9865:U3	LX-0d112e9865	דרה	2	PST.3FSG|PRS.FSG	PST.3FSG	True	PAAL
unvocalized	LX-0d112e9865:U4	LX-0d112e9865	תדור	2	FUT.2MSG|FUT.3FSG		False	PAAL
unvocalized	LX-0d112e9865:U5	LX-0d112e9865	תדורנה	2	FUT.2FPL|FUT.3FPL		False	PAAL
unvocalized	LX-0d9e372cdb:U1	LX-0d9e372cdb	הוצלת	2	PST.2MSG|PST.2FSG	PST.2MSG|PST.2FSG	False	HUFAL
unvocalized	LX-0d9e372cdb:U2	LX-0d9e372cdb	תוצל	2	FUT.2MSG|FUT.3FSG		False	HUFAL
unvocalized	LX-0d9e372cdb:U3	LX-0d9e372cdb	תוצלנה	2	FUT.2FPL|FUT.3FPL		False	HUFAL
unvocalized	LX-0da79b5838:U1	LX-0da79b5838	דחפת	2	PST.2MSG|PST.2FSG	PST.2MSG|PST.2FSG	False	PAAL
unvocalized	LX-0da79b5838:U2	LX-0da79b5838	דחפו	2	PST.3PL|IMP.2MPL	PST.3PL	True	PAAL
unvocalized	LX-0da79b5838:U3	LX-0da79b5838	תדחוף	2	FUT.2MSG|FUT.3FSG		False	PAAL
unvocalized	LX-0da79b5838:U4	LX-0da79b5838	תדחופנה	2	FUT.2FPL|FUT.3FPL		False	PAAL
unvocalized	LX-0dd13b0a79:U1	LX-0dd13b0a79	נשכת	2	PST.2MSG|PST.2FSG	PST.2MSG|PST.2FSG	False	PAAL
unvocalized	LX-0dd13b0a79:U2	LX-0dd13b0a79	נשכו	2	PST.3PL|IMP.2MPL	PST.3PL	True	PAAL
unvocalized	LX-0dd13b0a79:U3	LX-0dd13b0a79	תישך	2	FUT.2MSG|FUT.3FSG		False	PAAL
unvocalized	LX-0dd13b0a79:U4	LX-0dd13b0a79	תישכנה	2	FUT.2FPL|FUT.3FPL		False	PAAL
unvocalized	LX-0ddcd20481:U1	LX-0ddcd20481	התפרסמת	2	PST.2MSG|PST.2FSG	PST.2MSG|PST.2FSG	False	HITPAEL
unvocalized	LX-0ddcd20481:U2	LX-0ddcd20481	התפרסם	2	PST.3MSG|IMP.2MSG	PST.3MSG	True	HITPAEL
unvocalized	LX-0ddcd20481:U3	LX-0ddcd20481	התפרסמו	2	PST.3PL|IMP.2MPL	PST.3PL	True	HITPAEL
unvocalized	LX-0ddcd20481:U4	LX-0ddcd20481	תתפרסם	2	FUT.2MSG|FUT.3FSG		False	HITPAEL
unvocalized	LX-0ddcd20481:U5	LX-0ddcd20481	תתפרסמנה	2	FUT.2FPL|FUT.3FPL		False	HITPAEL
unvocalized	LX-0e4e65521d:U1	LX-0e4e65521d	תיארת	2	PST.2MSG|PST.2FSG	PST.2MSG|PST.2FSG	False	PIEL
unvocalized	LX-0e4e65521d:U2	LX-0e4e65521d	תתאר	2	FUT.2MSG|FUT.3FSG		False	PIEL
unvocalized	LX-0e4e65521d:U3	LX-0e4e65521d	תתארנה	2	FUT.2FPL|FUT.3FPL		False	PIEL
unvocalized	LX-0e88603fe5:U1	LX-0e88603fe5	מסרת	2	PST.2MSG|PST.2FSG	PST.2MSG|PST.2FSG	False	PAAL
unvocalized	LX-0e88603fe5:U2	LX-0e88603fe5	מסרו	2	PST.3PL|IMP.2MPL	PST.3PL	True	PAAL
unvocalized	LX-0e88603fe5:U3	LX-0e88603fe5	תמסור	2	FUT.2MSG|FUT.3FSG		False	PAAL
unvocalized	LX-0e88603fe5:U4	LX-0e88603fe5	תמסורנה	2	FUT.2FPL|FUT.3FPL		False	PAAL
unvocalized	LX-0eb21333e9:U1	LX-0eb21333e9	התפספסת	2	PST.2MSG|PST.2FSG	PST.2MSG|PST.2FSG	False	
unvocalized	LX-0eb21333e9:U2	LX-0eb21333e9	התפספס	2	PST.3MSG|IMP.2MSG	PST.3MSG	True	
unvocalized	LX-0eb21333e9:U3	LX-0eb21333e9	התפספסו	2	PST.3PL|IMP.2MPL	PST.3PL	True	
unvocalized	LX-0eb21333e9:U4	LX-0eb21333e9	תתפספס	2	FUT.2MSG|FUT.3FSG		False	
unvocalized	LX-0eb21333e9:U5	LX-0eb21333e9	תתפספסנה	2	FUT.2FPL|FUT.3FPL		False	
unvocalized	LX-0ec3e07334:U1	LX-0ec3e07334	סדקת	2	PST.2MSG|PST.2FSG	PST.2MSG|PST.2FSG	False	
unvocalized	LX-0ec3e07334:U2	LX-0ec3e07334	סדקו	2	PST.3PL|IMP.2MPL	PST.3PL	True	
unvocalized	LX-0ec3e07334:U3	LX-0ec3e07334	תסדוק	2	FUT.2MSG|FUT.3FSG		False	
unvocalized	LX-0ec3e07334:U4	LX-0ec3e07334	תסדוקנה	2	FUT.2FPL|FUT.3FPL		False	
unvocalized	LX-0f9c3c2451:U1	LX-0f9c3c2451	נאצלת	3	PST.2MSG|PST.2FSG|PRS.FSG	PST.2MSG|PST.2FSG	True	NIFAL
unvocalized	LX-0f9c3c2451:U2	LX-0f9c3c2451	נאצל	2	PST.3MSG|PRS.MSG	PST.3MSG	True	NIFAL
unvocalized	LX-0f9c3c2451:U3	LX-0f9c3c2451	תיאצל	2	FUT.2MSG|FUT.3FSG		False	NIFAL
unvocalized	LX-0f9c3c2451:U4	LX-0f9c3c2451	תיאצלנה	2	FUT.2FPL|FUT.3FPL		False	NIFAL
unvocalized	LX-0fc1f0960a:U1	LX-0fc1f0960a	הטבת	2	PST.2MSG|PST.2FSG	PST.2MSG|PST.2FSG	False	HIFIL
unvocalized	LX-0fc1f0960a:U2	LX-0fc1f0960a	הטיבו	2	PST.3PL|IMP.2MPL	PST.3PL	True	HIFIL
unvocalized	LX-0fc1f0960a:U3	LX-0fc1f0960a	תטיב	2	FUT.2MSG|FUT.3FSG		False	HIFIL
unvocalized	LX-0fc1f0960a:U4	LX-0fc1f0960a	תטבנה	2	FUT.2FPL|FUT.3FPL		False	HIFIL
unvocalized	LX-0fcb10ec41:U1	LX-0fcb10ec41	הבסת	2	PST.2MSG|PST.2FSG	PST.2MSG|PST.2FSG	False	HIFIL
unvocalized	LX-0fcb10ec41:U2	LX-0fcb10ec41	הביסו	2	PST.3PL|IMP.2MPL	PST.3PL	True	HIFIL
unvocalized	LX-0fcb10ec41:U3	LX-0fcb10ec41	תביס	2	FUT.2MSG|FUT.3FSG		False	HIFIL
unvocalized	LX-0fcb10ec41:U4	LX-0fcb10ec41	תבסנה	2	FUT.2FPL|FUT.3FPL		False	HIFIL
unvocalized	LX-1027ba49a0:U1	LX-1027ba49a0	ידעת	2	PST.2MSG|PST.2FSG	PST.2MSG|PST.2FSG	False	PAAL
unvocalized	LX-1027ba49a0:U2	LX-1027ba49a0	ידע	2	PST.3MSG|FUT.3MSG	PST.3MSG	True	PAAL
unvocalized	LX-1027ba49a0:U3	LX-1027ba49a0	ידעו	2	PST.3PL|FUT.3MPL	PST.3PL	True	PAAL
unvocalized	LX-1027ba49a0:U4	LX-1027ba49a0	תדע	2	FUT.2MSG|FUT.3FSG		False	PAAL
unvocalized	LX-1027ba49a0:U5	LX-1027ba49a0	תדענה	2	FUT.2FPL|FUT.3FPL		False	PAAL
unvocalized	LX-1053f15348:U1	LX-1053f15348	מלכת	2	PST.2MSG|PST.2FSG	PST.2MSG|PST.2FSG	False	PAAL
unvocalized	LX-1053f15348:U2	LX-1053f15348	מלכו	2	PST.3PL|IMP.2MPL	PST.3PL	True	PAAL
unvocalized	LX-1053f15348:U3	LX-1053f15348	תמלוך	2	FUT.2MSG|FUT.3FSG		False	PAAL
unvocalized	LX-1053f15348:U4	LX-1053f15348	תמלוכנה	2	FUT.2FPL|FUT.3FPL		False	PAAL
unvocalized	LX-106744db77:U1	LX-106744db77	שידרת	2	PST.2MSG|PST.2FSG	PST.2MSG|PST.2FSG	False	PIEL
unvocalized	LX-106744db77:U2	LX-106744db77	תשדר	2	FUT.2MSG|FUT.3FSG		False	PIEL
unvocalized	LX-106744db77:U3	LX-106744db77	תשדרנה	2	FUT.2FPL|FUT.3FPL		False	PIEL
unvocalized	LX-108b21f90e:U1	LX-108b21f90e	הצלת	2	PST.2MSG|PST.2FSG	PST.2MSG|PST.2FSG	False	HIFIL
unvocalized	LX-108b21f90e:U2	LX-108b21f90e	הצילו	2	PST.3PL|IMP.2MPL	PST.3PL	True	HIFIL
unvocalized	LX-108b21f90e:U3	LX-108b21f90e	תציל	2	FUT.2MSG|FUT.3FSG		False	HIFIL
unvocalized	LX-108b21f90e:U4	LX-108b21f90e	תצלנה	2	FUT.2FPL|FUT.3FPL		False	HIFIL
unvocalized	LX-10a8c597e8:U1	LX-10a8c597e8	הזכרת	2	PST.2MSG|PST.2FSG	PST.2MSG|PST.2FSG	False	HIFIL
unvocalized	LX-10a8c597e8:U2	LX-10a8c597e8	הזכירו	2	PST.3PL|IMP.2MPL	PST.3PL	True	HIFIL
unvocalized	LX-10a8c597e8:U3	LX-10a8c597e8	תזכיר	2	FUT.2MSG|FUT.3FSG		False	HIFIL
unvocalized	LX-10a8c597e8:U4	LX-10a8c597e8	תזכרנה	2	FUT.2FPL|FUT.3FPL		False	HIFIL
unvocalized	LX-10ba36eee3:U1	LX-10ba36eee3	הערת	2	PST.2MSG|PST.2FSG	PST.2MSG|PST.2FSG	False	
unvocalized	LX-10ba36eee3:U2	LX-10ba36eee3	העירו	2	PST.3PL|IMP.2MPL	PST.3PL	True	
unvocalized	LX-10ba36eee3:U3	LX-10ba36eee3	תעיר	2	FUT.2MSG|FUT.3FSG		False	
unvocalized	LX-10ba36eee3:U4	LX-10ba36eee3	תערנה	2	FUT.2FPL|FUT.3FPL		False	
unvocalized	LX-10d9508264:U1	LX-10d9508264	התפוצצת	2	PST.2MSG|PST.2FSG	PST.2MSG|PST.2FSG	False	HITPAEL
unvocalized	LX-10d9508264:U2	LX-10d9508264	התפוצץ	2	PST.3MSG|IMP.2MSG	PST.3MSG	True	HITPAEL
unvocalized	LX-10d9508264:U3	LX-10d9508264	התפוצצו	2	PST.3PL|IMP.2MPL	PST.3PL	True	HITPAEL
unvocalized	LX-10d9508264:U4	LX-10d9508264	תתפוצץ	2	FUT.2MSG|FUT.3FSG		False	HITPAEL
unvocalized	LX-10d9508264:U5	LX-10d9508264	תתפוצצנה	2	FUT.2FPL|FUT.3FPL		False	HITPAEL
unvocalized	LX-112318d6be:U1	LX-112318d6be	פיהקת	2	PST.2MSG|PST.2FSG	PST.2MSG|PST.2FSG	False	PIEL
unvocalized	LX-112318d6be:U2	LX-112318d6be	תפהק	2	FUT.2MSG|FUT.3FSG		False	PIEL
unvocalized	LX-112318d6be:U3	LX-112318d6be	תפהקנה	2	FUT.2FPL|FUT.3FPL		False	PIEL
unvocalized	LX-113c768d0c:U1	LX-113c768d0c	התקדמת	2	PST.2MSG|PST.2FSG	PST.2MSG|PST.2FSG	False	HITPAEL
unvocalized	LX-113c768d0c:U2	LX-113c768d0c	התקדם	2	PST.3MSG|IMP.2MSG	PST.3MSG	True	HITPAEL
unvocalized	LX-113c768d0c:U3	LX-113c768d0c	התקדמו	2	PST.3PL|IMP.2MPL	PST.3PL	True	HITPAEL
unvocalized	LX-113c768d0c:U4	LX-113c768d0c	תתקדם	2	FUT.2MSG|FUT.3FSG		False	HITPAEL
unvocalized	LX-113c768d0c:U5	LX-113c768d0c	תתקדמנה	2	FUT.2FPL|FUT.3FPL		False	HITPAEL
unvocalized	LX-11450e52db:U1	LX-11450e52db	סיכנת	2	PST.2MSG|PST.2FSG	PST.2MSG|PST.2FSG	False	PIEL
unvocalized	LX-11450e52db:U2	LX-11450e52db	סיכנו	2	PST.1PL|PST.3PL	PST.1PL|PST.3PL	False	PIEL
unvocalized	LX-11450e52db:U3	LX-11450e52db	תסכן	2	FUT.2MSG|FUT.3FSG		False	PIEL
unvocalized	LX-11450e52db:U4	LX-11450e52db	תסכנה	2	FUT.2FPL|FUT.3FPL		False	PIEL
unvocalized	LX-114ebed813:U1	LX-114ebed813	ריתכת	2	PST.2MSG|PST.2FSG	PST.2MSG|PST.2FSG	False	
unvocalized	LX-114ebed813:U2	LX-114ebed813	תרתך	2	FUT.2MSG|FUT.3FSG		False	
unvocalized	LX-114ebed813:U3	LX-114ebed813	תרתכנה	2	FUT.2FPL|FUT.3FPL		False	
unvocalized	LX-117900dfa8:U1	LX-117900dfa8	התרגזת	2	PST.2MSG|PST.2FSG	PST.2MSG|PST.2FSG	False	
unvocalized	LX-117900dfa8:U2	LX-117900dfa8	התרגז	2	PST.3MSG|IMP.2MSG	PST.3MSG	True	
unvocalized	LX-117900dfa8:U3	LX-117900dfa8	התרגזו	2	PST.3PL|IMP.2MPL	PST.3PL	True	
unvocalized	LX-117900dfa8:U4	LX-117900dfa8	תתרגז	2	FUT.2MSG|FUT.3FSG		False	
unvocalized	LX-117900dfa8:U5	LX-117900dfa8	תתרגזנה	2	FUT.2FPL|FUT.3FPL		False	
unvocalized	LX-11c0e46972:U1	LX-11c0e46972	עיצבת	2	PST.2MSG|PST.2FSG	PST.2MSG|PST.2FSG	False	PIEL
unvocalized	LX-11c0e46972:U2	LX-11c0e46972	תעצב	2	FUT.2MSG|FUT.3FSG		False	PIEL
unvocalized	LX-11c0e46972:U3	LX-11c0e46972	תעצבנה	2	FUT.2FPL|FUT.3FPL		False	PIEL
unvocalized	LX-11f14f0611:U1	LX-11f14f0611	טילפנת	2	PST.2MSG|PST.2FSG	PST.2MSG|PST.2FSG	False	
unvocalized	LX-11f14f0611:U2	LX-11f14f0611	טילפנו	2	PST.1PL|PST.3PL	PST.1PL|PST.3PL	False	
unvocalized	LX-11f14f0611:U3	LX-11f14f0611	תטלפן	2	FUT.2MSG|FUT.3FSG		False	
unvocalized	LX-11f14f0611:U4	LX-11f14f0611	תטלפנה	2	FUT.2FPL|FUT.3FPL		False	
unvocalized	LX-11f8f3b455:U1	LX-11f8f3b455	היטבת	2	PST.2MSG|PST.2FSG	PST.2MSG|PST.2FSG	False	HIFIL
unvocalized	LX-11f8f3b455:U2	LX-11f8f3b455	היטיבו	2	PST.3PL|IMP.2MPL	PST.3PL	True	HIFIL
unvocalized	LX-11f8f3b455:U3	LX-11f8f3b455	תיטיב	2	FUT.2MSG|FUT.3FSG		False	HIFIL
unvocalized	LX-11f8f3b455:U4	LX-11f8f3b455	תיטבנה	2	FUT.2FPL|FUT.3FPL		False	HIFIL
unvocalized	LX-127a854e85:U1	LX-127a854e85	אמדת	2	PST.2MSG|PST.2FSG	PST.2MSG|PST.2FSG	False	PAAL
unvocalized	LX-127a854e85:U2	LX-127a854e85	אמדו	2	PST.3PL|IMP.2MPL	PST.3PL	True	PAAL
unvocalized	LX-127a854e85:U3	LX-127a854e85	תאמוד	2	FUT.2MSG|FUT.3FSG		False	PAAL
unvocalized	LX-127a854e85:U4	LX-127a854e85	תאמודנה	2	FUT.2FPL|FUT.3FPL		False	PAAL
unvocalized	LX-12a61c52bf:U1	LX-12a61c52bf	דשת	2	PST.2MSG|PST.2FSG	PST.2MSG|PST.2FSG	False	PAAL
unvocalized	LX-12a61c52bf:U2	LX-12a61c52bf	דש	2	PST.3MSG|PRS.MSG	PST.3MSG	True	PAAL
unvocalized	LX-12a61c52bf:U3	LX-12a61c52bf	דשה	2	PST.3FSG|PRS.FSG	PST.3FSG	True	PAAL
unvocalized	LX-12a61c52bf:U4	LX-12a61c52bf	תדוש	2	FUT.2MSG|FUT.3FSG		False	PAAL
unvocalized	LX-12a61c52bf:U5	LX-12a61c52bf	תדושנה	2	FUT.2FPL|FUT.3FPL		False	PAAL
unvocalized	LX-12c3152541:U1	LX-12c3152541	שמעת	2	PST.2MSG|PST.2FSG	PST.2MSG|PST.2FSG	False	PAAL
unvocalized	LX-12c3152541:U2	LX-12c3152541	שמע	2	PST.3MSG|IMP.2MSG	PST.3MSG	True	PAAL
unvocalized	LX-12c3152541:U3	LX-12c3152541	שמעו	2	PST.3PL|IMP.2MPL	PST.3PL	True	PAAL
unvocalized	LX-12c3152541:U4	LX-12c3152541	תשמע	2	FUT.2MSG|FUT.3FSG		False	PAAL
unvocalized	LX-12c3152541:U5	LX-12c3152541	תשמענה	2	FUT.2FPL|FUT.3FPL		False	PAAL
unvocalized	LX-13221c77de:U1	LX-13221c77de	פשעת	2	PST.2MSG|PST.2FSG	PST.2MSG|PST.2FSG	False	
unvocalized	LX-13221c77de:U2	LX-13221c77de	פשע	2	PST.3MSG|IMP.2MSG	PST.3MSG	True	
unvocalized	LX-13221c77de:U3	LX-13221c77de	פשעו	2	PST.3PL|IMP.2MPL	PST.3PL	True	
unvocalized	LX-13221c77de:U4	LX-13221c77de	תפשע	2	FUT.2MSG|FUT.3FSG		False	
unvocalized	LX-13221c77de:U5	LX-13221c77de	תפשענה	2	FUT.2FPL|FUT.3FPL		False	
unvocalized	LX-138c49c2ad:U1	LX-138c49c2ad	טיאטאת	2	PST.2MSG|PST.2FSG	PST.2MSG|PST.2FSG	False	PIEL
unvocalized	LX-138c49c2ad:U2	LX-138c49c2ad	תטאטא	2	FUT.2MSG|FUT.3FSG		False	PIEL
unvocalized	LX-138c49c2ad:U3	LX-138c49c2ad	תטאטאנה	2	FUT.2FPL|FUT.3FPL		False	PIEL
unvocalized	LX-143e308fa6:U1	LX-143e308fa6	הטית	2	PST.2MSG|PST.2FSG	PST.2MSG|PST.2FSG	False	HIFIL
unvocalized	LX-143e308fa6:U2	LX-143e308fa6	הטה	2	PST.3MSG|IMP.2MSG	PST.3MSG	True	HIFIL
unvocalized	LX-143e308fa6:U3	LX-143e308fa6	הטו	2	PST.3PL|IMP.2MPL	PST.3PL	True	HIFIL
unvocalized	LX-143e308fa6:U4	LX-143e308fa6	מטה	2	PRS.MSG|PRS.FSG		False	HIFIL
unvocalized	LX-143e308fa6:U5	LX-143e308fa6	תטה	2	FUT.2MSG|FUT.3FSG		False	HIFIL
unvocalized	LX-143e308fa6:U6	LX-143e308fa6	תטינה	2	FUT.2FPL|FUT.3FPL		False	HIFIL
unvocalized	LX-1455f46ab5:U1	LX-1455f46ab5	חלמת	2	PST.2MSG|PST.2FSG	PST.2MSG|PST.2FSG	False	PAAL
unvocalized	LX-1455f46ab5:U2	LX-1455f46ab5	חלמו	2	PST.3PL|IMP.2MPL	PST.3PL	True	PAAL
unvocalized	LX-1455f46ab5:U3	LX-1455f46ab5	תחלום	2	FUT.2MSG|FUT.3FSG		False	PAAL
unvocalized	LX-1455f46ab5:U4	LX-1455f46ab5	תחלומנה	2	FUT.2FPL|FUT.3FPL		False	PAAL
unvocalized	LX-1490142e6c:U1	LX-1490142e6c	הקטנת	2	PST.2MSG|PST.2FSG	PST.2MSG|PST.2FSG	False	
unvocalized	LX-1490142e6c:U2	LX-1490142e6c	הקטינו	2	PST.3PL|IMP.2MPL	PST.3PL	True	
unvocalized	LX-1490142e6c:U3	LX-1490142e6c	תקטין	2	FUT.2MSG|FUT.3FSG		False	
unvocalized	LX-1490142e6c:U4	LX-1490142e6c	תקטנה	2	FUT.2FPL|FUT.3FPL		False	
unvocalized	LX-1490142e6c:U5	LX-1490142e6c	הקטנה	2	IMP.2FPL|MSDR		True	
unvocalized	LX-14e1531e25:U1	LX-14e1531e25	קלטת	2	PST.2MSG|PST.2FSG	PST.2MSG|PST.2FSG	False	PAAL
unvocalized	LX-14e1531e25:U2	LX-14e1531e25	קלטו	2	PST.3PL|IMP.2MPL	PST.3PL	True	PAAL
unvocalized	LX-14e1531e25:U3	LX-14e1531e25	תקלוט	2	FUT.2MSG|FUT.3FSG		False	PAAL
unvocalized	LX-14e1531e25:U4	LX-14e1531e25	תקלוטנה	2	FUT.2FPL|FUT.3FPL		False	PAAL
unvocalized	LX-14fb70d88d:U1	LX-14fb70d88d	לקחת	2	PST.2MSG|PST.2FSG	PST.2MSG|PST.2FSG	False	PAAL
unvocalized	LX-14fb70d88d:U2	LX-14fb70d88d	לקח	2	PST.3MSG|IMP.2MSG	PST.3MSG	True	PAAL
unvocalized	LX-14fb70d88d:U3	LX-14fb70d88d	לקחו	2	PST.3PL|IMP.2MPL	PST.3PL	True	PAAL
unvocalized	LX-14fb70d88d:U4	LX-14fb70d88d	תיקח	2	FUT.2MSG|FUT.3FSG		False	PAAL
unvocalized	LX-14fb70d88d:U5	LX-14fb70d88d	תיקחנה	2	FUT.2FPL|FUT.3FPL		False	PAAL
unvocalized	LX-156883c374:U1	LX-156883c374	שרת	2	PST.2MSG|PST.2FSG	PST.2MSG|PST.2FSG	False	PAAL
unvocalized	LX-156883c374:U2	LX-156883c374	שר	2	PST.3MSG|PRS.MSG	PST.3MSG	True	PAAL
unvocalized	LX-156883c374:U3	LX-156883c374	שרה	2	PST.3FSG|PRS.FSG	PST.3FSG	True	PAAL
unvocalized	LX-156883c374:U4	LX-156883c374	תשיר	2	FUT.2MSG|FUT.3FSG		False	PAAL
unvocalized	LX-156883c374:U5	LX-156883c374	תשרנה	2	FUT.2FPL|FUT.3FPL		False	PAAL
unvocalized	LX-15c5078205:U1	LX-15c5078205	קלית	2	PST.2MSG|PST.2FSG	PST.2MSG|PST.2FSG	False	PAAL
unvocalized	LX-15c5078205:U2	LX-15c5078205	קלה	2	PST.3MSG|IMP.2MSG	PST.3MSG	True	PAAL
unvocalized	LX-15c5078205:U3	LX-15c5078205	קלו	2	PST.3PL|IMP.2MPL	PST.3PL	True	PAAL
unvocalized	LX-15c5078205:U4	LX-15c5078205	קולה	2	PRS.MSG|PRS.FSG		False	PAAL
unvocalized	LX-15c5078205:U5	LX-15c5078205	תקלה	2	FUT.2MSG|FUT.3FSG		False	PAAL
unvocalized	LX-15c5078205:U6	LX-15c5078205	תקלינה	2	FUT.2FPL|FUT.3FPL		False	PAAL
unvocalized	LX-15d854eb45:U1	LX-15d854eb45	מיאנת	2	PST.2MSG|PST.2FSG	PST.2MSG|PST.2FSG	False	PIEL
unvocalized	LX-15d854eb45:U2	LX-15d854eb45	מיאנו	2	PST.1PL|PST.3PL	PST.1PL|PST.3PL	False	PIEL
unvocalized	LX-15d854eb45:U3	LX-15d854eb45	תמאן	2	FUT.2MSG|FUT.3FSG		False	PIEL
unvocalized	LX-15d854eb45:U4	LX-15d854eb45	תמאנה	2	FUT.2FPL|FUT.3FPL		False	PIEL
unvocalized	LX-15d96bf6da:U1	LX-15d96bf6da	ספגת	2	PST.2MSG|PST.2FSG	PST.2MSG|PST.2FSG	False	PAAL
unvocalized	LX-15d96bf6da:U2	LX-15d96bf6da	ספגו	2	PST.3PL|IMP.2MPL	PST.3PL	True	PAAL
unvocalized	LX-15d96bf6da:U3	LX-15d96bf6da	תספוג	2	FUT.2MSG|FUT.3FSG		False	PAAL
unvocalized	LX-15d96bf6da:U4	LX-15d96bf6da	תספוגנה	2	FUT.2FPL|FUT.3FPL		False	PAAL
unvocalized	LX-16090f6c24:U1	LX-16090f6c24	אוננת	2	PST.2MSG|PST.2FSG	PST.2MSG|PST.2FSG	False	PIEL
unvocalized	LX-16090f6c24:U2	LX-16090f6c24	אונן	2	PST.3MSG|IMP.2MSG	PST.3MSG	True	PIEL
unvocalized	LX-16090f6c24:U3	LX-16090f6c24	אוננה	2	PST.3FSG|IMP.2FPL	PST.3FSG	True	PIEL
unvocalized	LX-16090f6c24:U4	LX-16090f6c24	אוננו	3	PST.1PL|PST.3PL|IMP.2MPL	PST.1PL|PST.3PL	True	PIEL
unvocalized	LX-16090f6c24:U5	LX-16090f6c24	תאונן	2	FUT.2MSG|FUT.3FSG		False	PIEL
unvocalized	LX-16090f6c24:U6	LX-16090f6c24	תאוננה	2	FUT.2FPL|FUT.3FPL		False	PIEL
unvocalized	LX-16667d60db:U1	LX-16667d60db	ישנת	2	PST.2MSG|PST.2FSG	PST.2MSG|PST.2FSG	False	PAAL
unvocalized	LX-16667d60db:U2	LX-16667d60db	ישן	3	PST.3MSG|PRS.MSG|IMP.2MSG	PST.3MSG	True	PAAL
unvocalized	LX-16667d60db:U3	LX-16667d60db	ישנה	3	PST.3FSG|PRS.FSG|IMP.2FPL	PST.3FSG	True	PAAL
unvocalized	LX-16667d60db:U4	LX-16667d60db	ישנו	3	PST.1PL|PST.3PL|IMP.2MPL	PST.1PL|PST.3PL	True	PAAL
unvocalized	LX-16667d60db:U5	LX-16667d60db	תישן	2	FUT.2MSG|FUT.3FSG		False	PAAL
unvocalized	LX-16667d60db:U6	LX-16667d60db	תישנה	2	FUT.2FPL|FUT.3FPL		False	PAAL
unvocalized	LX-17bbbfa072:U1	LX-17bbbfa072	נלחמת	3	PST.2MSG|PST.2FSG|PRS.FSG	PST.2MSG|PST.2FSG	True	NIFAL
unvocalized	LX-17bbbfa072:U2	LX-17bbbfa072	נלחם	2	PST.3MSG|PRS.MSG	PST.3MSG	True	NIFAL
unvocalized	LX-17bbbfa072:U3	LX-17bbbfa072	תילחם	2	FUT.2MSG|FUT.3FSG		False	NIFAL
unvocalized	LX-17bbbfa072:U4	LX-17bbbfa072	תילחמנה	2	FUT.2FPL|FUT.3FPL		False	NIFAL
unvocalized	LX-17e67356d1:U1	LX-17e67356d1	גנבת	2	PST.2MSG|PST.2FSG	PST.2MSG|PST.2FSG	False	PAAL
unvocalized	LX-17e67356d1:U2	LX-17e67356d1	גנבו	2	PST.3PL|IMP.2MPL	PST.3PL	True	PAAL
unvocalized	LX-17e67356d1:U3	LX-17e67356d1	תגנוב	2	FUT.2MSG|FUT.3FSG		False	PAAL
unvocalized	LX-17e67356d1:U4	LX-17e67356d1	תגנובנה	2	FUT.2FPL|FUT.3FPL		False	PAAL
unvocalized	LX-1865ff0b18:U1	LX-1865ff0b18	ריקעת	2	PST.2MSG|PST.2FSG	PST.2MSG|PST.2FSG	False	PIEL
unvocalized	LX-1865ff0b18:U2	LX-1865ff0b18	תרקע	2	FUT.2MSG|FUT.3FSG		False	PIEL
unvocalized	LX-1865ff0b18:U3	LX-1865ff0b18	תרקענה	2	FUT.2FPL|FUT.3FPL		False	PIEL
unvocalized	LX-18e2949f94:U1	LX-18e2949f94	קמת	2	PST.2MSG|PST.2FSG	PST.2MSG|PST.2FSG	False	PAAL
unvocalized	LX-18e2949f94:U2	LX-18e2949f94	קם	2	PST.3MSG|PRS.MSG	PST.3MSG	True	PAAL
unvocalized	LX-18e2949f94:U3	LX-18e2949f94	קמה	2	PST.3FSG|PRS.FSG	PST.3FSG	True	PAAL
unvocalized	LX-18e2949f94:U4	LX-18e2949f94	תקום	2	FUT.2MSG|FUT.3FSG		False	PAAL
unvocalized	LX-18e2949f94:U5	LX-18e2949f94	תקומנה	2	FUT.2FPL|FUT.3FPL		False	PAAL
unvocalized	LX-1916dd333a:U1	LX-1916dd333a	שורשת	2	PST.2MSG|PST.2FSG	PST.2MSG|PST.2FSG	False	PUAL
unvocalized	LX-1916dd333a:U2	LX-1916dd333a	תשורש	2	FUT.2MSG|FUT.3FSG		False	PUAL
unvocalized	LX-1916dd333a:U3	LX-1916dd333a	תשורשנה	2	FUT.2FPL|FUT.3FPL		False	PUAL
unvocalized	LX-1933198ef1:U1	LX-1933198ef1	זיהמת	2	PST.2MSG|PST.2FSG	PST.2MSG|PST.2FSG	False	PIEL
unvocalized	LX-1933198ef1:U2	LX-1933198ef1	תזהם	2	FUT.2MSG|FUT.3FSG		False	PIEL
unvocalized	LX-1933198ef1:U3	LX-1933198ef1	תזהמנה	2	FUT.2FPL|FUT.3FPL		False	PIEL
unvocalized	LX-1935eb78f7:U1	LX-1935eb78f7	התנהגת	2	PST.2MSG|PST.2FSG	PST.2MSG|PST.2FSG	False	HITPAEL
unvocalized	LX-1935eb78f7:U2	LX-1935eb78f7	התנהג	2	PST.3MSG|IMP.2MSG	PST.3MSG	True	HITPAEL
unvocalized	LX-1935eb78f7:U3	LX-1935eb78f7	התנהגו	2	PST.3PL|IMP.2MPL	PST.3PL	True	HITPAEL
unvocalized	LX-1935eb78f7:U4	LX-1935eb78f7	תתנהג	2	FUT.2MSG|FUT.3FSG		False	HITPAEL
unvocalized	LX-1935eb78f7:U5	LX-1935eb78f7	תתנהגנה	2	FUT.2FPL|FUT.3FPL		False	HITPAEL
unvocalized	LX-19525e7829:U1	LX-19525e7829	שחטת	2	PST.2MSG|PST.2FSG	PST.2MSG|PST.2FSG	False	PAAL
unvocalized	LX-19525e7829:U2	LX-19525e7829	שחט	2	PST.3MSG|IMP.2MSG	PST.3MSG	True	PAAL
unvocalized	LX-19525e7829:U3	LX-19525e7829	שחטו	2	PST.3PL|IMP.2MPL	PST.3PL	True	PAAL
unvocalized	LX-19525e7829:U4	LX-19525e7829	תשחט	2	FUT.2MSG|FUT.3FSG		False	PAAL
unvocalized	LX-19525e7829:U5	LX-19525e7829	תשחטנה	2	FUT.2FPL|FUT.3FPL		False	PAAL
unvocalized	LX-19c903e54d:U1	LX-19c903e54d	כיכבת	2	PST.2MSG|PST.2FSG	PST.2MSG|PST.2FSG	False	
unvocalized	LX-19c903e54d:U2	LX-19c903e54d	תככב	2	FUT.2MSG|FUT.3FSG		False	
unvocalized	LX-19c903e54d:U3	LX-19c903e54d	תככבנה	2	FUT.2FPL|FUT.3FPL		False	
unvocalized	LX-19fbe79dd5:U1	LX-19fbe79dd5	התבשלת	2	PST.2MSG|PST.2FSG	PST.2MSG|PST.2FSG	False	HITPAEL
unvocalized	LX-19fbe79dd5:U2	LX-19fbe79dd5	התבשל	2	PST.3MSG|IMP.2MSG	PST.3MSG	True	HITPAEL
unvocalized	LX-19fbe79dd5:U3	LX-19fbe79dd5	התבשלו	2	PST.3PL|IMP.2MPL	PST.3PL	True	HITPAEL
unvocalized	LX-19fbe79dd5:U4	LX-19fbe79dd5	תתבשל	2	FUT.2MSG|FUT.3FSG		False	HITPAEL
unvocalized	LX-19fbe79dd5:U5	LX-19fbe79dd5	תתבשלנה	2	FUT.2FPL|FUT.3FPL		False	HITPAEL
unvocalized	LX-1a565e6bf3:U1	LX-1a565e6bf3	אובחנת	2	PST.2MSG|PST.2FSG	PST.2MSG|PST.2FSG	False	PUAL
unvocalized	LX-1a565e6bf3:U2	LX-1a565e6bf3	אובחנו	2	PST.1PL|PST.3PL	PST.1PL|PST.3PL	False	PUAL
unvocalized	LX-1a565e6bf3:U3	LX-1a565e6bf3	תאובחן	2	FUT.2MSG|FUT.3FSG		False	PUAL
unvocalized	LX-1a565e6bf3:U4	LX-1a565e6bf3	תאובחנה	2	FUT.2FPL|FUT.3FPL		False	PUAL
unvocalized	LX-1a8bb53e56:U1	LX-1a8bb53e56	מצצת	2	PST.2MSG|PST.2FSG	PST.2MSG|PST.2FSG	False	PAAL
unvocalized	LX-1a8bb53e56:U2	LX-1a8bb53e56	מצצו	2	PST.3PL|IMP.2MPL	PST.3PL	True	PAAL
unvocalized	LX-1a8bb53e56:U3	LX-1a8bb53e56	תמצוץ	2	FUT.2MSG|FUT.3FSG		False	PAAL
unvocalized	LX-1a8bb53e56:U4	LX-1a8bb53e56	תמצוצנה	2	FUT.2FPL|FUT.3FPL		False	PAAL
unvocalized	LX-1a98c1f4d3:U1	LX-1a98c1f4d3	נמת	2	PST.2MSG|PST.2FSG	PST.2MSG|PST.2FSG	False	PAAL
unvocalized	LX-1a98c1f4d3:U2	LX-1a98c1f4d3	נם	2	PST.3MSG|PRS.MSG	PST.3MSG	True	PAAL
unvocalized	LX-1a98c1f4d3:U3	LX-1a98c1f4d3	נמה	2	PST.3FSG|PRS.FSG	PST.3FSG	True	PAAL
unvocalized	LX-1a98c1f4d3:U4	LX-1a98c1f4d3	תנום	2	FUT.2MSG|FUT.3FSG		False	PAAL
unvocalized	LX-1a98c1f4d3:U5	LX-1a98c1f4d3	תנומנה	2	FUT.2FPL|FUT.3FPL		False	PAAL
unvocalized	LX-1ac3d4f823:U1	LX-1ac3d4f823	קרבת	2	PST.2MSG|PST.2FSG	PST.2MSG|PST.2FSG	False	PAAL
unvocalized	LX-1ac3d4f823:U2	LX-1ac3d4f823	קרב	3	PST.3MSG|PRS.MSG|IMP.2MSG	PST.3MSG	True	PAAL
unvocalized	LX-1ac3d4f823:U3	LX-1ac3d4f823	קרבה	3	PST.3FSG|PRS.FSG|MSDR	PST.3FSG	True	PAAL
unvocalized	LX-1ac3d4f823:U4	LX-1ac3d4f823	קרבו	2	PST.3PL|IMP.2MPL	PST.3PL	True	PAAL
unvocalized	LX-1ac3d4f823:U5	LX-1ac3d4f823	תקרב	2	FUT.2MSG|FUT.3FSG		False	PAAL
unvocalized	LX-1ac3d4f823:U6	LX-1ac3d4f823	תקרבנה	2	FUT.2FPL|FUT.3FPL		False	PAAL
unvocalized	LX-1b4c6830ce:U1	LX-1b4c6830ce	הדאגת	2	PST.2MSG|PST.2FSG	PST.2MSG|PST.2FSG	False	
unvocalized	LX-1b4c6830ce:U2	LX-1b4c6830ce	הדאיגו	2	PST.3PL|IMP.2MPL	PST.3PL	True	
unvocalized	LX-1b4c6830ce:U3	LX-1b4c6830ce	תדאיג	2	FUT.2MSG|FUT.3FSG		False	
unvocalized	LX-1b4c6830ce:U4	LX-1b4c6830ce	תדאגנה	2	FUT.2FPL|FUT.3FPL		False	
unvocalized	LX-1bc2c51286:U1	LX-1bc2c51286	התנשמת	2	PST.2MSG|PST.2FSG	PST.2MSG|PST.2FSG	False	
unvocalized	LX-1bc2c51286:U2	LX-1bc2c51286	התנשם	2	PST.3MSG|IMP.2MSG	PST.3MSG	True	
unvocalized	LX-1bc2c51286:U3	LX-1bc2c51286	התנשמו	2	PST.3PL|IMP.2MPL	PST.3PL	True	
unvocalized	LX-1bc2c51286:U4	LX-1bc2c51286	תתנשם	2	FUT.2MSG|FUT.3FSG		False	
unvocalized	LX-1bc2c51286:U5	LX-1bc2c51286	תתנשמנה	2	FUT.2FPL|FUT.3FPL		False	
unvocalized	LX-1be7b2b6f9:U1	LX-1be7b2b6f9	אחזת	2	PST.2MSG|PST.2FSG	PST.2MSG|PST.2FSG	False	PAAL
unvocalized	LX-1be7b2b6f9:U2	LX-1be7b2b6f9	אחזו	2	PST.3PL|IMP.2MPL	PST.3PL	True	PAAL
unvocalized	LX-1be7b2b6f9:U3	LX-1be7b2b6f9	אוחז	2	PRS.MSG|FUT.1SG		True	PAAL
unvocalized	LX-1be7b2b6f9:U4	LX-1be7b2b6f9	תאחז	2	FUT.2MSG|FUT.3FSG		False	PAAL
unvocalized	LX-1be7b2b6f9:U5	LX-1be7b2b6f9	תאחזנה	2	FUT.2FPL|FUT.3FPL		False	PAAL
unvocalized	LX-1c0d767968:U1	LX-1c0d767968	עיטרת	2	PST.2MSG|PST.2FSG	PST.2MSG|PST.2FSG	False	PIEL
unvocalized	LX-1c0d767968:U2	LX-1c0d767968	תעטר	2	FUT.2MSG|FUT.3FSG		False	PIEL
unvocalized	LX-1c0d767968:U3	LX-1c0d767968	תעטרנה	2	FUT.2FPL|FUT.3FPL		False	PIEL
unvocalized	LX-1c6c2f2853:U1	LX-1c6c2f2853	היית	2	PST.2MSG|PST.2FSG	PST.2MSG|PST.2FSG	False	PAAL
unvocalized	LX-1c6c2f2853:U2	LX-1c6c2f2853	היה	2	PST.3MSG|IMP.2MSG	PST.3MSG	True	PAAL
unvocalized	LX-1c6c2f2853:U3	LX-1c6c2f2853	היו	2	PST.3PL|IMP.2MPL	PST.3PL	True	PAAL
unvocalized	LX-1c6c2f2853:U4	LX-1c6c2f2853	תהיה	2	FUT.2MSG|FUT.3FSG		False	PAAL
unvocalized	LX-1c6c2f2853:U5	LX-1c6c2f2853	תהיינה	2	FUT.2FPL|FUT.3FPL		False	PAAL
unvocalized	LX-1c873da7a6:U1	LX-1c873da7a6	השמדת	2	PST.2MSG|PST.2FSG	PST.2MSG|PST.2FSG	False	
unvocalized	LX-1c873da7a6:U2	LX-1c873da7a6	השמידו	2	PST.3PL|IMP.2MPL	PST.3PL	True	
unvocalized	LX-1c873da7a6:U3	LX-1c873da7a6	תשמיד	2	FUT.2MSG|FUT.3FSG		False	
unvocalized	LX-1c873da7a6:U4	LX-1c873da7a6	תשמדנה	2	FUT.2FPL|FUT.3FPL		False	
unvocalized	LX-1cfad87fec:U1	LX-1cfad87fec	הלבשת	2	PST.2MSG|PST.2FSG	PST.2MSG|PST.2FSG	False	HIFIL
unvocalized	LX-1cfad87fec:U2	LX-1cfad87fec	הלבישו	2	PST.3PL|IMP.2MPL	PST.3PL	True	HIFIL
unvocalized	LX-1cfad87fec:U3	LX-1cfad87fec	תלביש	2	FUT.2MSG|FUT.3FSG		False	HIFIL
unvocalized	LX-1cfad87fec:U4	LX-1cfad87fec	תלבשנה	2	FUT.2FPL|FUT.3FPL		False	HIFIL
unvocalized	LX-1d3a030898:U1	LX-1d3a030898	הראית	2	PST.2MSG|PST.2FSG	PST.2MSG|PST.2FSG	False	HIFIL
unvocalized	LX-1d3a030898:U2	LX-1d3a030898	הראה	2	PST.3MSG|IMP.2MSG	PST.3MSG	True	HIFIL
unvocalized	LX-1d3a030898:U3	LX-1d3a030898	הראו	2	PST.3PL|IMP.2MPL	PST.3PL	True	HIFIL
unvocalized	LX-1d3a030898:U4	LX-1d3a030898	מראה	2	PRS.MSG|PRS.FSG		False	HIFIL
unvocalized	LX-1d3a030898:U5	LX-1d3a030898	תראה	2	FUT.2MSG|FUT.3FSG		False	HIFIL
unvocalized	LX-1d3a030898:U6	LX-1d3a030898	תראינה	2	FUT.2FPL|FUT.3FPL		False	HIFIL
unvocalized	LX-1e28fa9ca0:U1	LX-1e28fa9ca0	נהגת	2	PST.2MSG|PST.2FSG	PST.2MSG|PST.2FSG	False	PAAL
unvocalized	LX-1e28fa9ca0:U2	LX-1e28fa9ca0	נהג	2	PST.3MSG|IMP.2MSG	PST.3MSG	True	PAAL
unvocalized	LX-1e28fa9ca0:U3	LX-1e28fa9ca0	נהגו	2	PST.3PL|IMP.2MPL	PST.3PL	True	PAAL
unvocalized	LX-1e28fa9ca0:U4	LX-1e28fa9ca0	תנהג	2	FUT.2MSG|FUT.3FSG		False	PAAL
unvocalized	LX-1e28fa9ca0:U5	LX-1e28fa9ca0	תנהגנה	2	FUT.2FPL|FUT.3FPL		False	PAAL
unvocalized	LX-1e667b6cf8:U1	LX-1e667b6cf8	ליקקת	2	PST.2MSG|PST.2FSG	PST.2MSG|PST.2FSG	False	PIEL
unvocalized	LX-1e667b6cf8:U2	LX-1e667b6cf8	תלקק	2	FUT.2MSG|FUT.3FSG		False	PIEL
unvocalized	LX-1e667b6cf8:U3	LX-1e667b6cf8	תלקקנה	2	FUT.2FPL|FUT.3FPL		False	PIEL
unvocalized	LX-1e673925d8:U1	LX-1e673925d8	בגדת	2	PST.2MSG|PST.2FSG	PST.2MSG|PST.2FSG	False	PAAL
unvocalized	LX-1e673925d8:U2	LX-1e673925d8	בגדו	2	PST.3PL|IMP.2MPL	PST.3PL	True	PAAL
unvocalized	LX-1e673925d8:U3	LX-1e673925d8	תבגוד	2	FUT.2MSG|FUT.3FSG		False	PAAL
unvocalized	LX-1e673925d8:U4	LX-1e673925d8	תבגודנה	2	FUT.2FPL|FUT.3FPL		False	PAAL
unvocalized	LX-1e9ae83f94:U1	LX-1e9ae83f94	הבאת	2	PST.2MSG|PST.2FSG	PST.2MSG|PST.2FSG	False	HIFIL
unvocalized	LX-1e9ae83f94:U2	LX-1e9ae83f94	הביאו	2	PST.3PL|IMP.2MPL	PST.3PL	True	HIFIL
unvocalized	LX-1e9ae83f94:U3	LX-1e9ae83f94	תביא	2	FUT.2MSG|FUT.3FSG		False	HIFIL
unvocalized	LX-1e9ae83f94:U4	LX-1e9ae83f94	תבאנה	2	FUT.2FPL|FUT.3FPL		False	HIFIL
unvocalized	LX-1ea3c159e4:U1	LX-1ea3c159e4	פרסת	2	PST.2MSG|PST.2FSG	PST.2MSG|PST.2FSG	False	PAAL
unvocalized	LX-1ea3c159e4:U2	LX-1ea3c159e4	פרסו	2	PST.3PL|IMP.2MPL	PST.3PL	True	PAAL
unvocalized	LX-1ea3c159e4:U3	LX-1ea3c159e4	תפרוס	2	FUT.2MSG|FUT.3FSG		False	PAAL
unvocalized	LX-1ea3c159e4:U4	LX-1ea3c159e4	תפרוסנה	2	FUT.2FPL|FUT.3FPL		False	PAAL
unvocalized	LX-1ee90f472e:U1	LX-1ee90f472e	דיכדכת	2	PST.2MSG|PST.2FSG	PST.2MSG|PST.2FSG	False	PIEL
unvocalized	LX-1ee90f472e:U2	LX-1ee90f472e	תדכדך	2	FUT.2MSG|FUT.3FSG		False	PIEL
unvocalized	LX-1ee90f472e:U3	LX-1ee90f472e	תדכדכנה	2	FUT.2FPL|FUT.3FPL		False	PIEL
unvocalized	LX-1f20528939:U1	LX-1f20528939	כיבסת	2	PST.2MSG|PST.2FSG	PST.2MSG|PST.2FSG	False	PIEL
unvocalized	LX-1f20528939:U2	LX-1f20528939	תכבס	2	FUT.2MSG|FUT.3FSG		False	PIEL
unvocalized	LX-1f20528939:U3	LX-1f20528939	תכבסנה	2	FUT.2FPL|FUT.3FPL		False	PIEL
unvocalized	LX-1f9c2c0a46:U1	LX-1f9c2c0a46	בקעת	2	PST.2MSG|PST.2FSG	PST.2MSG|PST.2FSG	False	PAAL
unvocalized	LX-1f9c2c0a46:U2	LX-1f9c2c0a46	בקע	2	PST.3MSG|IMP.2MSG	PST.3MSG	True	PAAL
unvocalized	LX-1f9c2c0a46:U3	LX-1f9c2c0a46	בקעו	2	PST.3PL|IMP.2MPL	PST.3PL	True	PAAL
unvocalized	LX-1f9c2c0a46:U4	LX-1f9c2c0a46	תבקע	2	FUT.2MSG|FUT.3FSG		False	PAAL
unvocalized	LX-1f9c2c0a46:U5	LX-1f9c2c0a46	תבקענה	2	FUT.2FPL|FUT.3FPL		False	PAAL
unvocalized	LX-1f9c8353a5:U1	LX-1f9c8353a5	סבלת	2	PST.2MSG|PST.2FSG	PST.2MSG|PST.2FSG	False	PAAL
unvocalized	LX-1f9c8353a5:U2	LX-1f9c8353a5	סבלו	2	PST.3PL|IMP.2MPL	PST.3PL	True	PAAL
unvocalized	LX-1f9c8353a5:U3	LX-1f9c8353a5	תסבול	2	FUT.2MSG|FUT.3FSG		False	PAAL
unvocalized	LX-1f9c8353a5:U4	LX-1f9c8353a5	תסבולנה	2	FUT.2FPL|FUT.3FPL		False	PAAL
unvocalized	LX-1fc0f540e7:U1	LX-1fc0f540e7	סתמת	2	PST.2MSG|PST.2FSG	PST.2MSG|PST.2FSG	False	PAAL
unvocalized	LX-1fc0f540e7:U2	LX-1fc0f540e7	סתמו	2	PST.3PL|IMP.2MPL	PST.3PL	True	PAAL
unvocalized	LX-1fc0f540e7:U3	LX-1fc0f540e7	תסתום	2	FUT.2MSG|FUT.3FSG		False	PAAL
unvocalized	LX-1fc0f540e7:U4	LX-1fc0f540e7	תסתומנה	2	FUT.2FPL|FUT.3FPL		False	PAAL
unvocalized	LX-1fc8f3763d:U1	LX-1fc8f3763d	הפתעת	2	PST.2MSG|PST.2FSG	PST.2MSG|PST.2FSG	False	HIFIL
unvocalized	LX-1fc8f3763d:U2	LX-1fc8f3763d	הפתיעו	2	PST.3PL|IMP.2MPL	PST.3PL	True	HIFIL
unvocalized	LX-1fc8f3763d:U3	LX-1fc8f3763d	תפתיע	2	FUT.2MSG|FUT.3FSG		False	HIFIL
unvocalized	LX-1fc8f3763d:U4	LX-1fc8f3763d	תפתענה	2	FUT.2FPL|FUT.3FPL		False	HIFIL
unvocalized	LX-1fffcfadc8:U1	LX-1fffcfadc8	חסית	2	PST.2MSG|PST.2FSG	PST.2MSG|PST.2FSG	False	PAAL
unvocalized	LX-1fffcfadc8:U2	LX-1fffcfadc8	חסה	2	PST.3MSG|IMP.2MSG	PST.3MSG	True	PAAL
unvocalized	LX-1fffcfadc8:U3	LX-1fffcfadc8	חסו	2	PST.3PL|IMP.2MPL	PST.3PL	True	PAAL
unvocalized	LX-1fffcfadc8:U4	LX-1fffcfadc8	חוסה	2	PRS.MSG|PRS.FSG		False	PAAL
unvocalized	LX-1fffcfadc8:U5	LX-1fffcfadc8	תחסה	2	FUT.2MSG|FUT.3FSG		False	PAAL
unvocalized	LX-1fffcfadc8:U6	LX-1fffcfadc8	תחסינה	2	FUT.2FPL|FUT.3FPL		False	PAAL
unvocalized	LX-202db61ffe:U1	LX-202db61ffe	אובטחת	2	PST.2MSG|PST.2FSG	PST.2MSG|PST.2FSG	False	
unvocalized	LX-202db61ffe:U2	LX-202db61ffe	תאובטח	2	FUT.2MSG|FUT.3FSG		False	
unvocalized	LX-202db61ffe:U3	LX-202db61ffe	תאובטחנה	2	FUT.2FPL|FUT.3FPL		False	
unvocalized	LX-20a10d0ecb:U1	LX-20a10d0ecb	נפגשת	3	PST.2MSG|PST.2FSG|PRS.FSG	PST.2MSG|PST.2FSG	True	
unvocalized	LX-20a10d0ecb:U2	LX-20a10d0ecb	נפגש	2	PST.3MSG|PRS.MSG	PST.3MSG	True	
unvocalized	LX-20a10d0ecb:U3	LX-20a10d0ecb	תיפגש	2	FUT.2MSG|FUT.3FSG		False	
unvocalized	LX-20a10d0ecb:U4	LX-20a10d0ecb	תיפגשנה	2	FUT.2FPL|FUT.3FPL		False	
unvocalized	LX-20babe10e6:U1	LX-20babe10e6	העלמת	2	PST.2MSG|PST.2FSG	PST.2MSG|PST.2FSG	False	
unvocalized	LX-20babe10e6:U2	LX-20babe10e6	העלימו	2	PST.3PL|IMP.2MPL	PST.3PL	True	
unvocalized	LX-20babe10e6:U3	LX-20babe10e6	תעלים	2	FUT.2MSG|FUT.3FSG		False	
unvocalized	LX-20babe10e6:U4	LX-20babe10e6	תעלמנה	2	FUT.2FPL|FUT.3FPL		False	
unvocalized	LX-21420b715f:U1	LX-21420b715f	תמכת	2	PST.2MSG|PST.2FSG	PST.2MSG|PST.2FSG	False	PAAL
unvocalized	LX-21420b715f:U2	LX-21420b715f	תמכו	2	PST.3PL|IMP.2MPL	PST.3PL	True	PAAL
unvocalized	LX-21420b715f:U3	LX-21420b715f	תתמוך	2	FUT.2MSG|FUT.3FSG		False	PAAL
unvocalized	LX-21420b715f:U4	LX-21420b715f	תתמוכנה	2	FUT.2FPL|FUT.3FPL		False	PAAL
unvocalized	LX-21a93fa1f4:U1	LX-21a93fa1f4	נדרסת	3	PST.2MSG|PST.2FSG|PRS.FSG	PST.2MSG|PST.2FSG	True	
unvocalized	LX-21a93fa1f4:U2	LX-21a93fa1f4	נדרס	2	PST.3MSG|PRS.MSG	PST.3MSG	True	
unvocalized	LX-21a93fa1f4:U3	LX-21a93fa1f4	תידרס	2	FUT.2MSG|FUT.3FSG		False	
unvocalized	LX-21a93fa1f4:U4	LX-21a93fa1f4	תידרסנה	2	FUT.2FPL|FUT.3FPL		False	
unvocalized	LX-21c9ed2d9d:U1	LX-21c9ed2d9d	השתלחת	2	PST.2MSG|PST.2FSG	PST.2MSG|PST.2FSG	False	HITPAEL
unvocalized	LX-21c9ed2d9d:U2	LX-21c9ed2d9d	השתלח	2	PST.3MSG|IMP.2MSG	PST.3MSG	True	HITPAEL
unvocalized	LX-21c9ed2d9d:U3	LX-21c9ed2d9d	השתלחו	2	PST.3PL|IMP.2MPL	PST.3PL	True	HITPAEL
unvocalized	LX-21c9ed2d9d:U4	LX-21c9ed2d9d	תשתלח	2	FUT.2MSG|FUT.3FSG		False	HITPAEL
unvocalized	LX-21c9ed2d9d:U5	LX-21c9ed2d9d	תשתלחנה	2	FUT.2FPL|FUT.3FPL		False	HITPAEL
unvocalized	LX-21dd021067:U1	LX-21dd021067	הדרכת	2	PST.2MSG|PST.2FSG	PST.2MSG|PST.2FSG	False	HIFIL
unvocalized	LX-21dd021067:U2	LX-21dd021067	הדריכו	2	PST.3PL|IMP.2MPL	PST.3PL	True	HIFIL
unvocalized	LX-21dd021067:U3	LX-21dd021067	תדריך	2	FUT.2MSG|FUT.3FSG		False	HIFIL
unvocalized	LX-21dd021067:U4	LX-21dd021067	תדרכנה	2	FUT.2FPL|FUT.3FPL		False	HIFIL
unvocalized	LX-221b7aaaa0:U1	LX-221b7aaaa0	ניתנת	3	PST.2MSG|PST.2FSG|PRS.FSG	PST.2MSG|PST.2FSG	True	NIFAL
unvocalized	LX-221b7aaaa0:U2	LX-221b7aaaa0	ניתן	2	PST.3MSG|PRS.MSG	PST.3MSG	True	NIFAL
unvocalized	LX-221b7aaaa0:U3	LX-221b7aaaa0	ניתנו	2	PST.1PL|PST.3PL	PST.1PL|PST.3PL	False	NIFAL
unvocalized	LX-221b7aaaa0:U4	LX-221b7aaaa0	תינתן	2	FUT.2MSG|FUT.3FSG		False	NIFAL
unvocalized	LX-221b7aaaa0:U5	LX-221b7aaaa0	תינתנה	2	FUT.2FPL|FUT.3FPL		False	NIFAL
unvocalized	LX-222c345c8f:U1	LX-222c345c8f	התאספת	2	PST.2MSG|PST.2FSG	PST.2MSG|PST.2FSG	False	HITPAEL
unvocalized	LX-222c345c8f:U2	LX-222c345c8f	התאסף	2	PST.3MSG|IMP.2MSG	PST.3MSG	True	HITPAEL
unvocalized	LX-222c345c8f:U3	LX-222c345c8f	התאספו	2	PST.3PL|IMP.2MPL	PST.3PL	True	HITPAEL
unvocalized	LX-222c345c8f:U4	LX-222c345c8f	תתאסף	2	FUT.2MSG|FUT.3FSG		False	HITPAEL
unvocalized	LX-222c345c8f:U5	LX-222c345c8f	תתאספנה	2	FUT.2FPL|FUT.3FPL		False	HITPAEL
unvocalized	LX-2364b4c5d8:U1	LX-2364b4c5d8	גינית	2	PST.2MSG|PST.2FSG	PST.2MSG|PST.2FSG	False	PIEL
unvocalized	LX-2364b4c5d8:U2	LX-2364b4c5d8	מגנה	2	PRS.MSG|PRS.FSG		False	PIEL
unvocalized	LX-2364b4c5d8:U3	LX-2364b4c5d8	תגנה	2	FUT.2MSG|FUT.3FSG		False	PIEL
unvocalized	LX-2364b4c5d8:U4	LX-2364b4c5d8	תגנינה	2	FUT.2FPL|FUT.3FPL		False	PIEL
unvocalized	LX-246b3da697:U1	LX-246b3da697	ייחדת	2	PST.2MSG|PST.2FSG	PST.2MSG|PST.2FSG	False	PIEL
unvocalized	LX-246b3da697:U2	LX-246b3da697	ייחד	2	PST.3MSG|FUT.3MSG	PST.3MSG	True	PIEL
unvocalized	LX-246b3da697:U3	LX-246b3da697	ייחדו	2	PST.3PL|FUT.3MPL	PST.3PL	True	PIEL
unvocalized	LX-246b3da697:U4	LX-246b3da697	תיחד	2	FUT.2MSG|FUT.3FSG		False	PIEL
unvocalized	LX-246b3da697:U5	LX-246b3da697	תיחדנה	2	FUT.2FPL|FUT.3FPL		False	PIEL
unvocalized	LX-24b0345f81:U1	LX-24b0345f81	חשבת	2	PST.2MSG|PST.2FSG	PST.2MSG|PST.2FSG	False	PAAL
unvocalized	LX-24b0345f81:U2	LX-24b0345f81	חשבו	2	PST.3PL|IMP.2MPL	PST.3PL	True	PAAL
unvocalized	LX-24b0345f81:U3	LX-24b0345f81	תחשוב	2	FUT.2MSG|FUT.3FSG		False	PAAL
unvocalized	LX-24b0345f81:U4	LX-24b0345f81	תחשובנה	2	FUT.2FPL|FUT.3FPL		False	PAAL
unvocalized	LX-2516618eea:U1	LX-2516618eea	התעטפת	2	PST.2MSG|PST.2FSG	PST.2MSG|PST.2FSG	False	HITPAEL
unvocalized	LX-2516618eea:U2	LX-2516618eea	התעטף	2	PST.3MSG|IMP.2MSG	PST.3MSG	True	HITPAEL
unvocalized	LX-2516618eea:U3	LX-2516618eea	התעטפו	2	PST.3PL|IMP.2MPL	PST.3PL	True	HITPAEL
unvocalized	LX-2516618eea:U4	LX-2516618eea	תתעטף	2	FUT.2MSG|FUT.3FSG		False	HITPAEL
unvocalized	LX-2516618eea:U5	LX-2516618eea	תתעטפנה	2	FUT.2FPL|FUT.3FPL		False	HITPAEL
unvocalized	LX-2568c325e0:U1	LX-2568c325e0	התבקשת	2	PST.2MSG|PST.2FSG	PST.2MSG|PST.2FSG	False	
unvocalized	LX-2568c325e0:U2	LX-2568c325e0	התבקש	2	PST.3MSG|IMP.2MSG	PST.3MSG	True	
unvocalized	LX-2568c325e0:U3	LX-2568c325e0	התבקשו	2	PST.3PL|IMP.2MPL	PST.3PL	True	
unvocalized	LX-2568c325e0:U4	LX-2568c325e0	תתבקש	2	FUT.2MSG|FUT.3FSG		False	
unvocalized	LX-2568c325e0:U5	LX-2568c325e0	תתבקשנה	2	FUT.2FPL|FUT.3FPL		False	
unvocalized	LX-256bcdadc3:U1	LX-256bcdadc3	מיהרת	2	PST.2MSG|PST.2FSG	PST.2MSG|PST.2FSG	False	
unvocalized	LX-256bcdadc3:U2	LX-256bcdadc3	תמהר	2	FUT.2MSG|FUT.3FSG		False	
unvocalized	LX-256bcdadc3:U3	LX-256bcdadc3	תמהרנה	2	FUT.2FPL|FUT.3FPL		False	
unvocalized	LX-25abec0cbb:U1	LX-25abec0cbb	הודעת	2	PST.2MSG|PST.2FSG	PST.2MSG|PST.2FSG	False	HIFIL
unvocalized	LX-25abec0cbb:U2	LX-25abec0cbb	הודיעו	2	PST.3PL|IMP.2MPL	PST.3PL	True	HIFIL
unvocalized	LX-25abec0cbb:U3	LX-25abec0cbb	תודיע	2	FUT.2MSG|FUT.3FSG		False	HIFIL
unvocalized	LX-25abec0cbb:U4	LX-25abec0cbb	תודענה	2	FUT.2FPL|FUT.3FPL		False	HIFIL
unvocalized	LX-25b8eabac3:U1	LX-25b8eabac3	פסלת	2	PST.2MSG|PST.2FSG	PST.2MSG|PST.2FSG	False	PAAL
unvocalized	LX-25b8eabac3:U2	LX-25b8eabac3	פסלו	2	PST.3PL|IMP.2MPL	PST.3PL	True	PAAL
unvocalized	LX-25b8eabac3:U3	LX-25b8eabac3	תפסול	2	FUT.2MSG|FUT.3FSG		False	PAAL
unvocalized	LX-25b8eabac3:U4	LX-25b8eabac3	תפסולנה	2	FUT.2FPL|FUT.3FPL		False	PAAL
unvocalized	LX-25c3ce87e7:U1	LX-25c3ce87e7	נחלקת	3	PST.2MSG|PST.2FSG|PRS.FSG	PST.2MSG|PST.2FSG	True	
unvocalized	LX-25c3ce87e7:U2	LX-25c3ce87e7	נחלק	2	PST.3MSG|PRS.MSG	PST.3MSG	True	
unvocalized	LX-25c3ce87e7:U3	LX-25c3ce87e7	תיחלק	2	FUT.2MSG|FUT.3FSG		False	
unvocalized	LX-25c3ce87e7:U4	LX-25c3ce87e7	תיחלקנה	2	FUT.2FPL|FUT.3FPL		False	
unvocalized	LX-2600ba1bcd:U1	LX-2600ba1bcd	התרת	2	PST.2MSG|PST.2FSG	PST.2MSG|PST.2FSG	False	HIFIL
unvocalized	LX-2600ba1bcd:U2	LX-2600ba1bcd	התירו	2	PST.3PL|IMP.2MPL	PST.3PL	True	HIFIL
unvocalized	LX-2600ba1bcd:U3	LX-2600ba1bcd	תתיר	2	FUT.2MSG|FUT.3FSG		False	HIFIL
unvocalized	LX-2600ba1bcd:U4	LX-2600ba1bcd	תתרנה	2	FUT.2FPL|FUT.3FPL		False	HIFIL
unvocalized	LX-26a5c615b3:U1	LX-26a5c615b3	זכית	2	PST.2MSG|PST.2FSG	PST.2MSG|PST.2FSG	False	
unvocalized	LX-26a5c615b3:U2	LX-26a5c615b3	זכה	2	PST.3MSG|IMP.2MSG	PST.3MSG	True	
unvocalized	LX-26a5c615b3:U3	LX-26a5c615b3	זכו	2	PST.3PL|IMP.2MPL	PST.3PL	True	
unvocalized	LX-26a5c615b3:U4	LX-26a5c615b3	זוכה	2	PRS.MSG|PRS.FSG		False	
unvocalized	LX-26a5c615b3:U5	LX-26a5c615b3	תזכה	2	FUT.2MSG|FUT.3FSG		False	
unvocalized	LX-26a5c615b3:U6	LX-26a5c615b3	תזכינה	2	FUT.2FPL|FUT.3FPL		False	
unvocalized	LX-272ce88a0c:U1	LX-272ce88a0c	עיברת	2	PST.2MSG|PST.2FSG	PST.2MSG|PST.2FSG	False	PIEL
unvocalized	LX-272ce88a0c:U2	LX-272ce88a0c	תעבר	2	FUT.2MSG|FUT.3FSG		False	PIEL
unvocalized	LX-272ce88a0c:U3	LX-272ce88a0c	תעברנה	2	FUT.2FPL|FUT.3FPL		False	PIEL
unvocalized	LX-279b759703:U1	LX-279b759703	התכנסת	2	PST.2MSG|PST.2FSG	PST.2MSG|PST.2FSG	False	HITPAEL
unvocalized	LX-279b759703:U2	LX-279b759703	התכנס	2	PST.3MSG|IMP.2MSG	PST.3MSG	True	HITPAEL
unvocalized	LX-279b759703:U3	LX-279b759703	התכנסו	2	PST.3PL|IMP.2MPL	PST.3PL	True	HITPAEL
unvocalized	LX-279b759703:U4	LX-279b759703	תתכנס	2	FUT.2MSG|FUT.3FSG		False	HITPAEL
unvocalized	LX-279b759703:U5	LX-279b759703	תתכנסנה	2	FUT.2FPL|FUT.3FPL		False	HITPAEL
unvocalized	LX-27ecb0d9f6:U1	LX-27ecb0d9f6	ניגשת	3	PST.2MSG|PST.2FSG|PRS.FSG	PST.2MSG|PST.2FSG	True	
unvocalized	LX-27ecb0d9f6:U2	LX-27ecb0d9f6	ניגש	3	PST.3MSG|PRS.MSG|FUT.1PL	PST.3MSG	True	
unvocalized	LX-27ecb0d9f6:U3	LX-27ecb0d9f6	תיגש	2	FUT.2MSG|FUT.3FSG		False	
unvocalized	LX-27ecb0d9f6:U4	LX-27ecb0d9f6	תיגשנה	2	FUT.2FPL|FUT.3FPL		False	
unvocalized	LX-27fdc286ee:U1	LX-27fdc286ee	עלזת	2	PST.2MSG|PST.2FSG	PST.2MSG|PST.2FSG	False	PAAL
unvocalized	LX-27fdc286ee:U2	LX-27fdc286ee	עלזו	2	PST.3PL|IMP.2MPL	PST.3PL	True	PAAL
unvocalized	LX-27fdc286ee:U3	LX-27fdc286ee	תעלוז	2	FUT.2MSG|FUT.3FSG		False	PAAL
unvocalized	LX-27fdc286ee:U4	LX-27fdc286ee	תעלוזנה	2	FUT.2FPL|FUT.3FPL		False	PAAL
unvocalized	LX-2855ce8717:U1	LX-2855ce8717	השמעת	2	PST.2MSG|PST.2FSG	PST.2MSG|PST.2FSG	False	HIFIL
unvocalized	LX-2855ce8717:U2	LX-2855ce8717	השמיעו	2	PST.3PL|IMP.2MPL	PST.3PL	True	HIFIL
unvocalized	LX-2855ce8717:U3	LX-2855ce8717	תשמיע	2	FUT.2MSG|FUT.3FSG		False	HIFIL
unvocalized	LX-2855ce8717:U4	LX-2855ce8717	תשמענה	2	FUT.2FPL|FUT.3FPL		False	HIFIL
unvocalized	LX-2872215de7:U1	LX-2872215de7	לבשת	2	PST.2MSG|PST.2FSG	PST.2MSG|PST.2FSG	False	PAAL
unvocalized	LX-2872215de7:U2	LX-2872215de7	לבש	2	PST.3MSG|IMP.2MSG	PST.3MSG	True	PAAL
unvocalized	LX-2872215de7:U3	LX-2872215de7	לבשו	2	PST.3PL|IMP.2MPL	PST.3PL	True	PAAL
unvocalized	LX-2872215de7:U4	LX-2872215de7	תלבש	2	FUT.2MSG|FUT.3FSG		False	PAAL
unvocalized	LX-2872215de7:U5	LX-2872215de7	תלבשנה	2	FUT.2FPL|FUT.3FPL		False	PAAL
unvocalized	LX-288fc0ffa7:U1	LX-288fc0ffa7	הוצאת	2	PST.2MSG|PST.2FSG	PST.2MSG|PST.2FSG	False	HUFAL
unvocalized	LX-288fc0ffa7:U2	LX-288fc0ffa7	תוצא	2	FUT.2MSG|FUT.3FSG		False	HUFAL
unvocalized	LX-288fc0ffa7:U3	LX-288fc0ffa7	תוצאנה	2	FUT.2FPL|FUT.3FPL		False	HUFAL
unvocalized	LX-292fa03563:U1	LX-292fa03563	נטית	2	PST.2MSG|PST.2FSG	PST.2MSG|PST.2FSG	False	PAAL
unvocalized	LX-292fa03563:U2	LX-292fa03563	נטה	2	PST.3MSG|IMP.2MSG	PST.3MSG	True	PAAL
unvocalized	LX-292fa03563:U3	LX-292fa03563	נטו	2	PST.3PL|IMP.2MPL	PST.3PL	True	PAAL
unvocalized	LX-292fa03563:U4	LX-292fa03563	נוטה	2	PRS.MSG|PRS.FSG		False	PAAL
unvocalized	LX-292fa03563:U5	LX-292fa03563	תיטה	2	FUT.2MSG|FUT.3FSG		False	PAAL
unvocalized	LX-292fa03563:U6	LX-292fa03563	תיטינה	2	FUT.2FPL|FUT.3FPL		False	PAAL
unvocalized	LX-2994c0ce40:U1	LX-2994c0ce40	הרמת	2	PST.2MSG|PST.2FSG	PST.2MSG|PST.2FSG	False	HIFIL
unvocalized	LX-2994c0ce40:U2	LX-2994c0ce40	הרימו	2	PST.3PL|IMP.2MPL	PST.3PL	True	HIFIL
unvocalized	LX-2994c0ce40:U3	LX-2994c0ce40	תרים	2	FUT.2MSG|FUT.3FSG		False	HIFIL
unvocalized	LX-2994c0ce40:U4	LX-2994c0ce40	תרמנה	2	FUT.2FPL|FUT.3FPL		False	HIFIL
unvocalized	LX-29fa38336f:U1	LX-29fa38336f	הושלטת	2	PST.2MSG|PST.2FSG	PST.2MSG|PST.2FSG	False	
unvocalized	LX-29fa38336f:U2	LX-29fa38336f	תושלט	2	FUT.2MSG|FUT.3FSG		False	
unvocalized	LX-29fa38336f:U3	LX-29fa38336f	תושלטנה	2	FUT.2FPL|FUT.3FPL		False	
unvocalized	LX-2ae5d33863:U1	LX-2ae5d33863	צרכת	2	PST.2MSG|PST.2FSG	PST.2MSG|PST.2FSG	False	PAAL
unvocalized	LX-2ae5d33863:U2	LX-2ae5d33863	צרכו	2	PST.3PL|IMP.2MPL	PST.3PL	True	PAAL
unvocalized	LX-2ae5d33863:U3	LX-2ae5d33863	תצרוך	2	FUT.2MSG|FUT.3FSG		False	PAAL
unvocalized	LX-2ae5d33863:U4	LX-2ae5d33863	תצרוכנה	2	FUT.2FPL|FUT.3FPL		False	PAAL
unvocalized	LX-2b081a0c8f:U1	LX-2b081a0c8f	כוננת	2	PST.2MSG|PST.2FSG	PST.2MSG|PST.2FSG	False	PIEL
unvocalized	LX-2b081a0c8f:U2	LX-2b081a0c8f	כונן	2	PST.3MSG|IMP.2MSG	PST.3MSG	True	PIEL
unvocalized	LX-2b081a0c8f:U3	LX-2b081a0c8f	כוננה	2	PST.3FSG|IMP.2FPL	PST.3FSG	True	PIEL
unvocalized	LX-2b081a0c8f:U4	LX-2b081a0c8f	כוננו	3	PST.1PL|PST.3PL|IMP.2MPL	PST.1PL|PST.3PL	True	PIEL
unvocalized	LX-2b081a0c8f:U5	LX-2b081a0c8f	תכונן	2	FUT.2MSG|FUT.3FSG		False	PIEL
unvocalized	LX-2b081a0c8f:U6	LX-2b081a0c8f	תכוננה	2	FUT.2FPL|FUT.3FPL		False	PIEL
unvocalized	LX-2b38e4d0bf:U1	LX-2b38e4d0bf	גזת	2	PST.2MSG|PST.2FSG	PST.2MSG|PST.2FSG	False	PAAL
unvocalized	LX-2b38e4d0bf:U2	LX-2b38e4d0bf	גז	2	PST.3MSG|PRS.MSG	PST.3MSG	True	PAAL
unvocalized	LX-2b38e4d0bf:U3	LX-2b38e4d0bf	גזה	2	PST.3FSG|PRS.FSG	PST.3FSG	True	PAAL
unvocalized	LX-2b38e4d0bf:U4	LX-2b38e4d0bf	תגוז	2	FUT.2MSG|FUT.3FSG		False	PAAL
unvocalized	LX-2b38e4d0bf:U5	LX-2b38e4d0bf	תגוזנה	2	FUT.2FPL|FUT.3FPL		False	PAAL
unvocalized	LX-2b6ae5a58f:U1	LX-2b6ae5a58f	החמצת	2	PST.2MSG|PST.2FSG	PST.2MSG|PST.2FSG	False	HIFIL
unvocalized	LX-2b6ae5a58f:U2	LX-2b6ae5a58f	החמיצו	2	PST.3PL|IMP.2MPL	PST.3PL	True	HIFIL
unvocalized	LX-2b6ae5a58f:U3	LX-2b6ae5a58f	תחמיץ	2	FUT.2MSG|FUT.3FSG		False	HIFIL
unvocalized	LX-2b6ae5a58f:U4	LX-2b6ae5a58f	תחמצנה	2	FUT.2FPL|FUT.3FPL		False	HIFIL
unvocalized	LX-2c25ffe1eb:U1	LX-2c25ffe1eb	עזרת	2	PST.2MSG|PST.2FSG	PST.2MSG|PST.2FSG	False	PAAL
unvocalized	LX-2c25ffe1eb:U2	LX-2c25ffe1eb	עזרה	2	PST.3FSG|MSDR	PST.3FSG	True	PAAL
unvocalized	LX-2c25ffe1eb:U3	LX-2c25ffe1eb	עזרו	2	PST.3PL|IMP.2MPL	PST.3PL	True	PAAL
unvocalized	LX-2c25ffe1eb:U4	LX-2c25ffe1eb	תעזור	2	FUT.2MSG|FUT.3FSG		False	PAAL
unvocalized	LX-2c25ffe1eb:U5	LX-2c25ffe1eb	תעזורנה	2	FUT.2FPL|FUT.3FPL		False	PAAL
unvocalized	LX-2c48f5e091:U1	LX-2c48f5e091	שתלת	2	PST.2MSG|PST.2FSG	PST.2MSG|PST.2FSG	False	PAAL
unvocalized	LX-2c48f5e091:U2	LX-2c48f5e091	שתלו	2	PST.3PL|IMP.2MPL	PST.3PL	True	PAAL
unvocalized	LX-2c48f5e091:U3	LX-2c48f5e091	תשתול	2	FUT.2MSG|FUT.3FSG		False	PAAL
unvocalized	LX-2c48f5e091:U4	LX-2c48f5e091	תשתולנה	2	FUT.2FPL|FUT.3FPL		False	PAAL
unvocalized	LX-2c4f064f15:U1	LX-2c4f064f15	כונסת	2	PST.2MSG|PST.2FSG	PST.2MSG|PST.2FSG	False	PUAL
unvocalized	LX-2c4f064f15:U2	LX-2c4f064f15	תכונס	2	FUT.2MSG|FUT.3FSG		False	PUAL
unvocalized	LX-2c4f064f15:U3	LX-2c4f064f15	תכונסנה	2	FUT.2FPL|FUT.3FPL		False	PUAL
unvocalized	LX-2d4117a3d2:U1	LX-2d4117a3d2	פתחת	2	PST.2MSG|PST.2FSG	PST.2MSG|PST.2FSG	False	PAAL
unvocalized	LX-2d4117a3d2:U2	LX-2d4117a3d2	פתח	2	PST.3MSG|IMP.2MSG	PST.3MSG	True	PAAL
unvocalized	LX-2d4117a3d2:U3	LX-2d4117a3d2	פתחו	2	PST.3PL|IMP.2MPL	PST.3PL	True	PAAL
unvocalized	LX-2d4117a3d2:U4	LX-2d4117a3d2	תפתח	2	FUT.2MSG|FUT.3FSG		False	PAAL
unvocalized	LX-2d4117a3d2:U5	LX-2d4117a3d2	תפתחנה	2	FUT.2FPL|FUT.3FPL		False	PAAL
unvocalized	LX-2d68c8fa39:U1	LX-2d68c8fa39	התבלית	2	PST.2MSG|PST.2FSG	PST.2MSG|PST.2FSG	False	
unvocalized	LX-2d68c8fa39:U2	LX-2d68c8fa39	התבלה	2	PST.3MSG|IMP.2MSG	PST.3MSG	True	
unvocalized	LX-2d68c8fa39:U3	LX-2d68c8fa39	התבלו	2	PST.3PL|IMP.2MPL	PST.3PL	True	
unvocalized	LX-2d68c8fa39:U4	LX-2d68c8fa39	מתבלה	2	PRS.MSG|PRS.FSG		False	
unvocalized	LX-2d68c8fa39:U5	LX-2d68c8fa39	תתבלה	2	FUT.2MSG|FUT.3FSG		False	
unvocalized	LX-2d68c8fa39:U6	LX-2d68c8fa39	תתבלינה	2	FUT.2FPL|FUT.3FPL		False	
unvocalized	LX-2d891da077:U1	LX-2d891da077	התמלאת	2	PST.2MSG|PST.2FSG	PST.2MSG|PST.2FSG	False	HITPAEL
unvocalized	LX-2d891da077:U2	LX-2d891da077	התמלא	2	PST.3MSG|IMP.2MSG	PST.3MSG	True	HITPAEL
unvocalized	LX-2d891da077:U3	LX-2d891da077	התמלאו	2	PST.3PL|IMP.2MPL	PST.3PL	True	HITPAEL
unvocalized	LX-2d891da077:U4	LX-2d891da077	תתמלא	2	FUT.2MSG|FUT.3FSG		False	HITPAEL
unvocalized	LX-2d891da077:U5	LX-2d891da077	תתמלאנה	2	FUT.2FPL|FUT.3FPL		False	HITPAEL
unvocalized	LX-2dbe7cf2e2:U1	LX-2dbe7cf2e2	זעפת	2	PST.2MSG|PST.2FSG	PST.2MSG|PST.2FSG	False	PAAL
unvocalized	LX-2dbe7cf2e2:U2	LX-2dbe7cf2e2	זעף	2	PST.3MSG|IMP.2MSG	PST.3MSG	True	PAAL
unvocalized	LX-2dbe7cf2e2:U3	LX-2dbe7cf2e2	זעפו	2	PST.3PL|IMP.2MPL	PST.3PL	True	PAAL
unvocalized	LX-2dbe7cf2e2:U4	LX-2dbe7cf2e2	תזעף	2	FUT.2MSG|FUT.3FSG		False	PAAL
unvocalized	LX-2dbe7cf2e2:U5	LX-2dbe7cf2e2	תזעפנה	2	FUT.2FPL|FUT.3FPL		False	PAAL
unvocalized	LX-2e280e2457:U1	LX-2e280e2457	טיפסת	2	PST.2MSG|PST.2FSG	PST.2MSG|PST.2FSG	False	PIEL
unvocalized	LX-2e280e2457:U2	LX-2e280e2457	תטפס	2	FUT.2MSG|FUT.3FSG		False	PIEL
unvocalized	LX-2e280e2457:U3	LX-2e280e2457	תטפסנה	2	FUT.2FPL|FUT.3FPL		False	PIEL
unvocalized	LX-2e3caa094d:U1	LX-2e3caa094d	חיית	2	PST.2MSG|PST.2FSG	PST.2MSG|PST.2FSG	False	PAAL
unvocalized	LX-2e3caa094d:U2	LX-2e3caa094d	חי	2	PST.3MSG|PRS.MSG	PST.3MSG	True	PAAL
unvocalized	LX-2e3caa094d:U3	LX-2e3caa094d	חיו	2	PST.3PL|IMP.2MPL	PST.3PL	True	PAAL
unvocalized	LX-2e3caa094d:U4	LX-2e3caa094d	חיה	2	PRS.FSG|IMP.2MSG		True	PAAL
unvocalized	LX-2e3caa094d:U5	LX-2e3caa094d	תחיה	2	FUT.2MSG|FUT.3FSG		False	PAAL
unvocalized	LX-2e3caa094d:U6	LX-2e3caa094d	תחיינה	2	FUT.2FPL|FUT.3FPL		False	PAAL
unvocalized	LX-2e8b88fd4d:U1	LX-2e8b88fd4d	גרמת	2	PST.2MSG|PST.2FSG	PST.2MSG|PST.2FSG	False	PAAL
unvocalized	LX-2e8b88fd4d:U2	LX-2e8b88fd4d	גרמו	2	PST.3PL|IMP.2MPL	PST.3PL	True	PAAL
unvocalized	LX-2e8b88fd4d:U3	LX-2e8b88fd4d	תגרום	2	FUT.2MSG|FUT.3FSG		False	PAAL
unvocalized	LX-2e8b88fd4d:U4	LX-2e8b88fd4d	תגרומנה	2	FUT.2FPL|FUT.3FPL		False	PAAL
unvocalized	LX-2e98c0beb0:U1	LX-2e98c0beb0	התפשטת	2	PST.2MSG|PST.2FSG	PST.2MSG|PST.2FSG	False	HITPAEL
unvocalized	LX-2e98c0beb0:U2	LX-2e98c0beb0	התפשט	2	PST.3MSG|IMP.2MSG	PST.3MSG	True	HITPAEL
unvocalized	LX-2e98c0beb0:U3	LX-2e98c0beb0	התפשטו	2	PST.3PL|IMP.2MPL	PST.3PL	True	HITPAEL
unvocalized	LX-2e98c0beb0:U4	LX-2e98c0beb0	תתפשט	2	FUT.2MSG|FUT.3FSG		False	HITPAEL
unvocalized	LX-2e98c0beb0:U5	LX-2e98c0beb0	תתפשטנה	2	FUT.2FPL|FUT.3FPL		False	HITPAEL
unvocalized	LX-2e9e13f5fe:U1	LX-2e9e13f5fe	הסתכלת	2	PST.2MSG|PST.2FSG	PST.2MSG|PST.2FSG	False	HITPAEL
unvocalized	LX-2e9e13f5fe:U2	LX-2e9e13f5fe	הסתכל	2	PST.3MSG|IMP.2MSG	PST.3MSG	True	HITPAEL
unvocalized	LX-2e9e13f5fe:U3	LX-2e9e13f5fe	הסתכלו	2	PST.3PL|IMP.2MPL	PST.3PL	True	HITPAEL
unvocalized	LX-2e9e13f5fe:U4	LX-2e9e13f5fe	תסתכל	2	FUT.2MSG|FUT.3FSG		False	HITPAEL
unvocalized	LX-2e9e13f5fe:U5	LX-2e9e13f5fe	תסתכלנה	2	FUT.2FPL|FUT.3FPL		False	HITPAEL
unvocalized	LX-2eabea208f:U1	LX-2eabea208f	השחמת	2	PST.2MSG|PST.2FSG	PST.2MSG|PST.2FSG	False	
unvocalized	LX-2eabea208f:U2	LX-2eabea208f	השחימו	2	PST.3PL|IMP.2MPL	PST.3PL	True	
unvocalized	LX-2eabea208f:U3	LX-2eabea208f	תשחים	2	FUT.2MSG|FUT.3FSG		False	
unvocalized	LX-2eabea208f:U4	LX-2eabea208f	תשחמנה	2	FUT.2FPL|FUT.3FPL		False	
unvocalized	LX-2ec5f13385:U1	LX-2ec5f13385	ביארת	2	PST.2MSG|PST.2FSG	PST.2MSG|PST.2FSG	False	PIEL
unvocalized	LX-2ec5f13385:U2	LX-2ec5f13385	תבאר	2	FUT.2MSG|FUT.3FSG		False	PIEL
unvocalized	LX-2ec5f13385:U3	LX-2ec5f13385	תבארנה	2	FUT.2FPL|FUT.3FPL		False	PIEL
unvocalized	LX-2f20f9097a:U1	LX-2f20f9097a	ילדת	2	PST.2MSG|PST.2FSG	PST.2MSG|PST.2FSG	False	PAAL
unvocalized	LX-2f20f9097a:U2	LX-2f20f9097a	ילד	2	PST.3MSG|FUT.3MSG	PST.3MSG	True	PAAL
unvocalized	LX-2f20f9097a:U3	LX-2f20f9097a	ילדו	2	PST.3PL|FUT.3MPL	PST.3PL	True	PAAL
unvocalized	LX-2f20f9097a:U4	LX-2f20f9097a	תלד	2	FUT.2MSG|FUT.3FSG		False	PAAL
unvocalized	LX-2f20f9097a:U5	LX-2f20f9097a	תלדנה	2	FUT.2FPL|FUT.3FPL		False	PAAL
unvocalized	LX-2f77cbe54c:U1	LX-2f77cbe54c	השתפרת	2	PST.2MSG|PST.2FSG	PST.2MSG|PST.2FSG	False	
unvocalized	LX-2f77cbe54c:U2	LX-2f77cbe54c	השתפר	2	PST.3MSG|IMP.2MSG	PST.3MSG	True	
unvocalized	LX-2f77cbe54c:U3	LX-2f77cbe54c	השתפרו	2	PST.3PL|IMP.2MPL	PST.3PL	True	
unvocalized	LX-2f77cbe54c:U4	LX-2f77cbe54c	תשתפר	2	FUT.2MSG|FUT.3FSG		False	
unvocalized	LX-2f77cbe54c:U5	LX-2f77cbe54c	תשתפרנה	2	FUT.2FPL|FUT.3FPL		False	
unvocalized	LX-2f8a48da70:U1	LX-2f8a48da70	התקנאת	2	PST.2MSG|PST.2FSG	PST.2MSG|PST.2FSG	False	HITPAEL
unvocalized	LX-2f8a48da70:U2	LX-2f8a48da70	התקנא	2	PST.3MSG|IMP.2MSG	PST.3MSG	True	HITPAEL
unvocalized	LX-2f8a48da70:U3	LX-2f8a48da70	התקנאו	2	PST.3PL|IMP.2MPL	PST.3PL	True	HITPAEL
unvocalized	LX-2f8a48da70:U4	LX-2f8a48da70	תתקנא	2	FUT.2MSG|FUT.3FSG		False	HITPAEL
unvocalized	LX-2f8a48da70:U5	LX-2f8a48da70	תתקנאנה	2	FUT.2FPL|FUT.3FPL		False	HITPAEL
unvocalized	LX-2fc0487e27:U1	LX-2fc0487e27	בוטלת	2	PST.2MSG|PST.2FSG	PST.2MSG|PST.2FSG	False	PUAL
unvocalized	LX-2fc0487e27:U2	LX-2fc0487e27	תבוטל	2	FUT.2MSG|FUT.3FSG		False	PUAL
unvocalized	LX-2fc0487e27:U3	LX-2fc0487e27	תבוטלנה	2	FUT.2FPL|FUT.3FPL		False	PUAL
unvocalized	LX-2fc69aede1:U1	LX-2fc69aede1	התנערת	2	PST.2MSG|PST.2FSG	PST.2MSG|PST.2FSG	False	HITPAEL
unvocalized	LX-2fc69aede1:U2	LX-2fc69aede1	התנער	2	PST.3MSG|IMP.2MSG	PST.3MSG	True	HITPAEL
unvocalized	LX-2fc69aede1:U3	LX-2fc69aede1	התנערו	2	PST.3PL|IMP.2MPL	PST.3PL	True	HITPAEL
unvocalized	LX-2fc69aede1:U4	LX-2fc69aede1	תתנער	2	FUT.2MSG|FUT.3FSG		False	HITPAEL
unvocalized	LX-2fc69aede1:U5	LX-2fc69aede1	תתנערנה	2	FUT.2FPL|FUT.3FPL		False	HITPAEL
unvocalized	LX-3043db5936:U1	LX-3043db5936	דיגדגת	2	PST.2MSG|PST.2FSG	PST.2MSG|PST.2FSG	False	PIEL
unvocalized	LX-3043db5936:U2	LX-3043db5936	תדגדג	2	FUT.2MSG|FUT.3FSG		False	PIEL
unvocalized	LX-3043db5936:U3	LX-3043db5936	תדגדגנה	2	FUT.2FPL|FUT.3FPL		False	PIEL
unvocalized	LX-309ffe2abc:U1	LX-309ffe2abc	העפת	2	PST.2MSG|PST.2FSG	PST.2MSG|PST.2FSG	False	HIFIL
unvocalized	LX-309ffe2abc:U2	LX-309ffe2abc	העיפו	2	PST.3PL|IMP.2MPL	PST.3PL	True	HIFIL
unvocalized	LX-309ffe2abc:U3	LX-309ffe2abc	תעיף	2	FUT.2MSG|FUT.3FSG		False	HIFIL
unvocalized	LX-309ffe2abc:U4	LX-309ffe2abc	תעפנה	2	FUT.2FPL|FUT.3FPL		False	HIFIL
unvocalized	LX-31c701a1d6:U1	LX-31c701a1d6	איחדת	2	PST.2MSG|PST.2FSG	PST.2MSG|PST.2FSG	False	
unvocalized	LX-31c701a1d6:U2	LX-31c701a1d6	תאחד	2	FUT.2MSG|FUT.3FSG		False	
unvocalized	LX-31c701a1d6:U3	LX-31c701a1d6	תאחדנה	2	FUT.2FPL|FUT.3FPL		False	
unvocalized	LX-322406feb2:U1	LX-322406feb2	צדקת	2	PST.2MSG|PST.2FSG	PST.2MSG|PST.2FSG	False	PAAL
unvocalized	LX-322406feb2:U2	LX-322406feb2	צדק	2	PST.3MSG|IMP.2MSG	PST.3MSG	True	PAAL
unvocalized	LX-322406feb2:U3	LX-322406feb2	צדקו	2	PST.3PL|IMP.2MPL	PST.3PL	True	PAAL
unvocalized	LX-322406feb2:U4	LX-322406feb2	תצדק	2	FUT.2MSG|FUT.3FSG		False	PAAL
unvocalized	LX-322406feb2:U5	LX-322406feb2	תצדקנה	2	FUT.2FPL|FUT.3FPL		False	PAAL
unvocalized	LX-3266106ba0:U1	LX-3266106ba0	ירית	2	PST.2MSG|PST.2FSG	PST.2MSG|PST.2FSG	False	PAAL
unvocalized	LX-3266106ba0:U2	LX-3266106ba0	ירה	2	PST.3MSG|IMP.2MSG	PST.3MSG	True	PAAL
unvocalized	LX-3266106ba0:U3	LX-3266106ba0	ירו	2	PST.3PL|IMP.2MPL	PST.3PL	True	PAAL
unvocalized	LX-3266106ba0:U4	LX-3266106ba0	יורה	2	PRS.MSG|PRS.FSG		False	PAAL
unvocalized	LX-3266106ba0:U5	LX-3266106ba0	תירה	2	FUT.2MSG|FUT.3FSG		False	PAAL
unvocalized	LX-3266106ba0:U6	LX-3266106ba0	תירינה	2	FUT.2FPL|FUT.3FPL		False	PAAL
unvocalized	LX-32b5b7f907:U1	LX-32b5b7f907	שטת	2	PST.2MSG|PST.2FSG	PST.2MSG|PST.2FSG	False	PAAL
unvocalized	LX-32b5b7f907:U2	LX-32b5b7f907	שט	2	PST.3MSG|PRS.MSG	PST.3MSG	True	PAAL
unvocalized	LX-32b5b7f907:U3	LX-32b5b7f907	שטה	2	PST.3FSG|PRS.FSG	PST.3FSG	True	PAAL
unvocalized	LX-32b5b7f907:U4	LX-32b5b7f907	תשוט	2	FUT.2MSG|FUT.3FSG		False	PAAL
unvocalized	LX-32b5b7f907:U5	LX-32b5b7f907	תשוטנה	2	FUT.2FPL|FUT.3FPL		False	PAAL
unvocalized	LX-337650597b:U1	LX-337650597b	תירגלת	2	PST.2MSG|PST.2FSG	PST.2MSG|PST.2FSG	False	PIEL
unvocalized	LX-337650597b:U2	LX-337650597b	תתרגל	2	FUT.2MSG|FUT.3FSG		False	PIEL
unvocalized	LX-337650597b:U3	LX-337650597b	תתרגלנה	2	FUT.2FPL|FUT.3FPL		False	PIEL
unvocalized	LX-3474548eed:U1	LX-3474548eed	קוצרת	2	PST.2MSG|PST.2FSG	PST.2MSG|PST.2FSG	False	PUAL
unvocalized	LX-3474548eed:U2	LX-3474548eed	תקוצר	2	FUT.2MSG|FUT.3FSG		False	PUAL
unvocalized	LX-3474548eed:U3	LX-3474548eed	תקוצרנה	2	FUT.2FPL|FUT.3FPL		False	PUAL
unvocalized	LX-3523741b58:U1	LX-3523741b58	צדת	2	PST.2MSG|PST.2FSG	PST.2MSG|PST.2FSG	False	PAAL
unvocalized	LX-3523741b58:U2	LX-3523741b58	צד	2	PST.3MSG|PRS.MSG	PST.3MSG	True	PAAL
unvocalized	LX-3523741b58:U3	LX-3523741b58	צדה	2	PST.3FSG|PRS.FSG	PST.3FSG	True	PAAL
unvocalized	LX-3523741b58:U4	LX-3523741b58	תצוד	2	FUT.2MSG|FUT.3FSG		False	PAAL
unvocalized	LX-3523741b58:U5	LX-3523741b58	תצודנה	2	FUT.2FPL|FUT.3FPL		False	PAAL
unvocalized	LX-352715d8b0:U1	LX-352715d8b0	ערכת	2	PST.2MSG|PST.2FSG	PST.2MSG|PST.2FSG	False	PAAL
unvocalized	LX-352715d8b0:U2	LX-352715d8b0	ערכו	2	PST.3PL|IMP.2MPL	PST.3PL	True	PAAL
unvocalized	LX-352715d8b0:U3	LX-352715d8b0	תערוך	2	FUT.2MSG|FUT.3FSG		False	PAAL
unvocalized	LX-352715d8b0:U4	LX-352715d8b0	תערוכנה	2	FUT.2FPL|FUT.3FPL		False	PAAL
unvocalized	LX-35284df122:U1	LX-35284df122	שתקת	2	PST.2MSG|PST.2FSG	PST.2MSG|PST.2FSG	False	PAAL
unvocalized	LX-35284df122:U2	LX-35284df122	שתקו	2	PST.3PL|IMP.2MPL	PST.3PL	True	PAAL
unvocalized	LX-35284df122:U3	LX-35284df122	תשתוק	2	FUT.2MSG|FUT.3FSG		False	PAAL
unvocalized	LX-35284df122:U4	LX-35284df122	תשתוקנה	2	FUT.2FPL|FUT.3FPL		False	PAAL
unvocalized	LX-353c9b843f:U1	LX-353c9b843f	עישנת	2	PST.2MSG|PST.2FSG	PST.2MSG|PST.2FSG	False	PIEL
unvocalized	LX-353c9b843f:U2	LX-353c9b843f	עישנו	2	PST.1PL|PST.3PL	PST.1PL|PST.3PL	False	PIEL
unvocalized	LX-353c9b843f:U3	LX-353c9b843f	תעשן	2	FUT.2MSG|FUT.3FSG		False	PIEL
unvocalized	LX-353c9b843f:U4	LX-353c9b843f	תעשנה	2	FUT.2FPL|FUT.3FPL		False	PIEL
unvocalized	LX-35480bb99e:U1	LX-35480bb99e	הורדת	2	PST.2MSG|PST.2FSG	PST.2MSG|PST.2FSG	False	HIFIL
unvocalized	LX-35480bb99e:U2	LX-35480bb99e	הורידו	2	PST.3PL|IMP.2MPL	PST.3PL	True	HIFIL
unvocalized	LX-35480bb99e:U3	LX-35480bb99e	תוריד	2	FUT.2MSG|FUT.3FSG		False	HIFIL
unvocalized	LX-35480bb99e:U4	LX-35480bb99e	תורדנה	2	FUT.2FPL|FUT.3FPL		False	HIFIL
unvocalized	LX-355f14051c:U1	LX-355f14051c	פגעת	2	PST.2MSG|PST.2FSG	PST.2MSG|PST.2FSG	False	PAAL
unvocalized	LX-355f14051c:U2	LX-355f14051c	פגע	2	PST.3MSG|IMP.2MSG	PST.3MSG	True	PAAL
unvocalized	LX-355f14051c:U3	LX-355f14051c	פגעו	2	PST.3PL|IMP.2MPL	PST.3PL	True	PAAL
unvocalized	LX-355f14051c:U4	LX-355f14051c	תפגע	2	FUT.2MSG|FUT.3FSG		False	PAAL
unvocalized	LX-355f14051c:U5	LX-355f14051c	תפגענה	2	FUT.2FPL|FUT.3FPL		False	PAAL
unvocalized	LX-35741b5868:U1	LX-35741b5868	איזכרת	2	PST.2MSG|PST.2FSG	PST.2MSG|PST.2FSG	False	
unvocalized	LX-35741b5868:U2	LX-35741b5868	תאזכר	2	FUT.2MSG|FUT.3FSG		False	
unvocalized	LX-35741b5868:U3	LX-35741b5868	תאזכרנה	2	FUT.2FPL|FUT.3FPL		False	
unvocalized	LX-35856ad369:U1	LX-35856ad369	קטונת	2	PST.2MSG|PST.2FSG	PST.2MSG|PST.2FSG	False	PAAL
unvocalized	LX-35856ad369:U2	LX-35856ad369	קטנה	3	PST.3FSG|PRS.FSG|IMP.2FPL	PST.3FSG	True	PAAL
unvocalized	LX-35856ad369:U3	LX-35856ad369	קטנו	2	PST.3PL|IMP.2MPL	PST.3PL	True	PAAL
unvocalized	LX-35856ad369:U4	LX-35856ad369	קטן	2	PRS.MSG|IMP.2MSG		True	PAAL
unvocalized	LX-35856ad369:U5	LX-35856ad369	תקטן	2	FUT.2MSG|FUT.3FSG		False	PAAL
unvocalized	LX-35856ad369:U6	LX-35856ad369	תקטנה	2	FUT.2FPL|FUT.3FPL		False	PAAL
unvocalized	LX-359f94bcdb:U1	LX-359f94bcdb	כלית	2	PST.2MSG|PST.2FSG	PST.2MSG|PST.2FSG	False	PAAL
unvocalized	LX-359f94bcdb:U2	LX-359f94bcdb	כלה	4	PST.3MSG|PRS.MSG|PRS.FSG|IMP.2MSG	PST.3MSG	True	PAAL
unvocalized	LX-359f94bcdb:U3	LX-359f94bcdb	כלו	2	PST.3PL|IMP.2MPL	PST.3PL	True	PAAL
unvocalized	LX-359f94bcdb:U4	LX-359f94bcdb	תכלה	2	FUT.2MSG|FUT.3FSG		False	PAAL
unvocalized	LX-359f94bcdb:U5	LX-359f94bcdb	תכלינה	2	FUT.2FPL|FUT.3FPL		False	PAAL
unvocalized	LX-35a9911948:U1	LX-35a9911948	הבנת	2	PST.2MSG|PST.2FSG	PST.2MSG|PST.2FSG	False	HIFIL
unvocalized	LX-35a9911948:U2	LX-35a9911948	הבינו	2	PST.3PL|IMP.2MPL	PST.3PL	True	HIFIL
unvocalized	LX-35a9911948:U3	LX-35a9911948	תבין	2	FUT.2MSG|FUT.3FSG		False	HIFIL
unvocalized	LX-35a9911948:U4	LX-35a9911948	תבנה	2	FUT.2FPL|FUT.3FPL		False	HIFIL
unvocalized	LX-35a9911948:U5	LX-35a9911948	הבנה	2	IMP.2FPL|MSDR		True	HIFIL
unvocalized	LX-36154a9a6e:U1	LX-36154a9a6e	העטרת	2	PST.2MSG|PST.2FSG	PST.2MSG|PST.2FSG	False	
unvocalized	LX-36154a9a6e:U2	LX-36154a9a6e	העטירו	2	PST.3PL|IMP.2MPL	PST.3PL	True	
unvocalized	LX-36154a9a6e:U3	LX-36154a9a6e	תעטיר	2	FUT.2MSG|FUT.3FSG		False	
unvocalized	LX-36154a9a6e:U4	LX-36154a9a6e	תעטרנה	2	FUT.2FPL|FUT.3FPL		False	
unvocalized	LX-3649398165:U1	LX-3649398165	התרפאת	2	PST.2MSG|PST.2FSG	PST.2MSG|PST.2FSG	False	HITPAEL
unvocalized	LX-3649398165:U2	LX-3649398165	התרפא	2	PST.3MSG|IMP.2MSG	PST.3MSG	True	HITPAEL
unvocalized	LX-3649398165:U3	LX-3649398165	התרפאו	2	PST.3PL|IMP.2MPL	PST.3PL	True	HITPAEL
unvocalized	LX-3649398165:U4	LX-3649398165	תתרפא	2	FUT.2MSG|FUT.3FSG		False	HITPAEL
unvocalized	LX-3649398165:U5	LX-3649398165	תתרפאנה	2	FUT.2FPL|FUT.3FPL		False	HITPAEL
unvocalized	LX-365f2c8b45:U1	LX-365f2c8b45	הכנסת	2	PST.2MSG|PST.2FSG	PST.2MSG|PST.2FSG	False	HIFIL
unvocalized	LX-365f2c8b45:U2	LX-365f2c8b45	הכניסו	2	PST.3PL|IMP.2MPL	PST.3PL	True	HIFIL
unvocalized	LX-365f2c8b45:U3	LX-365f2c8b45	תכניס	2	FUT.2MSG|FUT.3FSG		False	HIFIL
unvocalized	LX-365f2c8b45:U4	LX-365f2c8b45	תכנסנה	2	FUT.2FPL|FUT.3FPL		False	HIFIL
unvocalized	LX-3777e4aec6:U1	LX-3777e4aec6	התנגדת	2	PST.2MSG|PST.2FSG	PST.2MSG|PST.2FSG	False	HITPAEL
unvocalized	LX-3777e4aec6:U2	LX-3777e4aec6	התנגד	2	PST.3MSG|IMP.2MSG	PST.3MSG	True	HITPAEL
unvocalized	LX-3777e4aec6:U3	LX-3777e4aec6	התנגדו	2	PST.3PL|IMP.2MPL	PST.3PL	True	HITPAEL
unvocalized	LX-3777e4aec6:U4	LX-3777e4aec6	תתנגד	2	FUT.2MSG|FUT.3FSG		False	HITPAEL
unvocalized	LX-3777e4aec6:U5	LX-3777e4aec6	תתנגדנה	2	FUT.2FPL|FUT.3FPL		False	HITPAEL
unvocalized	LX-37c3a23912:U1	LX-37c3a23912	הפשטת	2	PST.2MSG|PST.2FSG	PST.2MSG|PST.2FSG	False	HIFIL
unvocalized	LX-37c3a23912:U2	LX-37c3a23912	הפשיטו	2	PST.3PL|IMP.2MPL	PST.3PL	True	HIFIL
unvocalized	LX-37c3a23912:U3	LX-37c3a23912	תפשיט	2	FUT.2MSG|FUT.3FSG		False	HIFIL
unvocalized	LX-37c3a23912:U4	LX-37c3a23912	תפשטנה	2	FUT.2FPL|FUT.3FPL		False	HIFIL
unvocalized	LX-37d7967a61:U1	LX-37d7967a61	זימרת	2	PST.2MSG|PST.2FSG	PST.2MSG|PST.2FSG	False	PIEL
unvocalized	LX-37d7967a61:U2	LX-37d7967a61	זימרה	2	PST.3FSG|MSDR	PST.3FSG	True	PIEL
unvocalized	LX-37d7967a61:U3	LX-37d7967a61	תזמר	2	FUT.2MSG|FUT.3FSG		False	PIEL
unvocalized	LX-37d7967a61:U4	LX-37d7967a61	תזמרנה	2	FUT.2FPL|FUT.3FPL		False	PIEL
unvocalized	LX-3809f3d028:U1	LX-3809f3d028	שפעת	2	PST.2MSG|PST.2FSG	PST.2MSG|PST.2FSG	False	
unvocalized	LX-3809f3d028:U2	LX-3809f3d028	שפע	2	PST.3MSG|IMP.2MSG	PST.3MSG	True	
unvocalized	LX-3809f3d028:U3	LX-3809f3d028	שפעו	2	PST.3PL|IMP.2MPL	PST.3PL	True	
unvocalized	LX-3809f3d028:U4	LX-3809f3d028	תשפע	2	FUT.2MSG|FUT.3FSG		False	
unvocalized	LX-3809f3d028:U5	LX-3809f3d028	תשפענה	2	FUT.2FPL|FUT.3FPL		False	
unvocalized	LX-38ec517501:U1	LX-38ec517501	עקפת	2	PST.2MSG|PST.2FSG	PST.2MSG|PST.2FSG	False	PAAL
unvocalized	LX-38ec517501:U2	LX-38ec517501	עקפו	2	PST.3PL|IMP.2MPL	PST.3PL	True	PAAL
unvocalized	LX-38ec517501:U3	LX-38ec517501	תעקוף	2	FUT.2MSG|FUT.3FSG		False	PAAL
unvocalized	LX-38ec517501:U4	LX-38ec517501	תעקופנה	2	FUT.2FPL|FUT.3FPL		False	PAAL
unvocalized	LX-39491f25b2:U1	LX-39491f25b2	בידלת	2	PST.2MSG|PST.2FSG	PST.2MSG|PST.2FSG	False	PIEL
unvocalized	LX-39491f25b2:U2	LX-39491f25b2	תבדל	2	FUT.2MSG|FUT.3FSG		False	PIEL
unvocalized	LX-39491f25b2:U3	LX-39491f25b2	תבדלנה	2	FUT.2FPL|FUT.3FPL		False	PIEL
unvocalized	LX-3986a0a6c7:U1	LX-3986a0a6c7	הכנת	2	PST.2MSG|PST.2FSG	PST.2MSG|PST.2FSG	False	HIFIL
unvocalized	LX-3986a0a6c7:U2	LX-3986a0a6c7	הכינו	2	PST.3PL|IMP.2MPL	PST.3PL	True	HIFIL
unvocalized	LX-3986a0a6c7:U3	LX-3986a0a6c7	תכין	2	FUT.2MSG|FUT.3FSG		False	HIFIL
unvocalized	LX-3986a0a6c7:U4	LX-3986a0a6c7	תכנה	2	FUT.2FPL|FUT.3FPL		False	HIFIL
unvocalized	LX-3986a0a6c7:U5	LX-3986a0a6c7	הכנה	2	IMP.2FPL|MSDR		True	HIFIL
unvocalized	LX-39e26f5eec:U1	LX-39e26f5eec	הקלת	2	PST.2MSG|PST.2FSG	PST.2MSG|PST.2FSG	False	HIFIL
unvocalized	LX-39e26f5eec:U2	LX-39e26f5eec	הקל	2	PST.3MSG|IMP.2MSG	PST.3MSG	True	HIFIL
unvocalized	LX-39e26f5eec:U3	LX-39e26f5eec	הקלה	2	PST.3FSG|MSDR	PST.3FSG	True	HIFIL
unvocalized	LX-39e26f5eec:U4	LX-39e26f5eec	הקלו	2	PST.3PL|IMP.2MPL	PST.3PL	True	HIFIL
unvocalized	LX-39e26f5eec:U5	LX-39e26f5eec	תקל	2	FUT.2MSG|FUT.3FSG		False	HIFIL
unvocalized	LX-39e26f5eec:U6	LX-39e26f5eec	תקלנה	2	FUT.2FPL|FUT.3FPL		False	HIFIL
unvocalized	LX-3a6ffbd265:U1	LX-3a6ffbd265	נמאסת	3	PST.2MSG|PST.2FSG|PRS.FSG	PST.2MSG|PST.2FSG	True	
unvocalized	LX-3a6ffbd265:U2	LX-3a6ffbd265	נמאס	2	PST.3MSG|PRS.MSG	PST.3MSG	True	
unvocalized	LX-3a6ffbd265:U3	LX-3a6ffbd265	תימאס	2	FUT.2MSG|FUT.3FSG		False	
unvocalized	LX-3a6ffbd265:U4	LX-3a6ffbd265	תימאסנה	2	FUT.2FPL|FUT.3FPL		False	
unvocalized	LX-3ab283c35d:U1	LX-3ab283c35d	קראת	2	PST.2MSG|PST.2FSG	PST.2MSG|PST.2FSG	False	PAAL
unvocalized	LX-3ab283c35d:U2	LX-3ab283c35d	קרא	2	PST.3MSG|IMP.2MSG	PST.3MSG	True	PAAL
unvocalized	LX-3ab283c35d:U3	LX-3ab283c35d	קראו	2	PST.3PL|IMP.2MPL	PST.3PL	True	PAAL
unvocalized	LX-3ab283c35d:U4	LX-3ab283c35d	תקרא	2	FUT.2MSG|FUT.3FSG		False	PAAL
unvocalized	LX-3ab283c35d:U5	LX-3ab283c35d	תקראנה	2	FUT.2FPL|FUT.3FPL		False	PAAL
unvocalized	LX-3b2fdf89d4:U1	LX-3b2fdf89d4	הוסעת	2	PST.2MSG|PST.2FSG	PST.2MSG|PST.2FSG	False	HUFAL
unvocalized	LX-3b2fdf89d4:U2	LX-3b2fdf89d4	תוסע	2	FUT.2MSG|FUT.3FSG		False	HUFAL
unvocalized	LX-3b2fdf89d4:U3	LX-3b2fdf89d4	תוסענה	2	FUT.2FPL|FUT.3FPL		False	HUFAL
unvocalized	LX-3b3c7aa2d2:U1	LX-3b3c7aa2d2	קיבלת	2	PST.2MSG|PST.2FSG	PST.2MSG|PST.2FSG	False	PIEL
unvocalized	LX-3b3c7aa2d2:U2	LX-3b3c7aa2d2	תקבל	2	FUT.2MSG|FUT.3FSG		False	PIEL
unvocalized	LX-3b3c7aa2d2:U3	LX-3b3c7aa2d2	תקבלנה	2	FUT.2FPL|FUT.3FPL		False	PIEL
unvocalized	LX-3b65295037:U1	LX-3b65295037	ריחפת	2	PST.2MSG|PST.2FSG	PST.2MSG|PST.2FSG	False	PIEL
unvocalized	LX-3b65295037:U2	LX-3b65295037	תרחף	2	FUT.2MSG|FUT.3FSG		False	PIEL
unvocalized	LX-3b65295037:U3	LX-3b65295037	תרחפנה	2	FUT.2FPL|FUT.3FPL		False	PIEL
unvocalized	LX-3bba7e3865:U1	LX-3bba7e3865	חיזקת	2	PST.2MSG|PST.2FSG	PST.2MSG|PST.2FSG	False	PIEL
unvocalized	LX-3bba7e3865:U2	LX-3bba7e3865	תחזק	2	FUT.2MSG|FUT.3FSG		False	PIEL
unvocalized	LX-3bba7e3865:U3	LX-3bba7e3865	תחזקנה	2	FUT.2FPL|FUT.3FPL		False	PIEL
unvocalized	LX-3bdc7b1e08:U1	LX-3bdc7b1e08	תוארת	2	PST.2MSG|PST.2FSG	PST.2MSG|PST.2FSG	False	
unvocalized	LX-3bdc7b1e08:U2	LX-3bdc7b1e08	תתואר	2	FUT.2MSG|FUT.3FSG		False	
unvocalized	LX-3bdc7b1e08:U3	LX-3bdc7b1e08	תתוארנה	2	FUT.2FPL|FUT.3FPL		False	
unvocalized	LX-3bfabf856f:U1	LX-3bfabf856f	להטת	2	PST.2MSG|PST.2FSG	PST.2MSG|PST.2FSG	False	PAAL
unvocalized	LX-3bfabf856f:U2	LX-3bfabf856f	להט	2	PST.3MSG|IMP.2MSG	PST.3MSG	True	PAAL
unvocalized	LX-3bfabf856f:U3	LX-3bfabf856f	להטו	2	PST.3PL|IMP.2MPL	PST.3PL	True	PAAL
unvocalized	LX-3bfabf856f:U4	LX-3bfabf856f	תלהט	2	FUT.2MSG|FUT.3FSG		False	PAAL
unvocalized	LX-3bfabf856f:U5	LX-3bfabf856f	תלהטנה	2	FUT.2FPL|FUT.3FPL		False	PAAL
unvocalized	LX-3c13146f11:U1	LX-3c13146f11	לשת	2	PST.2MSG|PST.2FSG	PST.2MSG|PST.2FSG	False	PAAL
unvocalized	LX-3c13146f11:U2	LX-3c13146f11	לש	2	PST.3MSG|PRS.MSG	PST.3MSG	True	PAAL
unvocalized	LX-3c13146f11:U3	LX-3c13146f11	לשה	2	PST.3FSG|PRS.FSG	PST.3FSG	True	PAAL
unvocalized	LX-3c13146f11:U4	LX-3c13146f11	תלוש	2	FUT.2MSG|FUT.3FSG		False	PAAL
unvocalized	LX-3c13146f11:U5	LX-3c13146f11	תלושנה	2	FUT.2FPL|FUT.3FPL		False	PAAL
unvocalized	LX-3c90c37a94:U1	LX-3c90c37a94	כיבדת	2	PST.2MSG|PST.2FSG	PST.2MSG|PST.2FSG	False	PIEL
unvocalized	LX-3c90c37a94:U2	LX-3c90c37a94	תכבד	2	FUT.2MSG|FUT.3FSG		False	PIEL
unvocalized	LX-3c90c37a94:U3	LX-3c90c37a94	תכבדנה	2	FUT.2FPL|FUT.3FPL		False	PIEL
unvocalized	LX-3ca9c15e47:U1	LX-3ca9c15e47	חלקת	2	PST.2MSG|PST.2FSG	PST.2MSG|PST.2FSG	False	PAAL
unvocalized	LX-3ca9c15e47:U2	LX-3ca9c15e47	חלקו	2	PST.3PL|IMP.2MPL	PST.3PL	True	PAAL
unvocalized	LX-3ca9c15e47:U3	LX-3ca9c15e47	תחלוק	2	FUT.2MSG|FUT.3FSG		False	PAAL
unvocalized	LX-3ca9c15e47:U4	LX-3ca9c15e47	תחלוקנה	2	FUT.2FPL|FUT.3FPL		False	PAAL
unvocalized	LX-3cd3d29812:U1	LX-3cd3d29812	זנת	2	PST.2MSG|PST.2FSG	PST.2MSG|PST.2FSG	False	PAAL
unvocalized	LX-3cd3d29812:U2	LX-3cd3d29812	זן	2	PST.3MSG|PRS.MSG	PST.3MSG	True	PAAL
unvocalized	LX-3cd3d29812:U3	LX-3cd3d29812	זנה	2	PST.3FSG|PRS.FSG	PST.3FSG	True	PAAL
unvocalized	LX-3cd3d29812:U4	LX-3cd3d29812	זנו	2	PST.1PL|PST.3PL	PST.1PL|PST.3PL	False	PAAL
unvocalized	LX-3cd3d29812:U5	LX-3cd3d29812	תזון	2	FUT.2MSG|FUT.3FSG		False	PAAL
unvocalized	LX-3cd3d29812:U6	LX-3cd3d29812	תזונה	2	FUT.2FPL|FUT.3FPL		False	PAAL
unvocalized	LX-3cd850778d:U1	LX-3cd850778d	דאית	2	PST.2MSG|PST.2FSG	PST.2MSG|PST.2FSG	False	PAAL
unvocalized	LX-3cd850778d:U2	LX-3cd850778d	דאה	2	PST.3MSG|IMP.2MSG	PST.3MSG	True	PAAL
unvocalized	LX-3cd850778d:U3	LX-3cd850778d	דאו	2	PST.3PL|IMP.2MPL	PST.3PL	True	PAAL
unvocalized	LX-3cd850778d:U4	LX-3cd850778d	דואה	2	PRS.MSG|PRS.FSG		False	PAAL
unvocalized	LX-3cd850778d:U5	LX-3cd850778d	תדאה	2	FUT.2MSG|FUT.3FSG		False	PAAL
unvocalized	LX-3cd850778d:U6	LX-3cd850778d	תדאינה	2	FUT.2FPL|FUT.3FPL		False	PAAL
unvocalized	LX-3d32f79efb:U1	LX-3d32f79efb	נקראת	3	PST.2MSG|PST.2FSG|PRS.FSG	PST.2MSG|PST.2FSG	True	NIFAL
unvocalized	LX-3d32f79efb:U2	LX-3d32f79efb	נקרא	2	PST.3MSG|PRS.MSG	PST.3MSG	True	NIFAL
unvocalized	LX-3d32f79efb:U3	LX-3d32f79efb	תיקרא	2	FUT.2MSG|FUT.3FSG		False	NIFAL
unvocalized	LX-3d32f79efb:U4	LX-3d32f79efb	תיקראנה	2	FUT.2FPL|FUT.3FPL		False	NIFAL
unvocalized	LX-3d3b9d1489:U1	LX-3d3b9d1489	אומללת	2	PST.2MSG|PST.2FSG	PST.2MSG|PST.2FSG	False	PUAL
unvocalized	LX-3d3b9d1489:U2	LX-3d3b9d1489	תאומלל	2	FUT.2MSG|FUT.3FSG		False	PUAL
unvocalized	LX-3d3b9d1489:U3	LX-3d3b9d1489	תאומללנה	2	FUT.2FPL|FUT.3FPL		False	PUAL
unvocalized	LX-3e6985e3c8:U1	LX-3e6985e3c8	הגעת	2	PST.2MSG|PST.2FSG	PST.2MSG|PST.2FSG	False	HIFIL
unvocalized	LX-3e6985e3c8:U2	LX-3e6985e3c8	הגיעו	2	PST.3PL|IMP.2MPL	PST.3PL	True	HIFIL
unvocalized	LX-3e6985e3c8:U3	LX-3e6985e3c8	תגיע	2	FUT.2MSG|FUT.3FSG		False	HIFIL
unvocalized	LX-3e6985e3c8:U4	LX-3e6985e3c8	תגענה	2	FUT.2FPL|FUT.3FPL		False	HIFIL
unvocalized	LX-3e6cdd925d:U1	LX-3e6cdd925d	התעצלת	2	PST.2MSG|PST.2FSG	PST.2MSG|PST.2FSG	False	HITPAEL
unvocalized	LX-3e6cdd925d:U2	LX-3e6cdd925d	התעצל	2	PST.3MSG|IMP.2MSG	PST.3MSG	True	HITPAEL
unvocalized	LX-3e6cdd925d:U3	LX-3e6cdd925d	התעצלו	2	PST.3PL|IMP.2MPL	PST.3PL	True	HITPAEL
unvocalized	LX-3e6cdd925d:U4	LX-3e6cdd925d	תתעצל	2	FUT.2MSG|FUT.3FSG		False	HITPAEL
unvocalized	LX-3e6cdd925d:U5	LX-3e6cdd925d	תתעצלנה	2	FUT.2FPL|FUT.3FPL		False	HITPAEL
unvocalized	LX-3e7578b8c1:U1	LX-3e7578b8c1	קפאת	2	PST.2MSG|PST.2FSG	PST.2MSG|PST.2FSG	False	PAAL
unvocalized	LX-3e7578b8c1:U2	LX-3e7578b8c1	קפא	2	PST.3MSG|IMP.2MSG	PST.3MSG	True	PAAL
unvocalized	LX-3e7578b8c1:U3	LX-3e7578b8c1	קפאו	2	PST.3PL|IMP.2MPL	PST.3PL	True	PAAL
unvocalized	LX-3e7578b8c1:U4	LX-3e7578b8c1	תקפא	2	FUT.2MSG|FUT.3FSG		False	PAAL
unvocalized	LX-3e7578b8c1:U5	LX-3e7578b8c1	תקפאנה	2	FUT.2FPL|FUT.3FPL		False	PAAL
unvocalized	LX-3e8d88da0b:U1	LX-3e8d88da0b	סיפקת	2	PST.2MSG|PST.2FSG	PST.2MSG|PST.2FSG	False	PIEL
unvocalized	LX-3e8d88da0b:U2	LX-3e8d88da0b	תספק	2	FUT.2MSG|FUT.3FSG		False	PIEL
unvocalized	LX-3e8d88da0b:U3	LX-3e8d88da0b	תספקנה	2	FUT.2FPL|FUT.3FPL		False	PIEL
unvocalized	LX-3eb546c813:U1	LX-3eb546c813	נחלת	2	PST.2MSG|PST.2FSG	PST.2MSG|PST.2FSG	False	PAAL
unvocalized	LX-3eb546c813:U2	LX-3eb546c813	נחל	2	PST.3MSG|IMP.2MSG	PST.3MSG	True	PAAL
unvocalized	LX-3eb546c813:U3	LX-3eb546c813	נחלה	2	PST.3FSG|MSDR	PST.3FSG	True	PAAL
unvocalized	LX-3eb546c813:U4	LX-3eb546c813	נחלו	2	PST.3PL|IMP.2MPL	PST.3PL	True	PAAL
unvocalized	LX-3eb546c813:U5	LX-3eb546c813	תנחל	2	FUT.2MSG|FUT.3FSG		False	PAAL
unvocalized	LX-3eb546c813:U6	LX-3eb546c813	תנחלנה	2	FUT.2FPL|FUT.3FPL		False	PAAL
unvocalized	LX-3edc7a821a:U1	LX-3edc7a821a	סיפחת	2	PST.2MSG|PST.2FSG	PST.2MSG|PST.2FSG	False	PIEL
unvocalized	LX-3edc7a821a:U2	LX-3edc7a821a	תספח	2	FUT.2MSG|FUT.3FSG		False	PIEL
unvocalized	LX-3edc7a821a:U3	LX-3edc7a821a	תספחנה	2	FUT.2FPL|FUT.3FPL		False	PIEL
unvocalized	LX-3f5b6cb239:U1	LX-3f5b6cb239	שלחת	2	PST.2MSG|PST.2FSG	PST.2MSG|PST.2FSG	False	PAAL
unvocalized	LX-3f5b6cb239:U2	LX-3f5b6cb239	שלח	2	PST.3MSG|IMP.2MSG	PST.3MSG	True	PAAL
unvocalized	LX-3f5b6cb239:U3	LX-3f5b6cb239	שלחו	2	PST.3PL|IMP.2MPL	PST.3PL	True	PAAL
unvocalized	LX-3f5b6cb239:U4	LX-3f5b6cb239	תשלח	2	FUT.2MSG|FUT.3FSG		False	PAAL
unvocalized	LX-3f5b6cb239:U5	LX-3f5b6cb239	תשלחנה	2	FUT.2FPL|FUT.3FPL		False	PAAL
unvocalized	LX-3f949f0d85:U1	LX-3f949f0d85	שלטת	2	PST.2MSG|PST.2FSG	PST.2MSG|PST.2FSG	False	PAAL
unvocalized	LX-3f949f0d85:U2	LX-3f949f0d85	שלטו	2	PST.3PL|IMP.2MPL	PST.3PL	True	PAAL
unvocalized	LX-3f949f0d85:U3	LX-3f949f0d85	תשלוט	2	FUT.2MSG|FUT.3FSG		False	PAAL
unvocalized	LX-3f949f0d85:U4	LX-3f949f0d85	תשלוטנה	2	FUT.2FPL|FUT.3FPL		False	PAAL
unvocalized	LX-3fb3906fc7:U1	LX-3fb3906fc7	עיגלת	2	PST.2MSG|PST.2FSG	PST.2MSG|PST.2FSG	False	
unvocalized	LX-3fb3906fc7:U2	LX-3fb3906fc7	תעגל	2	FUT.2MSG|FUT.3FSG		False	
unvocalized	LX-3fb3906fc7:U3	LX-3fb3906fc7	תעגלנה	2	FUT.2FPL|FUT.3FPL		False	
unvocalized	LX-3fe1ba1ad8:U1	LX-3fe1ba1ad8	גררת	2	PST.2MSG|PST.2FSG	PST.2MSG|PST.2FSG	False	PAAL
unvocalized	LX-3fe1ba1ad8:U2	LX-3fe1ba1ad8	גררו	2	PST.3PL|IMP.2MPL	PST.3PL	True	PAAL
unvocalized	LX-3fe1ba1ad8:U3	LX-3fe1ba1ad8	תגרור	2	FUT.2MSG|FUT.3FSG		False	PAAL
unvocalized	LX-3fe1ba1ad8:U4	LX-3fe1ba1ad8	תגרורנה	2	FUT.2FPL|FUT.3FPL		False	PAAL
unvocalized	LX-3ff057211f:U1	LX-3ff057211f	עצרת	2	PST.2MSG|PST.2FSG	PST.2MSG|PST.2FSG	False	PAAL
unvocalized	LX-3ff057211f:U2	LX-3ff057211f	עצרו	2	PST.3PL|IMP.2MPL	PST.3PL	True	PAAL
unvocalized	LX-3ff057211f:U3	LX-3ff057211f	תעצור	2	FUT.2MSG|FUT.3FSG		False	PAAL
unvocalized	LX-3ff057211f:U4	LX-3ff057211f	תעצורנה	2	FUT.2FPL|FUT.3FPL		False	PAAL
unvocalized	LX-40049570f0:U1	LX-40049570f0	נאבקת	3	PST.2MSG|PST.2FSG|PRS.FSG	PST.2MSG|PST.2FSG	True	NIFAL
unvocalized	LX-40049570f0:U2	LX-40049570f0	נאבק	2	PST.3MSG|PRS.MSG	PST.3MSG	True	NIFAL
unvocalized	LX-40049570f0:U3	LX-40049570f0	תיאבק	2	FUT.2MSG|FUT.3FSG		False	NIFAL
unvocalized	LX-40049570f0:U4	LX-40049570f0	תיאבקנה	2	FUT.2FPL|FUT.3FPL		False	NIFAL
unvocalized	LX-40563ba9c5:U1	LX-40563ba9c5	גילית	2	PST.2MSG|PST.2FSG	PST.2MSG|PST.2FSG	False	PIEL
unvocalized	LX-40563ba9c5:U2	LX-40563ba9c5	מגלה	2	PRS.MSG|PRS.FSG		False	PIEL
unvocalized	LX-40563ba9c5:U3	LX-40563ba9c5	תגלה	2	FUT.2MSG|FUT.3FSG		False	PIEL
unvocalized	LX-40563ba9c5:U4	LX-40563ba9c5	תגלינה	2	FUT.2FPL|FUT.3FPL		False	PIEL
unvocalized	LX-410026e5d5:U1	LX-410026e5d5	התנכרת	2	PST.2MSG|PST.2FSG	PST.2MSG|PST.2FSG	False	HITPAEL
unvocalized	LX-410026e5d5:U2	LX-410026e5d5	התנכר	2	PST.3MSG|IMP.2MSG	PST.3MSG	True	HITPAEL
unvocalized	LX-410026e5d5:U3	LX-410026e5d5	התנכרו	2	PST.3PL|IMP.2MPL	PST.3PL	True	HITPAEL
unvocalized	LX-410026e5d5:U4	LX-410026e5d5	תתנכר	2	FUT.2MSG|FUT.3FSG		False	HITPAEL
unvocalized	LX-410026e5d5:U5	LX-410026e5d5	תתנכרנה	2	FUT.2FPL|FUT.3FPL		False	HITPAEL
unvocalized	LX-4132cb40c8:U1	LX-4132cb40c8	השהית	2	PST.2MSG|PST.2FSG	PST.2MSG|PST.2FSG	False	HIFIL
unvocalized	LX-4132cb40c8:U2	LX-4132cb40c8	השהה	2	PST.3MSG|IMP.2MSG	PST.3MSG	True	HIFIL
unvocalized	LX-4132cb40c8:U3	LX-4132cb40c8	השהו	2	PST.3PL|IMP.2MPL	PST.3PL	True	HIFIL
unvocalized	LX-4132cb40c8:U4	LX-4132cb40c8	משהה	2	PRS.MSG|PRS.FSG		False	HIFIL
unvocalized	LX-4132cb40c8:U5	LX-4132cb40c8	תשהה	2	FUT.2MSG|FUT.3FSG		False	HIFIL
unvocalized	LX-4132cb40c8:U6	LX-4132cb40c8	תשהינה	2	FUT.2FPL|FUT.3FPL		False	HIFIL
unvocalized	LX-4141dae76a:U1	LX-4141dae76a	ליבבת	2	PST.2MSG|PST.2FSG	PST.2MSG|PST.2FSG	False	PIEL
unvocalized	LX-4141dae76a:U2	LX-4141dae76a	תלבב	2	FUT.2MSG|FUT.3FSG		False	PIEL
unvocalized	LX-4141dae76a:U3	LX-4141dae76a	תלבבנה	2	FUT.2FPL|FUT.3FPL		False	PIEL
unvocalized	LX-415c771e37:U1	LX-415c771e37	ניקית	2	PST.2MSG|PST.2FSG	PST.2MSG|PST.2FSG	False	
unvocalized	LX-415c771e37:U2	LX-415c771e37	מנקה	2	PRS.MSG|PRS.FSG		False	
unvocalized	LX-415c771e37:U3	LX-415c771e37	תנקה	2	FUT.2MSG|FUT.3FSG		False	
unvocalized	LX-415c771e37:U4	LX-415c771e37	תנקינה	2	FUT.2FPL|FUT.3FPL		False	
unvocalized	LX-41a9722335:U1	LX-41a9722335	הכשרת	2	PST.2MSG|PST.2FSG	PST.2MSG|PST.2FSG	False	HIFIL
unvocalized	LX-41a9722335:U2	LX-41a9722335	הכשירו	2	PST.3PL|IMP.2MPL	PST.3PL	True	HIFIL
unvocalized	LX-41a9722335:U3	LX-41a9722335	תכשיר	2	FUT.2MSG|FUT.3FSG		False	HIFIL
unvocalized	LX-41a9722335:U4	LX-41a9722335	תכשרנה	2	FUT.2FPL|FUT.3FPL		False	HIFIL
unvocalized	LX-41b6c6ff2a:U1	LX-41b6c6ff2a	נכתבת	3	PST.2MSG|PST.2FSG|PRS.FSG	PST.2MSG|PST.2FSG	True	NIFAL
unvocalized	LX-41b6c6ff2a:U2	LX-41b6c6ff2a	נכתב	2	PST.3MSG|PRS.MSG	PST.3MSG	True	NIFAL
unvocalized	LX-41b6c6ff2a:U3	LX-41b6c6ff2a	תיכתב	2	FUT.2MSG|FUT.3FSG		False	NIFAL
unvocalized	LX-41b6c6ff2a:U4	LX-41b6c6ff2a	תיכתבנה	2	FUT.2FPL|FUT.3FPL		False	NIFAL
unvocalized	LX-41b7b50d45:U1	LX-41b7b50d45	נחשבת	3	PST.2MSG|PST.2FSG|PRS.FSG	PST.2MSG|PST.2FSG	True	NIFAL
unvocalized	LX-41b7b50d45:U2	LX-41b7b50d45	נחשב	2	PST.3MSG|PRS.MSG	PST.3MSG	True	NIFAL
unvocalized	LX-41b7b50d45:U3	LX-41b7b50d45	תיחשב	2	FUT.2MSG|FUT.3FSG		False	NIFAL
unvocalized	LX-41b7b50d45:U4	LX-41b7b50d45	תיחשבנה	2	FUT.2FPL|FUT.3FPL		False	NIFAL
unvocalized	LX-41b87943ab:U1	LX-41b87943ab	שיתקת	2	PST.2MSG|PST.2FSG	PST.2MSG|PST.2FSG	False	PIEL
unvocalized	LX-41b87943ab:U2	LX-41b87943ab	תשתק	2	FUT.2MSG|FUT.3FSG		False	PIEL
unvocalized	LX-41b87943ab:U3	LX-41b87943ab	תשתקנה	2	FUT.2FPL|FUT.3FPL		False	PIEL
unvocalized	LX-425fc073a9:U1	LX-425fc073a9	טחנת	2	PST.2MSG|PST.2FSG	PST.2MSG|PST.2FSG	False	PAAL
unvocalized	LX-425fc073a9:U2	LX-425fc073a9	טחן	2	PST.3MSG|IMP.2MSG	PST.3MSG	True	PAAL
unvocalized	LX-425fc073a9:U3	LX-425fc073a9	טחנה	2	PST.3FSG|IMP.2FPL	PST.3FSG	True	PAAL
unvocalized	LX-425fc073a9:U4	LX-425fc073a9	טחנו	3	PST.1PL|PST.3PL|IMP.2MPL	PST.1PL|PST.3PL	True	PAAL
unvocalized	LX-425fc073a9:U5	LX-425fc073a9	תטחן	2	FUT.2MSG|FUT.3FSG		False	PAAL
unvocalized	LX-425fc073a9:U6	LX-425fc073a9	תטחנה	2	FUT.2FPL|FUT.3FPL		False	PAAL
unvocalized	LX-427a88d327:U1	LX-427a88d327	ציפית	2	PST.2MSG|PST.2FSG	PST.2MSG|PST.2FSG	False	PIEL
unvocalized	LX-427a88d327:U2	LX-427a88d327	מצפה	2	PRS.MSG|PRS.FSG		False	PIEL
unvocalized	LX-427a88d327:U3	LX-427a88d327	תצפה	2	FUT.2MSG|FUT.3FSG		False	PIEL
unvocalized	LX-427a88d327:U4	LX-427a88d327	תצפינה	2	FUT.2FPL|FUT.3FPL		False	PIEL
unvocalized	LX-42b57ae79e:U1	LX-42b57ae79e	דפקת	2	PST.2MSG|PST.2FSG	PST.2MSG|PST.2FSG	False	PAAL
unvocalized	LX-42b57ae79e:U2	LX-42b57ae79e	דפקו	2	PST.3PL|IMP.2MPL	PST.3PL	True	PAAL
unvocalized	LX-42b57ae79e:U3	LX-42b57ae79e	תדפוק	2	FUT.2MSG|FUT.3FSG		False	PAAL
unvocalized	LX-42b57ae79e:U4	LX-42b57ae79e	תדפוקנה	2	FUT.2FPL|FUT.3FPL		False	PAAL
unvocalized	LX-42d535a285:U1	LX-42d535a285	שתת	2	PST.2MSG|PST.2FSG	PST.2MSG|PST.2FSG	False	PAAL
unvocalized	LX-42d535a285:U2	LX-42d535a285	שת	2	PST.3MSG|PRS.MSG	PST.3MSG	True	PAAL
unvocalized	LX-42d535a285:U3	LX-42d535a285	שתה	2	PST.3FSG|PRS.FSG	PST.3FSG	True	PAAL
unvocalized	LX-42d535a285:U4	LX-42d535a285	תשית	2	FUT.2MSG|FUT.3FSG		False	PAAL
unvocalized	LX-42d535a285:U5	LX-42d535a285	תשתנה	2	FUT.2FPL|FUT.3FPL		False	PAAL
unvocalized	LX-42e21a560a:U1	LX-42e21a560a	הצלת	2	PST.2MSG|PST.2FSG	PST.2MSG|PST.2FSG	False	HIFIL
unvocalized	LX-42e21a560a:U2	LX-42e21a560a	הצל	2	PST.3MSG|IMP.2MSG	PST.3MSG	True	HIFIL
unvocalized	LX-42e21a560a:U3	LX-42e21a560a	הצלו	2	PST.3PL|IMP.2MPL	PST.3PL	True	HIFIL
unvocalized	LX-42e21a560a:U4	LX-42e21a560a	תצל	2	FUT.2MSG|FUT.3FSG		False	HIFIL
unvocalized	LX-42e21a560a:U5	LX-42e21a560a	תצלנה	2	FUT.2FPL|FUT.3FPL		False	HIFIL
unvocalized	LX-433573875b:U1	LX-433573875b	התרוממת	2	PST.2MSG|PST.2FSG	PST.2MSG|PST.2FSG	False	HITPAEL
unvocalized	LX-433573875b:U2	LX-433573875b	התרומם	2	PST.3MSG|IMP.2MSG	PST.3MSG	True	HITPAEL
unvocalized	LX-433573875b:U3	LX-433573875b	התרוממו	2	PST.3PL|IMP.2MPL	PST.3PL	True	HITPAEL
unvocalized	LX-433573875b:U4	LX-433573875b	תתרומם	2	FUT.2MSG|FUT.3FSG		False	HITPAEL
unvocalized	LX-433573875b:U5	LX-433573875b	תתרוממנה	2	FUT.2FPL|FUT.3FPL		False	HITPAEL
unvocalized	LX-43375698ae:U1	LX-43375698ae	האבסת	2	PST.2MSG|PST.2FSG	PST.2MSG|PST.2FSG	False	
unvocalized	LX-43375698ae:U2	LX-43375698ae	האביסו	2	PST.3PL|IMP.2MPL	PST.3PL	True	
unvocalized	LX-43375698ae:U3	LX-43375698ae	תאביס	2	FUT.2MSG|FUT.3FSG		False	
unvocalized	LX-43375698ae:U4	LX-43375698ae	תאבסנה	2	FUT.2FPL|FUT.3FPL		False	
unvocalized	LX-434ead63cf:U1	LX-434ead63cf	דנת	2	PST.2MSG|PST.2FSG	PST.2MSG|PST.2FSG	False	PAAL
unvocalized	LX-434ead63cf:U2	LX-434ead63cf	דן	2	PST.3MSG|PRS.MSG	PST.3MSG	True	PAAL
unvocalized	LX-434ead63cf:U3	LX-434ead63cf	דנה	2	PST.3FSG|PRS.FSG	PST.3FSG	True	PAAL
unvocalized	LX-434ead63cf:U4	LX-434ead63cf	דנו	2	PST.1PL|PST.3PL	PST.1PL|PST.3PL	False	PAAL
unvocalized	LX-434ead63cf:U5	LX-434ead63cf	תדון	2	FUT.2MSG|FUT.3FSG		False	PAAL
unvocalized	LX-434ead63cf:U6	LX-434ead63cf	תדונה	2	FUT.2FPL|FUT.3FPL		False	PAAL
unvocalized	LX-435ebe95bf:U1	LX-435ebe95bf	הגית	2	PST.2MSG|PST.2FSG	PST.2MSG|PST.2FSG	False	PAAL
unvocalized	LX-435ebe95bf:U2	LX-435ebe95bf	הגה	2	PST.3MSG|IMP.2MSG	PST.3MSG	True	PAAL
unvocalized	LX-435ebe95bf:U3	LX-435ebe95bf	הגו	2	PST.3PL|IMP.2MPL	PST.3PL	True	PAAL
unvocalized	LX-435ebe95bf:U4	LX-435ebe95bf	הוגה	2	PRS.MSG|PRS.FSG		False	PAAL
unvocalized	LX-435ebe95bf:U5	LX-435ebe95bf	תהגה	2	FUT.2MSG|FUT.3FSG		False	PAAL
unvocalized	LX-435ebe95bf:U6	LX-435ebe95bf	תהגינה	2	FUT.2FPL|FUT.3FPL		False	PAAL
unvocalized	LX-43844d32e9:U1	LX-43844d32e9	שרדת	2	PST.2MSG|PST.2FSG	PST.2MSG|PST.2FSG	False	PAAL
unvocalized	LX-43844d32e9:U2	LX-43844d32e9	שרדו	2	PST.3PL|IMP.2MPL	PST.3PL	True	PAAL
unvocalized	LX-43844d32e9:U3	LX-43844d32e9	תשרוד	2	FUT.2MSG|FUT.3FSG		False	PAAL
unvocalized	LX-43844d32e9:U4	LX-43844d32e9	תשרודנה	2	FUT.2FPL|FUT.3FPL		False	PAAL
unvocalized	LX-4384a81da4:U1	LX-4384a81da4	נבחת	2	PST.2MSG|PST.2FSG	PST.2MSG|PST.2FSG	False	PAAL
unvocalized	LX-4384a81da4:U2	LX-4384a81da4	נבח	2	PST.3MSG|IMP.2MSG	PST.3MSG	True	PAAL
unvocalized	LX-4384a81da4:U3	LX-4384a81da4	נבחו	2	PST.3PL|IMP.2MPL	PST.3PL	True	PAAL
unvocalized	LX-4384a81da4:U4	LX-4384a81da4	תיבח	2	FUT.2MSG|FUT.3FSG		False	PAAL
unvocalized	LX-4384a81da4:U5	LX-4384a81da4	תיבחנה	2	FUT.2FPL|FUT.3FPL		False	PAAL
unvocalized	LX-4389401c2e:U1	LX-4389401c2e	שמרת	2	PST.2MSG|PST.2FSG	PST.2MSG|PST.2FSG	False	PAAL
unvocalized	LX-4389401c2e:U2	LX-4389401c2e	שמרו	2	PST.3PL|IMP.2MPL	PST.3PL	True	PAAL
unvocalized	LX-4389401c2e:U3	LX-4389401c2e	תשמור	2	FUT.2MSG|FUT.3FSG		False	PAAL
unvocalized	LX-4389401c2e:U4	LX-4389401c2e	תשמורנה	2	FUT.2FPL|FUT.3FPL		False	PAAL
unvocalized	LX-43b63e2ddb:U1	LX-43b63e2ddb	אפית	2	PST.2MSG|PST.2FSG	PST.2MSG|PST.2FSG	False	PAAL
unvocalized	LX-43b63e2ddb:U2	LX-43b63e2ddb	אפה	2	PST.3MSG|IMP.2MSG	PST.3MSG	True	PAAL
unvocalized	LX-43b63e2ddb:U3	LX-43b63e2ddb	אפו	2	PST.3PL|IMP.2MPL	PST.3PL	True	PAAL
unvocalized	LX-43b63e2ddb:U4	LX-43b63e2ddb	אופה	3	PRS.MSG|PRS.FSG|FUT.1SG		True	PAAL
unvocalized	LX-43b63e2ddb:U5	LX-43b63e2ddb	תאפה	2	FUT.2MSG|FUT.3FSG		False	PAAL
unvocalized	LX-43b63e2ddb:U6	LX-43b63e2ddb	תאפינה	2	FUT.2FPL|FUT.3FPL		False	PAAL
unvocalized	LX-43d85a6bb4:U1	LX-43d85a6bb4	פרית	2	PST.2MSG|PST.2FSG	PST.2MSG|PST.2FSG	False	PAAL
unvocalized	LX-43d85a6bb4:U2	LX-43d85a6bb4	פרה	2	PST.3MSG|IMP.2MSG	PST.3MSG	True	PAAL
unvocalized	LX-43d85a6bb4:U3	LX-43d85a6bb4	פרו	2	PST.3PL|IMP.2MPL	PST.3PL	True	PAAL
unvocalized	LX-43d85a6bb4:U4	LX-43d85a6bb4	פורה	2	PRS.MSG|PRS.FSG		False	PAAL
unvocalized	LX-43d85a6bb4:U5	LX-43d85a6bb4	תפרה	2	FUT.2MSG|FUT.3FSG		False	PAAL
unvocalized	LX-43d85a6bb4:U6	LX-43d85a6bb4	תפרינה	2	FUT.2FPL|FUT.3FPL		False	PAAL
unvocalized	LX-43eebe26ce:U1	LX-43eebe26ce	פרשת	2	PST.2MSG|PST.2FSG	PST.2MSG|PST.2FSG	False	PAAL
unvocalized	LX-43eebe26ce:U2	LX-43eebe26ce	פרשו	2	PST.3PL|IMP.2MPL	PST.3PL	True	PAAL
unvocalized	LX-43eebe26ce:U3	LX-43eebe26ce	תפרוש	2	FUT.2MSG|FUT.3FSG		False	PAAL
unvocalized	LX-43eebe26ce:U4	LX-43eebe26ce	תפרושנה	2	FUT.2FPL|FUT.3FPL		False	PAAL
unvocalized	LX-445cda1ca3:U1	LX-445cda1ca3	אצת	2	PST.2MSG|PST.2FSG	PST.2MSG|PST.2FSG	False	PAAL
unvocalized	LX-445cda1ca3:U2	LX-445cda1ca3	אץ	2	PST.3MSG|PRS.MSG	PST.3MSG	True	PAAL
unvocalized	LX-445cda1ca3:U3	LX-445cda1ca3	אצה	2	PST.3FSG|PRS.FSG	PST.3FSG	True	PAAL
unvocalized	LX-445cda1ca3:U4	LX-445cda1ca3	תאוץ	2	FUT.2MSG|FUT.3FSG		False	PAAL
unvocalized	LX-445cda1ca3:U5	LX-445cda1ca3	תאוצנה	2	FUT.2FPL|FUT.3FPL		False	PAAL
unvocalized	LX-44614d31d8:U1	LX-44614d31d8	גימדת	2	PST.2MSG|PST.2FSG	PST.2MSG|PST.2FSG	False	PIEL
unvocalized	LX-44614d31d8:U2	LX-44614d31d8	תגמד	2	FUT.2MSG|FUT.3FSG		False	PIEL
unvocalized	LX-44614d31d8:U3	LX-44614d31d8	תגמדנה	2	FUT.2FPL|FUT.3FPL		False	PIEL
unvocalized	LX-4474e9fa7e:U1	LX-4474e9fa7e	זיעזעת	2	PST.2MSG|PST.2FSG	PST.2MSG|PST.2FSG	False	PIEL
unvocalized	LX-4474e9fa7e:U2	LX-4474e9fa7e	תזעזע	2	FUT.2MSG|FUT.3FSG		False	PIEL
unvocalized	LX-4474e9fa7e:U3	LX-4474e9fa7e	תזעזענה	2	FUT.2FPL|FUT.3FPL		False	PIEL
unvocalized	LX-4481f5d610:U1	LX-4481f5d610	רופדת	2	PST.2MSG|PST.2FSG	PST.2MSG|PST.2FSG	False	
unvocalized	LX-4481f5d610:U2	LX-4481f5d610	תרופד	2	FUT.2MSG|FUT.3FSG		False	
unvocalized	LX-4481f5d610:U3	LX-4481f5d610	תרופדנה	2	FUT.2FPL|FUT.3FPL		False	
unvocalized	LX-448ed27093:U1	LX-448ed27093	תיבלת	2	PST.2MSG|PST.2FSG	PST.2MSG|PST.2FSG	False	PIEL
unvocalized	LX-448ed27093:U2	LX-448ed27093	תתבל	2	FUT.2MSG|FUT.3FSG		False	PIEL
unvocalized	LX-448ed27093:U3	LX-448ed27093	תתבלנה	2	FUT.2FPL|FUT.3FPL		False	PIEL
unvocalized	LX-449289369e:U1	LX-449289369e	נפרדת	3	PST.2MSG|PST.2FSG|PRS.FSG	PST.2MSG|PST.2FSG	True	NIFAL
unvocalized	LX-449289369e:U2	LX-449289369e	נפרד	2	PST.3MSG|PRS.MSG	PST.3MSG	True	NIFAL
unvocalized	LX-449289369e:U3	LX-449289369e	תיפרד	2	FUT.2MSG|FUT.3FSG		False	NIFAL
unvocalized	LX-449289369e:U4	LX-449289369e	תיפרדנה	2	FUT.2FPL|FUT.3FPL		False	NIFAL
unvocalized	LX-44b810fc8a:U1	LX-44b810fc8a	תיכנתת	2	PST.2MSG|PST.2FSG	PST.2MSG|PST.2FSG	False	PIEL
unvocalized	LX-44b810fc8a:U2	LX-44b810fc8a	תתכנת	2	FUT.2MSG|FUT.3FSG		False	PIEL
unvocalized	LX-44b810fc8a:U3	LX-44b810fc8a	תתכנתנה	2	FUT.2FPL|FUT.3FPL		False	PIEL
unvocalized	LX-4505cd8989:U1	LX-4505cd8989	צוטטת	2	PST.2MSG|PST.2FSG	PST.2MSG|PST.2FSG	False	
unvocalized	LX-4505cd8989:U2	LX-4505cd8989	תצוטט	2	FUT.2MSG|FUT.3FSG		False	
unvocalized	LX-4505cd8989:U3	LX-4505cd8989	תצוטטנה	2	FUT.2FPL|FUT.3FPL		False	
unvocalized	LX-451e014656:U1	LX-451e014656	צונזרת	2	PST.2MSG|PST.2FSG	PST.2MSG|PST.2FSG	False	
unvocalized	LX-451e014656:U2	LX-451e014656	תצונזר	2	FUT.2MSG|FUT.3FSG		False	
unvocalized	LX-451e014656:U3	LX-451e014656	תצונזרנה	2	FUT.2FPL|FUT.3FPL		False	
unvocalized	LX-45354b3bf0:U1	LX-45354b3bf0	התעלית	2	PST.2MSG|PST.2FSG	PST.2MSG|PST.2FSG	False	HITPAEL
unvocalized	LX-45354b3bf0:U2	LX-45354b3bf0	התעלה	2	PST.3MSG|IMP.2MSG	PST.3MSG	True	HITPAEL
unvocalized	LX-45354b3bf0:U3	LX-45354b3bf0	התעלו	2	PST.3PL|IMP.2MPL	PST.3PL	True	HITPAEL
unvocalized	LX-45354b3bf0:U4	LX-45354b3bf0	מתעלה	2	PRS.MSG|PRS.FSG		False	HITPAEL
unvocalized	LX-45354b3bf0:U5	LX-45354b3bf0	תתעלה	2	FUT.2MSG|FUT.3FSG		False	HITPAEL
unvocalized	LX-45354b3bf0:U6	LX-45354b3bf0	תתעלינה	2	FUT.2FPL|FUT.3FPL		False	HITPAEL
unvocalized	LX-45483b9eef:U1	LX-45483b9eef	סיכמת	2	PST.2MSG|PST.2FSG	PST.2MSG|PST.2FSG	False	PIEL
unvocalized	LX-45483b9eef:U2	LX-45483b9eef	תסכם	2	FUT.2MSG|FUT.3FSG		False	PIEL
unvocalized	LX-45483b9eef:U3	LX-45483b9eef	תסכמנה	2	FUT.2FPL|FUT.3FPL		False	PIEL
unvocalized	LX-4589a8c915:U1	LX-4589a8c915	דבקת	2	PST.2MSG|PST.2FSG	PST.2MSG|PST.2FSG	False	PAAL
unvocalized	LX-4589a8c915:U2	LX-4589a8c915	דבק	2	PST.3MSG|IMP.2MSG	PST.3MSG	True	PAAL
unvocalized	LX-4589a8c915:U3	LX-4589a8c915	דבקו	2	PST.3PL|IMP.2MPL	PST.3PL	True	PAAL
unvocalized	LX-4589a8c915:U4	LX-4589a8c915	תדבק	2	FUT.2MSG|FUT.3FSG		False	PAAL
unvocalized	LX-4589a8c915:U5	LX-4589a8c915	תדבקנה	2	FUT.2FPL|FUT.3FPL		False	PAAL
unvocalized	LX-459e134ebb:U1	LX-459e134ebb	ניפצת	2	PST.2MSG|PST.2FSG	PST.2MSG|PST.2FSG	False	PIEL
unvocalized	LX-459e134ebb:U2	LX-459e134ebb	תנפץ	2	FUT.2MSG|FUT.3FSG		False	PIEL
unvocalized	LX-459e134ebb:U3	LX-459e134ebb	תנפצנה	2	FUT.2FPL|FUT.3FPL		False	PIEL
unvocalized	LX-45a1e26f59:U1	LX-45a1e26f59	הרגת	2	PST.2MSG|PST.2FSG	PST.2MSG|PST.2FSG	False	PAAL
unvocalized	LX-45a1e26f59:U2	LX-45a1e26f59	הרגו	2	PST.3PL|IMP.2MPL	PST.3PL	True	PAAL
unvocalized	LX-45a1e26f59:U3	LX-45a1e26f59	תהרוג	2	FUT.2MSG|FUT.3FSG		False	PAAL
unvocalized	LX-45a1e26f59:U4	LX-45a1e26f59	תהרוגנה	2	FUT.2FPL|FUT.3FPL		False	PAAL
unvocalized	LX-45ba3e59b3:U1	LX-45ba3e59b3	בוקרת	2	PST.2MSG|PST.2FSG	PST.2MSG|PST.2FSG	False	
unvocalized	LX-45ba3e59b3:U2	LX-45ba3e59b3	תבוקר	2	FUT.2MSG|FUT.3FSG		False	
unvocalized	LX-45ba3e59b3:U3	LX-45ba3e59b3	תבוקרנה	2	FUT.2FPL|FUT.3FPL		False	
unvocalized	LX-4615529d04:U1	LX-4615529d04	חלית	2	PST.2MSG|PST.2FSG	PST.2MSG|PST.2FSG	False	PAAL
unvocalized	LX-4615529d04:U2	LX-4615529d04	חלה	2	PST.3MSG|IMP.2MSG	PST.3MSG	True	PAAL
unvocalized	LX-4615529d04:U3	LX-4615529d04	חלו	2	PST.3PL|IMP.2MPL	PST.3PL	True	PAAL
unvocalized	LX-4615529d04:U4	LX-4615529d04	חולה	2	PRS.MSG|PRS.FSG		False	PAAL
unvocalized	LX-4615529d04:U5	LX-4615529d04	תחלה	2	FUT.2MSG|FUT.3FSG		False	PAAL
unvocalized	LX-4615529d04:U6	LX-4615529d04	תחלינה	2	FUT.2FPL|FUT.3FPL		False	PAAL
unvocalized	LX-46234064d7:U1	LX-46234064d7	שפטת	2	PST.2MSG|PST.2FSG	PST.2MSG|PST.2FSG	False	PAAL
unvocalized	LX-46234064d7:U2	LX-46234064d7	שפטו	2	PST.3PL|IMP.2MPL	PST.3PL	True	PAAL
unvocalized	LX-46234064d7:U3	LX-46234064d7	תשפוט	2	FUT.2MSG|FUT.3FSG		False	PAAL
unvocalized	LX-46234064d7:U4	LX-46234064d7	תשפוטנה	2	FUT.2FPL|FUT.3FPL		False	PAAL
unvocalized	LX-467ad555e3:U1	LX-467ad555e3	התאמצת	2	PST.2MSG|PST.2FSG	PST.2MSG|PST.2FSG	False	HITPAEL
unvocalized	LX-467ad555e3:U2	LX-467ad555e3	התאמץ	2	PST.3MSG|IMP.2MSG	PST.3MSG	True	HITPAEL
unvocalized	LX-467ad555e3:U3	LX-467ad555e3	התאמצו	2	PST.3PL|IMP.2MPL	PST.3PL	True	HITPAEL
unvocalized	LX-467ad555e3:U4	LX-467ad555e3	תתאמץ	2	FUT.2MSG|FUT.3FSG		False	HITPAEL
unvocalized	LX-467ad555e3:U5	LX-467ad555e3	תתאמצנה	2	FUT.2FPL|FUT.3FPL		False	HITPAEL
unvocalized	LX-468481ce44:U1	LX-468481ce44	התפתית	2	PST.2MSG|PST.2FSG	PST.2MSG|PST.2FSG	False	
unvocalized	LX-468481ce44:U2	LX-468481ce44	התפתה	2	PST.3MSG|IMP.2MSG	PST.3MSG	True	
unvocalized	LX-468481ce44:U3	LX-468481ce44	התפתו	2	PST.3PL|IMP.2MPL	PST.3PL	True	
unvocalized	LX-468481ce44:U4	LX-468481ce44	מתפתה	2	PRS.MSG|PRS.FSG		False	
unvocalized	LX-468481ce44:U5	LX-468481ce44	תתפתה	2	FUT.2MSG|FUT.3FSG		False	
unvocalized	LX-468481ce44:U6	LX-468481ce44	תתפתינה	2	FUT.2FPL|FUT.3FPL		False	
unvocalized	LX-470258a91e:U1	LX-470258a91e	נהגית	3	PST.2MSG|PST.2FSG|PRS.FSG	PST.2MSG|PST.2FSG	True	
unvocalized	LX-470258a91e:U2	LX-470258a91e	נהגה	2	PST.3MSG|PRS.MSG	PST.3MSG	True	
unvocalized	LX-470258a91e:U3	LX-470258a91e	תיהגה	2	FUT.2MSG|FUT.3FSG		False	
unvocalized	LX-470258a91e:U4	LX-470258a91e	תיהגינה	2	FUT.2FPL|FUT.3FPL		False	
unvocalized	LX-471a2d7289:U1	LX-471a2d7289	שותקת	2	PST.2MSG|PST.2FSG	PST.2MSG|PST.2FSG	False	PUAL
unvocalized	LX-471a2d7289:U2	LX-471a2d7289	תשותק	2	FUT.2MSG|FUT.3FSG		False	PUAL
unvocalized	LX-471a2d7289:U3	LX-471a2d7289	תשותקנה	2	FUT.2FPL|FUT.3FPL		False	PUAL
unvocalized	LX-473dcf4ef6:U1	LX-473dcf4ef6	ניכרת	2	PST.2MSG|PST.2FSG	PST.2MSG|PST.2FSG	False	PIEL
unvocalized	LX-473dcf4ef6:U2	LX-473dcf4ef6	תנכר	2	FUT.2MSG|FUT.3FSG		False	PIEL
unvocalized	LX-473dcf4ef6:U3	LX-473dcf4ef6	תנכרנה	2	FUT.2FPL|FUT.3FPL		False	PIEL
unvocalized	LX-473ee29c60:U1	LX-473ee29c60	סוככת	2	PST.2MSG|PST.2FSG	PST.2MSG|PST.2FSG	False	
unvocalized	LX-473ee29c60:U2	LX-473ee29c60	סוכך	2	PST.3MSG|IMP.2MSG	PST.3MSG	True	
unvocalized	LX-473ee29c60:U3	LX-473ee29c60	סוככו	2	PST.3PL|IMP.2MPL	PST.3PL	True	
unvocalized	LX-473ee29c60:U4	LX-473ee29c60	תסוכך	2	FUT.2MSG|FUT.3FSG		False	
unvocalized	LX-473ee29c60:U5	LX-473ee29c60	תסוככנה	2	FUT.2FPL|FUT.3FPL		False	
unvocalized	LX-47455ab9cc:U1	LX-47455ab9cc	הפלאת	2	PST.2MSG|PST.2FSG	PST.2MSG|PST.2FSG	False	
unvocalized	LX-47455ab9cc:U2	LX-47455ab9cc	הפליאו	2	PST.3PL|IMP.2MPL	PST.3PL	True	
unvocalized	LX-47455ab9cc:U3	LX-47455ab9cc	תפליא	2	FUT.2MSG|FUT.3FSG		False	
unvocalized	LX-47455ab9cc:U4	LX-47455ab9cc	תפלאנה	2	FUT.2FPL|FUT.3FPL		False	
unvocalized	LX-476b8a962e:U1	LX-476b8a962e	בזת	2	PST.2MSG|PST.2FSG	PST.2MSG|PST.2FSG	False	PAAL
unvocalized	LX-476b8a962e:U2	LX-476b8a962e	בז	2	PST.3MSG|PRS.MSG	PST.3MSG	True	PAAL
unvocalized	LX-476b8a962e:U3	LX-476b8a962e	בזה	2	PST.3FSG|PRS.FSG	PST.3FSG	True	PAAL
unvocalized	LX-476b8a962e:U4	LX-476b8a962e	תבוז	2	FUT.2MSG|FUT.3FSG		False	PAAL
unvocalized	LX-476b8a962e:U5	LX-476b8a962e	תבוזנה	2	FUT.2FPL|FUT.3FPL		False	PAAL
unvocalized	LX-476b8a962e:U6	LX-476b8a962e	בוז	2	IMP.2MSG|MSDR		True	PAAL
unvocalized	LX-479fe41b4f:U1	LX-479fe41b4f	ביאסת	2	PST.2MSG|PST.2FSG	PST.2MSG|PST.2FSG	False	PIEL
unvocalized	LX-479fe41b4f:U2	LX-479fe41b4f	תבאס	2	FUT.2MSG|FUT.3FSG		False	PIEL
unvocalized	LX-479fe41b4f:U3	LX-479fe41b4f	תבאסנה	2	FUT.2FPL|FUT.3FPL		False	PIEL
unvocalized	LX-47ab8e5eda:U1	LX-47ab8e5eda	השתנת	2	PST.2MSG|PST.2FSG	PST.2MSG|PST.2FSG	False	HIFIL
unvocalized	LX-47ab8e5eda:U2	LX-47ab8e5eda	השתינו	2	PST.3PL|IMP.2MPL	PST.3PL	True	HIFIL
unvocalized	LX-47ab8e5eda:U3	LX-47ab8e5eda	תשתין	2	FUT.2MSG|FUT.3FSG		False	HIFIL
unvocalized	LX-47ab8e5eda:U4	LX-47ab8e5eda	תשתנה	2	FUT.2FPL|FUT.3FPL		False	HIFIL
unvocalized	LX-47ab8e5eda:U5	LX-47ab8e5eda	השתנה	2	IMP.2FPL|MSDR		True	HIFIL
unvocalized	LX-47b371ce9e:U1	LX-47b371ce9e	האטת	2	PST.2MSG|PST.2FSG	PST.2MSG|PST.2FSG	False	HIFIL
unvocalized	LX-47b371ce9e:U2	LX-47b371ce9e	האט	2	PST.3MSG|IMP.2MSG	PST.3MSG	True	HIFIL
unvocalized	LX-47b371ce9e:U3	LX-47b371ce9e	האטה	2	PST.3FSG|MSDR	PST.3FSG	True	HIFIL
unvocalized	LX-47b371ce9e:U4	LX-47b371ce9e	האטו	2	PST.3PL|IMP.2MPL	PST.3PL	True	HIFIL
unvocalized	LX-47b371ce9e:U5	LX-47b371ce9e	תאט	2	FUT.2MSG|FUT.3FSG		False	HIFIL
unvocalized	LX-47b371ce9e:U6	LX-47b371ce9e	תאטנה	2	FUT.2FPL|FUT.3FPL		False	HIFIL
unvocalized	LX-47bf4fc994:U1	LX-47bf4fc994	סחרת	2	PST.2MSG|PST.2FSG	PST.2MSG|PST.2FSG	False	PAAL
unvocalized	LX-47bf4fc994:U2	LX-47bf4fc994	סחר	2	PST.3MSG|IMP.2MSG	PST.3MSG	True	PAAL
unvocalized	LX-47bf4fc994:U3	LX-47bf4fc994	סחרו	2	PST.3PL|IMP.2MPL	PST.3PL	True	PAAL
unvocalized	LX-47bf4fc994:U4	LX-47bf4fc994	תסחר	2	FUT.2MSG|FUT.3FSG		False	PAAL
unvocalized	LX-47bf4fc994:U5	LX-47bf4fc994	תסחרנה	2	FUT.2FPL|FUT.3FPL		False	PAAL
unvocalized	LX-47d1ba36b1:U1	LX-47d1ba36b1	רכבת	2	PST.2MSG|PST.2FSG	PST.2MSG|PST.2FSG	False	PAAL
unvocalized	LX-47d1ba36b1:U2	LX-47d1ba36b1	רכבו	2	PST.3PL|IMP.2MPL	PST.3PL	True	PAAL
unvocalized	LX-47d1ba36b1:U3	LX-47d1ba36b1	תרכוב	2	FUT.2MSG|FUT.3FSG		False	PAAL
unvocalized	LX-47d1ba36b1:U4	LX-47d1ba36b1	תרכובנה	2	FUT.2FPL|FUT.3FPL		False	PAAL
unvocalized	LX-482803b73d:U1	LX-482803b73d	ניצחת	2	PST.2MSG|PST.2FSG	PST.2MSG|PST.2FSG	False	PIEL
unvocalized	LX-482803b73d:U2	LX-482803b73d	תנצח	2	FUT.2MSG|FUT.3FSG		False	PIEL
unvocalized	LX-482803b73d:U3	LX-482803b73d	תנצחנה	2	FUT.2FPL|FUT.3FPL		False	PIEL
unvocalized	LX-488a06c074:U1	LX-488a06c074	נהנית	3	PST.2MSG|PST.2FSG|PRS.FSG	PST.2MSG|PST.2FSG	True	NIFAL
unvocalized	LX-488a06c074:U2	LX-488a06c074	נהנה	2	PST.3MSG|PRS.MSG	PST.3MSG	True	NIFAL
unvocalized	LX-488a06c074:U3	LX-488a06c074	תיהנה	2	FUT.2MSG|FUT.3FSG		False	NIFAL
unvocalized	LX-488a06c074:U4	LX-488a06c074	תיהנינה	2	FUT.2FPL|FUT.3FPL		False	NIFAL
unvocalized	LX-489e35f223:U1	LX-489e35f223	פיללת	2	PST.2MSG|PST.2FSG	PST.2MSG|PST.2FSG	False	PIEL
unvocalized	LX-489e35f223:U2	LX-489e35f223	תפלל	2	FUT.2MSG|FUT.3FSG		False	PIEL
unvocalized	LX-489e35f223:U3	LX-489e35f223	תפללנה	2	FUT.2FPL|FUT.3FPL		False	PIEL
unvocalized	LX-48c554da1d:U1	LX-48c554da1d	מעלת	2	PST.2MSG|PST.2FSG	PST.2MSG|PST.2FSG	False	PAAL
unvocalized	LX-48c554da1d:U2	LX-48c554da1d	מעל	2	PST.3MSG|IMP.2MSG	PST.3MSG	True	PAAL
unvocalized	LX-48c554da1d:U3	LX-48c554da1d	מעלו	2	PST.3PL|IMP.2MPL	PST.3PL	True	PAAL
unvocalized	LX-48c554da1d:U4	LX-48c554da1d	תמעל	2	FUT.2MSG|FUT.3FSG		False	PAAL
unvocalized	LX-48c554da1d:U5	LX-48c554da1d	תמעלנה	2	FUT.2FPL|FUT.3FPL		False	PAAL
unvocalized	LX-494e23621d:U1	LX-494e23621d	הכרזת	2	PST.2MSG|PST.2FSG	PST.2MSG|PST.2FSG	False	HIFIL
unvocalized	LX-494e23621d:U2	LX-494e23621d	הכריזו	2	PST.3PL|IMP.2MPL	PST.3PL	True	HIFIL
unvocalized	LX-494e23621d:U3	LX-494e23621d	תכריז	2	FUT.2MSG|FUT.3FSG		False	HIFIL
unvocalized	LX-494e23621d:U4	LX-494e23621d	תכרזנה	2	FUT.2FPL|FUT.3FPL		False	HIFIL
unvocalized	LX-49713c0a65:U1	LX-49713c0a65	אידית	2	PST.2MSG|PST.2FSG	PST.2MSG|PST.2FSG	False	PIEL
unvocalized	LX-49713c0a65:U2	LX-49713c0a65	מאדה	2	PRS.MSG|PRS.FSG		False	PIEL
unvocalized	LX-49713c0a65:U3	LX-49713c0a65	תאדה	2	FUT.2MSG|FUT.3FSG		False	PIEL
unvocalized	LX-49713c0a65:U4	LX-49713c0a65	תאדינה	2	FUT.2FPL|FUT.3FPL		False	PIEL
unvocalized	LX-49fd01dc9c:U1	LX-49fd01dc9c	שיערת	2	PST.2MSG|PST.2FSG	PST.2MSG|PST.2FSG	False	PIEL
unvocalized	LX-49fd01dc9c:U2	LX-49fd01dc9c	תשער	2	FUT.2MSG|FUT.3FSG		False	PIEL
unvocalized	LX-49fd01dc9c:U3	LX-49fd01dc9c	תשערנה	2	FUT.2FPL|FUT.3FPL		False	PIEL
unvocalized	LX-4a74ca1f24:U1	LX-4a74ca1f24	הורדת	2	PST.2MSG|PST.2FSG	PST.2MSG|PST.2FSG	False	HUFAL
unvocalized	LX-4a74ca1f24:U2	LX-4a74ca1f24	תורד	2	FUT.2MSG|FUT.3FSG		False	HUFAL
unvocalized	LX-4a74ca1f24:U3	LX-4a74ca1f24	תורדנה	2	FUT.2FPL|FUT.3FPL		False	HUFAL
unvocalized	LX-4a81c81fb9:U1	LX-4a81c81fb9	ארבת	2	PST.2MSG|PST.2FSG	PST.2MSG|PST.2FSG	False	PAAL
unvocalized	LX-4a81c81fb9:U2	LX-4a81c81fb9	ארבו	2	PST.3PL|IMP.2MPL	PST.3PL	True	PAAL
unvocalized	LX-4a81c81fb9:U3	LX-4a81c81fb9	תארוב	2	FUT.2MSG|FUT.3FSG		False	PAAL
unvocalized	LX-4a81c81fb9:U4	LX-4a81c81fb9	תארובנה	2	FUT.2FPL|FUT.3FPL		False	PAAL
unvocalized	LX-4a9c655e0c:U1	LX-4a9c655e0c	נמשכת	3	PST.2MSG|PST.2FSG|PRS.FSG	PST.2MSG|PST.2FSG	True	
unvocalized	LX-4a9c655e0c:U2	LX-4a9c655e0c	נמשך	2	PST.3MSG|PRS.MSG	PST.3MSG	True	
unvocalized	LX-4a9c655e0c:U3	LX-4a9c655e0c	תימשך	2	FUT.2MSG|FUT.3FSG		False	
unvocalized	LX-4a9c655e0c:U4	LX-4a9c655e0c	תימשכנה	2	FUT.2FPL|FUT.3FPL		False	
unvocalized	LX-4ac10ca2bd:U1	LX-4ac10ca2bd	הופעת	2	PST.2MSG|PST.2FSG	PST.2MSG|PST.2FSG	False	HIFIL
unvocalized	LX-4ac10ca2bd:U2	LX-4ac10ca2bd	הופיעו	2	PST.3PL|IMP.2MPL	PST.3PL	True	HIFIL
unvocalized	LX-4ac10ca2bd:U3	LX-4ac10ca2bd	תופיע	2	FUT.2MSG|FUT.3FSG		False	HIFIL
unvocalized	LX-4ac10ca2bd:U4	LX-4ac10ca2bd	תופענה	2	FUT.2FPL|FUT.3FPL		False	HIFIL
unvocalized	LX-4ac8504d68:U1	LX-4ac8504d68	צירפת	2	PST.2MSG|PST.2FSG	PST.2MSG|PST.2FSG	False	PIEL
unvocalized	LX-4ac8504d68:U2	LX-4ac8504d68	תצרף	2	FUT.2MSG|FUT.3FSG		False	PIEL
unvocalized	LX-4ac8504d68:U3	LX-4ac8504d68	תצרפנה	2	FUT.2FPL|FUT.3FPL		False	PIEL
unvocalized	LX-4b1ca5313c:U1	LX-4b1ca5313c	נשרפת	3	PST.2MSG|PST.2FSG|PRS.FSG	PST.2MSG|PST.2FSG	True	NIFAL
unvocalized	LX-4b1ca5313c:U2	LX-4b1ca5313c	נשרף	2	PST.3MSG|PRS.MSG	PST.3MSG	True	NIFAL
unvocalized	LX-4b1ca5313c:U3	LX-4b1ca5313c	תישרף	2	FUT.2MSG|FUT.3FSG		False	NIFAL
unvocalized	LX-4b1ca5313c:U4	LX-4b1ca5313c	תישרפנה	2	FUT.2FPL|FUT.3FPL		False	NIFAL
unvocalized	LX-4b66ac5abe:U1	LX-4b66ac5abe	נבחרת	3	PST.2MSG|PST.2FSG|PRS.FSG	PST.2MSG|PST.2FSG	True	NIFAL
unvocalized	LX-4b66ac5abe:U2	LX-4b66ac5abe	נבחר	2	PST.3MSG|PRS.MSG	PST.3MSG	True	NIFAL
unvocalized	LX-4b66ac5abe:U3	LX-4b66ac5abe	תיבחר	2	FUT.2MSG|FUT.3FSG		False	NIFAL
unvocalized	LX-4b66ac5abe:U4	LX-4b66ac5abe	תיבחרנה	2	FUT.2FPL|FUT.3FPL		False	NIFAL
unvocalized	LX-4ba42bef9c:U1	LX-4ba42bef9c	גזרת	2	PST.2MSG|PST.2FSG	PST.2MSG|PST.2FSG	False	PAAL
unvocalized	LX-4ba42bef9c:U2	LX-4ba42bef9c	גזרו	2	PST.3PL|IMP.2MPL	PST.3PL	True	PAAL
unvocalized	LX-4ba42bef9c:U3	LX-4ba42bef9c	תגזור	2	FUT.2MSG|FUT.3FSG		False	PAAL
unvocalized	LX-4ba42bef9c:U4	LX-4ba42bef9c	תגזורנה	2	FUT.2FPL|FUT.3FPL		False	PAAL
unvocalized	LX-4bb8ff844c:U1	LX-4bb8ff844c	חנית	2	PST.2MSG|PST.2FSG	PST.2MSG|PST.2FSG	False	PAAL
unvocalized	LX-4bb8ff844c:U2	LX-4bb8ff844c	חנה	2	PST.3MSG|IMP.2MSG	PST.3MSG	True	PAAL
unvocalized	LX-4bb8ff844c:U3	LX-4bb8ff844c	חנו	2	PST.3PL|IMP.2MPL	PST.3PL	True	PAAL
unvocalized	LX-4bb8ff844c:U4	LX-4bb8ff844c	חונה	2	PRS.MSG|PRS.FSG		False	PAAL
unvocalized	LX-4bb8ff844c:U5	LX-4bb8ff844c	תחנה	2	FUT.2MSG|FUT.3FSG		False	PAAL
unvocalized	LX-4bb8ff844c:U6	LX-4bb8ff844c	תחנינה	2	FUT.2FPL|FUT.3FPL		False	PAAL
unvocalized	LX-4c81f38b6a:U1	LX-4c81f38b6a	באת	2	PST.2MSG|PST.2FSG	PST.2MSG|PST.2FSG	False	PAAL
unvocalized	LX-4c81f38b6a:U2	LX-4c81f38b6a	בא	2	PST.3MSG|PRS.MSG	PST.3MSG	True	PAAL
unvocalized	LX-4c81f38b6a:U3	LX-4c81f38b6a	באה	2	PST.3FSG|PRS.FSG	PST.3FSG	True	PAAL
unvocalized	LX-4c81f38b6a:U4	LX-4c81f38b6a	תבוא	2	FUT.2MSG|FUT.3FSG		False	PAAL
unvocalized	LX-4c81f38b6a:U5	LX-4c81f38b6a	תבואנה	2	FUT.2FPL|FUT.3FPL		False	PAAL
unvocalized	LX-4cd06352c1:U1	LX-4cd06352c1	אורסת	2	PST.2MSG|PST.2FSG	PST.2MSG|PST.2FSG	False	
unvocalized	LX-4cd06352c1:U2	LX-4cd06352c1	תאורס	2	FUT.2MSG|FUT.3FSG		False	
unvocalized	LX-4cd06352c1:U3	LX-4cd06352c1	תאורסנה	2	FUT.2FPL|FUT.3FPL		False	
unvocalized	LX-4d2ff493ca:U1	LX-4d2ff493ca	הושבת	2	PST.2MSG|PST.2FSG	PST.2MSG|PST.2FSG	False	HIFIL
unvocalized	LX-4d2ff493ca:U2	LX-4d2ff493ca	הושיבו	2	PST.3PL|IMP.2MPL	PST.3PL	True	HIFIL
unvocalized	LX-4d2ff493ca:U3	LX-4d2ff493ca	תושיב	2	FUT.2MSG|FUT.3FSG		False	HIFIL
unvocalized	LX-4d2ff493ca:U4	LX-4d2ff493ca	תושבנה	2	FUT.2FPL|FUT.3FPL		False	HIFIL
unvocalized	LX-4d4104b919:U1	LX-4d4104b919	לקית	2	PST.2MSG|PST.2FSG	PST.2MSG|PST.2FSG	False	PAAL
unvocalized	LX-4d4104b919:U2	LX-4d4104b919	לקה	2	PST.3MSG|IMP.2MSG	PST.3MSG	True	PAAL
unvocalized	LX-4d4104b919:U3	LX-4d4104b919	לקו	2	PST.3PL|IMP.2MPL	PST.3PL	True	PAAL
unvocalized	LX-4d4104b919:U4	LX-4d4104b919	לוקה	2	PRS.MSG|PRS.FSG		False	PAAL
unvocalized	LX-4d4104b919:U5	LX-4d4104b919	תלקה	2	FUT.2MSG|FUT.3FSG		False	PAAL
unvocalized	LX-4d4104b919:U6	LX-4d4104b919	תלקינה	2	FUT.2FPL|FUT.3FPL		False	PAAL
unvocalized	LX-4d5a535508:U1	LX-4d5a535508	קיימת	2	PST.2MSG|PST.2FSG	PST.2MSG|PST.2FSG	False	PIEL
unvocalized	LX-4d5a535508:U2	LX-4d5a535508	קיים	2	PST.3MSG|IMP.2MSG	PST.3MSG	True	PIEL
unvocalized	LX-4d5a535508:U3	LX-4d5a535508	קיימו	2	PST.3PL|IMP.2MPL	PST.3PL	True	PIEL
unvocalized	LX-4d5a535508:U4	LX-4d5a535508	תקיים	2	FUT.2MSG|FUT.3FSG		False	PIEL
unvocalized	LX-4d5a535508:U5	LX-4d5a535508	תקיימנה	2	FUT.2FPL|FUT.3FPL		False	PIEL
unvocalized	LX-4dbe934641:U1	LX-4dbe934641	נטעת	2	PST.2MSG|PST.2FSG	PST.2MSG|PST.2FSG	False	PAAL
unvocalized	LX-4dbe934641:U2	LX-4dbe934641	נטע	2	PST.3MSG|IMP.2MSG	PST.3MSG	True	PAAL
unvocalized	LX-4dbe934641:U3	LX-4dbe934641	נטעו	2	PST.3PL|IMP.2MPL	PST.3PL	True	PAAL
unvocalized	LX-4dbe934641:U4	LX-4dbe934641	תיטע	2	FUT.2MSG|FUT.3FSG		False	PAAL
unvocalized	LX-4dbe934641:U5	LX-4dbe934641	תיטענה	2	FUT.2FPL|FUT.3FPL		False	PAAL
unvocalized	LX-4dfe7ffa33:U1	LX-4dfe7ffa33	התחנכת	2	PST.2MSG|PST.2FSG	PST.2MSG|PST.2FSG	False	
unvocalized	LX-4dfe7ffa33:U2	LX-4dfe7ffa33	התחנך	2	PST.3MSG|IMP.2MSG	PST.3MSG	True	
unvocalized	LX-4dfe7ffa33:U3	LX-4dfe7ffa33	התחנכו	2	PST.3PL|IMP.2MPL	PST.3PL	True	
unvocalized	LX-4dfe7ffa33:U4	LX-4dfe7ffa33	תתחנך	2	FUT.2MSG|FUT.3FSG		False	
unvocalized	LX-4dfe7ffa33:U5	LX-4dfe7ffa33	תתחנכנה	2	FUT.2FPL|FUT.3FPL		False	
unvocalized	LX-4e306ea0a8:U1	LX-4e306ea0a8	התקהלת	2	PST.2MSG|PST.2FSG	PST.2MSG|PST.2FSG	False	
unvocalized	LX-4e306ea0a8:U2	LX-4e306ea0a8	התקהל	2	PST.3MSG|IMP.2MSG	PST.3MSG	True	
unvocalized	LX-4e306ea0a8:U3	LX-4e306ea0a8	התקהלו	2	PST.3PL|IMP.2MPL	PST.3PL	True	
unvocalized	LX-4e306ea0a8:U4	LX-4e306ea0a8	תתקהל	2	FUT.2MSG|FUT.3FSG		False	
unvocalized	LX-4e306ea0a8:U5	LX-4e306ea0a8	תתקהלנה	2	FUT.2FPL|FUT.3FPL		False	
unvocalized	LX-4e5da48139:U1	LX-4e5da48139	צפית	2	PST.2MSG|PST.2FSG	PST.2MSG|PST.2FSG	False	PAAL
unvocalized	LX-4e5da48139:U2	LX-4e5da48139	צפה	2	PST.3MSG|IMP.2MSG	PST.3MSG	True	PAAL
unvocalized	LX-4e5da48139:U3	LX-4e5da48139	צפו	2	PST.3PL|IMP.2MPL	PST.3PL	True	PAAL
unvocalized	LX-4e5da48139:U4	LX-4e5da48139	צופה	2	PRS.MSG|PRS.FSG		False	PAAL
unvocalized	LX-4e5da48139:U5	LX-4e5da48139	תצפה	2	FUT.2MSG|FUT.3FSG		False	PAAL
unvocalized	LX-4e5da48139:U6	LX-4e5da48139	תצפינה	2	FUT.2FPL|FUT.3FPL		False	PAAL
unvocalized	LX-4f44e4fd0c:U1	LX-4f44e4fd0c	כעסת	2	PST.2MSG|PST.2FSG	PST.2MSG|PST.2FSG	False	PAAL
unvocalized	LX-4f44e4fd0c:U2	LX-4f44e4fd0c	כעס	3	PST.3MSG|IMP.2MSG|MSDR	PST.3MSG	True	PAAL
unvocalized	LX-4f44e4fd0c:U3	LX-4f44e4fd0c	כעסו	2	PST.3PL|IMP.2MPL	PST.3PL	True	PAAL
unvocalized	LX-4f44e4fd0c:U4	LX-4f44e4fd0c	תכעס	2	FUT.2MSG|FUT.3FSG		False	PAAL
unvocalized	LX-4f44e4fd0c:U5	LX-4f44e4fd0c	תכעסנה	2	FUT.2FPL|FUT.3FPL		False	PAAL
unvocalized	LX-4f4b2885d6:U1	LX-4f4b2885d6	הפסדת	2	PST.2MSG|PST.2FSG	PST.2MSG|PST.2FSG	False	HIFIL
unvocalized	LX-4f4b2885d6:U2	LX-4f4b2885d6	הפסידו	2	PST.3PL|IMP.2MPL	PST.3PL	True	HIFIL
unvocalized	LX-4f4b2885d6:U3	LX-4f4b2885d6	תפסיד	2	FUT.2MSG|FUT.3FSG		False	HIFIL
unvocalized	LX-4f4b2885d6:U4	LX-4f4b2885d6	תפסדנה	2	FUT.2FPL|FUT.3FPL		False	HIFIL
unvocalized	LX-4f4b2885d6:U5	LX-4f4b2885d6	הפסד	2	IMP.2MSG|MSDR		True	HIFIL
unvocalized	LX-4fd145b50b:U1	LX-4fd145b50b	פצעת	2	PST.2MSG|PST.2FSG	PST.2MSG|PST.2FSG	False	PAAL
unvocalized	LX-4fd145b50b:U2	LX-4fd145b50b	פצע	2	PST.3MSG|IMP.2MSG	PST.3MSG	True	PAAL
unvocalized	LX-4fd145b50b:U3	LX-4fd145b50b	פצעו	2	PST.3PL|IMP.2MPL	PST.3PL	True	PAAL
unvocalized	LX-4fd145b50b:U4	LX-4fd145b50b	תפצע	2	FUT.2MSG|FUT.3FSG		False	PAAL
unvocalized	LX-4fd145b50b:U5	LX-4fd145b50b	תפצענה	2	FUT.2FPL|FUT.3FPL		False	PAAL
unvocalized	LX-505eab44cd:U1	LX-505eab44cd	התווכחת	2	PST.2MSG|PST.2FSG	PST.2MSG|PST.2FSG	False	HITPAEL
unvocalized	LX-505eab44cd:U2	LX-505eab44cd	התווכח	2	PST.3MSG|IMP.2MSG	PST.3MSG	True	HITPAEL
unvocalized	LX-505eab44cd:U3	LX-505eab44cd	התווכחו	2	PST.3PL|IMP.2MPL	PST.3PL	True	HITPAEL
unvocalized	LX-505eab44cd:U4	LX-505eab44cd	תתווכח	2	FUT.2MSG|FUT.3FSG		False	HITPAEL
unvocalized	LX-5066ee6f47:U1	LX-5066ee6f47	תבעת	2	PST.2MSG|PST.2FSG	PST.2MSG|PST.2FSG	False	PAAL
unvocalized	LX-5066ee6f47:U2	LX-5066ee6f47	תבע	2	PST.3MSG|IMP.2MSG	PST.3MSG	True	PAAL
unvocalized	LX-5066ee6f47:U3	LX-5066ee6f47	תבעו	2	PST.3PL|IMP.2MPL	PST.3PL	True	PAAL
unvocalized	LX-5066ee6f47:U4	LX-5066ee6f47	תתבע	2	FUT.2MSG|FUT.3FSG		False	PAAL
unvocalized	LX-5066ee6f47:U5	LX-5066ee6f47	תתבענה	2	FUT.2FPL|FUT.3FPL		False	PAAL
unvocalized	LX-50f7529e25:U1	LX-50f7529e25	נבלת	2	PST.2MSG|PST.2FSG	PST.2MSG|PST.2FSG	False	PAAL
unvocalized	LX-50f7529e25:U2	LX-50f7529e25	נבלו	2	PST.3PL|IMP.2MPL	PST.3PL	True	PAAL
unvocalized	LX-50f7529e25:U3	LX-50f7529e25	תיבול	2	FUT.2MSG|FUT.3FSG		False	PAAL
unvocalized	LX-50f7529e25:U4	LX-50f7529e25	תיבולנה	2	FUT.2FPL|FUT.3FPL		False	PAAL
unvocalized	LX-5131dbb21d:U1	LX-5131dbb21d	ששת	2	PST.2MSG|PST.2FSG	PST.2MSG|PST.2FSG	False	PAAL
unvocalized	LX-5131dbb21d:U2	LX-5131dbb21d	שש	2	PST.3MSG|PRS.MSG	PST.3MSG	True	PAAL
unvocalized	LX-5131dbb21d:U3	LX-5131dbb21d	ששה	2	PST.3FSG|PRS.FSG	PST.3FSG	True	PAAL
unvocalized	LX-5131dbb21d:U4	LX-5131dbb21d	תשיש	2	FUT.2MSG|FUT.3FSG		False	PAAL
unvocalized	LX-5131dbb21d:U5	LX-5131dbb21d	תששנה	2	FUT.2FPL|FUT.3FPL		False	PAAL
unvocalized	LX-51429076b1:U1	LX-51429076b1	השתלטת	2	PST.2MSG|PST.2FSG	PST.2MSG|PST.2FSG	False	
unvocalized	LX-51429076b1:U2	LX-51429076b1	השתלט	2	PST.3MSG|IMP.2MSG	PST.3MSG	True	
unvocalized	LX-51429076b1:U3	LX-51429076b1	השתלטו	2	PST.3PL|IMP.2MPL	PST.3PL	True	
unvocalized	LX-51429076b1:U4	LX-51429076b1	תשתלט	2	FUT.2MSG|FUT.3FSG		False	
unvocalized	LX-51429076b1:U5	LX-51429076b1	תשתלטנה	2	FUT.2FPL|FUT.3FPL		False	
unvocalized	LX-51e5f73ea3:U1	LX-51e5f73ea3	הובלת	2	PST.2MSG|PST.2FSG	PST.2MSG|PST.2FSG	False	HIFIL
unvocalized	LX-51e5f73ea3:U2	LX-51e5f73ea3	הובילו	2	PST.3PL|IMP.2MPL	PST.3PL	True	HIFIL
unvocalized	LX-51e5f73ea3:U3	LX-51e5f73ea3	תוביל	2	FUT.2MSG|FUT.3FSG		False	HIFIL
unvocalized	LX-51e5f73ea3:U4	LX-51e5f73ea3	תובלנה	2	FUT.2FPL|FUT.3FPL		False	HIFIL
unvocalized	LX-520a0e9752:U1	LX-520a0e9752	הזדקנת	2	PST.2MSG|PST.2FSG	PST.2MSG|PST.2FSG	False	
unvocalized	LX-520a0e9752:U2	LX-520a0e9752	הזדקן	2	PST.3MSG|IMP.2MSG	PST.3MSG	True	
unvocalized	LX-520a0e9752:U3	LX-520a0e9752	הזדקנה	2	PST.3FSG|IMP.2FPL	PST.3FSG	True	
unvocalized	LX-520a0e9752:U4	LX-520a0e9752	הזדקנו	3	PST.1PL|PST.3PL|IMP.2MPL	PST.1PL|PST.3PL	True	
unvocalized	LX-520a0e9752:U5	LX-520a0e9752	תזדקן	2	FUT.2MSG|FUT.3FSG		False	
unvocalized	LX-520a0e9752:U6	LX-520a0e9752	תזדקנה	2	FUT.2FPL|FUT.3FPL		False	
unvocalized	LX-5216072da6:U1	LX-5216072da6	נקברת	3	PST.2MSG|PST.2FSG|PRS.FSG	PST.2MSG|PST.2FSG	True	NIFAL
unvocalized	LX-5216072da6:U2	LX-5216072da6	נקבר	2	PST.3MSG|PRS.MSG	PST.3MSG	True	NIFAL
unvocalized	LX-5216072da6:U3	LX-5216072da6	תיקבר	2	FUT.2MSG|FUT.3FSG		False	NIFAL
unvocalized	LX-5216072da6:U4	LX-5216072da6	תיקברנה	2	FUT.2FPL|FUT.3FPL		False	NIFAL
unvocalized	LX-52b035f5e4:U1	LX-52b035f5e4	פנית	2	PST.2MSG|PST.2FSG	PST.2MSG|PST.2FSG	False	PAAL
unvocalized	LX-52b035f5e4:U2	LX-52b035f5e4	פנה	2	PST.3MSG|IMP.2MSG	PST.3MSG	True	PAAL
unvocalized	LX-52b035f5e4:U3	LX-52b035f5e4	פנו	2	PST.3PL|IMP.2MPL	PST.3PL	True	PAAL
unvocalized	LX-52b035f5e4:U4	LX-52b035f5e4	פונה	2	PRS.MSG|PRS.FSG		False	PAAL
unvocalized	LX-52b035f5e4:U5	LX-52b035f5e4	תפנה	2	FUT.2MSG|FUT.3FSG		False	PAAL
unvocalized	LX-52b035f5e4:U6	LX-52b035f5e4	תפנינה	2	FUT.2FPL|FUT.3FPL		False	PAAL
unvocalized	LX-5332a810c0:U1	LX-5332a810c0	פיסלת	2	PST.2MSG|PST.2FSG	PST.2MSG|PST.2FSG	False	PIEL
unvocalized	LX-5332a810c0:U2	LX-5332a810c0	תפסל	2	FUT.2MSG|FUT.3FSG		False	PIEL
unvocalized	LX-5332a810c0:U3	LX-5332a810c0	תפסלנה	2	FUT.2FPL|FUT.3FPL		False	PIEL
unvocalized	LX-53d478f095:U1	LX-53d478f095	נגאלת	3	PST.2MSG|PST.2FSG|PRS.FSG	PST.2MSG|PST.2FSG	True	
unvocalized	LX-53d478f095:U2	LX-53d478f095	נגאל	2	PST.3MSG|PRS.MSG	PST.3MSG	True	
unvocalized	LX-53d478f095:U3	LX-53d478f095	תיגאל	2	FUT.2MSG|FUT.3FSG		False	
unvocalized	LX-53d478f095:U4	LX-53d478f095	תיגאלנה	2	FUT.2FPL|FUT.3FPL		False	
unvocalized	LX-549458f290:U1	LX-549458f290	התארגנת	2	PST.2MSG|PST.2FSG	PST.2MSG|PST.2FSG	False	HITPAEL
unvocalized	LX-549458f290:U2	LX-549458f290	התארגן	2	PST.3MSG|IMP.2MSG	PST.3MSG	True	HITPAEL
unvocalized	LX-549458f290:U3	LX-549458f290	התארגנה	2	PST.3FSG|IMP.2FPL	PST.3FSG	True	HITPAEL
unvocalized	LX-549458f290:U4	LX-549458f290	התארגנו	3	PST.1PL|PST.3PL|IMP.2MPL	PST.1PL|PST.3PL	True	HITPAEL
unvocalized	LX-549458f290:U5	LX-549458f290	תתארגן	2	FUT.2MSG|FUT.3FSG		False	HITPAEL
unvocalized	LX-549458f290:U6	LX-549458f290	תתארגנה	2	FUT.2FPL|FUT.3FPL		False	HITPAEL
unvocalized	LX-54ac4f3924:U1	LX-54ac4f3924	התגלחת	2	PST.2MSG|PST.2FSG	PST.2MSG|PST.2FSG	False	
unvocalized	LX-54ac4f3924:U2	LX-54ac4f3924	התגלח	2	PST.3MSG|IMP.2MSG	PST.3MSG	True	
unvocalized	LX-54ac4f3924:U3	LX-54ac4f3924	התגלחו	2	PST.3PL|IMP.2MPL	PST.3PL	True	
unvocalized	LX-54ac4f3924:U4	LX-54ac4f3924	תתגלח	2	FUT.2MSG|FUT.3FSG		False	
unvocalized	LX-54ac4f3924:U5	LX-54ac4f3924	תתגלחנה	2	FUT.2FPL|FUT.3FPL		False	
unvocalized	LX-54e68779c6:U1	LX-54e68779c6	נמלטת	3	PST.2MSG|PST.2FSG|PRS.FSG	PST.2MSG|PST.2FSG	True	NIFAL
unvocalized	LX-54e68779c6:U2	LX-54e68779c6	נמלט	2	PST.3MSG|PRS.MSG	PST.3MSG	True	NIFAL
unvocalized	LX-54e68779c6:U3	LX-54e68779c6	תימלט	2	FUT.2MSG|FUT.3FSG		False	NIFAL
unvocalized	LX-54e68779c6:U4	LX-54e68779c6	תימלטנה	2	FUT.2FPL|FUT.3FPL		False	NIFAL
unvocalized	LX-55334cadd8:U1	LX-55334cadd8	שומרת	2	PST.2MSG|PST.2FSG	PST.2MSG|PST.2FSG	False	PUAL
unvocalized	LX-55334cadd8:U2	LX-55334cadd8	תשומר	2	FUT.2MSG|FUT.3FSG		False	PUAL
unvocalized	LX-55334cadd8:U3	LX-55334cadd8	תשומרנה	2	FUT.2FPL|FUT.3FPL		False	PUAL
unvocalized	LX-5547676956:U1	LX-5547676956	צבאת	2	PST.2MSG|PST.2FSG	PST.2MSG|PST.2FSG	False	PAAL
unvocalized	LX-5547676956:U2	LX-5547676956	צבא	2	PST.3MSG|IMP.2MSG	PST.3MSG	True	PAAL
unvocalized	LX-5547676956:U3	LX-5547676956	צבאו	2	PST.3PL|IMP.2MPL	PST.3PL	True	PAAL
unvocalized	LX-5547676956:U4	LX-5547676956	תצבא	2	FUT.2MSG|FUT.3FSG		False	PAAL
unvocalized	LX-5547676956:U5	LX-5547676956	תצבאנה	2	FUT.2FPL|FUT.3FPL		False	PAAL
unvocalized	LX-5580082729:U1	LX-5580082729	העדפת	2	PST.2MSG|PST.2FSG	PST.2MSG|PST.2FSG	False	
unvocalized	LX-5580082729:U2	LX-5580082729	העדיפו	2	PST.3PL|IMP.2MPL	PST.3PL	True	
unvocalized	LX-5580082729:U3	LX-5580082729	תעדיף	2	FUT.2MSG|FUT.3FSG		False	
unvocalized	LX-5580082729:U4	LX-5580082729	תעדפנה	2	FUT.2FPL|FUT.3FPL		False	
unvocalized	LX-559749a19d:U1	LX-559749a19d	מצאת	2	PST.2MSG|PST.2FSG	PST.2MSG|PST.2FSG	False	PAAL
unvocalized	LX-559749a19d:U2	LX-559749a19d	מצא	2	PST.3MSG|IMP.2MSG	PST.3MSG	True	PAAL
unvocalized	LX-559749a19d:U3	LX-559749a19d	מצאו	2	PST.3PL|IMP.2MPL	PST.3PL	True	PAAL
unvocalized	LX-559749a19d:U4	LX-559749a19d	תמצא	2	FUT.2MSG|FUT.3FSG		False	PAAL
unvocalized	LX-559749a19d:U5	LX-559749a19d	תמצאנה	2	FUT.2FPL|FUT.3FPL		False	PAAL
unvocalized	LX-55fca0f10e:U1	LX-55fca0f10e	ניגנת	2	PST.2MSG|PST.2FSG	PST.2MSG|PST.2FSG	False	PIEL
unvocalized	LX-55fca0f10e:U2	LX-55fca0f10e	ניגנו	2	PST.1PL|PST.3PL	PST.1PL|PST.3PL	False	PIEL
unvocalized	LX-55fca0f10e:U3	LX-55fca0f10e	תנגן	2	FUT.2MSG|FUT.3FSG		False	PIEL
unvocalized	LX-55fca0f10e:U4	LX-55fca0f10e	תנגנה	2	FUT.2FPL|FUT.3FPL		False	PIEL
unvocalized	LX-56094e9f5f:U1	LX-56094e9f5f	קצרת	2	PST.2MSG|PST.2FSG	PST.2MSG|PST.2FSG	False	PAAL
unvocalized	LX-56094e9f5f:U2	LX-56094e9f5f	קצרו	2	PST.3PL|IMP.2MPL	PST.3PL	True	PAAL
unvocalized	LX-56094e9f5f:U3	LX-56094e9f5f	תקצור	2	FUT.2MSG|FUT.3FSG		False	PAAL
unvocalized	LX-56094e9f5f:U4	LX-56094e9f5f	תקצורנה	2	FUT.2FPL|FUT.3FPL		False	PAAL
unvocalized	LX-56d78a284e:U1	LX-56d78a284e	התקנת	2	PST.2MSG|PST.2FSG	PST.2MSG|PST.2FSG	False	HIFIL
unvocalized	LX-56d78a284e:U2	LX-56d78a284e	התקינו	2	PST.3PL|IMP.2MPL	PST.3PL	True	HIFIL
unvocalized	LX-56d78a284e:U3	LX-56d78a284e	תתקין	2	FUT.2MSG|FUT.3FSG		False	HIFIL
unvocalized	LX-56d78a284e:U4	LX-56d78a284e	תתקנה	2	FUT.2FPL|FUT.3FPL		False	HIFIL
unvocalized	LX-56d78a284e:U5	LX-56d78a284e	התקנה	2	IMP.2FPL|MSDR		True	HIFIL
unvocalized	LX-574a26d5e9:U1	LX-574a26d5e9	הוראית	2	PST.2MSG|PST.2FSG	PST.2MSG|PST.2FSG	False	
unvocalized	LX-574a26d5e9:U2	LX-574a26d5e9	תוראה	2	FUT.2MSG|FUT.3FSG		False	
unvocalized	LX-574a26d5e9:U3	LX-574a26d5e9	תוראינה	2	FUT.2FPL|FUT.3FPL		False	
unvocalized	LX-5769f7912b:U1	LX-5769f7912b	שוחררת	2	PST.2MSG|PST.2FSG	PST.2MSG|PST.2FSG	False	PUAL
unvocalized	LX-5769f7912b:U2	LX-5769f7912b	תשוחרר	2	FUT.2MSG|FUT.3FSG		False	PUAL
unvocalized	LX-5769f7912b:U3	LX-5769f7912b	תשוחררנה	2	FUT.2FPL|FUT.3FPL		False	PUAL
unvocalized	LX-5796699888:U1	LX-5796699888	גמלת	2	PST.2MSG|PST.2FSG	PST.2MSG|PST.2FSG	False	PAAL
unvocalized	LX-5796699888:U2	LX-5796699888	גמלו	2	PST.3PL|IMP.2MPL	PST.3PL	True	PAAL
unvocalized	LX-5796699888:U3	LX-5796699888	תגמול	2	FUT.2MSG|FUT.3FSG		False	PAAL
unvocalized	LX-5796699888:U4	LX-5796699888	תגמולנה	2	FUT.2FPL|FUT.3FPL		False	PAAL
unvocalized	LX-57bb45b232:U1	LX-57bb45b232	גורשת	2	PST.2MSG|PST.2FSG	PST.2MSG|PST.2FSG	False	PUAL
unvocalized	LX-57bb45b232:U2	LX-57bb45b232	תגורש	2	FUT.2MSG|FUT.3FSG		False	PUAL
unvocalized	LX-57bb45b232:U3	LX-57bb45b232	תגורשנה	2	FUT.2FPL|FUT.3FPL		False	PUAL
unvocalized	LX-57d102f7a1:U1	LX-57d102f7a1	דרשת	2	PST.2MSG|PST.2FSG	PST.2MSG|PST.2FSG	False	PAAL
unvocalized	LX-57d102f7a1:U2	LX-57d102f7a1	דרשו	2	PST.3PL|IMP.2MPL	PST.3PL	True	PAAL
unvocalized	LX-57d102f7a1:U3	LX-57d102f7a1	תדרוש	2	FUT.2MSG|FUT.3FSG		False	PAAL
unvocalized	LX-57d102f7a1:U4	LX-57d102f7a1	תדרושנה	2	FUT.2FPL|FUT.3FPL		False	PAAL
unvocalized	LX-580a14db7b:U1	LX-580a14db7b	נאכפת	3	PST.2MSG|PST.2FSG|PRS.FSG	PST.2MSG|PST.2FSG	True	NIFAL
unvocalized	LX-580a14db7b:U2	LX-580a14db7b	נאכף	2	PST.3MSG|PRS.MSG	PST.3MSG	True	NIFAL
unvocalized	LX-580a14db7b:U3	LX-580a14db7b	תיאכף	2	FUT.2MSG|FUT.3FSG		False	NIFAL
unvocalized	LX-580a14db7b:U4	LX-580a14db7b	תיאכפנה	2	FUT.2FPL|FUT.3FPL		False	NIFAL
unvocalized	LX-58393261d6:U1	LX-58393261d6	שינית	2	PST.2MSG|PST.2FSG	PST.2MSG|PST.2FSG	False	PIEL
unvocalized	LX-58393261d6:U2	LX-58393261d6	משנה	2	PRS.MSG|PRS.FSG		False	PIEL
unvocalized	LX-58393261d6:U3	LX-58393261d6	תשנה	2	FUT.2MSG|FUT.3FSG		False	PIEL
unvocalized	LX-58393261d6:U4	LX-58393261d6	תשנינה	2	FUT.2FPL|FUT.3FPL		False	PIEL
unvocalized	LX-588d3f6399:U1	LX-588d3f6399	פיטרת	2	PST.2MSG|PST.2FSG	PST.2MSG|PST.2FSG	False	PIEL
unvocalized	LX-588d3f6399:U2	LX-588d3f6399	תפטר	2	FUT.2MSG|FUT.3FSG		False	PIEL
unvocalized	LX-588d3f6399:U3	LX-588d3f6399	תפטרנה	2	FUT.2FPL|FUT.3FPL		False	PIEL
unvocalized	LX-58d1c93420:U1	LX-58d1c93420	גירשת	2	PST.2MSG|PST.2FSG	PST.2MSG|PST.2FSG	False	PIEL
unvocalized	LX-58d1c93420:U2	LX-58d1c93420	תגרש	2	FUT.2MSG|FUT.3FSG		False	PIEL
unvocalized	LX-58d1c93420:U3	LX-58d1c93420	תגרשנה	2	FUT.2FPL|FUT.3FPL		False	PIEL
unvocalized	LX-58e6bb7696:U1	LX-58e6bb7696	התקשרת	2	PST.2MSG|PST.2FSG	PST.2MSG|PST.2FSG	False	HITPAEL
unvocalized	LX-58e6bb7696:U2	LX-58e6bb7696	התקשר	2	PST.3MSG|IMP.2MSG	PST.3MSG	True	HITPAEL
unvocalized	LX-58e6bb7696:U3	LX-58e6bb7696	התקשרו	2	PST.3PL|IMP.2MPL	PST.3PL	True	HITPAEL
unvocalized	LX-58e6bb7696:U4	LX-58e6bb7696	תתקשר	2	FUT.2MSG|FUT.3FSG		False	HITPAEL
unvocalized	LX-58e6bb7696:U5	LX-58e6bb7696	תתקשרנה	2	FUT.2FPL|FUT.3FPL		False	HITPAEL
unvocalized	LX-5911285775:U1	LX-5911285775	שלפת	2	PST.2MSG|PST.2FSG	PST.2MSG|PST.2FSG	False	PAAL
unvocalized	LX-5911285775:U2	LX-5911285775	שלפו	2	PST.3PL|IMP.2MPL	PST.3PL	True	PAAL
unvocalized	LX-5911285775:U3	LX-5911285775	תשלוף	2	FUT.2MSG|FUT.3FSG		False	PAAL
unvocalized	LX-5911285775:U4	LX-5911285775	תשלופנה	2	FUT.2FPL|FUT.3FPL		False	PAAL
unvocalized	LX-5969287c64:U1	LX-5969287c64	קרנת	2	PST.2MSG|PST.2FSG	PST.2MSG|PST.2FSG	False	PAAL
unvocalized	LX-5969287c64:U2	LX-5969287c64	קרן	2	PST.3MSG|IMP.2MSG	PST.3MSG	True	PAAL
unvocalized	LX-5969287c64:U3	LX-5969287c64	קרנה	2	PST.3FSG|IMP.2FPL	PST.3FSG	True	PAAL
unvocalized	LX-5969287c64:U4	LX-5969287c64	קרנו	3	PST.1PL|PST.3PL|IMP.2MPL	PST.1PL|PST.3PL	True	PAAL
unvocalized	LX-5969287c64:U5	LX-5969287c64	תקרן	2	FUT.2MSG|FUT.3FSG		False	PAAL
unvocalized	LX-5969287c64:U6	LX-5969287c64	תקרנה	2	FUT.2FPL|FUT.3FPL		False	PAAL
unvocalized	LX-598169fddb:U1	LX-598169fddb	החלת	2	PST.2MSG|PST.2FSG	PST.2MSG|PST.2FSG	False	HIFIL
unvocalized	LX-598169fddb:U2	LX-598169fddb	החל	2	PST.3MSG|IMP.2MSG	PST.3MSG	True	HIFIL
unvocalized	LX-598169fddb:U3	LX-598169fddb	החלו	2	PST.3PL|IMP.2MPL	PST.3PL	True	HIFIL
unvocalized	LX-598169fddb:U4	LX-598169fddb	תחל	2	FUT.2MSG|FUT.3FSG		False	HIFIL
unvocalized	LX-598169fddb:U5	LX-598169fddb	תחלנה	2	FUT.2FPL|FUT.3FPL		False	HIFIL
unvocalized	LX-5987e4d604:U1	LX-5987e4d604	הגבלת	2	PST.2MSG|PST.2FSG	PST.2MSG|PST.2FSG	False	
unvocalized	LX-5987e4d604:U2	LX-5987e4d604	הגבילו	2	PST.3PL|IMP.2MPL	PST.3PL	True	
unvocalized	LX-5987e4d604:U3	LX-5987e4d604	תגביל	2	FUT.2MSG|FUT.3FSG		False	
unvocalized	LX-5987e4d604:U4	LX-5987e4d604	תגבלנה	2	FUT.2FPL|FUT.3FPL		False	
unvocalized	LX-59eebdc538:U1	LX-59eebdc538	השבת	2	PST.2MSG|PST.2FSG	PST.2MSG|PST.2FSG	False	HIFIL
unvocalized	LX-59eebdc538:U2	LX-59eebdc538	השיבו	2	PST.3PL|IMP.2MPL	PST.3PL	True	HIFIL
unvocalized	LX-59eebdc538:U3	LX-59eebdc538	תשיב	2	FUT.2MSG|FUT.3FSG		False	HIFIL
unvocalized	LX-59eebdc538:U4	LX-59eebdc538	תשבנה	2	FUT.2FPL|FUT.3FPL		False	HIFIL
unvocalized	LX-5a1b805acb:U1	LX-5a1b805acb	אוזכרת	2	PST.2MSG|PST.2FSG	PST.2MSG|PST.2FSG	False	
unvocalized	LX-5a1b805acb:U2	LX-5a1b805acb	תאוזכר	2	FUT.2MSG|FUT.3FSG		False	
unvocalized	LX-5a1b805acb:U3	LX-5a1b805acb	תאוזכרנה	2	FUT.2FPL|FUT.3FPL		False	
unvocalized	LX-5a23bf0684:U1	LX-5a23bf0684	הוקמת	2	PST.2MSG|PST.2FSG	PST.2MSG|PST.2FSG	False	HUFAL
unvocalized	LX-5a23bf0684:U2	LX-5a23bf0684	תוקם	2	FUT.2MSG|FUT.3FSG		False	HUFAL
unvocalized	LX-5a23bf0684:U3	LX-5a23bf0684	תוקמנה	2	FUT.2FPL|FUT.3FPL		False	HUFAL
unvocalized	LX-5a46a5b300:U1	LX-5a46a5b300	קינאת	2	PST.2MSG|PST.2FSG	PST.2MSG|PST.2FSG	False	PIEL
unvocalized	LX-5a46a5b300:U2	LX-5a46a5b300	תקנא	2	FUT.2MSG|FUT.3FSG		False	PIEL
unvocalized	LX-5a46a5b300:U3	LX-5a46a5b300	תקנאנה	2	FUT.2FPL|FUT.3FPL		False	PIEL
unvocalized	LX-5a82cc12e2:U1	LX-5a82cc12e2	הסתתרת	2	PST.2MSG|PST.2FSG	PST.2MSG|PST.2FSG	False	HITPAEL
unvocalized	LX-5a82cc12e2:U2	LX-5a82cc12e2	הסתתר	2	PST.3MSG|IMP.2MSG	PST.3MSG	True	HITPAEL
unvocalized	LX-5a82cc12e2:U3	LX-5a82cc12e2	הסתתרו	2	PST.3PL|IMP.2MPL	PST.3PL	True	HITPAEL
unvocalized	LX-5a82cc12e2:U4	LX-5a82cc12e2	תסתתר	2	FUT.2MSG|FUT.3FSG		False	HITPAEL
unvocalized	LX-5a82cc12e2:U5	LX-5a82cc12e2	תסתתרנה	2	FUT.2FPL|FUT.3FPL		False	HITPAEL
unvocalized	LX-5a85c74caf:U1	LX-5a85c74caf	התחשמלת	2	PST.2MSG|PST.2FSG	PST.2MSG|PST.2FSG	False	HITPAEL
unvocalized	LX-5a85c74caf:U2	LX-5a85c74caf	התחשמל	2	PST.3MSG|IMP.2MSG	PST.3MSG	True	HITPAEL
unvocalized	LX-5a85c74caf:U3	LX-5a85c74caf	התחשמלו	2	PST.3PL|IMP.2MPL	PST.3PL	True	HITPAEL
unvocalized	LX-5a85c74caf:U4	LX-5a85c74caf	תתחשמל	2	FUT.2MSG|FUT.3FSG		False	HITPAEL
unvocalized	LX-5a85c74caf:U5	LX-5a85c74caf	תתחשמלנה	2	FUT.2FPL|FUT.3FPL		False	HITPAEL
unvocalized	LX-5a876c8f8f:U1	LX-5a876c8f8f	מדדת	2	PST.2MSG|PST.2FSG	PST.2MSG|PST.2FSG	False	PAAL
unvocalized	LX-5a876c8f8f:U2	LX-5a876c8f8f	מדדו	2	PST.3PL|IMP.2MPL	PST.3PL	True	PAAL
unvocalized	LX-5a876c8f8f:U3	LX-5a876c8f8f	תמדוד	2	FUT.2MSG|FUT.3FSG		False	PAAL
unvocalized	LX-5a876c8f8f:U4	LX-5a876c8f8f	תמדודנה	2	FUT.2FPL|FUT.3FPL		False	PAAL
unvocalized	LX-5a8b7d9716:U1	LX-5a8b7d9716	ניצלת	2	PST.2MSG|PST.2FSG	PST.2MSG|PST.2FSG	False	
unvocalized	LX-5a8b7d9716:U2	LX-5a8b7d9716	תנצל	2	FUT.2MSG|FUT.3FSG		False	
unvocalized	LX-5a8b7d9716:U3	LX-5a8b7d9716	תנצלנה	2	FUT.2FPL|FUT.3FPL		False	
unvocalized	LX-5b11334936:U1	LX-5b11334936	שימנת	2	PST.2MSG|PST.2FSG	PST.2MSG|PST.2FSG	False	PIEL
unvocalized	LX-5b11334936:U2	LX-5b11334936	שימנו	2	PST.1PL|PST.3PL	PST.1PL|PST.3PL	False	PIEL
unvocalized	LX-5b11334936:U3	LX-5b11334936	תשמן	2	FUT.2MSG|FUT.3FSG		False	PIEL
unvocalized	LX-5b11334936:U4	LX-5b11334936	תשמנה	2	FUT.2FPL|FUT.3FPL		False	PIEL
unvocalized	LX-5b1273359d:U1	LX-5b1273359d	הלכת	2	PST.2MSG|PST.2FSG	PST.2MSG|PST.2FSG	False	PAAL
unvocalized	LX-5b1273359d:U2	LX-5b1273359d	תלך	2	FUT.2MSG|FUT.3FSG		False	PAAL
unvocalized	LX-5b1273359d:U3	LX-5b1273359d	תלכנה	2	FUT.2FPL|FUT.3FPL		False	PAAL
unvocalized	LX-5b2d8a4c32:U1	LX-5b2d8a4c32	הצטברחת	2	PST.2MSG|PST.2FSG	PST.2MSG|PST.2FSG	False	
unvocalized	LX-5b2d8a4c32:U2	LX-5b2d8a4c32	הצטברח	2	PST.3MSG|IMP.2MSG	PST.3MSG	True	
unvocalized	LX-5b2d8a4c32:U3	LX-5b2d8a4c32	הצטברחו	2	PST.3PL|IMP.2MPL	PST.3PL	True	
unvocalized	LX-5b2d8a4c32:U4	LX-5b2d8a4c32	תצטברח	2	FUT.2MSG|FUT.3FSG		False	
unvocalized	LX-5b2d8a4c32:U5	LX-5b2d8a4c32	תצטברחנה	2	FUT.2FPL|FUT.3FPL		False	
unvocalized	LX-5b7cb7882d:U1	LX-5b7cb7882d	צלעת	2	PST.2MSG|PST.2FSG	PST.2MSG|PST.2FSG	False	PAAL
unvocalized	LX-5b7cb7882d:U2	LX-5b7cb7882d	צלע	2	PST.3MSG|IMP.2MSG	PST.3MSG	True	PAAL
unvocalized	LX-5b7cb7882d:U3	LX-5b7cb7882d	צלעו	2	PST.3PL|IMP.2MPL	PST.3PL	True	PAAL
unvocalized	LX-5b7cb7882d:U4	LX-5b7cb7882d	תצלע	2	FUT.2MSG|FUT.3FSG		False	PAAL
unvocalized	LX-5b7cb7882d:U5	LX-5b7cb7882d	תצלענה	2	FUT.2FPL|FUT.3FPL		False	PAAL
unvocalized	LX-5bafca005d:U1	LX-5bafca005d	אכלת	2	PST.2MSG|PST.2FSG	PST.2MSG|PST.2FSG	False	PAAL
unvocalized	LX-5bafca005d:U2	LX-5bafca005d	אכלו	2	PST.3PL|IMP.2MPL	PST.3PL	True	PAAL
unvocalized	LX-5bafca005d:U3	LX-5bafca005d	אוכל	2	PRS.MSG|FUT.1SG		True	PAAL
unvocalized	LX-5bafca005d:U4	LX-5bafca005d	תאכל	2	FUT.2MSG|FUT.3FSG		False	PAAL
unvocalized	LX-5bafca005d:U5	LX-5bafca005d	תאכלנה	2	FUT.2FPL|FUT.3FPL		False	PAAL
unvocalized	LX-5c64623cf2:U1	LX-5c64623cf2	חישבת	2	PST.2MSG|PST.2FSG	PST.2MSG|PST.2FSG	False	PIEL
unvocalized	LX-5c64623cf2:U2	LX-5c64623cf2	תחשב	2	FUT.2MSG|FUT.3FSG		False	PIEL
unvocalized	LX-5c64623cf2:U3	LX-5c64623cf2	תחשבנה	2	FUT.2FPL|FUT.3FPL		False	PIEL
unvocalized	LX-5cf9adf740:U1	LX-5cf9adf740	ריצית	2	PST.2MSG|PST.2FSG	PST.2MSG|PST.2FSG	False	PIEL
unvocalized	LX-5cf9adf740:U2	LX-5cf9adf740	מרצה	2	PRS.MSG|PRS.FSG		False	PIEL
unvocalized	LX-5cf9adf740:U3	LX-5cf9adf740	תרצה	2	FUT.2MSG|FUT.3FSG		False	PIEL
unvocalized	LX-5cf9adf740:U4	LX-5cf9adf740	תרצינה	2	FUT.2FPL|FUT.3FPL		False	PIEL
unvocalized	LX-5d26abed74:U1	LX-5d26abed74	הוכחת	2	PST.2MSG|PST.2FSG	PST.2MSG|PST.2FSG	False	HIFIL
unvocalized	LX-5d26abed74:U2	LX-5d26abed74	הוכיחו	2	PST.3PL|IMP.2MPL	PST.3PL	True	HIFIL
unvocalized	LX-5d26abed74:U3	LX-5d26abed74	תוכיח	2	FUT.2MSG|FUT.3FSG		False	HIFIL
unvocalized	LX-5d26abed74:U4	LX-5d26abed74	תוכחנה	2	FUT.2FPL|FUT.3FPL		False	HIFIL
unvocalized	LX-5d28d2a61e:U1	LX-5d28d2a61e	ברחת	2	PST.2MSG|PST.2FSG	PST.2MSG|PST.2FSG	False	PAAL
unvocalized	LX-5d28d2a61e:U2	LX-5d28d2a61e	ברח	2	PST.3MSG|IMP.2MSG	PST.3MSG	True	PAAL
unvocalized	LX-5d28d2a61e:U3	LX-5d28d2a61e	ברחו	2	PST.3PL|IMP.2MPL	PST.3PL	True	PAAL
unvocalized	LX-5d28d2a61e:U4	LX-5d28d2a61e	תברח	2	FUT.2MSG|FUT.3FSG		False	PAAL
unvocalized	LX-5d28d2a61e:U5	LX-5d28d2a61e	תברחנה	2	FUT.2FPL|FUT.3FPL		False	PAAL
unvocalized	LX-5dd48a81da:U1	LX-5dd48a81da	רקעת	2	PST.2MSG|PST.2FSG	PST.2MSG|PST.2FSG	False	PAAL
unvocalized	LX-5dd48a81da:U2	LX-5dd48a81da	רקע	2	PST.3MSG|IMP.2MSG	PST.3MSG	True	PAAL
unvocalized	LX-5dd48a81da:U3	LX-5dd48a81da	רקעו	2	PST.3PL|IMP.2MPL	PST.3PL	True	PAAL
unvocalized	LX-5dd48a81da:U4	LX-5dd48a81da	תרקע	2	FUT.2MSG|FUT.3FSG		False	PAAL
unvocalized	LX-5dd48a81da:U5	LX-5dd48a81da	תרקענה	2	FUT.2FPL|FUT.3FPL		False	PAAL
unvocalized	LX-5e2a89adb9:U1	LX-5e2a89adb9	הפחדת	2	PST.2MSG|PST.2FSG	PST.2MSG|PST.2FSG	False	
unvocalized	LX-5e2a89adb9:U2	LX-5e2a89adb9	הפחידו	2	PST.3PL|IMP.2MPL	PST.3PL	True	
unvocalized	LX-5e2a89adb9:U3	LX-5e2a89adb9	תפחיד	2	FUT.2MSG|FUT.3FSG		False	
unvocalized	LX-5e2a89adb9:U4	LX-5e2a89adb9	תפחדנה	2	FUT.2FPL|FUT.3FPL		False	
unvocalized	LX-5ea2106684:U1	LX-5ea2106684	איחרת	2	PST.2MSG|PST.2FSG	PST.2MSG|PST.2FSG	False	PIEL
unvocalized	LX-5ea2106684:U2	LX-5ea2106684	תאחר	2	FUT.2MSG|FUT.3FSG		False	PIEL
unvocalized	LX-5ea2106684:U3	LX-5ea2106684	תאחרנה	2	FUT.2FPL|FUT.3FPL		False	PIEL
unvocalized	LX-5f3a36b9a2:U1	LX-5f3a36b9a2	שונית	2	PST.2MSG|PST.2FSG	PST.2MSG|PST.2FSG	False	PUAL
unvocalized	LX-5f3a36b9a2:U2	LX-5f3a36b9a2	משונה	2	PRS.MSG|PRS.FSG		False	PUAL
unvocalized	LX-5f3a36b9a2:U3	LX-5f3a36b9a2	תשונה	2	FUT.2MSG|FUT.3FSG		False	PUAL
unvocalized	LX-5f3a36b9a2:U4	LX-5f3a36b9a2	תשונינה	2	FUT.2FPL|FUT.3FPL		False	PUAL
unvocalized	LX-5f4ffeb810:U1	LX-5f4ffeb810	דוברת	2	PST.2MSG|PST.2FSG	PST.2MSG|PST.2FSG	False	PUAL
unvocalized	LX-5f4ffeb810:U2	LX-5f4ffeb810	תדובר	2	FUT.2MSG|FUT.3FSG		False	PUAL
unvocalized	LX-5f4ffeb810:U3	LX-5f4ffeb810	תדוברנה	2	FUT.2FPL|FUT.3FPL		False	PUAL
unvocalized	LX-5f5844711c:U1	LX-5f5844711c	פוטרת	2	PST.2MSG|PST.2FSG	PST.2MSG|PST.2FSG	False	PUAL
unvocalized	LX-5f5844711c:U2	LX-5f5844711c	תפוטר	2	FUT.2MSG|FUT.3FSG		False	PUAL
unvocalized	LX-5f5844711c:U3	LX-5f5844711c	תפוטרנה	2	FUT.2FPL|FUT.3FPL		False	PUAL
unvocalized	LX-5fb21b61b7:U1	LX-5fb21b61b7	סייעת	2	PST.2MSG|PST.2FSG	PST.2MSG|PST.2FSG	False	PIEL
unvocalized	LX-5fb21b61b7:U2	LX-5fb21b61b7	סייע	2	PST.3MSG|IMP.2MSG	PST.3MSG	True	PIEL
unvocalized	LX-5fb21b61b7:U3	LX-5fb21b61b7	סייעו	2	PST.3PL|IMP.2MPL	PST.3PL	True	PIEL
unvocalized	LX-5fb21b61b7:U4	LX-5fb21b61b7	תסייע	2	FUT.2MSG|FUT.3FSG		False	PIEL
unvocalized	LX-5fb21b61b7:U5	LX-5fb21b61b7	תסייענה	2	FUT.2FPL|FUT.3FPL		False	PIEL
unvocalized	LX-5fbefe15ca:U1	LX-5fbefe15ca	הפסקת	2	PST.2MSG|PST.2FSG	PST.2MSG|PST.2FSG	False	HIFIL
unvocalized	LX-5fbefe15ca:U2	LX-5fbefe15ca	הפסיקו	2	PST.3PL|IMP.2MPL	PST.3PL	True	HIFIL
unvocalized	LX-5fbefe15ca:U3	LX-5fbefe15ca	תפסיק	2	FUT.2MSG|FUT.3FSG		False	HIFIL
unvocalized	LX-5fbefe15ca:U4	LX-5fbefe15ca	תפסקנה	2	FUT.2FPL|FUT.3FPL		False	HIFIL
unvocalized	LX-5fe4e85eb2:U1	LX-5fe4e85eb2	קטפת	2	PST.2MSG|PST.2FSG	PST.2MSG|PST.2FSG	False	PAAL
unvocalized	LX-5fe4e85eb2:U2	LX-5fe4e85eb2	קטפו	2	PST.3PL|IMP.2MPL	PST.3PL	True	PAAL
unvocalized	LX-5fe4e85eb2:U3	LX-5fe4e85eb2	תקטוף	2	FUT.2MSG|FUT.3FSG		False	PAAL
unvocalized	LX-5fe4e85eb2:U4	LX-5fe4e85eb2	תקטופנה	2	FUT.2FPL|FUT.3FPL		False	PAAL
unvocalized	LX-6006f30f19:U1	LX-6006f30f19	הזזת	2	PST.2MSG|PST.2FSG	PST.2MSG|PST.2FSG	False	HIFIL
unvocalized	LX-6006f30f19:U2	LX-6006f30f19	הזיזו	2	PST.3PL|IMP.2MPL	PST.3PL	True	HIFIL
unvocalized	LX-6006f30f19:U3	LX-6006f30f19	תזיז	2	FUT.2MSG|FUT.3FSG		False	HIFIL
unvocalized	LX-6006f30f19:U4	LX-6006f30f19	תזזנה	2	FUT.2FPL|FUT.3FPL		False	HIFIL
unvocalized	LX-60079d536b:U1	LX-60079d536b	התרגלת	2	PST.2MSG|PST.2FSG	PST.2MSG|PST.2FSG	False	
unvocalized	LX-60079d536b:U2	LX-60079d536b	התרגל	2	PST.3MSG|IMP.2MSG	PST.3MSG	True	
unvocalized	LX-60079d536b:U3	LX-60079d536b	התרגלו	2	PST.3PL|IMP.2MPL	PST.3PL	True	
unvocalized	LX-60079d536b:U4	LX-60079d536b	תתרגל	2	FUT.2MSG|FUT.3FSG		False	
unvocalized	LX-60079d536b:U5	LX-60079d536b	תתרגלנה	2	FUT.2FPL|FUT.3FPL		False	
unvocalized	LX-6056bed834:U1	LX-6056bed834	ריססת	2	PST.2MSG|PST.2FSG	PST.2MSG|PST.2FSG	False	
unvocalized	LX-6056bed834:U2	LX-6056bed834	תרסס	2	FUT.2MSG|FUT.3FSG		False	
unvocalized	LX-6056bed834:U3	LX-6056bed834	תרססנה	2	FUT.2FPL|FUT.3FPL		False	
unvocalized	LX-605a42ce47:U1	LX-605a42ce47	הורשת	2	PST.2MSG|PST.2FSG	PST.2MSG|PST.2FSG	False	HIFIL
unvocalized	LX-605a42ce47:U2	LX-605a42ce47	הורישו	2	PST.3PL|IMP.2MPL	PST.3PL	True	HIFIL
unvocalized	LX-605a42ce47:U3	LX-605a42ce47	תוריש	2	FUT.2MSG|FUT.3FSG		False	HIFIL
unvocalized	LX-605a42ce47:U4	LX-605a42ce47	תורשנה	2	FUT.2FPL|FUT.3FPL		False	HIFIL
unvocalized	LX-60815ced6b:U1	LX-60815ced6b	הכעסת	2	PST.2MSG|PST.2FSG	PST.2MSG|PST.2FSG	False	HIFIL
unvocalized	LX-60815ced6b:U2	LX-60815ced6b	הכעיסו	2	PST.3PL|IMP.2MPL	PST.3PL	True	HIFIL
unvocalized	LX-60815ced6b:U3	LX-60815ced6b	תכעיס	2	FUT.2MSG|FUT.3FSG		False	HIFIL
unvocalized	LX-60815ced6b:U4	LX-60815ced6b	תכעסנה	2	FUT.2FPL|FUT.3FPL		False	HIFIL
unvocalized	LX-60f0688ef8:U1	LX-60f0688ef8	סיככת	2	PST.2MSG|PST.2FSG	PST.2MSG|PST.2FSG	False	PIEL
unvocalized	LX-60f0688ef8:U2	LX-60f0688ef8	תסכך	2	FUT.2MSG|FUT.3FSG		False	PIEL
unvocalized	LX-60f0688ef8:U3	LX-60f0688ef8	תסככנה	2	FUT.2FPL|FUT.3FPL		False	PIEL
unvocalized	LX-614ce13de3:U1	LX-614ce13de3	חוקקת	2	PST.2MSG|PST.2FSG	PST.2MSG|PST.2FSG	False	PIEL
unvocalized	LX-614ce13de3:U2	LX-614ce13de3	חוקק	2	PST.3MSG|IMP.2MSG	PST.3MSG	True	PIEL
unvocalized	LX-614ce13de3:U3	LX-614ce13de3	חוקקו	2	PST.3PL|IMP.2MPL	PST.3PL	True	PIEL
unvocalized	LX-614ce13de3:U4	LX-614ce13de3	תחוקק	2	FUT.2MSG|FUT.3FSG		False	PIEL
unvocalized	LX-614ce13de3:U5	LX-614ce13de3	תחוקקנה	2	FUT.2FPL|FUT.3FPL		False	PIEL
unvocalized	LX-614f488b75:U1	LX-614f488b75	רעית	2	PST.2MSG|PST.2FSG	PST.2MSG|PST.2FSG	False	PAAL
unvocalized	LX-614f488b75:U2	LX-614f488b75	רעה	2	PST.3MSG|IMP.2MSG	PST.3MSG	True	PAAL
unvocalized	LX-614f488b75:U3	LX-614f488b75	רעו	2	PST.3PL|IMP.2MPL	PST.3PL	True	PAAL
unvocalized	LX-614f488b75:U4	LX-614f488b75	רועה	2	PRS.MSG|PRS.FSG		False	PAAL
unvocalized	LX-614f488b75:U5	LX-614f488b75	תרעה	2	FUT.2MSG|FUT.3FSG		False	PAAL
unvocalized	LX-614f488b75:U6	LX-614f488b75	תרעינה	2	FUT.2FPL|FUT.3FPL		False	PAAL
unvocalized	LX-61535ef73a:U1	LX-61535ef73a	קינטרת	2	PST.2MSG|PST.2FSG	PST.2MSG|PST.2FSG	False	PIEL
unvocalized	LX-61535ef73a:U2	LX-61535ef73a	תקנטר	2	FUT.2MSG|FUT.3FSG		False	PIEL
unvocalized	LX-61535ef73a:U3	LX-61535ef73a	תקנטרנה	2	FUT.2FPL|FUT.3FPL		False	PIEL
unvocalized	LX-6165cd1c2a:U1	LX-6165cd1c2a	דיברת	2	PST.2MSG|PST.2FSG	PST.2MSG|PST.2FSG	False	PIEL
unvocalized	LX-6165cd1c2a:U2	LX-6165cd1c2a	תדבר	2	FUT.2MSG|FUT.3FSG		False	PIEL
unvocalized	LX-6165cd1c2a:U3	LX-6165cd1c2a	תדברנה	2	FUT.2FPL|FUT.3FPL		False	PIEL
unvocalized	LX-616836a354:U1	LX-616836a354	פורסמת	2	PST.2MSG|PST.2FSG	PST.2MSG|PST.2FSG	False	PUAL
unvocalized	LX-616836a354:U2	LX-616836a354	תפורסם	2	FUT.2MSG|FUT.3FSG		False	PUAL
unvocalized	LX-616836a354:U3	LX-616836a354	תפורסמנה	2	FUT.2FPL|FUT.3FPL		False	PUAL
unvocalized	LX-616f0e955d:U1	LX-616f0e955d	יצרת	2	PST.2MSG|PST.2FSG	PST.2MSG|PST.2FSG	False	PAAL
unvocalized	LX-616f0e955d:U2	LX-616f0e955d	תיצור	2	FUT.2MSG|FUT.3FSG		False	PAAL
unvocalized	LX-616f0e955d:U3	LX-616f0e955d	תיצורנה	2	FUT.2FPL|FUT.3FPL		False	PAAL
unvocalized	LX-618c338ae7:U1	LX-618c338ae7	קיטרת	2	PST.2MSG|PST.2FSG	PST.2MSG|PST.2FSG	False	PIEL
unvocalized	LX-618c338ae7:U2	LX-618c338ae7	תקטר	2	FUT.2MSG|FUT.3FSG		False	PIEL
unvocalized	LX-618c338ae7:U3	LX-618c338ae7	תקטרנה	2	FUT.2FPL|FUT.3FPL		False	PIEL
unvocalized	LX-6192a7a203:U1	LX-6192a7a203	הצחקת	2	PST.2MSG|PST.2FSG	PST.2MSG|PST.2FSG	False	HIFIL
unvocalized	LX-6192a7a203:U2	LX-6192a7a203	הצחיקו	2	PST.3PL|IMP.2MPL	PST.3PL	True	HIFIL
unvocalized	LX-6192a7a203:U3	LX-6192a7a203	תצחיק	2	FUT.2MSG|FUT.3FSG		False	HIFIL
unvocalized	LX-6192a7a203:U4	LX-6192a7a203	תצחקנה	2	FUT.2FPL|FUT.3FPL		False	HIFIL
unvocalized	LX-61a7d64f3c:U1	LX-61a7d64f3c	שילחת	2	PST.2MSG|PST.2FSG	PST.2MSG|PST.2FSG	False	PIEL
unvocalized	LX-61a7d64f3c:U2	LX-61a7d64f3c	תשלח	2	FUT.2MSG|FUT.3FSG		False	PIEL
unvocalized	LX-61a7d64f3c:U3	LX-61a7d64f3c	תשלחנה	2	FUT.2FPL|FUT.3FPL		False	PIEL
unvocalized	LX-61da2d7d4b:U1	LX-61da2d7d4b	הרשמת	2	PST.2MSG|PST.2FSG	PST.2MSG|PST.2FSG	False	HIFIL
unvocalized	LX-61da2d7d4b:U2	LX-61da2d7d4b	הרשימו	2	PST.3PL|IMP.2MPL	PST.3PL	True	HIFIL
unvocalized	LX-61da2d7d4b:U3	LX-61da2d7d4b	תרשים	2	FUT.2MSG|FUT.3FSG		False	HIFIL
unvocalized	LX-61da2d7d4b:U4	LX-61da2d7d4b	תרשמנה	2	FUT.2FPL|FUT.3FPL		False	HIFIL
unvocalized	LX-61f287b1a3:U1	LX-61f287b1a3	הצטערת	2	PST.2MSG|PST.2FSG	PST.2MSG|PST.2FSG	False	HITPAEL
unvocalized	LX-61f287b1a3:U2	LX-61f287b1a3	הצטער	2	PST.3MSG|IMP.2MSG	PST.3MSG	True	HITPAEL
unvocalized	LX-61f287b1a3:U3	LX-61f287b1a3	הצטערו	2	PST.3PL|IMP.2MPL	PST.3PL	True	HITPAEL
unvocalized	LX-61f287b1a3:U4	LX-61f287b1a3	תצטער	2	FUT.2MSG|FUT.3FSG		False	HITPAEL
unvocalized	LX-61f287b1a3:U5	LX-61f287b1a3	תצטערנה	2	FUT.2FPL|FUT.3FPL		False	HITPAEL
unvocalized	LX-6302ea5da3:U1	LX-6302ea5da3	אורת	2	PST.2MSG|PST.2FSG	PST.2MSG|PST.2FSG	False	PAAL
unvocalized	LX-6302ea5da3:U2	LX-6302ea5da3	אור	3	PST.3MSG|PRS.MSG|IMP.2MSG	PST.3MSG	True	PAAL
unvocalized	LX-6302ea5da3:U3	LX-6302ea5da3	אורה	2	PST.3FSG|PRS.FSG	PST.3FSG	True	PAAL
unvocalized	LX-6302ea5da3:U4	LX-6302ea5da3	אורו	2	PST.3PL|IMP.2MPL	PST.3PL	True	PAAL
unvocalized	LX-6302ea5da3:U5	LX-6302ea5da3	תאור	2	FUT.2MSG|FUT.3FSG		False	PAAL
unvocalized	LX-6302ea5da3:U6	LX-6302ea5da3	תאורנה	2	FUT.2FPL|FUT.3FPL		False	PAAL
unvocalized	LX-63942d7ff8:U1	LX-63942d7ff8	נעת	2	PST.2MSG|PST.2FSG	PST.2MSG|PST.2FSG	False	PAAL
unvocalized	LX-63942d7ff8:U2	LX-63942d7ff8	נע	2	PST.3MSG|PRS.MSG	PST.3MSG	True	PAAL
unvocalized	LX-63942d7ff8:U3	LX-63942d7ff8	נעה	2	PST.3FSG|PRS.FSG	PST.3FSG	True	PAAL
unvocalized	LX-63942d7ff8:U4	LX-63942d7ff8	תנוע	2	FUT.2MSG|FUT.3FSG		False	PAAL
unvocalized	LX-63942d7ff8:U5	LX-63942d7ff8	תנענה	2	FUT.2FPL|FUT.3FPL		False	PAAL
unvocalized	LX-63ce11f077:U1	LX-63ce11f077	הזעת	2	PST.2MSG|PST.2FSG	PST.2MSG|PST.2FSG	False	HIFIL
unvocalized	LX-63ce11f077:U2	LX-63ce11f077	הזיעו	2	PST.3PL|IMP.2MPL	PST.3PL	True	HIFIL
unvocalized	LX-63ce11f077:U3	LX-63ce11f077	תזיע	2	FUT.2MSG|FUT.3FSG		False	HIFIL
unvocalized	LX-63ce11f077:U4	LX-63ce11f077	תזענה	2	FUT.2FPL|FUT.3FPL		False	HIFIL
unvocalized	LX-63dde3ef4d:U1	LX-63dde3ef4d	קרעת	2	PST.2MSG|PST.2FSG	PST.2MSG|PST.2FSG	False	PAAL
unvocalized	LX-63dde3ef4d:U2	LX-63dde3ef4d	קרע	2	PST.3MSG|IMP.2MSG	PST.3MSG	True	PAAL
unvocalized	LX-63dde3ef4d:U3	LX-63dde3ef4d	קרעו	2	PST.3PL|IMP.2MPL	PST.3PL	True	PAAL
unvocalized	LX-63dde3ef4d:U4	LX-63dde3ef4d	תקרע	2	FUT.2MSG|FUT.3FSG		False	PAAL
unvocalized	LX-63dde3ef4d:U5	LX-63dde3ef4d	תקרענה	2	FUT.2FPL|FUT.3FPL		False	PAAL
unvocalized	LX-63e03e9768:U1	LX-63e03e9768	ריפאת	2	PST.2MSG|PST.2FSG	PST.2MSG|PST.2FSG	False	PIEL
unvocalized	LX-63e03e9768:U2	LX-63e03e9768	תרפא	2	FUT.2MSG|FUT.3FSG		False	PIEL
unvocalized	LX-63e03e9768:U3	LX-63e03e9768	תרפאנה	2	FUT.2FPL|FUT.3FPL		False	PIEL
unvocalized	LX-63e472a7fb:U1	LX-63e472a7fb	דיכאת	2	PST.2MSG|PST.2FSG	PST.2MSG|PST.2FSG	False	PIEL
unvocalized	LX-63e472a7fb:U2	LX-63e472a7fb	תדכא	2	FUT.2MSG|FUT.3FSG		False	PIEL
unvocalized	LX-63e472a7fb:U3	LX-63e472a7fb	תדכאנה	2	FUT.2FPL|FUT.3FPL		False	PIEL
unvocalized	LX-63fbaf3997:U1	LX-63fbaf3997	תפסת	2	PST.2MSG|PST.2FSG	PST.2MSG|PST.2FSG	False	PAAL
unvocalized	LX-63fbaf3997:U2	LX-63fbaf3997	תפסו	2	PST.3PL|IMP.2MPL	PST.3PL	True	PAAL
unvocalized	LX-63fbaf3997:U3	LX-63fbaf3997	תתפוס	2	FUT.2MSG|FUT.3FSG		False	PAAL
unvocalized	LX-63fbaf3997:U4	LX-63fbaf3997	תתפוסנה	2	FUT.2FPL|FUT.3FPL		False	PAAL
unvocalized	LX-63fea149d4:U1	LX-63fea149d4	השלכת	2	PST.2MSG|PST.2FSG	PST.2MSG|PST.2FSG	False	HIFIL
unvocalized	LX-63fea149d4:U2	LX-63fea149d4	השליכו	2	PST.3PL|IMP.2MPL	PST.3PL	True	HIFIL
unvocalized	LX-63fea149d4:U3	LX-63fea149d4	תשליך	2	FUT.2MSG|FUT.3FSG		False	HIFIL
unvocalized	LX-63fea149d4:U4	LX-63fea149d4	תשלכנה	2	FUT.2FPL|FUT.3FPL		False	HIFIL
unvocalized	LX-64be2b7b0e:U1	LX-64be2b7b0e	עטית	2	PST.2MSG|PST.2FSG	PST.2MSG|PST.2FSG	False	PAAL
unvocalized	LX-64be2b7b0e:U2	LX-64be2b7b0e	עטה	2	PST.3MSG|IMP.2MSG	PST.3MSG	True	PAAL
unvocalized	LX-64be2b7b0e:U3	LX-64be2b7b0e	עטו	2	PST.3PL|IMP.2MPL	PST.3PL	True	PAAL
unvocalized	LX-64be2b7b0e:U4	LX-64be2b7b0e	עוטה	2	PRS.MSG|PRS.FSG		False	PAAL
unvocalized	LX-64be2b7b0e:U5	LX-64be2b7b0e	תעטה	2	FUT.2MSG|FUT.3FSG		False	PAAL
unvocalized	LX-64be2b7b0e:U6	LX-64be2b7b0e	תעטינה	2	FUT.2FPL|FUT.3FPL		False	PAAL
unvocalized	LX-64f0bf6e84:U1	LX-64f0bf6e84	רחצת	2	PST.2MSG|PST.2FSG	PST.2MSG|PST.2FSG	False	PAAL
unvocalized	LX-64f0bf6e84:U2	LX-64f0bf6e84	רחץ	2	PST.3MSG|IMP.2MSG	PST.3MSG	True	PAAL
unvocalized	LX-64f0bf6e84:U3	LX-64f0bf6e84	רחצו	2	PST.3PL|IMP.2MPL	PST.3PL	True	PAAL
unvocalized	LX-64f0bf6e84:U4	LX-64f0bf6e84	תרחץ	2	FUT.2MSG|FUT.3FSG		False	PAAL
unvocalized	LX-64f0bf6e84:U5	LX-64f0bf6e84	תרחצנה	2	FUT.2FPL|FUT.3FPL		False	PAAL
unvocalized	LX-64f2d1b9b5:U1	LX-64f2d1b9b5	עקדת	2	PST.2MSG|PST.2FSG	PST.2MSG|PST.2FSG	False	PAAL
unvocalized	LX-64f2d1b9b5:U2	LX-64f2d1b9b5	עקדה	2	PST.3FSG|MSDR	PST.3FSG	True	PAAL
unvocalized	LX-64f2d1b9b5:U3	LX-64f2d1b9b5	עקדו	2	PST.3PL|IMP.2MPL	PST.3PL	True	PAAL
unvocalized	LX-64f2d1b9b5:U4	LX-64f2d1b9b5	תעקוד	2	FUT.2MSG|FUT.3FSG		False	PAAL
unvocalized	LX-64f2d1b9b5:U5	LX-64f2d1b9b5	תעקודנה	2	FUT.2FPL|FUT.3FPL		False	PAAL
unvocalized	LX-662bb44764:U1	LX-662bb44764	התאהבת	2	PST.2MSG|PST.2FSG	PST.2MSG|PST.2FSG	False	HITPAEL
unvocalized	LX-662bb44764:U2	LX-662bb44764	התאהב	2	PST.3MSG|IMP.2MSG	PST.3MSG	True	HITPAEL
unvocalized	LX-662bb44764:U3	LX-662bb44764	התאהבו	2	PST.3PL|IMP.2MPL	PST.3PL	True	HITPAEL
unvocalized	LX-662bb44764:U4	LX-662bb44764	תתאהב	2	FUT.2MSG|FUT.3FSG		False	HITPAEL
unvocalized	LX-662bb44764:U5	LX-662bb44764	תתאהבנה	2	FUT.2FPL|FUT.3FPL		False	HITPAEL
unvocalized	LX-66f2569f15:U1	LX-66f2569f15	נגהת	2	PST.2MSG|PST.2FSG	PST.2MSG|PST.2FSG	False	PAAL
unvocalized	LX-66f2569f15:U2	LX-66f2569f15	נגה	2	PST.3MSG|IMP.2MSG	PST.3MSG	True	PAAL
unvocalized	LX-66f2569f15:U3	LX-66f2569f15	נגהו	2	PST.3PL|IMP.2MPL	PST.3PL	True	PAAL
unvocalized	LX-66f2569f15:U4	LX-66f2569f15	תיגה	2	FUT.2MSG|FUT.3FSG		False	PAAL
unvocalized	LX-66f2569f15:U5	LX-66f2569f15	תיגהנה	2	FUT.2FPL|FUT.3FPL		False	PAAL
unvocalized	LX-6703d1bf91:U1	LX-6703d1bf91	תרמת	2	PST.2MSG|PST.2FSG	PST.2MSG|PST.2FSG	False	PAAL
unvocalized	LX-6703d1bf91:U2	LX-6703d1bf91	תרמו	2	PST.3PL|IMP.2MPL	PST.3PL	True	PAAL
unvocalized	LX-6703d1bf91:U3	LX-6703d1bf91	תתרום	2	FUT.2MSG|FUT.3FSG		False	PAAL
unvocalized	LX-6703d1bf91:U4	LX-6703d1bf91	תתרומנה	2	FUT.2FPL|FUT.3FPL		False	PAAL
unvocalized	LX-675c10f4a7:U1	LX-675c10f4a7	טונפת	2	PST.2MSG|PST.2FSG	PST.2MSG|PST.2FSG	False	PUAL
unvocalized	LX-675c10f4a7:U2	LX-675c10f4a7	תטונף	2	FUT.2MSG|FUT.3FSG		False	PUAL
unvocalized	LX-675c10f4a7:U3	LX-675c10f4a7	תטונפנה	2	FUT.2FPL|FUT.3FPL		False	PUAL
unvocalized	LX-6777e52d42:U1	LX-6777e52d42	פיצית	2	PST.2MSG|PST.2FSG	PST.2MSG|PST.2FSG	False	PIEL
unvocalized	LX-6777e52d42:U2	LX-6777e52d42	מפצה	2	PRS.MSG|PRS.FSG		False	PIEL
unvocalized	LX-6777e52d42:U3	LX-6777e52d42	תפצה	2	FUT.2MSG|FUT.3FSG		False	PIEL
unvocalized	LX-6777e52d42:U4	LX-6777e52d42	תפצינה	2	FUT.2FPL|FUT.3FPL		False	PIEL
unvocalized	LX-67c9dc861d:U1	LX-67c9dc861d	הבלעת	2	PST.2MSG|PST.2FSG	PST.2MSG|PST.2FSG	False	
unvocalized	LX-67c9dc861d:U2	LX-67c9dc861d	הבליעו	2	PST.3PL|IMP.2MPL	PST.3PL	True	
unvocalized	LX-67c9dc861d:U3	LX-67c9dc861d	תבליע	2	FUT.2MSG|FUT.3FSG		False	
unvocalized	LX-67c9dc861d:U4	LX-67c9dc861d	תבלענה	2	FUT.2FPL|FUT.3FPL		False	
unvocalized	LX-67d6ca1efe:U1	LX-67d6ca1efe	רופאת	2	PST.2MSG|PST.2FSG	PST.2MSG|PST.2FSG	False	
unvocalized	LX-67d6ca1efe:U2	LX-67d6ca1efe	תרופא	2	FUT.2MSG|FUT.3FSG		False	
unvocalized	LX-67d6ca1efe:U3	LX-67d6ca1efe	תרופאנה	2	FUT.2FPL|FUT.3FPL		False	
unvocalized	LX-67def93c2e:U1	LX-67def93c2e	חיללת	2	PST.2MSG|PST.2FSG	PST.2MSG|PST.2FSG	False	PIEL
unvocalized	LX-67def93c2e:U2	LX-67def93c2e	תחלל	2	FUT.2MSG|FUT.3FSG		False	PIEL
unvocalized	LX-67def93c2e:U3	LX-67def93c2e	תחללנה	2	FUT.2FPL|FUT.3FPL		False	PIEL
unvocalized	LX-67dfe7696c:U1	LX-67dfe7696c	סיבסדת	2	PST.2MSG|PST.2FSG	PST.2MSG|PST.2FSG	False	PIEL
unvocalized	LX-67dfe7696c:U2	LX-67dfe7696c	תסבסד	2	FUT.2MSG|FUT.3FSG		False	PIEL
unvocalized	LX-67dfe7696c:U3	LX-67dfe7696c	תסבסדנה	2	FUT.2FPL|FUT.3FPL		False	PIEL
unvocalized	LX-68486119bb:U1	LX-68486119bb	שבעת	2	PST.2MSG|PST.2FSG	PST.2MSG|PST.2FSG	False	PAAL
unvocalized	LX-68486119bb:U2	LX-68486119bb	שבע	3	PST.3MSG|PRS.MSG|IMP.2MSG	PST.3MSG	True	PAAL
unvocalized	LX-68486119bb:U3	LX-68486119bb	שבעה	2	PST.3FSG|PRS.FSG	PST.3FSG	True	PAAL
unvocalized	LX-68486119bb:U4	LX-68486119bb	שבעו	2	PST.3PL|IMP.2MPL	PST.3PL	True	PAAL
unvocalized	LX-68486119bb:U5	LX-68486119bb	תשבע	2	FUT.2MSG|FUT.3FSG		False	PAAL
unvocalized	LX-68486119bb:U6	LX-68486119bb	תשבענה	2	FUT.2FPL|FUT.3FPL		False	PAAL
unvocalized	LX-685d8477f8:U1	LX-685d8477f8	תרת	2	PST.2MSG|PST.2FSG	PST.2MSG|PST.2FSG	False	PAAL
unvocalized	LX-685d8477f8:U2	LX-685d8477f8	תר	2	PST.3MSG|PRS.MSG	PST.3MSG	True	PAAL
unvocalized	LX-685d8477f8:U3	LX-685d8477f8	תרה	2	PST.3FSG|PRS.FSG	PST.3FSG	True	PAAL
unvocalized	LX-685d8477f8:U4	LX-685d8477f8	תתור	2	FUT.2MSG|FUT.3FSG		False	PAAL
unvocalized	LX-685d8477f8:U5	LX-685d8477f8	תתורנה	2	FUT.2FPL|FUT.3FPL		False	PAAL
unvocalized	LX-68707e7af8:U1	LX-68707e7af8	ניחשת	2	PST.2MSG|PST.2FSG	PST.2MSG|PST.2FSG	False	PIEL
unvocalized	LX-68707e7af8:U2	LX-68707e7af8	תנחש	2	FUT.2MSG|FUT.3FSG		False	PIEL
unvocalized	LX-68707e7af8:U3	LX-68707e7af8	תנחשנה	2	FUT.2FPL|FUT.3FPL		False	PIEL
unvocalized	LX-68c5c9f516:U1	LX-68c5c9f516	חיטאת	2	PST.2MSG|PST.2FSG	PST.2MSG|PST.2FSG	False	
unvocalized	LX-68c5c9f516:U2	LX-68c5c9f516	תחטא	2	FUT.2MSG|FUT.3FSG		False	
unvocalized	LX-68c5c9f516:U3	LX-68c5c9f516	תחטאנה	2	FUT.2FPL|FUT.3FPL		False	
unvocalized	LX-68f4d3f8ce:U1	LX-68f4d3f8ce	עילפת	2	PST.2MSG|PST.2FSG	PST.2MSG|PST.2FSG	False	
unvocalized	LX-68f4d3f8ce:U2	LX-68f4d3f8ce	תעלף	2	FUT.2MSG|FUT.3FSG		False	
unvocalized	LX-68f4d3f8ce:U3	LX-68f4d3f8ce	תעלפנה	2	FUT.2FPL|FUT.3FPL		False	
unvocalized	LX-6920078ed1:U1	LX-6920078ed1	שנאת	2	PST.2MSG|PST.2FSG	PST.2MSG|PST.2FSG	False	PAAL
unvocalized	LX-6920078ed1:U2	LX-6920078ed1	שנא	2	PST.3MSG|IMP.2MSG	PST.3MSG	True	PAAL
unvocalized	LX-6920078ed1:U3	LX-6920078ed1	שנאו	2	PST.3PL|IMP.2MPL	PST.3PL	True	PAAL
unvocalized	LX-6920078ed1:U4	LX-6920078ed1	תשנא	2	FUT.2MSG|FUT.3FSG		False	PAAL
unvocalized	LX-6920078ed1:U5	LX-6920078ed1	תשנאנה	2	FUT.2FPL|FUT.3FPL		False	PAAL
unvocalized	LX-69c35ed59d:U1	LX-69c35ed59d	קיבעת	2	PST.2MSG|PST.2FSG	PST.2MSG|PST.2FSG	False	PIEL
unvocalized	LX-69c35ed59d:U2	LX-69c35ed59d	תקבע	2	FUT.2MSG|FUT.3FSG		False	PIEL
unvocalized	LX-69c35ed59d:U3	LX-69c35ed59d	תקבענה	2	FUT.2FPL|FUT.3FPL		False	PIEL
unvocalized	LX-6a29cabe35:U1	LX-6a29cabe35	יצאת	2	PST.2MSG|PST.2FSG	PST.2MSG|PST.2FSG	False	PAAL
unvocalized	LX-6a29cabe35:U2	LX-6a29cabe35	יצא	2	PST.3MSG|FUT.3MSG	PST.3MSG	True	PAAL
unvocalized	LX-6a29cabe35:U3	LX-6a29cabe35	יצאו	2	PST.3PL|FUT.3MPL	PST.3PL	True	PAAL
unvocalized	LX-6a29cabe35:U4	LX-6a29cabe35	תצא	2	FUT.2MSG|FUT.3FSG		False	PAAL
unvocalized	LX-6a29cabe35:U5	LX-6a29cabe35	תצאנה	2	FUT.2FPL|FUT.3FPL		False	PAAL
unvocalized	LX-6a5d73ad1f:U1	LX-6a5d73ad1f	גירית	2	PST.2MSG|PST.2FSG	PST.2MSG|PST.2FSG	False	PIEL
unvocalized	LX-6a5d73ad1f:U2	LX-6a5d73ad1f	מגרה	2	PRS.MSG|PRS.FSG		False	PIEL
unvocalized	LX-6a5d73ad1f:U3	LX-6a5d73ad1f	תגרה	2	FUT.2MSG|FUT.3FSG		False	PIEL
unvocalized	LX-6a5d73ad1f:U4	LX-6a5d73ad1f	תגרינה	2	FUT.2FPL|FUT.3FPL		False	PIEL
unvocalized	LX-6a8efafe61:U1	LX-6a8efafe61	הפצת	2	PST.2MSG|PST.2FSG	PST.2MSG|PST.2FSG	False	
unvocalized	LX-6a8efafe61:U2	LX-6a8efafe61	הפיצו	2	PST.3PL|IMP.2MPL	PST.3PL	True	
unvocalized	LX-6a8efafe61:U3	LX-6a8efafe61	תפיץ	2	FUT.2MSG|FUT.3FSG		False	
unvocalized	LX-6a8efafe61:U4	LX-6a8efafe61	תפצנה	2	FUT.2FPL|FUT.3FPL		False	
unvocalized	LX-6a99ad64fb:U1	LX-6a99ad64fb	השתתפת	2	PST.2MSG|PST.2FSG	PST.2MSG|PST.2FSG	False	HITPAEL
unvocalized	LX-6a99ad64fb:U2	LX-6a99ad64fb	השתתף	2	PST.3MSG|IMP.2MSG	PST.3MSG	True	HITPAEL
unvocalized	LX-6a99ad64fb:U3	LX-6a99ad64fb	השתתפו	2	PST.3PL|IMP.2MPL	PST.3PL	True	HITPAEL
unvocalized	LX-6a99ad64fb:U4	LX-6a99ad64fb	תשתתף	2	FUT.2MSG|FUT.3FSG		False	HITPAEL
unvocalized	LX-6a99ad64fb:U5	LX-6a99ad64fb	תשתתפנה	2	FUT.2FPL|FUT.3FPL		False	HITPAEL
unvocalized	LX-6b0d107388:U1	LX-6b0d107388	הצלחת	2	PST.2MSG|PST.2FSG	PST.2MSG|PST.2FSG	False	HIFIL
unvocalized	LX-6b0d107388:U2	LX-6b0d107388	הצליחו	2	PST.3PL|IMP.2MPL	PST.3PL	True	HIFIL
unvocalized	LX-6b0d107388:U3	LX-6b0d107388	תצליח	2	FUT.2MSG|FUT.3FSG		False	HIFIL
unvocalized	LX-6b0d107388:U4	LX-6b0d107388	תצלחנה	2	FUT.2FPL|FUT.3FPL		False	HIFIL
unvocalized	LX-6b26f6ae8c:U1	LX-6b26f6ae8c	נשמת	2	PST.2MSG|PST.2FSG	PST.2MSG|PST.2FSG	False	PAAL
unvocalized	LX-6b26f6ae8c:U2	LX-6b26f6ae8c	נשמו	2	PST.3PL|IMP.2MPL	PST.3PL	True	PAAL
unvocalized	LX-6b26f6ae8c:U3	LX-6b26f6ae8c	תנשום	2	FUT.2MSG|FUT.3FSG		False	PAAL
unvocalized	LX-6b26f6ae8c:U4	LX-6b26f6ae8c	תנשומנה	2	FUT.2FPL|FUT.3FPL		False	PAAL
unvocalized	LX-6b83b9c2bd:U1	LX-6b83b9c2bd	גילחת	2	PST.2MSG|PST.2FSG	PST.2MSG|PST.2FSG	False	PIEL
unvocalized	LX-6b83b9c2bd:U2	LX-6b83b9c2bd	תגלח	2	FUT.2MSG|FUT.3FSG		False	PIEL
unvocalized	LX-6b83b9c2bd:U3	LX-6b83b9c2bd	תגלחנה	2	FUT.2FPL|FUT.3FPL		False	PIEL
unvocalized	LX-6b869159a4:U1	LX-6b869159a4	השגת	2	PST.2MSG|PST.2FSG	PST.2MSG|PST.2FSG	False	HIFIL
unvocalized	LX-6b869159a4:U2	LX-6b869159a4	השיגו	2	PST.3PL|IMP.2MPL	PST.3PL	True	HIFIL
unvocalized	LX-6b869159a4:U3	LX-6b869159a4	תשיג	2	FUT.2MSG|FUT.3FSG		False	HIFIL
unvocalized	LX-6b869159a4:U4	LX-6b869159a4	תשגנה	2	FUT.2FPL|FUT.3FPL		False	HIFIL
unvocalized	LX-6b94440c9f:U1	LX-6b94440c9f	נהרגת	3	PST.2MSG|PST.2FSG|PRS.FSG	PST.2MSG|PST.2FSG	True	NIFAL
unvocalized	LX-6b94440c9f:U2	LX-6b94440c9f	נהרג	2	PST.3MSG|PRS.MSG	PST.3MSG	True	NIFAL
unvocalized	LX-6b94440c9f:U3	LX-6b94440c9f	תיהרג	2	FUT.2MSG|FUT.3FSG		False	NIFAL
unvocalized	LX-6b94440c9f:U4	LX-6b94440c9f	תיהרגנה	2	FUT.2FPL|FUT.3FPL		False	NIFAL
unvocalized	LX-6bdcd8bb1b:U1	LX-6bdcd8bb1b	פושטת	2	PST.2MSG|PST.2FSG	PST.2MSG|PST.2FSG	False	PUAL
unvocalized	LX-6bdcd8bb1b:U2	LX-6bdcd8bb1b	תפושט	2	FUT.2MSG|FUT.3FSG		False	PUAL
unvocalized	LX-6bdcd8bb1b:U3	LX-6bdcd8bb1b	תפושטנה	2	FUT.2FPL|FUT.3FPL		False	PUAL
unvocalized	LX-6c1729499c:U1	LX-6c1729499c	בנת	2	PST.2MSG|PST.2FSG	PST.2MSG|PST.2FSG	False	PAAL
unvocalized	LX-6c1729499c:U2	LX-6c1729499c	בן	2	PST.3MSG|PRS.MSG	PST.3MSG	True	PAAL
unvocalized	LX-6c1729499c:U3	LX-6c1729499c	בנה	3	PST.3FSG|PRS.FSG|IMP.2FPL	PST.3FSG	True	PAAL
unvocalized	LX-6c1729499c:U4	LX-6c1729499c	בנו	2	PST.1PL|PST.3PL	PST.1PL|PST.3PL	False	PAAL
unvocalized	LX-6c1729499c:U5	LX-6c1729499c	תבין	2	FUT.2MSG|FUT.3FSG		False	PAAL
unvocalized	LX-6c1729499c:U6	LX-6c1729499c	תבנה	2	FUT.2FPL|FUT.3FPL		False	PAAL
unvocalized	LX-6c9df5203f:U1	LX-6c9df5203f	התחבאת	2	PST.2MSG|PST.2FSG	PST.2MSG|PST.2FSG	False	
unvocalized	LX-6c9df5203f:U2	LX-6c9df5203f	התחבא	2	PST.3MSG|IMP.2MSG	PST.3MSG	True	
unvocalized	LX-6c9df5203f:U3	LX-6c9df5203f	התחבאו	2	PST.3PL|IMP.2MPL	PST.3PL	True	
unvocalized	LX-6c9df5203f:U4	LX-6c9df5203f	תתחבא	2	FUT.2MSG|FUT.3FSG		False	
unvocalized	LX-6c9df5203f:U5	LX-6c9df5203f	תתחבאנה	2	FUT.2FPL|FUT.3FPL		False	
unvocalized	LX-6caaa1a224:U1	LX-6caaa1a224	בעטת	2	PST.2MSG|PST.2FSG	PST.2MSG|PST.2FSG	False	PAAL
unvocalized	LX-6caaa1a224:U2	LX-6caaa1a224	בעט	2	PST.3MSG|IMP.2MSG	PST.3MSG	True	PAAL
unvocalized	LX-6caaa1a224:U3	LX-6caaa1a224	בעטו	2	PST.3PL|IMP.2MPL	PST.3PL	True	PAAL
unvocalized	LX-6caaa1a224:U4	LX-6caaa1a224	תבעט	2	FUT.2MSG|FUT.3FSG		False	PAAL
unvocalized	LX-6caaa1a224:U5	LX-6caaa1a224	תבעטנה	2	FUT.2FPL|FUT.3FPL		False	PAAL
unvocalized	LX-6ce2aab235:U1	LX-6ce2aab235	סונכרנת	2	PST.2MSG|PST.2FSG	PST.2MSG|PST.2FSG	False	
unvocalized	LX-6ce2aab235:U2	LX-6ce2aab235	סונכרנו	2	PST.1PL|PST.3PL	PST.1PL|PST.3PL	False	
unvocalized	LX-6ce2aab235:U3	LX-6ce2aab235	תסונכרן	2	FUT.2MSG|FUT.3FSG		False	
unvocalized	LX-6ce2aab235:U4	LX-6ce2aab235	תסונכרנה	2	FUT.2FPL|FUT.3FPL		False	
unvocalized	LX-6ce95ca814:U1	LX-6ce95ca814	גרבת	2	PST.2MSG|PST.2FSG	PST.2MSG|PST.2FSG	False	PAAL
unvocalized	LX-6ce95ca814:U2	LX-6ce95ca814	גרבו	2	PST.3PL|IMP.2MPL	PST.3PL	True	PAAL
unvocalized	LX-6ce95ca814:U3	LX-6ce95ca814	תגרוב	2	FUT.2MSG|FUT.3FSG		False	PAAL
unvocalized	LX-6ce95ca814:U4	LX-6ce95ca814	תגרובנה	2	FUT.2FPL|FUT.3FPL		False	PAAL
unvocalized	LX-6d31183415:U1	LX-6d31183415	ירדת	2	PST.2MSG|PST.2FSG	PST.2MSG|PST.2FSG	False	PAAL
unvocalized	LX-6d31183415:U2	LX-6d31183415	ירד	2	PST.3MSG|FUT.3MSG	PST.3MSG	True	PAAL
unvocalized	LX-6d31183415:U3	LX-6d31183415	ירדו	2	PST.3PL|FUT.3MPL	PST.3PL	True	PAAL
unvocalized	LX-6d31183415:U4	LX-6d31183415	תרד	2	FUT.2MSG|FUT.3FSG		False	PAAL
unvocalized	LX-6d31183415:U5	LX-6d31183415	תרדנה	2	FUT.2FPL|FUT.3FPL		False	PAAL
unvocalized	LX-6d4848df9d:U1	LX-6d4848df9d	הקרת	2	PST.2MSG|PST.2FSG	PST.2MSG|PST.2FSG	False	HIFIL
unvocalized	LX-6d4848df9d:U2	LX-6d4848df9d	הקר	2	PST.3MSG|IMP.2MSG	PST.3MSG	True	HIFIL
unvocalized	LX-6d4848df9d:U3	LX-6d4848df9d	הקרו	2	PST.3PL|IMP.2MPL	PST.3PL	True	HIFIL
unvocalized	LX-6d4848df9d:U4	LX-6d4848df9d	תקר	2	FUT.2MSG|FUT.3FSG		False	HIFIL
unvocalized	LX-6d4848df9d:U5	LX-6d4848df9d	תקרנה	2	FUT.2FPL|FUT.3FPL		False	HIFIL
unvocalized	LX-6d49275d16:U1	LX-6d49275d16	טעמת	2	PST.2MSG|PST.2FSG	PST.2MSG|PST.2FSG	False	PAAL
unvocalized	LX-6d49275d16:U2	LX-6d49275d16	טעם	2	PST.3MSG|IMP.2MSG	PST.3MSG	True	PAAL
unvocalized	LX-6d49275d16:U3	LX-6d49275d16	טעמו	2	PST.3PL|IMP.2MPL	PST.3PL	True	PAAL
unvocalized	LX-6d49275d16:U4	LX-6d49275d16	תטעם	2	FUT.2MSG|FUT.3FSG		False	PAAL
unvocalized	LX-6d49275d16:U5	LX-6d49275d16	תטעמנה	2	FUT.2FPL|FUT.3FPL		False	PAAL
unvocalized	LX-6d612f84c0:U1	LX-6d612f84c0	העזת	2	PST.2MSG|PST.2FSG	PST.2MSG|PST.2FSG	False	HIFIL
unvocalized	LX-6d612f84c0:U2	LX-6d612f84c0	העז	2	PST.3MSG|IMP.2MSG	PST.3MSG	True	HIFIL
unvocalized	LX-6d612f84c0:U3	LX-6d612f84c0	העזה	2	PST.3FSG|MSDR	PST.3FSG	True	HIFIL
unvocalized	LX-6d612f84c0:U4	LX-6d612f84c0	העזו	2	PST.3PL|IMP.2MPL	PST.3PL	True	HIFIL
unvocalized	LX-6d612f84c0:U5	LX-6d612f84c0	תעז	2	FUT.2MSG|FUT.3FSG		False	HIFIL
unvocalized	LX-6d612f84c0:U6	LX-6d612f84c0	תעזנה	2	FUT.2FPL|FUT.3FPL		False	HIFIL
unvocalized	LX-6d643f462e:U1	LX-6d643f462e	התרגשת	2	PST.2MSG|PST.2FSG	PST.2MSG|PST.2FSG	False	HITPAEL
unvocalized	LX-6d643f462e:U2	LX-6d643f462e	התרגש	2	PST.3MSG|IMP.2MSG	PST.3MSG	True	HITPAEL
unvocalized	LX-6d643f462e:U3	LX-6d643f462e	התרגשו	2	PST.3PL|IMP.2MPL	PST.3PL	True	HITPAEL
unvocalized	LX-6d643f462e:U4	LX-6d643f462e	תתרגש	2	FUT.2MSG|FUT.3FSG		False	HITPAEL
unvocalized	LX-6d643f462e:U5	LX-6d643f462e	תתרגשנה	2	FUT.2FPL|FUT.3FPL		False	HITPAEL
unvocalized	LX-6d85cac134:U1	LX-6d85cac134	הצבעת	2	PST.2MSG|PST.2FSG	PST.2MSG|PST.2FSG	False	HIFIL
unvocalized	LX-6d85cac134:U2	LX-6d85cac134	הצביעו	2	PST.3PL|IMP.2MPL	PST.3PL	True	HIFIL
unvocalized	LX-6d85cac134:U3	LX-6d85cac134	תצביע	2	FUT.2MSG|FUT.3FSG		False	HIFIL
unvocalized	LX-6d85cac134:U4	LX-6d85cac134	תצבענה	2	FUT.2FPL|FUT.3FPL		False	HIFIL
unvocalized	LX-6df509260e:U1	LX-6df509260e	פיקדת	2	PST.2MSG|PST.2FSG	PST.2MSG|PST.2FSG	False	PIEL
unvocalized	LX-6df509260e:U2	LX-6df509260e	תפקד	2	FUT.2MSG|FUT.3FSG		False	PIEL
unvocalized	LX-6df509260e:U3	LX-6df509260e	תפקדנה	2	FUT.2FPL|FUT.3FPL		False	PIEL
unvocalized	LX-6e20d2b2c4:U1	LX-6e20d2b2c4	ידית	2	PST.2MSG|PST.2FSG	PST.2MSG|PST.2FSG	False	PAAL
unvocalized	LX-6e20d2b2c4:U2	LX-6e20d2b2c4	ידה	2	PST.3MSG|IMP.2MSG	PST.3MSG	True	PAAL
unvocalized	LX-6e20d2b2c4:U3	LX-6e20d2b2c4	ידו	2	PST.3PL|IMP.2MPL	PST.3PL	True	PAAL
unvocalized	LX-6e20d2b2c4:U4	LX-6e20d2b2c4	יודה	2	PRS.MSG|PRS.FSG		False	PAAL
unvocalized	LX-6e20d2b2c4:U5	LX-6e20d2b2c4	תידה	2	FUT.2MSG|FUT.3FSG		False	PAAL
unvocalized	LX-6e20d2b2c4:U6	LX-6e20d2b2c4	תידינה	2	FUT.2FPL|FUT.3FPL		False	PAAL
unvocalized	LX-6e4190a5e7:U1	LX-6e4190a5e7	קרית	2	PST.2MSG|PST.2FSG	PST.2MSG|PST.2FSG	False	PAAL
unvocalized	LX-6e4190a5e7:U2	LX-6e4190a5e7	קרה	2	PST.3MSG|IMP.2MSG	PST.3MSG	True	PAAL
unvocalized	LX-6e4190a5e7:U3	LX-6e4190a5e7	קרו	2	PST.3PL|IMP.2MPL	PST.3PL	True	PAAL
unvocalized	LX-6e4190a5e7:U4	LX-6e4190a5e7	קורה	2	PRS.MSG|PRS.FSG		False	PAAL
unvocalized	LX-6e4190a5e7:U5	LX-6e4190a5e7	תקרה	2	FUT.2MSG|FUT.3FSG		False	PAAL
unvocalized	LX-6e4190a5e7:U6	LX-6e4190a5e7	תקרינה	2	FUT.2FPL|FUT.3FPL		False	PAAL
unvocalized	LX-6ed9158543:U1	LX-6ed9158543	הרבית	2	PST.2MSG|PST.2FSG	PST.2MSG|PST.2FSG	False	HIFIL
unvocalized	LX-6ed9158543:U2	LX-6ed9158543	הרבה	2	PST.3MSG|IMP.2MSG	PST.3MSG	True	HIFIL
unvocalized	LX-6ed9158543:U3	LX-6ed9158543	הרבו	2	PST.3PL|IMP.2MPL	PST.3PL	True	HIFIL
unvocalized	LX-6ed9158543:U4	LX-6ed9158543	מרבה	2	PRS.MSG|PRS.FSG		False	HIFIL
unvocalized	LX-6ed9158543:U5	LX-6ed9158543	תרבה	2	FUT.2MSG|FUT.3FSG		False	HIFIL
unvocalized	LX-6ed9158543:U6	LX-6ed9158543	תרבינה	2	FUT.2FPL|FUT.3FPL		False	HIFIL
unvocalized	LX-6ee86465c8:U1	LX-6ee86465c8	סרת	2	PST.2MSG|PST.2FSG	PST.2MSG|PST.2FSG	False	PAAL
unvocalized	LX-6ee86465c8:U2	LX-6ee86465c8	סר	2	PST.3MSG|PRS.MSG	PST.3MSG	True	PAAL
unvocalized	LX-6ee86465c8:U3	LX-6ee86465c8	סרה	2	PST.3FSG|PRS.FSG	PST.3FSG	True	PAAL
unvocalized	LX-6ee86465c8:U4	LX-6ee86465c8	תסור	2	FUT.2MSG|FUT.3FSG		False	PAAL
unvocalized	LX-6ee86465c8:U5	LX-6ee86465c8	תסורנה	2	FUT.2FPL|FUT.3FPL		False	PAAL
unvocalized	LX-6f0d46ab71:U1	LX-6f0d46ab71	התנסית	2	PST.2MSG|PST.2FSG	PST.2MSG|PST.2FSG	False	
unvocalized	LX-6f0d46ab71:U2	LX-6f0d46ab71	התנסה	2	PST.3MSG|IMP.2MSG	PST.3MSG	True	
unvocalized	LX-6f0d46ab71:U3	LX-6f0d46ab71	התנסו	2	PST.3PL|IMP.2MPL	PST.3PL	True	
unvocalized	LX-6f0d46ab71:U4	LX-6f0d46ab71	מתנסה	2	PRS.MSG|PRS.FSG		False	
unvocalized	LX-6f0d46ab71:U5	LX-6f0d46ab71	תתנסה	2	FUT.2MSG|FUT.3FSG		False	
unvocalized	LX-6f0d46ab71:U6	LX-6f0d46ab71	תתנסינה	2	FUT.2FPL|FUT.3FPL		False	
unvocalized	LX-6f25d226a9:U1	LX-6f25d226a9	התקלקלת	2	PST.2MSG|PST.2FSG	PST.2MSG|PST.2FSG	False	
unvocalized	LX-6f25d226a9:U2	LX-6f25d226a9	התקלקל	2	PST.3MSG|IMP.2MSG	PST.3MSG	True	
unvocalized	LX-6f25d226a9:U3	LX-6f25d226a9	התקלקלו	2	PST.3PL|IMP.2MPL	PST.3PL	True	
unvocalized	LX-6f25d226a9:U4	LX-6f25d226a9	תתקלקל	2	FUT.2MSG|FUT.3FSG		False	
unvocalized	LX-6f25d226a9:U5	LX-6f25d226a9	תתקלקלנה	2	FUT.2FPL|FUT.3FPL		False	
unvocalized	LX-6f3c35b207:U1	LX-6f3c35b207	דיממת	2	PST.2MSG|PST.2FSG	PST.2MSG|PST.2FSG	False	PIEL
unvocalized	LX-6f3c35b207:U2	LX-6f3c35b207	תדמם	2	FUT.2MSG|FUT.3FSG		False	PIEL
unvocalized	LX-6f3c35b207:U3	LX-6f3c35b207	תדממנה	2	FUT.2FPL|FUT.3FPL		False	PIEL
unvocalized	LX-6f57e0f547:U1	LX-6f57e0f547	ערבת	2	PST.2MSG|PST.2FSG	PST.2MSG|PST.2FSG	False	PAAL
unvocalized	LX-6f57e0f547:U2	LX-6f57e0f547	ערבו	2	PST.3PL|IMP.2MPL	PST.3PL	True	PAAL
unvocalized	LX-6f57e0f547:U3	LX-6f57e0f547	תערוב	2	FUT.2MSG|FUT.3FSG		False	PAAL
unvocalized	LX-6f57e0f547:U4	LX-6f57e0f547	תערובנה	2	FUT.2FPL|FUT.3FPL		False	PAAL
unvocalized	LX-6fb768555a:U1	LX-6fb768555a	הרעת	2	PST.2MSG|PST.2FSG	PST.2MSG|PST.2FSG	False	HIFIL
unvocalized	LX-6fb768555a:U2	LX-6fb768555a	הרע	2	PST.3MSG|IMP.2MSG	PST.3MSG	True	HIFIL
unvocalized	LX-6fb768555a:U3	LX-6fb768555a	הרעה	2	PST.3FSG|MSDR	PST.3FSG	True	HIFIL
unvocalized	LX-6fb768555a:U4	LX-6fb768555a	הרעו	2	PST.3PL|IMP.2MPL	PST.3PL	True	HIFIL
unvocalized	LX-6fb768555a:U5	LX-6fb768555a	תרע	2	FUT.2MSG|FUT.3FSG		False	HIFIL
unvocalized	LX-6fb768555a:U6	LX-6fb768555a	תרענה	2	FUT.2FPL|FUT.3FPL		False	HIFIL
unvocalized	LX-704e73012f:U1	LX-704e73012f	נשברת	3	PST.2MSG|PST.2FSG|PRS.FSG	PST.2MSG|PST.2FSG	True	NIFAL
unvocalized	LX-704e73012f:U2	LX-704e73012f	נשבר	2	PST.3MSG|PRS.MSG	PST.3MSG	True	NIFAL
unvocalized	LX-704e73012f:U3	LX-704e73012f	תישבר	2	FUT.2MSG|FUT.3FSG		False	NIFAL
unvocalized	LX-704e73012f:U4	LX-704e73012f	תישברנה	2	FUT.2FPL|FUT.3FPL		False	NIFAL
unvocalized	LX-70571d1b99:U1	LX-70571d1b99	הפלת	2	PST.2MSG|PST.2FSG	PST.2MSG|PST.2FSG	False	HIFIL
unvocalized	LX-70571d1b99:U2	LX-70571d1b99	הפילו	2	PST.3PL|IMP.2MPL	PST.3PL	True	HIFIL
unvocalized	LX-70571d1b99:U3	LX-70571d1b99	תפיל	2	FUT.2MSG|FUT.3FSG		False	HIFIL
unvocalized	LX-70571d1b99:U4	LX-70571d1b99	תפלנה	2	FUT.2FPL|FUT.3FPL		False	HIFIL
unvocalized	LX-70b2fa5dd7:U1	LX-70b2fa5dd7	רימית	2	PST.2MSG|PST.2FSG	PST.2MSG|PST.2FSG	False	PIEL
unvocalized	LX-70b2fa5dd7:U2	LX-70b2fa5dd7	מרמה	2	PRS.MSG|PRS.FSG		False	PIEL
unvocalized	LX-70b2fa5dd7:U3	LX-70b2fa5dd7	תרמה	2	FUT.2MSG|FUT.3FSG		False	PIEL
unvocalized	LX-70b2fa5dd7:U4	LX-70b2fa5dd7	תרמינה	2	FUT.2FPL|FUT.3FPL		False	PIEL
unvocalized	LX-7121c772bf:U1	LX-7121c772bf	נרגעת	3	PST.2MSG|PST.2FSG|PRS.FSG	PST.2MSG|PST.2FSG	True	
unvocalized	LX-7121c772bf:U2	LX-7121c772bf	נרגע	2	PST.3MSG|PRS.MSG	PST.3MSG	True	
unvocalized	LX-7121c772bf:U3	LX-7121c772bf	תירגע	2	FUT.2MSG|FUT.3FSG		False	
unvocalized	LX-7121c772bf:U4	LX-7121c772bf	תירגענה	2	FUT.2FPL|FUT.3FPL		False	
unvocalized	LX-71245d7de6:U1	LX-71245d7de6	הוסבת	2	PST.2MSG|PST.2FSG	PST.2MSG|PST.2FSG	False	HUFAL
unvocalized	LX-71245d7de6:U2	LX-71245d7de6	תוסב	2	FUT.2MSG|FUT.3FSG		False	HUFAL
unvocalized	LX-71245d7de6:U3	LX-71245d7de6	תוסבנה	2	FUT.2FPL|FUT.3FPL		False	HUFAL
unvocalized	LX-71b1aa15b2:U1	LX-71b1aa15b2	נכווית	3	PST.2MSG|PST.2FSG|PRS.FSG	PST.2MSG|PST.2FSG	True	
unvocalized	LX-71b1aa15b2:U2	LX-71b1aa15b2	נכווה	2	PST.3MSG|PRS.MSG	PST.3MSG	True	
unvocalized	LX-71b1aa15b2:U3	LX-71b1aa15b2	תיכווה	2	FUT.2MSG|FUT.3FSG		False	
unvocalized	LX-71b1aa15b2:U4	LX-71b1aa15b2	תיכווינה	2	FUT.2FPL|FUT.3FPL		False	
unvocalized	LX-71e732f9a4:U1	LX-71e732f9a4	גברת	2	PST.2MSG|PST.2FSG	PST.2MSG|PST.2FSG	False	PAAL
unvocalized	LX-71e732f9a4:U2	LX-71e732f9a4	גבר	2	PST.3MSG|IMP.2MSG	PST.3MSG	True	PAAL
unvocalized	LX-71e732f9a4:U3	LX-71e732f9a4	גברו	2	PST.3PL|IMP.2MPL	PST.3PL	True	PAAL
unvocalized	LX-71e732f9a4:U4	LX-71e732f9a4	תגבר	2	FUT.2MSG|FUT.3FSG		False	PAAL
unvocalized	LX-71e732f9a4:U5	LX-71e732f9a4	תגברנה	2	FUT.2FPL|FUT.3FPL		False	PAAL
unvocalized	LX-722e83ef24:U1	LX-722e83ef24	הקבלת	2	PST.2MSG|PST.2FSG	PST.2MSG|PST.2FSG	False	
unvocalized	LX-722e83ef24:U2	LX-722e83ef24	הקבילו	2	PST.3PL|IMP.2MPL	PST.3PL	True	
unvocalized	LX-722e83ef24:U3	LX-722e83ef24	תקביל	2	FUT.2MSG|FUT.3FSG		False	
unvocalized	LX-722e83ef24:U4	LX-722e83ef24	תקבלנה	2	FUT.2FPL|FUT.3FPL		False	
unvocalized	LX-7267c4c04d:U1	LX-7267c4c04d	מיינת	2	PST.2MSG|PST.2FSG	PST.2MSG|PST.2FSG	False	PIEL
unvocalized	LX-7267c4c04d:U2	LX-7267c4c04d	מיין	2	PST.3MSG|IMP.2MSG	PST.3MSG	True	PIEL
unvocalized	LX-7267c4c04d:U3	LX-7267c4c04d	מיינה	2	PST.3FSG|IMP.2FPL	PST.3FSG	True	PIEL
unvocalized	LX-7267c4c04d:U4	LX-7267c4c04d	מיינו	3	PST.1PL|PST.3PL|IMP.2MPL	PST.1PL|PST.3PL	True	PIEL
unvocalized	LX-7267c4c04d:U5	LX-7267c4c04d	תמיין	2	FUT.2MSG|FUT.3FSG		False	PIEL
unvocalized	LX-7267c4c04d:U6	LX-7267c4c04d	תמיינה	2	FUT.2FPL|FUT.3FPL		False	PIEL
unvocalized	LX-727540bcfc:U1	LX-727540bcfc	דרכת	2	PST.2MSG|PST.2FSG	PST.2MSG|PST.2FSG	False	PAAL
unvocalized	LX-727540bcfc:U2	LX-727540bcfc	דרכו	2	PST.3PL|IMP.2MPL	PST.3PL	True	PAAL
unvocalized	LX-727540bcfc:U3	LX-727540bcfc	תדרוך	2	FUT.2MSG|FUT.3FSG		False	PAAL
unvocalized	LX-727540bcfc:U4	LX-727540bcfc	תדרוכנה	2	FUT.2FPL|FUT.3FPL		False	PAAL
unvocalized	LX-72853ec929:U1	LX-72853ec929	הוצאת	2	PST.2MSG|PST.2FSG	PST.2MSG|PST.2FSG	False	HIFIL
unvocalized	LX-72853ec929:U2	LX-72853ec929	הוציאו	2	PST.3PL|IMP.2MPL	PST.3PL	True	HIFIL
unvocalized	LX-72853ec929:U3	LX-72853ec929	תוציא	2	FUT.2MSG|FUT.3FSG		False	HIFIL
unvocalized	LX-72853ec929:U4	LX-72853ec929	תוצאנה	2	FUT.2FPL|FUT.3FPL		False	HIFIL
unvocalized	LX-731f551e05:U1	LX-731f551e05	הגנת	2	PST.2MSG|PST.2FSG	PST.2MSG|PST.2FSG	False	HIFIL
unvocalized	LX-731f551e05:U2	LX-731f551e05	הגן	2	PST.3MSG|IMP.2MSG	PST.3MSG	True	HIFIL
unvocalized	LX-731f551e05:U3	LX-731f551e05	הגנה	3	PST.3FSG|IMP.2FPL|MSDR	PST.3FSG	True	HIFIL
unvocalized	LX-731f551e05:U4	LX-731f551e05	הגנו	3	PST.1PL|PST.3PL|IMP.2MPL	PST.1PL|PST.3PL	True	HIFIL
unvocalized	LX-731f551e05:U5	LX-731f551e05	תגן	2	FUT.2MSG|FUT.3FSG		False	HIFIL
unvocalized	LX-731f551e05:U6	LX-731f551e05	תגנה	2	FUT.2FPL|FUT.3FPL		False	HIFIL
unvocalized	LX-736ba46633:U1	LX-736ba46633	חנקת	2	PST.2MSG|PST.2FSG	PST.2MSG|PST.2FSG	False	PAAL
unvocalized	LX-736ba46633:U2	LX-736ba46633	חנקו	2	PST.3PL|IMP.2MPL	PST.3PL	True	PAAL
unvocalized	LX-736ba46633:U3	LX-736ba46633	תחנוק	2	FUT.2MSG|FUT.3FSG		False	PAAL
unvocalized	LX-736ba46633:U4	LX-736ba46633	תחנוקנה	2	FUT.2FPL|FUT.3FPL		False	PAAL
unvocalized	LX-737584c3fa:U1	LX-737584c3fa	העברת	2	PST.2MSG|PST.2FSG	PST.2MSG|PST.2FSG	False	HIFIL
unvocalized	LX-737584c3fa:U2	LX-737584c3fa	העבירו	2	PST.3PL|IMP.2MPL	PST.3PL	True	HIFIL
unvocalized	LX-737584c3fa:U3	LX-737584c3fa	תעביר	2	FUT.2MSG|FUT.3FSG		False	HIFIL
unvocalized	LX-737584c3fa:U4	LX-737584c3fa	תעברנה	2	FUT.2FPL|FUT.3FPL		False	HIFIL
unvocalized	LX-739bec155a:U1	LX-739bec155a	בילית	2	PST.2MSG|PST.2FSG	PST.2MSG|PST.2FSG	False	PIEL
unvocalized	LX-739bec155a:U2	LX-739bec155a	מבלה	2	PRS.MSG|PRS.FSG		False	PIEL
unvocalized	LX-739bec155a:U3	LX-739bec155a	תבלה	2	FUT.2MSG|FUT.3FSG		False	PIEL
unvocalized	LX-739bec155a:U4	LX-739bec155a	תבלינה	2	FUT.2FPL|FUT.3FPL		False	PIEL
unvocalized	LX-741b821482:U1	LX-741b821482	בדית	2	PST.2MSG|PST.2FSG	PST.2MSG|PST.2FSG	False	PAAL
unvocalized	LX-741b821482:U2	LX-741b821482	בדה	2	PST.3MSG|IMP.2MSG	PST.3MSG	True	PAAL
unvocalized	LX-741b821482:U3	LX-741b821482	בדו	2	PST.3PL|IMP.2MPL	PST.3PL	True	PAAL
unvocalized	LX-741b821482:U4	LX-741b821482	בודה	2	PRS.MSG|PRS.FSG		False	PAAL
unvocalized	LX-741b821482:U5	LX-741b821482	תבדה	2	FUT.2MSG|FUT.3FSG		False	PAAL
unvocalized	LX-741b821482:U6	LX-741b821482	תבדינה	2	FUT.2FPL|FUT.3FPL		False	PAAL
unvocalized	LX-74298ca113:U1	LX-74298ca113	התנקפת	2	PST.2MSG|PST.2FSG	PST.2MSG|PST.2FSG	False	
unvocalized	LX-74298ca113:U2	LX-74298ca113	התנקף	2	PST.3MSG|IMP.2MSG	PST.3MSG	True	
unvocalized	LX-74298ca113:U3	LX-74298ca113	התנקפו	2	PST.3PL|IMP.2MPL	PST.3PL	True	
unvocalized	LX-74298ca113:U4	LX-74298ca113	תתנקף	2	FUT.2MSG|FUT.3FSG		False	
unvocalized	LX-74298ca113:U5	LX-74298ca113	תתנקפנה	2	FUT.2FPL|FUT.3FPL		False	
unvocalized	LX-74ac9d1867:U1	LX-74ac9d1867	קובעת	2	PST.2MSG|PST.2FSG	PST.2MSG|PST.2FSG	False	
unvocalized	LX-74ac9d1867:U2	LX-74ac9d1867	תקובע	2	FUT.2MSG|FUT.3FSG		False	
unvocalized	LX-74ac9d1867:U3	LX-74ac9d1867	תקובענה	2	FUT.2FPL|FUT.3FPL		False	
unvocalized	LX-75064d0966:U1	LX-75064d0966	הסתרת	2	PST.2MSG|PST.2FSG	PST.2MSG|PST.2FSG	False	HIFIL
unvocalized	LX-75064d0966:U2	LX-75064d0966	הסתירו	2	PST.3PL|IMP.2MPL	PST.3PL	True	HIFIL
unvocalized	LX-75064d0966:U3	LX-75064d0966	תסתיר	2	FUT.2MSG|FUT.3FSG		False	HIFIL
unvocalized	LX-75064d0966:U4	LX-75064d0966	תסתרנה	2	FUT.2FPL|FUT.3FPL		False	HIFIL
unvocalized	LX-753743cd88:U1	LX-753743cd88	התאגדת	2	PST.2MSG|PST.2FSG	PST.2MSG|PST.2FSG	False	
unvocalized	LX-753743cd88:U2	LX-753743cd88	התאגד	2	PST.3MSG|IMP.2MSG	PST.3MSG	True	
unvocalized	LX-753743cd88:U3	LX-753743cd88	התאגדו	2	PST.3PL|IMP.2MPL	PST.3PL	True	
unvocalized	LX-753743cd88:U4	LX-753743cd88	תתאגד	2	FUT.2MSG|FUT.3FSG		False	
unvocalized	LX-753743cd88:U5	LX-753743cd88	תתאגדנה	2	FUT.2FPL|FUT.3FPL		False	
unvocalized	LX-7564e8bfac:U1	LX-7564e8bfac	התפארת	2	PST.2MSG|PST.2FSG	PST.2MSG|PST.2FSG	False	HITPAEL
unvocalized	LX-7564e8bfac:U2	LX-7564e8bfac	התפאר	2	PST.3MSG|IMP.2MSG	PST.3MSG	True	HITPAEL
unvocalized	LX-7564e8bfac:U3	LX-7564e8bfac	התפארו	2	PST.3PL|IMP.2MPL	PST.3PL	True	HITPAEL
unvocalized	LX-7564e8bfac:U4	LX-7564e8bfac	תתפאר	2	FUT.2MSG|FUT.3FSG		False	HITPAEL
unvocalized	LX-7564e8bfac:U5	LX-7564e8bfac	תתפארנה	2	FUT.2FPL|FUT.3FPL		False	HITPAEL
unvocalized	LX-758d520342:U1	LX-758d520342	קיצרת	2	PST.2MSG|PST.2FSG	PST.2MSG|PST.2FSG	False	PIEL
unvocalized	LX-758d520342:U2	LX-758d520342	תקצר	2	FUT.2MSG|FUT.3FSG		False	PIEL
unvocalized	LX-758d520342:U3	LX-758d520342	תקצרנה	2	FUT.2FPL|FUT.3FPL		False	PIEL
unvocalized	LX-7598d9bfae:U1	LX-7598d9bfae	התכתבת	2	PST.2MSG|PST.2FSG	PST.2MSG|PST.2FSG	False	HITPAEL
unvocalized	LX-7598d9bfae:U2	LX-7598d9bfae	התכתב	2	PST.3MSG|IMP.2MSG	PST.3MSG	True	HITPAEL
unvocalized	LX-7598d9bfae:U3	LX-7598d9bfae	התכתבו	2	PST.3PL|IMP.2MPL	PST.3PL	True	HITPAEL
unvocalized	LX-7598d9bfae:U4	LX-7598d9bfae	תתכתב	2	FUT.2MSG|FUT.3FSG		False	HITPAEL
unvocalized	LX-7598d9bfae:U5	LX-7598d9bfae	תתכתבנה	2	FUT.2FPL|FUT.3FPL		False	HITPAEL
unvocalized	LX-76478197e3:U1	LX-76478197e3	הגבת	2	PST.2MSG|PST.2FSG	PST.2MSG|PST.2FSG	False	HIFIL
unvocalized	LX-76478197e3:U2	LX-76478197e3	הגיבו	2	PST.3PL|IMP.2MPL	PST.3PL	True	HIFIL
unvocalized	LX-76478197e3:U3	LX-76478197e3	תגיב	2	FUT.2MSG|FUT.3FSG		False	HIFIL
unvocalized	LX-76478197e3:U4	LX-76478197e3	תגבנה	2	FUT.2FPL|FUT.3FPL		False	HIFIL
unvocalized	LX-769de717f6:U1	LX-769de717f6	הקמת	2	PST.2MSG|PST.2FSG	PST.2MSG|PST.2FSG	False	HIFIL
unvocalized	LX-769de717f6:U2	LX-769de717f6	הקימו	2	PST.3PL|IMP.2MPL	PST.3PL	True	HIFIL
unvocalized	LX-769de717f6:U3	LX-769de717f6	תקים	2	FUT.2MSG|FUT.3FSG		False	HIFIL
unvocalized	LX-769de717f6:U4	LX-769de717f6	תקמנה	2	FUT.2FPL|FUT.3FPL		False	HIFIL
unvocalized	LX-76b5be462b:U1	LX-76b5be462b	הורשעת	2	PST.2MSG|PST.2FSG	PST.2MSG|PST.2FSG	False	HUFAL
unvocalized	LX-76b5be462b:U2	LX-76b5be462b	תורשע	2	FUT.2MSG|FUT.3FSG		False	HUFAL
unvocalized	LX-76b5be462b:U3	LX-76b5be462b	תורשענה	2	FUT.2FPL|FUT.3FPL		False	HUFAL
unvocalized	LX-770850bf80:U1	LX-770850bf80	נדחית	3	PST.2MSG|PST.2FSG|PRS.FSG	PST.2MSG|PST.2FSG	True	NIFAL
unvocalized	LX-770850bf80:U2	LX-770850bf80	נדחה	2	PST.3MSG|PRS.MSG	PST.3MSG	True	NIFAL
unvocalized	LX-770850bf80:U3	LX-770850bf80	תידחה	2	FUT.2MSG|FUT.3FSG		False	NIFAL
unvocalized	LX-770850bf80:U4	LX-770850bf80	תידחינה	2	FUT.2FPL|FUT.3FPL		False	NIFAL
unvocalized	LX-773cb624a8:U1	LX-773cb624a8	שיגרת	2	PST.2MSG|PST.2FSG	PST.2MSG|PST.2FSG	False	PIEL
unvocalized	LX-773cb624a8:U2	LX-773cb624a8	תשגר	2	FUT.2MSG|FUT.3FSG		False	PIEL
unvocalized	LX-773cb624a8:U3	LX-773cb624a8	תשגרנה	2	FUT.2FPL|FUT.3FPL		False	PIEL
unvocalized	LX-774bf3792c:U1	LX-774bf3792c	רוממת	2	PST.2MSG|PST.2FSG	PST.2MSG|PST.2FSG	False	PIEL
unvocalized	LX-774bf3792c:U2	LX-774bf3792c	רומם	2	PST.3MSG|IMP.2MSG	PST.3MSG	True	PIEL
unvocalized	LX-774bf3792c:U3	LX-774bf3792c	רוממו	2	PST.3PL|IMP.2MPL	PST.3PL	True	PIEL
unvocalized	LX-774bf3792c:U4	LX-774bf3792c	תרומם	2	FUT.2MSG|FUT.3FSG		False	PIEL
unvocalized	LX-774bf3792c:U5	LX-774bf3792c	תרוממנה	2	FUT.2FPL|FUT.3FPL		False	PIEL
unvocalized	LX-777d67b75a:U1	LX-777d67b75a	טולטלת	2	PST.2MSG|PST.2FSG	PST.2MSG|PST.2FSG	False	PUAL
unvocalized	LX-777d67b75a:U2	LX-777d67b75a	תטולטל	2	FUT.2MSG|FUT.3FSG		False	PUAL
unvocalized	LX-777d67b75a:U3	LX-777d67b75a	תטולטלנה	2	FUT.2FPL|FUT.3FPL		False	PUAL
unvocalized	LX-779190b49f:U1	LX-779190b49f	התמהמהת	2	PST.2MSG|PST.2FSG	PST.2MSG|PST.2FSG	False	HITPAEL
unvocalized	LX-779190b49f:U2	LX-779190b49f	התמהמה	2	PST.3MSG|IMP.2MSG	PST.3MSG	True	HITPAEL
unvocalized	LX-779190b49f:U3	LX-779190b49f	התמהמהו	2	PST.3PL|IMP.2MPL	PST.3PL	True	HITPAEL
unvocalized	LX-779190b49f:U4	LX-779190b49f	תתמהמה	2	FUT.2MSG|FUT.3FSG		False	HITPAEL
unvocalized	LX-779190b49f:U5	LX-779190b49f	תתמהמהנה	2	FUT.2FPL|FUT.3FPL		False	HITPAEL
unvocalized	LX-7851e9cc86:U1	LX-7851e9cc86	הגדת	2	PST.2MSG|PST.2FSG	PST.2MSG|PST.2FSG	False	HIFIL
unvocalized	LX-7851e9cc86:U2	LX-7851e9cc86	הגידו	2	PST.3PL|IMP.2MPL	PST.3PL	True	HIFIL
unvocalized	LX-7851e9cc86:U3	LX-7851e9cc86	תגיד	2	FUT.2MSG|FUT.3FSG		False	HIFIL
unvocalized	LX-7851e9cc86:U4	LX-7851e9cc86	תגדנה	2	FUT.2FPL|FUT.3FPL		False	HIFIL
unvocalized	LX-78868f4b87:U1	LX-78868f4b87	התאכזבת	2	PST.2MSG|PST.2FSG	PST.2MSG|PST.2FSG	False	
unvocalized	LX-78868f4b87:U2	LX-78868f4b87	התאכזב	2	PST.3MSG|IMP.2MSG	PST.3MSG	True	
unvocalized	LX-78868f4b87:U3	LX-78868f4b87	התאכזבו	2	PST.3PL|IMP.2MPL	PST.3PL	True	
unvocalized	LX-78868f4b87:U4	LX-78868f4b87	תתאכזב	2	FUT.2MSG|FUT.3FSG		False	
unvocalized	LX-78868f4b87:U5	LX-78868f4b87	תתאכזבנה	2	FUT.2FPL|FUT.3FPL		False	
unvocalized	LX-78a11bd615:U1	LX-78a11bd615	סידרת	2	PST.2MSG|PST.2FSG	PST.2MSG|PST.2FSG	False	PIEL
unvocalized	LX-78a11bd615:U2	LX-78a11bd615	תסדר	2	FUT.2MSG|FUT.3FSG		False	PIEL
unvocalized	LX-78a11bd615:U3	LX-78a11bd615	תסדרנה	2	FUT.2FPL|FUT.3FPL		False	PIEL
unvocalized	LX-7a323af8bb:U1	LX-7a323af8bb	רזית	2	PST.2MSG|PST.2FSG	PST.2MSG|PST.2FSG	False	PAAL
unvocalized	LX-7a323af8bb:U2	LX-7a323af8bb	רזה	4	PST.3MSG|PRS.MSG|PRS.FSG|IMP.2MSG	PST.3MSG	True	PAAL
unvocalized	LX-7a323af8bb:U3	LX-7a323af8bb	רזו	2	PST.3PL|IMP.2MPL	PST.3PL	True	PAAL
unvocalized	LX-7a323af8bb:U4	LX-7a323af8bb	תרזה	2	FUT.2MSG|FUT.3FSG		False	PAAL
unvocalized	LX-7a323af8bb:U5	LX-7a323af8bb	תרזינה	2	FUT.2FPL|FUT.3FPL		False	PAAL
unvocalized	LX-7a8b4fc1f5:U1	LX-7a8b4fc1f5	סגרת	2	PST.2MSG|PST.2FSG	PST.2MSG|PST.2FSG	False	PAAL
unvocalized	LX-7a8b4fc1f5:U2	LX-7a8b4fc1f5	סגרו	2	PST.3PL|IMP.2MPL	PST.3PL	True	PAAL
unvocalized	LX-7a8b4fc1f5:U3	LX-7a8b4fc1f5	תסגור	2	FUT.2MSG|FUT.3FSG		False	PAAL
unvocalized	LX-7a8b4fc1f5:U4	LX-7a8b4fc1f5	תסגורנה	2	FUT.2FPL|FUT.3FPL		False	PAAL
unvocalized	LX-7b5df4ddb5:U1	LX-7b5df4ddb5	התאוששת	2	PST.2MSG|PST.2FSG	PST.2MSG|PST.2FSG	False	HITPAEL
unvocalized	LX-7b5df4ddb5:U2	LX-7b5df4ddb5	התאושש	2	PST.3MSG|IMP.2MSG	PST.3MSG	True	HITPAEL
unvocalized	LX-7b5df4ddb5:U3	LX-7b5df4ddb5	התאוששו	2	PST.3PL|IMP.2MPL	PST.3PL	True	HITPAEL
unvocalized	LX-7b5df4ddb5:U4	LX-7b5df4ddb5	תתאושש	2	FUT.2MSG|FUT.3FSG		False	HITPAEL
unvocalized	LX-7b5df4ddb5:U5	LX-7b5df4ddb5	תתאוששנה	2	FUT.2FPL|FUT.3FPL		False	HITPAEL
unvocalized	LX-7bf44013b2:U1	LX-7bf44013b2	לוקקת	2	PST.2MSG|PST.2FSG	PST.2MSG|PST.2FSG	False	
unvocalized	LX-7bf44013b2:U2	LX-7bf44013b2	תלוקק	2	FUT.2MSG|FUT.3FSG		False	
unvocalized	LX-7bf44013b2:U3	LX-7bf44013b2	תלוקקנה	2	FUT.2FPL|FUT.3FPL		False	
unvocalized	LX-7c29f63589:U1	LX-7c29f63589	הצעת	2	PST.2MSG|PST.2FSG	PST.2MSG|PST.2FSG	False	HIFIL
unvocalized	LX-7c29f63589:U2	LX-7c29f63589	הציעו	2	PST.3PL|IMP.2MPL	PST.3PL	True	HIFIL
unvocalized	LX-7c29f63589:U3	LX-7c29f63589	תציע	2	FUT.2MSG|FUT.3FSG		False	HIFIL
unvocalized	LX-7c29f63589:U4	LX-7c29f63589	תצענה	2	FUT.2FPL|FUT.3FPL		False	HIFIL
unvocalized	LX-7c30fc2e0d:U1	LX-7c30fc2e0d	ספרת	2	PST.2MSG|PST.2FSG	PST.2MSG|PST.2FSG	False	PAAL
unvocalized	LX-7c30fc2e0d:U2	LX-7c30fc2e0d	ספרו	2	PST.3PL|IMP.2MPL	PST.3PL	True	PAAL
unvocalized	LX-7c30fc2e0d:U3	LX-7c30fc2e0d	תספור	2	FUT.2MSG|FUT.3FSG		False	PAAL
unvocalized	LX-7c30fc2e0d:U4	LX-7c30fc2e0d	תספורנה	2	FUT.2FPL|FUT.3FPL		False	PAAL
unvocalized	LX-7c4d57096f:U1	LX-7c4d57096f	חיפית	2	PST.2MSG|PST.2FSG	PST.2MSG|PST.2FSG	False	PIEL
unvocalized	LX-7c4d57096f:U2	LX-7c4d57096f	מחפה	2	PRS.MSG|PRS.FSG		False	PIEL
unvocalized	LX-7c4d57096f:U3	LX-7c4d57096f	תחפה	2	FUT.2MSG|FUT.3FSG		False	PIEL
unvocalized	LX-7c4d57096f:U4	LX-7c4d57096f	תחפינה	2	FUT.2FPL|FUT.3FPL		False	PIEL
unvocalized	LX-7c7f91a4b8:U1	LX-7c7f91a4b8	הוחלטת	2	PST.2MSG|PST.2FSG	PST.2MSG|PST.2FSG	False	HUFAL
unvocalized	LX-7c7f91a4b8:U2	LX-7c7f91a4b8	תוחלט	2	FUT.2MSG|FUT.3FSG		False	HUFAL
unvocalized	LX-7c7f91a4b8:U3	LX-7c7f91a4b8	תוחלטנה	2	FUT.2FPL|FUT.3FPL		False	HUFAL
unvocalized	LX-7cc0fce52d:U1	LX-7cc0fce52d	הרכבת	2	PST.2MSG|PST.2FSG	PST.2MSG|PST.2FSG	False	HIFIL
unvocalized	LX-7cc0fce52d:U2	LX-7cc0fce52d	הרכיבו	2	PST.3PL|IMP.2MPL	PST.3PL	True	HIFIL
unvocalized	LX-7cc0fce52d:U3	LX-7cc0fce52d	תרכיב	2	FUT.2MSG|FUT.3FSG		False	HIFIL
unvocalized	LX-7cc0fce52d:U4	LX-7cc0fce52d	תרכבנה	2	FUT.2FPL|FUT.3FPL		False	HIFIL
unvocalized	LX-7d453cb28b:U1	LX-7d453cb28b	התמודדת	2	PST.2MSG|PST.2FSG	PST.2MSG|PST.2FSG	False	HITPAEL
unvocalized	LX-7d453cb28b:U2	LX-7d453cb28b	התמודד	2	PST.3MSG|IMP.2MSG	PST.3MSG	True	HITPAEL
unvocalized	LX-7d453cb28b:U3	LX-7d453cb28b	התמודדו	2	PST.3PL|IMP.2MPL	PST.3PL	True	HITPAEL
unvocalized	LX-7d453cb28b:U4	LX-7d453cb28b	תתמודד	2	FUT.2MSG|FUT.3FSG		False	HITPAEL
unvocalized	LX-7d453cb28b:U5	LX-7d453cb28b	תתמודדנה	2	FUT.2FPL|FUT.3FPL		False	HITPAEL
unvocalized	LX-7d64a73c52:U1	LX-7d64a73c52	נערת	2	PST.2MSG|PST.2FSG	PST.2MSG|PST.2FSG	False	PAAL
unvocalized	LX-7d64a73c52:U2	LX-7d64a73c52	נער	2	PST.3MSG|IMP.2MSG	PST.3MSG	True	PAAL
unvocalized	LX-7d64a73c52:U3	LX-7d64a73c52	נערו	2	PST.3PL|IMP.2MPL	PST.3PL	True	PAAL
unvocalized	LX-7d64a73c52:U4	LX-7d64a73c52	תנער	2	FUT.2MSG|FUT.3FSG		False	PAAL
unvocalized	LX-7d64a73c52:U5	LX-7d64a73c52	תנערנה	2	FUT.2FPL|FUT.3FPL		False	PAAL
unvocalized	LX-7d70f2a865:U1	LX-7d70f2a865	צילמת	2	PST.2MSG|PST.2FSG	PST.2MSG|PST.2FSG	False	PIEL
unvocalized	LX-7d70f2a865:U2	LX-7d70f2a865	תצלם	2	FUT.2MSG|FUT.3FSG		False	PIEL
unvocalized	LX-7d70f2a865:U3	LX-7d70f2a865	תצלמנה	2	FUT.2FPL|FUT.3FPL		False	PIEL
unvocalized	LX-7dbcf03053:U1	LX-7dbcf03053	ביקעת	2	PST.2MSG|PST.2FSG	PST.2MSG|PST.2FSG	False	PIEL
unvocalized	LX-7dbcf03053:U2	LX-7dbcf03053	תבקע	2	FUT.2MSG|FUT.3FSG		False	PIEL
unvocalized	LX-7dbcf03053:U3	LX-7dbcf03053	תבקענה	2	FUT.2FPL|FUT.3FPL		False	PIEL
unvocalized	LX-7dcd5a96fd:U1	LX-7dcd5a96fd	נגנבת	3	PST.2MSG|PST.2FSG|PRS.FSG	PST.2MSG|PST.2FSG	True	NIFAL
unvocalized	LX-7dcd5a96fd:U2	LX-7dcd5a96fd	נגנב	2	PST.3MSG|PRS.MSG	PST.3MSG	True	NIFAL
unvocalized	LX-7dcd5a96fd:U3	LX-7dcd5a96fd	תיגנב	2	FUT.2MSG|FUT.3FSG		False	NIFAL
unvocalized	LX-7dcd5a96fd:U4	LX-7dcd5a96fd	תיגנבנה	2	FUT.2FPL|FUT.3FPL		False	NIFAL
unvocalized	LX-7e19633dd9:U1	LX-7e19633dd9	חינכת	2	PST.2MSG|PST.2FSG	PST.2MSG|PST.2FSG	False	PIEL
unvocalized	LX-7e19633dd9:U2	LX-7e19633dd9	תחנך	2	FUT.2MSG|FUT.3FSG		False	PIEL
unvocalized	LX-7e19633dd9:U3	LX-7e19633dd9	תחנכנה	2	FUT.2FPL|FUT.3FPL		False	PIEL
unvocalized	LX-7e7c361128:U1	LX-7e7c361128	דלית	2	PST.2MSG|PST.2FSG	PST.2MSG|PST.2FSG	False	PAAL
unvocalized	LX-7e7c361128:U2	LX-7e7c361128	דלה	2	PST.3MSG|IMP.2MSG	PST.3MSG	True	PAAL
unvocalized	LX-7e7c361128:U3	LX-7e7c361128	דלו	2	PST.3PL|IMP.2MPL	PST.3PL	True	PAAL
unvocalized	LX-7e7c361128:U4	LX-7e7c361128	דולה	2	PRS.MSG|PRS.FSG		False	PAAL
unvocalized	LX-7e7c361128:U5	LX-7e7c361128	תדלה	2	FUT.2MSG|FUT.3FSG		False	PAAL
unvocalized	LX-7e7c361128:U6	LX-7e7c361128	תדלינה	2	FUT.2FPL|FUT.3FPL		False	PAAL
unvocalized	LX-7ef28cc1a5:U1	LX-7ef28cc1a5	אוחדת	2	PST.2MSG|PST.2FSG	PST.2MSG|PST.2FSG	False	
unvocalized	LX-7ef28cc1a5:U2	LX-7ef28cc1a5	תאוחד	2	FUT.2MSG|FUT.3FSG		False	
unvocalized	LX-7ef28cc1a5:U3	LX-7ef28cc1a5	תאוחדנה	2	FUT.2FPL|FUT.3FPL		False	
unvocalized	LX-7f3553a9e1:U1	LX-7f3553a9e1	נחקרת	3	PST.2MSG|PST.2FSG|PRS.FSG	PST.2MSG|PST.2FSG	True	NIFAL
unvocalized	LX-7f3553a9e1:U2	LX-7f3553a9e1	נחקר	2	PST.3MSG|PRS.MSG	PST.3MSG	True	NIFAL
unvocalized	LX-7f3553a9e1:U3	LX-7f3553a9e1	תיחקר	2	FUT.2MSG|FUT.3FSG		False	NIFAL
unvocalized	LX-7f3553a9e1:U4	LX-7f3553a9e1	תיחקרנה	2	FUT.2FPL|FUT.3FPL		False	NIFAL
unvocalized	LX-7f737d3646:U1	LX-7f737d3646	פיספסת	2	PST.2MSG|PST.2FSG	PST.2MSG|PST.2FSG	False	PIEL
unvocalized	LX-7f737d3646:U2	LX-7f737d3646	תפספס	2	FUT.2MSG|FUT.3FSG		False	PIEL
unvocalized	LX-7f737d3646:U3	LX-7f737d3646	תפספסנה	2	FUT.2FPL|FUT.3FPL		False	PIEL
unvocalized	LX-80118e8b33:U1	LX-80118e8b33	התאגרפת	2	PST.2MSG|PST.2FSG	PST.2MSG|PST.2FSG	False	
unvocalized	LX-80118e8b33:U2	LX-80118e8b33	התאגרף	2	PST.3MSG|IMP.2MSG	PST.3MSG	True	
unvocalized	LX-80118e8b33:U3	LX-80118e8b33	התאגרפו	2	PST.3PL|IMP.2MPL	PST.3PL	True	
unvocalized	LX-80118e8b33:U4	LX-80118e8b33	תתאגרף	2	FUT.2MSG|FUT.3FSG		False	
unvocalized	LX-80118e8b33:U5	LX-80118e8b33	תתאגרפנה	2	FUT.2FPL|FUT.3FPL		False	
unvocalized	LX-803795b6b5:U1	LX-803795b6b5	שפכת	2	PST.2MSG|PST.2FSG	PST.2MSG|PST.2FSG	False	PAAL
unvocalized	LX-803795b6b5:U2	LX-803795b6b5	שפכו	2	PST.3PL|IMP.2MPL	PST.3PL	True	PAAL
unvocalized	LX-803795b6b5:U3	LX-803795b6b5	תשפוך	2	FUT.2MSG|FUT.3FSG		False	PAAL
unvocalized	LX-803795b6b5:U4	LX-803795b6b5	תשפוכנה	2	FUT.2FPL|FUT.3FPL		False	PAAL
unvocalized	LX-807238ca26:U1	LX-807238ca26	טעית	2	PST.2MSG|PST.2FSG	PST.2MSG|PST.2FSG	False	PAAL
unvocalized	LX-807238ca26:U2	LX-807238ca26	טעה	2	PST.3MSG|IMP.2MSG	PST.3MSG	True	PAAL
unvocalized	LX-807238ca26:U3	LX-807238ca26	טעו	2	PST.3PL|IMP.2MPL	PST.3PL	True	PAAL
unvocalized	LX-807238ca26:U4	LX-807238ca26	טועה	2	PRS.MSG|PRS.FSG		False	PAAL
unvocalized	LX-807238ca26:U5	LX-807238ca26	תטעה	2	FUT.2MSG|FUT.3FSG		False	PAAL
unvocalized	LX-807238ca26:U6	LX-807238ca26	תטעינה	2	FUT.2FPL|FUT.3FPL		False	PAAL
unvocalized	LX-80738017ef:U1	LX-80738017ef	נפלת	2	PST.2MSG|PST.2FSG	PST.2MSG|PST.2FSG	False	PAAL
unvocalized	LX-80738017ef:U2	LX-80738017ef	נפלו	2	PST.3PL|IMP.2MPL	PST.3PL	True	PAAL
unvocalized	LX-80738017ef:U3	LX-80738017ef	תיפול	2	FUT.2MSG|FUT.3FSG		False	PAAL
unvocalized	LX-80738017ef:U4	LX-80738017ef	תיפולנה	2	FUT.2FPL|FUT.3FPL		False	PAAL
unvocalized	LX-8090a02b0a:U1	LX-8090a02b0a	שתית	2	PST.2MSG|PST.2FSG	PST.2MSG|PST.2FSG	False	PAAL
unvocalized	LX-8090a02b0a:U2	LX-8090a02b0a	שתה	2	PST.3MSG|IMP.2MSG	PST.3MSG	True	PAAL
unvocalized	LX-8090a02b0a:U3	LX-8090a02b0a	שתו	2	PST.3PL|IMP.2MPL	PST.3PL	True	PAAL
unvocalized	LX-8090a02b0a:U4	LX-8090a02b0a	שותה	2	PRS.MSG|PRS.FSG		False	PAAL
unvocalized	LX-8090a02b0a:U5	LX-8090a02b0a	תשתה	2	FUT.2MSG|FUT.3FSG		False	PAAL
unvocalized	LX-8090a02b0a:U6	LX-8090a02b0a	תשתינה	2	FUT.2FPL|FUT.3FPL		False	PAAL
unvocalized	LX-8097b3b1bb:U1	LX-8097b3b1bb	נושעת	3	PST.2MSG|PST.2FSG|PRS.FSG	PST.2MSG|PST.2FSG	True	NIFAL
unvocalized	LX-8097b3b1bb:U2	LX-8097b3b1bb	נושע	2	PST.3MSG|PRS.MSG	PST.3MSG	True	NIFAL
unvocalized	LX-8097b3b1bb:U3	LX-8097b3b1bb	תיושע	2	FUT.2MSG|FUT.3FSG		False	NIFAL
unvocalized	LX-8097b3b1bb:U4	LX-8097b3b1bb	תיושענה	2	FUT.2FPL|FUT.3FPL		False	NIFAL
unvocalized	LX-809e9f7de7:U1	LX-809e9f7de7	בלעת	2	PST.2MSG|PST.2FSG	PST.2MSG|PST.2FSG	False	PAAL
unvocalized	LX-809e9f7de7:U2	LX-809e9f7de7	בלע	2	PST.3MSG|IMP.2MSG	PST.3MSG	True	PAAL
unvocalized	LX-809e9f7de7:U3	LX-809e9f7de7	בלעו	2	PST.3PL|IMP.2MPL	PST.3PL	True	PAAL
unvocalized	LX-809e9f7de7:U4	LX-809e9f7de7	תבלע	2	FUT.2MSG|FUT.3FSG		False	PAAL
unvocalized	LX-809e9f7de7:U5	LX-809e9f7de7	תבלענה	2	FUT.2FPL|FUT.3FPL		False	PAAL
unvocalized	LX-810ea27ca3:U1	LX-810ea27ca3	כפלת	2	PST.2MSG|PST.2FSG	PST.2MSG|PST.2FSG	False	PAAL
unvocalized	LX-810ea27ca3:U2	LX-810ea27ca3	כפל	2	PST.3MSG|MSDR	PST.3MSG	True	PAAL
unvocalized	LX-810ea27ca3:U3	LX-810ea27ca3	כפלו	2	PST.3PL|IMP.2MPL	PST.3PL	True	PAAL
unvocalized	LX-810ea27ca3:U4	LX-810ea27ca3	תכפול	2	FUT.2MSG|FUT.3FSG		False	PAAL
unvocalized	LX-810ea27ca3:U5	LX-810ea27ca3	תכפולנה	2	FUT.2FPL|FUT.3FPL		False	PAAL
unvocalized	LX-8140f5e99e:U1	LX-8140f5e99e	זנחת	2	PST.2MSG|PST.2FSG	PST.2MSG|PST.2FSG	False	PAAL
unvocalized	LX-8140f5e99e:U2	LX-8140f5e99e	זנח	2	PST.3MSG|IMP.2MSG	PST.3MSG	True	PAAL
unvocalized	LX-8140f5e99e:U3	LX-8140f5e99e	זנחו	2	PST.3PL|IMP.2MPL	PST.3PL	True	PAAL
unvocalized	LX-8140f5e99e:U4	LX-8140f5e99e	תזנח	2	FUT.2MSG|FUT.3FSG		False	PAAL
unvocalized	LX-8140f5e99e:U5	LX-8140f5e99e	תזנחנה	2	FUT.2FPL|FUT.3FPL		False	PAAL
unvocalized	LX-816bb52055:U1	LX-816bb52055	התחברת	2	PST.2MSG|PST.2FSG	PST.2MSG|PST.2FSG	False	HITPAEL
unvocalized	LX-816bb52055:U2	LX-816bb52055	התחבר	2	PST.3MSG|IMP.2MSG	PST.3MSG	True	HITPAEL
unvocalized	LX-816bb52055:U3	LX-816bb52055	התחברו	2	PST.3PL|IMP.2MPL	PST.3PL	True	HITPAEL
unvocalized	LX-816bb52055:U4	LX-816bb52055	תתחבר	2	FUT.2MSG|FUT.3FSG		False	HITPAEL
unvocalized	LX-816bb52055:U5	LX-816bb52055	תתחברנה	2	FUT.2FPL|FUT.3FPL		False	HITPAEL
unvocalized	LX-81980f3698:U1	LX-81980f3698	חיברת	2	PST.2MSG|PST.2FSG	PST.2MSG|PST.2FSG	False	PIEL
unvocalized	LX-81980f3698:U2	LX-81980f3698	תחבר	2	FUT.2MSG|FUT.3FSG		False	PIEL
unvocalized	LX-81980f3698:U3	LX-81980f3698	תחברנה	2	FUT.2FPL|FUT.3FPL		False	PIEL
unvocalized	LX-819d01186a:U1	LX-819d01186a	גולית	2	PST.2MSG|PST.2FSG	PST.2MSG|PST.2FSG	False	PUAL
unvocalized	LX-819d01186a:U2	LX-819d01186a	מגולה	2	PRS.MSG|PRS.FSG		False	PUAL
unvocalized	LX-819d01186a:U3	LX-819d01186a	תגולה	2	FUT.2MSG|FUT.3FSG		False	PUAL
unvocalized	LX-819d01186a:U4	LX-819d01186a	תגולינה	2	FUT.2FPL|FUT.3FPL		False	PUAL
unvocalized	LX-81d8a4ca7f:U1	LX-81d8a4ca7f	נשבת	2	PST.2MSG|PST.2FSG	PST.2MSG|PST.2FSG	False	PAAL
unvocalized	LX-81d8a4ca7f:U2	LX-81d8a4ca7f	נשבו	2	PST.3PL|IMP.2MPL	PST.3PL	True	PAAL
unvocalized	LX-81d8a4ca7f:U3	LX-81d8a4ca7f	תנשוב	2	FUT.2MSG|FUT.3FSG		False	PAAL
unvocalized	LX-81d8a4ca7f:U4	LX-81d8a4ca7f	תנשובנה	2	FUT.2FPL|FUT.3FPL		False	PAAL
unvocalized	LX-82433c8f40:U1	LX-82433c8f40	חמדת	2	PST.2MSG|PST.2FSG	PST.2MSG|PST.2FSG	False	PAAL
unvocalized	LX-82433c8f40:U2	LX-82433c8f40	חמדה	2	PST.3FSG|MSDR	PST.3FSG	True	PAAL
unvocalized	LX-82433c8f40:U3	LX-82433c8f40	חמדו	2	PST.3PL|IMP.2MPL	PST.3PL	True	PAAL
unvocalized	LX-82433c8f40:U4	LX-82433c8f40	תחמוד	2	FUT.2MSG|FUT.3FSG		False	PAAL
unvocalized	LX-82433c8f40:U5	LX-82433c8f40	תחמודנה	2	FUT.2FPL|FUT.3FPL		False	PAAL
unvocalized	LX-825701f142:U1	LX-825701f142	שרפת	2	PST.2MSG|PST.2FSG	PST.2MSG|PST.2FSG	False	PAAL
unvocalized	LX-825701f142:U2	LX-825701f142	שרפו	2	PST.3PL|IMP.2MPL	PST.3PL	True	PAAL
unvocalized	LX-825701f142:U3	LX-825701f142	תשרוף	2	FUT.2MSG|FUT.3FSG		False	PAAL
unvocalized	LX-825701f142:U4	LX-825701f142	תשרופנה	2	FUT.2FPL|FUT.3FPL		False	PAAL
unvocalized	LX-82720ad029:U1	LX-82720ad029	הסרת	2	PST.2MSG|PST.2FSG	PST.2MSG|PST.2FSG	False	HIFIL
unvocalized	LX-82720ad029:U2	LX-82720ad029	הסירו	2	PST.3PL|IMP.2MPL	PST.3PL	True	HIFIL
unvocalized	LX-82720ad029:U3	LX-82720ad029	תסיר	2	FUT.2MSG|FUT.3FSG		False	HIFIL
unvocalized	LX-82720ad029:U4	LX-82720ad029	תסרנה	2	FUT.2FPL|FUT.3FPL		False	HIFIL
unvocalized	LX-828b91b0c3:U1	LX-828b91b0c3	התוכחת	2	PST.2MSG|PST.2FSG	PST.2MSG|PST.2FSG	False	HITPAEL
unvocalized	LX-828b91b0c3:U2	LX-828b91b0c3	התוכח	2	PST.3MSG|IMP.2MSG	PST.3MSG	True	HITPAEL
unvocalized	LX-828b91b0c3:U3	LX-828b91b0c3	התוכחו	2	PST.3PL|IMP.2MPL	PST.3PL	True	HITPAEL
unvocalized	LX-828b91b0c3:U4	LX-828b91b0c3	תתוכח	2	FUT.2MSG|FUT.3FSG		False	HITPAEL
unvocalized	LX-828b91b0c3:U5	LX-828b91b0c3	תתוכחנה	2	FUT.2FPL|FUT.3FPL		False	HITPAEL
unvocalized	LX-82b04903a1:U1	LX-82b04903a1	היטנפת	2	PST.2MSG|PST.2FSG	PST.2MSG|PST.2FSG	False	HITPAEL
unvocalized	LX-82b04903a1:U2	LX-82b04903a1	היטנף	2	PST.3MSG|IMP.2MSG	PST.3MSG	True	HITPAEL
unvocalized	LX-82b04903a1:U3	LX-82b04903a1	היטנפו	2	PST.3PL|IMP.2MPL	PST.3PL	True	HITPAEL
unvocalized	LX-82b04903a1:U4	LX-82b04903a1	תיטנף	2	FUT.2MSG|FUT.3FSG		False	HITPAEL
unvocalized	LX-82b04903a1:U5	LX-82b04903a1	תיטנפנה	2	FUT.2FPL|FUT.3FPL		False	HITPAEL
unvocalized	LX-82d311e1e1:U1	LX-82d311e1e1	בושת	2	PST.2MSG|PST.2FSG	PST.2MSG|PST.2FSG	False	PAAL
unvocalized	LX-82d311e1e1:U2	LX-82d311e1e1	בוש	3	PST.3MSG|PRS.MSG|IMP.2MSG	PST.3MSG	True	PAAL
unvocalized	LX-82d311e1e1:U3	LX-82d311e1e1	בושה	3	PST.3FSG|PRS.FSG|MSDR	PST.3FSG	True	PAAL
unvocalized	LX-82d311e1e1:U4	LX-82d311e1e1	בושו	2	PST.3PL|IMP.2MPL	PST.3PL	True	PAAL
unvocalized	LX-82d311e1e1:U5	LX-82d311e1e1	תבוש	2	FUT.2MSG|FUT.3FSG		False	PAAL
unvocalized	LX-82d311e1e1:U6	LX-82d311e1e1	תבושנה	2	FUT.2FPL|FUT.3FPL		False	PAAL
unvocalized	LX-8306c21941:U1	LX-8306c21941	נהיית	3	PST.2MSG|PST.2FSG|PRS.FSG	PST.2MSG|PST.2FSG	True	NIFAL
unvocalized	LX-8306c21941:U2	LX-8306c21941	נהיה	2	PST.3MSG|PRS.MSG	PST.3MSG	True	NIFAL
unvocalized	LX-833fdcfadb:U1	LX-833fdcfadb	חוללת	2	PST.2MSG|PST.2FSG	PST.2MSG|PST.2FSG	False	PIEL
unvocalized	LX-833fdcfadb:U2	LX-833fdcfadb	חולל	2	PST.3MSG|IMP.2MSG	PST.3MSG	True	PIEL
unvocalized	LX-833fdcfadb:U3	LX-833fdcfadb	חוללו	2	PST.3PL|IMP.2MPL	PST.3PL	True	PIEL
unvocalized	LX-833fdcfadb:U4	LX-833fdcfadb	תחולל	2	FUT.2MSG|FUT.3FSG		False	PIEL
unvocalized	LX-833fdcfadb:U5	LX-833fdcfadb	תחוללנה	2	FUT.2FPL|FUT.3FPL		False	PIEL
unvocalized	LX-83bd88989a:U1	LX-83bd88989a	נגלית	3	PST.2MSG|PST.2FSG|PRS.FSG	PST.2MSG|PST.2FSG	True	NIFAL
unvocalized	LX-83bd88989a:U2	LX-83bd88989a	נגלה	2	PST.3MSG|PRS.MSG	PST.3MSG	True	NIFAL
unvocalized	LX-83bd88989a:U3	LX-83bd88989a	תיגלה	2	FUT.2MSG|FUT.3FSG		False	NIFAL
unvocalized	LX-83bd88989a:U4	LX-83bd88989a	תיגלינה	2	FUT.2FPL|FUT.3FPL		False	NIFAL
unvocalized	LX-83dfdafe98:U1	LX-83dfdafe98	לחצת	2	PST.2MSG|PST.2FSG	PST.2MSG|PST.2FSG	False	PAAL
unvocalized	LX-83dfdafe98:U2	LX-83dfdafe98	לחץ	2	PST.3MSG|IMP.2MSG	PST.3MSG	True	PAAL
unvocalized	LX-83dfdafe98:U3	LX-83dfdafe98	לחצו	2	PST.3PL|IMP.2MPL	PST.3PL	True	PAAL
unvocalized	LX-83dfdafe98:U4	LX-83dfdafe98	תלחץ	2	FUT.2MSG|FUT.3FSG		False	PAAL
unvocalized	LX-83dfdafe98:U5	LX-83dfdafe98	תלחצנה	2	FUT.2FPL|FUT.3FPL		False	PAAL
unvocalized	LX-84a27c0c03:U1	LX-84a27c0c03	חונכת	2	PST.2MSG|PST.2FSG	PST.2MSG|PST.2FSG	False	
unvocalized	LX-84a27c0c03:U2	LX-84a27c0c03	תחונך	2	FUT.2MSG|FUT.3FSG		False	
unvocalized	LX-84a27c0c03:U3	LX-84a27c0c03	תחונכנה	2	FUT.2FPL|FUT.3FPL		False	
unvocalized	LX-84abc2fe49:U1	LX-84abc2fe49	הוכחת	2	PST.2MSG|PST.2FSG	PST.2MSG|PST.2FSG	False	HUFAL
unvocalized	LX-84abc2fe49:U2	LX-84abc2fe49	תוכח	2	FUT.2MSG|FUT.3FSG		False	HUFAL
unvocalized	LX-84abc2fe49:U3	LX-84abc2fe49	תוכחנה	2	FUT.2FPL|FUT.3FPL		False	HUFAL
unvocalized	LX-84c0234a15:U1	LX-84c0234a15	חגרת	2	PST.2MSG|PST.2FSG	PST.2MSG|PST.2FSG	False	PAAL
unvocalized	LX-84c0234a15:U2	LX-84c0234a15	חגרו	2	PST.3PL|IMP.2MPL	PST.3PL	True	PAAL
unvocalized	LX-84c0234a15:U3	LX-84c0234a15	תחגור	2	FUT.2MSG|FUT.3FSG		False	PAAL
unvocalized	LX-84c0234a15:U4	LX-84c0234a15	תחגורנה	2	FUT.2FPL|FUT.3FPL		False	PAAL
unvocalized	LX-84c2e16a81:U1	LX-84c2e16a81	שבתת	2	PST.2MSG|PST.2FSG	PST.2MSG|PST.2FSG	False	PAAL
unvocalized	LX-84c2e16a81:U2	LX-84c2e16a81	שבתו	2	PST.3PL|IMP.2MPL	PST.3PL	True	PAAL
unvocalized	LX-84c2e16a81:U3	LX-84c2e16a81	תשבות	2	FUT.2MSG|FUT.3FSG		False	PAAL
unvocalized	LX-84c2e16a81:U4	LX-84c2e16a81	תשבותנה	2	FUT.2FPL|FUT.3FPL		False	PAAL
unvocalized	LX-84d1314266:U1	LX-84d1314266	כרתת	2	PST.2MSG|PST.2FSG	PST.2MSG|PST.2FSG	False	PAAL
unvocalized	LX-84d1314266:U2	LX-84d1314266	כרתו	2	PST.3PL|IMP.2MPL	PST.3PL	True	PAAL
unvocalized	LX-84d1314266:U3	LX-84d1314266	תכרות	2	FUT.2MSG|FUT.3FSG		False	PAAL
unvocalized	LX-84d1314266:U4	LX-84d1314266	תכרותנה	2	FUT.2FPL|FUT.3FPL		False	PAAL
unvocalized	LX-84f4a01728:U1	LX-84f4a01728	פחדת	2	PST.2MSG|PST.2FSG	PST.2MSG|PST.2FSG	False	PAAL
unvocalized	LX-84f4a01728:U2	LX-84f4a01728	פחד	2	PST.3MSG|IMP.2MSG	PST.3MSG	True	PAAL
unvocalized	LX-84f4a01728:U3	LX-84f4a01728	פחדו	2	PST.3PL|IMP.2MPL	PST.3PL	True	PAAL
unvocalized	LX-84f4a01728:U4	LX-84f4a01728	תפחד	2	FUT.2MSG|FUT.3FSG		False	PAAL
unvocalized	LX-84f4a01728:U5	LX-84f4a01728	תפחדנה	2	FUT.2FPL|FUT.3FPL		False	PAAL
unvocalized	LX-85351b2f42:U1	LX-85351b2f42	ירשת	2	PST.2MSG|PST.2FSG	PST.2MSG|PST.2FSG	False	PAAL
unvocalized	LX-85351b2f42:U2	LX-85351b2f42	ירש	2	PST.3MSG|IMP.2MSG	PST.3MSG	True	PAAL
unvocalized	LX-85351b2f42:U3	LX-85351b2f42	ירשו	2	PST.3PL|IMP.2MPL	PST.3PL	True	PAAL
unvocalized	LX-85351b2f42:U4	LX-85351b2f42	תירש	2	FUT.2MSG|FUT.3FSG		False	PAAL
unvocalized	LX-85351b2f42:U5	LX-85351b2f42	תירשנה	2	FUT.2FPL|FUT.3FPL		False	PAAL
unvocalized	LX-856259bfb6:U1	LX-856259bfb6	בירכת	2	PST.2MSG|PST.2FSG	PST.2MSG|PST.2FSG	False	PIEL
unvocalized	LX-856259bfb6:U2	LX-856259bfb6	תברך	2	FUT.2MSG|FUT.3FSG		False	PIEL
unvocalized	LX-856259bfb6:U3	LX-856259bfb6	תברכנה	2	FUT.2FPL|FUT.3FPL		False	PIEL
unvocalized	LX-8595027f0d:U1	LX-8595027f0d	תהית	2	PST.2MSG|PST.2FSG	PST.2MSG|PST.2FSG	False	PAAL
unvocalized	LX-8595027f0d:U2	LX-8595027f0d	תהה	2	PST.3MSG|IMP.2MSG	PST.3MSG	True	PAAL
unvocalized	LX-8595027f0d:U3	LX-8595027f0d	תהו	2	PST.3PL|IMP.2MPL	PST.3PL	True	PAAL
unvocalized	LX-8595027f0d:U4	LX-8595027f0d	תוהה	2	PRS.MSG|PRS.FSG		False	PAAL
unvocalized	LX-8595027f0d:U5	LX-8595027f0d	תתהה	2	FUT.2MSG|FUT.3FSG		False	PAAL
unvocalized	LX-8595027f0d:U6	LX-8595027f0d	תתהינה	2	FUT.2FPL|FUT.3FPL		False	PAAL
unvocalized	LX-859c0a3e6b:U1	LX-859c0a3e6b	הסמקת	2	PST.2MSG|PST.2FSG	PST.2MSG|PST.2FSG	False	HIFIL
unvocalized	LX-859c0a3e6b:U2	LX-859c0a3e6b	הסמיקו	2	PST.3PL|IMP.2MPL	PST.3PL	True	HIFIL
unvocalized	LX-859c0a3e6b:U3	LX-859c0a3e6b	תסמיק	2	FUT.2MSG|FUT.3FSG		False	HIFIL
unvocalized	LX-859c0a3e6b:U4	LX-859c0a3e6b	תסמקנה	2	FUT.2FPL|FUT.3FPL		False	HIFIL
unvocalized	LX-85b2e16647:U1	LX-85b2e16647	חידשת	2	PST.2MSG|PST.2FSG	PST.2MSG|PST.2FSG	False	PIEL
unvocalized	LX-85b2e16647:U2	LX-85b2e16647	תחדש	2	FUT.2MSG|FUT.3FSG		False	PIEL
unvocalized	LX-85b2e16647:U3	LX-85b2e16647	תחדשנה	2	FUT.2FPL|FUT.3FPL		False	PIEL
unvocalized	LX-85fc90d283:U1	LX-85fc90d283	הרתחת	2	PST.2MSG|PST.2FSG	PST.2MSG|PST.2FSG	False	
unvocalized	LX-85fc90d283:U2	LX-85fc90d283	הרתיחו	2	PST.3PL|IMP.2MPL	PST.3PL	True	
unvocalized	LX-85fc90d283:U3	LX-85fc90d283	תרתיח	2	FUT.2MSG|FUT.3FSG		False	
unvocalized	LX-85fc90d283:U4	LX-85fc90d283	תרתחנה	2	FUT.2FPL|FUT.3FPL		False	
unvocalized	LX-86048362c6:U1	LX-86048362c6	האמנת	2	PST.2MSG|PST.2FSG	PST.2MSG|PST.2FSG	False	HIFIL
unvocalized	LX-86048362c6:U2	LX-86048362c6	האמינו	2	PST.3PL|IMP.2MPL	PST.3PL	True	HIFIL
unvocalized	LX-86048362c6:U3	LX-86048362c6	תאמין	2	FUT.2MSG|FUT.3FSG		False	HIFIL
unvocalized	LX-86048362c6:U4	LX-86048362c6	תאמנה	2	FUT.2FPL|FUT.3FPL		False	HIFIL
unvocalized	LX-86048362c6:U5	LX-86048362c6	האמנה	2	IMP.2FPL|MSDR		True	HIFIL
unvocalized	LX-870b26ad1b:U1	LX-870b26ad1b	יראת	2	PST.2MSG|PST.2FSG	PST.2MSG|PST.2FSG	False	PAAL
unvocalized	LX-870b26ad1b:U2	LX-870b26ad1b	ירא	3	PST.3MSG|PRS.MSG|IMP.2MSG	PST.3MSG	True	PAAL
unvocalized	LX-870b26ad1b:U3	LX-870b26ad1b	יראה	3	PST.3FSG|PRS.FSG|MSDR	PST.3FSG	True	PAAL
unvocalized	LX-870b26ad1b:U4	LX-870b26ad1b	יראו	2	PST.3PL|IMP.2MPL	PST.3PL	True	PAAL
unvocalized	LX-870b26ad1b:U5	LX-870b26ad1b	תירא	2	FUT.2MSG|FUT.3FSG		False	PAAL
unvocalized	LX-870b26ad1b:U6	LX-870b26ad1b	תיראנה	2	FUT.2FPL|FUT.3FPL		False	PAAL
unvocalized	LX-870f27eb3a:U1	LX-870f27eb3a	קונטרת	2	PST.2MSG|PST.2FSG	PST.2MSG|PST.2FSG	False	
unvocalized	LX-870f27eb3a:U2	LX-870f27eb3a	תקונטר	2	FUT.2MSG|FUT.3FSG		False	
unvocalized	LX-870f27eb3a:U3	LX-870f27eb3a	תקונטרנה	2	FUT.2FPL|FUT.3FPL		False	
unvocalized	LX-8748f07a1a:U1	LX-8748f07a1a	הופלת	2	PST.2MSG|PST.2FSG	PST.2MSG|PST.2FSG	False	HUFAL
unvocalized	LX-8748f07a1a:U2	LX-8748f07a1a	תופל	2	FUT.2MSG|FUT.3FSG		False	HUFAL
unvocalized	LX-8748f07a1a:U3	LX-8748f07a1a	תופלנה	2	FUT.2FPL|FUT.3FPL		False	HUFAL
unvocalized	LX-876d8f472f:U1	LX-876d8f472f	הצטרפת	2	PST.2MSG|PST.2FSG	PST.2MSG|PST.2FSG	False	
unvocalized	LX-876d8f472f:U2	LX-876d8f472f	הצטרף	2	PST.3MSG|IMP.2MSG	PST.3MSG	True	
unvocalized	LX-876d8f472f:U3	LX-876d8f472f	הצטרפו	2	PST.3PL|IMP.2MPL	PST.3PL	True	
unvocalized	LX-876d8f472f:U4	LX-876d8f472f	תצטרף	2	FUT.2MSG|FUT.3FSG		False	
unvocalized	LX-876d8f472f:U5	LX-876d8f472f	תצטרפנה	2	FUT.2FPL|FUT.3FPL		False	
unvocalized	LX-87906e22bd:U1	LX-87906e22bd	חרבת	2	PST.2MSG|PST.2FSG	PST.2MSG|PST.2FSG	False	PAAL
unvocalized	LX-87906e22bd:U2	LX-87906e22bd	חרב	3	PST.3MSG|PRS.MSG|IMP.2MSG	PST.3MSG	True	PAAL
unvocalized	LX-87906e22bd:U3	LX-87906e22bd	חרבה	2	PST.3FSG|PRS.FSG	PST.3FSG	True	PAAL
unvocalized	LX-87906e22bd:U4	LX-87906e22bd	חרבו	2	PST.3PL|IMP.2MPL	PST.3PL	True	PAAL
unvocalized	LX-87906e22bd:U5	LX-87906e22bd	תחרב	2	FUT.2MSG|FUT.3FSG		False	PAAL
unvocalized	LX-87906e22bd:U6	LX-87906e22bd	תחרבנה	2	FUT.2FPL|FUT.3FPL		False	PAAL
unvocalized	LX-87d23634c3:U1	LX-87d23634c3	השתגעת	2	PST.2MSG|PST.2FSG	PST.2MSG|PST.2FSG	False	HITPAEL
unvocalized	LX-87d23634c3:U2	LX-87d23634c3	השתגע	2	PST.3MSG|IMP.2MSG	PST.3MSG	True	HITPAEL
unvocalized	LX-87d23634c3:U3	LX-87d23634c3	השתגעו	2	PST.3PL|IMP.2MPL	PST.3PL	True	HITPAEL
unvocalized	LX-87d23634c3:U4	LX-87d23634c3	תשתגע	2	FUT.2MSG|FUT.3FSG		False	HITPAEL
unvocalized	LX-87d23634c3:U5	LX-87d23634c3	תשתגענה	2	FUT.2FPL|FUT.3FPL		False	HITPAEL
unvocalized	LX-87df3fc6d7:U1	LX-87df3fc6d7	המתנת	2	PST.2MSG|PST.2FSG	PST.2MSG|PST.2FSG	False	
unvocalized	LX-87df3fc6d7:U2	LX-87df3fc6d7	המתינו	2	PST.3PL|IMP.2MPL	PST.3PL	True	
unvocalized	LX-87df3fc6d7:U3	LX-87df3fc6d7	תמתין	2	FUT.2MSG|FUT.3FSG		False	
unvocalized	LX-87df3fc6d7:U4	LX-87df3fc6d7	תמתנה	2	FUT.2FPL|FUT.3FPL		False	
unvocalized	LX-87df3fc6d7:U5	LX-87df3fc6d7	המתנה	2	IMP.2FPL|MSDR		True	
unvocalized	LX-8807c45311:U1	LX-8807c45311	חדרת	2	PST.2MSG|PST.2FSG	PST.2MSG|PST.2FSG	False	PAAL
unvocalized	LX-8807c45311:U2	LX-8807c45311	חדרו	2	PST.3PL|IMP.2MPL	PST.3PL	True	PAAL
unvocalized	LX-8807c45311:U3	LX-8807c45311	תחדור	2	FUT.2MSG|FUT.3FSG		False	PAAL
unvocalized	LX-8807c45311:U4	LX-8807c45311	תחדורנה	2	FUT.2FPL|FUT.3FPL		False	PAAL
unvocalized	LX-89d9a3afbf:U1	LX-89d9a3afbf	קיטלגת	2	PST.2MSG|PST.2FSG	PST.2MSG|PST.2FSG	False	
unvocalized	LX-89d9a3afbf:U2	LX-89d9a3afbf	תקטלג	2	FUT.2MSG|FUT.3FSG		False	
unvocalized	LX-89d9a3afbf:U3	LX-89d9a3afbf	תקטלגנה	2	FUT.2FPL|FUT.3FPL		False	
unvocalized	LX-89f498bc79:U1	LX-89f498bc79	נסת	2	PST.2MSG|PST.2FSG	PST.2MSG|PST.2FSG	False	PAAL
unvocalized	LX-89f498bc79:U2	LX-89f498bc79	נס	2	PST.3MSG|PRS.MSG	PST.3MSG	True	PAAL
unvocalized	LX-89f498bc79:U3	LX-89f498bc79	נסה	2	PST.3FSG|PRS.FSG	PST.3FSG	True	PAAL
unvocalized	LX-89f498bc79:U4	LX-89f498bc79	תנוס	2	FUT.2MSG|FUT.3FSG		False	PAAL
unvocalized	LX-89f498bc79:U5	LX-89f498bc79	תנוסנה	2	FUT.2FPL|FUT.3FPL		False	PAAL
unvocalized	LX-89fe062dac:U1	LX-89fe062dac	הערצת	2	PST.2MSG|PST.2FSG	PST.2MSG|PST.2FSG	False	
unvocalized	LX-89fe062dac:U2	LX-89fe062dac	העריצו	2	PST.3PL|IMP.2MPL	PST.3PL	True	
unvocalized	LX-89fe062dac:U3	LX-89fe062dac	תעריץ	2	FUT.2MSG|FUT.3FSG		False	
unvocalized	LX-89fe062dac:U4	LX-89fe062dac	תערצנה	2	FUT.2FPL|FUT.3FPL		False	
unvocalized	LX-8ac0c993da:U1	LX-8ac0c993da	נשארת	3	PST.2MSG|PST.2FSG|PRS.FSG	PST.2MSG|PST.2FSG	True	NIFAL
unvocalized	LX-8ac0c993da:U2	LX-8ac0c993da	נשאר	2	PST.3MSG|PRS.MSG	PST.3MSG	True	NIFAL
unvocalized	LX-8ac0c993da:U3	LX-8ac0c993da	תישאר	2	FUT.2MSG|FUT.3FSG		False	NIFAL
unvocalized	LX-8ac0c993da:U4	LX-8ac0c993da	תישארנה	2	FUT.2FPL|FUT.3FPL		False	NIFAL
unvocalized	LX-8afe62993c:U1	LX-8afe62993c	התגלית	2	PST.2MSG|PST.2FSG	PST.2MSG|PST.2FSG	False	
unvocalized	LX-8afe62993c:U2	LX-8afe62993c	התגלה	2	PST.3MSG|IMP.2MSG	PST.3MSG	True	
unvocalized	LX-8afe62993c:U3	LX-8afe62993c	התגלו	2	PST.3PL|IMP.2MPL	PST.3PL	True	
unvocalized	LX-8afe62993c:U4	LX-8afe62993c	מתגלה	2	PRS.MSG|PRS.FSG		False	
unvocalized	LX-8afe62993c:U5	LX-8afe62993c	תתגלה	2	FUT.2MSG|FUT.3FSG		False	
unvocalized	LX-8afe62993c:U6	LX-8afe62993c	תתגלינה	2	FUT.2FPL|FUT.3FPL		False	
unvocalized	LX-8b1af66757:U1	LX-8b1af66757	כיסית	2	PST.2MSG|PST.2FSG	PST.2MSG|PST.2FSG	False	PIEL
unvocalized	LX-8b1af66757:U2	LX-8b1af66757	מכסה	2	PRS.MSG|PRS.FSG		False	PIEL
unvocalized	LX-8b1af66757:U3	LX-8b1af66757	תכסה	2	FUT.2MSG|FUT.3FSG		False	PIEL
unvocalized	LX-8b1af66757:U4	LX-8b1af66757	תכסינה	2	FUT.2FPL|FUT.3FPL		False	PIEL
unvocalized	LX-8b4d802eda:U1	LX-8b4d802eda	הגזמת	2	PST.2MSG|PST.2FSG	PST.2MSG|PST.2FSG	False	HIFIL
unvocalized	LX-8b4d802eda:U2	LX-8b4d802eda	הגזימו	2	PST.3PL|IMP.2MPL	PST.3PL	True	HIFIL
unvocalized	LX-8b4d802eda:U3	LX-8b4d802eda	תגזים	2	FUT.2MSG|FUT.3FSG		False	HIFIL
unvocalized	LX-8b4d802eda:U4	LX-8b4d802eda	תגזמנה	2	FUT.2FPL|FUT.3FPL		False	HIFIL
unvocalized	LX-8b691001e1:U1	LX-8b691001e1	התנזרת	2	PST.2MSG|PST.2FSG	PST.2MSG|PST.2FSG	False	
unvocalized	LX-8b691001e1:U2	LX-8b691001e1	התנזר	2	PST.3MSG|IMP.2MSG	PST.3MSG	True	
unvocalized	LX-8b691001e1:U3	LX-8b691001e1	התנזרו	2	PST.3PL|IMP.2MPL	PST.3PL	True	
unvocalized	LX-8b691001e1:U4	LX-8b691001e1	תתנזר	2	FUT.2MSG|FUT.3FSG		False	
unvocalized	LX-8b691001e1:U5	LX-8b691001e1	תתנזרנה	2	FUT.2FPL|FUT.3FPL		False	
unvocalized	LX-8b75fd350a:U1	LX-8b75fd350a	חיבלת	2	PST.2MSG|PST.2FSG	PST.2MSG|PST.2FSG	False	PIEL
unvocalized	LX-8b75fd350a:U2	LX-8b75fd350a	תחבל	2	FUT.2MSG|FUT.3FSG		False	PIEL
unvocalized	LX-8b75fd350a:U3	LX-8b75fd350a	תחבלנה	2	FUT.2FPL|FUT.3FPL		False	PIEL
unvocalized	LX-8bad694631:U1	LX-8bad694631	הבטחת	2	PST.2MSG|PST.2FSG	PST.2MSG|PST.2FSG	False	
unvocalized	LX-8bad694631:U2	LX-8bad694631	הבטיחו	2	PST.3PL|IMP.2MPL	PST.3PL	True	
unvocalized	LX-8bad694631:U3	LX-8bad694631	תבטיח	2	FUT.2MSG|FUT.3FSG		False	
unvocalized	LX-8bad694631:U4	LX-8bad694631	תבטחנה	2	FUT.2FPL|FUT.3FPL		False	
unvocalized	LX-8bd5392093:U1	LX-8bd5392093	נאהבת	3	PST.2MSG|PST.2FSG|PRS.FSG	PST.2MSG|PST.2FSG	True	NIFAL
unvocalized	LX-8bd5392093:U2	LX-8bd5392093	נאהב	2	PST.3MSG|PRS.MSG	PST.3MSG	True	NIFAL
unvocalized	LX-8bd5392093:U3	LX-8bd5392093	תיאהב	2	FUT.2MSG|FUT.3FSG		False	NIFAL
unvocalized	LX-8bd5392093:U4	LX-8bd5392093	תיאהבנה	2	FUT.2FPL|FUT.3FPL		False	NIFAL
unvocalized	LX-8c0991a569:U1	LX-8c0991a569	זרעת	2	PST.2MSG|PST.2FSG	PST.2MSG|PST.2FSG	False	PAAL
unvocalized	LX-8c0991a569:U2	LX-8c0991a569	זרע	2	PST.3MSG|IMP.2MSG	PST.3MSG	True	PAAL
unvocalized	LX-8c0991a569:U3	LX-8c0991a569	זרעו	2	PST.3PL|IMP.2MPL	PST.3PL	True	PAAL
unvocalized	LX-8c0991a569:U4	LX-8c0991a569	תזרע	2	FUT.2MSG|FUT.3FSG		False	PAAL
unvocalized	LX-8c0991a569:U5	LX-8c0991a569	תזרענה	2	FUT.2FPL|FUT.3FPL		False	PAAL
unvocalized	LX-8ca872eb38:U1	LX-8ca872eb38	התמתחת	2	PST.2MSG|PST.2FSG	PST.2MSG|PST.2FSG	False	
unvocalized	LX-8ca872eb38:U2	LX-8ca872eb38	התמתח	2	PST.3MSG|IMP.2MSG	PST.3MSG	True	
unvocalized	LX-8ca872eb38:U3	LX-8ca872eb38	התמתחו	2	PST.3PL|IMP.2MPL	PST.3PL	True	
unvocalized	LX-8ca872eb38:U4	LX-8ca872eb38	תתמתח	2	FUT.2MSG|FUT.3FSG		False	
unvocalized	LX-8ca872eb38:U5	LX-8ca872eb38	תתמתחנה	2	FUT.2FPL|FUT.3FPL		False	
unvocalized	LX-8cb779c4eb:U1	LX-8cb779c4eb	נשלטת	3	PST.2MSG|PST.2FSG|PRS.FSG	PST.2MSG|PST.2FSG	True	
unvocalized	LX-8cb779c4eb:U2	LX-8cb779c4eb	נשלט	2	PST.3MSG|PRS.MSG	PST.3MSG	True	
unvocalized	LX-8cb779c4eb:U3	LX-8cb779c4eb	תישלט	2	FUT.2MSG|FUT.3FSG		False	
unvocalized	LX-8cb779c4eb:U4	LX-8cb779c4eb	תישלטנה	2	FUT.2FPL|FUT.3FPL		False	
unvocalized	LX-8d14308d16:U1	LX-8d14308d16	בישרת	2	PST.2MSG|PST.2FSG	PST.2MSG|PST.2FSG	False	PIEL
unvocalized	LX-8d14308d16:U2	LX-8d14308d16	תבשר	2	FUT.2MSG|FUT.3FSG		False	PIEL
unvocalized	LX-8d14308d16:U3	LX-8d14308d16	תבשרנה	2	FUT.2FPL|FUT.3FPL		False	PIEL
unvocalized	LX-8d3da3f90b:U1	LX-8d3da3f90b	חגת	2	PST.2MSG|PST.2FSG	PST.2MSG|PST.2FSG	False	PAAL
unvocalized	LX-8d3da3f90b:U2	LX-8d3da3f90b	חג	2	PST.3MSG|PRS.MSG	PST.3MSG	True	PAAL
unvocalized	LX-8d3da3f90b:U3	LX-8d3da3f90b	חגה	2	PST.3FSG|PRS.FSG	PST.3FSG	True	PAAL
unvocalized	LX-8d3da3f90b:U4	LX-8d3da3f90b	תחוג	2	FUT.2MSG|FUT.3FSG		False	PAAL
unvocalized	LX-8d3da3f90b:U5	LX-8d3da3f90b	תחוגנה	2	FUT.2FPL|FUT.3FPL		False	PAAL
unvocalized	LX-8e660a607c:U1	LX-8e660a607c	התבלבלת	2	PST.2MSG|PST.2FSG	PST.2MSG|PST.2FSG	False	HITPAEL
unvocalized	LX-8e660a607c:U2	LX-8e660a607c	התבלבל	2	PST.3MSG|IMP.2MSG	PST.3MSG	True	HITPAEL
unvocalized	LX-8e660a607c:U3	LX-8e660a607c	התבלבלו	2	PST.3PL|IMP.2MPL	PST.3PL	True	HITPAEL
unvocalized	LX-8e660a607c:U4	LX-8e660a607c	תתבלבל	2	FUT.2MSG|FUT.3FSG		False	HITPAEL
unvocalized	LX-8e660a607c:U5	LX-8e660a607c	תתבלבלנה	2	FUT.2FPL|FUT.3FPL		False	HITPAEL
unvocalized	LX-8e72ec679b:U1	LX-8e72ec679b	תיעדת	2	PST.2MSG|PST.2FSG	PST.2MSG|PST.2FSG	False	PIEL
unvocalized	LX-8e72ec679b:U2	LX-8e72ec679b	תתעד	2	FUT.2MSG|FUT.3FSG		False	PIEL
unvocalized	LX-8e72ec679b:U3	LX-8e72ec679b	תתעדנה	2	FUT.2FPL|FUT.3FPL		False	PIEL
unvocalized	LX-8e7a7d8db5:U1	LX-8e7a7d8db5	השתוחחת	2	PST.2MSG|PST.2FSG	PST.2MSG|PST.2FSG	False	
unvocalized	LX-8e7a7d8db5:U2	LX-8e7a7d8db5	השתוחח	2	PST.3MSG|IMP.2MSG	PST.3MSG	True	
unvocalized	LX-8e7a7d8db5:U3	LX-8e7a7d8db5	השתוחחו	2	PST.3PL|IMP.2MPL	PST.3PL	True	
unvocalized	LX-8e7a7d8db5:U4	LX-8e7a7d8db5	תשתוחח	2	FUT.2MSG|FUT.3FSG		False	
unvocalized	LX-8e7a7d8db5:U5	LX-8e7a7d8db5	תשתוחחנה	2	FUT.2FPL|FUT.3FPL		False	
unvocalized	LX-8e9c369990:U1	LX-8e9c369990	עקצת	2	PST.2MSG|PST.2FSG	PST.2MSG|PST.2FSG	False	PAAL
unvocalized	LX-8e9c369990:U2	LX-8e9c369990	עקצו	2	PST.3PL|IMP.2MPL	PST.3PL	True	PAAL
unvocalized	LX-8e9c369990:U3	LX-8e9c369990	תעקוץ	2	FUT.2MSG|FUT.3FSG		False	PAAL
unvocalized	LX-8e9c369990:U4	LX-8e9c369990	תעקוצנה	2	FUT.2FPL|FUT.3FPL		False	PAAL
unvocalized	LX-8f1e02a14f:U1	LX-8f1e02a14f	אבדת	2	PST.2MSG|PST.2FSG	PST.2MSG|PST.2FSG	False	PAAL
unvocalized	LX-8f1e02a14f:U2	LX-8f1e02a14f	אבדו	2	PST.3PL|IMP.2MPL	PST.3PL	True	PAAL
unvocalized	LX-8f1e02a14f:U3	LX-8f1e02a14f	אובד	2	PRS.MSG|FUT.1SG		True	PAAL
unvocalized	LX-8f1e02a14f:U4	LX-8f1e02a14f	תאבד	2	FUT.2MSG|FUT.3FSG		False	PAAL
unvocalized	LX-8f1e02a14f:U5	LX-8f1e02a14f	תאבדנה	2	FUT.2FPL|FUT.3FPL		False	PAAL
unvocalized	LX-8f40a0b7e1:U1	LX-8f40a0b7e1	עלית	2	PST.2MSG|PST.2FSG	PST.2MSG|PST.2FSG	False	PAAL
unvocalized	LX-8f40a0b7e1:U2	LX-8f40a0b7e1	עלה	2	PST.3MSG|IMP.2MSG	PST.3MSG	True	PAAL
unvocalized	LX-8f40a0b7e1:U3	LX-8f40a0b7e1	עלו	2	PST.3PL|IMP.2MPL	PST.3PL	True	PAAL
unvocalized	LX-8f40a0b7e1:U4	LX-8f40a0b7e1	עולה	2	PRS.MSG|PRS.FSG		False	PAAL
unvocalized	LX-8f40a0b7e1:U5	LX-8f40a0b7e1	תעלה	2	FUT.2MSG|FUT.3FSG		False	PAAL
unvocalized	LX-8f40a0b7e1:U6	LX-8f40a0b7e1	תעלינה	2	FUT.2FPL|FUT.3FPL		False	PAAL
unvocalized	LX-8f51ad5f53:U1	LX-8f51ad5f53	אוכלת	2	PST.2MSG|PST.2FSG	PST.2MSG|PST.2FSG	False	PUAL
unvocalized	LX-8f51ad5f53:U2	LX-8f51ad5f53	תאוכל	2	FUT.2MSG|FUT.3FSG		False	PUAL
unvocalized	LX-8f51ad5f53:U3	LX-8f51ad5f53	תאוכלנה	2	FUT.2FPL|FUT.3FPL		False	PUAL
unvocalized	LX-8fa48ed626:U1	LX-8fa48ed626	המלצת	2	PST.2MSG|PST.2FSG	PST.2MSG|PST.2FSG	False	
unvocalized	LX-8fa48ed626:U2	LX-8fa48ed626	המליצו	2	PST.3PL|IMP.2MPL	PST.3PL	True	
unvocalized	LX-8fa48ed626:U3	LX-8fa48ed626	תמליץ	2	FUT.2MSG|FUT.3FSG		False	
unvocalized	LX-8fa48ed626:U4	LX-8fa48ed626	תמלצנה	2	FUT.2FPL|FUT.3FPL		False	
unvocalized	LX-8fad168902:U1	LX-8fad168902	נוסית	2	PST.2MSG|PST.2FSG	PST.2MSG|PST.2FSG	False	
unvocalized	LX-8fad168902:U2	LX-8fad168902	מנוסה	2	PRS.MSG|PRS.FSG		False	
unvocalized	LX-8fad168902:U3	LX-8fad168902	תנוסה	2	FUT.2MSG|FUT.3FSG		False	
unvocalized	LX-8fad168902:U4	LX-8fad168902	תנוסינה	2	FUT.2FPL|FUT.3FPL		False	
unvocalized	LX-8fd108f6c0:U1	LX-8fd108f6c0	חיקית	2	PST.2MSG|PST.2FSG	PST.2MSG|PST.2FSG	False	PIEL
unvocalized	LX-8fd108f6c0:U2	LX-8fd108f6c0	מחקה	2	PRS.MSG|PRS.FSG		False	PIEL
unvocalized	LX-8fd108f6c0:U3	LX-8fd108f6c0	תחקה	2	FUT.2MSG|FUT.3FSG		False	PIEL
unvocalized	LX-8fd108f6c0:U4	LX-8fd108f6c0	תחקינה	2	FUT.2FPL|FUT.3FPL		False	PIEL
unvocalized	LX-8ffa519081:U1	LX-8ffa519081	מילאת	2	PST.2MSG|PST.2FSG	PST.2MSG|PST.2FSG	False	PIEL
unvocalized	LX-8ffa519081:U2	LX-8ffa519081	תמלא	2	FUT.2MSG|FUT.3FSG		False	PIEL
unvocalized	LX-8ffa519081:U3	LX-8ffa519081	תמלאנה	2	FUT.2FPL|FUT.3FPL		False	PIEL
unvocalized	LX-902e061982:U1	LX-902e061982	זזת	2	PST.2MSG|PST.2FSG	PST.2MSG|PST.2FSG	False	PAAL
unvocalized	LX-902e061982:U2	LX-902e061982	זז	2	PST.3MSG|PRS.MSG	PST.3MSG	True	PAAL
unvocalized	LX-902e061982:U3	LX-902e061982	זזה	2	PST.3FSG|PRS.FSG	PST.3FSG	True	PAAL
unvocalized	LX-902e061982:U4	LX-902e061982	תזוז	2	FUT.2MSG|FUT.3FSG		False	PAAL
unvocalized	LX-902e061982:U5	LX-902e061982	תזוזנה	2	FUT.2FPL|FUT.3FPL		False	PAAL
unvocalized	LX-90c8fc6830:U1	LX-90c8fc6830	הקראת	2	PST.2MSG|PST.2FSG	PST.2MSG|PST.2FSG	False	HIFIL
unvocalized	LX-90c8fc6830:U2	LX-90c8fc6830	הקריאו	2	PST.3PL|IMP.2MPL	PST.3PL	True	HIFIL
unvocalized	LX-90c8fc6830:U3	LX-90c8fc6830	תקריא	2	FUT.2MSG|FUT.3FSG		False	HIFIL
unvocalized	LX-90c8fc6830:U4	LX-90c8fc6830	תקראנה	2	FUT.2FPL|FUT.3FPL		False	HIFIL
unvocalized	LX-90e15d9d06:U1	LX-90e15d9d06	בעלת	2	PST.2MSG|PST.2FSG	PST.2MSG|PST.2FSG	False	PAAL
unvocalized	LX-90e15d9d06:U2	LX-90e15d9d06	בעל	2	PST.3MSG|IMP.2MSG	PST.3MSG	True	PAAL
unvocalized	LX-90e15d9d06:U3	LX-90e15d9d06	בעלו	2	PST.3PL|IMP.2MPL	PST.3PL	True	PAAL
unvocalized	LX-90e15d9d06:U4	LX-90e15d9d06	תבעל	2	FUT.2MSG|FUT.3FSG		False	PAAL
unvocalized	LX-90e15d9d06:U5	LX-90e15d9d06	תבעלנה	2	FUT.2FPL|FUT.3FPL		False	PAAL
unvocalized	LX-90e9f30f07:U1	LX-90e9f30f07	הופשטת	2	PST.2MSG|PST.2FSG	PST.2MSG|PST.2FSG	False	HUFAL
unvocalized	LX-90e9f30f07:U2	LX-90e9f30f07	תופשט	2	FUT.2MSG|FUT.3FSG		False	HUFAL
unvocalized	LX-90e9f30f07:U3	LX-90e9f30f07	תופשטנה	2	FUT.2FPL|FUT.3FPL		False	HUFAL
unvocalized	LX-90fd04ec38:U1	LX-90fd04ec38	רשמת	2	PST.2MSG|PST.2FSG	PST.2MSG|PST.2FSG	False	PAAL
unvocalized	LX-90fd04ec38:U2	LX-90fd04ec38	רשמו	2	PST.3PL|IMP.2MPL	PST.3PL	True	PAAL
unvocalized	LX-90fd04ec38:U3	LX-90fd04ec38	תרשום	2	FUT.2MSG|FUT.3FSG		False	PAAL
unvocalized	LX-90fd04ec38:U4	LX-90fd04ec38	תרשומנה	2	FUT.2FPL|FUT.3FPL		False	PAAL
unvocalized	LX-91549e4be9:U1	LX-91549e4be9	ינקת	2	PST.2MSG|PST.2FSG	PST.2MSG|PST.2FSG	False	PAAL
unvocalized	LX-91549e4be9:U2	LX-91549e4be9	ינק	2	PST.3MSG|IMP.2MSG	PST.3MSG	True	PAAL
unvocalized	LX-91549e4be9:U3	LX-91549e4be9	ינקו	2	PST.3PL|IMP.2MPL	PST.3PL	True	PAAL
unvocalized	LX-91549e4be9:U4	LX-91549e4be9	תינק	2	FUT.2MSG|FUT.3FSG		False	PAAL
unvocalized	LX-91549e4be9:U5	LX-91549e4be9	תינקנה	2	FUT.2FPL|FUT.3FPL		False	PAAL
unvocalized	LX-915582e34b:U1	LX-915582e34b	הסברת	2	PST.2MSG|PST.2FSG	PST.2MSG|PST.2FSG	False	HIFIL
unvocalized	LX-915582e34b:U2	LX-915582e34b	הסבירו	2	PST.3PL|IMP.2MPL	PST.3PL	True	HIFIL
unvocalized	LX-915582e34b:U3	LX-915582e34b	תסביר	2	FUT.2MSG|FUT.3FSG		False	HIFIL
unvocalized	LX-915582e34b:U4	LX-915582e34b	תסברנה	2	FUT.2FPL|FUT.3FPL		False	HIFIL
unvocalized	LX-9187694021:U1	LX-9187694021	הזדעזעת	2	PST.2MSG|PST.2FSG	PST.2MSG|PST.2FSG	False	HITPAEL
unvocalized	LX-9187694021:U2	LX-9187694021	הזדעזע	2	PST.3MSG|IMP.2MSG	PST.3MSG	True	HITPAEL
unvocalized	LX-9187694021:U3	LX-9187694021	הזדעזעו	2	PST.3PL|IMP.2MPL	PST.3PL	True	HITPAEL
unvocalized	LX-9187694021:U4	LX-9187694021	תזדעזע	2	FUT.2MSG|FUT.3FSG		False	HITPAEL
unvocalized	LX-9187694021:U5	LX-9187694021	תזדעזענה	2	FUT.2FPL|FUT.3FPL		False	HITPAEL
unvocalized	LX-91fbe13128:U1	LX-91fbe13128	רוקנת	2	PST.2MSG|PST.2FSG	PST.2MSG|PST.2FSG	False	
unvocalized	LX-91fbe13128:U2	LX-91fbe13128	רוקן	2	PST.3MSG|IMP.2MSG	PST.3MSG	True	
unvocalized	LX-91fbe13128:U3	LX-91fbe13128	רוקנה	2	PST.3FSG|IMP.2FPL	PST.3FSG	True	
unvocalized	LX-91fbe13128:U4	LX-91fbe13128	רוקנו	3	PST.1PL|PST.3PL|IMP.2MPL	PST.1PL|PST.3PL	True	
unvocalized	LX-91fbe13128:U5	LX-91fbe13128	תרוקן	2	FUT.2MSG|FUT.3FSG		False	
unvocalized	LX-91fbe13128:U6	LX-91fbe13128	תרוקנה	2	FUT.2FPL|FUT.3FPL		False	
unvocalized	LX-92432ef023:U1	LX-92432ef023	שיגעת	2	PST.2MSG|PST.2FSG	PST.2MSG|PST.2FSG	False	PIEL
unvocalized	LX-92432ef023:U2	LX-92432ef023	תשגע	2	FUT.2MSG|FUT.3FSG		False	PIEL
unvocalized	LX-92432ef023:U3	LX-92432ef023	תשגענה	2	FUT.2FPL|FUT.3FPL		False	PIEL
unvocalized	LX-929dec664d:U1	LX-929dec664d	פקחת	2	PST.2MSG|PST.2FSG	PST.2MSG|PST.2FSG	False	PAAL
unvocalized	LX-929dec664d:U2	LX-929dec664d	פקח	2	PST.3MSG|IMP.2MSG	PST.3MSG	True	PAAL
unvocalized	LX-929dec664d:U3	LX-929dec664d	פקחו	2	PST.3PL|IMP.2MPL	PST.3PL	True	PAAL
unvocalized	LX-929dec664d:U4	LX-929dec664d	תפקח	2	FUT.2MSG|FUT.3FSG		False	PAAL
unvocalized	LX-929dec664d:U5	LX-929dec664d	תפקחנה	2	FUT.2FPL|FUT.3FPL		False	PAAL
unvocalized	LX-92afd53891:U1	LX-92afd53891	התקררת	2	PST.2MSG|PST.2FSG	PST.2MSG|PST.2FSG	False	
unvocalized	LX-92afd53891:U2	LX-92afd53891	התקרר	2	PST.3MSG|IMP.2MSG	PST.3MSG	True	
unvocalized	LX-92afd53891:U3	LX-92afd53891	התקררו	2	PST.3PL|IMP.2MPL	PST.3PL	True	
unvocalized	LX-92afd53891:U4	LX-92afd53891	תתקרר	2	FUT.2MSG|FUT.3FSG		False	
unvocalized	LX-92afd53891:U5	LX-92afd53891	תתקררנה	2	FUT.2FPL|FUT.3FPL		False	
unvocalized	LX-92fcfa9de5:U1	LX-92fcfa9de5	ציטטת	2	PST.2MSG|PST.2FSG	PST.2MSG|PST.2FSG	False	PIEL
unvocalized	LX-92fcfa9de5:U2	LX-92fcfa9de5	תצטט	2	FUT.2MSG|FUT.3FSG		False	PIEL
unvocalized	LX-92fcfa9de5:U3	LX-92fcfa9de5	תצטטנה	2	FUT.2FPL|FUT.3FPL		False	PIEL
unvocalized	LX-9300efaa00:U1	LX-9300efaa00	נקנית	3	PST.2MSG|PST.2FSG|PRS.FSG	PST.2MSG|PST.2FSG	True	NIFAL
unvocalized	LX-9300efaa00:U2	LX-9300efaa00	נקנה	2	PST.3MSG|PRS.MSG	PST.3MSG	True	NIFAL
unvocalized	LX-9300efaa00:U3	LX-9300efaa00	תיקנה	2	FUT.2MSG|FUT.3FSG		False	NIFAL
unvocalized	LX-9300efaa00:U4	LX-9300efaa00	תיקנינה	2	FUT.2FPL|FUT.3FPL		False	NIFAL
unvocalized	LX-931f628b7b:U1	LX-931f628b7b	הסתעפת	2	PST.2MSG|PST.2FSG	PST.2MSG|PST.2FSG	False	
unvocalized	LX-931f628b7b:U2	LX-931f628b7b	הסתעף	2	PST.3MSG|IMP.2MSG	PST.3MSG	True	
unvocalized	LX-931f628b7b:U3	LX-931f628b7b	הסתעפו	2	PST.3PL|IMP.2MPL	PST.3PL	True	
unvocalized	LX-931f628b7b:U4	LX-931f628b7b	תסתעף	2	FUT.2MSG|FUT.3FSG		False	
unvocalized	LX-931f628b7b:U5	LX-931f628b7b	תסתעפנה	2	FUT.2FPL|FUT.3FPL		False	
unvocalized	LX-932d874cf9:U1	LX-932d874cf9	הפחתת	2	PST.2MSG|PST.2FSG	PST.2MSG|PST.2FSG	False	HIFIL
unvocalized	LX-932d874cf9:U2	LX-932d874cf9	הפחיתו	2	PST.3PL|IMP.2MPL	PST.3PL	True	HIFIL
unvocalized	LX-932d874cf9:U3	LX-932d874cf9	תפחית	2	FUT.2MSG|FUT.3FSG		False	HIFIL
unvocalized	LX-932d874cf9:U4	LX-932d874cf9	תפחתנה	2	FUT.2FPL|FUT.3FPL		False	HIFIL
unvocalized	LX-9359efa622:U1	LX-9359efa622	צחקת	2	PST.2MSG|PST.2FSG	PST.2MSG|PST.2FSG	False	PAAL
unvocalized	LX-9359efa622:U2	LX-9359efa622	צחק	2	PST.3MSG|IMP.2MSG	PST.3MSG	True	PAAL
unvocalized	LX-9359efa622:U3	LX-9359efa622	צחקו	2	PST.3PL|IMP.2MPL	PST.3PL	True	PAAL
unvocalized	LX-9359efa622:U4	LX-9359efa622	תצחק	2	FUT.2MSG|FUT.3FSG		False	PAAL
unvocalized	LX-9359efa622:U5	LX-9359efa622	תצחקנה	2	FUT.2FPL|FUT.3FPL		False	PAAL
unvocalized	LX-9389d0d56a:U1	LX-9389d0d56a	התנשקת	2	PST.2MSG|PST.2FSG	PST.2MSG|PST.2FSG	False	HITPAEL
unvocalized	LX-9389d0d56a:U2	LX-9389d0d56a	התנשק	2	PST.3MSG|IMP.2MSG	PST.3MSG	True	HITPAEL
unvocalized	LX-9389d0d56a:U3	LX-9389d0d56a	התנשקו	2	PST.3PL|IMP.2MPL	PST.3PL	True	HITPAEL
unvocalized	LX-9389d0d56a:U4	LX-9389d0d56a	תתנשק	2	FUT.2MSG|FUT.3FSG		False	HITPAEL
unvocalized	LX-9389d0d56a:U5	LX-9389d0d56a	תתנשקנה	2	FUT.2FPL|FUT.3FPL		False	HITPAEL
unvocalized	LX-93aad878fe:U1	LX-93aad878fe	התקוממת	2	PST.2MSG|PST.2FSG	PST.2MSG|PST.2FSG	False	HITPAEL
unvocalized	LX-93aad878fe:U2	LX-93aad878fe	התקומם	2	PST.3MSG|IMP.2MSG	PST.3MSG	True	HITPAEL
unvocalized	LX-93aad878fe:U3	LX-93aad878fe	התקוממו	2	PST.3PL|IMP.2MPL	PST.3PL	True	HITPAEL
unvocalized	LX-93aad878fe:U4	LX-93aad878fe	תתקומם	2	FUT.2MSG|FUT.3FSG		False	HITPAEL
unvocalized	LX-93aad878fe:U5	LX-93aad878fe	תתקוממנה	2	FUT.2FPL|FUT.3FPL		False	HITPAEL
unvocalized	LX-93ee65b449:U1	LX-93ee65b449	השתכנעת	2	PST.2MSG|PST.2FSG	PST.2MSG|PST.2FSG	False	
unvocalized	LX-93ee65b449:U2	LX-93ee65b449	השתכנע	2	PST.3MSG|IMP.2MSG	PST.3MSG	True	
unvocalized	LX-93ee65b449:U3	LX-93ee65b449	השתכנעו	2	PST.3PL|IMP.2MPL	PST.3PL	True	
unvocalized	LX-93ee65b449:U4	LX-93ee65b449	תשתכנע	2	FUT.2MSG|FUT.3FSG		False	
unvocalized	LX-93ee65b449:U5	LX-93ee65b449	תשתכנענה	2	FUT.2FPL|FUT.3FPL		False	
unvocalized	LX-94279da3a4:U1	LX-94279da3a4	הטבעת	2	PST.2MSG|PST.2FSG	PST.2MSG|PST.2FSG	False	HIFIL
unvocalized	LX-94279da3a4:U2	LX-94279da3a4	הטביעו	2	PST.3PL|IMP.2MPL	PST.3PL	True	HIFIL
unvocalized	LX-94279da3a4:U3	LX-94279da3a4	תטביע	2	FUT.2MSG|FUT.3FSG		False	HIFIL
unvocalized	LX-94279da3a4:U4	LX-94279da3a4	תטבענה	2	FUT.2FPL|FUT.3FPL		False	HIFIL
unvocalized	LX-94e6564083:U1	LX-94e6564083	טופלת	2	PST.2MSG|PST.2FSG	PST.2MSG|PST.2FSG	False	
unvocalized	LX-94e6564083:U2	LX-94e6564083	תטופל	2	FUT.2MSG|FUT.3FSG		False	
unvocalized	LX-94e6564083:U3	LX-94e6564083	תטופלנה	2	FUT.2FPL|FUT.3FPL		False	
unvocalized	LX-94f949cad8:U1	LX-94f949cad8	הגברת	2	PST.2MSG|PST.2FSG	PST.2MSG|PST.2FSG	False	HIFIL
unvocalized	LX-94f949cad8:U2	LX-94f949cad8	הגבירו	2	PST.3PL|IMP.2MPL	PST.3PL	True	HIFIL
unvocalized	LX-94f949cad8:U3	LX-94f949cad8	תגביר	2	FUT.2MSG|FUT.3FSG		False	HIFIL
unvocalized	LX-94f949cad8:U4	LX-94f949cad8	תגברנה	2	FUT.2FPL|FUT.3FPL		False	HIFIL
unvocalized	LX-956f476cb6:U1	LX-956f476cb6	התפלאת	2	PST.2MSG|PST.2FSG	PST.2MSG|PST.2FSG	False	HITPAEL
unvocalized	LX-956f476cb6:U2	LX-956f476cb6	התפלא	2	PST.3MSG|IMP.2MSG	PST.3MSG	True	HITPAEL
unvocalized	LX-956f476cb6:U3	LX-956f476cb6	התפלאו	2	PST.3PL|IMP.2MPL	PST.3PL	True	HITPAEL
unvocalized	LX-956f476cb6:U4	LX-956f476cb6	תתפלא	2	FUT.2MSG|FUT.3FSG		False	HITPAEL
unvocalized	LX-956f476cb6:U5	LX-956f476cb6	תתפלאנה	2	FUT.2FPL|FUT.3FPL		False	HITPAEL
unvocalized	LX-96172c4114:U1	LX-96172c4114	השתלת	2	PST.2MSG|PST.2FSG	PST.2MSG|PST.2FSG	False	
unvocalized	LX-96172c4114:U2	LX-96172c4114	השתילו	2	PST.3PL|IMP.2MPL	PST.3PL	True	
unvocalized	LX-96172c4114:U3	LX-96172c4114	תשתיל	2	FUT.2MSG|FUT.3FSG		False	
unvocalized	LX-96172c4114:U4	LX-96172c4114	תשתלנה	2	FUT.2FPL|FUT.3FPL		False	
unvocalized	LX-966fe7f207:U1	LX-966fe7f207	התאבדת	2	PST.2MSG|PST.2FSG	PST.2MSG|PST.2FSG	False	HITPAEL
unvocalized	LX-966fe7f207:U2	LX-966fe7f207	התאבד	2	PST.3MSG|IMP.2MSG	PST.3MSG	True	HITPAEL
unvocalized	LX-966fe7f207:U3	LX-966fe7f207	התאבדו	2	PST.3PL|IMP.2MPL	PST.3PL	True	HITPAEL
unvocalized	LX-966fe7f207:U4	LX-966fe7f207	תתאבד	2	FUT.2MSG|FUT.3FSG		False	HITPAEL
unvocalized	LX-966fe7f207:U5	LX-966fe7f207	תתאבדנה	2	FUT.2FPL|FUT.3FPL		False	HITPAEL
unvocalized	LX-97151a7cb5:U1	LX-97151a7cb5	נחת	2	PST.2MSG|PST.2FSG	PST.2MSG|PST.2FSG	False	PAAL
unvocalized	LX-97151a7cb5:U2	LX-97151a7cb5	נח	2	PST.3MSG|PRS.MSG	PST.3MSG	True	PAAL
unvocalized	LX-97151a7cb5:U3	LX-97151a7cb5	נחה	2	PST.3FSG|PRS.FSG	PST.3FSG	True	PAAL
unvocalized	LX-97151a7cb5:U4	LX-97151a7cb5	תנוח	2	FUT.2MSG|FUT.3FSG		False	PAAL
unvocalized	LX-97151a7cb5:U5	LX-97151a7cb5	תנחנה	2	FUT.2FPL|FUT.3FPL		False	PAAL
unvocalized	LX-971f876f7b:U1	LX-971f876f7b	יכולת	2	PST.2MSG|PST.2FSG	PST.2MSG|PST.2FSG	False	PAAL
unvocalized	LX-971f876f7b:U2	LX-971f876f7b	יכול	2	PST.3MSG|PRS.MSG	PST.3MSG	True	PAAL
unvocalized	LX-971f876f7b:U3	LX-971f876f7b	תוכל	2	FUT.2MSG|FUT.3FSG		False	PAAL
unvocalized	LX-971f876f7b:U4	LX-971f876f7b	תוכלנה	2	FUT.2FPL|FUT.3FPL		False	PAAL
unvocalized	LX-97654703cd:U1	LX-97654703cd	כובית	2	PST.2MSG|PST.2FSG	PST.2MSG|PST.2FSG	False	
unvocalized	LX-97654703cd:U2	LX-97654703cd	מכובה	2	PRS.MSG|PRS.FSG		False	
unvocalized	LX-97654703cd:U3	LX-97654703cd	תכובה	2	FUT.2MSG|FUT.3FSG		False	
unvocalized	LX-97654703cd:U4	LX-97654703cd	תכובינה	2	FUT.2FPL|FUT.3FPL		False	
unvocalized	LX-97d731765c:U1	LX-97d731765c	ניחמת	2	PST.2MSG|PST.2FSG	PST.2MSG|PST.2FSG	False	PIEL
unvocalized	LX-97d731765c:U2	LX-97d731765c	תנחם	2	FUT.2MSG|FUT.3FSG		False	PIEL
unvocalized	LX-97d731765c:U3	LX-97d731765c	תנחמנה	2	FUT.2FPL|FUT.3FPL		False	PIEL
unvocalized	LX-98e9624fa1:U1	LX-98e9624fa1	ארחת	2	PST.2MSG|PST.2FSG	PST.2MSG|PST.2FSG	False	PAAL
unvocalized	LX-98e9624fa1:U2	LX-98e9624fa1	ארח	2	PST.3MSG|IMP.2MSG	PST.3MSG	True	PAAL
unvocalized	LX-98e9624fa1:U3	LX-98e9624fa1	ארחו	2	PST.3PL|IMP.2MPL	PST.3PL	True	PAAL
unvocalized	LX-98e9624fa1:U4	LX-98e9624fa1	תארח	2	FUT.2MSG|FUT.3FSG		False	PAAL
unvocalized	LX-98e9624fa1:U5	LX-98e9624fa1	תארחנה	2	FUT.2FPL|FUT.3FPL		False	PAAL
unvocalized	LX-993161330e:U1	LX-993161330e	השתנית	2	PST.2MSG|PST.2FSG	PST.2MSG|PST.2FSG	False	HITPAEL
unvocalized	LX-993161330e:U2	LX-993161330e	השתנה	2	PST.3MSG|IMP.2MSG	PST.3MSG	True	HITPAEL
unvocalized	LX-993161330e:U3	LX-993161330e	השתנו	2	PST.3PL|IMP.2MPL	PST.3PL	True	HITPAEL
unvocalized	LX-993161330e:U4	LX-993161330e	משתנה	2	PRS.MSG|PRS.FSG		False	HITPAEL
unvocalized	LX-993161330e:U5	LX-993161330e	תשתנה	2	FUT.2MSG|FUT.3FSG		False	HITPAEL
unvocalized	LX-993161330e:U6	LX-993161330e	תשתנינה	2	FUT.2FPL|FUT.3FPL		False	HITPAEL
unvocalized	LX-9951edac18:U1	LX-9951edac18	לנת	2	PST.2MSG|PST.2FSG	PST.2MSG|PST.2FSG	False	PAAL
unvocalized	LX-9951edac18:U2	LX-9951edac18	לן	2	PST.3MSG|PRS.MSG	PST.3MSG	True	PAAL
unvocalized	LX-9951edac18:U3	LX-9951edac18	לנה	2	PST.3FSG|PRS.FSG	PST.3FSG	True	PAAL
unvocalized	LX-9951edac18:U4	LX-9951edac18	לנו	2	PST.1PL|PST.3PL	PST.1PL|PST.3PL	False	PAAL
unvocalized	LX-9951edac18:U5	LX-9951edac18	תלון	2	FUT.2MSG|FUT.3FSG		False	PAAL
unvocalized	LX-9951edac18:U6	LX-9951edac18	תלונה	2	FUT.2FPL|FUT.3FPL		False	PAAL
unvocalized	LX-9966c03a4e:U1	LX-9966c03a4e	סגדת	2	PST.2MSG|PST.2FSG	PST.2MSG|PST.2FSG	False	PAAL
unvocalized	LX-9966c03a4e:U2	LX-9966c03a4e	סגדו	2	PST.3PL|IMP.2MPL	PST.3PL	True	PAAL
unvocalized	LX-9966c03a4e:U3	LX-9966c03a4e	תסגוד	2	FUT.2MSG|FUT.3FSG		False	PAAL
unvocalized	LX-9966c03a4e:U4	LX-9966c03a4e	תסגודנה	2	FUT.2FPL|FUT.3FPL		False	PAAL
unvocalized	LX-9af9390a84:U1	LX-9af9390a84	ביקרת	2	PST.2MSG|PST.2FSG	PST.2MSG|PST.2FSG	False	PIEL
unvocalized	LX-9af9390a84:U2	LX-9af9390a84	תבקר	2	FUT.2MSG|FUT.3FSG		False	PIEL
unvocalized	LX-9af9390a84:U3	LX-9af9390a84	תבקרנה	2	FUT.2FPL|FUT.3FPL		False	PIEL
unvocalized	LX-9b09c788c8:U1	LX-9b09c788c8	עזבת	2	PST.2MSG|PST.2FSG	PST.2MSG|PST.2FSG	False	PAAL
unvocalized	LX-9b09c788c8:U2	LX-9b09c788c8	עזבו	2	PST.3PL|IMP.2MPL	PST.3PL	True	PAAL
unvocalized	LX-9b09c788c8:U3	LX-9b09c788c8	תעזוב	2	FUT.2MSG|FUT.3FSG		False	PAAL
unvocalized	LX-9b09c788c8:U4	LX-9b09c788c8	תעזובנה	2	FUT.2FPL|FUT.3FPL		False	PAAL
unvocalized	LX-9b1c3af462:U1	LX-9b1c3af462	התקרבת	2	PST.2MSG|PST.2FSG	PST.2MSG|PST.2FSG	False	HITPAEL
unvocalized	LX-9b1c3af462:U2	LX-9b1c3af462	התקרב	2	PST.3MSG|IMP.2MSG	PST.3MSG	True	HITPAEL
unvocalized	LX-9b1c3af462:U3	LX-9b1c3af462	התקרבו	2	PST.3PL|IMP.2MPL	PST.3PL	True	HITPAEL
unvocalized	LX-9b1c3af462:U4	LX-9b1c3af462	תתקרב	2	FUT.2MSG|FUT.3FSG		False	HITPAEL
unvocalized	LX-9b1c3af462:U5	LX-9b1c3af462	תתקרבנה	2	FUT.2FPL|FUT.3FPL		False	HITPAEL
unvocalized	LX-9b38478215:U1	LX-9b38478215	סירבת	2	PST.2MSG|PST.2FSG	PST.2MSG|PST.2FSG	False	PIEL
unvocalized	LX-9b38478215:U2	LX-9b38478215	תסרב	2	FUT.2MSG|FUT.3FSG		False	PIEL
unvocalized	LX-9b38478215:U3	LX-9b38478215	תסרבנה	2	FUT.2FPL|FUT.3FPL		False	PIEL
unvocalized	LX-9b5ec63a2f:U1	LX-9b5ec63a2f	התבדחת	2	PST.2MSG|PST.2FSG	PST.2MSG|PST.2FSG	False	
unvocalized	LX-9b5ec63a2f:U2	LX-9b5ec63a2f	התבדח	2	PST.3MSG|IMP.2MSG	PST.3MSG	True	
unvocalized	LX-9b5ec63a2f:U3	LX-9b5ec63a2f	התבדחו	2	PST.3PL|IMP.2MPL	PST.3PL	True	
unvocalized	LX-9b5ec63a2f:U4	LX-9b5ec63a2f	תתבדח	2	FUT.2MSG|FUT.3FSG		False	
unvocalized	LX-9b5ec63a2f:U5	LX-9b5ec63a2f	תתבדחנה	2	FUT.2FPL|FUT.3FPL		False	
unvocalized	LX-9c8c65490a:U1	LX-9c8c65490a	נסגרת	3	PST.2MSG|PST.2FSG|PRS.FSG	PST.2MSG|PST.2FSG	True	NIFAL
unvocalized	LX-9c8c65490a:U2	LX-9c8c65490a	נסגר	2	PST.3MSG|PRS.MSG	PST.3MSG	True	NIFAL
unvocalized	LX-9c8c65490a:U3	LX-9c8c65490a	תיסגר	2	FUT.2MSG|FUT.3FSG		False	NIFAL
unvocalized	LX-9c8c65490a:U4	LX-9c8c65490a	תיסגרנה	2	FUT.2FPL|FUT.3FPL		False	NIFAL
unvocalized	LX-9c9931e2cb:U1	LX-9c9931e2cb	כיתרת	2	PST.2MSG|PST.2FSG	PST.2MSG|PST.2FSG	False	PIEL
unvocalized	LX-9c9931e2cb:U2	LX-9c9931e2cb	תכתר	2	FUT.2MSG|FUT.3FSG		False	PIEL
unvocalized	LX-9c9931e2cb:U3	LX-9c9931e2cb	תכתרנה	2	FUT.2FPL|FUT.3FPL		False	PIEL
unvocalized	LX-9cae0823c4:U1	LX-9cae0823c4	שבית	2	PST.2MSG|PST.2FSG	PST.2MSG|PST.2FSG	False	PAAL
unvocalized	LX-9cae0823c4:U2	LX-9cae0823c4	שבה	2	PST.3MSG|IMP.2MSG	PST.3MSG	True	PAAL
unvocalized	LX-9cae0823c4:U3	LX-9cae0823c4	שבו	2	PST.3PL|IMP.2MPL	PST.3PL	True	PAAL
unvocalized	LX-9cae0823c4:U4	LX-9cae0823c4	שובה	2	PRS.MSG|PRS.FSG		False	PAAL
unvocalized	LX-9cae0823c4:U5	LX-9cae0823c4	תשבה	2	FUT.2MSG|FUT.3FSG		False	PAAL
unvocalized	LX-9cae0823c4:U6	LX-9cae0823c4	תשבינה	2	FUT.2FPL|FUT.3FPL		False	PAAL
unvocalized	LX-9cf290ffff:U1	LX-9cf290ffff	פרקת	2	PST.2MSG|PST.2FSG	PST.2MSG|PST.2FSG	False	PAAL
unvocalized	LX-9cf290ffff:U2	LX-9cf290ffff	פרקו	2	PST.3PL|IMP.2MPL	PST.3PL	True	PAAL
unvocalized	LX-9cf290ffff:U3	LX-9cf290ffff	תפרוק	2	FUT.2MSG|FUT.3FSG		False	PAAL
unvocalized	LX-9cf290ffff:U4	LX-9cf290ffff	תפרוקנה	2	FUT.2FPL|FUT.3FPL		False	PAAL
unvocalized	LX-9d187e35c4:U1	LX-9d187e35c4	הותקפת	2	PST.2MSG|PST.2FSG	PST.2MSG|PST.2FSG	False	HUFAL
unvocalized	LX-9d187e35c4:U2	LX-9d187e35c4	תותקף	2	FUT.2MSG|FUT.3FSG		False	HUFAL
unvocalized	LX-9d187e35c4:U3	LX-9d187e35c4	תותקפנה	2	FUT.2FPL|FUT.3FPL		False	HUFAL
unvocalized	LX-9d3b73f59f:U1	LX-9d3b73f59f	שרקת	2	PST.2MSG|PST.2FSG	PST.2MSG|PST.2FSG	False	PAAL
unvocalized	LX-9d3b73f59f:U2	LX-9d3b73f59f	שרקו	2	PST.3PL|IMP.2MPL	PST.3PL	True	PAAL
unvocalized	LX-9d3b73f59f:U3	LX-9d3b73f59f	תשרוק	2	FUT.2MSG|FUT.3FSG		False	PAAL
unvocalized	LX-9d3b73f59f:U4	LX-9d3b73f59f	תשרוקנה	2	FUT.2FPL|FUT.3FPL		False	PAAL
unvocalized	LX-9d48bcafe1:U1	LX-9d48bcafe1	שחקת	2	PST.2MSG|PST.2FSG	PST.2MSG|PST.2FSG	False	PAAL
unvocalized	LX-9d48bcafe1:U2	LX-9d48bcafe1	שחק	2	PST.3MSG|IMP.2MSG	PST.3MSG	True	PAAL
unvocalized	LX-9d48bcafe1:U3	LX-9d48bcafe1	שחקו	2	PST.3PL|IMP.2MPL	PST.3PL	True	PAAL
unvocalized	LX-9d48bcafe1:U4	LX-9d48bcafe1	תשחק	2	FUT.2MSG|FUT.3FSG		False	PAAL
unvocalized	LX-9d48bcafe1:U5	LX-9d48bcafe1	תשחקנה	2	FUT.2FPL|FUT.3FPL		False	PAAL
unvocalized	LX-9d8f0c1ee0:U1	LX-9d8f0c1ee0	נאגרת	3	PST.2MSG|PST.2FSG|PRS.FSG	PST.2MSG|PST.2FSG	True	
unvocalized	LX-9d8f0c1ee0:U2	LX-9d8f0c1ee0	נאגר	2	PST.3MSG|PRS.MSG	PST.3MSG	True	
unvocalized	LX-9d8f0c1ee0:U3	LX-9d8f0c1ee0	תיאגר	2	FUT.2MSG|FUT.3FSG		False	
unvocalized	LX-9d8f0c1ee0:U4	LX-9d8f0c1ee0	תיאגרנה	2	FUT.2FPL|FUT.3FPL		False	
unvocalized	LX-9e5c4f8bbc:U1	LX-9e5c4f8bbc	כינסת	2	PST.2MSG|PST.2FSG	PST.2MSG|PST.2FSG	False	PIEL
unvocalized	LX-9e5c4f8bbc:U2	LX-9e5c4f8bbc	תכנס	2	FUT.2MSG|FUT.3FSG		False	PIEL
unvocalized	LX-9e5c4f8bbc:U3	LX-9e5c4f8bbc	תכנסנה	2	FUT.2FPL|FUT.3FPL		False	PIEL
unvocalized	LX-9e8eef1f05:U1	LX-9e8eef1f05	ערקת	2	PST.2MSG|PST.2FSG	PST.2MSG|PST.2FSG	False	PAAL
unvocalized	LX-9e8eef1f05:U2	LX-9e8eef1f05	ערקו	2	PST.3PL|IMP.2MPL	PST.3PL	True	PAAL
unvocalized	LX-9e8eef1f05:U3	LX-9e8eef1f05	תערוק	2	FUT.2MSG|FUT.3FSG		False	PAAL
unvocalized	LX-9e8eef1f05:U4	LX-9e8eef1f05	תערוקנה	2	FUT.2FPL|FUT.3FPL		False	PAAL
unvocalized	LX-9eb2863f07:U1	LX-9eb2863f07	גידלת	2	PST.2MSG|PST.2FSG	PST.2MSG|PST.2FSG	False	PIEL
unvocalized	LX-9eb2863f07:U2	LX-9eb2863f07	תגדל	2	FUT.2MSG|FUT.3FSG		False	PIEL
unvocalized	LX-9eb2863f07:U3	LX-9eb2863f07	תגדלנה	2	FUT.2FPL|FUT.3FPL		False	PIEL
unvocalized	LX-9eb79f75d1:U1	LX-9eb79f75d1	חכמת	2	PST.2MSG|PST.2FSG	PST.2MSG|PST.2FSG	False	PAAL
unvocalized	LX-9eb79f75d1:U2	LX-9eb79f75d1	חכם	3	PST.3MSG|PRS.MSG|IMP.2MSG	PST.3MSG	True	PAAL
unvocalized	LX-9eb79f75d1:U3	LX-9eb79f75d1	חכמה	2	PST.3FSG|PRS.FSG	PST.3FSG	True	PAAL
unvocalized	LX-9eb79f75d1:U4	LX-9eb79f75d1	חכמו	2	PST.3PL|IMP.2MPL	PST.3PL	True	PAAL
unvocalized	LX-9eb79f75d1:U5	LX-9eb79f75d1	תחכם	2	FUT.2MSG|FUT.3FSG		False	PAAL
unvocalized	LX-9eb79f75d1:U6	LX-9eb79f75d1	תחכמנה	2	FUT.2FPL|FUT.3FPL		False	PAAL
unvocalized	LX-9ed9e23d39:U1	LX-9ed9e23d39	מופית	2	PST.2MSG|PST.2FSG	PST.2MSG|PST.2FSG	False	
unvocalized	LX-9ed9e23d39:U2	LX-9ed9e23d39	ממופה	2	PRS.MSG|PRS.FSG		False	
unvocalized	LX-9ed9e23d39:U3	LX-9ed9e23d39	תמופה	2	FUT.2MSG|FUT.3FSG		False	
unvocalized	LX-9ed9e23d39:U4	LX-9ed9e23d39	תמופינה	2	FUT.2FPL|FUT.3FPL		False	
unvocalized	LX-9f68f0332b:U1	LX-9f68f0332b	רצת	2	PST.2MSG|PST.2FSG	PST.2MSG|PST.2FSG	False	PAAL
unvocalized	LX-9f68f0332b:U2	LX-9f68f0332b	רץ	2	PST.3MSG|PRS.MSG	PST.3MSG	True	PAAL
unvocalized	LX-9f68f0332b:U3	LX-9f68f0332b	רצה	2	PST.3FSG|PRS.FSG	PST.3FSG	True	PAAL
unvocalized	LX-9f68f0332b:U4	LX-9f68f0332b	תרוץ	2	FUT.2MSG|FUT.3FSG		False	PAAL
unvocalized	LX-9f68f0332b:U5	LX-9f68f0332b	תרוצנה	2	FUT.2FPL|FUT.3FPL		False	PAAL
unvocalized	LX-9ff98c324f:U1	LX-9ff98c324f	עודדת	2	PST.2MSG|PST.2FSG	PST.2MSG|PST.2FSG	False	PIEL
unvocalized	LX-9ff98c324f:U2	LX-9ff98c324f	עודד	2	PST.3MSG|IMP.2MSG	PST.3MSG	True	PIEL
unvocalized	LX-9ff98c324f:U3	LX-9ff98c324f	עודדו	2	PST.3PL|IMP.2MPL	PST.3PL	True	PIEL
unvocalized	LX-9ff98c324f:U4	LX-9ff98c324f	תעודד	2	FUT.2MSG|FUT.3FSG		False	PIEL
unvocalized	LX-9ff98c324f:U5	LX-9ff98c324f	תעודדנה	2	FUT.2FPL|FUT.3FPL		False	PIEL
unvocalized	LX-a00b218f35:U1	LX-a00b218f35	חיצרצת	2	PST.2MSG|PST.2FSG	PST.2MSG|PST.2FSG	False	
unvocalized	LX-a00b218f35:U2	LX-a00b218f35	תחצרץ	2	FUT.2MSG|FUT.3FSG		False	
unvocalized	LX-a00b218f35:U3	LX-a00b218f35	תחצרצנה	2	FUT.2FPL|FUT.3FPL		False	
unvocalized	LX-a095e48d2a:U1	LX-a095e48d2a	התבזבזת	2	PST.2MSG|PST.2FSG	PST.2MSG|PST.2FSG	False	
unvocalized	LX-a095e48d2a:U2	LX-a095e48d2a	התבזבז	2	PST.3MSG|IMP.2MSG	PST.3MSG	True	
unvocalized	LX-a095e48d2a:U3	LX-a095e48d2a	התבזבזו	2	PST.3PL|IMP.2MPL	PST.3PL	True	
unvocalized	LX-a095e48d2a:U4	LX-a095e48d2a	תתבזבז	2	FUT.2MSG|FUT.3FSG		False	
unvocalized	LX-a095e48d2a:U5	LX-a095e48d2a	תתבזבזנה	2	FUT.2FPL|FUT.3FPL		False	
unvocalized	LX-a099a47335:U1	LX-a099a47335	הותפלת	2	PST.2MSG|PST.2FSG	PST.2MSG|PST.2FSG	False	
unvocalized	LX-a099a47335:U2	LX-a099a47335	תותפל	2	FUT.2MSG|FUT.3FSG		False	
unvocalized	LX-a099a47335:U3	LX-a099a47335	תותפלנה	2	FUT.2FPL|FUT.3FPL		False	
unvocalized	LX-a12a9457dd:U1	LX-a12a9457dd	התנחלת	2	PST.2MSG|PST.2FSG	PST.2MSG|PST.2FSG	False	HITPAEL
unvocalized	LX-a12a9457dd:U2	LX-a12a9457dd	התנחל	2	PST.3MSG|IMP.2MSG	PST.3MSG	True	HITPAEL
unvocalized	LX-a12a9457dd:U3	LX-a12a9457dd	התנחלו	2	PST.3PL|IMP.2MPL	PST.3PL	True	HITPAEL
unvocalized	LX-a12a9457dd:U4	LX-a12a9457dd	תתנחל	2	FUT.2MSG|FUT.3FSG		False	HITPAEL
unvocalized	LX-a12a9457dd:U5	LX-a12a9457dd	תתנחלנה	2	FUT.2FPL|FUT.3FPL		False	HITPAEL
unvocalized	LX-a15ae8bb13:U1	LX-a15ae8bb13	בכית	2	PST.2MSG|PST.2FSG	PST.2MSG|PST.2FSG	False	PAAL
unvocalized	LX-a15ae8bb13:U2	LX-a15ae8bb13	בכה	2	PST.3MSG|IMP.2MSG	PST.3MSG	True	PAAL
unvocalized	LX-a15ae8bb13:U3	LX-a15ae8bb13	בכו	2	PST.3PL|IMP.2MPL	PST.3PL	True	PAAL
unvocalized	LX-a15ae8bb13:U4	LX-a15ae8bb13	בוכה	2	PRS.MSG|PRS.FSG		False	PAAL
unvocalized	LX-a15ae8bb13:U5	LX-a15ae8bb13	תבכה	2	FUT.2MSG|FUT.3FSG		False	PAAL
unvocalized	LX-a15ae8bb13:U6	LX-a15ae8bb13	תבכינה	2	FUT.2FPL|FUT.3FPL		False	PAAL
unvocalized	LX-a16eebd721:U1	LX-a16eebd721	צרחת	2	PST.2MSG|PST.2FSG	PST.2MSG|PST.2FSG	False	PAAL
unvocalized	LX-a16eebd721:U2	LX-a16eebd721	צרח	2	PST.3MSG|IMP.2MSG	PST.3MSG	True	PAAL
unvocalized	LX-a16eebd721:U3	LX-a16eebd721	צרחו	2	PST.3PL|IMP.2MPL	PST.3PL	True	PAAL
unvocalized	LX-a16eebd721:U4	LX-a16eebd721	תצרח	2	FUT.2MSG|FUT.3FSG		False	PAAL
unvocalized	LX-a16eebd721:U5	LX-a16eebd721	תצרחנה	2	FUT.2FPL|FUT.3FPL		False	PAAL
unvocalized	LX-a1721232ad:U1	LX-a1721232ad	השתמרת	2	PST.2MSG|PST.2FSG	PST.2MSG|PST.2FSG	False	HITPAEL
unvocalized	LX-a1721232ad:U2	LX-a1721232ad	השתמר	2	PST.3MSG|IMP.2MSG	PST.3MSG	True	HITPAEL
unvocalized	LX-a1721232ad:U3	LX-a1721232ad	השתמרו	2	PST.3PL|IMP.2MPL	PST.3PL	True	HITPAEL
unvocalized	LX-a1721232ad:U4	LX-a1721232ad	תשתמר	2	FUT.2MSG|FUT.3FSG		False	HITPAEL
unvocalized	LX-a1721232ad:U5	LX-a1721232ad	תשתמרנה	2	FUT.2FPL|FUT.3FPL		False	HITPAEL
unvocalized	LX-a27a5ada0f:U1	LX-a27a5ada0f	שיפרת	2	PST.2MSG|PST.2FSG	PST.2MSG|PST.2FSG	False	PIEL
unvocalized	LX-a27a5ada0f:U2	LX-a27a5ada0f	תשפר	2	FUT.2MSG|FUT.3FSG		False	PIEL
unvocalized	LX-a27a5ada0f:U3	LX-a27a5ada0f	תשפרנה	2	FUT.2FPL|FUT.3FPL		False	PIEL
unvocalized	LX-a29d1723dd:U1	LX-a29d1723dd	התרבית	2	PST.2MSG|PST.2FSG	PST.2MSG|PST.2FSG	False	
unvocalized	LX-a29d1723dd:U2	LX-a29d1723dd	התרבה	2	PST.3MSG|IMP.2MSG	PST.3MSG	True	
unvocalized	LX-a29d1723dd:U3	LX-a29d1723dd	התרבו	2	PST.3PL|IMP.2MPL	PST.3PL	True	
unvocalized	LX-a29d1723dd:U4	LX-a29d1723dd	מתרבה	2	PRS.MSG|PRS.FSG		False	
unvocalized	LX-a29d1723dd:U5	LX-a29d1723dd	תתרבה	2	FUT.2MSG|FUT.3FSG		False	
unvocalized	LX-a29d1723dd:U6	LX-a29d1723dd	תתרבינה	2	FUT.2FPL|FUT.3FPL		False	
unvocalized	LX-a2d4cd4ef4:U1	LX-a2d4cd4ef4	בדקת	2	PST.2MSG|PST.2FSG	PST.2MSG|PST.2FSG	False	PAAL
unvocalized	LX-a2d4cd4ef4:U2	LX-a2d4cd4ef4	בדקו	2	PST.3PL|IMP.2MPL	PST.3PL	True	PAAL
unvocalized	LX-a2d4cd4ef4:U3	LX-a2d4cd4ef4	תבדוק	2	FUT.2MSG|FUT.3FSG		False	PAAL
unvocalized	LX-a2d4cd4ef4:U4	LX-a2d4cd4ef4	תבדוקנה	2	FUT.2FPL|FUT.3FPL		False	PAAL
unvocalized	LX-a2d95ab3c6:U1	LX-a2d95ab3c6	הצהרת	2	PST.2MSG|PST.2FSG	PST.2MSG|PST.2FSG	False	
unvocalized	LX-a2d95ab3c6:U2	LX-a2d95ab3c6	הצהירו	2	PST.3PL|IMP.2MPL	PST.3PL	True	
unvocalized	LX-a2d95ab3c6:U3	LX-a2d95ab3c6	תצהיר	2	FUT.2MSG|FUT.3FSG		False	
unvocalized	LX-a2d95ab3c6:U4	LX-a2d95ab3c6	תצהרנה	2	FUT.2FPL|FUT.3FPL		False	
unvocalized	LX-a2fa6ff0d1:U1	LX-a2fa6ff0d1	המצאת	2	PST.2MSG|PST.2FSG	PST.2MSG|PST.2FSG	False	HIFIL
unvocalized	LX-a2fa6ff0d1:U2	LX-a2fa6ff0d1	המציאו	2	PST.3PL|IMP.2MPL	PST.3PL	True	HIFIL
unvocalized	LX-a2fa6ff0d1:U3	LX-a2fa6ff0d1	תמציא	2	FUT.2MSG|FUT.3FSG		False	HIFIL
unvocalized	LX-a2fa6ff0d1:U4	LX-a2fa6ff0d1	תמצאנה	2	FUT.2FPL|FUT.3FPL		False	HIFIL
unvocalized	LX-a300384fed:U1	LX-a300384fed	בערת	2	PST.2MSG|PST.2FSG	PST.2MSG|PST.2FSG	False	PAAL
unvocalized	LX-a300384fed:U2	LX-a300384fed	בער	2	PST.3MSG|IMP.2MSG	PST.3MSG	True	PAAL
unvocalized	LX-a300384fed:U3	LX-a300384fed	בערה	2	PST.3FSG|MSDR	PST.3FSG	True	PAAL
unvocalized	LX-a300384fed:U4	LX-a300384fed	בערו	2	PST.3PL|IMP.2MPL	PST.3PL	True	PAAL
unvocalized	LX-a300384fed:U5	LX-a300384fed	תבער	2	FUT.2MSG|FUT.3FSG		False	PAAL
unvocalized	LX-a300384fed:U6	LX-a300384fed	תבערנה	2	FUT.2FPL|FUT.3FPL		False	PAAL
unvocalized	LX-a3ab5c17da:U1	LX-a3ab5c17da	התעמרת	2	PST.2MSG|PST.2FSG	PST.2MSG|PST.2FSG	False	HITPAEL
unvocalized	LX-a3ab5c17da:U2	LX-a3ab5c17da	התעמר	2	PST.3MSG|IMP.2MSG	PST.3MSG	True	HITPAEL
unvocalized	LX-a3ab5c17da:U3	LX-a3ab5c17da	התעמרו	2	PST.3PL|IMP.2MPL	PST.3PL	True	HITPAEL
unvocalized	LX-a3ab5c17da:U4	LX-a3ab5c17da	תתעמר	2	FUT.2MSG|FUT.3FSG		False	HITPAEL
unvocalized	LX-a3ab5c17da:U5	LX-a3ab5c17da	תתעמרנה	2	FUT.2FPL|FUT.3FPL		False	HITPAEL
unvocalized	LX-a3d04ae0f7:U1	LX-a3d04ae0f7	חטאת	2	PST.2MSG|PST.2FSG	PST.2MSG|PST.2FSG	False	
unvocalized	LX-a3d04ae0f7:U2	LX-a3d04ae0f7	חטא	3	PST.3MSG|IMP.2MSG|MSDR	PST.3MSG	True	
unvocalized	LX-a3d04ae0f7:U3	LX-a3d04ae0f7	חטאו	2	PST.3PL|IMP.2MPL	PST.3PL	True	
unvocalized	LX-a3d04ae0f7:U4	LX-a3d04ae0f7	תחטא	2	FUT.2MSG|FUT.3FSG		False	
unvocalized	LX-a3d04ae0f7:U5	LX-a3d04ae0f7	תחטאנה	2	FUT.2FPL|FUT.3FPL		False	
unvocalized	LX-a3dc4f722f:U1	LX-a3dc4f722f	הזדרזת	2	PST.2MSG|PST.2FSG	PST.2MSG|PST.2FSG	False	
unvocalized	LX-a3dc4f722f:U2	LX-a3dc4f722f	הזדרז	2	PST.3MSG|IMP.2MSG	PST.3MSG	True	
unvocalized	LX-a3dc4f722f:U3	LX-a3dc4f722f	הזדרזו	2	PST.3PL|IMP.2MPL	PST.3PL	True	
unvocalized	LX-a3dc4f722f:U4	LX-a3dc4f722f	תזדרז	2	FUT.2MSG|FUT.3FSG		False	
unvocalized	LX-a3dc4f722f:U5	LX-a3dc4f722f	תזדרזנה	2	FUT.2FPL|FUT.3FPL		False	
unvocalized	LX-a411466c59:U1	LX-a411466c59	הבטת	2	PST.2MSG|PST.2FSG	PST.2MSG|PST.2FSG	False	HIFIL
unvocalized	LX-a411466c59:U2	LX-a411466c59	הביטו	2	PST.3PL|IMP.2MPL	PST.3PL	True	HIFIL
unvocalized	LX-a411466c59:U3	LX-a411466c59	תביט	2	FUT.2MSG|FUT.3FSG		False	HIFIL
unvocalized	LX-a411466c59:U4	LX-a411466c59	תבטנה	2	FUT.2FPL|FUT.3FPL		False	HIFIL
unvocalized	LX-a420b915b8:U1	LX-a420b915b8	אבלת	2	PST.2MSG|PST.2FSG	PST.2MSG|PST.2FSG	False	PAAL
unvocalized	LX-a420b915b8:U2	LX-a420b915b8	אבל	3	PST.3MSG|PRS.MSG|IMP.2MSG	PST.3MSG	True	PAAL
unvocalized	LX-a420b915b8:U3	LX-a420b915b8	אבלה	2	PST.3FSG|PRS.FSG	PST.3FSG	True	PAAL
unvocalized	LX-a420b915b8:U4	LX-a420b915b8	אבלו	2	PST.3PL|IMP.2MPL	PST.3PL	True	PAAL
unvocalized	LX-a420b915b8:U5	LX-a420b915b8	תאבל	2	FUT.2MSG|FUT.3FSG		False	PAAL
unvocalized	LX-a420b915b8:U6	LX-a420b915b8	תאבלנה	2	FUT.2FPL|FUT.3FPL		False	PAAL
unvocalized	LX-a43a976054:U1	LX-a43a976054	נרצחת	3	PST.2MSG|PST.2FSG|PRS.FSG	PST.2MSG|PST.2FSG	True	
unvocalized	LX-a43a976054:U2	LX-a43a976054	נרצח	2	PST.3MSG|PRS.MSG	PST.3MSG	True	
unvocalized	LX-a43a976054:U3	LX-a43a976054	תירצח	2	FUT.2MSG|FUT.3FSG		False	
unvocalized	LX-a43a976054:U4	LX-a43a976054	תירצחנה	2	FUT.2FPL|FUT.3FPL		False	
unvocalized	LX-a484b60a5b:U1	LX-a484b60a5b	פוצצת	2	PST.2MSG|PST.2FSG	PST.2MSG|PST.2FSG	False	PIEL
unvocalized	LX-a484b60a5b:U2	LX-a484b60a5b	פוצץ	2	PST.3MSG|IMP.2MSG	PST.3MSG	True	PIEL
unvocalized	LX-a484b60a5b:U3	LX-a484b60a5b	פוצצו	2	PST.3PL|IMP.2MPL	PST.3PL	True	PIEL
unvocalized	LX-a484b60a5b:U4	LX-a484b60a5b	תפוצץ	2	FUT.2MSG|FUT.3FSG		False	PIEL
unvocalized	LX-a484b60a5b:U5	LX-a484b60a5b	תפוצצנה	2	FUT.2FPL|FUT.3FPL		False	PIEL
unvocalized	LX-a48e8319ba:U1	LX-a48e8319ba	הקפאת	2	PST.2MSG|PST.2FSG	PST.2MSG|PST.2FSG	False	HIFIL
unvocalized	LX-a48e8319ba:U2	LX-a48e8319ba	הקפיאו	2	PST.3PL|IMP.2MPL	PST.3PL	True	HIFIL
unvocalized	LX-a48e8319ba:U3	LX-a48e8319ba	תקפיא	2	FUT.2MSG|FUT.3FSG		False	HIFIL
unvocalized	LX-a48e8319ba:U4	LX-a48e8319ba	תקפאנה	2	FUT.2FPL|FUT.3FPL		False	HIFIL
unvocalized	LX-a491d2ecbf:U1	LX-a491d2ecbf	טיפלת	2	PST.2MSG|PST.2FSG	PST.2MSG|PST.2FSG	False	PIEL
unvocalized	LX-a491d2ecbf:U2	LX-a491d2ecbf	תטפל	2	FUT.2MSG|FUT.3FSG		False	PIEL
unvocalized	LX-a491d2ecbf:U3	LX-a491d2ecbf	תטפלנה	2	FUT.2FPL|FUT.3FPL		False	PIEL
unvocalized	LX-a498af67b5:U1	LX-a498af67b5	נגמרת	3	PST.2MSG|PST.2FSG|PRS.FSG	PST.2MSG|PST.2FSG	True	NIFAL
unvocalized	LX-a498af67b5:U2	LX-a498af67b5	נגמר	2	PST.3MSG|PRS.MSG	PST.3MSG	True	NIFAL
unvocalized	LX-a498af67b5:U3	LX-a498af67b5	תיגמר	2	FUT.2MSG|FUT.3FSG		False	NIFAL
unvocalized	LX-a498af67b5:U4	LX-a498af67b5	תיגמרנה	2	FUT.2FPL|FUT.3FPL		False	NIFAL
unvocalized	LX-a4a3b63a4b:U1	LX-a4a3b63a4b	אומצת	2	PST.2MSG|PST.2FSG	PST.2MSG|PST.2FSG	False	
unvocalized	LX-a4a3b63a4b:U2	LX-a4a3b63a4b	תאומץ	2	FUT.2MSG|FUT.3FSG		False	
unvocalized	LX-a4a3b63a4b:U3	LX-a4a3b63a4b	תאומצנה	2	FUT.2FPL|FUT.3FPL		False	
unvocalized	LX-a4d20d2ce7:U1	LX-a4d20d2ce7	טיגנת	2	PST.2MSG|PST.2FSG	PST.2MSG|PST.2FSG	False	PIEL
unvocalized	LX-a4d20d2ce7:U2	LX-a4d20d2ce7	טיגנו	2	PST.1PL|PST.3PL	PST.1PL|PST.3PL	False	PIEL
unvocalized	LX-a4d20d2ce7:U3	LX-a4d20d2ce7	תטגן	2	FUT.2MSG|FUT.3FSG		False	PIEL
unvocalized	LX-a4d20d2ce7:U4	LX-a4d20d2ce7	תטגנה	2	FUT.2FPL|FUT.3FPL		False	PIEL
unvocalized	LX-a4e65457f5:U1	LX-a4e65457f5	החזרת	2	PST.2MSG|PST.2FSG	PST.2MSG|PST.2FSG	False	
unvocalized	LX-a4e65457f5:U2	LX-a4e65457f5	החזירו	2	PST.3PL|IMP.2MPL	PST.3PL	True	
unvocalized	LX-a4e65457f5:U3	LX-a4e65457f5	תחזיר	2	FUT.2MSG|FUT.3FSG		False	
unvocalized	LX-a4e65457f5:U4	LX-a4e65457f5	תחזרנה	2	FUT.2FPL|FUT.3FPL		False	
unvocalized	LX-a502ee8488:U1	LX-a502ee8488	הרחבת	2	PST.2MSG|PST.2FSG	PST.2MSG|PST.2FSG	False	HIFIL
unvocalized	LX-a502ee8488:U2	LX-a502ee8488	הרחיבו	2	PST.3PL|IMP.2MPL	PST.3PL	True	HIFIL
unvocalized	LX-a502ee8488:U3	LX-a502ee8488	תרחיב	2	FUT.2MSG|FUT.3FSG		False	HIFIL
unvocalized	LX-a502ee8488:U4	LX-a502ee8488	תרחבנה	2	FUT.2FPL|FUT.3FPL		False	HIFIL
unvocalized	LX-a58050586e:U1	LX-a58050586e	סיננת	2	PST.2MSG|PST.2FSG	PST.2MSG|PST.2FSG	False	PIEL
unvocalized	LX-a58050586e:U2	LX-a58050586e	סיננו	2	PST.1PL|PST.3PL	PST.1PL|PST.3PL	False	PIEL
unvocalized	LX-a58050586e:U3	LX-a58050586e	תסנן	2	FUT.2MSG|FUT.3FSG		False	PIEL
unvocalized	LX-a58050586e:U4	LX-a58050586e	תסננה	2	FUT.2FPL|FUT.3FPL		False	PIEL
unvocalized	LX-a640e0449d:U1	LX-a640e0449d	זרקת	2	PST.2MSG|PST.2FSG	PST.2MSG|PST.2FSG	False	PAAL
unvocalized	LX-a640e0449d:U2	LX-a640e0449d	זרקו	2	PST.3PL|IMP.2MPL	PST.3PL	True	PAAL
unvocalized	LX-a640e0449d:U3	LX-a640e0449d	תזרוק	2	FUT.2MSG|FUT.3FSG		False	PAAL
unvocalized	LX-a640e0449d:U4	LX-a640e0449d	תזרוקנה	2	FUT.2FPL|FUT.3FPL		False	PAAL
unvocalized	LX-a646782180:U1	LX-a646782180	קטנת	2	PST.2MSG|PST.2FSG	PST.2MSG|PST.2FSG	False	PAAL
unvocalized	LX-a646782180:U2	LX-a646782180	קטן	3	PST.3MSG|PRS.MSG|IMP.2MSG	PST.3MSG	True	PAAL
unvocalized	LX-a646782180:U3	LX-a646782180	קטנה	3	PST.3FSG|PRS.FSG|IMP.2FPL	PST.3FSG	True	PAAL
unvocalized	LX-a646782180:U4	LX-a646782180	קטנו	3	PST.1PL|PST.3PL|IMP.2MPL	PST.1PL|PST.3PL	True	PAAL
unvocalized	LX-a646782180:U5	LX-a646782180	תקטן	2	FUT.2MSG|FUT.3FSG		False	PAAL
unvocalized	LX-a646782180:U6	LX-a646782180	תקטנה	2	FUT.2FPL|FUT.3FPL		False	PAAL
unvocalized	LX-a69a95507a:U1	LX-a69a95507a	קילקלת	2	PST.2MSG|PST.2FSG	PST.2MSG|PST.2FSG	False	PIEL
unvocalized	LX-a69a95507a:U2	LX-a69a95507a	תקלקל	2	FUT.2MSG|FUT.3FSG		False	PIEL
unvocalized	LX-a69a95507a:U3	LX-a69a95507a	תקלקלנה	2	FUT.2FPL|FUT.3FPL		False	PIEL
unvocalized	LX-a6cb134b21:U1	LX-a6cb134b21	התרחצת	2	PST.2MSG|PST.2FSG	PST.2MSG|PST.2FSG	False	HITPAEL
unvocalized	LX-a6cb134b21:U2	LX-a6cb134b21	התרחץ	2	PST.3MSG|IMP.2MSG	PST.3MSG	True	HITPAEL
unvocalized	LX-a6cb134b21:U3	LX-a6cb134b21	התרחצו	2	PST.3PL|IMP.2MPL	PST.3PL	True	HITPAEL
unvocalized	LX-a6cb134b21:U4	LX-a6cb134b21	תתרחץ	2	FUT.2MSG|FUT.3FSG		False	HITPAEL
unvocalized	LX-a6cb134b21:U5	LX-a6cb134b21	תתרחצנה	2	FUT.2FPL|FUT.3FPL		False	HITPAEL
unvocalized	LX-a70d615cdb:U1	LX-a70d615cdb	שוטטת	2	PST.2MSG|PST.2FSG	PST.2MSG|PST.2FSG	False	PIEL
unvocalized	LX-a70d615cdb:U2	LX-a70d615cdb	שוטט	2	PST.3MSG|IMP.2MSG	PST.3MSG	True	PIEL
unvocalized	LX-a70d615cdb:U3	LX-a70d615cdb	שוטטו	2	PST.3PL|IMP.2MPL	PST.3PL	True	PIEL
unvocalized	LX-a70d615cdb:U4	LX-a70d615cdb	תשוטט	2	FUT.2MSG|FUT.3FSG		False	PIEL
unvocalized	LX-a70d615cdb:U5	LX-a70d615cdb	תשוטטנה	2	FUT.2FPL|FUT.3FPL		False	PIEL
unvocalized	LX-a74f1fcae7:U1	LX-a74f1fcae7	הושבת	2	PST.2MSG|PST.2FSG	PST.2MSG|PST.2FSG	False	HUFAL
unvocalized	LX-a74f1fcae7:U2	LX-a74f1fcae7	תושב	2	FUT.2MSG|FUT.3FSG		False	HUFAL
unvocalized	LX-a74f1fcae7:U3	LX-a74f1fcae7	תושבנה	2	FUT.2FPL|FUT.3FPL		False	HUFAL
unvocalized	LX-a7607e39c4:U1	LX-a7607e39c4	התקדשת	2	PST.2MSG|PST.2FSG	PST.2MSG|PST.2FSG	False	
unvocalized	LX-a7607e39c4:U2	LX-a7607e39c4	התקדש	2	PST.3MSG|IMP.2MSG	PST.3MSG	True	
unvocalized	LX-a7607e39c4:U3	LX-a7607e39c4	התקדשו	2	PST.3PL|IMP.2MPL	PST.3PL	True	
unvocalized	LX-a7607e39c4:U4	LX-a7607e39c4	תתקדש	2	FUT.2MSG|FUT.3FSG		False	
unvocalized	LX-a7607e39c4:U5	LX-a7607e39c4	תתקדשנה	2	FUT.2FPL|FUT.3FPL		False	
unvocalized	LX-a7703049f1:U1	LX-a7703049f1	חוברת	2	PST.2MSG|PST.2FSG	PST.2MSG|PST.2FSG	False	
unvocalized	LX-a7703049f1:U2	LX-a7703049f1	תחובר	2	FUT.2MSG|FUT.3FSG		False	
unvocalized	LX-a7703049f1:U3	LX-a7703049f1	תחוברנה	2	FUT.2FPL|FUT.3FPL		False	
unvocalized	LX-a7d48f1ec2:U1	LX-a7d48f1ec2	כבשת	2	PST.2MSG|PST.2FSG	PST.2MSG|PST.2FSG	False	PAAL
unvocalized	LX-a7d48f1ec2:U2	LX-a7d48f1ec2	כבשו	2	PST.3PL|IMP.2MPL	PST.3PL	True	PAAL
unvocalized	LX-a7d48f1ec2:U3	LX-a7d48f1ec2	תכבוש	2	FUT.2MSG|FUT.3FSG		False	PAAL
unvocalized	LX-a7d48f1ec2:U4	LX-a7d48f1ec2	תכבושנה	2	FUT.2FPL|FUT.3FPL		False	PAAL
unvocalized	LX-a8183f4292:U1	LX-a8183f4292	התכוננת	2	PST.2MSG|PST.2FSG	PST.2MSG|PST.2FSG	False	HITPAEL
unvocalized	LX-a8183f4292:U2	LX-a8183f4292	התכונן	2	PST.3MSG|IMP.2MSG	PST.3MSG	True	HITPAEL
unvocalized	LX-a8183f4292:U3	LX-a8183f4292	התכוננה	2	PST.3FSG|IMP.2FPL	PST.3FSG	True	HITPAEL
unvocalized	LX-a8183f4292:U4	LX-a8183f4292	התכוננו	3	PST.1PL|PST.3PL|IMP.2MPL	PST.1PL|PST.3PL	True	HITPAEL
unvocalized	LX-a8183f4292:U5	LX-a8183f4292	תתכונן	2	FUT.2MSG|FUT.3FSG		False	HITPAEL
unvocalized	LX-a8183f4292:U6	LX-a8183f4292	תתכוננה	2	FUT.2FPL|FUT.3FPL		False	HITPAEL
unvocalized	LX-a850898d95:U1	LX-a850898d95	גמרת	2	PST.2MSG|PST.2FSG	PST.2MSG|PST.2FSG	False	PAAL
unvocalized	LX-a850898d95:U2	LX-a850898d95	גמרו	2	PST.3PL|IMP.2MPL	PST.3PL	True	PAAL
unvocalized	LX-a850898d95:U3	LX-a850898d95	תגמור	2	FUT.2MSG|FUT.3FSG		False	PAAL
unvocalized	LX-a850898d95:U4	LX-a850898d95	תגמורנה	2	FUT.2FPL|FUT.3FPL		False	PAAL
unvocalized	LX-a87c528197:U1	LX-a87c528197	בודדת	2	PST.2MSG|PST.2FSG	PST.2MSG|PST.2FSG	False	PIEL
unvocalized	LX-a87c528197:U2	LX-a87c528197	בודד	2	PST.3MSG|IMP.2MSG	PST.3MSG	True	PIEL
unvocalized	LX-a87c528197:U3	LX-a87c528197	בודדו	2	PST.3PL|IMP.2MPL	PST.3PL	True	PIEL
unvocalized	LX-a87c528197:U4	LX-a87c528197	תבודד	2	FUT.2MSG|FUT.3FSG		False	PIEL
unvocalized	LX-a87c528197:U5	LX-a87c528197	תבודדנה	2	FUT.2FPL|FUT.3FPL		False	PIEL
unvocalized	LX-a884f3aa6c:U1	LX-a884f3aa6c	היללת	2	PST.2MSG|PST.2FSG	PST.2MSG|PST.2FSG	False	
unvocalized	LX-a884f3aa6c:U2	LX-a884f3aa6c	תהלל	2	FUT.2MSG|FUT.3FSG		False	
unvocalized	LX-a884f3aa6c:U3	LX-a884f3aa6c	תהללנה	2	FUT.2FPL|FUT.3FPL		False	
unvocalized	LX-a8ba7feb50:U1	LX-a8ba7feb50	חפרת	2	PST.2MSG|PST.2FSG	PST.2MSG|PST.2FSG	False	PAAL
unvocalized	LX-a8ba7feb50:U2	LX-a8ba7feb50	חפרו	2	PST.3PL|IMP.2MPL	PST.3PL	True	PAAL
unvocalized	LX-a8ba7feb50:U3	LX-a8ba7feb50	תחפור	2	FUT.2MSG|FUT.3FSG		False	PAAL
unvocalized	LX-a8ba7feb50:U4	LX-a8ba7feb50	תחפורנה	2	FUT.2FPL|FUT.3FPL		False	PAAL
unvocalized	LX-a92a8a3005:U1	LX-a92a8a3005	שיחקת	2	PST.2MSG|PST.2FSG	PST.2MSG|PST.2FSG	False	PIEL
unvocalized	LX-a92a8a3005:U2	LX-a92a8a3005	תשחק	2	FUT.2MSG|FUT.3FSG		False	PIEL
unvocalized	LX-a92a8a3005:U3	LX-a92a8a3005	תשחקנה	2	FUT.2FPL|FUT.3FPL		False	PIEL
unvocalized	LX-a97e8484bf:U1	LX-a97e8484bf	בישלת	2	PST.2MSG|PST.2FSG	PST.2MSG|PST.2FSG	False	PIEL
unvocalized	LX-a97e8484bf:U2	LX-a97e8484bf	תבשל	2	FUT.2MSG|FUT.3FSG		False	PIEL
unvocalized	LX-a97e8484bf:U3	LX-a97e8484bf	תבשלנה	2	FUT.2FPL|FUT.3FPL		False	PIEL
unvocalized	LX-a991ea9ba9:U1	LX-a991ea9ba9	דקרת	2	PST.2MSG|PST.2FSG	PST.2MSG|PST.2FSG	False	PAAL
unvocalized	LX-a991ea9ba9:U2	LX-a991ea9ba9	דקרו	2	PST.3PL|IMP.2MPL	PST.3PL	True	PAAL
unvocalized	LX-a991ea9ba9:U3	LX-a991ea9ba9	תדקור	2	FUT.2MSG|FUT.3FSG		False	PAAL
unvocalized	LX-a991ea9ba9:U4	LX-a991ea9ba9	תדקורנה	2	FUT.2FPL|FUT.3FPL		False	PAAL
unvocalized	LX-a9d91bd3a7:U1	LX-a9d91bd3a7	אובזרת	2	PST.2MSG|PST.2FSG	PST.2MSG|PST.2FSG	False	
unvocalized	LX-a9d91bd3a7:U2	LX-a9d91bd3a7	תאובזר	2	FUT.2MSG|FUT.3FSG		False	
unvocalized	LX-a9d91bd3a7:U3	LX-a9d91bd3a7	תאובזרנה	2	FUT.2FPL|FUT.3FPL		False	
unvocalized	LX-aa1972304f:U1	LX-aa1972304f	בידחת	2	PST.2MSG|PST.2FSG	PST.2MSG|PST.2FSG	False	PIEL
unvocalized	LX-aa1972304f:U2	LX-aa1972304f	תבדח	2	FUT.2MSG|FUT.3FSG		False	PIEL
unvocalized	LX-aa1972304f:U3	LX-aa1972304f	תבדחנה	2	FUT.2FPL|FUT.3FPL		False	PIEL
unvocalized	LX-aa5f3f97ad:U1	LX-aa5f3f97ad	התנצלת	2	PST.2MSG|PST.2FSG	PST.2MSG|PST.2FSG	False	HITPAEL
unvocalized	LX-aa5f3f97ad:U2	LX-aa5f3f97ad	התנצל	2	PST.3MSG|IMP.2MSG	PST.3MSG	True	HITPAEL
unvocalized	LX-aa5f3f97ad:U3	LX-aa5f3f97ad	התנצלו	2	PST.3PL|IMP.2MPL	PST.3PL	True	HITPAEL
unvocalized	LX-aa5f3f97ad:U4	LX-aa5f3f97ad	תתנצל	2	FUT.2MSG|FUT.3FSG		False	HITPAEL
unvocalized	LX-aa5f3f97ad:U5	LX-aa5f3f97ad	תתנצלנה	2	FUT.2FPL|FUT.3FPL		False	HITPAEL
unvocalized	LX-aac197a310:U1	LX-aac197a310	רעבת	2	PST.2MSG|PST.2FSG	PST.2MSG|PST.2FSG	False	
unvocalized	LX-aac197a310:U2	LX-aac197a310	רעב	3	PST.3MSG|PRS.MSG|IMP.2MSG	PST.3MSG	True	
unvocalized	LX-aac197a310:U3	LX-aac197a310	רעבה	2	PST.3FSG|PRS.FSG	PST.3FSG	True	
unvocalized	LX-aac197a310:U4	LX-aac197a310	רעבו	2	PST.3PL|IMP.2MPL	PST.3PL	True	
unvocalized	LX-aac197a310:U5	LX-aac197a310	תרעב	2	FUT.2MSG|FUT.3FSG		False	
unvocalized	LX-aac197a310:U6	LX-aac197a310	תרעבנה	2	FUT.2FPL|FUT.3FPL		False	
unvocalized	LX-aba7ae51c2:U1	LX-aba7ae51c2	פדית	2	PST.2MSG|PST.2FSG	PST.2MSG|PST.2FSG	False	PAAL
unvocalized	LX-aba7ae51c2:U2	LX-aba7ae51c2	פדה	2	PST.3MSG|IMP.2MSG	PST.3MSG	True	PAAL
unvocalized	LX-aba7ae51c2:U3	LX-aba7ae51c2	פדו	2	PST.3PL|IMP.2MPL	PST.3PL	True	PAAL
unvocalized	LX-aba7ae51c2:U4	LX-aba7ae51c2	פודה	2	PRS.MSG|PRS.FSG		False	PAAL
unvocalized	LX-aba7ae51c2:U5	LX-aba7ae51c2	תפדה	2	FUT.2MSG|FUT.3FSG		False	PAAL
unvocalized	LX-aba7ae51c2:U6	LX-aba7ae51c2	תפדינה	2	FUT.2FPL|FUT.3FPL		False	PAAL
unvocalized	LX-abdd104da2:U1	LX-abdd104da2	איבזרת	2	PST.2MSG|PST.2FSG	PST.2MSG|PST.2FSG	False	PIEL
unvocalized	LX-abdd104da2:U2	LX-abdd104da2	תאבזר	2	FUT.2MSG|FUT.3FSG		False	PIEL
unvocalized	LX-abdd104da2:U3	LX-abdd104da2	תאבזרנה	2	FUT.2FPL|FUT.3FPL		False	PIEL
unvocalized	LX-ac2f785d0e:U1	LX-ac2f785d0e	אבית	2	PST.2MSG|PST.2FSG	PST.2MSG|PST.2FSG	False	PAAL
unvocalized	LX-ac2f785d0e:U2	LX-ac2f785d0e	אבה	2	PST.3MSG|IMP.2MSG	PST.3MSG	True	PAAL
unvocalized	LX-ac2f785d0e:U3	LX-ac2f785d0e	אבו	2	PST.3PL|IMP.2MPL	PST.3PL	True	PAAL
unvocalized	LX-ac2f785d0e:U4	LX-ac2f785d0e	אובה	3	PRS.MSG|PRS.FSG|FUT.1SG		True	PAAL
unvocalized	LX-ac2f785d0e:U5	LX-ac2f785d0e	תאבה	2	FUT.2MSG|FUT.3FSG		False	PAAL
unvocalized	LX-ac2f785d0e:U6	LX-ac2f785d0e	תאבינה	2	FUT.2FPL|FUT.3FPL		False	PAAL
unvocalized	LX-ac6c145b91:U1	LX-ac6c145b91	טרפת	2	PST.2MSG|PST.2FSG	PST.2MSG|PST.2FSG	False	PAAL
unvocalized	LX-ac6c145b91:U2	LX-ac6c145b91	טרפו	2	PST.3PL|IMP.2MPL	PST.3PL	True	PAAL
unvocalized	LX-ac6c145b91:U3	LX-ac6c145b91	תטרוף	2	FUT.2MSG|FUT.3FSG		False	PAAL
unvocalized	LX-ac6c145b91:U4	LX-ac6c145b91	תטרופנה	2	FUT.2FPL|FUT.3FPL		False	PAAL
unvocalized	LX-acf3993b6d:U1	LX-acf3993b6d	דחית	2	PST.2MSG|PST.2FSG	PST.2MSG|PST.2FSG	False	PAAL
unvocalized	LX-acf3993b6d:U2	LX-acf3993b6d	דחה	2	PST.3MSG|IMP.2MSG	PST.3MSG	True	PAAL
unvocalized	LX-acf3993b6d:U3	LX-acf3993b6d	דחו	2	PST.3PL|IMP.2MPL	PST.3PL	True	PAAL
unvocalized	LX-acf3993b6d:U4	LX-acf3993b6d	דוחה	2	PRS.MSG|PRS.FSG		False	PAAL
unvocalized	LX-acf3993b6d:U5	LX-acf3993b6d	תדחה	2	FUT.2MSG|FUT.3FSG		False	PAAL
unvocalized	LX-acf3993b6d:U6	LX-acf3993b6d	תדחינה	2	FUT.2FPL|FUT.3FPL		False	PAAL
unvocalized	LX-acf6d0c26e:U1	LX-acf6d0c26e	נאחזת	3	PST.2MSG|PST.2FSG|PRS.FSG	PST.2MSG|PST.2FSG	True	NIFAL
unvocalized	LX-acf6d0c26e:U2	LX-acf6d0c26e	נאחז	2	PST.3MSG|PRS.MSG	PST.3MSG	True	NIFAL
unvocalized	LX-acf6d0c26e:U3	LX-acf6d0c26e	תיאחז	2	FUT.2MSG|FUT.3FSG		False	NIFAL
unvocalized	LX-acf6d0c26e:U4	LX-acf6d0c26e	תיאחזנה	2	FUT.2FPL|FUT.3FPL		False	NIFAL
unvocalized	LX-ad6c5ac614:U1	LX-ad6c5ac614	התראית	2	PST.2MSG|PST.2FSG	PST.2MSG|PST.2FSG	False	HITPAEL
unvocalized	LX-ad6c5ac614:U2	LX-ad6c5ac614	התראה	2	PST.3MSG|IMP.2MSG	PST.3MSG	True	HITPAEL
unvocalized	LX-ad6c5ac614:U3	LX-ad6c5ac614	התראו	2	PST.3PL|IMP.2MPL	PST.3PL	True	HITPAEL
unvocalized	LX-ad6c5ac614:U4	LX-ad6c5ac614	מתראה	2	PRS.MSG|PRS.FSG		False	HITPAEL
unvocalized	LX-ad6c5ac614:U5	LX-ad6c5ac614	תתראה	2	FUT.2MSG|FUT.3FSG		False	HITPAEL
unvocalized	LX-ad6c5ac614:U6	LX-ad6c5ac614	תתראינה	2	FUT.2FPL|FUT.3FPL		False	HITPAEL
unvocalized	LX-ad7554a06a:U1	LX-ad7554a06a	שיבחת	2	PST.2MSG|PST.2FSG	PST.2MSG|PST.2FSG	False	PIEL
unvocalized	LX-ad7554a06a:U2	LX-ad7554a06a	תשבח	2	FUT.2MSG|FUT.3FSG		False	PIEL
unvocalized	LX-ad7554a06a:U3	LX-ad7554a06a	תשבחנה	2	FUT.2FPL|FUT.3FPL		False	PIEL
unvocalized	LX-ada99b0657:U1	LX-ada99b0657	כיפרת	2	PST.2MSG|PST.2FSG	PST.2MSG|PST.2FSG	False	PIEL
unvocalized	LX-ada99b0657:U2	LX-ada99b0657	תכפר	2	FUT.2MSG|FUT.3FSG		False	PIEL
unvocalized	LX-ada99b0657:U3	LX-ada99b0657	תכפרנה	2	FUT.2FPL|FUT.3FPL		False	PIEL
unvocalized	LX-adc89f33e5:U1	LX-adc89f33e5	הפלצת	2	PST.2MSG|PST.2FSG	PST.2MSG|PST.2FSG	False	
unvocalized	LX-adc89f33e5:U2	LX-adc89f33e5	הפליצו	2	PST.3PL|IMP.2MPL	PST.3PL	True	
unvocalized	LX-adc89f33e5:U3	LX-adc89f33e5	תפליץ	2	FUT.2MSG|FUT.3FSG		False	
unvocalized	LX-adc89f33e5:U4	LX-adc89f33e5	תפלצנה	2	FUT.2FPL|FUT.3FPL		False	
unvocalized	LX-add8596aaf:U1	LX-add8596aaf	נעשית	3	PST.2MSG|PST.2FSG|PRS.FSG	PST.2MSG|PST.2FSG	True	
unvocalized	LX-add8596aaf:U2	LX-add8596aaf	נעשה	2	PST.3MSG|PRS.MSG	PST.3MSG	True	
unvocalized	LX-add8596aaf:U3	LX-add8596aaf	תיעשה	2	FUT.2MSG|FUT.3FSG		False	
unvocalized	LX-add8596aaf:U4	LX-add8596aaf	תיעשינה	2	FUT.2FPL|FUT.3FPL		False	
unvocalized	LX-ae89415304:U1	LX-ae89415304	התעללת	2	PST.2MSG|PST.2FSG	PST.2MSG|PST.2FSG	False	HITPAEL
unvocalized	LX-ae89415304:U2	LX-ae89415304	התעלל	2	PST.3MSG|IMP.2MSG	PST.3MSG	True	HITPAEL
unvocalized	LX-ae89415304:U3	LX-ae89415304	התעללו	2	PST.3PL|IMP.2MPL	PST.3PL	True	HITPAEL
unvocalized	LX-ae89415304:U4	LX-ae89415304	תתעלל	2	FUT.2MSG|FUT.3FSG		False	HITPAEL
unvocalized	LX-ae89415304:U5	LX-ae89415304	תתעללנה	2	FUT.2FPL|FUT.3FPL		False	HITPAEL
unvocalized	LX-af3a35eb19:U1	LX-af3a35eb19	התגרשת	2	PST.2MSG|PST.2FSG	PST.2MSG|PST.2FSG	False	HITPAEL
unvocalized	LX-af3a35eb19:U2	LX-af3a35eb19	התגרש	2	PST.3MSG|IMP.2MSG	PST.3MSG	True	HITPAEL
unvocalized	LX-af3a35eb19:U3	LX-af3a35eb19	התגרשו	2	PST.3PL|IMP.2MPL	PST.3PL	True	HITPAEL
unvocalized	LX-af3a35eb19:U4	LX-af3a35eb19	תתגרש	2	FUT.2MSG|FUT.3FSG		False	HITPAEL
unvocalized	LX-af3a35eb19:U5	LX-af3a35eb19	תתגרשנה	2	FUT.2FPL|FUT.3FPL		False	HITPAEL
unvocalized	LX-af4d4f3365:U1	LX-af4d4f3365	הותרת	2	PST.2MSG|PST.2FSG	PST.2MSG|PST.2FSG	False	HIFIL
unvocalized	LX-af4d4f3365:U2	LX-af4d4f3365	הותירו	2	PST.3PL|IMP.2MPL	PST.3PL	True	HIFIL
unvocalized	LX-af4d4f3365:U3	LX-af4d4f3365	תותיר	2	FUT.2MSG|FUT.3FSG		False	HIFIL
unvocalized	LX-af4d4f3365:U4	LX-af4d4f3365	תותרנה	2	FUT.2FPL|FUT.3FPL		False	HIFIL
unvocalized	LX-af6492231a:U1	LX-af6492231a	התחננת	2	PST.2MSG|PST.2FSG	PST.2MSG|PST.2FSG	False	HITPAEL
unvocalized	LX-af6492231a:U2	LX-af6492231a	התחנן	2	PST.3MSG|IMP.2MSG	PST.3MSG	True	HITPAEL
unvocalized	LX-af6492231a:U3	LX-af6492231a	התחננה	2	PST.3FSG|IMP.2FPL	PST.3FSG	True	HITPAEL
unvocalized	LX-af6492231a:U4	LX-af6492231a	התחננו	3	PST.1PL|PST.3PL|IMP.2MPL	PST.1PL|PST.3PL	True	HITPAEL
unvocalized	LX-af6492231a:U5	LX-af6492231a	תתחנן	2	FUT.2MSG|FUT.3FSG		False	HITPAEL
unvocalized	LX-af6492231a:U6	LX-af6492231a	תתחננה	2	FUT.2FPL|FUT.3FPL		False	HITPAEL
unvocalized	LX-aff5a4ad55:U1	LX-aff5a4ad55	נשמעת	3	PST.2MSG|PST.2FSG|PRS.FSG	PST.2MSG|PST.2FSG	True	NIFAL
unvocalized	LX-aff5a4ad55:U2	LX-aff5a4ad55	נשמע	2	PST.3MSG|PRS.MSG	PST.3MSG	True	NIFAL
unvocalized	LX-aff5a4ad55:U3	LX-aff5a4ad55	תישמע	2	FUT.2MSG|FUT.3FSG		False	NIFAL
unvocalized	LX-aff5a4ad55:U4	LX-aff5a4ad55	תישמענה	2	FUT.2FPL|FUT.3FPL		False	NIFAL
unvocalized	LX-b0201f1aa7:U1	LX-b0201f1aa7	תיעבת	2	PST.2MSG|PST.2FSG	PST.2MSG|PST.2FSG	False	PIEL
unvocalized	LX-b0201f1aa7:U2	LX-b0201f1aa7	תתעב	2	FUT.2MSG|FUT.3FSG		False	PIEL
unvocalized	LX-b0201f1aa7:U3	LX-b0201f1aa7	תתעבנה	2	FUT.2FPL|FUT.3FPL		False	PIEL
unvocalized	LX-b0ae740bb6:U1	LX-b0ae740bb6	שמחת	2	PST.2MSG|PST.2FSG	PST.2MSG|PST.2FSG	False	PAAL
unvocalized	LX-b0ae740bb6:U2	LX-b0ae740bb6	שמח	3	PST.3MSG|PRS.MSG|IMP.2MSG	PST.3MSG	True	PAAL
unvocalized	LX-b0ae740bb6:U3	LX-b0ae740bb6	שמחה	3	PST.3FSG|PRS.FSG|MSDR	PST.3FSG	True	PAAL
unvocalized	LX-b0ae740bb6:U4	LX-b0ae740bb6	שמחו	2	PST.3PL|IMP.2MPL	PST.3PL	True	PAAL
unvocalized	LX-b0ae740bb6:U5	LX-b0ae740bb6	תשמח	2	FUT.2MSG|FUT.3FSG		False	PAAL
unvocalized	LX-b0ae740bb6:U6	LX-b0ae740bb6	תשמחנה	2	FUT.2FPL|FUT.3FPL		False	PAAL
unvocalized	LX-b0d0d2151e:U1	LX-b0d0d2151e	שימשת	2	PST.2MSG|PST.2FSG	PST.2MSG|PST.2FSG	False	PIEL
unvocalized	LX-b0d0d2151e:U2	LX-b0d0d2151e	תשמש	2	FUT.2MSG|FUT.3FSG		False	PIEL
unvocalized	LX-b0d0d2151e:U3	LX-b0d0d2151e	תשמשנה	2	FUT.2FPL|FUT.3FPL		False	PIEL
unvocalized	LX-b1c181eb09:U1	LX-b1c181eb09	נפחת	2	PST.2MSG|PST.2FSG	PST.2MSG|PST.2FSG	False	PAAL
unvocalized	LX-b1c181eb09:U2	LX-b1c181eb09	נפח	2	PST.3MSG|IMP.2MSG	PST.3MSG	True	PAAL
unvocalized	LX-b1c181eb09:U3	LX-b1c181eb09	נפחו	2	PST.3PL|IMP.2MPL	PST.3PL	True	PAAL
unvocalized	LX-b1c181eb09:U4	LX-b1c181eb09	תיפח	2	FUT.2MSG|FUT.3FSG		False	PAAL
unvocalized	LX-b1c181eb09:U5	LX-b1c181eb09	תיפחנה	2	FUT.2FPL|FUT.3FPL		False	PAAL
unvocalized	LX-b1e944da04:U1	LX-b1e944da04	השקית	2	PST.2MSG|PST.2FSG	PST.2MSG|PST.2FSG	False	HIFIL
unvocalized	LX-b1e944da04:U2	LX-b1e944da04	השקה	2	PST.3MSG|IMP.2MSG	PST.3MSG	True	HIFIL
unvocalized	LX-b1e944da04:U3	LX-b1e944da04	השקו	2	PST.3PL|IMP.2MPL	PST.3PL	True	HIFIL
unvocalized	LX-b1e944da04:U4	LX-b1e944da04	משקה	2	PRS.MSG|PRS.FSG		False	HIFIL
unvocalized	LX-b1e944da04:U5	LX-b1e944da04	תשקה	2	FUT.2MSG|FUT.3FSG		False	HIFIL
unvocalized	LX-b1e944da04:U6	LX-b1e944da04	תשקינה	2	FUT.2FPL|FUT.3FPL		False	HIFIL
unvocalized	LX-b1fc7e2196:U1	LX-b1fc7e2196	גאלת	2	PST.2MSG|PST.2FSG	PST.2MSG|PST.2FSG	False	PAAL
unvocalized	LX-b1fc7e2196:U2	LX-b1fc7e2196	גאל	2	PST.3MSG|IMP.2MSG	PST.3MSG	True	PAAL
unvocalized	LX-b1fc7e2196:U3	LX-b1fc7e2196	גאלו	2	PST.3PL|IMP.2MPL	PST.3PL	True	PAAL
unvocalized	LX-b1fc7e2196:U4	LX-b1fc7e2196	תגאל	2	FUT.2MSG|FUT.3FSG		False	PAAL
unvocalized	LX-b1fc7e2196:U5	LX-b1fc7e2196	תגאלנה	2	FUT.2FPL|FUT.3FPL		False	PAAL
unvocalized	LX-b202d13eff:U1	LX-b202d13eff	קודשת	2	PST.2MSG|PST.2FSG	PST.2MSG|PST.2FSG	False	
unvocalized	LX-b202d13eff:U2	LX-b202d13eff	תקודש	2	FUT.2MSG|FUT.3FSG		False	
unvocalized	LX-b202d13eff:U3	LX-b202d13eff	תקודשנה	2	FUT.2FPL|FUT.3FPL		False	
unvocalized	LX-b21954ec6c:U1	LX-b21954ec6c	הולדת	2	PST.2MSG|PST.2FSG	PST.2MSG|PST.2FSG	False	HIFIL
unvocalized	LX-b21954ec6c:U2	LX-b21954ec6c	הולידו	2	PST.3PL|IMP.2MPL	PST.3PL	True	HIFIL
unvocalized	LX-b21954ec6c:U3	LX-b21954ec6c	תוליד	2	FUT.2MSG|FUT.3FSG		False	HIFIL
unvocalized	LX-b21954ec6c:U4	LX-b21954ec6c	תולדנה	2	FUT.2FPL|FUT.3FPL		False	HIFIL
unvocalized	LX-b28d05a18f:U1	LX-b28d05a18f	מנעת	2	PST.2MSG|PST.2FSG	PST.2MSG|PST.2FSG	False	PAAL
unvocalized	LX-b28d05a18f:U2	LX-b28d05a18f	מנע	2	PST.3MSG|IMP.2MSG	PST.3MSG	True	PAAL
unvocalized	LX-b28d05a18f:U3	LX-b28d05a18f	מנעו	2	PST.3PL|IMP.2MPL	PST.3PL	True	PAAL
unvocalized	LX-b28d05a18f:U4	LX-b28d05a18f	תמנע	2	FUT.2MSG|FUT.3FSG		False	PAAL
unvocalized	LX-b28d05a18f:U5	LX-b28d05a18f	תמנענה	2	FUT.2FPL|FUT.3FPL		False	PAAL
unvocalized	LX-b2ef87ee2c:U1	LX-b2ef87ee2c	הכרת	2	PST.2MSG|PST.2FSG	PST.2MSG|PST.2FSG	False	HIFIL
unvocalized	LX-b2ef87ee2c:U2	LX-b2ef87ee2c	הכירו	2	PST.3PL|IMP.2MPL	PST.3PL	True	HIFIL
unvocalized	LX-b2ef87ee2c:U3	LX-b2ef87ee2c	תכיר	2	FUT.2MSG|FUT.3FSG		False	HIFIL
unvocalized	LX-b2ef87ee2c:U4	LX-b2ef87ee2c	תכרנה	2	FUT.2FPL|FUT.3FPL		False	HIFIL
unvocalized	LX-b33353af4e:U1	LX-b33353af4e	התבטאת	2	PST.2MSG|PST.2FSG	PST.2MSG|PST.2FSG	False	HITPAEL
unvocalized	LX-b33353af4e:U2	LX-b33353af4e	התבטא	2	PST.3MSG|IMP.2MSG	PST.3MSG	True	HITPAEL
unvocalized	LX-b33353af4e:U3	LX-b33353af4e	התבטאו	2	PST.3PL|IMP.2MPL	PST.3PL	True	HITPAEL
unvocalized	LX-b33353af4e:U4	LX-b33353af4e	תתבטא	2	FUT.2MSG|FUT.3FSG		False	HITPAEL
unvocalized	LX-b33353af4e:U5	LX-b33353af4e	תתבטאנה	2	FUT.2FPL|FUT.3FPL		False	HITPAEL
unvocalized	LX-b34e036e57:U1	LX-b34e036e57	ננעלת	3	PST.2MSG|PST.2FSG|PRS.FSG	PST.2MSG|PST.2FSG	True	
unvocalized	LX-b34e036e57:U2	LX-b34e036e57	ננעל	2	PST.3MSG|PRS.MSG	PST.3MSG	True	
unvocalized	LX-b34e036e57:U3	LX-b34e036e57	תינעל	2	FUT.2MSG|FUT.3FSG		False	
unvocalized	LX-b34e036e57:U4	LX-b34e036e57	תינעלנה	2	FUT.2FPL|FUT.3FPL		False	
unvocalized	LX-b36fd75c35:U1	LX-b36fd75c35	הוטבת	2	PST.2MSG|PST.2FSG	PST.2MSG|PST.2FSG	False	HUFAL
unvocalized	LX-b36fd75c35:U2	LX-b36fd75c35	תוטב	2	FUT.2MSG|FUT.3FSG		False	HUFAL
unvocalized	LX-b36fd75c35:U3	LX-b36fd75c35	תוטבנה	2	FUT.2FPL|FUT.3FPL		False	HUFAL
unvocalized	LX-b3899b9aae:U1	LX-b3899b9aae	חזקת	2	PST.2MSG|PST.2FSG	PST.2MSG|PST.2FSG	False	PAAL
unvocalized	LX-b3899b9aae:U2	LX-b3899b9aae	חזק	3	PST.3MSG|PRS.MSG|IMP.2MSG	PST.3MSG	True	PAAL
unvocalized	LX-b3899b9aae:U3	LX-b3899b9aae	חזקה	2	PST.3FSG|PRS.FSG	PST.3FSG	True	PAAL
unvocalized	LX-b3899b9aae:U4	LX-b3899b9aae	חזקו	2	PST.3PL|IMP.2MPL	PST.3PL	True	PAAL
unvocalized	LX-b3899b9aae:U5	LX-b3899b9aae	תחזק	2	FUT.2MSG|FUT.3FSG		False	PAAL
unvocalized	LX-b3899b9aae:U6	LX-b3899b9aae	תחזקנה	2	FUT.2FPL|FUT.3FPL		False	PAAL
unvocalized	LX-b3c9022775:U1	LX-b3c9022775	עטפת	2	PST.2MSG|PST.2FSG	PST.2MSG|PST.2FSG	False	PAAL
unvocalized	LX-b3c9022775:U2	LX-b3c9022775	עטפו	2	PST.3PL|IMP.2MPL	PST.3PL	True	PAAL
unvocalized	LX-b3c9022775:U3	LX-b3c9022775	תעטוף	2	FUT.2MSG|FUT.3FSG		False	PAAL
unvocalized	LX-b3c9022775:U4	LX-b3c9022775	תעטופנה	2	FUT.2FPL|FUT.3FPL		False	PAAL
unvocalized	LX-b3caa239df:U1	LX-b3caa239df	נסחפת	3	PST.2MSG|PST.2FSG|PRS.FSG	PST.2MSG|PST.2FSG	True	
unvocalized	LX-b3caa239df:U2	LX-b3caa239df	נסחף	2	PST.3MSG|PRS.MSG	PST.3MSG	True	
unvocalized	LX-b3caa239df:U3	LX-b3caa239df	תיסחף	2	FUT.2MSG|FUT.3FSG		False	
unvocalized	LX-b3caa239df:U4	LX-b3caa239df	תיסחפנה	2	FUT.2FPL|FUT.3FPL		False	
unvocalized	LX-b42f636984:U1	LX-b42f636984	אסרת	2	PST.2MSG|PST.2FSG	PST.2MSG|PST.2FSG	False	PAAL
unvocalized	LX-b42f636984:U2	LX-b42f636984	אסרו	2	PST.3PL|IMP.2MPL	PST.3PL	True	PAAL
unvocalized	LX-b42f636984:U3	LX-b42f636984	תאסור	2	FUT.2MSG|FUT.3FSG		False	PAAL
unvocalized	LX-b42f636984:U4	LX-b42f636984	תאסורנה	2	FUT.2FPL|FUT.3FPL		False	PAAL
unvocalized	LX-b43202ccf1:U1	LX-b43202ccf1	שחית	2	PST.2MSG|PST.2FSG	PST.2MSG|PST.2FSG	False	PAAL
unvocalized	LX-b43202ccf1:U2	LX-b43202ccf1	שחה	2	PST.3MSG|IMP.2MSG	PST.3MSG	True	PAAL
unvocalized	LX-b43202ccf1:U3	LX-b43202ccf1	שחו	2	PST.3PL|IMP.2MPL	PST.3PL	True	PAAL
unvocalized	LX-b43202ccf1:U4	LX-b43202ccf1	שוחה	2	PRS.MSG|PRS.FSG		False	PAAL
unvocalized	LX-b43202ccf1:U5	LX-b43202ccf1	תשחה	2	FUT.2MSG|FUT.3FSG		False	PAAL
unvocalized	LX-b43202ccf1:U6	LX-b43202ccf1	תשחינה	2	FUT.2FPL|FUT.3FPL		False	PAAL
unvocalized	LX-b48c6ea1ba:U1	LX-b48c6ea1ba	התחלת	2	PST.2MSG|PST.2FSG	PST.2MSG|PST.2FSG	False	HIFIL
unvocalized	LX-b48c6ea1ba:U2	LX-b48c6ea1ba	התחילו	2	PST.3PL|IMP.2MPL	PST.3PL	True	HIFIL
unvocalized	LX-b48c6ea1ba:U3	LX-b48c6ea1ba	תתחיל	2	FUT.2MSG|FUT.3FSG		False	HIFIL
unvocalized	LX-b48c6ea1ba:U4	LX-b48c6ea1ba	תתחלנה	2	FUT.2FPL|FUT.3FPL		False	HIFIL
unvocalized	LX-b49f377bc6:U1	LX-b49f377bc6	נטלת	2	PST.2MSG|PST.2FSG	PST.2MSG|PST.2FSG	False	PAAL
unvocalized	LX-b49f377bc6:U2	LX-b49f377bc6	נטלו	2	PST.3PL|IMP.2MPL	PST.3PL	True	PAAL
unvocalized	LX-b49f377bc6:U3	LX-b49f377bc6	תיטול	2	FUT.2MSG|FUT.3FSG		False	PAAL
unvocalized	LX-b49f377bc6:U4	LX-b49f377bc6	תיטולנה	2	FUT.2FPL|FUT.3FPL		False	PAAL
unvocalized	LX-b4edc12a9a:U1	LX-b4edc12a9a	חיבקת	2	PST.2MSG|PST.2FSG	PST.2MSG|PST.2FSG	False	PIEL
unvocalized	LX-b4edc12a9a:U2	LX-b4edc12a9a	תחבק	2	FUT.2MSG|FUT.3FSG		False	PIEL
unvocalized	LX-b4edc12a9a:U3	LX-b4edc12a9a	תחבקנה	2	FUT.2FPL|FUT.3FPL		False	PIEL
unvocalized	LX-b50751ff7e:U1	LX-b50751ff7e	הסתגרת	2	PST.2MSG|PST.2FSG	PST.2MSG|PST.2FSG	False	HITPAEL
unvocalized	LX-b50751ff7e:U2	LX-b50751ff7e	הסתגר	2	PST.3MSG|IMP.2MSG	PST.3MSG	True	HITPAEL
unvocalized	LX-b50751ff7e:U3	LX-b50751ff7e	הסתגרו	2	PST.3PL|IMP.2MPL	PST.3PL	True	HITPAEL
unvocalized	LX-b50751ff7e:U4	LX-b50751ff7e	תסתגר	2	FUT.2MSG|FUT.3FSG		False	HITPAEL
unvocalized	LX-b50751ff7e:U5	LX-b50751ff7e	תסתגרנה	2	FUT.2FPL|FUT.3FPL		False	HITPAEL
unvocalized	LX-b513d389f8:U1	LX-b513d389f8	פקדת	2	PST.2MSG|PST.2FSG	PST.2MSG|PST.2FSG	False	PAAL
unvocalized	LX-b513d389f8:U2	LX-b513d389f8	פקדו	2	PST.3PL|IMP.2MPL	PST.3PL	True	PAAL
unvocalized	LX-b513d389f8:U3	LX-b513d389f8	תפקוד	2	FUT.2MSG|FUT.3FSG		False	PAAL
unvocalized	LX-b513d389f8:U4	LX-b513d389f8	תפקודנה	2	FUT.2FPL|FUT.3FPL		False	PAAL
unvocalized	LX-b55e0a36a2:U1	LX-b55e0a36a2	התגברת	2	PST.2MSG|PST.2FSG	PST.2MSG|PST.2FSG	False	
unvocalized	LX-b55e0a36a2:U2	LX-b55e0a36a2	התגבר	2	PST.3MSG|IMP.2MSG	PST.3MSG	True	
unvocalized	LX-b55e0a36a2:U3	LX-b55e0a36a2	התגברו	2	PST.3PL|IMP.2MPL	PST.3PL	True	
unvocalized	LX-b55e0a36a2:U4	LX-b55e0a36a2	תתגבר	2	FUT.2MSG|FUT.3FSG		False	
unvocalized	LX-b55e0a36a2:U5	LX-b55e0a36a2	תתגברנה	2	FUT.2FPL|FUT.3FPL		False	
unvocalized	LX-b5f86cb852:U1	LX-b5f86cb852	התאבלת	2	PST.2MSG|PST.2FSG	PST.2MSG|PST.2FSG	False	
unvocalized	LX-b5f86cb852:U2	LX-b5f86cb852	התאבל	2	PST.3MSG|IMP.2MSG	PST.3MSG	True	
unvocalized	LX-b5f86cb852:U3	LX-b5f86cb852	התאבלו	2	PST.3PL|IMP.2MPL	PST.3PL	True	
unvocalized	LX-b5f86cb852:U4	LX-b5f86cb852	תתאבל	2	FUT.2MSG|FUT.3FSG		False	
unvocalized	LX-b5f86cb852:U5	LX-b5f86cb852	תתאבלנה	2	FUT.2FPL|FUT.3FPL		False	
unvocalized	LX-b60212497e:U1	LX-b60212497e	הוכשרת	2	PST.2MSG|PST.2FSG	PST.2MSG|PST.2FSG	False	
unvocalized	LX-b60212497e:U2	LX-b60212497e	תוכשר	2	FUT.2MSG|FUT.3FSG		False	
unvocalized	LX-b60212497e:U3	LX-b60212497e	תוכשרנה	2	FUT.2FPL|FUT.3FPL		False	
unvocalized	LX-b60a3a131b:U1	LX-b60a3a131b	הצתת	2	PST.2MSG|PST.2FSG	PST.2MSG|PST.2FSG	False	HIFIL
unvocalized	LX-b60a3a131b:U2	LX-b60a3a131b	הציתו	2	PST.3PL|IMP.2MPL	PST.3PL	True	HIFIL
unvocalized	LX-b60a3a131b:U3	LX-b60a3a131b	תצית	2	FUT.2MSG|FUT.3FSG		False	HIFIL
unvocalized	LX-b60a3a131b:U4	LX-b60a3a131b	תצתנה	2	FUT.2FPL|FUT.3FPL		False	HIFIL
unvocalized	LX-b625926ad5:U1	LX-b625926ad5	ניסית	2	PST.2MSG|PST.2FSG	PST.2MSG|PST.2FSG	False	PIEL
unvocalized	LX-b625926ad5:U2	LX-b625926ad5	מנסה	2	PRS.MSG|PRS.FSG		False	PIEL
unvocalized	LX-b625926ad5:U3	LX-b625926ad5	תנסה	2	FUT.2MSG|FUT.3FSG		False	PIEL
unvocalized	LX-b625926ad5:U4	LX-b625926ad5	תנסינה	2	FUT.2FPL|FUT.3FPL		False	PIEL
unvocalized	LX-b64c2d737c:U1	LX-b64c2d737c	הוקפת	2	PST.2MSG|PST.2FSG	PST.2MSG|PST.2FSG	False	
unvocalized	LX-b64c2d737c:U2	LX-b64c2d737c	תוקף	2	FUT.2MSG|FUT.3FSG		False	
unvocalized	LX-b64c2d737c:U3	LX-b64c2d737c	תוקפנה	2	FUT.2FPL|FUT.3FPL		False	
unvocalized	LX-b6dd4ef5a9:U1	LX-b6dd4ef5a9	השפעת	2	PST.2MSG|PST.2FSG	PST.2MSG|PST.2FSG	False	
unvocalized	LX-b6dd4ef5a9:U2	LX-b6dd4ef5a9	השפיעו	2	PST.3PL|IMP.2MPL	PST.3PL	True	
unvocalized	LX-b6dd4ef5a9:U3	LX-b6dd4ef5a9	תשפיע	2	FUT.2MSG|FUT.3FSG		False	
unvocalized	LX-b6dd4ef5a9:U4	LX-b6dd4ef5a9	תשפענה	2	FUT.2FPL|FUT.3FPL		False	
unvocalized	LX-b701de28d8:U1	LX-b701de28d8	חרפת	2	PST.2MSG|PST.2FSG	PST.2MSG|PST.2FSG	False	
unvocalized	LX-b701de28d8:U2	LX-b701de28d8	חרפו	2	PST.3PL|IMP.2MPL	PST.3PL	True	
unvocalized	LX-b701de28d8:U3	LX-b701de28d8	תחרופ	2	FUT.2MSG|FUT.3FSG		False	
unvocalized	LX-b701de28d8:U4	LX-b701de28d8	תחרופנה	2	FUT.2FPL|FUT.3FPL		False	
unvocalized	LX-b71b9f8aa9:U1	LX-b71b9f8aa9	השתכנזת	2	PST.2MSG|PST.2FSG	PST.2MSG|PST.2FSG	False	HITPAEL
unvocalized	LX-b71b9f8aa9:U2	LX-b71b9f8aa9	השתכנז	2	PST.3MSG|IMP.2MSG	PST.3MSG	True	HITPAEL
unvocalized	LX-b71b9f8aa9:U3	LX-b71b9f8aa9	השתכנזו	2	PST.3PL|IMP.2MPL	PST.3PL	True	HITPAEL
unvocalized	LX-b71b9f8aa9:U4	LX-b71b9f8aa9	תשתכנז	2	FUT.2MSG|FUT.3FSG		False	HITPAEL
unvocalized	LX-b71b9f8aa9:U5	LX-b71b9f8aa9	תשתכנזנה	2	FUT.2FPL|FUT.3FPL		False	HITPAEL
unvocalized	LX-b71dee7c98:U1	LX-b71dee7c98	דרסת	2	PST.2MSG|PST.2FSG	PST.2MSG|PST.2FSG	False	PAAL
unvocalized	LX-b71dee7c98:U2	LX-b71dee7c98	דרסו	2	PST.3PL|IMP.2MPL	PST.3PL	True	PAAL
unvocalized	LX-b71dee7c98:U3	LX-b71dee7c98	תדרוס	2	FUT.2MSG|FUT.3FSG		False	PAAL
unvocalized	LX-b71dee7c98:U4	LX-b71dee7c98	תדרוסנה	2	FUT.2FPL|FUT.3FPL		False	PAAL
unvocalized	LX-b776af48c7:U1	LX-b776af48c7	הכית	2	PST.2MSG|PST.2FSG	PST.2MSG|PST.2FSG	False	HIFIL
unvocalized	LX-b776af48c7:U2	LX-b776af48c7	הכה	2	PST.3MSG|IMP.2MSG	PST.3MSG	True	HIFIL
unvocalized	LX-b776af48c7:U3	LX-b776af48c7	הכו	2	PST.3PL|IMP.2MPL	PST.3PL	True	HIFIL
unvocalized	LX-b776af48c7:U4	LX-b776af48c7	מכה	2	PRS.MSG|PRS.FSG		False	HIFIL
unvocalized	LX-b776af48c7:U5	LX-b776af48c7	תכה	2	FUT.2MSG|FUT.3FSG		False	HIFIL
unvocalized	LX-b776af48c7:U6	LX-b776af48c7	תכינה	2	FUT.2FPL|FUT.3FPL		False	HIFIL
unvocalized	LX-b7acb7ab10:U1	LX-b7acb7ab10	הוגברת	2	PST.2MSG|PST.2FSG	PST.2MSG|PST.2FSG	False	HUFAL
unvocalized	LX-b7acb7ab10:U2	LX-b7acb7ab10	תוגבר	2	FUT.2MSG|FUT.3FSG		False	HUFAL
unvocalized	LX-b7acb7ab10:U3	LX-b7acb7ab10	תוגברנה	2	FUT.2FPL|FUT.3FPL		False	HUFAL
unvocalized	LX-b84daf0549:U1	LX-b84daf0549	התנקשת	2	PST.2MSG|PST.2FSG	PST.2MSG|PST.2FSG	False	HITPAEL
unvocalized	LX-b84daf0549:U2	LX-b84daf0549	התנקש	2	PST.3MSG|IMP.2MSG	PST.3MSG	True	HITPAEL
unvocalized	LX-b84daf0549:U3	LX-b84daf0549	התנקשו	2	PST.3PL|IMP.2MPL	PST.3PL	True	HITPAEL
unvocalized	LX-b84daf0549:U4	LX-b84daf0549	תתנקש	2	FUT.2MSG|FUT.3FSG		False	HITPAEL
unvocalized	LX-b84daf0549:U5	LX-b84daf0549	תתנקשנה	2	FUT.2FPL|FUT.3FPL		False	HITPAEL
unvocalized	LX-b8957b0c59:U1	LX-b8957b0c59	התמכרת	2	PST.2MSG|PST.2FSG	PST.2MSG|PST.2FSG	False	HITPAEL
unvocalized	LX-b8957b0c59:U2	LX-b8957b0c59	התמכר	2	PST.3MSG|IMP.2MSG	PST.3MSG	True	HITPAEL
unvocalized	LX-b8957b0c59:U3	LX-b8957b0c59	התמכרו	2	PST.3PL|IMP.2MPL	PST.3PL	True	HITPAEL
unvocalized	LX-b8957b0c59:U4	LX-b8957b0c59	תתמכר	2	FUT.2MSG|FUT.3FSG		False	HITPAEL
unvocalized	LX-b8957b0c59:U5	LX-b8957b0c59	תתמכרנה	2	FUT.2FPL|FUT.3FPL		False	HITPAEL
unvocalized	LX-b8ce4669c5:U1	LX-b8ce4669c5	התעלפת	2	PST.2MSG|PST.2FSG	PST.2MSG|PST.2FSG	False	HITPAEL
unvocalized	LX-b8ce4669c5:U2	LX-b8ce4669c5	התעלף	2	PST.3MSG|IMP.2MSG	PST.3MSG	True	HITPAEL
unvocalized	LX-b8ce4669c5:U3	LX-b8ce4669c5	התעלפו	2	PST.3PL|IMP.2MPL	PST.3PL	True	HITPAEL
unvocalized	LX-b8ce4669c5:U4	LX-b8ce4669c5	תתעלף	2	FUT.2MSG|FUT.3FSG		False	HITPAEL
unvocalized	LX-b8ce4669c5:U5	LX-b8ce4669c5	תתעלפנה	2	FUT.2FPL|FUT.3FPL		False	HITPAEL
unvocalized	LX-b97bf4b70c:U1	LX-b97bf4b70c	עשית	2	PST.2MSG|PST.2FSG	PST.2MSG|PST.2FSG	False	PAAL
unvocalized	LX-b97bf4b70c:U2	LX-b97bf4b70c	עשה	2	PST.3MSG|IMP.2MSG	PST.3MSG	True	PAAL
unvocalized	LX-b97bf4b70c:U3	LX-b97bf4b70c	עשו	2	PST.3PL|IMP.2MPL	PST.3PL	True	PAAL
unvocalized	LX-b97bf4b70c:U4	LX-b97bf4b70c	עושה	2	PRS.MSG|PRS.FSG		False	PAAL
unvocalized	LX-b97bf4b70c:U5	LX-b97bf4b70c	תעשה	2	FUT.2MSG|FUT.3FSG		False	PAAL
unvocalized	LX-b97bf4b70c:U6	LX-b97bf4b70c	תעשינה	2	FUT.2FPL|FUT.3FPL		False	PAAL
unvocalized	LX-b99bcc9306:U1	LX-b99bcc9306	קצפת	2	PST.2MSG|PST.2FSG	PST.2MSG|PST.2FSG	False	PAAL
unvocalized	LX-b99bcc9306:U2	LX-b99bcc9306	קצפו	2	PST.3PL|IMP.2MPL	PST.3PL	True	PAAL
unvocalized	LX-b99bcc9306:U3	LX-b99bcc9306	תקצוף	2	FUT.2MSG|FUT.3FSG		False	PAAL
unvocalized	LX-b99bcc9306:U4	LX-b99bcc9306	תקצופנה	2	FUT.2FPL|FUT.3FPL		False	PAAL
unvocalized	LX-b9d8b05a05:U1	LX-b9d8b05a05	פרצת	2	PST.2MSG|PST.2FSG	PST.2MSG|PST.2FSG	False	PAAL
unvocalized	LX-b9d8b05a05:U2	LX-b9d8b05a05	פרצו	2	PST.3PL|IMP.2MPL	PST.3PL	True	PAAL
unvocalized	LX-b9d8b05a05:U3	LX-b9d8b05a05	תפרוץ	2	FUT.2MSG|FUT.3FSG		False	PAAL
unvocalized	LX-b9d8b05a05:U4	LX-b9d8b05a05	תפרוצנה	2	FUT.2FPL|FUT.3FPL		False	PAAL
unvocalized	LX-ba17312739:U1	LX-ba17312739	חווית	2	PST.2MSG|PST.2FSG	PST.2MSG|PST.2FSG	False	PAAL
unvocalized	LX-ba17312739:U2	LX-ba17312739	חווה	4	PST.3MSG|PRS.MSG|PRS.FSG|IMP.2MSG	PST.3MSG	True	PAAL
unvocalized	LX-ba17312739:U3	LX-ba17312739	חוו	2	PST.3PL|IMP.2MPL	PST.3PL	True	PAAL
unvocalized	LX-ba17312739:U4	LX-ba17312739	תחווה	2	FUT.2MSG|FUT.3FSG		False	PAAL
unvocalized	LX-ba17312739:U5	LX-ba17312739	תחווינה	2	FUT.2FPL|FUT.3FPL		False	PAAL
unvocalized	LX-ba6e15c2a7:U1	LX-ba6e15c2a7	התפרעת	2	PST.2MSG|PST.2FSG	PST.2MSG|PST.2FSG	False	HITPAEL
unvocalized	LX-ba6e15c2a7:U2	LX-ba6e15c2a7	התפרע	2	PST.3MSG|IMP.2MSG	PST.3MSG	True	HITPAEL
unvocalized	LX-ba6e15c2a7:U3	LX-ba6e15c2a7	התפרעו	2	PST.3PL|IMP.2MPL	PST.3PL	True	HITPAEL
unvocalized	LX-ba6e15c2a7:U4	LX-ba6e15c2a7	תתפרע	2	FUT.2MSG|FUT.3FSG		False	HITPAEL
unvocalized	LX-ba6e15c2a7:U5	LX-ba6e15c2a7	תתפרענה	2	FUT.2FPL|FUT.3FPL		False	HITPAEL
unvocalized	LX-ba9b4ec182:U1	LX-ba9b4ec182	איבדת	2	PST.2MSG|PST.2FSG	PST.2MSG|PST.2FSG	False	PIEL
unvocalized	LX-ba9b4ec182:U2	LX-ba9b4ec182	תאבד	2	FUT.2MSG|FUT.3FSG		False	PIEL
unvocalized	LX-ba9b4ec182:U3	LX-ba9b4ec182	תאבדנה	2	FUT.2FPL|FUT.3FPL		False	PIEL
unvocalized	LX-baa093e1cf:U1	LX-baa093e1cf	הוכית	2	PST.2MSG|PST.2FSG	PST.2MSG|PST.2FSG	False	HUFAL
unvocalized	LX-baa093e1cf:U2	LX-baa093e1cf	תוכה	2	FUT.2MSG|FUT.3FSG		False	HUFAL
unvocalized	LX-baa093e1cf:U3	LX-baa093e1cf	תוכינה	2	FUT.2FPL|FUT.3FPL		False	HUFAL
unvocalized	LX-bab2836fec:U1	LX-bab2836fec	אהדת	2	PST.2MSG|PST.2FSG	PST.2MSG|PST.2FSG	False	PAAL
unvocalized	LX-bab2836fec:U2	LX-bab2836fec	אהד	2	PST.3MSG|IMP.2MSG	PST.3MSG	True	PAAL
unvocalized	LX-bab2836fec:U3	LX-bab2836fec	אהדה	2	PST.3FSG|MSDR	PST.3FSG	True	PAAL
unvocalized	LX-bab2836fec:U4	LX-bab2836fec	אהדו	2	PST.3PL|IMP.2MPL	PST.3PL	True	PAAL
unvocalized	LX-bab2836fec:U5	LX-bab2836fec	תאהד	2	FUT.2MSG|FUT.3FSG		False	PAAL
unvocalized	LX-bab2836fec:U6	LX-bab2836fec	תאהדנה	2	FUT.2FPL|FUT.3FPL		False	PAAL
unvocalized	LX-bafc724f01:U1	LX-bafc724f01	התלוננת	2	PST.2MSG|PST.2FSG	PST.2MSG|PST.2FSG	False	HITPAEL
unvocalized	LX-bafc724f01:U2	LX-bafc724f01	התלונן	2	PST.3MSG|IMP.2MSG	PST.3MSG	True	HITPAEL
unvocalized	LX-bafc724f01:U3	LX-bafc724f01	התלוננה	2	PST.3FSG|IMP.2FPL	PST.3FSG	True	HITPAEL
unvocalized	LX-bafc724f01:U4	LX-bafc724f01	התלוננו	3	PST.1PL|PST.3PL|IMP.2MPL	PST.1PL|PST.3PL	True	HITPAEL
unvocalized	LX-bafc724f01:U5	LX-bafc724f01	תתלונן	2	FUT.2MSG|FUT.3FSG		False	HITPAEL
unvocalized	LX-bafc724f01:U6	LX-bafc724f01	תתלוננה	2	FUT.2FPL|FUT.3FPL		False	HITPAEL
unvocalized	LX-bb77b6c1b1:U1	LX-bb77b6c1b1	התבודדת	2	PST.2MSG|PST.2FSG	PST.2MSG|PST.2FSG	False	HITPAEL
unvocalized	LX-bb77b6c1b1:U2	LX-bb77b6c1b1	התבודד	2	PST.3MSG|IMP.2MSG	PST.3MSG	True	HITPAEL
unvocalized	LX-bb77b6c1b1:U3	LX-bb77b6c1b1	התבודדו	2	PST.3PL|IMP.2MPL	PST.3PL	True	HITPAEL
unvocalized	LX-bb77b6c1b1:U4	LX-bb77b6c1b1	תתבודד	2	FUT.2MSG|FUT.3FSG		False	HITPAEL
unvocalized	LX-bb77b6c1b1:U5	LX-bb77b6c1b1	תתבודדנה	2	FUT.2FPL|FUT.3FPL		False	HITPAEL
unvocalized	LX-bb95efdabf:U1	LX-bb95efdabf	פישטת	2	PST.2MSG|PST.2FSG	PST.2MSG|PST.2FSG	False	PIEL
unvocalized	LX-bb95efdabf:U2	LX-bb95efdabf	תפשט	2	FUT.2MSG|FUT.3FSG		False	PIEL
unvocalized	LX-bb95efdabf:U3	LX-bb95efdabf	תפשטנה	2	FUT.2FPL|FUT.3FPL		False	PIEL
unvocalized	LX-bba5c2c463:U1	LX-bba5c2c463	שקטת	2	PST.2MSG|PST.2FSG	PST.2MSG|PST.2FSG	False	PAAL
unvocalized	LX-bba5c2c463:U2	LX-bba5c2c463	שקטו	2	PST.3PL|IMP.2MPL	PST.3PL	True	PAAL
unvocalized	LX-bba5c2c463:U3	LX-bba5c2c463	תשקוט	2	FUT.2MSG|FUT.3FSG		False	PAAL
unvocalized	LX-bba5c2c463:U4	LX-bba5c2c463	תשקוטנה	2	FUT.2FPL|FUT.3FPL		False	PAAL
unvocalized	LX-bbb5072543:U1	LX-bbb5072543	חזרת	2	PST.2MSG|PST.2FSG	PST.2MSG|PST.2FSG	False	PAAL
unvocalized	LX-bbb5072543:U2	LX-bbb5072543	חזרה	2	PST.3FSG|MSDR	PST.3FSG	True	PAAL
unvocalized	LX-bbb5072543:U3	LX-bbb5072543	חזרו	2	PST.3PL|IMP.2MPL	PST.3PL	True	PAAL
unvocalized	LX-bbb5072543:U4	LX-bbb5072543	תחזור	2	FUT.2MSG|FUT.3FSG		False	PAAL
unvocalized	LX-bbb5072543:U5	LX-bbb5072543	תחזורנה	2	FUT.2FPL|FUT.3FPL		False	PAAL
unvocalized	LX-bbf1210689:U1	LX-bbf1210689	הזקת	2	PST.2MSG|PST.2FSG	PST.2MSG|PST.2FSG	False	HIFIL
unvocalized	LX-bbf1210689:U2	LX-bbf1210689	הזיקו	2	PST.3PL|IMP.2MPL	PST.3PL	True	HIFIL
unvocalized	LX-bbf1210689:U3	LX-bbf1210689	תזיק	2	FUT.2MSG|FUT.3FSG		False	HIFIL
unvocalized	LX-bbf1210689:U4	LX-bbf1210689	תזקנה	2	FUT.2FPL|FUT.3FPL		False	HIFIL
unvocalized	LX-bc39ca2850:U1	LX-bc39ca2850	שוחדת	2	PST.2MSG|PST.2FSG	PST.2MSG|PST.2FSG	False	
unvocalized	LX-bc39ca2850:U2	LX-bc39ca2850	תשוחד	2	FUT.2MSG|FUT.3FSG		False	
unvocalized	LX-bc39ca2850:U3	LX-bc39ca2850	תשוחדנה	2	FUT.2FPL|FUT.3FPL		False	
unvocalized	LX-bc41ac231c:U1	LX-bc41ac231c	אימצת	2	PST.2MSG|PST.2FSG	PST.2MSG|PST.2FSG	False	PIEL
unvocalized	LX-bc41ac231c:U2	LX-bc41ac231c	תאמץ	2	FUT.2MSG|FUT.3FSG		False	PIEL
unvocalized	LX-bc41ac231c:U3	LX-bc41ac231c	תאמצנה	2	FUT.2FPL|FUT.3FPL		False	PIEL
unvocalized	LX-bc5f7c42c3:U1	LX-bc5f7c42c3	שיכתבת	2	PST.2MSG|PST.2FSG	PST.2MSG|PST.2FSG	False	
unvocalized	LX-bc5f7c42c3:U2	LX-bc5f7c42c3	תשכתב	2	FUT.2MSG|FUT.3FSG		False	
unvocalized	LX-bc5f7c42c3:U3	LX-bc5f7c42c3	תשכתבנה	2	FUT.2FPL|FUT.3FPL		False	
unvocalized	LX-bc7b3ef67f:U1	LX-bc7b3ef67f	הצטלמת	2	PST.2MSG|PST.2FSG	PST.2MSG|PST.2FSG	False	HITPAEL
unvocalized	LX-bc7b3ef67f:U2	LX-bc7b3ef67f	הצטלם	2	PST.3MSG|IMP.2MSG	PST.3MSG	True	HITPAEL
unvocalized	LX-bc7b3ef67f:U3	LX-bc7b3ef67f	הצטלמו	2	PST.3PL|IMP.2MPL	PST.3PL	True	HITPAEL
unvocalized	LX-bc7b3ef67f:U4	LX-bc7b3ef67f	תצטלם	2	FUT.2MSG|FUT.3FSG		False	HITPAEL
unvocalized	LX-bc7b3ef67f:U5	LX-bc7b3ef67f	תצטלמנה	2	FUT.2FPL|FUT.3FPL		False	HITPAEL
unvocalized	LX-bcb4b554a9:U1	LX-bcb4b554a9	חטפת	2	PST.2MSG|PST.2FSG	PST.2MSG|PST.2FSG	False	PAAL
unvocalized	LX-bcb4b554a9:U2	LX-bcb4b554a9	חטפו	2	PST.3PL|IMP.2MPL	PST.3PL	True	PAAL
unvocalized	LX-bcb4b554a9:U3	LX-bcb4b554a9	תחטוף	2	FUT.2MSG|FUT.3FSG		False	PAAL
unvocalized	LX-bcb4b554a9:U4	LX-bcb4b554a9	תחטופנה	2	FUT.2FPL|FUT.3FPL		False	PAAL
unvocalized	LX-bcc6e77d08:U1	LX-bcc6e77d08	הבהרת	2	PST.2MSG|PST.2FSG	PST.2MSG|PST.2FSG	False	HIFIL
unvocalized	LX-bcc6e77d08:U2	LX-bcc6e77d08	הבהירו	2	PST.3PL|IMP.2MPL	PST.3PL	True	HIFIL
unvocalized	LX-bcc6e77d08:U3	LX-bcc6e77d08	תבהיר	2	FUT.2MSG|FUT.3FSG		False	HIFIL
unvocalized	LX-bcc6e77d08:U4	LX-bcc6e77d08	תבהרנה	2	FUT.2FPL|FUT.3FPL		False	HIFIL
unvocalized	LX-bce671e703:U1	LX-bce671e703	הורית	2	PST.2MSG|PST.2FSG	PST.2MSG|PST.2FSG	False	HIFIL
unvocalized	LX-bce671e703:U2	LX-bce671e703	הורה	2	PST.3MSG|IMP.2MSG	PST.3MSG	True	HIFIL
unvocalized	LX-bce671e703:U3	LX-bce671e703	הורו	2	PST.3PL|IMP.2MPL	PST.3PL	True	HIFIL
unvocalized	LX-bce671e703:U4	LX-bce671e703	מורה	2	PRS.MSG|PRS.FSG		False	HIFIL
unvocalized	LX-bce671e703:U5	LX-bce671e703	תורה	2	FUT.2MSG|FUT.3FSG		False	HIFIL
unvocalized	LX-bce671e703:U6	LX-bce671e703	תורינה	2	FUT.2FPL|FUT.3FPL		False	HIFIL
unvocalized	LX-bd5b8d806e:U1	LX-bd5b8d806e	ביטאת	2	PST.2MSG|PST.2FSG	PST.2MSG|PST.2FSG	False	PIEL
unvocalized	LX-bd5b8d806e:U2	LX-bd5b8d806e	תבטא	2	FUT.2MSG|FUT.3FSG		False	PIEL
unvocalized	LX-bd5b8d806e:U3	LX-bd5b8d806e	תבטאנה	2	FUT.2FPL|FUT.3FPL		False	PIEL
unvocalized	LX-bd64bd5f86:U1	LX-bd64bd5f86	נפגעת	3	PST.2MSG|PST.2FSG|PRS.FSG	PST.2MSG|PST.2FSG	True	
unvocalized	LX-bd64bd5f86:U2	LX-bd64bd5f86	נפגע	2	PST.3MSG|PRS.MSG	PST.3MSG	True	
unvocalized	LX-bd64bd5f86:U3	LX-bd64bd5f86	תיפגע	2	FUT.2MSG|FUT.3FSG		False	
unvocalized	LX-bd64bd5f86:U4	LX-bd64bd5f86	תיפגענה	2	FUT.2FPL|FUT.3FPL		False	
unvocalized	LX-bd8d081d7a:U1	LX-bd8d081d7a	דוכאת	2	PST.2MSG|PST.2FSG	PST.2MSG|PST.2FSG	False	PUAL
unvocalized	LX-bd8d081d7a:U2	LX-bd8d081d7a	תדוכא	2	FUT.2MSG|FUT.3FSG		False	PUAL
unvocalized	LX-bd8d081d7a:U3	LX-bd8d081d7a	תדוכאנה	2	FUT.2FPL|FUT.3FPL		False	PUAL
unvocalized	LX-bdb8967668:U1	LX-bdb8967668	נכשלת	3	PST.2MSG|PST.2FSG|PRS.FSG	PST.2MSG|PST.2FSG	True	NIFAL
unvocalized	LX-bdb8967668:U2	LX-bdb8967668	נכשל	2	PST.3MSG|PRS.MSG	PST.3MSG	True	NIFAL
unvocalized	LX-bdb8967668:U3	LX-bdb8967668	תיכשל	2	FUT.2MSG|FUT.3FSG		False	NIFAL
unvocalized	LX-bdb8967668:U4	LX-bdb8967668	תיכשלנה	2	FUT.2FPL|FUT.3FPL		False	NIFAL
unvocalized	LX-be025cdb2a:U1	LX-be025cdb2a	הנחית	2	PST.2MSG|PST.2FSG	PST.2MSG|PST.2FSG	False	
unvocalized	LX-be025cdb2a:U2	LX-be025cdb2a	הנחה	2	PST.3MSG|IMP.2MSG	PST.3MSG	True	
unvocalized	LX-be025cdb2a:U3	LX-be025cdb2a	הנחו	2	PST.3PL|IMP.2MPL	PST.3PL	True	
unvocalized	LX-be025cdb2a:U4	LX-be025cdb2a	מנחה	2	PRS.MSG|PRS.FSG		False	
unvocalized	LX-be025cdb2a:U5	LX-be025cdb2a	תנחה	2	FUT.2MSG|FUT.3FSG		False	
unvocalized	LX-be025cdb2a:U6	LX-be025cdb2a	תנחינה	2	FUT.2FPL|FUT.3FPL		False	
unvocalized	LX-be357ff004:U1	LX-be357ff004	הימהמת	2	PST.2MSG|PST.2FSG	PST.2MSG|PST.2FSG	False	PIEL
unvocalized	LX-be357ff004:U2	LX-be357ff004	תהמהם	2	FUT.2MSG|FUT.3FSG		False	PIEL
unvocalized	LX-be357ff004:U3	LX-be357ff004	תהמהמנה	2	FUT.2FPL|FUT.3FPL		False	PIEL
unvocalized	LX-be895af0f1:U1	LX-be895af0f1	זבת	2	PST.2MSG|PST.2FSG	PST.2MSG|PST.2FSG	False	PAAL
unvocalized	LX-be895af0f1:U2	LX-be895af0f1	זב	2	PST.3MSG|PRS.MSG	PST.3MSG	True	PAAL
unvocalized	LX-be895af0f1:U3	LX-be895af0f1	זבה	2	PST.3FSG|PRS.FSG	PST.3FSG	True	PAAL
unvocalized	LX-be895af0f1:U4	LX-be895af0f1	תזוב	2	FUT.2MSG|FUT.3FSG		False	PAAL
unvocalized	LX-be895af0f1:U5	LX-be895af0f1	תזובנה	2	FUT.2FPL|FUT.3FPL		False	PAAL
unvocalized	LX-bf0b93114e:U1	LX-bf0b93114e	ביטלת	2	PST.2MSG|PST.2FSG	PST.2MSG|PST.2FSG	False	PIEL
unvocalized	LX-bf0b93114e:U2	LX-bf0b93114e	תבטל	2	FUT.2MSG|FUT.3FSG		False	PIEL
unvocalized	LX-bf0b93114e:U3	LX-bf0b93114e	תבטלנה	2	FUT.2FPL|FUT.3FPL		False	PIEL
unvocalized	LX-bf1c5ed831:U1	LX-bf1c5ed831	חיכית	2	PST.2MSG|PST.2FSG	PST.2MSG|PST.2FSG	False	PIEL
unvocalized	LX-bf1c5ed831:U2	LX-bf1c5ed831	מחכה	2	PRS.MSG|PRS.FSG		False	PIEL
unvocalized	LX-bf1c5ed831:U3	LX-bf1c5ed831	תחכה	2	FUT.2MSG|FUT.3FSG		False	PIEL
unvocalized	LX-bf1c5ed831:U4	LX-bf1c5ed831	תחכינה	2	FUT.2FPL|FUT.3FPL		False	PIEL
unvocalized	LX-bf2dc576e3:U1	LX-bf2dc576e3	רפאת	2	PST.2MSG|PST.2FSG	PST.2MSG|PST.2FSG	False	PAAL
unvocalized	LX-bf2dc576e3:U2	LX-bf2dc576e3	רפא	2	PST.3MSG|IMP.2MSG	PST.3MSG	True	PAAL
unvocalized	LX-bf2dc576e3:U3	LX-bf2dc576e3	רפאו	2	PST.3PL|IMP.2MPL	PST.3PL	True	PAAL
unvocalized	LX-bf2dc576e3:U4	LX-bf2dc576e3	תרפא	2	FUT.2MSG|FUT.3FSG		False	PAAL
unvocalized	LX-bf2dc576e3:U5	LX-bf2dc576e3	תרפאנה	2	FUT.2FPL|FUT.3FPL		False	PAAL
unvocalized	LX-bf89c0b150:U1	LX-bf89c0b150	שבת	2	PST.2MSG|PST.2FSG	PST.2MSG|PST.2FSG	False	PAAL
unvocalized	LX-bf89c0b150:U2	LX-bf89c0b150	שב	2	PST.3MSG|PRS.MSG	PST.3MSG	True	PAAL
unvocalized	LX-bf89c0b150:U3	LX-bf89c0b150	שבה	2	PST.3FSG|PRS.FSG	PST.3FSG	True	PAAL
unvocalized	LX-bf89c0b150:U4	LX-bf89c0b150	תשוב	2	FUT.2MSG|FUT.3FSG		False	PAAL
unvocalized	LX-bf89c0b150:U5	LX-bf89c0b150	תשובנה	2	FUT.2FPL|FUT.3FPL		False	PAAL
unvocalized	LX-bf9a05e950:U1	LX-bf9a05e950	שכחת	2	PST.2MSG|PST.2FSG	PST.2MSG|PST.2FSG	False	PAAL
unvocalized	LX-bf9a05e950:U2	LX-bf9a05e950	שכח	2	PST.3MSG|IMP.2MSG	PST.3MSG	True	PAAL
unvocalized	LX-bf9a05e950:U3	LX-bf9a05e950	שכחו	2	PST.3PL|IMP.2MPL	PST.3PL	True	PAAL
unvocalized	LX-bf9a05e950:U4	LX-bf9a05e950	תשכח	2	FUT.2MSG|FUT.3FSG		False	PAAL
unvocalized	LX-bf9a05e950:U5	LX-bf9a05e950	תשכחנה	2	FUT.2FPL|FUT.3FPL		False	PAAL
unvocalized	LX-bfd2580e9e:U1	LX-bfd2580e9e	נגעת	2	PST.2MSG|PST.2FSG	PST.2MSG|PST.2FSG	False	PAAL
unvocalized	LX-bfd2580e9e:U2	LX-bfd2580e9e	נגע	2	PST.3MSG|IMP.2MSG	PST.3MSG	True	PAAL
unvocalized	LX-bfd2580e9e:U3	LX-bfd2580e9e	נגעו	2	PST.3PL|IMP.2MPL	PST.3PL	True	PAAL
unvocalized	LX-bfd2580e9e:U4	LX-bfd2580e9e	תיגע	2	FUT.2MSG|FUT.3FSG		False	PAAL
unvocalized	LX-bfd2580e9e:U5	LX-bfd2580e9e	תיגענה	2	FUT.2FPL|FUT.3FPL		False	PAAL
unvocalized	LX-bfdee6e589:U1	LX-bfdee6e589	מיפית	2	PST.2MSG|PST.2FSG	PST.2MSG|PST.2FSG	False	PIEL
unvocalized	LX-bfdee6e589:U2	LX-bfdee6e589	ממפה	2	PRS.MSG|PRS.FSG		False	PIEL
unvocalized	LX-bfdee6e589:U3	LX-bfdee6e589	תמפה	2	FUT.2MSG|FUT.3FSG		False	PIEL
unvocalized	LX-bfdee6e589:U4	LX-bfdee6e589	תמפינה	2	FUT.2FPL|FUT.3FPL		False	PIEL
unvocalized	LX-c04cf3a925:U1	LX-c04cf3a925	נראית	3	PST.2MSG|PST.2FSG|PRS.FSG	PST.2MSG|PST.2FSG	True	NIFAL
unvocalized	LX-c04cf3a925:U2	LX-c04cf3a925	נראה	2	PST.3MSG|PRS.MSG	PST.3MSG	True	NIFAL
unvocalized	LX-c04cf3a925:U3	LX-c04cf3a925	תיראה	2	FUT.2MSG|FUT.3FSG		False	NIFAL
unvocalized	LX-c04cf3a925:U4	LX-c04cf3a925	תיראינה	2	FUT.2FPL|FUT.3FPL		False	NIFAL
unvocalized	LX-c05c81dbad:U1	LX-c05c81dbad	שקלת	2	PST.2MSG|PST.2FSG	PST.2MSG|PST.2FSG	False	PAAL
unvocalized	LX-c05c81dbad:U2	LX-c05c81dbad	שקלו	2	PST.3PL|IMP.2MPL	PST.3PL	True	PAAL
unvocalized	LX-c05c81dbad:U3	LX-c05c81dbad	תשקול	2	FUT.2MSG|FUT.3FSG		False	PAAL
unvocalized	LX-c05c81dbad:U4	LX-c05c81dbad	תשקולנה	2	FUT.2FPL|FUT.3FPL		False	PAAL
unvocalized	LX-c0a6efc8c6:U1	LX-c0a6efc8c6	התרוקנת	2	PST.2MSG|PST.2FSG	PST.2MSG|PST.2FSG	False	
unvocalized	LX-c0a6efc8c6:U2	LX-c0a6efc8c6	התרוקן	2	PST.3MSG|IMP.2MSG	PST.3MSG	True	
unvocalized	LX-c0a6efc8c6:U3	LX-c0a6efc8c6	התרוקנה	2	PST.3FSG|IMP.2FPL	PST.3FSG	True	
unvocalized	LX-c0a6efc8c6:U4	LX-c0a6efc8c6	התרוקנו	3	PST.1PL|PST.3PL|IMP.2MPL	PST.1PL|PST.3PL	True	
unvocalized	LX-c0a6efc8c6:U5	LX-c0a6efc8c6	תתרוקן	2	FUT.2MSG|FUT.3FSG		False	
unvocalized	LX-c0a6efc8c6:U6	LX-c0a6efc8c6	תתרוקנה	2	FUT.2FPL|FUT.3FPL		False	
unvocalized	LX-c0c7bcf341:U1	LX-c0c7bcf341	חיפשת	2	PST.2MSG|PST.2FSG	PST.2MSG|PST.2FSG	False	PIEL
unvocalized	LX-c0c7bcf341:U2	LX-c0c7bcf341	תחפש	2	FUT.2MSG|FUT.3FSG		False	PIEL
unvocalized	LX-c0c7bcf341:U3	LX-c0c7bcf341	תחפשנה	2	FUT.2FPL|FUT.3FPL		False	PIEL
unvocalized	LX-c157d29cd8:U1	LX-c157d29cd8	הרטבת	2	PST.2MSG|PST.2FSG	PST.2MSG|PST.2FSG	False	HIFIL
unvocalized	LX-c157d29cd8:U2	LX-c157d29cd8	הרטיבו	2	PST.3PL|IMP.2MPL	PST.3PL	True	HIFIL
unvocalized	LX-c157d29cd8:U3	LX-c157d29cd8	תרטיב	2	FUT.2MSG|FUT.3FSG		False	HIFIL
unvocalized	LX-c157d29cd8:U4	LX-c157d29cd8	תרטבנה	2	FUT.2FPL|FUT.3FPL		False	HIFIL
unvocalized	LX-c181da4369:U1	LX-c181da4369	זקפת	2	PST.2MSG|PST.2FSG	PST.2MSG|PST.2FSG	False	PAAL
unvocalized	LX-c181da4369:U2	LX-c181da4369	זקפו	2	PST.3PL|IMP.2MPL	PST.3PL	True	PAAL
unvocalized	LX-c181da4369:U3	LX-c181da4369	תזקוף	2	FUT.2MSG|FUT.3FSG		False	PAAL
unvocalized	LX-c181da4369:U4	LX-c181da4369	תזקופנה	2	FUT.2FPL|FUT.3FPL		False	PAAL
unvocalized	LX-c1b252996c:U1	LX-c1b252996c	פילפלת	2	PST.2MSG|PST.2FSG	PST.2MSG|PST.2FSG	False	PIEL
unvocalized	LX-c1b252996c:U2	LX-c1b252996c	תפלפל	2	FUT.2MSG|FUT.3FSG		False	PIEL
unvocalized	LX-c1b252996c:U3	LX-c1b252996c	תפלפלנה	2	FUT.2FPL|FUT.3FPL		False	PIEL
unvocalized	LX-c1d0bf9649:U1	LX-c1d0bf9649	הסתערבת	2	PST.2MSG|PST.2FSG	PST.2MSG|PST.2FSG	False	
unvocalized	LX-c1d0bf9649:U2	LX-c1d0bf9649	הסתערב	2	PST.3MSG|IMP.2MSG	PST.3MSG	True	
unvocalized	LX-c1d0bf9649:U3	LX-c1d0bf9649	הסתערבו	2	PST.3PL|IMP.2MPL	PST.3PL	True	
unvocalized	LX-c1d0bf9649:U4	LX-c1d0bf9649	תסתערב	2	FUT.2MSG|FUT.3FSG		False	
unvocalized	LX-c1d0bf9649:U5	LX-c1d0bf9649	תסתערבנה	2	FUT.2FPL|FUT.3FPL		False	
unvocalized	LX-c1e5a303f6:U1	LX-c1e5a303f6	השתחווית	2	PST.2MSG|PST.2FSG	PST.2MSG|PST.2FSG	False	HITPAEL
unvocalized	LX-c1e5a303f6:U2	LX-c1e5a303f6	השתחווה	2	PST.3MSG|IMP.2MSG	PST.3MSG	True	HITPAEL
unvocalized	LX-c1e5a303f6:U3	LX-c1e5a303f6	השתחוו	2	PST.3PL|IMP.2MPL	PST.3PL	True	HITPAEL
unvocalized	LX-c1e5a303f6:U4	LX-c1e5a303f6	משתחווה	2	PRS.MSG|PRS.FSG		False	HITPAEL
unvocalized	LX-c1e5a303f6:U5	LX-c1e5a303f6	תשתחווה	2	FUT.2MSG|FUT.3FSG		False	HITPAEL
unvocalized	LX-c1e5a303f6:U6	LX-c1e5a303f6	תשתחווינה	2	FUT.2FPL|FUT.3FPL		False	HITPAEL
unvocalized	LX-c2004fa5b5:U1	LX-c2004fa5b5	זנית	2	PST.2MSG|PST.2FSG	PST.2MSG|PST.2FSG	False	PAAL
unvocalized	LX-c2004fa5b5:U2	LX-c2004fa5b5	זנה	2	PST.3MSG|IMP.2MSG	PST.3MSG	True	PAAL
unvocalized	LX-c2004fa5b5:U3	LX-c2004fa5b5	זנו	2	PST.3PL|IMP.2MPL	PST.3PL	True	PAAL
unvocalized	LX-c2004fa5b5:U4	LX-c2004fa5b5	זונה	2	PRS.MSG|PRS.FSG		False	PAAL
unvocalized	LX-c2004fa5b5:U5	LX-c2004fa5b5	תזנה	2	FUT.2MSG|FUT.3FSG		False	PAAL
unvocalized	LX-c2004fa5b5:U6	LX-c2004fa5b5	תזנינה	2	FUT.2FPL|FUT.3FPL		False	PAAL
unvocalized	LX-c20a30b9f2:U1	LX-c20a30b9f2	הותקנת	2	PST.2MSG|PST.2FSG	PST.2MSG|PST.2FSG	False	
unvocalized	LX-c20a30b9f2:U2	LX-c20a30b9f2	הותקנו	2	PST.1PL|PST.3PL	PST.1PL|PST.3PL	False	
unvocalized	LX-c20a30b9f2:U3	LX-c20a30b9f2	תותקן	2	FUT.2MSG|FUT.3FSG		False	
unvocalized	LX-c20a30b9f2:U4	LX-c20a30b9f2	תותקנה	2	FUT.2FPL|FUT.3FPL		False	
unvocalized	LX-c24a551a7f:U1	LX-c24a551a7f	הסעת	2	PST.2MSG|PST.2FSG	PST.2MSG|PST.2FSG	False	HIFIL
unvocalized	LX-c24a551a7f:U2	LX-c24a551a7f	הסיעו	2	PST.3PL|IMP.2MPL	PST.3PL	True	HIFIL
unvocalized	LX-c24a551a7f:U3	LX-c24a551a7f	תסיע	2	FUT.2MSG|FUT.3FSG		False	HIFIL
unvocalized	LX-c24a551a7f:U4	LX-c24a551a7f	תסענה	2	FUT.2FPL|FUT.3FPL		False	HIFIL
unvocalized	LX-c2a4598837:U1	LX-c2a4598837	הכלת	2	PST.2MSG|PST.2FSG	PST.2MSG|PST.2FSG	False	HIFIL
unvocalized	LX-c2a4598837:U2	LX-c2a4598837	הכילו	2	PST.3PL|IMP.2MPL	PST.3PL	True	HIFIL
unvocalized	LX-c2a4598837:U3	LX-c2a4598837	תכיל	2	FUT.2MSG|FUT.3FSG		False	HIFIL
unvocalized	LX-c2a4598837:U4	LX-c2a4598837	תכלנה	2	FUT.2FPL|FUT.3FPL		False	HIFIL
unvocalized	LX-c30481b203:U1	LX-c30481b203	כיבית	2	PST.2MSG|PST.2FSG	PST.2MSG|PST.2FSG	False	PIEL
unvocalized	LX-c30481b203:U2	LX-c30481b203	מכבה	2	PRS.MSG|PRS.FSG		False	PIEL
unvocalized	LX-c30481b203:U3	LX-c30481b203	תכבה	2	FUT.2MSG|FUT.3FSG		False	PIEL
unvocalized	LX-c30481b203:U4	LX-c30481b203	תכבינה	2	FUT.2FPL|FUT.3FPL		False	PIEL
unvocalized	LX-c31fd2810d:U1	LX-c31fd2810d	השלגת	2	PST.2MSG|PST.2FSG	PST.2MSG|PST.2FSG	False	HIFIL
unvocalized	LX-c31fd2810d:U2	LX-c31fd2810d	השליגו	2	PST.3PL|IMP.2MPL	PST.3PL	True	HIFIL
unvocalized	LX-c31fd2810d:U3	LX-c31fd2810d	תשליג	2	FUT.2MSG|FUT.3FSG		False	HIFIL
unvocalized	LX-c31fd2810d:U4	LX-c31fd2810d	תשלגנה	2	FUT.2FPL|FUT.3FPL		False	HIFIL
unvocalized	LX-c3b2b297b6:U1	LX-c3b2b297b6	הרגשת	2	PST.2MSG|PST.2FSG	PST.2MSG|PST.2FSG	False	HIFIL
unvocalized	LX-c3b2b297b6:U2	LX-c3b2b297b6	הרגישו	2	PST.3PL|IMP.2MPL	PST.3PL	True	HIFIL
unvocalized	LX-c3b2b297b6:U3	LX-c3b2b297b6	תרגיש	2	FUT.2MSG|FUT.3FSG		False	HIFIL
unvocalized	LX-c3b2b297b6:U4	LX-c3b2b297b6	תרגשנה	2	FUT.2FPL|FUT.3FPL		False	HIFIL
unvocalized	LX-c4177147a0:U1	LX-c4177147a0	הרחת	2	PST.2MSG|PST.2FSG	PST.2MSG|PST.2FSG	False	HIFIL
unvocalized	LX-c4177147a0:U2	LX-c4177147a0	הריחו	2	PST.3PL|IMP.2MPL	PST.3PL	True	HIFIL
unvocalized	LX-c4177147a0:U3	LX-c4177147a0	תריח	2	FUT.2MSG|FUT.3FSG		False	HIFIL
unvocalized	LX-c4177147a0:U4	LX-c4177147a0	תרחנה	2	FUT.2FPL|FUT.3FPL		False	HIFIL
unvocalized	LX-c423043573:U1	LX-c423043573	ראית	2	PST.2MSG|PST.2FSG	PST.2MSG|PST.2FSG	False	PAAL
unvocalized	LX-c423043573:U2	LX-c423043573	ראה	2	PST.3MSG|IMP.2MSG	PST.3MSG	True	PAAL
unvocalized	LX-c423043573:U3	LX-c423043573	ראו	2	PST.3PL|IMP.2MPL	PST.3PL	True	PAAL
unvocalized	LX-c423043573:U4	LX-c423043573	רואה	2	PRS.MSG|PRS.FSG		False	PAAL
unvocalized	LX-c423043573:U5	LX-c423043573	תראה	2	FUT.2MSG|FUT.3FSG		False	PAAL
unvocalized	LX-c423043573:U6	LX-c423043573	תראינה	2	FUT.2FPL|FUT.3FPL		False	PAAL
unvocalized	LX-c431433be8:U1	LX-c431433be8	השתדלת	2	PST.2MSG|PST.2FSG	PST.2MSG|PST.2FSG	False	HITPAEL
unvocalized	LX-c431433be8:U2	LX-c431433be8	השתדל	2	PST.3MSG|IMP.2MSG	PST.3MSG	True	HITPAEL
unvocalized	LX-c431433be8:U3	LX-c431433be8	השתדלו	2	PST.3PL|IMP.2MPL	PST.3PL	True	HITPAEL
unvocalized	LX-c431433be8:U4	LX-c431433be8	תשתדל	2	FUT.2MSG|FUT.3FSG		False	HITPAEL
unvocalized	LX-c431433be8:U5	LX-c431433be8	תשתדלנה	2	FUT.2FPL|FUT.3FPL		False	HITPAEL
unvocalized	LX-c498149530:U1	LX-c498149530	שברת	2	PST.2MSG|PST.2FSG	PST.2MSG|PST.2FSG	False	PAAL
unvocalized	LX-c498149530:U2	LX-c498149530	שברו	2	PST.3PL|IMP.2MPL	PST.3PL	True	PAAL
unvocalized	LX-c498149530:U3	LX-c498149530	תשבור	2	FUT.2MSG|FUT.3FSG		False	PAAL
unvocalized	LX-c498149530:U4	LX-c498149530	תשבורנה	2	FUT.2FPL|FUT.3FPL		False	PAAL
unvocalized	LX-c4c8af1a81:U1	LX-c4c8af1a81	ביזבזת	2	PST.2MSG|PST.2FSG	PST.2MSG|PST.2FSG	False	PIEL
unvocalized	LX-c4c8af1a81:U2	LX-c4c8af1a81	תבזבז	2	FUT.2MSG|FUT.3FSG		False	PIEL
unvocalized	LX-c4c8af1a81:U3	LX-c4c8af1a81	תבזבזנה	2	FUT.2FPL|FUT.3FPL		False	PIEL
unvocalized	LX-c56987a72e:U1	LX-c56987a72e	חקרת	2	PST.2MSG|PST.2FSG	PST.2MSG|PST.2FSG	False	PAAL
unvocalized	LX-c56987a72e:U2	LX-c56987a72e	חקרו	2	PST.3PL|IMP.2MPL	PST.3PL	True	PAAL
unvocalized	LX-c56987a72e:U3	LX-c56987a72e	תחקור	2	FUT.2MSG|FUT.3FSG		False	PAAL
unvocalized	LX-c56987a72e:U4	LX-c56987a72e	תחקורנה	2	FUT.2FPL|FUT.3FPL		False	PAAL
unvocalized	LX-c5e586df34:U1	LX-c5e586df34	רצית	2	PST.2MSG|PST.2FSG	PST.2MSG|PST.2FSG	False	PAAL
unvocalized	LX-c5e586df34:U2	LX-c5e586df34	רצה	2	PST.3MSG|IMP.2MSG	PST.3MSG	True	PAAL
unvocalized	LX-c5e586df34:U3	LX-c5e586df34	רצו	2	PST.3PL|IMP.2MPL	PST.3PL	True	PAAL
unvocalized	LX-c5e586df34:U4	LX-c5e586df34	רוצה	2	PRS.MSG|PRS.FSG		False	PAAL
unvocalized	LX-c5e586df34:U5	LX-c5e586df34	תרצה	2	FUT.2MSG|FUT.3FSG		False	PAAL
unvocalized	LX-c5e586df34:U6	LX-c5e586df34	תרצינה	2	FUT.2FPL|FUT.3FPL		False	PAAL
unvocalized	LX-c5fa19b84d:U1	LX-c5fa19b84d	ליטפת	2	PST.2MSG|PST.2FSG	PST.2MSG|PST.2FSG	False	PIEL
unvocalized	LX-c5fa19b84d:U2	LX-c5fa19b84d	תלטף	2	FUT.2MSG|FUT.3FSG		False	PIEL
unvocalized	LX-c5fa19b84d:U3	LX-c5fa19b84d	תלטפנה	2	FUT.2FPL|FUT.3FPL		False	PIEL
unvocalized	LX-c6c5520e5b:U1	LX-c6c5520e5b	התנדבת	2	PST.2MSG|PST.2FSG	PST.2MSG|PST.2FSG	False	HITPAEL
unvocalized	LX-c6c5520e5b:U2	LX-c6c5520e5b	התנדב	2	PST.3MSG|IMP.2MSG	PST.3MSG	True	HITPAEL
unvocalized	LX-c6c5520e5b:U3	LX-c6c5520e5b	התנדבו	2	PST.3PL|IMP.2MPL	PST.3PL	True	HITPAEL
unvocalized	LX-c6c5520e5b:U4	LX-c6c5520e5b	תתנדב	2	FUT.2MSG|FUT.3FSG		False	HITPAEL
unvocalized	LX-c6c5520e5b:U5	LX-c6c5520e5b	תתנדבנה	2	FUT.2FPL|FUT.3FPL		False	HITPAEL
unvocalized	LX-c70f6633ad:U1	LX-c70f6633ad	השלמת	2	PST.2MSG|PST.2FSG	PST.2MSG|PST.2FSG	False	HIFIL
unvocalized	LX-c70f6633ad:U2	LX-c70f6633ad	השלימו	2	PST.3PL|IMP.2MPL	PST.3PL	True	HIFIL
unvocalized	LX-c70f6633ad:U3	LX-c70f6633ad	תשלים	2	FUT.2MSG|FUT.3FSG		False	HIFIL
unvocalized	LX-c70f6633ad:U4	LX-c70f6633ad	תשלמנה	2	FUT.2FPL|FUT.3FPL		False	HIFIL
unvocalized	LX-c77a638fe9:U1	LX-c77a638fe9	הוזכרת	2	PST.2MSG|PST.2FSG	PST.2MSG|PST.2FSG	False	HUFAL
unvocalized	LX-c77a638fe9:U2	LX-c77a638fe9	תוזכר	2	FUT.2MSG|FUT.3FSG		False	HUFAL
unvocalized	LX-c77a638fe9:U3	LX-c77a638fe9	תוזכרנה	2	FUT.2FPL|FUT.3FPL		False	HUFAL
unvocalized	LX-c7ccef968d:U1	LX-c7ccef968d	גנזת	2	PST.2MSG|PST.2FSG	PST.2MSG|PST.2FSG	False	PAAL
unvocalized	LX-c7ccef968d:U2	LX-c7ccef968d	גנזו	2	PST.3PL|IMP.2MPL	PST.3PL	True	PAAL
unvocalized	LX-c7ccef968d:U3	LX-c7ccef968d	תגנוז	2	FUT.2MSG|FUT.3FSG		False	PAAL
unvocalized	LX-c7ccef968d:U4	LX-c7ccef968d	תגנוזנה	2	FUT.2FPL|FUT.3FPL		False	PAAL
unvocalized	LX-c7e36dca16:U1	LX-c7e36dca16	הסכמת	2	PST.2MSG|PST.2FSG	PST.2MSG|PST.2FSG	False	HIFIL
unvocalized	LX-c7e36dca16:U2	LX-c7e36dca16	הסכימו	2	PST.3PL|IMP.2MPL	PST.3PL	True	HIFIL
unvocalized	LX-c7e36dca16:U3	LX-c7e36dca16	תסכים	2	FUT.2MSG|FUT.3FSG		False	HIFIL
unvocalized	LX-c7e36dca16:U4	LX-c7e36dca16	תסכמנה	2	FUT.2FPL|FUT.3FPL		False	HIFIL
unvocalized	LX-c7e5205e29:U1	LX-c7e5205e29	כיזבת	2	PST.2MSG|PST.2FSG	PST.2MSG|PST.2FSG	False	PIEL
unvocalized	LX-c7e5205e29:U2	LX-c7e5205e29	תכזב	2	FUT.2MSG|FUT.3FSG		False	PIEL
unvocalized	LX-c7e5205e29:U3	LX-c7e5205e29	תכזבנה	2	FUT.2FPL|FUT.3FPL		False	PIEL
unvocalized	LX-c7e5205e29:U4	LX-c7e5205e29	כזב	2	IMP.2MSG|MSDR		True	PIEL
unvocalized	LX-c80782e94b:U1	LX-c80782e94b	נמסות	3	PST.2MSG|PST.2FSG|PRS.FPL	PST.2MSG|PST.2FSG	True	NIFAL
unvocalized	LX-c80782e94b:U2	LX-c80782e94b	נמס	2	PST.3MSG|PRS.MSG	PST.3MSG	True	NIFAL
unvocalized	LX-c80782e94b:U3	LX-c80782e94b	נמסה	2	PST.3FSG|PRS.FSG	PST.3FSG	True	NIFAL
unvocalized	LX-c80782e94b:U4	LX-c80782e94b	תימס	2	FUT.2MSG|FUT.3FSG		False	NIFAL
unvocalized	LX-c80782e94b:U5	LX-c80782e94b	תימסנה	2	FUT.2FPL|FUT.3FPL		False	NIFAL
unvocalized	LX-c809c15e49:U1	LX-c809c15e49	ריחרחת	2	PST.2MSG|PST.2FSG	PST.2MSG|PST.2FSG	False	
unvocalized	LX-c809c15e49:U2	LX-c809c15e49	תרחרח	2	FUT.2MSG|FUT.3FSG		False	
unvocalized	LX-c809c15e49:U3	LX-c809c15e49	תרחרחנה	2	FUT.2FPL|FUT.3FPL		False	
unvocalized	LX-c87515b843:U1	LX-c87515b843	לחשת	2	PST.2MSG|PST.2FSG	PST.2MSG|PST.2FSG	False	PAAL
unvocalized	LX-c87515b843:U2	LX-c87515b843	לחש	2	PST.3MSG|IMP.2MSG	PST.3MSG	True	PAAL
unvocalized	LX-c87515b843:U3	LX-c87515b843	לחשו	2	PST.3PL|IMP.2MPL	PST.3PL	True	PAAL
unvocalized	LX-c87515b843:U4	LX-c87515b843	תלחש	2	FUT.2MSG|FUT.3FSG		False	PAAL
unvocalized	LX-c87515b843:U5	LX-c87515b843	תלחשנה	2	FUT.2FPL|FUT.3FPL		False	PAAL
unvocalized	LX-c8a5d92ac7:U1	LX-c8a5d92ac7	הינקת	2	PST.2MSG|PST.2FSG	PST.2MSG|PST.2FSG	False	HIFIL
unvocalized	LX-c8a5d92ac7:U2	LX-c8a5d92ac7	היניקו	2	PST.3PL|IMP.2MPL	PST.3PL	True	HIFIL
unvocalized	LX-c8a5d92ac7:U3	LX-c8a5d92ac7	תיניק	2	FUT.2MSG|FUT.3FSG		False	HIFIL
unvocalized	LX-c8a5d92ac7:U4	LX-c8a5d92ac7	תינקנה	2	FUT.2FPL|FUT.3FPL		False	HIFIL
unvocalized	LX-c8a888740b:U1	LX-c8a888740b	בילבלת	2	PST.2MSG|PST.2FSG	PST.2MSG|PST.2FSG	False	PIEL
unvocalized	LX-c8a888740b:U2	LX-c8a888740b	תבלבל	2	FUT.2MSG|FUT.3FSG		False	PIEL
unvocalized	LX-c8a888740b:U3	LX-c8a888740b	תבלבלנה	2	FUT.2FPL|FUT.3FPL		False	PIEL
unvocalized	LX-c9203ff974:U1	LX-c9203ff974	השתמשת	2	PST.2MSG|PST.2FSG	PST.2MSG|PST.2FSG	False	HITPAEL
unvocalized	LX-c9203ff974:U2	LX-c9203ff974	השתמש	2	PST.3MSG|IMP.2MSG	PST.3MSG	True	HITPAEL
unvocalized	LX-c9203ff974:U3	LX-c9203ff974	השתמשו	2	PST.3PL|IMP.2MPL	PST.3PL	True	HITPAEL
unvocalized	LX-c9203ff974:U4	LX-c9203ff974	תשתמש	2	FUT.2MSG|FUT.3FSG		False	HITPAEL
unvocalized	LX-c9203ff974:U5	LX-c9203ff974	תשתמשנה	2	FUT.2FPL|FUT.3FPL		False	HITPAEL
unvocalized	LX-c9603c82d9:U1	LX-c9603c82d9	זרחת	2	PST.2MSG|PST.2FSG	PST.2MSG|PST.2FSG	False	PAAL
unvocalized	LX-c9603c82d9:U2	LX-c9603c82d9	זרח	2	PST.3MSG|IMP.2MSG	PST.3MSG	True	PAAL
unvocalized	LX-c9603c82d9:U3	LX-c9603c82d9	זרחו	2	PST.3PL|IMP.2MPL	PST.3PL	True	PAAL
unvocalized	LX-c9603c82d9:U4	LX-c9603c82d9	תזרח	2	FUT.2MSG|FUT.3FSG		False	PAAL
unvocalized	LX-c9603c82d9:U5	LX-c9603c82d9	תזרחנה	2	FUT.2FPL|FUT.3FPL		False	PAAL
unvocalized	LX-c979d80b1d:U1	LX-c979d80b1d	שוחחת	2	PST.2MSG|PST.2FSG	PST.2MSG|PST.2FSG	False	PIEL
unvocalized	LX-c979d80b1d:U2	LX-c979d80b1d	שוחח	2	PST.3MSG|IMP.2MSG	PST.3MSG	True	PIEL
unvocalized	LX-c979d80b1d:U3	LX-c979d80b1d	שוחחו	2	PST.3PL|IMP.2MPL	PST.3PL	True	PIEL
unvocalized	LX-c979d80b1d:U4	LX-c979d80b1d	תשוחח	2	FUT.2MSG|FUT.3FSG		False	PIEL
unvocalized	LX-c979d80b1d:U5	LX-c979d80b1d	תשוחחנה	2	FUT.2FPL|FUT.3FPL		False	PIEL
unvocalized	LX-c9a5b2736d:U1	LX-c9a5b2736d	הימנת	2	PST.2MSG|PST.2FSG	PST.2MSG|PST.2FSG	False	HIFIL
unvocalized	LX-c9a5b2736d:U2	LX-c9a5b2736d	הימינו	2	PST.3PL|IMP.2MPL	PST.3PL	True	HIFIL
unvocalized	LX-c9a5b2736d:U3	LX-c9a5b2736d	תימין	2	FUT.2MSG|FUT.3FSG		False	HIFIL
unvocalized	LX-c9a5b2736d:U4	LX-c9a5b2736d	תימנה	2	FUT.2FPL|FUT.3FPL		False	HIFIL
unvocalized	LX-c9c893c95f:U1	LX-c9c893c95f	סתרת	2	PST.2MSG|PST.2FSG	PST.2MSG|PST.2FSG	False	PAAL
unvocalized	LX-c9c893c95f:U2	LX-c9c893c95f	סתרו	2	PST.3PL|IMP.2MPL	PST.3PL	True	PAAL
unvocalized	LX-c9c893c95f:U3	LX-c9c893c95f	תסתור	2	FUT.2MSG|FUT.3FSG		False	PAAL
unvocalized	LX-c9c893c95f:U4	LX-c9c893c95f	תסתורנה	2	FUT.2FPL|FUT.3FPL		False	PAAL
unvocalized	LX-c9f52c0679:U1	LX-c9f52c0679	ריצדת	2	PST.2MSG|PST.2FSG	PST.2MSG|PST.2FSG	False	PAAL
unvocalized	LX-c9f52c0679:U2	LX-c9f52c0679	תרצד	2	FUT.2MSG|FUT.3FSG		False	PAAL
unvocalized	LX-c9f52c0679:U3	LX-c9f52c0679	תרצדנה	2	FUT.2FPL|FUT.3FPL		False	PAAL
unvocalized	LX-c9fa5fb2eb:U1	LX-c9fa5fb2eb	בלמת	2	PST.2MSG|PST.2FSG	PST.2MSG|PST.2FSG	False	PAAL
unvocalized	LX-c9fa5fb2eb:U2	LX-c9fa5fb2eb	בלמו	2	PST.3PL|IMP.2MPL	PST.3PL	True	PAAL
unvocalized	LX-c9fa5fb2eb:U3	LX-c9fa5fb2eb	תבלום	2	FUT.2MSG|FUT.3FSG		False	PAAL
unvocalized	LX-c9fa5fb2eb:U4	LX-c9fa5fb2eb	תבלומנה	2	FUT.2FPL|FUT.3FPL		False	PAAL
unvocalized	LX-ca3adcaa91:U1	LX-ca3adcaa91	שיחדת	2	PST.2MSG|PST.2FSG	PST.2MSG|PST.2FSG	False	PIEL
unvocalized	LX-ca3adcaa91:U2	LX-ca3adcaa91	תשחד	2	FUT.2MSG|FUT.3FSG		False	PIEL
unvocalized	LX-ca3adcaa91:U3	LX-ca3adcaa91	תשחדנה	2	FUT.2FPL|FUT.3FPL		False	PIEL
unvocalized	LX-ca66f4d375:U1	LX-ca66f4d375	התחממת	2	PST.2MSG|PST.2FSG	PST.2MSG|PST.2FSG	False	HITPAEL
unvocalized	LX-ca66f4d375:U2	LX-ca66f4d375	התחמם	2	PST.3MSG|IMP.2MSG	PST.3MSG	True	HITPAEL
unvocalized	LX-ca66f4d375:U3	LX-ca66f4d375	התחממו	2	PST.3PL|IMP.2MPL	PST.3PL	True	HITPAEL
unvocalized	LX-ca66f4d375:U4	LX-ca66f4d375	תתחמם	2	FUT.2MSG|FUT.3FSG		False	HITPAEL
unvocalized	LX-ca66f4d375:U5	LX-ca66f4d375	תתחממנה	2	FUT.2FPL|FUT.3FPL		False	HITPAEL
unvocalized	LX-ca90f091bd:U1	LX-ca90f091bd	חיממת	2	PST.2MSG|PST.2FSG	PST.2MSG|PST.2FSG	False	PIEL
unvocalized	LX-ca90f091bd:U2	LX-ca90f091bd	תחמם	2	FUT.2MSG|FUT.3FSG		False	PIEL
unvocalized	LX-ca90f091bd:U3	LX-ca90f091bd	תחממנה	2	FUT.2FPL|FUT.3FPL		False	PIEL
unvocalized	LX-ca93468c6e:U1	LX-ca93468c6e	הבדלת	2	PST.2MSG|PST.2FSG	PST.2MSG|PST.2FSG	False	HIFIL
unvocalized	LX-ca93468c6e:U2	LX-ca93468c6e	הבדילו	2	PST.3PL|IMP.2MPL	PST.3PL	True	HIFIL
unvocalized	LX-ca93468c6e:U3	LX-ca93468c6e	תבדיל	2	FUT.2MSG|FUT.3FSG		False	HIFIL
unvocalized	LX-ca93468c6e:U4	LX-ca93468c6e	תבדלנה	2	FUT.2FPL|FUT.3FPL		False	HIFIL
unvocalized	LX-caa5d9467a:U1	LX-caa5d9467a	הוכנת	2	PST.2MSG|PST.2FSG	PST.2MSG|PST.2FSG	False	HUFAL
unvocalized	LX-caa5d9467a:U2	LX-caa5d9467a	הוכנו	2	PST.1PL|PST.3PL	PST.1PL|PST.3PL	False	HUFAL
unvocalized	LX-caa5d9467a:U3	LX-caa5d9467a	תוכן	2	FUT.2MSG|FUT.3FSG		False	HUFAL
unvocalized	LX-caa5d9467a:U4	LX-caa5d9467a	תוכנה	2	FUT.2FPL|FUT.3FPL		False	HUFAL
unvocalized	LX-caf5449955:U1	LX-caf5449955	התחרטת	2	PST.2MSG|PST.2FSG	PST.2MSG|PST.2FSG	False	
unvocalized	LX-caf5449955:U2	LX-caf5449955	התחרט	2	PST.3MSG|IMP.2MSG	PST.3MSG	True	
unvocalized	LX-caf5449955:U3	LX-caf5449955	התחרטו	2	PST.3PL|IMP.2MPL	PST.3PL	True	
unvocalized	LX-caf5449955:U4	LX-caf5449955	תתחרט	2	FUT.2MSG|FUT.3FSG		False	
unvocalized	LX-caf5449955:U5	LX-caf5449955	תתחרטנה	2	FUT.2FPL|FUT.3FPL		False	
unvocalized	LX-cb3830c820:U1	LX-cb3830c820	סימנת	2	PST.2MSG|PST.2FSG	PST.2MSG|PST.2FSG	False	
unvocalized	LX-cb3830c820:U2	LX-cb3830c820	סימנו	2	PST.1PL|PST.3PL	PST.1PL|PST.3PL	False	
unvocalized	LX-cb3830c820:U3	LX-cb3830c820	תסמן	2	FUT.2MSG|FUT.3FSG		False	
unvocalized	LX-cb3830c820:U4	LX-cb3830c820	תסמנה	2	FUT.2FPL|FUT.3FPL		False	
unvocalized	LX-cb3cae2754:U1	LX-cb3cae2754	גרת	2	PST.2MSG|PST.2FSG	PST.2MSG|PST.2FSG	False	PAAL
unvocalized	LX-cb3cae2754:U2	LX-cb3cae2754	גר	2	PST.3MSG|PRS.MSG	PST.3MSG	True	PAAL
unvocalized	LX-cb3cae2754:U3	LX-cb3cae2754	גרה	2	PST.3FSG|PRS.FSG	PST.3FSG	True	PAAL
unvocalized	LX-cb3cae2754:U4	LX-cb3cae2754	תגור	2	FUT.2MSG|FUT.3FSG		False	PAAL
unvocalized	LX-cb3cae2754:U5	LX-cb3cae2754	תגורנה	2	FUT.2FPL|FUT.3FPL		False	PAAL
unvocalized	LX-cba29fbefd:U1	LX-cba29fbefd	ישבת	2	PST.2MSG|PST.2FSG	PST.2MSG|PST.2FSG	False	PAAL
unvocalized	LX-cba29fbefd:U2	LX-cba29fbefd	ישב	2	PST.3MSG|FUT.3MSG	PST.3MSG	True	PAAL
unvocalized	LX-cba29fbefd:U3	LX-cba29fbefd	ישבו	2	PST.3PL|FUT.3MPL	PST.3PL	True	PAAL
unvocalized	LX-cba29fbefd:U4	LX-cba29fbefd	תשב	2	FUT.2MSG|FUT.3FSG		False	PAAL
unvocalized	LX-cba29fbefd:U5	LX-cba29fbefd	תשבנה	2	FUT.2FPL|FUT.3FPL		False	PAAL
unvocalized	LX-cbdb386c05:U1	LX-cbdb386c05	רקדת	2	PST.2MSG|PST.2FSG	PST.2MSG|PST.2FSG	False	PAAL
unvocalized	LX-cbdb386c05:U2	LX-cbdb386c05	רקדו	2	PST.3PL|IMP.2MPL	PST.3PL	True	PAAL
unvocalized	LX-cbdb386c05:U3	LX-cbdb386c05	תרקוד	2	FUT.2MSG|FUT.3FSG		False	PAAL
unvocalized	LX-cbdb386c05:U4	LX-cbdb386c05	תרקודנה	2	FUT.2FPL|FUT.3FPL		False	PAAL
unvocalized	LX-cc0b52fbbd:U1	LX-cc0b52fbbd	קברת	2	PST.2MSG|PST.2FSG	PST.2MSG|PST.2FSG	False	PAAL
unvocalized	LX-cc0b52fbbd:U2	LX-cc0b52fbbd	קברו	2	PST.3PL|IMP.2MPL	PST.3PL	True	PAAL
unvocalized	LX-cc0b52fbbd:U3	LX-cc0b52fbbd	תקבור	2	FUT.2MSG|FUT.3FSG		False	PAAL
unvocalized	LX-cc0b52fbbd:U4	LX-cc0b52fbbd	תקבורנה	2	FUT.2FPL|FUT.3FPL		False	PAAL
unvocalized	LX-cc671cd248:U1	LX-cc671cd248	נכנסת	3	PST.2MSG|PST.2FSG|PRS.FSG	PST.2MSG|PST.2FSG	True	NIFAL
unvocalized	LX-cc671cd248:U2	LX-cc671cd248	נכנס	2	PST.3MSG|PRS.MSG	PST.3MSG	True	NIFAL
unvocalized	LX-cc671cd248:U3	LX-cc671cd248	תיכנס	2	FUT.2MSG|FUT.3FSG		False	NIFAL
unvocalized	LX-cc671cd248:U4	LX-cc671cd248	תיכנסנה	2	FUT.2FPL|FUT.3FPL		False	NIFAL
unvocalized	LX-ccbea17ae7:U1	LX-ccbea17ae7	משחת	2	PST.2MSG|PST.2FSG	PST.2MSG|PST.2FSG	False	PAAL
unvocalized	LX-ccbea17ae7:U2	LX-ccbea17ae7	משח	2	PST.3MSG|IMP.2MSG	PST.3MSG	True	PAAL
unvocalized	LX-ccbea17ae7:U3	LX-ccbea17ae7	משחו	2	PST.3PL|IMP.2MPL	PST.3PL	True	PAAL
unvocalized	LX-ccbea17ae7:U4	LX-ccbea17ae7	תמשח	2	FUT.2MSG|FUT.3FSG		False	PAAL
unvocalized	LX-ccbea17ae7:U5	LX-ccbea17ae7	תמשחנה	2	FUT.2FPL|FUT.3FPL		False	PAAL
unvocalized	LX-ccdfd26a66:U1	LX-ccdfd26a66	נמצאת	3	PST.2MSG|PST.2FSG|PRS.FSG	PST.2MSG|PST.2FSG	True	NIFAL
unvocalized	LX-ccdfd26a66:U2	LX-ccdfd26a66	נמצא	2	PST.3MSG|PRS.MSG	PST.3MSG	True	NIFAL
unvocalized	LX-ccdfd26a66:U3	LX-ccdfd26a66	תימצא	2	FUT.2MSG|FUT.3FSG		False	NIFAL
unvocalized	LX-ccdfd26a66:U4	LX-ccdfd26a66	תימצאנה	2	FUT.2FPL|FUT.3FPL		False	NIFAL
unvocalized	LX-cd0c117aac:U1	LX-cd0c117aac	ביכית	2	PST.2MSG|PST.2FSG	PST.2MSG|PST.2FSG	False	PIEL
unvocalized	LX-cd0c117aac:U2	LX-cd0c117aac	מבכה	2	PRS.MSG|PRS.FSG		False	PIEL
unvocalized	LX-cd0c117aac:U3	LX-cd0c117aac	תבכה	2	FUT.2MSG|FUT.3FSG		False	PIEL
unvocalized	LX-cd0c117aac:U4	LX-cd0c117aac	תבכינה	2	FUT.2FPL|FUT.3FPL		False	PIEL
unvocalized	LX-cd21b2a15b:U1	LX-cd21b2a15b	נעלת	2	PST.2MSG|PST.2FSG	PST.2MSG|PST.2FSG	False	PAAL
unvocalized	LX-cd21b2a15b:U2	LX-cd21b2a15b	נעל	2	PST.3MSG|IMP.2MSG	PST.3MSG	True	PAAL
unvocalized	LX-cd21b2a15b:U3	LX-cd21b2a15b	נעלו	2	PST.3PL|IMP.2MPL	PST.3PL	True	PAAL
unvocalized	LX-cd21b2a15b:U4	LX-cd21b2a15b	תנעל	2	FUT.2MSG|FUT.3FSG		False	PAAL
unvocalized	LX-cd21b2a15b:U5	LX-cd21b2a15b	תנעלנה	2	FUT.2FPL|FUT.3FPL		False	PAAL
unvocalized	LX-cdb366ab36:U1	LX-cdb366ab36	התפללת	2	PST.2MSG|PST.2FSG	PST.2MSG|PST.2FSG	False	HITPAEL
unvocalized	LX-cdb366ab36:U2	LX-cdb366ab36	התפלל	2	PST.3MSG|IMP.2MSG	PST.3MSG	True	HITPAEL
unvocalized	LX-cdb366ab36:U3	LX-cdb366ab36	התפללו	2	PST.3PL|IMP.2MPL	PST.3PL	True	HITPAEL
unvocalized	LX-cdb366ab36:U4	LX-cdb366ab36	תתפלל	2	FUT.2MSG|FUT.3FSG		False	HITPAEL
unvocalized	LX-cdb366ab36:U5	LX-cdb366ab36	תתפללנה	2	FUT.2FPL|FUT.3FPL		False	HITPAEL
unvocalized	LX-ce0a640291:U1	LX-ce0a640291	נתת	2	PST.2MSG|PST.2FSG	PST.2MSG|PST.2FSG	False	PAAL
unvocalized	LX-ce0a640291:U2	LX-ce0a640291	נתנו	2	PST.1PL|PST.3PL	PST.1PL|PST.3PL	False	PAAL
unvocalized	LX-ce0a640291:U3	LX-ce0a640291	תיתן	2	FUT.2MSG|FUT.3FSG		False	PAAL
unvocalized	LX-ce0a640291:U4	LX-ce0a640291	תיתנה	2	FUT.2FPL|FUT.3FPL		False	PAAL
unvocalized	LX-ce1ade4176:U1	LX-ce1ade4176	שיחררת	2	PST.2MSG|PST.2FSG	PST.2MSG|PST.2FSG	False	PIEL
unvocalized	LX-ce1ade4176:U2	LX-ce1ade4176	תשחרר	2	FUT.2MSG|FUT.3FSG		False	PIEL
unvocalized	LX-ce1ade4176:U3	LX-ce1ade4176	תשחררנה	2	FUT.2FPL|FUT.3FPL		False	PIEL
unvocalized	LX-ce6c008b8b:U1	LX-ce6c008b8b	פישלת	2	PST.2MSG|PST.2FSG	PST.2MSG|PST.2FSG	False	
unvocalized	LX-ce6c008b8b:U2	LX-ce6c008b8b	תפשל	2	FUT.2MSG|FUT.3FSG		False	
unvocalized	LX-ce6c008b8b:U3	LX-ce6c008b8b	תפשלנה	2	FUT.2FPL|FUT.3FPL		False	
unvocalized	LX-ce89cee166:U1	LX-ce89cee166	הובלת	2	PST.2MSG|PST.2FSG	PST.2MSG|PST.2FSG	False	HUFAL
unvocalized	LX-ce89cee166:U2	LX-ce89cee166	תובל	2	FUT.2MSG|FUT.3FSG		False	HUFAL
unvocalized	LX-ce89cee166:U3	LX-ce89cee166	תובלנה	2	FUT.2FPL|FUT.3FPL		False	HUFAL
unvocalized	LX-ced0f34dcc:U1	LX-ced0f34dcc	איימת	2	PST.2MSG|PST.2FSG	PST.2MSG|PST.2FSG	False	PIEL
unvocalized	LX-ced0f34dcc:U2	LX-ced0f34dcc	איים	2	PST.3MSG|IMP.2MSG	PST.3MSG	True	PIEL
unvocalized	LX-ced0f34dcc:U3	LX-ced0f34dcc	איימו	2	PST.3PL|IMP.2MPL	PST.3PL	True	PIEL
unvocalized	LX-ced0f34dcc:U4	LX-ced0f34dcc	תאיים	2	FUT.2MSG|FUT.3FSG		False	PIEL
unvocalized	LX-ced0f34dcc:U5	LX-ced0f34dcc	תאיימנה	2	FUT.2FPL|FUT.3FPL		False	PIEL
unvocalized	LX-ceeec4b77e:U1	LX-ceeec4b77e	פיארת	2	PST.2MSG|PST.2FSG	PST.2MSG|PST.2FSG	False	PIEL
unvocalized	LX-ceeec4b77e:U2	LX-ceeec4b77e	תפאר	2	FUT.2MSG|FUT.3FSG		False	PIEL
unvocalized	LX-ceeec4b77e:U3	LX-ceeec4b77e	תפארנה	2	FUT.2FPL|FUT.3FPL		False	PIEL
unvocalized	LX-cf3a338b24:U1	LX-cf3a338b24	חסת	2	PST.2MSG|PST.2FSG	PST.2MSG|PST.2FSG	False	PAAL
unvocalized	LX-cf3a338b24:U2	LX-cf3a338b24	חס	2	PST.3MSG|PRS.MSG	PST.3MSG	True	PAAL
unvocalized	LX-cf3a338b24:U3	LX-cf3a338b24	חסה	2	PST.3FSG|PRS.FSG	PST.3FSG	True	PAAL
unvocalized	LX-cf3a338b24:U4	LX-cf3a338b24	תחוס	2	FUT.2MSG|FUT.3FSG		False	PAAL
unvocalized	LX-cf3a338b24:U5	LX-cf3a338b24	תחוסנה	2	FUT.2FPL|FUT.3FPL		False	PAAL
unvocalized	LX-cf42f5d720:U1	LX-cf42f5d720	התאמנת	2	PST.2MSG|PST.2FSG	PST.2MSG|PST.2FSG	False	HITPAEL
unvocalized	LX-cf42f5d720:U2	LX-cf42f5d720	התאמן	2	PST.3MSG|IMP.2MSG	PST.3MSG	True	HITPAEL
unvocalized	LX-cf42f5d720:U3	LX-cf42f5d720	התאמנה	2	PST.3FSG|IMP.2FPL	PST.3FSG	True	HITPAEL
unvocalized	LX-cf42f5d720:U4	LX-cf42f5d720	התאמנו	3	PST.1PL|PST.3PL|IMP.2MPL	PST.1PL|PST.3PL	True	HITPAEL
unvocalized	LX-cf42f5d720:U5	LX-cf42f5d720	תתאמן	2	FUT.2MSG|FUT.3FSG		False	HITPAEL
unvocalized	LX-cf42f5d720:U6	LX-cf42f5d720	תתאמנה	2	FUT.2FPL|FUT.3FPL		False	HITPAEL
unvocalized	LX-cfb75fb8a2:U1	LX-cfb75fb8a2	נשקת	2	PST.2MSG|PST.2FSG	PST.2MSG|PST.2FSG	False	PAAL
unvocalized	LX-cfb75fb8a2:U2	LX-cfb75fb8a2	תישק	2	FUT.2MSG|FUT.3FSG		False	PAAL
unvocalized	LX-cfb75fb8a2:U3	LX-cfb75fb8a2	תישקנה	2	FUT.2FPL|FUT.3FPL		False	PAAL
unvocalized	LX-cfdfc400fd:U1	LX-cfdfc400fd	עקבת	2	PST.2MSG|PST.2FSG	PST.2MSG|PST.2FSG	False	PAAL
unvocalized	LX-cfdfc400fd:U2	LX-cfdfc400fd	עקבו	2	PST.3PL|IMP.2MPL	PST.3PL	True	PAAL
unvocalized	LX-cfdfc400fd:U3	LX-cfdfc400fd	תעקוב	2	FUT.2MSG|FUT.3FSG		False	PAAL
unvocalized	LX-cfdfc400fd:U4	LX-cfdfc400fd	תעקובנה	2	FUT.2FPL|FUT.3FPL		False	PAAL
unvocalized	LX-cff72e0868:U1	LX-cff72e0868	שטפת	2	PST.2MSG|PST.2FSG	PST.2MSG|PST.2FSG	False	PAAL
unvocalized	LX-cff72e0868:U2	LX-cff72e0868	שטפו	2	PST.3PL|IMP.2MPL	PST.3PL	True	PAAL
unvocalized	LX-cff72e0868:U3	LX-cff72e0868	תשטוף	2	FUT.2MSG|FUT.3FSG		False	PAAL
unvocalized	LX-cff72e0868:U4	LX-cff72e0868	תשטופנה	2	FUT.2FPL|FUT.3FPL		False	PAAL
unvocalized	LX-d00cc5ab8c:U1	LX-d00cc5ab8c	מנית	2	PST.2MSG|PST.2FSG	PST.2MSG|PST.2FSG	False	PAAL
unvocalized	LX-d00cc5ab8c:U2	LX-d00cc5ab8c	מנה	2	PST.3MSG|IMP.2MSG	PST.3MSG	True	PAAL
unvocalized	LX-d00cc5ab8c:U3	LX-d00cc5ab8c	מנו	2	PST.3PL|IMP.2MPL	PST.3PL	True	PAAL
unvocalized	LX-d00cc5ab8c:U4	LX-d00cc5ab8c	מונה	2	PRS.MSG|PRS.FSG		False	PAAL
unvocalized	LX-d00cc5ab8c:U5	LX-d00cc5ab8c	תמנה	2	FUT.2MSG|FUT.3FSG		False	PAAL
unvocalized	LX-d00cc5ab8c:U6	LX-d00cc5ab8c	תמנינה	2	FUT.2FPL|FUT.3FPL		False	PAAL
unvocalized	LX-d02bdb95db:U1	LX-d02bdb95db	התקרחת	2	PST.2MSG|PST.2FSG	PST.2MSG|PST.2FSG	False	HITPAEL
unvocalized	LX-d02bdb95db:U2	LX-d02bdb95db	התקרח	2	PST.3MSG|IMP.2MSG	PST.3MSG	True	HITPAEL
unvocalized	LX-d02bdb95db:U3	LX-d02bdb95db	התקרחו	2	PST.3PL|IMP.2MPL	PST.3PL	True	HITPAEL
unvocalized	LX-d02bdb95db:U4	LX-d02bdb95db	תתקרח	2	FUT.2MSG|FUT.3FSG		False	HITPAEL
unvocalized	LX-d02bdb95db:U5	LX-d02bdb95db	תתקרחנה	2	FUT.2FPL|FUT.3FPL		False	HITPAEL
unvocalized	LX-d0c538f1c2:U1	LX-d0c538f1c2	השתזפת	2	PST.2MSG|PST.2FSG	PST.2MSG|PST.2FSG	False	
unvocalized	LX-d0c538f1c2:U2	LX-d0c538f1c2	השתזף	2	PST.3MSG|IMP.2MSG	PST.3MSG	True	
unvocalized	LX-d0c538f1c2:U3	LX-d0c538f1c2	השתזפו	2	PST.3PL|IMP.2MPL	PST.3PL	True	
unvocalized	LX-d0c538f1c2:U4	LX-d0c538f1c2	תשתזף	2	FUT.2MSG|FUT.3FSG		False	
unvocalized	LX-d0c538f1c2:U5	LX-d0c538f1c2	תשתזפנה	2	FUT.2FPL|FUT.3FPL		False	
unvocalized	LX-d0cbfb1ff3:U1	LX-d0cbfb1ff3	אגרת	2	PST.2MSG|PST.2FSG	PST.2MSG|PST.2FSG	False	PAAL
unvocalized	LX-d0cbfb1ff3:U2	LX-d0cbfb1ff3	אגרו	2	PST.3PL|IMP.2MPL	PST.3PL	True	PAAL
unvocalized	LX-d0cbfb1ff3:U3	LX-d0cbfb1ff3	תאגור	2	FUT.2MSG|FUT.3FSG		False	PAAL
unvocalized	LX-d0cbfb1ff3:U4	LX-d0cbfb1ff3	תאגורנה	2	FUT.2FPL|FUT.3FPL		False	PAAL
unvocalized	LX-d120856cac:U1	LX-d120856cac	הקטרת	2	PST.2MSG|PST.2FSG	PST.2MSG|PST.2FSG	False	
unvocalized	LX-d120856cac:U2	LX-d120856cac	הקטירו	2	PST.3PL|IMP.2MPL	PST.3PL	True	
unvocalized	LX-d120856cac:U3	LX-d120856cac	תקטיר	2	FUT.2MSG|FUT.3FSG		False	
unvocalized	LX-d120856cac:U4	LX-d120856cac	תקטרנה	2	FUT.2FPL|FUT.3FPL		False	
unvocalized	LX-d14f973955:U1	LX-d14f973955	הורגשת	2	PST.2MSG|PST.2FSG	PST.2MSG|PST.2FSG	False	HUFAL
unvocalized	LX-d14f973955:U2	LX-d14f973955	תורגש	2	FUT.2MSG|FUT.3FSG		False	HUFAL
unvocalized	LX-d14f973955:U3	LX-d14f973955	תורגשנה	2	FUT.2FPL|FUT.3FPL		False	HUFAL
unvocalized	LX-d17a23d201:U1	LX-d17a23d201	טילטלת	2	PST.2MSG|PST.2FSG	PST.2MSG|PST.2FSG	False	PIEL
unvocalized	LX-d17a23d201:U2	LX-d17a23d201	תטלטל	2	FUT.2MSG|FUT.3FSG		False	PIEL
unvocalized	LX-d17a23d201:U3	LX-d17a23d201	תטלטלנה	2	FUT.2FPL|FUT.3FPL		False	PIEL
unvocalized	LX-d1901793de:U1	LX-d1901793de	נשבעת	3	PST.2MSG|PST.2FSG|PRS.FSG	PST.2MSG|PST.2FSG	True	NIFAL
unvocalized	LX-d1901793de:U2	LX-d1901793de	נשבע	2	PST.3MSG|PRS.MSG	PST.3MSG	True	NIFAL
unvocalized	LX-d1901793de:U3	LX-d1901793de	תישבע	2	FUT.2MSG|FUT.3FSG		False	NIFAL
unvocalized	LX-d1901793de:U4	LX-d1901793de	תישבענה	2	FUT.2FPL|FUT.3FPL		False	NIFAL
unvocalized	LX-d1af4c4396:U1	LX-d1af4c4396	נהרת	2	PST.2MSG|PST.2FSG	PST.2MSG|PST.2FSG	False	PAAL
unvocalized	LX-d1af4c4396:U2	LX-d1af4c4396	נהר	2	PST.3MSG|IMP.2MSG	PST.3MSG	True	PAAL
unvocalized	LX-d1af4c4396:U3	LX-d1af4c4396	נהרו	2	PST.3PL|IMP.2MPL	PST.3PL	True	PAAL
unvocalized	LX-d1af4c4396:U4	LX-d1af4c4396	תנהר	2	FUT.2MSG|FUT.3FSG		False	PAAL
unvocalized	LX-d1af4c4396:U5	LX-d1af4c4396	תנהרנה	2	FUT.2FPL|FUT.3FPL		False	PAAL
unvocalized	LX-d284aaf979:U1	LX-d284aaf979	התגלגלת	2	PST.2MSG|PST.2FSG	PST.2MSG|PST.2FSG	False	HITPAEL
unvocalized	LX-d284aaf979:U2	LX-d284aaf979	התגלגל	2	PST.3MSG|IMP.2MSG	PST.3MSG	True	HITPAEL
unvocalized	LX-d284aaf979:U3	LX-d284aaf979	התגלגלו	2	PST.3PL|IMP.2MPL	PST.3PL	True	HITPAEL
unvocalized	LX-d284aaf979:U4	LX-d284aaf979	תתגלגל	2	FUT.2MSG|FUT.3FSG		False	HITPAEL
unvocalized	LX-d284aaf979:U5	LX-d284aaf979	תתגלגלנה	2	FUT.2FPL|FUT.3FPL		False	HITPAEL
unvocalized	LX-d2a3bcec99:U1	LX-d2a3bcec99	הוספת	2	PST.2MSG|PST.2FSG	PST.2MSG|PST.2FSG	False	HUFAL
unvocalized	LX-d2a3bcec99:U2	LX-d2a3bcec99	תוסף	2	FUT.2MSG|FUT.3FSG		False	HUFAL
unvocalized	LX-d2a3bcec99:U3	LX-d2a3bcec99	תוספנה	2	FUT.2FPL|FUT.3FPL		False	HUFAL
unvocalized	LX-d30e019b1c:U1	LX-d30e019b1c	ניצרת	2	PST.2MSG|PST.2FSG	PST.2MSG|PST.2FSG	False	
unvocalized	LX-d30e019b1c:U2	LX-d30e019b1c	תנצר	2	FUT.2MSG|FUT.3FSG		False	
unvocalized	LX-d30e019b1c:U3	LX-d30e019b1c	תנצרנה	2	FUT.2FPL|FUT.3FPL		False	
unvocalized	LX-d335ed95d8:U1	LX-d335ed95d8	צבעת	2	PST.2MSG|PST.2FSG	PST.2MSG|PST.2FSG	False	PAAL
unvocalized	LX-d335ed95d8:U2	LX-d335ed95d8	צבע	2	PST.3MSG|IMP.2MSG	PST.3MSG	True	PAAL
unvocalized	LX-d335ed95d8:U3	LX-d335ed95d8	צבעו	2	PST.3PL|IMP.2MPL	PST.3PL	True	PAAL
unvocalized	LX-d335ed95d8:U4	LX-d335ed95d8	תצבע	2	FUT.2MSG|FUT.3FSG		False	PAAL
unvocalized	LX-d335ed95d8:U5	LX-d335ed95d8	תצבענה	2	FUT.2FPL|FUT.3FPL		False	PAAL
unvocalized	LX-d38eacbf0b:U1	LX-d38eacbf0b	שימרת	2	PST.2MSG|PST.2FSG	PST.2MSG|PST.2FSG	False	PIEL
unvocalized	LX-d38eacbf0b:U2	LX-d38eacbf0b	תשמר	2	FUT.2MSG|FUT.3FSG		False	PIEL
unvocalized	LX-d38eacbf0b:U3	LX-d38eacbf0b	תשמרנה	2	FUT.2FPL|FUT.3FPL		False	PIEL
unvocalized	LX-d3c5e99129:U1	LX-d3c5e99129	הפכת	2	PST.2MSG|PST.2FSG	PST.2MSG|PST.2FSG	False	PAAL
unvocalized	LX-d3c5e99129:U2	LX-d3c5e99129	הפכו	2	PST.3PL|IMP.2MPL	PST.3PL	True	PAAL
unvocalized	LX-d3c5e99129:U3	LX-d3c5e99129	תהפוך	2	FUT.2MSG|FUT.3FSG		False	PAAL
unvocalized	LX-d3c5e99129:U4	LX-d3c5e99129	תהפוכנה	2	FUT.2FPL|FUT.3FPL		False	PAAL
unvocalized	LX-d3c798d66c:U1	LX-d3c798d66c	הזמנת	2	PST.2MSG|PST.2FSG	PST.2MSG|PST.2FSG	False	
unvocalized	LX-d3c798d66c:U2	LX-d3c798d66c	הזמינו	2	PST.3PL|IMP.2MPL	PST.3PL	True	
unvocalized	LX-d3c798d66c:U3	LX-d3c798d66c	תזמין	2	FUT.2MSG|FUT.3FSG		False	
unvocalized	LX-d3c798d66c:U4	LX-d3c798d66c	תזמנה	2	FUT.2FPL|FUT.3FPL		False	
unvocalized	LX-d3c798d66c:U5	LX-d3c798d66c	הזמנה	2	IMP.2FPL|MSDR		True	
unvocalized	LX-d3e71a75ea:U1	LX-d3e71a75ea	האצת	2	PST.2MSG|PST.2FSG	PST.2MSG|PST.2FSG	False	
unvocalized	LX-d3e71a75ea:U2	LX-d3e71a75ea	האיצו	2	PST.3PL|IMP.2MPL	PST.3PL	True	
unvocalized	LX-d3e71a75ea:U3	LX-d3e71a75ea	תאיץ	2	FUT.2MSG|FUT.3FSG		False	
unvocalized	LX-d3e71a75ea:U4	LX-d3e71a75ea	תאצנה	2	FUT.2FPL|FUT.3FPL		False	
unvocalized	LX-d3eb1aae80:U1	LX-d3eb1aae80	טואטאת	2	PST.2MSG|PST.2FSG	PST.2MSG|PST.2FSG	False	
unvocalized	LX-d3eb1aae80:U2	LX-d3eb1aae80	תטואטא	2	FUT.2MSG|FUT.3FSG		False	
unvocalized	LX-d3eb1aae80:U3	LX-d3eb1aae80	תטואטאנה	2	FUT.2FPL|FUT.3FPL		False	
unvocalized	LX-d40c6ac470:U1	LX-d40c6ac470	עמקת	2	PST.2MSG|PST.2FSG	PST.2MSG|PST.2FSG	False	
unvocalized	LX-d40c6ac470:U2	LX-d40c6ac470	עמק	2	PST.3MSG|IMP.2MSG	PST.3MSG	True	
unvocalized	LX-d40c6ac470:U3	LX-d40c6ac470	עמקו	2	PST.3PL|IMP.2MPL	PST.3PL	True	
unvocalized	LX-d40c6ac470:U4	LX-d40c6ac470	תעמק	2	FUT.2MSG|FUT.3FSG		False	
unvocalized	LX-d40c6ac470:U5	LX-d40c6ac470	תעמקנה	2	FUT.2FPL|FUT.3FPL		False	
unvocalized	LX-d447946745:U1	LX-d447946745	התפטרת	2	PST.2MSG|PST.2FSG	PST.2MSG|PST.2FSG	False	HITPAEL
unvocalized	LX-d447946745:U2	LX-d447946745	התפטר	2	PST.3MSG|IMP.2MSG	PST.3MSG	True	HITPAEL
unvocalized	LX-d447946745:U3	LX-d447946745	התפטרו	2	PST.3PL|IMP.2MPL	PST.3PL	True	HITPAEL
unvocalized	LX-d447946745:U4	LX-d447946745	תתפטר	2	FUT.2MSG|FUT.3FSG		False	HITPAEL
unvocalized	LX-d447946745:U5	LX-d447946745	תתפטרנה	2	FUT.2FPL|FUT.3FPL		False	HITPAEL
unvocalized	LX-d49ff7207b:U1	LX-d49ff7207b	חלבת	2	PST.2MSG|PST.2FSG	PST.2MSG|PST.2FSG	False	
unvocalized	LX-d49ff7207b:U2	LX-d49ff7207b	חלבו	2	PST.3PL|IMP.2MPL	PST.3PL	True	
unvocalized	LX-d49ff7207b:U3	LX-d49ff7207b	תחלוב	2	FUT.2MSG|FUT.3FSG		False	
unvocalized	LX-d49ff7207b:U4	LX-d49ff7207b	תחלובנה	2	FUT.2FPL|FUT.3FPL		False	
unvocalized	LX-d4d6c24997:U1	LX-d4d6c24997	דוכדכת	2	PST.2MSG|PST.2FSG	PST.2MSG|PST.2FSG	False	
unvocalized	LX-d4d6c24997:U2	LX-d4d6c24997	תדוכדך	2	FUT.2MSG|FUT.3FSG		False	
unvocalized	LX-d4d6c24997:U3	LX-d4d6c24997	תדוכדכנה	2	FUT.2FPL|FUT.3FPL		False	
unvocalized	LX-d4dd0863eb:U1	LX-d4dd0863eb	קבעת	2	PST.2MSG|PST.2FSG	PST.2MSG|PST.2FSG	False	PAAL
unvocalized	LX-d4dd0863eb:U2	LX-d4dd0863eb	קבע	2	PST.3MSG|IMP.2MSG	PST.3MSG	True	PAAL
unvocalized	LX-d4dd0863eb:U3	LX-d4dd0863eb	קבעו	2	PST.3PL|IMP.2MPL	PST.3PL	True	PAAL
unvocalized	LX-d4dd0863eb:U4	LX-d4dd0863eb	תקבע	2	FUT.2MSG|FUT.3FSG		False	PAAL
unvocalized	LX-d4dd0863eb:U5	LX-d4dd0863eb	תקבענה	2	FUT.2FPL|FUT.3FPL		False	PAAL
unvocalized	LX-d4e0896ffd:U1	LX-d4e0896ffd	סנטת	2	PST.2MSG|PST.2FSG	PST.2MSG|PST.2FSG	False	PAAL
unvocalized	LX-d4e0896ffd:U2	LX-d4e0896ffd	סנטו	2	PST.3PL|IMP.2MPL	PST.3PL	True	PAAL
unvocalized	LX-d4e0896ffd:U3	LX-d4e0896ffd	תסנוט	2	FUT.2MSG|FUT.3FSG		False	PAAL
unvocalized	LX-d4e0896ffd:U4	LX-d4e0896ffd	תסנוטנה	2	FUT.2FPL|FUT.3FPL		False	PAAL
unvocalized	LX-d602805687:U1	LX-d602805687	שירתת	2	PST.2MSG|PST.2FSG	PST.2MSG|PST.2FSG	False	PIEL
unvocalized	LX-d602805687:U2	LX-d602805687	תשרת	2	FUT.2MSG|FUT.3FSG		False	PIEL
unvocalized	LX-d602805687:U3	LX-d602805687	תשרתנה	2	FUT.2FPL|FUT.3FPL		False	PIEL
unvocalized	LX-d6085abe9a:U1	LX-d6085abe9a	ליבנת	2	PST.2MSG|PST.2FSG	PST.2MSG|PST.2FSG	False	PIEL
unvocalized	LX-d6085abe9a:U2	LX-d6085abe9a	ליבנו	2	PST.1PL|PST.3PL	PST.1PL|PST.3PL	False	PIEL
unvocalized	LX-d6085abe9a:U3	LX-d6085abe9a	תלבן	2	FUT.2MSG|FUT.3FSG		False	PIEL
unvocalized	LX-d6085abe9a:U4	LX-d6085abe9a	תלבנה	2	FUT.2FPL|FUT.3FPL		False	PIEL
unvocalized	LX-d65b9dba6b:U1	LX-d65b9dba6b	חילקת	2	PST.2MSG|PST.2FSG	PST.2MSG|PST.2FSG	False	PIEL
unvocalized	LX-d65b9dba6b:U2	LX-d65b9dba6b	תחלק	2	FUT.2MSG|FUT.3FSG		False	PIEL
unvocalized	LX-d65b9dba6b:U3	LX-d65b9dba6b	תחלקנה	2	FUT.2FPL|FUT.3FPL		False	PIEL
unvocalized	LX-d716b2c31d:U1	LX-d716b2c31d	ניבאת	2	PST.2MSG|PST.2FSG	PST.2MSG|PST.2FSG	False	PIEL
unvocalized	LX-d716b2c31d:U2	LX-d716b2c31d	תנבא	2	FUT.2MSG|FUT.3FSG		False	PIEL
unvocalized	LX-d716b2c31d:U3	LX-d716b2c31d	תנבאנה	2	FUT.2FPL|FUT.3FPL		False	PIEL
unvocalized	LX-d7299b7567:U1	LX-d7299b7567	מרחת	2	PST.2MSG|PST.2FSG	PST.2MSG|PST.2FSG	False	PAAL
unvocalized	LX-d7299b7567:U2	LX-d7299b7567	מרח	2	PST.3MSG|IMP.2MSG	PST.3MSG	True	PAAL
unvocalized	LX-d7299b7567:U3	LX-d7299b7567	מרחו	2	PST.3PL|IMP.2MPL	PST.3PL	True	PAAL
unvocalized	LX-d7299b7567:U4	LX-d7299b7567	תמרח	2	FUT.2MSG|FUT.3FSG		False	PAAL
unvocalized	LX-d7299b7567:U5	LX-d7299b7567	תמרחנה	2	FUT.2FPL|FUT.3FPL		False	PAAL
unvocalized	LX-d735eedbfd:U1	LX-d735eedbfd	כמהת	2	PST.2MSG|PST.2FSG	PST.2MSG|PST.2FSG	False	PAAL
unvocalized	LX-d735eedbfd:U2	LX-d735eedbfd	כמה	3	PST.3MSG|PRS.MSG|IMP.2MSG	PST.3MSG	True	PAAL
unvocalized	LX-d735eedbfd:U3	LX-d735eedbfd	כמהה	2	PST.3FSG|PRS.FSG	PST.3FSG	True	PAAL
unvocalized	LX-d735eedbfd:U4	LX-d735eedbfd	כמהו	2	PST.3PL|IMP.2MPL	PST.3PL	True	PAAL
unvocalized	LX-d735eedbfd:U5	LX-d735eedbfd	תכמה	2	FUT.2MSG|FUT.3FSG		False	PAAL
unvocalized	LX-d735eedbfd:U6	LX-d735eedbfd	תכמהנה	2	FUT.2FPL|FUT.3FPL		False	PAAL
unvocalized	LX-d74fbf641c:U1	LX-d74fbf641c	הרגעת	2	PST.2MSG|PST.2FSG	PST.2MSG|PST.2FSG	False	
unvocalized	LX-d74fbf641c:U2	LX-d74fbf641c	הרגיעו	2	PST.3PL|IMP.2MPL	PST.3PL	True	
unvocalized	LX-d74fbf641c:U3	LX-d74fbf641c	תרגיע	2	FUT.2MSG|FUT.3FSG		False	
unvocalized	LX-d74fbf641c:U4	LX-d74fbf641c	תרגענה	2	FUT.2FPL|FUT.3FPL		False	
unvocalized	LX-d756a3a904:U1	LX-d756a3a904	אומנת	2	PST.2MSG|PST.2FSG	PST.2MSG|PST.2FSG	False	PUAL
unvocalized	LX-d756a3a904:U2	LX-d756a3a904	אומנו	2	PST.1PL|PST.3PL	PST.1PL|PST.3PL	False	PUAL
unvocalized	LX-d756a3a904:U3	LX-d756a3a904	תאומן	2	FUT.2MSG|FUT.3FSG		False	PUAL
unvocalized	LX-d756a3a904:U4	LX-d756a3a904	תאומנה	2	FUT.2FPL|FUT.3FPL		False	PUAL
unvocalized	LX-d769196e21:U1	LX-d769196e21	נפטרת	3	PST.2MSG|PST.2FSG|PRS.FSG	PST.2MSG|PST.2FSG	True	NIFAL
unvocalized	LX-d769196e21:U2	LX-d769196e21	נפטר	2	PST.3MSG|PRS.MSG	PST.3MSG	True	NIFAL
unvocalized	LX-d769196e21:U3	LX-d769196e21	תיפטר	2	FUT.2MSG|FUT.3FSG		False	NIFAL
unvocalized	LX-d769196e21:U4	LX-d769196e21	תיפטרנה	2	FUT.2FPL|FUT.3FPL		False	NIFAL
unvocalized	LX-d7a81169f7:U1	LX-d7a81169f7	הוארת	2	PST.2MSG|PST.2FSG	PST.2MSG|PST.2FSG	False	HUFAL
unvocalized	LX-d7a81169f7:U2	LX-d7a81169f7	תואר	2	FUT.2MSG|FUT.3FSG		False	HUFAL
unvocalized	LX-d7a81169f7:U3	LX-d7a81169f7	תוארנה	2	FUT.2FPL|FUT.3FPL		False	HUFAL
unvocalized	LX-d7dfb92b44:U1	LX-d7dfb92b44	נזכרת	3	PST.2MSG|PST.2FSG|PRS.FSG	PST.2MSG|PST.2FSG	True	NIFAL
unvocalized	LX-d7dfb92b44:U2	LX-d7dfb92b44	נזכר	2	PST.3MSG|PRS.MSG	PST.3MSG	True	NIFAL
unvocalized	LX-d7dfb92b44:U3	LX-d7dfb92b44	תיזכר	2	FUT.2MSG|FUT.3FSG		False	NIFAL
unvocalized	LX-d7dfb92b44:U4	LX-d7dfb92b44	תיזכרנה	2	FUT.2FPL|FUT.3FPL		False	NIFAL
unvocalized	LX-d8547e23a9:U1	LX-d8547e23a9	צמת	2	PST.2MSG|PST.2FSG	PST.2MSG|PST.2FSG	False	PAAL
unvocalized	LX-d8547e23a9:U2	LX-d8547e23a9	צם	2	PST.3MSG|PRS.MSG	PST.3MSG	True	PAAL
unvocalized	LX-d8547e23a9:U3	LX-d8547e23a9	צמה	2	PST.3FSG|PRS.FSG	PST.3FSG	True	PAAL
unvocalized	LX-d8547e23a9:U4	LX-d8547e23a9	תצום	2	FUT.2MSG|FUT.3FSG		False	PAAL
unvocalized	LX-d8547e23a9:U5	LX-d8547e23a9	תצומנה	2	FUT.2FPL|FUT.3FPL		False	PAAL
unvocalized	LX-d8547e23a9:U6	LX-d8547e23a9	צום	2	IMP.2MSG|MSDR		True	PAAL
unvocalized	LX-d8afb5b1e7:U1	LX-d8afb5b1e7	הכרחת	2	PST.2MSG|PST.2FSG	PST.2MSG|PST.2FSG	False	HIFIL
unvocalized	LX-d8afb5b1e7:U2	LX-d8afb5b1e7	הכריחו	2	PST.3PL|IMP.2MPL	PST.3PL	True	HIFIL
unvocalized	LX-d8afb5b1e7:U3	LX-d8afb5b1e7	תכריח	2	FUT.2MSG|FUT.3FSG		False	HIFIL
unvocalized	LX-d8afb5b1e7:U4	LX-d8afb5b1e7	תכרחנה	2	FUT.2FPL|FUT.3FPL		False	HIFIL
unvocalized	LX-d8d15a72aa:U1	LX-d8d15a72aa	החכמת	2	PST.2MSG|PST.2FSG	PST.2MSG|PST.2FSG	False	HIFIL
unvocalized	LX-d8d15a72aa:U2	LX-d8d15a72aa	החכימו	2	PST.3PL|IMP.2MPL	PST.3PL	True	HIFIL
unvocalized	LX-d8d15a72aa:U3	LX-d8d15a72aa	תחכים	2	FUT.2MSG|FUT.3FSG		False	HIFIL
unvocalized	LX-d8d15a72aa:U4	LX-d8d15a72aa	תחכמנה	2	FUT.2FPL|FUT.3FPL		False	HIFIL
unvocalized	LX-d91b907eb2:U1	LX-d91b907eb2	חלפת	2	PST.2MSG|PST.2FSG	PST.2MSG|PST.2FSG	False	PAAL
unvocalized	LX-d91b907eb2:U2	LX-d91b907eb2	חלפו	2	PST.3PL|IMP.2MPL	PST.3PL	True	PAAL
unvocalized	LX-d91b907eb2:U3	LX-d91b907eb2	תחלוף	2	FUT.2MSG|FUT.3FSG		False	PAAL
unvocalized	LX-d91b907eb2:U4	LX-d91b907eb2	תחלופנה	2	FUT.2FPL|FUT.3FPL		False	PAAL
unvocalized	LX-d92be487e0:U1	LX-d92be487e0	ביצעת	2	PST.2MSG|PST.2FSG	PST.2MSG|PST.2FSG	False	PIEL
unvocalized	LX-d92be487e0:U2	LX-d92be487e0	תבצע	2	FUT.2MSG|FUT.3FSG		False	PIEL
unvocalized	LX-d92be487e0:U3	LX-d92be487e0	תבצענה	2	FUT.2FPL|FUT.3FPL		False	PIEL
unvocalized	LX-d931a00a27:U1	LX-d931a00a27	הפרעת	2	PST.2MSG|PST.2FSG	PST.2MSG|PST.2FSG	False	HIFIL
unvocalized	LX-d931a00a27:U2	LX-d931a00a27	הפריעו	2	PST.3PL|IMP.2MPL	PST.3PL	True	HIFIL
unvocalized	LX-d931a00a27:U3	LX-d931a00a27	תפריע	2	FUT.2MSG|FUT.3FSG		False	HIFIL
unvocalized	LX-d931a00a27:U4	LX-d931a00a27	תפרענה	2	FUT.2FPL|FUT.3FPL		False	HIFIL
unvocalized	LX-d97045723d:U1	LX-d97045723d	משלת	2	PST.2MSG|PST.2FSG	PST.2MSG|PST.2FSG	False	PAAL
unvocalized	LX-d97045723d:U2	LX-d97045723d	משלו	2	PST.3PL|IMP.2MPL	PST.3PL	True	PAAL
unvocalized	LX-d97045723d:U3	LX-d97045723d	תמשול	2	FUT.2MSG|FUT.3FSG		False	PAAL
unvocalized	LX-d97045723d:U4	LX-d97045723d	תמשולנה	2	FUT.2FPL|FUT.3FPL		False	PAAL
unvocalized	LX-d99a5eb58a:U1	LX-d99a5eb58a	התלבשת	2	PST.2MSG|PST.2FSG	PST.2MSG|PST.2FSG	False	HITPAEL
unvocalized	LX-d99a5eb58a:U2	LX-d99a5eb58a	התלבש	2	PST.3MSG|IMP.2MSG	PST.3MSG	True	HITPAEL
unvocalized	LX-d99a5eb58a:U3	LX-d99a5eb58a	התלבשו	2	PST.3PL|IMP.2MPL	PST.3PL	True	HITPAEL
unvocalized	LX-d99a5eb58a:U4	LX-d99a5eb58a	תתלבש	2	FUT.2MSG|FUT.3FSG		False	HITPAEL
unvocalized	LX-d99a5eb58a:U5	LX-d99a5eb58a	תתלבשנה	2	FUT.2FPL|FUT.3FPL		False	HITPAEL
unvocalized	LX-d9bcdab04e:U1	LX-d9bcdab04e	הוזזת	2	PST.2MSG|PST.2FSG	PST.2MSG|PST.2FSG	False	HUFAL
unvocalized	LX-d9bcdab04e:U2	LX-d9bcdab04e	תוזז	2	FUT.2MSG|FUT.3FSG		False	HUFAL
unvocalized	LX-d9bcdab04e:U3	LX-d9bcdab04e	תוזזנה	2	FUT.2FPL|FUT.3FPL		False	HUFAL
unvocalized	LX-d9e5b26fd0:U1	LX-d9e5b26fd0	התערבת	2	PST.2MSG|PST.2FSG	PST.2MSG|PST.2FSG	False	
unvocalized	LX-d9e5b26fd0:U2	LX-d9e5b26fd0	התערב	2	PST.3MSG|IMP.2MSG	PST.3MSG	True	
unvocalized	LX-d9e5b26fd0:U3	LX-d9e5b26fd0	התערבו	2	PST.3PL|IMP.2MPL	PST.3PL	True	
unvocalized	LX-d9e5b26fd0:U4	LX-d9e5b26fd0	תתערב	2	FUT.2MSG|FUT.3FSG		False	
unvocalized	LX-d9e5b26fd0:U5	LX-d9e5b26fd0	תתערבנה	2	FUT.2FPL|FUT.3FPL		False	
unvocalized	LX-da0d23398a:U1	LX-da0d23398a	נשאת	2	PST.2MSG|PST.2FSG	PST.2MSG|PST.2FSG	False	PAAL
unvocalized	LX-da0d23398a:U2	LX-da0d23398a	תישא	2	FUT.2MSG|FUT.3FSG		False	PAAL
unvocalized	LX-da0d23398a:U3	LX-da0d23398a	תישאנה	2	FUT.2FPL|FUT.3FPL		False	PAAL
unvocalized	LX-da58ea4612:U1	LX-da58ea4612	התמצאת	2	PST.2MSG|PST.2FSG	PST.2MSG|PST.2FSG	False	HITPAEL
unvocalized	LX-da58ea4612:U2	LX-da58ea4612	התמצא	2	PST.3MSG|IMP.2MSG	PST.3MSG	True	HITPAEL
unvocalized	LX-da58ea4612:U3	LX-da58ea4612	התמצאו	2	PST.3PL|IMP.2MPL	PST.3PL	True	HITPAEL
unvocalized	LX-da58ea4612:U4	LX-da58ea4612	תתמצא	2	FUT.2MSG|FUT.3FSG		False	HITPAEL
unvocalized	LX-da58ea4612:U5	LX-da58ea4612	תתמצאנה	2	FUT.2FPL|FUT.3FPL		False	HITPAEL
unvocalized	LX-db00b0b070:U1	LX-db00b0b070	טפחת	2	PST.2MSG|PST.2FSG	PST.2MSG|PST.2FSG	False	PAAL
unvocalized	LX-db00b0b070:U2	LX-db00b0b070	טפח	2	PST.3MSG|IMP.2MSG	PST.3MSG	True	PAAL
unvocalized	LX-db00b0b070:U3	LX-db00b0b070	טפחו	2	PST.3PL|IMP.2MPL	PST.3PL	True	PAAL
unvocalized	LX-db00b0b070:U4	LX-db00b0b070	תטפח	2	FUT.2MSG|FUT.3FSG		False	PAAL
unvocalized	LX-db00b0b070:U5	LX-db00b0b070	תטפחנה	2	FUT.2FPL|FUT.3FPL		False	PAAL
unvocalized	LX-dbfe953468:U1	LX-dbfe953468	שילבת	2	PST.2MSG|PST.2FSG	PST.2MSG|PST.2FSG	False	PIEL
unvocalized	LX-dbfe953468:U2	LX-dbfe953468	תשלב	2	FUT.2MSG|FUT.3FSG		False	PIEL
unvocalized	LX-dbfe953468:U3	LX-dbfe953468	תשלבנה	2	FUT.2FPL|FUT.3FPL		False	PIEL
unvocalized	LX-dc300e87c0:U1	LX-dc300e87c0	סימלת	2	PST.2MSG|PST.2FSG	PST.2MSG|PST.2FSG	False	PIEL
unvocalized	LX-dc300e87c0:U2	LX-dc300e87c0	תסמל	2	FUT.2MSG|FUT.3FSG		False	PIEL
unvocalized	LX-dc300e87c0:U3	LX-dc300e87c0	תסמלנה	2	FUT.2FPL|FUT.3FPL		False	PIEL
unvocalized	LX-dc53fec8d9:U1	LX-dc53fec8d9	סחטת	2	PST.2MSG|PST.2FSG	PST.2MSG|PST.2FSG	False	PAAL
unvocalized	LX-dc53fec8d9:U2	LX-dc53fec8d9	סחט	2	PST.3MSG|IMP.2MSG	PST.3MSG	True	PAAL
unvocalized	LX-dc53fec8d9:U3	LX-dc53fec8d9	סחטו	2	PST.3PL|IMP.2MPL	PST.3PL	True	PAAL
unvocalized	LX-dc53fec8d9:U4	LX-dc53fec8d9	תסחט	2	FUT.2MSG|FUT.3FSG		False	PAAL
unvocalized	LX-dc53fec8d9:U5	LX-dc53fec8d9	תסחטנה	2	FUT.2FPL|FUT.3FPL		False	PAAL
unvocalized	LX-dc81622ef9:U1	LX-dc81622ef9	הוצעת	2	PST.2MSG|PST.2FSG	PST.2MSG|PST.2FSG	False	
unvocalized	LX-dc81622ef9:U2	LX-dc81622ef9	תוצע	2	FUT.2MSG|FUT.3FSG		False	
unvocalized	LX-dc81622ef9:U3	LX-dc81622ef9	תוצענה	2	FUT.2FPL|FUT.3FPL		False	
unvocalized	LX-dc8695bc5d:U1	LX-dc8695bc5d	מתת	2	PST.2MSG|PST.2FSG	PST.2MSG|PST.2FSG	False	PAAL
unvocalized	LX-dc8695bc5d:U2	LX-dc8695bc5d	מת	2	PST.3MSG|PRS.MSG	PST.3MSG	True	PAAL
unvocalized	LX-dc8695bc5d:U3	LX-dc8695bc5d	מתה	2	PST.3FSG|PRS.FSG	PST.3FSG	True	PAAL
unvocalized	LX-dc8695bc5d:U4	LX-dc8695bc5d	תמות	2	FUT.2MSG|FUT.3FSG		False	PAAL
unvocalized	LX-dc8695bc5d:U5	LX-dc8695bc5d	תמותנה	2	FUT.2FPL|FUT.3FPL		False	PAAL
unvocalized	LX-dc8e6a82ec:U1	LX-dc8e6a82ec	דמית	2	PST.2MSG|PST.2FSG	PST.2MSG|PST.2FSG	False	PAAL
unvocalized	LX-dc8e6a82ec:U2	LX-dc8e6a82ec	דמה	2	PST.3MSG|IMP.2MSG	PST.3MSG	True	PAAL
unvocalized	LX-dc8e6a82ec:U3	LX-dc8e6a82ec	דמו	2	PST.3PL|IMP.2MPL	PST.3PL	True	PAAL
unvocalized	LX-dc8e6a82ec:U4	LX-dc8e6a82ec	דומה	2	PRS.MSG|PRS.FSG		False	PAAL
unvocalized	LX-dc8e6a82ec:U5	LX-dc8e6a82ec	תדמה	2	FUT.2MSG|FUT.3FSG		False	PAAL
unvocalized	LX-dc8e6a82ec:U6	LX-dc8e6a82ec	תדמינה	2	FUT.2FPL|FUT.3FPL		False	PAAL
unvocalized	LX-dcb25d506c:U1	LX-dcb25d506c	בורכת	2	PST.2MSG|PST.2FSG	PST.2MSG|PST.2FSG	False	PUAL
unvocalized	LX-dcb25d506c:U2	LX-dcb25d506c	תבורך	2	FUT.2MSG|FUT.3FSG		False	PUAL
unvocalized	LX-dcb25d506c:U3	LX-dcb25d506c	תבורכנה	2	FUT.2FPL|FUT.3FPL		False	PUAL
unvocalized	LX-dcd56f7a3b:U1	LX-dcd56f7a3b	הואצת	2	PST.2MSG|PST.2FSG	PST.2MSG|PST.2FSG	False	
unvocalized	LX-dcd56f7a3b:U2	LX-dcd56f7a3b	תואץ	2	FUT.2MSG|FUT.3FSG		False	
unvocalized	LX-dcd56f7a3b:U3	LX-dcd56f7a3b	תואצנה	2	FUT.2FPL|FUT.3FPL		False	
unvocalized	LX-dcdd01b224:U1	LX-dcdd01b224	כרעת	2	PST.2MSG|PST.2FSG	PST.2MSG|PST.2FSG	False	PAAL
unvocalized	LX-dcdd01b224:U2	LX-dcdd01b224	כרע	2	PST.3MSG|IMP.2MSG	PST.3MSG	True	PAAL
unvocalized	LX-dcdd01b224:U3	LX-dcdd01b224	כרעו	2	PST.3PL|IMP.2MPL	PST.3PL	True	PAAL
unvocalized	LX-dcdd01b224:U4	LX-dcdd01b224	תכרע	2	FUT.2MSG|FUT.3FSG		False	PAAL
unvocalized	LX-dcdd01b224:U5	LX-dcdd01b224	תכרענה	2	FUT.2FPL|FUT.3FPL		False	PAAL
unvocalized	LX-dd5401200e:U1	LX-dd5401200e	ביכרת	2	PST.2MSG|PST.2FSG	PST.2MSG|PST.2FSG	False	PIEL
unvocalized	LX-dd5401200e:U2	LX-dd5401200e	תבכר	2	FUT.2MSG|FUT.3FSG		False	PIEL
unvocalized	LX-dd5401200e:U3	LX-dd5401200e	תבכרנה	2	FUT.2FPL|FUT.3FPL		False	PIEL
unvocalized	LX-ddd8ae83f6:U1	LX-ddd8ae83f6	זקנת	2	PST.2MSG|PST.2FSG	PST.2MSG|PST.2FSG	False	PAAL
unvocalized	LX-ddd8ae83f6:U2	LX-ddd8ae83f6	זקן	3	PST.3MSG|PRS.MSG|IMP.2MSG	PST.3MSG	True	PAAL
unvocalized	LX-ddd8ae83f6:U3	LX-ddd8ae83f6	זקנה	3	PST.3FSG|PRS.FSG|IMP.2FPL	PST.3FSG	True	PAAL
unvocalized	LX-ddd8ae83f6:U4	LX-ddd8ae83f6	זקנו	3	PST.1PL|PST.3PL|IMP.2MPL	PST.1PL|PST.3PL	True	PAAL
unvocalized	LX-ddd8ae83f6:U5	LX-ddd8ae83f6	תזקן	2	FUT.2MSG|FUT.3FSG		False	PAAL
unvocalized	LX-ddd8ae83f6:U6	LX-ddd8ae83f6	תזקנה	2	FUT.2FPL|FUT.3FPL		False	PAAL
unvocalized	LX-de6e534bda:U1	LX-de6e534bda	הזית	2	PST.2MSG|PST.2FSG	PST.2MSG|PST.2FSG	False	PAAL
unvocalized	LX-de6e534bda:U2	LX-de6e534bda	הזה	2	PST.3MSG|IMP.2MSG	PST.3MSG	True	PAAL
unvocalized	LX-de6e534bda:U3	LX-de6e534bda	הזו	2	PST.3PL|IMP.2MPL	PST.3PL	True	PAAL
unvocalized	LX-de6e534bda:U4	LX-de6e534bda	הוזה	2	PRS.MSG|PRS.FSG		False	PAAL
unvocalized	LX-de6e534bda:U5	LX-de6e534bda	תהזה	2	FUT.2MSG|FUT.3FSG		False	PAAL
unvocalized	LX-de6e534bda:U6	LX-de6e534bda	תהזינה	2	FUT.2FPL|FUT.3FPL		False	PAAL
unvocalized	LX-de85f9dc81:U1	LX-de85f9dc81	צעקת	2	PST.2MSG|PST.2FSG	PST.2MSG|PST.2FSG	False	PAAL
unvocalized	LX-de85f9dc81:U2	LX-de85f9dc81	צעק	2	PST.3MSG|IMP.2MSG	PST.3MSG	True	PAAL
unvocalized	LX-de85f9dc81:U3	LX-de85f9dc81	צעקה	2	PST.3FSG|MSDR	PST.3FSG	True	PAAL
unvocalized	LX-de85f9dc81:U4	LX-de85f9dc81	צעקו	2	PST.3PL|IMP.2MPL	PST.3PL	True	PAAL
unvocalized	LX-de85f9dc81:U5	LX-de85f9dc81	תצעק	2	FUT.2MSG|FUT.3FSG		False	PAAL
unvocalized	LX-de85f9dc81:U6	LX-de85f9dc81	תצעקנה	2	FUT.2FPL|FUT.3FPL		False	PAAL
unvocalized	LX-df09f84dea:U1	LX-df09f84dea	ניצבת	3	PST.2MSG|PST.2FSG|PRS.FSG	PST.2MSG|PST.2FSG	True	NIFAL
unvocalized	LX-df09f84dea:U2	LX-df09f84dea	ניצב	2	PST.3MSG|PRS.MSG	PST.3MSG	True	NIFAL
unvocalized	LX-df31d26a25:U1	LX-df31d26a25	הוספת	2	PST.2MSG|PST.2FSG	PST.2MSG|PST.2FSG	False	HIFIL
unvocalized	LX-df31d26a25:U2	LX-df31d26a25	הוסיפו	2	PST.3PL|IMP.2MPL	PST.3PL	True	HIFIL
unvocalized	LX-df31d26a25:U3	LX-df31d26a25	תוסיף	2	FUT.2MSG|FUT.3FSG		False	HIFIL
unvocalized	LX-df31d26a25:U4	LX-df31d26a25	תוספנה	2	FUT.2FPL|FUT.3FPL		False	HIFIL
unvocalized	LX-df5a88d9d0:U1	LX-df5a88d9d0	זיהית	2	PST.2MSG|PST.2FSG	PST.2MSG|PST.2FSG	False	PIEL
unvocalized	LX-df5a88d9d0:U2	LX-df5a88d9d0	מזהה	2	PRS.MSG|PRS.FSG		False	PIEL
unvocalized	LX-df5a88d9d0:U3	LX-df5a88d9d0	תזהה	2	FUT.2MSG|FUT.3FSG		False	PIEL
unvocalized	LX-df5a88d9d0:U4	LX-df5a88d9d0	תזהינה	2	FUT.2FPL|FUT.3FPL		False	PIEL
unvocalized	LX-df5eb7224e:U1	LX-df5eb7224e	מולאת	2	PST.2MSG|PST.2FSG	PST.2MSG|PST.2FSG	False	PUAL
unvocalized	LX-df5eb7224e:U2	LX-df5eb7224e	תמולא	2	FUT.2MSG|FUT.3FSG		False	PUAL
unvocalized	LX-df5eb7224e:U3	LX-df5eb7224e	תמולאנה	2	FUT.2FPL|FUT.3FPL		False	PUAL
unvocalized	LX-df9c2f7d3a:U1	LX-df9c2f7d3a	ציירת	2	PST.2MSG|PST.2FSG	PST.2MSG|PST.2FSG	False	PIEL
unvocalized	LX-df9c2f7d3a:U2	LX-df9c2f7d3a	צייר	2	PST.3MSG|IMP.2MSG	PST.3MSG	True	PIEL
unvocalized	LX-df9c2f7d3a:U3	LX-df9c2f7d3a	ציירו	2	PST.3PL|IMP.2MPL	PST.3PL	True	PIEL
unvocalized	LX-df9c2f7d3a:U4	LX-df9c2f7d3a	תצייר	2	FUT.2MSG|FUT.3FSG		False	PIEL
unvocalized	LX-df9c2f7d3a:U5	LX-df9c2f7d3a	תציירנה	2	FUT.2FPL|FUT.3FPL		False	PIEL
unvocalized	LX-dfaa111745:U1	LX-dfaa111745	התרחשת	2	PST.2MSG|PST.2FSG	PST.2MSG|PST.2FSG	False	HITPAEL
unvocalized	LX-dfaa111745:U2	LX-dfaa111745	התרחש	2	PST.3MSG|IMP.2MSG	PST.3MSG	True	HITPAEL
unvocalized	LX-dfaa111745:U3	LX-dfaa111745	התרחשו	2	PST.3PL|IMP.2MPL	PST.3PL	True	HITPAEL
unvocalized	LX-dfaa111745:U4	LX-dfaa111745	תתרחש	2	FUT.2MSG|FUT.3FSG		False	HITPAEL
unvocalized	LX-dfaa111745:U5	LX-dfaa111745	תתרחשנה	2	FUT.2FPL|FUT.3FPL		False	HITPAEL
unvocalized	LX-dfdb8e45d1:U1	LX-dfdb8e45d1	סלחת	2	PST.2MSG|PST.2FSG	PST.2MSG|PST.2FSG	False	PAAL
unvocalized	LX-dfdb8e45d1:U2	LX-dfdb8e45d1	סלח	2	PST.3MSG|IMP.2MSG	PST.3MSG	True	PAAL
unvocalized	LX-dfdb8e45d1:U3	LX-dfdb8e45d1	סלחו	2	PST.3PL|IMP.2MPL	PST.3PL	True	PAAL
unvocalized	LX-dfdb8e45d1:U4	LX-dfdb8e45d1	תסלח	2	FUT.2MSG|FUT.3FSG		False	PAAL
unvocalized	LX-dfdb8e45d1:U5	LX-dfdb8e45d1	תסלחנה	2	FUT.2FPL|FUT.3FPL		False	PAAL
unvocalized	LX-dfdc540224:U1	LX-dfdc540224	הרחקת	2	PST.2MSG|PST.2FSG	PST.2MSG|PST.2FSG	False	HIFIL
unvocalized	LX-dfdc540224:U2	LX-dfdc540224	הרחיקו	2	PST.3PL|IMP.2MPL	PST.3PL	True	HIFIL
unvocalized	LX-dfdc540224:U3	LX-dfdc540224	תרחיק	2	FUT.2MSG|FUT.3FSG		False	HIFIL
unvocalized	LX-dfdc540224:U4	LX-dfdc540224	תרחקנה	2	FUT.2FPL|FUT.3FPL		False	HIFIL
unvocalized	LX-e06ae3db70:U1	LX-e06ae3db70	רוהטת	2	PST.2MSG|PST.2FSG	PST.2MSG|PST.2FSG	False	PUAL
unvocalized	LX-e06ae3db70:U2	LX-e06ae3db70	תרוהט	2	FUT.2MSG|FUT.3FSG		False	PUAL
unvocalized	LX-e06ae3db70:U3	LX-e06ae3db70	תרוהטנה	2	FUT.2FPL|FUT.3FPL		False	PUAL
unvocalized	LX-e0f85e0df1:U1	LX-e0f85e0df1	נעמת	2	PST.2MSG|PST.2FSG	PST.2MSG|PST.2FSG	False	PAAL
unvocalized	LX-e0f85e0df1:U2	LX-e0f85e0df1	נעם	2	PST.3MSG|IMP.2MSG	PST.3MSG	True	PAAL
unvocalized	LX-e0f85e0df1:U3	LX-e0f85e0df1	נעמו	2	PST.3PL|IMP.2MPL	PST.3PL	True	PAAL
unvocalized	LX-e0f85e0df1:U4	LX-e0f85e0df1	נעימה	2	PRS.FSG|MSDR		True	PAAL
unvocalized	LX-e0f85e0df1:U5	LX-e0f85e0df1	תנעם	2	FUT.2MSG|FUT.3FSG		False	PAAL
unvocalized	LX-e0f85e0df1:U6	LX-e0f85e0df1	תנעמנה	2	FUT.2FPL|FUT.3FPL		False	PAAL
unvocalized	LX-e25287e53f:U1	LX-e25287e53f	הצטחקת	2	PST.2MSG|PST.2FSG	PST.2MSG|PST.2FSG	False	HITPAEL
unvocalized	LX-e25287e53f:U2	LX-e25287e53f	הצטחק	2	PST.3MSG|IMP.2MSG	PST.3MSG	True	HITPAEL
unvocalized	LX-e25287e53f:U3	LX-e25287e53f	הצטחקו	2	PST.3PL|IMP.2MPL	PST.3PL	True	HITPAEL
unvocalized	LX-e25287e53f:U4	LX-e25287e53f	תצטחק	2	FUT.2MSG|FUT.3FSG		False	HITPAEL
unvocalized	LX-e25287e53f:U5	LX-e25287e53f	תצטחקנה	2	FUT.2FPL|FUT.3FPL		False	HITPAEL
unvocalized	LX-e28abbab54:U1	LX-e28abbab54	חצית	2	PST.2MSG|PST.2FSG	PST.2MSG|PST.2FSG	False	PAAL
unvocalized	LX-e28abbab54:U2	LX-e28abbab54	חצה	2	PST.3MSG|IMP.2MSG	PST.3MSG	True	PAAL
unvocalized	LX-e28abbab54:U3	LX-e28abbab54	חצו	2	PST.3PL|IMP.2MPL	PST.3PL	True	PAAL
unvocalized	LX-e28abbab54:U4	LX-e28abbab54	חוצה	2	PRS.MSG|PRS.FSG		False	PAAL
unvocalized	LX-e28abbab54:U5	LX-e28abbab54	תחצה	2	FUT.2MSG|FUT.3FSG		False	PAAL
unvocalized	LX-e28abbab54:U6	LX-e28abbab54	תחצינה	2	FUT.2FPL|FUT.3FPL		False	PAAL
unvocalized	LX-e2cb522b2d:U1	LX-e2cb522b2d	הערכת	2	PST.2MSG|PST.2FSG	PST.2MSG|PST.2FSG	False	HIFIL
unvocalized	LX-e2cb522b2d:U2	LX-e2cb522b2d	העריכו	2	PST.3PL|IMP.2MPL	PST.3PL	True	HIFIL
unvocalized	LX-e2cb522b2d:U3	LX-e2cb522b2d	תעריך	2	FUT.2MSG|FUT.3FSG		False	HIFIL
unvocalized	LX-e2cb522b2d:U4	LX-e2cb522b2d	תערכנה	2	FUT.2FPL|FUT.3FPL		False	HIFIL
unvocalized	LX-e2d7408010:U1	LX-e2d7408010	נבנית	3	PST.2MSG|PST.2FSG|PRS.FSG	PST.2MSG|PST.2FSG	True	NIFAL
unvocalized	LX-e2d7408010:U2	LX-e2d7408010	נבנה	2	PST.3MSG|PRS.MSG	PST.3MSG	True	NIFAL
unvocalized	LX-e2d7408010:U3	LX-e2d7408010	תיבנה	2	FUT.2MSG|FUT.3FSG		False	NIFAL
unvocalized	LX-e2d7408010:U4	LX-e2d7408010	תיבנינה	2	FUT.2FPL|FUT.3FPL		False	NIFAL
unvocalized	LX-e2dc7aa7a1:U1	LX-e2dc7aa7a1	ארזת	2	PST.2MSG|PST.2FSG	PST.2MSG|PST.2FSG	False	PAAL
unvocalized	LX-e2dc7aa7a1:U2	LX-e2dc7aa7a1	ארזו	2	PST.3PL|IMP.2MPL	PST.3PL	True	PAAL
unvocalized	LX-e2dc7aa7a1:U3	LX-e2dc7aa7a1	תארוז	2	FUT.2MSG|FUT.3FSG		False	PAAL
unvocalized	LX-e2dc7aa7a1:U4	LX-e2dc7aa7a1	תארוזנה	2	FUT.2FPL|FUT.3FPL		False	PAAL
unvocalized	LX-e304bdc2fd:U1	LX-e304bdc2fd	התחפשת	2	PST.2MSG|PST.2FSG	PST.2MSG|PST.2FSG	False	HITPAEL
unvocalized	LX-e304bdc2fd:U2	LX-e304bdc2fd	התחפש	2	PST.3MSG|IMP.2MSG	PST.3MSG	True	HITPAEL
unvocalized	LX-e304bdc2fd:U3	LX-e304bdc2fd	התחפשו	2	PST.3PL|IMP.2MPL	PST.3PL	True	HITPAEL
unvocalized	LX-e304bdc2fd:U4	LX-e304bdc2fd	תתחפש	2	FUT.2MSG|FUT.3FSG		False	HITPAEL
unvocalized	LX-e304bdc2fd:U5	LX-e304bdc2fd	תתחפשנה	2	FUT.2FPL|FUT.3FPL		False	HITPAEL
unvocalized	LX-e31de2e059:U1	LX-e31de2e059	תובלת	2	PST.2MSG|PST.2FSG	PST.2MSG|PST.2FSG	False	
unvocalized	LX-e31de2e059:U2	LX-e31de2e059	תתובל	2	FUT.2MSG|FUT.3FSG		False	
unvocalized	LX-e31de2e059:U3	LX-e31de2e059	תתובלנה	2	FUT.2FPL|FUT.3FPL		False	
unvocalized	LX-e34df5bc28:U1	LX-e34df5bc28	טסת	2	PST.2MSG|PST.2FSG	PST.2MSG|PST.2FSG	False	PAAL
unvocalized	LX-e34df5bc28:U2	LX-e34df5bc28	טס	2	PST.3MSG|PRS.MSG	PST.3MSG	True	PAAL
unvocalized	LX-e34df5bc28:U3	LX-e34df5bc28	טסה	2	PST.3FSG|PRS.FSG	PST.3FSG	True	PAAL
unvocalized	LX-e34df5bc28:U4	LX-e34df5bc28	תטוס	2	FUT.2MSG|FUT.3FSG		False	PAAL
unvocalized	LX-e34df5bc28:U5	LX-e34df5bc28	תטוסנה	2	FUT.2FPL|FUT.3FPL		False	PAAL
unvocalized	LX-e365017775:U1	LX-e365017775	התכופפת	2	PST.2MSG|PST.2FSG	PST.2MSG|PST.2FSG	False	HITPAEL
unvocalized	LX-e365017775:U2	LX-e365017775	התכופף	2	PST.3MSG|IMP.2MSG	PST.3MSG	True	HITPAEL
unvocalized	LX-e365017775:U3	LX-e365017775	התכופפו	2	PST.3PL|IMP.2MPL	PST.3PL	True	HITPAEL
unvocalized	LX-e365017775:U4	LX-e365017775	תתכופף	2	FUT.2MSG|FUT.3FSG		False	HITPAEL
unvocalized	LX-e365017775:U5	LX-e365017775	תתכופפנה	2	FUT.2FPL|FUT.3FPL		False	HITPAEL
unvocalized	LX-e37f4c3b54:U1	LX-e37f4c3b54	נישאת	3	PST.2MSG|PST.2FSG|PRS.FSG	PST.2MSG|PST.2FSG	True	NIFAL
unvocalized	LX-e37f4c3b54:U2	LX-e37f4c3b54	נישא	2	PST.3MSG|PRS.MSG	PST.3MSG	True	NIFAL
unvocalized	LX-e37f4c3b54:U3	LX-e37f4c3b54	תינשא	2	FUT.2MSG|FUT.3FSG		False	NIFAL
unvocalized	LX-e37f4c3b54:U4	LX-e37f4c3b54	תינשאנה	2	FUT.2FPL|FUT.3FPL		False	NIFAL
unvocalized	LX-e393eb217e:U1	LX-e393eb217e	אישרת	2	PST.2MSG|PST.2FSG	PST.2MSG|PST.2FSG	False	PIEL
unvocalized	LX-e393eb217e:U2	LX-e393eb217e	תאשר	2	FUT.2MSG|FUT.3FSG		False	PIEL
unvocalized	LX-e393eb217e:U3	LX-e393eb217e	תאשרנה	2	FUT.2FPL|FUT.3FPL		False	PIEL
unvocalized	LX-e3c3e1e3c8:U1	LX-e3c3e1e3c8	השתחררת	2	PST.2MSG|PST.2FSG	PST.2MSG|PST.2FSG	False	HITPAEL
unvocalized	LX-e3c3e1e3c8:U2	LX-e3c3e1e3c8	השתחרר	2	PST.3MSG|IMP.2MSG	PST.3MSG	True	HITPAEL
unvocalized	LX-e3c3e1e3c8:U3	LX-e3c3e1e3c8	השתחררו	2	PST.3PL|IMP.2MPL	PST.3PL	True	HITPAEL
unvocalized	LX-e3c3e1e3c8:U4	LX-e3c3e1e3c8	תשתחרר	2	FUT.2MSG|FUT.3FSG		False	HITPAEL
unvocalized	LX-e3c3e1e3c8:U5	LX-e3c3e1e3c8	תשתחררנה	2	FUT.2FPL|FUT.3FPL		False	HITPAEL
unvocalized	LX-e3dbc11ba5:U1	LX-e3dbc11ba5	התנבאת	2	PST.2MSG|PST.2FSG	PST.2MSG|PST.2FSG	False	
unvocalized	LX-e3dbc11ba5:U2	LX-e3dbc11ba5	התנבא	2	PST.3MSG|IMP.2MSG	PST.3MSG	True	
unvocalized	LX-e3dbc11ba5:U3	LX-e3dbc11ba5	התנבאו	2	PST.3PL|IMP.2MPL	PST.3PL	True	
unvocalized	LX-e3dbc11ba5:U4	LX-e3dbc11ba5	תתנבא	2	FUT.2MSG|FUT.3FSG		False	
unvocalized	LX-e3dbc11ba5:U5	LX-e3dbc11ba5	תתנבאנה	2	FUT.2FPL|FUT.3FPL		False	
unvocalized	LX-e405d57fd3:U1	LX-e405d57fd3	פגשת	2	PST.2MSG|PST.2FSG	PST.2MSG|PST.2FSG	False	PAAL
unvocalized	LX-e405d57fd3:U2	LX-e405d57fd3	פגשו	2	PST.3PL|IMP.2MPL	PST.3PL	True	PAAL
unvocalized	LX-e405d57fd3:U3	LX-e405d57fd3	תפגוש	2	FUT.2MSG|FUT.3FSG		False	PAAL
unvocalized	LX-e405d57fd3:U4	LX-e405d57fd3	תפגושנה	2	FUT.2FPL|FUT.3FPL		False	PAAL
unvocalized	LX-e4491b8f04:U1	LX-e4491b8f04	פרחת	2	PST.2MSG|PST.2FSG	PST.2MSG|PST.2FSG	False	PAAL
unvocalized	LX-e4491b8f04:U2	LX-e4491b8f04	פרח	2	PST.3MSG|IMP.2MSG	PST.3MSG	True	PAAL
unvocalized	LX-e4491b8f04:U3	LX-e4491b8f04	פרחו	2	PST.3PL|IMP.2MPL	PST.3PL	True	PAAL
unvocalized	LX-e4491b8f04:U4	LX-e4491b8f04	תפרח	2	FUT.2MSG|FUT.3FSG		False	PAAL
unvocalized	LX-e4491b8f04:U5	LX-e4491b8f04	תפרחנה	2	FUT.2FPL|FUT.3FPL		False	PAAL
unvocalized	LX-e48552f170:U1	LX-e48552f170	רצחת	2	PST.2MSG|PST.2FSG	PST.2MSG|PST.2FSG	False	PAAL
unvocalized	LX-e48552f170:U2	LX-e48552f170	רצח	2	PST.3MSG|IMP.2MSG	PST.3MSG	True	PAAL
unvocalized	LX-e48552f170:U3	LX-e48552f170	רצחו	2	PST.3PL|IMP.2MPL	PST.3PL	True	PAAL
unvocalized	LX-e48552f170:U4	LX-e48552f170	תרצח	2	FUT.2MSG|FUT.3FSG		False	PAAL
unvocalized	LX-e48552f170:U5	LX-e48552f170	תרצחנה	2	FUT.2FPL|FUT.3FPL		False	PAAL
unvocalized	LX-e49ccc7b5d:U1	LX-e49ccc7b5d	מוטטת	2	PST.2MSG|PST.2FSG	PST.2MSG|PST.2FSG	False	
unvocalized	LX-e49ccc7b5d:U2	LX-e49ccc7b5d	מוטט	2	PST.3MSG|IMP.2MSG	PST.3MSG	True	
unvocalized	LX-e49ccc7b5d:U3	LX-e49ccc7b5d	מוטטו	2	PST.3PL|IMP.2MPL	PST.3PL	True	
unvocalized	LX-e49ccc7b5d:U4	LX-e49ccc7b5d	תמוטט	2	FUT.2MSG|FUT.3FSG		False	
unvocalized	LX-e49ccc7b5d:U5	LX-e49ccc7b5d	תמוטטנה	2	FUT.2FPL|FUT.3FPL		False	
unvocalized	LX-e514f8ec59:U1	LX-e514f8ec59	תיקנת	2	PST.2MSG|PST.2FSG	PST.2MSG|PST.2FSG	False	PIEL
unvocalized	LX-e514f8ec59:U2	LX-e514f8ec59	תיקנו	2	PST.1PL|PST.3PL	PST.1PL|PST.3PL	False	PIEL
unvocalized	LX-e514f8ec59:U3	LX-e514f8ec59	תתקן	2	FUT.2MSG|FUT.3FSG		False	PIEL
unvocalized	LX-e514f8ec59:U4	LX-e514f8ec59	תתקנה	2	FUT.2FPL|FUT.3FPL		False	PIEL
unvocalized	LX-e5193defc1:U1	LX-e5193defc1	הקשבת	2	PST.2MSG|PST.2FSG	PST.2MSG|PST.2FSG	False	HIFIL
unvocalized	LX-e5193defc1:U2	LX-e5193defc1	הקשיבו	2	PST.3PL|IMP.2MPL	PST.3PL	True	HIFIL
unvocalized	LX-e5193defc1:U3	LX-e5193defc1	תקשיב	2	FUT.2MSG|FUT.3FSG		False	HIFIL
unvocalized	LX-e5193defc1:U4	LX-e5193defc1	תקשבנה	2	FUT.2FPL|FUT.3FPL		False	HIFIL
unvocalized	LX-e51a2d6777:U1	LX-e51a2d6777	התקלחת	2	PST.2MSG|PST.2FSG	PST.2MSG|PST.2FSG	False	
unvocalized	LX-e51a2d6777:U2	LX-e51a2d6777	התקלח	2	PST.3MSG|IMP.2MSG	PST.3MSG	True	
unvocalized	LX-e51a2d6777:U3	LX-e51a2d6777	התקלחו	2	PST.3PL|IMP.2MPL	PST.3PL	True	
unvocalized	LX-e51a2d6777:U4	LX-e51a2d6777	תתקלח	2	FUT.2MSG|FUT.3FSG		False	
unvocalized	LX-e51a2d6777:U5	LX-e51a2d6777	תתקלחנה	2	FUT.2FPL|FUT.3FPL		False	
unvocalized	LX-e545484ad5:U1	LX-e545484ad5	התאזרחת	2	PST.2MSG|PST.2FSG	PST.2MSG|PST.2FSG	False	HITPAEL
unvocalized	LX-e545484ad5:U2	LX-e545484ad5	התאזרח	2	PST.3MSG|IMP.2MSG	PST.3MSG	True	HITPAEL
unvocalized	LX-e545484ad5:U3	LX-e545484ad5	התאזרחו	2	PST.3PL|IMP.2MPL	PST.3PL	True	HITPAEL
unvocalized	LX-e545484ad5:U4	LX-e545484ad5	תתאזרח	2	FUT.2MSG|FUT.3FSG		False	HITPAEL
unvocalized	LX-e545484ad5:U5	LX-e545484ad5	תתאזרחנה	2	FUT.2FPL|FUT.3FPL		False	HITPAEL
unvocalized	LX-e5c08439ab:U1	LX-e5c08439ab	שכבת	2	PST.2MSG|PST.2FSG	PST.2MSG|PST.2FSG	False	PAAL
unvocalized	LX-e5c08439ab:U2	LX-e5c08439ab	שכב	2	PST.3MSG|IMP.2MSG	PST.3MSG	True	PAAL
unvocalized	LX-e5c08439ab:U3	LX-e5c08439ab	שכבו	2	PST.3PL|IMP.2MPL	PST.3PL	True	PAAL
unvocalized	LX-e5c08439ab:U4	LX-e5c08439ab	תשכב	2	FUT.2MSG|FUT.3FSG		False	PAAL
unvocalized	LX-e5c08439ab:U5	LX-e5c08439ab	תשכבנה	2	FUT.2FPL|FUT.3FPL		False	PAAL
unvocalized	LX-e5cd4ef5f5:U1	LX-e5cd4ef5f5	צמחת	2	PST.2MSG|PST.2FSG	PST.2MSG|PST.2FSG	False	PAAL
unvocalized	LX-e5cd4ef5f5:U2	LX-e5cd4ef5f5	צמח	2	PST.3MSG|IMP.2MSG	PST.3MSG	True	PAAL
unvocalized	LX-e5cd4ef5f5:U3	LX-e5cd4ef5f5	צמחו	2	PST.3PL|IMP.2MPL	PST.3PL	True	PAAL
unvocalized	LX-e5cd4ef5f5:U4	LX-e5cd4ef5f5	תצמח	2	FUT.2MSG|FUT.3FSG		False	PAAL
unvocalized	LX-e5cd4ef5f5:U5	LX-e5cd4ef5f5	תצמחנה	2	FUT.2FPL|FUT.3FPL		False	PAAL
unvocalized	LX-e665a00f13:U1	LX-e665a00f13	הפרת	2	PST.2MSG|PST.2FSG	PST.2MSG|PST.2FSG	False	HIFIL
unvocalized	LX-e665a00f13:U2	LX-e665a00f13	הפר	2	PST.3MSG|IMP.2MSG	PST.3MSG	True	HIFIL
unvocalized	LX-e665a00f13:U3	LX-e665a00f13	הפרה	2	PST.3FSG|MSDR	PST.3FSG	True	HIFIL
unvocalized	LX-e665a00f13:U4	LX-e665a00f13	הפרו	2	PST.3PL|IMP.2MPL	PST.3PL	True	HIFIL
unvocalized	LX-e665a00f13:U5	LX-e665a00f13	תפר	2	FUT.2MSG|FUT.3FSG		False	HIFIL
unvocalized	LX-e665a00f13:U6	LX-e665a00f13	תפרנה	2	FUT.2FPL|FUT.3FPL		False	HIFIL
unvocalized	LX-e6667ea209:U1	LX-e6667ea209	פוצית	2	PST.2MSG|PST.2FSG	PST.2MSG|PST.2FSG	False	
unvocalized	LX-e6667ea209:U2	LX-e6667ea209	מפוצה	2	PRS.MSG|PRS.FSG		False	
unvocalized	LX-e6667ea209:U3	LX-e6667ea209	תפוצה	2	FUT.2MSG|FUT.3FSG		False	
unvocalized	LX-e6667ea209:U4	LX-e6667ea209	תפוצינה	2	FUT.2FPL|FUT.3FPL		False	
unvocalized	LX-e671b27ab0:U1	LX-e671b27ab0	אותתת	2	PST.2MSG|PST.2FSG	PST.2MSG|PST.2FSG	False	PIEL
unvocalized	LX-e671b27ab0:U2	LX-e671b27ab0	אותת	2	PST.3MSG|IMP.2MSG	PST.3MSG	True	PIEL
unvocalized	LX-e671b27ab0:U3	LX-e671b27ab0	אותתו	2	PST.3PL|IMP.2MPL	PST.3PL	True	PIEL
unvocalized	LX-e671b27ab0:U4	LX-e671b27ab0	תאותת	2	FUT.2MSG|FUT.3FSG		False	PIEL
unvocalized	LX-e671b27ab0:U5	LX-e671b27ab0	תאותתנה	2	FUT.2FPL|FUT.3FPL		False	PIEL
unvocalized	LX-e67a8b6fe4:U1	LX-e67a8b6fe4	זועזעת	2	PST.2MSG|PST.2FSG	PST.2MSG|PST.2FSG	False	
unvocalized	LX-e67a8b6fe4:U2	LX-e67a8b6fe4	תזועזע	2	FUT.2MSG|FUT.3FSG		False	
unvocalized	LX-e67a8b6fe4:U3	LX-e67a8b6fe4	תזועזענה	2	FUT.2FPL|FUT.3FPL		False	
unvocalized	LX-e70e70af87:U1	LX-e70e70af87	סילקת	2	PST.2MSG|PST.2FSG	PST.2MSG|PST.2FSG	False	PIEL
unvocalized	LX-e70e70af87:U2	LX-e70e70af87	תסלק	2	FUT.2MSG|FUT.3FSG		False	PIEL
unvocalized	LX-e70e70af87:U3	LX-e70e70af87	תסלקנה	2	FUT.2FPL|FUT.3FPL		False	PIEL
unvocalized	LX-e737d03de5:U1	LX-e737d03de5	דיגלת	2	PST.2MSG|PST.2FSG	PST.2MSG|PST.2FSG	False	
unvocalized	LX-e737d03de5:U2	LX-e737d03de5	תדגל	2	FUT.2MSG|FUT.3FSG		False	
unvocalized	LX-e737d03de5:U3	LX-e737d03de5	תדגלנה	2	FUT.2FPL|FUT.3FPL		False	
unvocalized	LX-e7e8ab0d7d:U1	LX-e7e8ab0d7d	צינזרת	2	PST.2MSG|PST.2FSG	PST.2MSG|PST.2FSG	False	PIEL
unvocalized	LX-e7e8ab0d7d:U2	LX-e7e8ab0d7d	תצנזר	2	FUT.2MSG|FUT.3FSG		False	PIEL
unvocalized	LX-e7e8ab0d7d:U3	LX-e7e8ab0d7d	תצנזרנה	2	FUT.2FPL|FUT.3FPL		False	PIEL
unvocalized	LX-e84a8e4575:U1	LX-e84a8e4575	קינחת	2	PST.2MSG|PST.2FSG	PST.2MSG|PST.2FSG	False	PIEL
unvocalized	LX-e84a8e4575:U2	LX-e84a8e4575	תקנח	2	FUT.2MSG|FUT.3FSG		False	PIEL
unvocalized	LX-e84a8e4575:U3	LX-e84a8e4575	תקנחנה	2	FUT.2FPL|FUT.3FPL		False	PIEL
unvocalized	LX-e8646b5b9e:U1	LX-e8646b5b9e	נצרת	2	PST.2MSG|PST.2FSG	PST.2MSG|PST.2FSG	False	PAAL
unvocalized	LX-e8646b5b9e:U2	LX-e8646b5b9e	נצרו	2	PST.3PL|IMP.2MPL	PST.3PL	True	PAAL
unvocalized	LX-e8646b5b9e:U3	LX-e8646b5b9e	תנצור	2	FUT.2MSG|FUT.3FSG		False	PAAL
unvocalized	LX-e8646b5b9e:U4	LX-e8646b5b9e	תנצורנה	2	FUT.2FPL|FUT.3FPL		False	PAAL
unvocalized	LX-e8c2490fc9:U1	LX-e8c2490fc9	זכרת	2	PST.2MSG|PST.2FSG	PST.2MSG|PST.2FSG	False	PAAL
unvocalized	LX-e8c2490fc9:U2	LX-e8c2490fc9	זכרו	2	PST.3PL|IMP.2MPL	PST.3PL	True	PAAL
unvocalized	LX-e8c2490fc9:U3	LX-e8c2490fc9	תזכור	2	FUT.2MSG|FUT.3FSG		False	PAAL
unvocalized	LX-e8c2490fc9:U4	LX-e8c2490fc9	תזכורנה	2	FUT.2FPL|FUT.3FPL		False	PAAL
unvocalized	LX-e8ec2d746a:U1	LX-e8ec2d746a	קישרת	2	PST.2MSG|PST.2FSG	PST.2MSG|PST.2FSG	False	PIEL
unvocalized	LX-e8ec2d746a:U2	LX-e8ec2d746a	תקשר	2	FUT.2MSG|FUT.3FSG		False	PIEL
unvocalized	LX-e8ec2d746a:U3	LX-e8ec2d746a	תקשרנה	2	FUT.2FPL|FUT.3FPL		False	PIEL
unvocalized	LX-e919f52b15:U1	LX-e919f52b15	נכלמת	3	PST.2MSG|PST.2FSG|PRS.FSG	PST.2MSG|PST.2FSG	True	NIFAL
unvocalized	LX-e919f52b15:U2	LX-e919f52b15	נכלם	2	PST.3MSG|PRS.MSG	PST.3MSG	True	NIFAL
unvocalized	LX-e919f52b15:U3	LX-e919f52b15	תיכלם	2	FUT.2MSG|FUT.3FSG		False	NIFAL
unvocalized	LX-e919f52b15:U4	LX-e919f52b15	תיכלמנה	2	FUT.2FPL|FUT.3FPL		False	NIFAL
unvocalized	LX-e9a5325895:U1	LX-e9a5325895	אספת	2	PST.2MSG|PST.2FSG	PST.2MSG|PST.2FSG	False	PAAL
unvocalized	LX-e9a5325895:U2	LX-e9a5325895	אספו	2	PST.3PL|IMP.2MPL	PST.3PL	True	PAAL
unvocalized	LX-e9a5325895:U3	LX-e9a5325895	תאסוף	2	FUT.2MSG|FUT.3FSG		False	PAAL
unvocalized	LX-e9a5325895:U4	LX-e9a5325895	תאסופנה	2	FUT.2FPL|FUT.3FPL		False	PAAL
unvocalized	LX-e9ecf1fa4a:U1	LX-e9ecf1fa4a	בוטאת	2	PST.2MSG|PST.2FSG	PST.2MSG|PST.2FSG	False	PUAL
unvocalized	LX-e9ecf1fa4a:U2	LX-e9ecf1fa4a	תבוטא	2	FUT.2MSG|FUT.3FSG		False	PUAL
unvocalized	LX-e9ecf1fa4a:U3	LX-e9ecf1fa4a	תבוטאנה	2	FUT.2FPL|FUT.3FPL		False	PUAL
unvocalized	LX-ea25ee3884:U1	LX-ea25ee3884	הושתקת	2	PST.2MSG|PST.2FSG	PST.2MSG|PST.2FSG	False	HUFAL
unvocalized	LX-ea25ee3884:U2	LX-ea25ee3884	תושתק	2	FUT.2MSG|FUT.3FSG		False	HUFAL
unvocalized	LX-ea25ee3884:U3	LX-ea25ee3884	תושתקנה	2	FUT.2FPL|FUT.3FPL		False	HUFAL
unvocalized	LX-ea43dfa94f:U1	LX-ea43dfa94f	המתת	2	PST.2MSG|PST.2FSG	PST.2MSG|PST.2FSG	False	HIFIL
unvocalized	LX-ea43dfa94f:U2	LX-ea43dfa94f	המיתו	2	PST.3PL|IMP.2MPL	PST.3PL	True	HIFIL
unvocalized	LX-ea43dfa94f:U3	LX-ea43dfa94f	תמית	2	FUT.2MSG|FUT.3FSG		False	HIFIL
unvocalized	LX-ea43dfa94f:U4	LX-ea43dfa94f	תמתנה	2	FUT.2FPL|FUT.3FPL		False	HIFIL
unvocalized	LX-ea77133061:U1	LX-ea77133061	בלית	2	PST.2MSG|PST.2FSG	PST.2MSG|PST.2FSG	False	PAAL
unvocalized	LX-ea77133061:U2	LX-ea77133061	בלה	4	PST.3MSG|PRS.MSG|PRS.FSG|IMP.2MSG	PST.3MSG	True	PAAL
unvocalized	LX-ea77133061:U3	LX-ea77133061	בלו	2	PST.3PL|IMP.2MPL	PST.3PL	True	PAAL
unvocalized	LX-ea77133061:U4	LX-ea77133061	תבלה	2	FUT.2MSG|FUT.3FSG		False	PAAL
unvocalized	LX-ea77133061:U5	LX-ea77133061	תבלינה	2	FUT.2FPL|FUT.3FPL		False	PAAL
unvocalized	LX-eaa7f02910:U1	LX-eaa7f02910	עמדת	2	PST.2MSG|PST.2FSG	PST.2MSG|PST.2FSG	False	PAAL
unvocalized	LX-eaa7f02910:U2	LX-eaa7f02910	עמדו	2	PST.3PL|IMP.2MPL	PST.3PL	True	PAAL
unvocalized	LX-eaa7f02910:U3	LX-eaa7f02910	תעמוד	2	FUT.2MSG|FUT.3FSG		False	PAAL
unvocalized	LX-eaa7f02910:U4	LX-eaa7f02910	תעמודנה	2	FUT.2FPL|FUT.3FPL		False	PAAL
unvocalized	LX-eac002a1ae:U1	LX-eac002a1ae	צפת	2	PST.2MSG|PST.2FSG	PST.2MSG|PST.2FSG	False	PAAL
unvocalized	LX-eac002a1ae:U2	LX-eac002a1ae	צף	2	PST.3MSG|PRS.MSG	PST.3MSG	True	PAAL
unvocalized	LX-eac002a1ae:U3	LX-eac002a1ae	צפה	2	PST.3FSG|PRS.FSG	PST.3FSG	True	PAAL
unvocalized	LX-eac002a1ae:U4	LX-eac002a1ae	תצוף	2	FUT.2MSG|FUT.3FSG		False	PAAL
unvocalized	LX-eac002a1ae:U5	LX-eac002a1ae	תצופנה	2	FUT.2FPL|FUT.3FPL		False	PAAL
unvocalized	LX-eacd12f96d:U1	LX-eacd12f96d	נישקת	2	PST.2MSG|PST.2FSG	PST.2MSG|PST.2FSG	False	PIEL
unvocalized	LX-eacd12f96d:U2	LX-eacd12f96d	תנשק	2	FUT.2MSG|FUT.3FSG		False	PIEL
unvocalized	LX-eacd12f96d:U3	LX-eacd12f96d	תנשקנה	2	FUT.2FPL|FUT.3FPL		False	PIEL
unvocalized	LX-eae923cd2c:U1	LX-eae923cd2c	כילית	2	PST.2MSG|PST.2FSG	PST.2MSG|PST.2FSG	False	PIEL
unvocalized	LX-eae923cd2c:U2	LX-eae923cd2c	מכלה	2	PRS.MSG|PRS.FSG		False	PIEL
unvocalized	LX-eae923cd2c:U3	LX-eae923cd2c	תכלה	2	FUT.2MSG|FUT.3FSG		False	PIEL
unvocalized	LX-eae923cd2c:U4	LX-eae923cd2c	תכלינה	2	FUT.2FPL|FUT.3FPL		False	PIEL
unvocalized	LX-eb646aacf1:U1	LX-eb646aacf1	עברת	2	PST.2MSG|PST.2FSG	PST.2MSG|PST.2FSG	False	PAAL
unvocalized	LX-eb646aacf1:U2	LX-eb646aacf1	עברו	2	PST.3PL|IMP.2MPL	PST.3PL	True	PAAL
unvocalized	LX-eb646aacf1:U3	LX-eb646aacf1	תעבור	2	FUT.2MSG|FUT.3FSG		False	PAAL
unvocalized	LX-eb646aacf1:U4	LX-eb646aacf1	תעבורנה	2	FUT.2FPL|FUT.3FPL		False	PAAL
unvocalized	LX-ebbb34c23c:U1	LX-ebbb34c23c	חוזקת	2	PST.2MSG|PST.2FSG	PST.2MSG|PST.2FSG	False	PUAL
unvocalized	LX-ebbb34c23c:U2	LX-ebbb34c23c	תחוזק	2	FUT.2MSG|FUT.3FSG		False	PUAL
unvocalized	LX-ebbb34c23c:U3	LX-ebbb34c23c	תחוזקנה	2	FUT.2FPL|FUT.3FPL		False	PUAL
unvocalized	LX-ebdb503530:U1	LX-ebdb503530	קיטבת	2	PST.2MSG|PST.2FSG	PST.2MSG|PST.2FSG	False	
unvocalized	LX-ebdb503530:U2	LX-ebdb503530	תקטב	2	FUT.2MSG|FUT.3FSG		False	
unvocalized	LX-ebdb503530:U3	LX-ebdb503530	תקטבנה	2	FUT.2FPL|FUT.3FPL		False	
unvocalized	LX-ebf8ffff61:U1	LX-ebf8ffff61	טבחת	2	PST.2MSG|PST.2FSG	PST.2MSG|PST.2FSG	False	PAAL
unvocalized	LX-ebf8ffff61:U2	LX-ebf8ffff61	טבח	2	PST.3MSG|IMP.2MSG	PST.3MSG	True	PAAL
unvocalized	LX-ebf8ffff61:U3	LX-ebf8ffff61	טבחו	2	PST.3PL|IMP.2MPL	PST.3PL	True	PAAL
unvocalized	LX-ebf8ffff61:U4	LX-ebf8ffff61	תטבח	2	FUT.2MSG|FUT.3FSG		False	PAAL
unvocalized	LX-ebf8ffff61:U5	LX-ebf8ffff61	תטבחנה	2	FUT.2FPL|FUT.3FPL		False	PAAL
unvocalized	LX-ec5617194d:U1	LX-ec5617194d	לימדת	2	PST.2MSG|PST.2FSG	PST.2MSG|PST.2FSG	False	PIEL
unvocalized	LX-ec5617194d:U2	LX-ec5617194d	תלמד	2	FUT.2MSG|FUT.3FSG		False	PIEL
unvocalized	LX-ec5617194d:U3	LX-ec5617194d	תלמדנה	2	FUT.2FPL|FUT.3FPL		False	PIEL
unvocalized	LX-ec6a963ec5:U1	LX-ec6a963ec5	התקבלת	2	PST.2MSG|PST.2FSG	PST.2MSG|PST.2FSG	False	
unvocalized	LX-ec6a963ec5:U2	LX-ec6a963ec5	התקבל	2	PST.3MSG|IMP.2MSG	PST.3MSG	True	
unvocalized	LX-ec6a963ec5:U3	LX-ec6a963ec5	התקבלו	2	PST.3PL|IMP.2MPL	PST.3PL	True	
unvocalized	LX-ec6a963ec5:U4	LX-ec6a963ec5	תתקבל	2	FUT.2MSG|FUT.3FSG		False	
unvocalized	LX-ec6a963ec5:U5	LX-ec6a963ec5	תתקבלנה	2	FUT.2FPL|FUT.3FPL		False	
unvocalized	LX-ec81c77bf3:U1	LX-ec81c77bf3	התעמלת	2	PST.2MSG|PST.2FSG	PST.2MSG|PST.2FSG	False	HITPAEL
unvocalized	LX-ec81c77bf3:U2	LX-ec81c77bf3	התעמל	2	PST.3MSG|IMP.2MSG	PST.3MSG	True	HITPAEL
unvocalized	LX-ec81c77bf3:U3	LX-ec81c77bf3	התעמלו	2	PST.3PL|IMP.2MPL	PST.3PL	True	HITPAEL
unvocalized	LX-ec81c77bf3:U4	LX-ec81c77bf3	תתעמל	2	FUT.2MSG|FUT.3FSG		False	HITPAEL
unvocalized	LX-ec81c77bf3:U5	LX-ec81c77bf3	תתעמלנה	2	FUT.2FPL|FUT.3FPL		False	HITPAEL
unvocalized	LX-eca4a0ebc1:U1	LX-eca4a0ebc1	הארת	2	PST.2MSG|PST.2FSG	PST.2MSG|PST.2FSG	False	HIFIL
unvocalized	LX-eca4a0ebc1:U2	LX-eca4a0ebc1	האירו	2	PST.3PL|IMP.2MPL	PST.3PL	True	HIFIL
unvocalized	LX-eca4a0ebc1:U3	LX-eca4a0ebc1	תאיר	2	FUT.2MSG|FUT.3FSG		False	HIFIL
unvocalized	LX-eca4a0ebc1:U4	LX-eca4a0ebc1	תארנה	2	FUT.2FPL|FUT.3FPL		False	HIFIL
unvocalized	LX-ee797e30b2:U1	LX-ee797e30b2	העמדת	2	PST.2MSG|PST.2FSG	PST.2MSG|PST.2FSG	False	
unvocalized	LX-ee797e30b2:U2	LX-ee797e30b2	העמידו	2	PST.3PL|IMP.2MPL	PST.3PL	True	
unvocalized	LX-ee797e30b2:U3	LX-ee797e30b2	תעמיד	2	FUT.2MSG|FUT.3FSG		False	
unvocalized	LX-ee797e30b2:U4	LX-ee797e30b2	תעמדנה	2	FUT.2FPL|FUT.3FPL		False	
unvocalized	LX-eeb845125c:U1	LX-eeb845125c	למדת	2	PST.2MSG|PST.2FSG	PST.2MSG|PST.2FSG	False	PAAL
unvocalized	LX-eeb845125c:U2	LX-eeb845125c	למד	2	PST.3MSG|IMP.2MSG	PST.3MSG	True	PAAL
unvocalized	LX-eeb845125c:U3	LX-eeb845125c	למדו	2	PST.3PL|IMP.2MPL	PST.3PL	True	PAAL
unvocalized	LX-eeb845125c:U4	LX-eeb845125c	תלמד	2	FUT.2MSG|FUT.3FSG		False	PAAL
unvocalized	LX-eeb845125c:U5	LX-eeb845125c	תלמדנה	2	FUT.2FPL|FUT.3FPL		False	PAAL
unvocalized	LX-eee9bf0186:U1	LX-eee9bf0186	סינכרנת	2	PST.2MSG|PST.2FSG	PST.2MSG|PST.2FSG	False	
unvocalized	LX-eee9bf0186:U2	LX-eee9bf0186	סינכרנו	2	PST.1PL|PST.3PL	PST.1PL|PST.3PL	False	
unvocalized	LX-eee9bf0186:U3	LX-eee9bf0186	תסנכרן	2	FUT.2MSG|FUT.3FSG		False	
unvocalized	LX-eee9bf0186:U4	LX-eee9bf0186	תסנכרנה	2	FUT.2FPL|FUT.3FPL		False	
unvocalized	LX-eef2be3e89:U1	LX-eef2be3e89	ריהטת	2	PST.2MSG|PST.2FSG	PST.2MSG|PST.2FSG	False	PIEL
unvocalized	LX-eef2be3e89:U2	LX-eef2be3e89	תרהט	2	FUT.2MSG|FUT.3FSG		False	PIEL
unvocalized	LX-eef2be3e89:U3	LX-eef2be3e89	תרהטנה	2	FUT.2FPL|FUT.3FPL		False	PIEL
unvocalized	LX-eef3b958e9:U1	LX-eef3b958e9	התעוררת	2	PST.2MSG|PST.2FSG	PST.2MSG|PST.2FSG	False	HITPAEL
unvocalized	LX-eef3b958e9:U2	LX-eef3b958e9	התעורר	2	PST.3MSG|IMP.2MSG	PST.3MSG	True	HITPAEL
unvocalized	LX-eef3b958e9:U3	LX-eef3b958e9	התעוררו	2	PST.3PL|IMP.2MPL	PST.3PL	True	HITPAEL
unvocalized	LX-eef3b958e9:U4	LX-eef3b958e9	תתעורר	2	FUT.2MSG|FUT.3FSG		False	HITPAEL
unvocalized	LX-eef3b958e9:U5	LX-eef3b958e9	תתעוררנה	2	FUT.2FPL|FUT.3FPL		False	HITPAEL
unvocalized	LX-ef2a8cd329:U1	LX-ef2a8cd329	גדלת	2	PST.2MSG|PST.2FSG	PST.2MSG|PST.2FSG	False	PAAL
unvocalized	LX-ef2a8cd329:U2	LX-ef2a8cd329	גדל	3	PST.3MSG|PRS.MSG|IMP.2MSG	PST.3MSG	True	PAAL
unvocalized	LX-ef2a8cd329:U3	LX-ef2a8cd329	גדלה	2	PST.3FSG|PRS.FSG	PST.3FSG	True	PAAL
unvocalized	LX-ef2a8cd329:U4	LX-ef2a8cd329	גדלו	2	PST.3PL|IMP.2MPL	PST.3PL	True	PAAL
unvocalized	LX-ef2a8cd329:U5	LX-ef2a8cd329	תגדל	2	FUT.2MSG|FUT.3FSG		False	PAAL
unvocalized	LX-ef2a8cd329:U6	LX-ef2a8cd329	תגדלנה	2	FUT.2FPL|FUT.3FPL		False	PAAL
unvocalized	LX-ef36af359d:U1	LX-ef36af359d	חרית	2	PST.2MSG|PST.2FSG	PST.2MSG|PST.2FSG	False	PAAL
unvocalized	LX-ef36af359d:U2	LX-ef36af359d	חרה	2	PST.3MSG|IMP.2MSG	PST.3MSG	True	PAAL
unvocalized	LX-ef36af359d:U3	LX-ef36af359d	חרו	2	PST.3PL|IMP.2MPL	PST.3PL	True	PAAL
unvocalized	LX-ef36af359d:U4	LX-ef36af359d	חורה	2	PRS.MSG|PRS.FSG		False	PAAL
unvocalized	LX-ef36af359d:U5	LX-ef36af359d	תחרה	2	FUT.2MSG|FUT.3FSG		False	PAAL
unvocalized	LX-ef36af359d:U6	LX-ef36af359d	תחרינה	2	FUT.2FPL|FUT.3FPL		False	PAAL
unvocalized	LX-ef3e26f237:U1	LX-ef3e26f237	התקמטת	2	PST.2MSG|PST.2FSG	PST.2MSG|PST.2FSG	False	
unvocalized	LX-ef3e26f237:U2	LX-ef3e26f237	התקמט	2	PST.3MSG|IMP.2MSG	PST.3MSG	True	
unvocalized	LX-ef3e26f237:U3	LX-ef3e26f237	התקמטו	2	PST.3PL|IMP.2MPL	PST.3PL	True	
unvocalized	LX-ef3e26f237:U4	LX-ef3e26f237	תתקמט	2	FUT.2MSG|FUT.3FSG		False	
unvocalized	LX-ef3e26f237:U5	LX-ef3e26f237	תתקמטנה	2	FUT.2FPL|FUT.3FPL		False	
unvocalized	LX-ef4b03f140:U1	LX-ef4b03f140	דאגת	2	PST.2MSG|PST.2FSG	PST.2MSG|PST.2FSG	False	PAAL
unvocalized	LX-ef4b03f140:U2	LX-ef4b03f140	דאג	2	PST.3MSG|IMP.2MSG	PST.3MSG	True	PAAL
unvocalized	LX-ef4b03f140:U3	LX-ef4b03f140	דאגה	2	PST.3FSG|MSDR	PST.3FSG	True	PAAL
unvocalized	LX-ef4b03f140:U4	LX-ef4b03f140	דאגו	2	PST.3PL|IMP.2MPL	PST.3PL	True	PAAL
unvocalized	LX-ef4b03f140:U5	LX-ef4b03f140	תדאג	2	FUT.2MSG|FUT.3FSG		False	PAAL
unvocalized	LX-ef4b03f140:U6	LX-ef4b03f140	תדאגנה	2	FUT.2FPL|FUT.3FPL		False	PAAL
unvocalized	LX-ef7b289959:U1	LX-ef7b289959	איבטחת	2	PST.2MSG|PST.2FSG	PST.2MSG|PST.2FSG	False	
unvocalized	LX-ef7b289959:U2	LX-ef7b289959	תאבטח	2	FUT.2MSG|FUT.3FSG		False	
unvocalized	LX-ef7b289959:U3	LX-ef7b289959	תאבטחנה	2	FUT.2FPL|FUT.3FPL		False	
unvocalized	LX-efc8a8fffa:U1	LX-efc8a8fffa	זחלת	2	PST.2MSG|PST.2FSG	PST.2MSG|PST.2FSG	False	PAAL
unvocalized	LX-efc8a8fffa:U2	LX-efc8a8fffa	זחל	2	PST.3MSG|IMP.2MSG	PST.3MSG	True	PAAL
unvocalized	LX-efc8a8fffa:U3	LX-efc8a8fffa	זחלו	2	PST.3PL|IMP.2MPL	PST.3PL	True	PAAL
unvocalized	LX-efc8a8fffa:U4	LX-efc8a8fffa	תזחל	2	FUT.2MSG|FUT.3FSG		False	PAAL
unvocalized	LX-efc8a8fffa:U5	LX-efc8a8fffa	תזחלנה	2	FUT.2FPL|FUT.3FPL		False	PAAL
unvocalized	LX-f014ecdb3c:U1	LX-f014ecdb3c	קנית	2	PST.2MSG|PST.2FSG	PST.2MSG|PST.2FSG	False	PAAL
unvocalized	LX-f014ecdb3c:U2	LX-f014ecdb3c	קנה	2	PST.3MSG|IMP.2MSG	PST.3MSG	True	PAAL
unvocalized	LX-f014ecdb3c:U3	LX-f014ecdb3c	קנו	2	PST.3PL|IMP.2MPL	PST.3PL	True	PAAL
unvocalized	LX-f014ecdb3c:U4	LX-f014ecdb3c	קונה	2	PRS.MSG|PRS.FSG		False	PAAL
unvocalized	LX-f014ecdb3c:U5	LX-f014ecdb3c	תקנה	2	FUT.2MSG|FUT.3FSG		False	PAAL
unvocalized	LX-f014ecdb3c:U6	LX-f014ecdb3c	תקנינה	2	FUT.2FPL|FUT.3FPL		False	PAAL
unvocalized	LX-f0664633a4:U1	LX-f0664633a4	פיחדת	2	PST.2MSG|PST.2FSG	PST.2MSG|PST.2FSG	False	PIEL
unvocalized	LX-f0664633a4:U2	LX-f0664633a4	תפחד	2	FUT.2MSG|FUT.3FSG		False	PIEL
unvocalized	LX-f0664633a4:U3	LX-f0664633a4	תפחדנה	2	FUT.2FPL|FUT.3FPL		False	PIEL
unvocalized	LX-f09c39ee18:U1	LX-f09c39ee18	נשית	2	PST.2MSG|PST.2FSG	PST.2MSG|PST.2FSG	False	PAAL
unvocalized	LX-f09c39ee18:U2	LX-f09c39ee18	נשה	2	PST.3MSG|IMP.2MSG	PST.3MSG	True	PAAL
unvocalized	LX-f09c39ee18:U3	LX-f09c39ee18	נשו	2	PST.3PL|IMP.2MPL	PST.3PL	True	PAAL
unvocalized	LX-f09c39ee18:U4	LX-f09c39ee18	נושה	2	PRS.MSG|PRS.FSG		False	PAAL
unvocalized	LX-f09c39ee18:U5	LX-f09c39ee18	תישה	2	FUT.2MSG|FUT.3FSG		False	PAAL
unvocalized	LX-f09c39ee18:U6	LX-f09c39ee18	תישינה	2	FUT.2FPL|FUT.3FPL		False	PAAL
unvocalized	LX-f1093e1dd3:U1	LX-f1093e1dd3	החלקת	2	PST.2MSG|PST.2FSG	PST.2MSG|PST.2FSG	False	
unvocalized	LX-f1093e1dd3:U2	LX-f1093e1dd3	החליקו	2	PST.3PL|IMP.2MPL	PST.3PL	True	
unvocalized	LX-f1093e1dd3:U3	LX-f1093e1dd3	תחליק	2	FUT.2MSG|FUT.3FSG		False	
unvocalized	LX-f1093e1dd3:U4	LX-f1093e1dd3	תחלקנה	2	FUT.2FPL|FUT.3FPL		False	
unvocalized	LX-f186e5a3c6:U1	LX-f186e5a3c6	התגעגעת	2	PST.2MSG|PST.2FSG	PST.2MSG|PST.2FSG	False	
unvocalized	LX-f186e5a3c6:U2	LX-f186e5a3c6	התגעגע	2	PST.3MSG|IMP.2MSG	PST.3MSG	True	
unvocalized	LX-f186e5a3c6:U3	LX-f186e5a3c6	התגעגעו	2	PST.3PL|IMP.2MPL	PST.3PL	True	
unvocalized	LX-f186e5a3c6:U4	LX-f186e5a3c6	תתגעגע	2	FUT.2MSG|FUT.3FSG		False	
unvocalized	LX-f186e5a3c6:U5	LX-f186e5a3c6	תתגעגענה	2	FUT.2FPL|FUT.3FPL		False	
unvocalized	LX-f18e40231a:U1	LX-f18e40231a	זוהמת	2	PST.2MSG|PST.2FSG	PST.2MSG|PST.2FSG	False	
unvocalized	LX-f18e40231a:U2	LX-f18e40231a	תזוהם	2	FUT.2MSG|FUT.3FSG		False	
unvocalized	LX-f18e40231a:U3	LX-f18e40231a	תזוהמנה	2	FUT.2FPL|FUT.3FPL		False	
unvocalized	LX-f1da8bbf7d:U1	LX-f1da8bbf7d	עצמת	2	PST.2MSG|PST.2FSG	PST.2MSG|PST.2FSG	False	PAAL
unvocalized	LX-f1da8bbf7d:U2	LX-f1da8bbf7d	עצמו	2	PST.3PL|IMP.2MPL	PST.3PL	True	PAAL
unvocalized	LX-f1da8bbf7d:U3	LX-f1da8bbf7d	תעצום	2	FUT.2MSG|FUT.3FSG		False	PAAL
unvocalized	LX-f1da8bbf7d:U4	LX-f1da8bbf7d	תעצומנה	2	FUT.2FPL|FUT.3FPL		False	PAAL
unvocalized	LX-f247ae6a19:U1	LX-f247ae6a19	מוזגת	2	PST.2MSG|PST.2FSG	PST.2MSG|PST.2FSG	False	
unvocalized	LX-f247ae6a19:U2	LX-f247ae6a19	תמוזג	2	FUT.2MSG|FUT.3FSG		False	
unvocalized	LX-f247ae6a19:U3	LX-f247ae6a19	תמוזגנה	2	FUT.2FPL|FUT.3FPL		False	
unvocalized	LX-f24c0c7236:U1	LX-f24c0c7236	רישתת	2	PST.2MSG|PST.2FSG	PST.2MSG|PST.2FSG	False	PIEL
unvocalized	LX-f24c0c7236:U2	LX-f24c0c7236	תרשת	2	FUT.2MSG|FUT.3FSG		False	PIEL
unvocalized	LX-f24c0c7236:U3	LX-f24c0c7236	תרשתנה	2	FUT.2FPL|FUT.3FPL		False	PIEL
unvocalized	LX-f2988da37f:U1	LX-f2988da37f	מוקשת	2	PST.2MSG|PST.2FSG	PST.2MSG|PST.2FSG	False	
unvocalized	LX-f2988da37f:U2	LX-f2988da37f	תמוקש	2	FUT.2MSG|FUT.3FSG		False	
unvocalized	LX-f2988da37f:U3	LX-f2988da37f	תמוקשנה	2	FUT.2FPL|FUT.3FPL		False	
unvocalized	LX-f381657aef:U1	LX-f381657aef	היטגנת	2	PST.2MSG|PST.2FSG	PST.2MSG|PST.2FSG	False	HITPAEL
unvocalized	LX-f381657aef:U2	LX-f381657aef	היטגן	2	PST.3MSG|IMP.2MSG	PST.3MSG	True	HITPAEL
unvocalized	LX-f381657aef:U3	LX-f381657aef	היטגנה	2	PST.3FSG|IMP.2FPL	PST.3FSG	True	HITPAEL
unvocalized	LX-f381657aef:U4	LX-f381657aef	היטגנו	3	PST.1PL|PST.3PL|IMP.2MPL	PST.1PL|PST.3PL	True	HITPAEL
unvocalized	LX-f381657aef:U5	LX-f381657aef	תיטגן	2	FUT.2MSG|FUT.3FSG		False	HITPAEL
unvocalized	LX-f381657aef:U6	LX-f381657aef	תיטגנה	2	FUT.2FPL|FUT.3FPL		False	HITPAEL
unvocalized	LX-f38c86e479:U1	LX-f38c86e479	מכרת	2	PST.2MSG|PST.2FSG	PST.2MSG|PST.2FSG	False	PAAL
unvocalized	LX-f38c86e479:U2	LX-f38c86e479	מכרו	2	PST.3PL|IMP.2MPL	PST.3PL	True	PAAL
unvocalized	LX-f38c86e479:U3	LX-f38c86e479	תמכור	2	FUT.2MSG|FUT.3FSG		False	PAAL
unvocalized	LX-f38c86e479:U4	LX-f38c86e479	תמכורנה	2	FUT.2FPL|FUT.3FPL		False	PAAL
unvocalized	LX-f40ce2ea1a:U1	LX-f40ce2ea1a	נבראת	3	PST.2MSG|PST.2FSG|PRS.FSG	PST.2MSG|PST.2FSG	True	
unvocalized	LX-f40ce2ea1a:U2	LX-f40ce2ea1a	נברא	2	PST.3MSG|PRS.MSG	PST.3MSG	True	
unvocalized	LX-f40ce2ea1a:U3	LX-f40ce2ea1a	תיברא	2	FUT.2MSG|FUT.3FSG		False	
unvocalized	LX-f40ce2ea1a:U4	LX-f40ce2ea1a	תיבראנה	2	FUT.2FPL|FUT.3FPL		False	
unvocalized	LX-f494071938:U1	LX-f494071938	אזלת	2	PST.2MSG|PST.2FSG	PST.2MSG|PST.2FSG	False	PAAL
unvocalized	LX-f494071938:U2	LX-f494071938	אזל	2	PST.3MSG|IMP.2MSG	PST.3MSG	True	PAAL
unvocalized	LX-f494071938:U3	LX-f494071938	אזלו	2	PST.3PL|IMP.2MPL	PST.3PL	True	PAAL
unvocalized	LX-f494071938:U4	LX-f494071938	תאזל	2	FUT.2MSG|FUT.3FSG		False	PAAL
unvocalized	LX-f494071938:U5	LX-f494071938	תאזלנה	2	FUT.2FPL|FUT.3FPL		False	PAAL
unvocalized	LX-f4db6e236f:U1	LX-f4db6e236f	חלת	2	PST.2MSG|PST.2FSG	PST.2MSG|PST.2FSG	False	PAAL
unvocalized	LX-f4db6e236f:U2	LX-f4db6e236f	חל	2	PST.3MSG|PRS.MSG	PST.3MSG	True	PAAL
unvocalized	LX-f4db6e236f:U3	LX-f4db6e236f	חלה	2	PST.3FSG|PRS.FSG	PST.3FSG	True	PAAL
unvocalized	LX-f4db6e236f:U4	LX-f4db6e236f	תחול	2	FUT.2MSG|FUT.3FSG		False	PAAL
unvocalized	LX-f4db6e236f:U5	LX-f4db6e236f	תחולנה	2	FUT.2FPL|FUT.3FPL		False	PAAL
unvocalized	LX-f4e1738ecc:U1	LX-f4e1738ecc	ביקשת	2	PST.2MSG|PST.2FSG	PST.2MSG|PST.2FSG	False	PIEL
unvocalized	LX-f4e1738ecc:U2	LX-f4e1738ecc	תבקש	2	FUT.2MSG|FUT.3FSG		False	PIEL
unvocalized	LX-f4e1738ecc:U3	LX-f4e1738ecc	תבקשנה	2	FUT.2FPL|FUT.3FPL		False	PIEL
unvocalized	LX-f54543aebc:U1	LX-f54543aebc	נאכלת	3	PST.2MSG|PST.2FSG|PRS.FSG	PST.2MSG|PST.2FSG	True	NIFAL
unvocalized	LX-f54543aebc:U2	LX-f54543aebc	נאכל	2	PST.3MSG|PRS.MSG	PST.3MSG	True	NIFAL
unvocalized	LX-f54543aebc:U3	LX-f54543aebc	תיאכל	2	FUT.2MSG|FUT.3FSG		False	NIFAL
unvocalized	LX-f54543aebc:U4	LX-f54543aebc	תיאכלנה	2	FUT.2FPL|FUT.3FPL		False	NIFAL
unvocalized	LX-f55c3a8575:U1	LX-f55c3a8575	העלית	2	PST.2MSG|PST.2FSG	PST.2MSG|PST.2FSG	False	HIFIL
unvocalized	LX-f55c3a8575:U2	LX-f55c3a8575	העלה	2	PST.3MSG|IMP.2MSG	PST.3MSG	True	HIFIL
unvocalized	LX-f55c3a8575:U3	LX-f55c3a8575	העלו	2	PST.3PL|IMP.2MPL	PST.3PL	True	HIFIL
unvocalized	LX-f55c3a8575:U4	LX-f55c3a8575	מעלה	2	PRS.MSG|PRS.FSG		False	HIFIL
unvocalized	LX-f55c3a8575:U5	LX-f55c3a8575	תעלה	2	FUT.2MSG|FUT.3FSG		False	HIFIL
unvocalized	LX-f55c3a8575:U6	LX-f55c3a8575	תעלינה	2	FUT.2FPL|FUT.3FPL		False	HIFIL
unvocalized	LX-f55cc7a592:U1	LX-f55cc7a592	חדת	2	PST.2MSG|PST.2FSG	PST.2MSG|PST.2FSG	False	PAAL
unvocalized	LX-f55cc7a592:U2	LX-f55cc7a592	חד	2	PST.3MSG|PRS.MSG	PST.3MSG	True	PAAL
unvocalized	LX-f55cc7a592:U3	LX-f55cc7a592	חדה	2	PST.3FSG|PRS.FSG	PST.3FSG	True	PAAL
unvocalized	LX-f55cc7a592:U4	LX-f55cc7a592	תחוד	2	FUT.2MSG|FUT.3FSG		False	PAAL
unvocalized	LX-f55cc7a592:U5	LX-f55cc7a592	תחודנה	2	FUT.2FPL|FUT.3FPL		False	PAAL
unvocalized	LX-f5741c51d2:U1	LX-f5741c51d2	בטחת	2	PST.2MSG|PST.2FSG	PST.2MSG|PST.2FSG	False	PAAL
unvocalized	LX-f5741c51d2:U2	LX-f5741c51d2	בטח	2	PST.3MSG|IMP.2MSG	PST.3MSG	True	PAAL
unvocalized	LX-f5741c51d2:U3	LX-f5741c51d2	בטחו	2	PST.3PL|IMP.2MPL	PST.3PL	True	PAAL
unvocalized	LX-f5741c51d2:U4	LX-f5741c51d2	תבטח	2	FUT.2MSG|FUT.3FSG		False	PAAL
unvocalized	LX-f5741c51d2:U5	LX-f5741c51d2	תבטחנה	2	FUT.2FPL|FUT.3FPL		False	PAAL
unvocalized	LX-f5a3110c70:U1	LX-f5a3110c70	בחרת	2	PST.2MSG|PST.2FSG	PST.2MSG|PST.2FSG	False	PAAL
unvocalized	LX-f5a3110c70:U2	LX-f5a3110c70	בחר	2	PST.3MSG|IMP.2MSG	PST.3MSG	True	PAAL
unvocalized	LX-f5a3110c70:U3	LX-f5a3110c70	בחרו	2	PST.3PL|IMP.2MPL	PST.3PL	True	PAAL
unvocalized	LX-f5a3110c70:U4	LX-f5a3110c70	תבחר	2	FUT.2MSG|FUT.3FSG		False	PAAL
unvocalized	LX-f5a3110c70:U5	LX-f5a3110c70	תבחרנה	2	FUT.2FPL|FUT.3FPL		False	PAAL
unvocalized	LX-f5eb0a9081:U1	LX-f5eb0a9081	ניטלת	3	PST.2MSG|PST.2FSG|PRS.FSG	PST.2MSG|PST.2FSG	True	NIFAL
unvocalized	LX-f5eb0a9081:U2	LX-f5eb0a9081	ניטל	2	PST.3MSG|PRS.MSG	PST.3MSG	True	NIFAL
unvocalized	LX-f5eb0a9081:U3	LX-f5eb0a9081	תינטל	2	FUT.2MSG|FUT.3FSG		False	NIFAL
unvocalized	LX-f5eb0a9081:U4	LX-f5eb0a9081	תינטלנה	2	FUT.2FPL|FUT.3FPL		False	NIFAL
unvocalized	LX-f5f12cd2b9:U1	LX-f5f12cd2b9	סיימת	2	PST.2MSG|PST.2FSG	PST.2MSG|PST.2FSG	False	PIEL
unvocalized	LX-f5f12cd2b9:U2	LX-f5f12cd2b9	סיים	2	PST.3MSG|IMP.2MSG	PST.3MSG	True	PIEL
unvocalized	LX-f5f12cd2b9:U3	LX-f5f12cd2b9	סיימו	2	PST.3PL|IMP.2MPL	PST.3PL	True	PIEL
unvocalized	LX-f5f12cd2b9:U4	LX-f5f12cd2b9	תסיים	2	FUT.2MSG|FUT.3FSG		False	PIEL
unvocalized	LX-f5f12cd2b9:U5	LX-f5f12cd2b9	תסיימנה	2	FUT.2FPL|FUT.3FPL		False	PIEL
unvocalized	LX-f668c623a6:U1	LX-f668c623a6	הגדלת	2	PST.2MSG|PST.2FSG	PST.2MSG|PST.2FSG	False	HIFIL
unvocalized	LX-f668c623a6:U2	LX-f668c623a6	הגדילו	2	PST.3PL|IMP.2MPL	PST.3PL	True	HIFIL
unvocalized	LX-f668c623a6:U3	LX-f668c623a6	תגדיל	2	FUT.2MSG|FUT.3FSG		False	HIFIL
unvocalized	LX-f668c623a6:U4	LX-f668c623a6	תגדלנה	2	FUT.2FPL|FUT.3FPL		False	HIFIL
unvocalized	LX-f66a0ca4da:U1	LX-f66a0ca4da	החלת	2	PST.2MSG|PST.2FSG	PST.2MSG|PST.2FSG	False	HIFIL
unvocalized	LX-f66a0ca4da:U2	LX-f66a0ca4da	החילו	2	PST.3PL|IMP.2MPL	PST.3PL	True	HIFIL
unvocalized	LX-f66a0ca4da:U3	LX-f66a0ca4da	תחיל	2	FUT.2MSG|FUT.3FSG		False	HIFIL
unvocalized	LX-f66a0ca4da:U4	LX-f66a0ca4da	תחלנה	2	FUT.2FPL|FUT.3FPL		False	HIFIL
unvocalized	LX-f6d3ae66f2:U1	LX-f6d3ae66f2	נבדקת	3	PST.2MSG|PST.2FSG|PRS.FSG	PST.2MSG|PST.2FSG	True	
unvocalized	LX-f6d3ae66f2:U2	LX-f6d3ae66f2	נבדק	2	PST.3MSG|PRS.MSG	PST.3MSG	True	
unvocalized	LX-f6d3ae66f2:U3	LX-f6d3ae66f2	תיבדק	2	FUT.2MSG|FUT.3FSG		False	
unvocalized	LX-f6d3ae66f2:U4	LX-f6d3ae66f2	תיבדקנה	2	FUT.2FPL|FUT.3FPL		False	
unvocalized	LX-f6dee4dee4:U1	LX-f6dee4dee4	הקרסת	2	PST.2MSG|PST.2FSG	PST.2MSG|PST.2FSG	False	
unvocalized	LX-f6dee4dee4:U2	LX-f6dee4dee4	הקריסו	2	PST.3PL|IMP.2MPL	PST.3PL	True	
unvocalized	LX-f6dee4dee4:U3	LX-f6dee4dee4	תקריס	2	FUT.2MSG|FUT.3FSG		False	
unvocalized	LX-f6dee4dee4:U4	LX-f6dee4dee4	תקרסנה	2	FUT.2FPL|FUT.3FPL		False	
unvocalized	LX-f70a98db8e:U1	LX-f70a98db8e	עבדת	2	PST.2MSG|PST.2FSG	PST.2MSG|PST.2FSG	False	PAAL
unvocalized	LX-f70a98db8e:U2	LX-f70a98db8e	עבדו	2	PST.3PL|IMP.2MPL	PST.3PL	True	PAAL
unvocalized	LX-f70a98db8e:U3	LX-f70a98db8e	תעבוד	2	FUT.2MSG|FUT.3FSG		False	PAAL
unvocalized	LX-f70a98db8e:U4	LX-f70a98db8e	תעבודנה	2	FUT.2FPL|FUT.3FPL		False	PAAL
unvocalized	LX-f71e97c383:U1	LX-f71e97c383	כפית	2	PST.2MSG|PST.2FSG	PST.2MSG|PST.2FSG	False	PAAL
unvocalized	LX-f71e97c383:U2	LX-f71e97c383	כפה	2	PST.3MSG|IMP.2MSG	PST.3MSG	True	PAAL
unvocalized	LX-f71e97c383:U3	LX-f71e97c383	כפו	2	PST.3PL|IMP.2MPL	PST.3PL	True	PAAL
unvocalized	LX-f71e97c383:U4	LX-f71e97c383	כופה	2	PRS.MSG|PRS.FSG		False	PAAL
unvocalized	LX-f71e97c383:U5	LX-f71e97c383	תכפה	2	FUT.2MSG|FUT.3FSG		False	PAAL
unvocalized	LX-f71e97c383:U6	LX-f71e97c383	תכפינה	2	FUT.2FPL|FUT.3FPL		False	PAAL
unvocalized	LX-f73b86a02a:U1	LX-f73b86a02a	שכנת	2	PST.2MSG|PST.2FSG	PST.2MSG|PST.2FSG	False	PAAL
unvocalized	LX-f73b86a02a:U2	LX-f73b86a02a	שכנו	3	PST.1PL|PST.3PL|IMP.2MPL	PST.1PL|PST.3PL	True	PAAL
unvocalized	LX-f73b86a02a:U3	LX-f73b86a02a	תשכון	2	FUT.2MSG|FUT.3FSG		False	PAAL
unvocalized	LX-f73b86a02a:U4	LX-f73b86a02a	תשכונה	2	FUT.2FPL|FUT.3FPL		False	PAAL
unvocalized	LX-f77a5756d8:U1	LX-f77a5756d8	חתכת	2	PST.2MSG|PST.2FSG	PST.2MSG|PST.2FSG	False	PAAL
unvocalized	LX-f77a5756d8:U2	LX-f77a5756d8	חתכו	2	PST.3PL|IMP.2MPL	PST.3PL	True	PAAL
unvocalized	LX-f77a5756d8:U3	LX-f77a5756d8	תחתוך	2	FUT.2MSG|FUT.3FSG		False	PAAL
unvocalized	LX-f77a5756d8:U4	LX-f77a5756d8	תחתוכנה	2	FUT.2FPL|FUT.3FPL		False	PAAL
unvocalized	LX-f7c78e84bd:U1	LX-f7c78e84bd	הוכרת	2	PST.2MSG|PST.2FSG	PST.2MSG|PST.2FSG	False	HUFAL
unvocalized	LX-f7c78e84bd:U2	LX-f7c78e84bd	תוכר	2	FUT.2MSG|FUT.3FSG		False	HUFAL
unvocalized	LX-f7c78e84bd:U3	LX-f7c78e84bd	תוכרנה	2	FUT.2FPL|FUT.3FPL		False	HUFAL
unvocalized	LX-f7cee11cd2:U1	LX-f7cee11cd2	הודית	2	PST.2MSG|PST.2FSG	PST.2MSG|PST.2FSG	False	HIFIL
unvocalized	LX-f7cee11cd2:U2	LX-f7cee11cd2	הודה	2	PST.3MSG|IMP.2MSG	PST.3MSG	True	HIFIL
unvocalized	LX-f7cee11cd2:U3	LX-f7cee11cd2	הודו	2	PST.3PL|IMP.2MPL	PST.3PL	True	HIFIL
unvocalized	LX-f7cee11cd2:U4	LX-f7cee11cd2	מודה	2	PRS.MSG|PRS.FSG		False	HIFIL
unvocalized	LX-f7cee11cd2:U5	LX-f7cee11cd2	תודה	2	FUT.2MSG|FUT.3FSG		False	HIFIL
unvocalized	LX-f7cee11cd2:U6	LX-f7cee11cd2	תודינה	2	FUT.2FPL|FUT.3FPL		False	HIFIL
unvocalized	LX-f7f90f17b9:U1	LX-f7f90f17b9	מעכת	2	PST.2MSG|PST.2FSG	PST.2MSG|PST.2FSG	False	PAAL
unvocalized	LX-f7f90f17b9:U2	LX-f7f90f17b9	מעך	2	PST.3MSG|IMP.2MSG	PST.3MSG	True	PAAL
unvocalized	LX-f7f90f17b9:U3	LX-f7f90f17b9	מעכו	2	PST.3PL|IMP.2MPL	PST.3PL	True	PAAL
unvocalized	LX-f7f90f17b9:U4	LX-f7f90f17b9	תמעך	2	FUT.2MSG|FUT.3FSG		False	PAAL
unvocalized	LX-f7f90f17b9:U5	LX-f7f90f17b9	תמעכנה	2	FUT.2FPL|FUT.3FPL		False	PAAL
unvocalized	LX-f88c1c94a9:U1	LX-f88c1c94a9	מיזגת	2	PST.2MSG|PST.2FSG	PST.2MSG|PST.2FSG	False	PIEL
unvocalized	LX-f88c1c94a9:U2	LX-f88c1c94a9	תמזג	2	FUT.2MSG|FUT.3FSG		False	PIEL
unvocalized	LX-f88c1c94a9:U3	LX-f88c1c94a9	תמזגנה	2	FUT.2FPL|FUT.3FPL		False	PIEL
unvocalized	LX-f8dff23754:U1	LX-f8dff23754	היטהרת	2	PST.2MSG|PST.2FSG	PST.2MSG|PST.2FSG	False	HITPAEL
unvocalized	LX-f8dff23754:U2	LX-f8dff23754	היטהר	2	PST.3MSG|IMP.2MSG	PST.3MSG	True	HITPAEL
unvocalized	LX-f8dff23754:U3	LX-f8dff23754	היטהרו	2	PST.3PL|IMP.2MPL	PST.3PL	True	HITPAEL
unvocalized	LX-f8dff23754:U4	LX-f8dff23754	תיטהר	2	FUT.2MSG|FUT.3FSG		False	HITPAEL
unvocalized	LX-f8dff23754:U5	LX-f8dff23754	תיטהרנה	2	FUT.2FPL|FUT.3FPL		False	HITPAEL
unvocalized	LX-f91fe75339:U1	LX-f91fe75339	בראת	2	PST.2MSG|PST.2FSG	PST.2MSG|PST.2FSG	False	PAAL
unvocalized	LX-f91fe75339:U2	LX-f91fe75339	ברא	2	PST.3MSG|IMP.2MSG	PST.3MSG	True	PAAL
unvocalized	LX-f91fe75339:U3	LX-f91fe75339	בראו	2	PST.3PL|IMP.2MPL	PST.3PL	True	PAAL
unvocalized	LX-f91fe75339:U4	LX-f91fe75339	תברא	2	FUT.2MSG|FUT.3FSG		False	PAAL
unvocalized	LX-f91fe75339:U5	LX-f91fe75339	תבראנה	2	FUT.2FPL|FUT.3FPL		False	PAAL
unvocalized	LX-f94a41ebd9:U1	LX-f94a41ebd9	הפגנת	2	PST.2MSG|PST.2FSG	PST.2MSG|PST.2FSG	False	HIFIL
unvocalized	LX-f94a41ebd9:U2	LX-f94a41ebd9	הפגינו	2	PST.3PL|IMP.2MPL	PST.3PL	True	HIFIL
unvocalized	LX-f94a41ebd9:U3	LX-f94a41ebd9	תפגין	2	FUT.2MSG|FUT.3FSG		False	HIFIL
unvocalized	LX-f94a41ebd9:U4	LX-f94a41ebd9	תפגנה	2	FUT.2FPL|FUT.3FPL		False	HIFIL
unvocalized	LX-f94a41ebd9:U5	LX-f94a41ebd9	הפגנה	2	IMP.2FPL|MSDR		True	HIFIL
unvocalized	LX-f9823c6091:U1	LX-f9823c6091	אהבת	2	PST.2MSG|PST.2FSG	PST.2MSG|PST.2FSG	False	PAAL
unvocalized	LX-f9823c6091:U2	LX-f9823c6091	אהב	2	PST.3MSG|IMP.2MSG	PST.3MSG	True	PAAL
unvocalized	LX-f9823c6091:U3	LX-f9823c6091	אהבה	2	PST.3FSG|MSDR	PST.3FSG	True	PAAL
unvocalized	LX-f9823c6091:U4	LX-f9823c6091	אהבו	2	PST.3PL|IMP.2MPL	PST.3PL	True	PAAL
unvocalized	LX-f9823c6091:U5	LX-f9823c6091	אוהב	2	PRS.MSG|FUT.1SG		True	PAAL
unvocalized	LX-f9823c6091:U6	LX-f9823c6091	תאהב	2	FUT.2MSG|FUT.3FSG		False	PAAL
unvocalized	LX-f9823c6091:U7	LX-f9823c6091	תאהבנה	2	FUT.2FPL|FUT.3FPL		False	PAAL
unvocalized	LX-f9d62d9df6:U1	LX-f9d62d9df6	התאזנת	2	PST.2MSG|PST.2FSG	PST.2MSG|PST.2FSG	False	HITPAEL
unvocalized	LX-f9d62d9df6:U2	LX-f9d62d9df6	התאזן	2	PST.3MSG|IMP.2MSG	PST.3MSG	True	HITPAEL
unvocalized	LX-f9d62d9df6:U3	LX-f9d62d9df6	התאזנה	2	PST.3FSG|IMP.2FPL	PST.3FSG	True	HITPAEL
unvocalized	LX-f9d62d9df6:U4	LX-f9d62d9df6	התאזנו	3	PST.1PL|PST.3PL|IMP.2MPL	PST.1PL|PST.3PL	True	HITPAEL
unvocalized	LX-f9d62d9df6:U5	LX-f9d62d9df6	תתאזן	2	FUT.2MSG|FUT.3FSG		False	HITPAEL
unvocalized	LX-f9d62d9df6:U6	LX-f9d62d9df6	תתאזנה	2	FUT.2FPL|FUT.3FPL		False	HITPAEL
unvocalized	LX-fa3c6dc716:U1	LX-fa3c6dc716	תירגמת	2	PST.2MSG|PST.2FSG	PST.2MSG|PST.2FSG	False	
unvocalized	LX-fa3c6dc716:U2	LX-fa3c6dc716	תתרגם	2	FUT.2MSG|FUT.3FSG		False	
unvocalized	LX-fa3c6dc716:U3	LX-fa3c6dc716	תתרגמנה	2	FUT.2FPL|FUT.3FPL		False	
unvocalized	LX-fa50a91874:U1	LX-fa50a91874	שמת	2	PST.2MSG|PST.2FSG	PST.2MSG|PST.2FSG	False	PAAL
unvocalized	LX-fa50a91874:U2	LX-fa50a91874	שם	2	PST.3MSG|PRS.MSG	PST.3MSG	True	PAAL
unvocalized	LX-fa50a91874:U3	LX-fa50a91874	שמה	2	PST.3FSG|PRS.FSG	PST.3FSG	True	PAAL
unvocalized	LX-fa50a91874:U4	LX-fa50a91874	תשים	2	FUT.2MSG|FUT.3FSG		False	PAAL
unvocalized	LX-fa50a91874:U5	LX-fa50a91874	תשמנה	2	FUT.2FPL|FUT.3FPL		False	PAAL
unvocalized	LX-fa7c5b58d1:U1	LX-fa7c5b58d1	הברגת	2	PST.2MSG|PST.2FSG	PST.2MSG|PST.2FSG	False	
unvocalized	LX-fa7c5b58d1:U2	LX-fa7c5b58d1	הבריגו	2	PST.3PL|IMP.2MPL	PST.3PL	True	
unvocalized	LX-fa7c5b58d1:U3	LX-fa7c5b58d1	תבריג	2	FUT.2MSG|FUT.3FSG		False	
unvocalized	LX-fa7c5b58d1:U4	LX-fa7c5b58d1	תברגנה	2	FUT.2FPL|FUT.3FPL		False	
unvocalized	LX-fac650e6e0:U1	LX-fac650e6e0	בילעת	2	PST.2MSG|PST.2FSG	PST.2MSG|PST.2FSG	False	PIEL
unvocalized	LX-fac650e6e0:U2	LX-fac650e6e0	תבלע	2	FUT.2MSG|FUT.3FSG		False	PIEL
unvocalized	LX-fac650e6e0:U3	LX-fac650e6e0	תבלענה	2	FUT.2FPL|FUT.3FPL		False	PIEL
unvocalized	LX-faedff9d1f:U1	LX-faedff9d1f	דגת	2	PST.2MSG|PST.2FSG	PST.2MSG|PST.2FSG	False	PAAL
unvocalized	LX-faedff9d1f:U2	LX-faedff9d1f	דג	2	PST.3MSG|PRS.MSG	PST.3MSG	True	PAAL
unvocalized	LX-faedff9d1f:U3	LX-faedff9d1f	דגה	2	PST.3FSG|PRS.FSG	PST.3FSG	True	PAAL
unvocalized	LX-faedff9d1f:U4	LX-faedff9d1f	תדוג	2	FUT.2MSG|FUT.3FSG		False	PAAL
unvocalized	LX-faedff9d1f:U5	LX-faedff9d1f	תדוגנה	2	FUT.2FPL|FUT.3FPL		False	PAAL
unvocalized	LX-fbe233163f:U1	LX-fbe233163f	גילגלת	2	PST.2MSG|PST.2FSG	PST.2MSG|PST.2FSG	False	PIEL
unvocalized	LX-fbe233163f:U2	LX-fbe233163f	תגלגל	2	FUT.2MSG|FUT.3FSG		False	PIEL
unvocalized	LX-fbe233163f:U3	LX-fbe233163f	תגלגלנה	2	FUT.2FPL|FUT.3FPL		False	PIEL
unvocalized	LX-fc59358a20:U1	LX-fc59358a20	נעלמת	3	PST.2MSG|PST.2FSG|PRS.FSG	PST.2MSG|PST.2FSG	True	NIFAL
unvocalized	LX-fc59358a20:U2	LX-fc59358a20	נעלם	2	PST.3MSG|PRS.MSG	PST.3MSG	True	NIFAL
unvocalized	LX-fc59358a20:U3	LX-fc59358a20	תיעלם	2	FUT.2MSG|FUT.3FSG		False	NIFAL
unvocalized	LX-fc59358a20:U4	LX-fc59358a20	תיעלמנה	2	FUT.2FPL|FUT.3FPL		False	NIFAL
unvocalized	LX-fce081a266:U1	LX-fce081a266	נמכרת	3	PST.2MSG|PST.2FSG|PRS.FSG	PST.2MSG|PST.2FSG	True	NIFAL
unvocalized	LX-fce081a266:U2	LX-fce081a266	נמכר	2	PST.3MSG|PRS.MSG	PST.3MSG	True	NIFAL
unvocalized	LX-fce081a266:U3	LX-fce081a266	תימכר	2	FUT.2MSG|FUT.3FSG		False	NIFAL
unvocalized	LX-fce081a266:U4	LX-fce081a266	תימכרנה	2	FUT.2FPL|FUT.3FPL		False	NIFAL
unvocalized	LX-fda86f7c3a:U1	LX-fda86f7c3a	השתקת	2	PST.2MSG|PST.2FSG	PST.2MSG|PST.2FSG	False	HIFIL
unvocalized	LX-fda86f7c3a:U2	LX-fda86f7c3a	השתיקו	2	PST.3PL|IMP.2MPL	PST.3PL	True	HIFIL
unvocalized	LX-fda86f7c3a:U3	LX-fda86f7c3a	תשתיק	2	FUT.2MSG|FUT.3FSG		False	HIFIL
unvocalized	LX-fda86f7c3a:U4	LX-fda86f7c3a	תשתקנה	2	FUT.2FPL|FUT.3FPL		False	HIFIL
unvocalized	LX-fdb3a823b3:U1	LX-fdb3a823b3	פינית	2	PST.2MSG|PST.2FSG	PST.2MSG|PST.2FSG	False	PIEL
unvocalized	LX-fdb3a823b3:U2	LX-fdb3a823b3	מפנה	2	PRS.MSG|PRS.FSG		False	PIEL
unvocalized	LX-fdb3a823b3:U3	LX-fdb3a823b3	תפנה	2	FUT.2MSG|FUT.3FSG		False	PIEL
unvocalized	LX-fdb3a823b3:U4	LX-fdb3a823b3	תפנינה	2	FUT.2FPL|FUT.3FPL		False	PIEL
unvocalized	LX-fdc31b123d:U1	LX-fdc31b123d	התאבכת	2	PST.2MSG|PST.2FSG	PST.2MSG|PST.2FSG	False	HITPAEL
unvocalized	LX-fdc31b123d:U2	LX-fdc31b123d	התאבך	2	PST.3MSG|IMP.2MSG	PST.3MSG	True	HITPAEL
unvocalized	LX-fdc31b123d:U3	LX-fdc31b123d	התאבכו	2	PST.3PL|IMP.2MPL	PST.3PL	True	HITPAEL
unvocalized	LX-fdc31b123d:U4	LX-fdc31b123d	תתאבך	2	FUT.2MSG|FUT.3FSG		False	HITPAEL
unvocalized	LX-fdc31b123d:U5	LX-fdc31b123d	תתאבכנה	2	FUT.2FPL|FUT.3FPL		False	HITPAEL
unvocalized	LX-fe24b909c1:U1	LX-fe24b909c1	התפרדת	2	PST.2MSG|PST.2FSG	PST.2MSG|PST.2FSG	False	HITPAEL
unvocalized	LX-fe24b909c1:U2	LX-fe24b909c1	התפרד	2	PST.3MSG|IMP.2MSG	PST.3MSG	True	HITPAEL
unvocalized	LX-fe24b909c1:U3	LX-fe24b909c1	התפרדו	2	PST.3PL|IMP.2MPL	PST.3PL	True	HITPAEL
unvocalized	LX-fe24b909c1:U4	LX-fe24b909c1	תתפרד	2	FUT.2MSG|FUT.3FSG		False	HITPAEL
unvocalized	LX-fe24b909c1:U5	LX-fe24b909c1	תתפרדנה	2	FUT.2FPL|FUT.3FPL		False	HITPAEL
unvocalized	LX-fed75d45a4:U1	LX-fed75d45a4	העמקת	2	PST.2MSG|PST.2FSG	PST.2MSG|PST.2FSG	False	
unvocalized	LX-fed75d45a4:U2	LX-fed75d45a4	העמיקו	2	PST.3PL|IMP.2MPL	PST.3PL	True	
unvocalized	LX-fed75d45a4:U3	LX-fed75d45a4	תעמיק	2	FUT.2MSG|FUT.3FSG		False	
unvocalized	LX-fed75d45a4:U4	LX-fed75d45a4	תעמקנה	2	FUT.2FPL|FUT.3FPL		False	
unvocalized	LX-ff0a75f9d2:U1	LX-ff0a75f9d2	התנפלת	2	PST.2MSG|PST.2FSG	PST.2MSG|PST.2FSG	False	HITPAEL
unvocalized	LX-ff0a75f9d2:U2	LX-ff0a75f9d2	התנפל	2	PST.3MSG|IMP.2MSG	PST.3MSG	True	HITPAEL
unvocalized	LX-ff0a75f9d2:U3	LX-ff0a75f9d2	התנפלו	2	PST.3PL|IMP.2MPL	PST.3PL	True	HITPAEL
unvocalized	LX-ff0a75f9d2:U4	LX-ff0a75f9d2	תתנפל	2	FUT.2MSG|FUT.3FSG		False	HITPAEL
unvocalized	LX-ff0a75f9d2:U5	LX-ff0a75f9d2	תתנפלנה	2	FUT.2FPL|FUT.3FPL		False	HITPAEL
unvocalized	LX-ff1c17daf7:U1	LX-ff1c17daf7	חושבת	2	PST.2MSG|PST.2FSG	PST.2MSG|PST.2FSG	False	PUAL
unvocalized	LX-ff1c17daf7:U2	LX-ff1c17daf7	תחושב	2	FUT.2MSG|FUT.3FSG		False	PUAL
unvocalized	LX-ff1c17daf7:U3	LX-ff1c17daf7	תחושבנה	2	FUT.2FPL|FUT.3FPL		False	PUAL
unvocalized	LX-ff60cb398a:U1	LX-ff60cb398a	הושעת	2	PST.2MSG|PST.2FSG	PST.2MSG|PST.2FSG	False	HIFIL
unvocalized	LX-ff60cb398a:U2	LX-ff60cb398a	הושיעו	2	PST.3PL|IMP.2MPL	PST.3PL	True	HIFIL
unvocalized	LX-ff60cb398a:U3	LX-ff60cb398a	תושיע	2	FUT.2MSG|FUT.3FSG		False	HIFIL
unvocalized	LX-ff60cb398a:U4	LX-ff60cb398a	תושענה	2	FUT.2FPL|FUT.3FPL		False	HIFIL
unvocalized	LX-ff6d26978f:U1	LX-ff6d26978f	שהית	2	PST.2MSG|PST.2FSG	PST.2MSG|PST.2FSG	False	PAAL
unvocalized	LX-ff6d26978f:U2	LX-ff6d26978f	שהה	2	PST.3MSG|IMP.2MSG	PST.3MSG	True	PAAL
unvocalized	LX-ff6d26978f:U3	LX-ff6d26978f	שהו	2	PST.3PL|IMP.2MPL	PST.3PL	True	PAAL
unvocalized	LX-ff6d26978f:U4	LX-ff6d26978f	שוהה	2	PRS.MSG|PRS.FSG		False	PAAL
unvocalized	LX-ff6d26978f:U5	LX-ff6d26978f	תשהה	2	FUT.2MSG|FUT.3FSG		False	PAAL
unvocalized	LX-ff6d26978f:U6	LX-ff6d26978f	תשהינה	2	FUT.2FPL|FUT.3FPL		False	PAAL
unvocalized	LX-ff717a0d94:U1	LX-ff717a0d94	נפשת	2	PST.2MSG|PST.2FSG	PST.2MSG|PST.2FSG	False	PAAL
unvocalized	LX-ff717a0d94:U2	LX-ff717a0d94	נפשו	2	PST.3PL|IMP.2MPL	PST.3PL	True	PAAL
unvocalized	LX-ff717a0d94:U3	LX-ff717a0d94	נופש	2	PRS.MSG|MSDR		True	PAAL
unvocalized	LX-ff717a0d94:U4	LX-ff717a0d94	תנפוש	2	FUT.2MSG|FUT.3FSG		False	PAAL
unvocalized	LX-ff717a0d94:U5	LX-ff717a0d94	תנפושנה	2	FUT.2FPL|FUT.3FPL		False	PAAL
unvocalized	LX-ff7f82d286:U1	LX-ff7f82d286	גלית	2	PST.2MSG|PST.2FSG	PST.2MSG|PST.2FSG	False	PAAL
unvocalized	LX-ff7f82d286:U2	LX-ff7f82d286	גלה	2	PST.3MSG|IMP.2MSG	PST.3MSG	True	PAAL
unvocalized	LX-ff7f82d286:U3	LX-ff7f82d286	גלו	2	PST.3PL|IMP.2MPL	PST.3PL	True	PAAL
unvocalized	LX-ff7f82d286:U4	LX-ff7f82d286	גולה	2	PRS.MSG|PRS.FSG		False	PAAL
unvocalized	LX-ff7f82d286:U5	LX-ff7f82d286	תגלה	2	FUT.2MSG|FUT.3FSG		False	PAAL
unvocalized	LX-ff7f82d286:U6	LX-ff7f82d286	תגלינה	2	FUT.2FPL|FUT.3FPL		False	PAAL
unvocalized	LX-ffc5e79e93:U1	LX-ffc5e79e93	מרדת	2	PST.2MSG|PST.2FSG	PST.2MSG|PST.2FSG	False	PAAL
unvocalized	LX-ffc5e79e93:U2	LX-ffc5e79e93	מרדו	2	PST.3PL|IMP.2MPL	PST.3PL	True	PAAL
unvocalized	LX-ffc5e79e93:U3	LX-ffc5e79e93	תמרוד	2	FUT.2MSG|FUT.3FSG		False	PAAL
unvocalized	LX-ffc5e79e93:U4	LX-ffc5e79e93	תמרודנה	2	FUT.2FPL|FUT.3FPL		False	PAAL
unvocalized	LX-ffec1cf59b:U1	LX-ffec1cf59b	זיינת	2	PST.2MSG|PST.2FSG	PST.2MSG|PST.2FSG	False	PIEL
unvocalized	LX-ffec1cf59b:U2	LX-ffec1cf59b	זיין	2	PST.3MSG|IMP.2MSG	PST.3MSG	True	PIEL
unvocalized	LX-ffec1cf59b:U3	LX-ffec1cf59b	זיינה	2	PST.3FSG|IMP.2FPL	PST.3FSG	True	PIEL
unvocalized	LX-ffec1cf59b:U4	LX-ffec1cf59b	זיינו	3	PST.1PL|PST.3PL|IMP.2MPL	PST.1PL|PST.3PL	True	PIEL
unvocalized	LX-ffec1cf59b:U5	LX-ffec1cf59b	תזיין	2	FUT.2MSG|FUT.3FSG		False	PIEL
unvocalized	LX-ffec1cf59b:U6	LX-ffec1cf59b	תזיינה	2	FUT.2FPL|FUT.3FPL		False	PIEL
