root_id	root_raw	root_normalized	radical_1	radical_2	radical_3	radical_4	radical_5	root_length	traditional_class	traditional_class_raw	r1_is_nun	r1_is_yod	r1_is_waw	r1_is_alef	r2_is_yod	r2_is_waw	r3_is_he	r3_is_yod	r3_is_alef	rfinal_is_he	r1_is_guttural	r2_is_guttural	r3_is_guttural	has_resh	is_geminate	is_reduplicated_quadriliteral	has_weak_radical	structural_signature	structural_class	sc_strong	sc_final_he	sc_hollow_candidate	sc_initial_nun	sc_initial_yod_waw	sc_geminate	sc_guttural_containing	sc_quadriliteral	root_orthographic	orthographic_root_group_id	n_lexemes	binyanim	source_primary	source_ids	confidence	quality_tier	quality_flags
RT-3dad239027	"{{שרש|אבד|א־ב־ד}}, [[גזרת נפ""א]]"	אבד	א	ב	ד			3	PE_ALEF	"גזרת נפ""א"	False	False	False	True	False	False	False	False	False	False	True	False	False	False	False	False	True	A.C.C	initial_alef	False	False	False	False	False	False	True	False	אבד	RG-3dad239027	3	HITPAEL|PAAL|PIEL	hewiktionary	wikt:conj:p16602:r445684:t0:התפעל עבר|wikt:conj:p16602:r445684:t0:התפעל שם הפועל|wikt:conj:p16602:r445684:t0:פיעל עבר|wikt:conj:p16602:r445684:t0:קל עבר|wikt:conj:p16602:r445684:t0:קל שם הפועל|wikt:entry:p1597:r519104:o0:t0|wikt:entry:p1597:r519104:o1968:t0|wikt:entry:p47093:r425686:o0:t0	0.988	GOLD	
RT-9882de8f3f	{{שרש|אגר|א־ג־ר}}, שלמים	אגר	א	ג	ר			3	SHLEMIM	שלמים	False	False	False	True	False	False	False	False	False	False	True	False	False	True	False	False	True	A.C.R	initial_alef	False	False	False	False	False	False	True	False	אגר	RG-9882de8f3f	1	PAAL	hewiktionary	wikt:entry:p22529:r461215:o25:t0	0.8	SILVER	
RT-71aefe28e6	"{{שרש3|א|מ|ר|א}}, [[גזרת נפ""א]]"	אמר	א	מ	ר			3	PE_ALEF	"גזרת נפ""א"	False	False	False	True	False	False	False	False	False	False	True	False	False	True	False	False	True	A.C.R	initial_alef	False	False	False	False	False	False	True	False	אמר	RG-71aefe28e6	4	HIFIL|HITPAEL|PAAL	hewiktionary	wikt:conj:p32359:r511156:t0:הפעיל עבר|wikt:conj:p32359:r511156:t0:התפעל עבר|wikt:conj:p32359:r511156:t0:קל עבר|wikt:conj:p32359:r511156:t0:קל שם הפועל|wikt:entry:p20369:r519536:o98:t0|wikt:entry:p51321:r424550:o0:t0|wikt:entry:p58536:r414574:o0:t0|wikt:entry:p61300:r522806:o406:t0	0.988	GOLD	
RT-f9311c4c6e	{{שרש3|א|ו|ץ}}	אוצ	א	ו	צ			3			False	False	False	True	False	True	False	False	False	False	True	False	False	False	False	False	True	A.W.C	hollow_candidate	False	False	True	False	False	False	True	False	אוצ	RG-f9311c4c6e	2	?|PAAL	hewiktionary	wikt:entry:p51267:r519978:o0:t0|wikt:entry:p62510:r474643:o1:t0	0.8	SILVER	TRADITIONAL_CLASS_NOT_STATED
RT-8c55116304	"{{שרש3|א|ו|ן|גזרה=נע""ו/י}}"	אונ	א	ו	נ			3			False	False	False	True	False	True	False	False	False	False	True	False	False	False	False	False	True	A.W.N	hollow_candidate	False	False	True	False	False	False	True	False	אונ	RG-8c55116304	2	HITPAEL|PIEL	hewiktionary	wikt:entry:p33947:r493690:o0:t0|wikt:entry:p6754:r498812:o0:t0	0.8	SILVER	TRADITIONAL_CLASS_NOT_STATED
RT-0a80ec9b56	"{{שרש3|ב|ט|א}}, [[גזרת נל""א]]"	בטא	ב	ט	א			3	LAMED_ALEF	"גזרת נל""א"	False	False	False	False	False	False	False	False	True	False	False	False	True	False	False	False	True	C.C.A	final_alef	False	False	False	False	False	False	True	False	בטא	RG-0a80ec9b56	4	HITPAEL|PAAL|PIEL|PUAL	hewiktionary	wikt:conj:p31377:r360378:t0:התפעל עבר|wikt:conj:p31377:r360378:t0:התפעל שם הפועל|wikt:conj:p31377:r360378:t0:פועל עבר|wikt:conj:p31377:r360378:t0:פיעל עבר|wikt:conj:p31377:r360378:t0:פיעל שם הפועל|wikt:conj:p31377:r360378:t0:קל עבר|wikt:entry:p31375:r517575:o1173:t0|wikt:entry:p31375:r517575:o2486:t0|wikt:entry:p31375:r517575:o47:t0	0.988	GOLD	
RT-70dd45ab73	{{שרש3|ב|כ|ה}}	בכה	ב	כ	ה			3			False	False	False	False	False	False	True	False	False	True	False	False	True	False	False	False	True	C.C.H	final_he	False	True	False	False	False	False	True	False	בכה	RG-70dd45ab73	2	PAAL|PIEL	hewiktionary	wikt:entry:p46624:r513282:o1:t0|wikt:entry:p46624:r513282:o2754:t0	0.8	SILVER	TRADITIONAL_CLASS_NOT_STATED
RT-67a49f52e0	ב-ל־ב־ל	בלבל	ב	ל	ב	ל		4			False	False	False	False	False	False	False	False	False	False	False	False	False	False	False	True	False	C.C.C.C	quadriliteral	False	False	False	False	False	False	False	True	בלבל	RG-67a49f52e0	2	HITPAEL|PIEL	hewiktionary	wikt:conj:p22283:r275563:t0:התפעל עבר|wikt:conj:p22283:r275563:t0:התפעל שם הפועל|wikt:conj:p22283:r275563:t0:פיעל עבר|wikt:conj:p22283:r275563:t0:פיעל שם הפועל	0.94	SILVER	TRADITIONAL_CLASS_NOT_STATED
RT-16bf270443	{{שרש3|ב|ל|ה}}	בלה	ב	ל	ה			3			False	False	False	False	False	False	True	False	False	True	False	False	True	False	False	False	True	C.C.H	final_he	False	True	False	False	False	False	True	False	בלה	RG-16bf270443	2	PAAL|PIEL	hewiktionary	wikt:entry:p46495:r520301:o0:t0|wikt:entry:p46495:r520301:o1816:t0	0.8	SILVER	TRADITIONAL_CLASS_NOT_STATED
RT-e0651963bb	{{שרש3|ב|ק|ר|ג|גזרה=השלמים}}	בקר	ב	ק	ר			3			False	False	False	False	False	False	False	False	False	False	False	False	False	True	False	False	False	C.C.R	strong	True	False	False	False	False	False	False	False	בקר	RG-e0651963bb	1	PIEL	hewiktionary	wikt:entry:p5141:r521059:o6575:t0	0.8	SILVER	TRADITIONAL_CLASS_NOT_STATED
RT-d18667f552	{{שרש|בשׁל|ב־שׁ־ל}}	בשׁל	ב	ש	ל			3			False	False	False	False	False	False	False	False	False	False	False	False	False	False	False	False	False	C.C.C	strong	True	False	False	False	False	False	False	False	בשל	RG-15ff43df68	2	HITPAEL|PIEL	hewiktionary	wikt:conj:p59976:r521372:t0:התפעל עבר|wikt:conj:p59976:r521372:t0:התפעל שם הפועל|wikt:conj:p59976:r521372:t0:פיעל עבר|wikt:conj:p59976:r521372:t0:פיעל שם הפועל|wikt:entry:p1621:r513088:o17:t0	0.988	GOLD	TRADITIONAL_CLASS_NOT_STATED
RT-8e6d4c55fa	"{{שרש3|ב|א|ס}}, [[גזרת השלמים]] (עה""פ גרונית)"	באס	ב	א	ס			3	SHLEMIM	"גזרת השלמים ; שלמים (עה""פ גרונית)"	False	False	False	False	False	False	False	False	False	False	False	True	False	False	False	False	False	C.A.C	guttural_containing	False	False	False	False	False	False	True	False	באס	RG-8e6d4c55fa	2	HITPAEL|PIEL	hewiktionary	wikt:conj:p17676:r388397:t0:התפעל עבר|wikt:conj:p17676:r388397:t0:פיעל עבר|wikt:conj:p17676:r388397:t0:פיעל שם הפועל|wikt:entry:p4196:r364954:o0:t0|wikt:entry:p4197:r175480:o0:t0	0.988	GOLD	
RT-c511308b9e	"{{שרש3|ב|ו|א}}, [[נספח:גזרת נע""ו/י|גזרת נע""ו/י]] ו[[גזרת נל""א]]"	בוא	ב	ו	א			3	AYIN_WAW_YOD+LAMED_ALEF	"גזרת נל""א ; גזרת נע""ו/י וגזרת נל""א"	False	False	False	False	False	True	False	False	True	False	False	False	True	False	False	False	True	C.W.A	hollow_candidate	False	False	True	False	False	False	True	False	בוא	RG-c511308b9e	2	HIFIL|PAAL	hewiktionary	wikt:conj:p29557:r283450:t0:הפעיל עבר|wikt:conj:p29557:r283450:t0:הפעיל שם הפועל|wikt:conj:p29557:r283450:t0:קל עבר|wikt:conj:p29557:r283450:t0:קל שם הפועל|wikt:entry:p29556:r456497:o0:t0|wikt:entry:p34312:r508202:o0:t0	0.988	GOLD	TRADITIONAL_CLASS_VARIES_ACROSS_ENTRIES
RT-f533150b82	{{שרש3|ב|ג|ד|א}}, שלמים	בגד	ב	ג	ד			3	SHLEMIM	שלמים	False	False	False	False	False	False	False	False	False	False	False	False	False	False	False	False	False	C.C.C	strong	True	False	False	False	False	False	False	False	בגד	RG-f533150b82	1	PAAL	hewiktionary	wikt:entry:p1532:r465844:o0:t0	0.8	SILVER	
RT-36d7c8da81	{{שרש3|ב|ד|ק}}, [[גזרת השלמים]]	בדק	ב	ד	ק			3	SHLEMIM	גזרת השלמים	False	False	False	False	False	False	False	False	False	False	False	False	False	False	False	False	False	C.C.C	strong	True	False	False	False	False	False	False	False	בדק	RG-36d7c8da81	1	PAAL	hewiktionary	wikt:entry:p28061:r508699:o0:t0	0.8	SILVER	
RT-9387f9bcc1	{{שרש3|ב|ד|ה}}	בדה	ב	ד	ה			3			False	False	False	False	False	False	True	False	False	True	False	False	True	False	False	False	True	C.C.H	final_he	False	True	False	False	False	False	True	False	בדה	RG-9387f9bcc1	2	PAAL|PIEL	hewiktionary	wikt:conj:p58052:r520829:t0:פיעל עבר|wikt:conj:p58052:r520829:t0:קל עבר|wikt:conj:p58052:r520829:t0:קל שם הפועל|wikt:entry:p48161:r522913:o0:t0|wikt:entry:p48161:r522913:o2582:t0	0.988	SILVER	TRADITIONAL_CLASS_NOT_STATED
RT-8134c524be	{{שרש3|ב|ח|ר}}	בחר	ב	ח	ר			3			False	False	False	False	False	False	False	False	False	False	False	True	False	True	False	False	False	C.X.R	guttural_containing	False	False	False	False	False	False	True	False	בחר	RG-8134c524be	2	NIFAL|PAAL	hewiktionary	wikt:entry:p52094:r519537:o0:t0|wikt:entry:p52104:r510533:o0:t0	0.8	SILVER	TRADITIONAL_CLASS_NOT_STATED
RT-b06c4b901f	{{שרש3|ב|ט|ח}}	בטח	ב	ט	ח			3			False	False	False	False	False	False	False	False	False	False	False	False	True	False	False	False	False	C.C.X	guttural_containing	False	False	False	False	False	False	True	False	בטח	RG-b06c4b901f	1	PAAL	hewiktionary	wikt:entry:p51851:r506629:o17:t0	0.8	SILVER	TRADITIONAL_CLASS_NOT_STATED
RT-aeedb8d366	{{שרש3|ב|ל|ע}}	בלע	ב	ל	ע			3			False	False	False	False	False	False	False	False	False	False	False	False	True	False	False	False	False	C.C.E	guttural_containing	False	False	False	False	False	False	True	False	בלע	RG-aeedb8d366	2	PAAL|PIEL	hewiktionary	wikt:entry:p52591:r513408:o0:t0|wikt:entry:p52591:r513408:o2441:t0	0.8	SILVER	TRADITIONAL_CLASS_NOT_STATED
RT-9ee1980676	"{{שרש3|ב|ר|ח}}, [[גזרת השלמים]], [[ל""ג]]"	ברח	ב	ר	ח			3	SHLEMIM	גזרת השלמים	False	False	False	False	False	False	False	False	False	False	False	False	True	True	False	False	False	C.R.X	guttural_containing	False	False	False	False	False	False	True	False	ברח	RG-9ee1980676	1	PAAL	hewiktionary	wikt:conj:p46297:r463527:t0:קל עבר|wikt:conj:p46297:r463527:t0:קל שם הפועל|wikt:entry:p22892:r472878:o0:t0	0.988	GOLD	
RT-44c3d96719	ב־ט־ל	בטל	ב	ט	ל			3	SHLEMIM	גזרת השלמים	False	False	False	False	False	False	False	False	False	False	False	False	False	False	False	False	False	C.C.C	strong	True	False	False	False	False	False	False	False	בטל	RG-44c3d96719	3	PAAL|PIEL|PUAL	hewiktionary	wikt:conj:p57744:r520831:t0:פועל עבר|wikt:conj:p57744:r520831:t0:פיעל עבר|wikt:conj:p57744:r520831:t0:פיעל שם הפועל|wikt:conj:p57744:r520831:t0:קל עבר|wikt:entry:p52484:r522030:o0:t0|wikt:entry:p52484:r522030:o1481:t0	0.988	GOLD	
RT-c75d284d79	{{שרש4|ג|ל|ג|ל}}	גלגל	ג	ל	ג	ל		4			False	False	False	False	False	False	False	False	False	False	False	False	False	False	False	True	False	C.C.C.C	quadriliteral	False	False	False	False	False	False	False	True	גלגל	RG-c75d284d79	2	HITPAEL|PIEL	hewiktionary	wikt:conj:p34148:r447481:t0:התפעל עבר|wikt:conj:p34148:r447481:t0:התפעל שם הפועל|wikt:conj:p34148:r447481:t0:פיעל עבר|wikt:conj:p34148:r447481:t0:פיעל שם הפועל|wikt:entry:p19804:r520776:o3818:t0	0.988	GOLD	TRADITIONAL_CLASS_NOT_STATED
RT-413518ca91	{{שרש3|ג|ל|ח}}	גלח	ג	ל	ח			3			False	False	False	False	False	False	False	False	False	False	False	False	True	False	False	False	False	C.C.X	guttural_containing	False	False	False	False	False	False	True	False	גלח	RG-413518ca91	2	PIEL|PUAL	hewiktionary	wikt:entry:p53652:r513896:o0:t0|wikt:entry:p53652:r513896:o1183:t0	0.8	SILVER	TRADITIONAL_CLASS_NOT_STATED
RT-85a1e81cf2	{{שרש3|ג|ז|ר|גזרה=השלמים}}	גזר	ג	ז	ר			3			False	False	False	False	False	False	False	False	False	False	False	False	False	True	False	False	False	C.C.R	strong	True	False	False	False	False	False	False	False	גזר	RG-85a1e81cf2	1	PAAL	hewiktionary	wikt:conj:p33663:r445479:t0:קל עבר|wikt:conj:p33663:r445479:t0:קל שם הפועל|wikt:entry:p32828:r520920:o2573:t0	0.988	SILVER	TRADITIONAL_CLASS_NOT_STATED
RT-d34f37e3e5	"{{שרש3|ג|ל|ה|א}}, [[גזרת נל""י/ה]]"	גלה	ג	ל	ה			3	LAMED_YOD_HE	"גזרת נל""י/ה"	False	False	False	False	False	False	True	False	False	True	False	False	True	False	False	False	True	C.C.H	final_he	False	True	False	False	False	False	True	False	גלה	RG-d34f37e3e5	4	NIFAL|PAAL|PIEL|PUAL	hewiktionary	wikt:entry:p22977:r514520:o0:t0|wikt:entry:p27928:r500333:o1889:t0|wikt:entry:p27928:r500333:o2295:t0|wikt:entry:p27928:r500333:o50:t0|wikt:entry:p27928:r500333:o990:t0	0.96	SILVER	
RT-dcbb8b3392	{{שרש|גמר|ג־מ־ר}}, [[גזרת השלמים]]	גמר	ג	מ	ר			3	SHLEMIM	גזרת השלמים	False	False	False	False	False	False	False	False	False	False	False	False	False	True	False	False	False	C.C.R	strong	True	False	False	False	False	False	False	False	גמר	RG-dcbb8b3392	2	NIFAL|PAAL	hewiktionary	wikt:entry:p22341:r466770:o16:t0|wikt:entry:p63174:r494081:o0:t0	0.8	SILVER	
RT-2e922076bd	{{שרש3|ג|נ|ב}}, [[גזרת השלמים]]	גנב	ג	נ	ב			3	SHLEMIM	גזרת השלמים	False	False	False	False	False	False	False	False	False	False	False	False	False	False	False	False	False	C.N.C	strong	True	False	False	False	False	False	False	False	גנב	RG-2e922076bd	3	NIFAL|PAAL|PUAL	hewiktionary	wikt:conj:p22289:r234785:t0:נפעל עבר|wikt:conj:p22289:r234785:t0:נפעל שם הפועל|wikt:conj:p22289:r234785:t0:פועל עבר|wikt:conj:p22289:r234785:t0:קל עבר|wikt:entry:p22287:r516773:o16:t0|wikt:entry:p22287:r516773:o4422:t0	0.96	SILVER	
RT-16d1f529a9	{{שרש3|ג|ר|ם|א|גזרה=השלמים}}	גרמ	ג	ר	מ			3			False	False	False	False	False	False	False	False	False	False	False	False	False	True	False	False	False	C.R.C	strong	True	False	False	False	False	False	False	False	גרמ	RG-16d1f529a9	1	PAAL	hewiktionary	wikt:entry:p5092:r514062:o0:t0	0.8	SILVER	TRADITIONAL_CLASS_NOT_STATED
RT-9a61bb62f9	{{שרש3|ד|ב|ר|א}}, [[גזרת השלמים]]	דבר	ד	ב	ר			3	SHLEMIM	גזרת השלמים	False	False	False	False	False	False	False	False	False	False	False	False	False	True	False	False	False	C.C.R	strong	True	False	False	False	False	False	False	False	דבר	RG-9a61bb62f9	3	HIFIL|PIEL|PUAL	hewiktionary	wikt:conj:p24135:r116516:t0:הפעיל עבר|wikt:conj:p24136:r270892:t0:פועל עבר|wikt:conj:p24136:r270892:t0:פיעל עבר|wikt:conj:p24136:r270892:t0:פיעל שם הפועל|wikt:entry:p1289:r521487:o4692:t0|wikt:entry:p1289:r521487:o6906:t0|wikt:entry:p22613:r494757:o0:t0	0.9976	GOLD	
RT-145a981b14	ד־כ־א	דכא	ד	כ	א			3			False	False	False	False	False	False	False	False	True	False	False	False	True	False	False	False	True	C.C.A	final_alef	False	False	False	False	False	False	True	False	דכא	RG-145a981b14	2	PIEL|PUAL	hewiktionary	wikt:conj:p31124:r362054:t0:פועל עבר|wikt:conj:p31124:r362054:t0:פיעל עבר|wikt:conj:p31124:r362054:t0:פיעל שם הפועל|wikt:entry:p51639:r510179:o2584:t0	0.96	SILVER	TRADITIONAL_CLASS_NOT_STATED
RT-14037da78f	{{שרש3|ד|מ|ם ב}}	דממ	ד	מ	מ			3			False	False	False	False	False	False	False	False	False	False	False	False	False	False	True	False	True	C.C.C+GEM	geminate	False	False	False	False	False	True	False	False	דממ	RG-14037da78f	3	NIFAL|PAAL|PIEL	hewiktionary	wikt:conj:p17781:r284962:t0:פיעל עבר|wikt:conj:p17781:r284962:t0:פיעל שם הפועל|wikt:conj:p32472:r402723:t0:נפעל עבר|wikt:conj:p32472:r402723:t0:קל עבר|wikt:entry:p30479:r523106:o0:t0|wikt:entry:p56328:r514629:o0:t0|wikt:entry:p56328:r514629:o822:t0	0.988	GOLD	TRADITIONAL_CLASS_NOT_STATED
RT-829fcb9e40	"{{שרש|דוג|ד־ו־ג}}, [[נספח:גזרת נע""ו/י|גזרת נע""ו/י]]"	דוג	ד	ו	ג			3	AYIN_WAW_YOD	"גזרת נע""ו/י"	False	False	False	False	False	True	False	False	False	False	False	False	False	False	False	False	True	C.W.C	hollow_candidate	False	False	True	False	False	False	False	False	דוג	RG-829fcb9e40	2	PAAL|PIEL	hewiktionary	wikt:entry:p24552:r520503:o3778:t0|wikt:entry:p8578:r493248:o2838:t0	0.8	SILVER	
RT-8876fc76c4	{{שרש3|ד|ל|ה}}	דלה	ד	ל	ה			3			False	False	False	False	False	False	True	False	False	True	False	False	True	False	False	False	True	C.C.H	final_he	False	True	False	False	False	False	True	False	דלה	RG-8876fc76c4	3	HIFIL|PAAL|PIEL	hewiktionary	wikt:entry:p47855:r426965:o1329:t0|wikt:entry:p47855:r426965:o89:t0|wikt:entry:p50495:r509008:o0:t0	0.8	SILVER	TRADITIONAL_CLASS_NOT_STATED
RT-220c8b5691	{{שרש3|ד|מ|ה}}	דמה	ד	מ	ה			3			False	False	False	False	False	False	True	False	False	True	False	False	True	False	False	False	True	C.C.H	final_he	False	True	False	False	False	False	True	False	דמה	RG-220c8b5691	2	PAAL|PIEL	hewiktionary	wikt:entry:p4274:r519277:o1072:t0|wikt:entry:p4274:r519277:o1405:t0	0.8	SILVER	TRADITIONAL_CLASS_NOT_STATED
RT-61950d48f4	{{שרש3|ד|פ|ק}}, [[גזרת השלמים]]	דפק	ד	פ	ק			3	SHLEMIM	גזרת השלמים	False	False	False	False	False	False	False	False	False	False	False	False	False	False	False	False	False	C.C.C	strong	True	False	False	False	False	False	False	False	דפק	RG-61950d48f4	2	HITPAEL|PAAL	hewiktionary	wikt:conj:p31106:r519860:t0:התפעל עבר|wikt:conj:p31106:r519860:t0:קל עבר|wikt:entry:p26960:r521015:o0:t0|wikt:entry:p40673:r519827:o0:t0	0.96	SILVER	
RT-d2e709da1a	{{שרש3|ד|ק|ר}}	דקר	ד	ק	ר			3			False	False	False	False	False	False	False	False	False	False	False	False	False	True	False	False	False	C.C.R	strong	True	False	False	False	False	False	False	False	דקר	RG-d2e709da1a	2	PAAL|PUAL	hewiktionary	wikt:entry:p46774:r494995:o0:t0|wikt:entry:p46774:r494995:o1175:t0	0.8	SILVER	TRADITIONAL_CLASS_NOT_STATED
RT-719883a598	"{{שרש3|ד|ו|ר|א|גזרה=נע""ו/י}}"	דור	ד	ו	ר			3			False	False	False	False	False	True	False	False	False	False	False	False	False	True	False	False	True	C.W.R	hollow_candidate	False	False	True	False	False	False	False	False	דור	RG-719883a598	1	PAAL	hewiktionary	wikt:entry:p16787:r465619:o0:t0	0.8	SILVER	TRADITIONAL_CLASS_NOT_STATED
RT-dacb9b6311	{{שרש3|ד|ר|שׁ|גזרה=השלמים}}	דרשׁ	ד	ר	ש			3			False	False	False	False	False	False	False	False	False	False	False	False	False	True	False	False	False	C.R.C	strong	True	False	False	False	False	False	False	False	דרש	RG-22d86fce3d	1	PAAL	hewiktionary	wikt:entry:p29416:r519548:o0:t0	0.8	SILVER	TRADITIONAL_CLASS_NOT_STATED
RT-baece4fc64	"{{שרש3|נ|ב|ט|א}}, [[גזרת חפ""נ]]"	נבט	נ	ב	ט			3	PE_NUN	"גזרת חפ""נ"	True	False	False	False	False	False	False	False	False	False	False	False	False	False	False	False	True	N.C.C	initial_nun	False	False	False	True	False	False	False	False	נבט	RG-baece4fc64	3	HIFIL|NIFAL|PAAL	hewiktionary	wikt:conj:p32958:r385757:t0:הפעיל עבר|wikt:conj:p32958:r385757:t0:הפעיל שם הפועל|wikt:conj:p32958:r385757:t0:נפעל עבר|wikt:conj:p56642:r385753:t0:קל עבר|wikt:entry:p32956:r519676:o0:t0|wikt:entry:p52567:r517728:o1772:t0|wikt:entry:p52567:r517728:o1:t0	0.988	GOLD	
RT-f3e7e2f38d	{{שרש3|נ|ג|ע}}	נגע	נ	ג	ע			3	PE_NUN	"גזרת חפ""נ"	True	False	False	False	False	False	False	False	False	False	False	False	True	False	False	False	True	N.C.E	initial_nun	False	False	False	True	False	False	True	False	נגע	RG-f3e7e2f38d	3	HIFIL|PAAL|PIEL	hewiktionary	wikt:entry:p51801:r519593:o0:t0|wikt:entry:p51801:r519593:o3052:t0|wikt:entry:p54101:r495009:o48:t0	0.8	SILVER	
RT-19b2b1af7b	ד־ל־ק	דלק	ד	ל	ק			3	SHLEMIM	גזרת השלמים	False	False	False	False	False	False	False	False	False	False	False	False	False	False	False	False	False	C.C.C	strong	True	False	False	False	False	False	False	False	דלק	RG-19b2b1af7b	2	HIFIL|PAAL	hewiktionary	wikt:conj:p57055:r428946:t0:הפעיל עבר|wikt:conj:p57055:r428946:t0:הפעיל שם הפועל|wikt:conj:p57055:r428946:t0:קל עבר|wikt:entry:p5788:r503610:o0:t0	0.96	SILVER	
RT-8a15d14854	ז־כ־ר	זכר	ז	כ	ר			3	SHLEMIM	גזרת השלמים	False	False	False	False	False	False	False	False	False	False	False	False	False	True	False	False	False	C.C.R	strong	True	False	False	False	False	False	False	False	זכר	RG-8a15d14854	4	HIFIL|HUFAL|NIFAL|PAAL	hewiktionary	wikt:conj:p13627:r432151:t0:הופעל עבר|wikt:conj:p13627:r432151:t0:הפעיל עבר|wikt:conj:p13627:r432151:t0:הפעיל שם הפועל|wikt:conj:p13627:r432151:t0:נפעל עבר|wikt:conj:p13627:r432151:t0:נפעל שם הפועל|wikt:conj:p13627:r432151:t0:קל עבר|wikt:conj:p13627:r432151:t0:קל שם הפועל|wikt:entry:p31462:r519555:o2293:t0|wikt:entry:p50195:r519602:o0:t0|wikt:entry:p50195:r519602:o2079:t0	0.9976	GOLD	
RT-0b3325e43d	{{שרש3|כ|ח|ש}}	כחשׁ	כ	ח	ש			3			False	False	False	False	False	False	False	False	False	False	False	True	False	False	False	False	False	C.X.C	guttural_containing	False	False	False	False	False	False	True	False	כחש	RG-e835f612b6	2	HIFIL|PIEL	hewiktionary	wikt:entry:p30161:r511399:o1655:t0|wikt:entry:p30161:r511399:o816:t0|wikt:entry:p50885:r510216:o0:t0|wikt:entry:p50885:r510216:o1123:t0	0.96	SILVER	SHIN_SIN_FROM_FORM|TRADITIONAL_CLASS_NOT_STATED
RT-1ca9685809	{{שרש3|כ|ש|ר}}	כשׁר	כ	ש	ר			3			False	False	False	False	False	False	False	False	False	False	False	False	False	True	False	False	False	C.C.R	strong	True	False	False	False	False	False	False	False	כשר	RG-1001aa099e	2	HIFIL|PAAL	hewiktionary	wikt:entry:p1545:r523234:o0:t0|wikt:entry:p52293:r510217:o0:t0	0.8	SILVER	SHIN_SIN_FROM_FORM|TRADITIONAL_CLASS_NOT_STATED
RT-56389ab281	"{{שרש3|נ|כ|ר}}, [[גזרת חפ""נ]]"	נכר	נ	כ	ר			3	PE_NUN	"גזרת חפ""נ"	True	False	False	False	False	False	False	False	False	False	False	False	False	True	False	False	True	N.C.R	initial_nun	False	False	False	True	False	False	False	False	נכר	RG-56389ab281	4	HIFIL|HITPAEL|HUFAL|PIEL	hewiktionary	wikt:conj:p45401:r299802:t0:הופעל עבר|wikt:conj:p45401:r299802:t0:הפעיל עבר|wikt:conj:p45401:r299802:t0:הפעיל שם הפועל|wikt:conj:p45401:r299802:t0:התפעל עבר|wikt:conj:p45401:r299802:t0:התפעל שם הפועל|wikt:conj:p45401:r299802:t0:פיעל עבר|wikt:conj:p45401:r299802:t0:פיעל שם הפועל|wikt:entry:p44921:r440946:o0:t0|wikt:entry:p50731:r314990:o0:t0	0.988	GOLD	
RT-6a2d347b04	"{{שרש|מצא|מ־צ־א}}, [[גזרת נל""א]]"	מצא	מ	צ	א			3	LAMED_ALEF	"גזרת נל""א"	False	False	False	False	False	False	False	False	True	False	False	False	True	False	False	False	True	C.C.A	final_alef	False	False	False	False	False	False	True	False	מצא	RG-6a2d347b04	4	HIFIL|HITPAEL|NIFAL|PAAL	hewiktionary	wikt:conj:p17707:r270887:t0:הפעיל עבר|wikt:conj:p17707:r270887:t0:הפעיל שם הפועל|wikt:conj:p17707:r270887:t0:התפעל עבר|wikt:conj:p17707:r270887:t0:התפעל שם הפועל|wikt:conj:p17707:r270887:t0:נפעל עבר|wikt:conj:p17707:r270887:t0:נפעל שם הפועל|wikt:conj:p17707:r270887:t0:קל עבר|wikt:conj:p17707:r270887:t0:קל שם הפועל|wikt:entry:p22934:r522059:o0:t0|wikt:entry:p43155:r495749:o0:t0|wikt:entry:p43645:r520444:o0:t0|wikt:full:p24707:r508933:t0:נסתר_עבר|wikt:full:p24707:r508933:t1:נסתר_עבר|wikt:full:p24707:r508933:t4:נסתר_עבר|wikt:full:p24707:r508933:t6:נסתר_עבר	0.9995	GOLD	
RT-9ec7905d41	ס־ב־ר	סבר	ס	ב	ר			3			False	False	False	False	False	False	False	False	False	False	False	False	False	True	False	False	False	C.C.R	strong	True	False	False	False	False	False	False	False	סבר	RG-9ec7905d41	3	HIFIL|PAAL|PIEL	hewiktionary	wikt:conj:p45612:r424757:t0:הפעיל עבר|wikt:conj:p45612:r424757:t0:הפעיל שם הפועל|wikt:conj:p45612:r424757:t0:פיעל עבר|wikt:conj:p45612:r424757:t0:קל עבר|wikt:entry:p51253:r512385:o0:t0|wikt:entry:p51253:r512385:o1568:t0	0.96	SILVER	TRADITIONAL_CLASS_NOT_STATED
RT-eb9a60fdb1	{{שרש3|ס|מ|ק}}, [[גזרת השלמים]]	סמק	ס	מ	ק			3	SHLEMIM	גזרת השלמים	False	False	False	False	False	False	False	False	False	False	False	False	False	False	False	False	False	C.C.C	strong	True	False	False	False	False	False	False	False	סמק	RG-eb9a60fdb1	1	HIFIL	hewiktionary	wikt:conj:p31268:r370752:t0:הפעיל עבר|wikt:conj:p31268:r370752:t0:הפעיל שם הפועל|wikt:entry:p31266:r518824:o0:t0	0.988	GOLD	
RT-30c119b19a	{{שרש3|ס|ת|ר}} {{ש}} גזרת השלמים	סתר	ס	ת	ר			3	SHLEMIM	גזרת השלמים	False	False	False	False	False	False	False	False	False	False	False	False	False	True	False	False	False	C.C.R	strong	True	False	False	False	False	False	False	False	סתר	RG-30c119b19a	3	HIFIL|HITPAEL|PAAL	hewiktionary	wikt:conj:p59103:r424763:t0:הפעיל עבר|wikt:conj:p59103:r424763:t0:הפעיל שם הפועל|wikt:conj:p59103:r424763:t0:התפעל עבר|wikt:conj:p59103:r424763:t0:התפעל שם הפועל|wikt:conj:p59103:r424763:t0:קל עבר|wikt:conj:p59103:r424763:t0:קל שם הפועל|wikt:entry:p50894:r510619:o0:t0|wikt:entry:p59104:r498001:o0:t0	0.988	GOLD	
RT-eab5f80cda	"{{שרש3|נ|ס|ע|גזרה=חפ""נ}}"	נסע	נ	ס	ע			3	PE_NUN	"גזרת חפ""נ"	True	False	False	False	False	False	False	False	False	False	False	False	True	False	False	False	True	N.C.E	initial_nun	False	False	False	True	False	False	True	False	נסע	RG-eab5f80cda	3	HIFIL|HUFAL|PAAL	hewiktionary	wikt:conj:p20503:r151952:t0:הופעל עבר|wikt:conj:p20503:r151952:t0:הפעיל עבר|wikt:conj:p20503:r151952:t0:הפעיל שם הפועל|wikt:conj:p20503:r151952:t0:קל עבר|wikt:entry:p20489:r522430:o35:t0|wikt:entry:p52389:r510231:o0:t0	0.988	GOLD	
RT-65ef2ccb91	{{שרש3|פ|ס|ד}}	פסד	פ	ס	ד			3			False	False	False	False	False	False	False	False	False	False	False	False	False	False	False	False	False	C.C.C	strong	True	False	False	False	False	False	False	False	פסד	RG-65ef2ccb91	1	HIFIL	hewiktionary	wikt:conj:p45581:r237189:t0:הפעיל עבר|wikt:conj:p45581:r237189:t0:הפעיל שם הפועל|wikt:entry:p63957:r523232:o0:t0	0.988	GOLD	TRADITIONAL_CLASS_NOT_STATED
RT-13d47499c1	{{שרש3|פ|שׁ|ט}}, [[גזרת השלמים]]	פשׁט	פ	ש	ט			3	SHLEMIM	גזרת השלמים	False	False	False	False	False	False	False	False	False	False	False	False	False	False	False	False	False	C.C.C	strong	True	False	False	False	False	False	False	False	פשט	RG-7f71fc3195	6	HIFIL|HITPAEL|HUFAL|PAAL|PIEL|PUAL	hewiktionary	wikt:conj:p22237:r438681:t0:הופעל עבר|wikt:conj:p22237:r438681:t0:הפעיל עבר|wikt:conj:p22237:r438681:t0:הפעיל שם הפועל|wikt:conj:p22237:r438681:t0:התפעל עבר|wikt:conj:p22237:r438681:t0:התפעל שם הפועל|wikt:conj:p22237:r438681:t0:פועל עבר|wikt:conj:p22237:r438681:t0:פיעל עבר|wikt:conj:p22237:r438681:t0:פיעל שם הפועל|wikt:conj:p22237:r438681:t0:קל עבר|wikt:entry:p46446:r517936:o2794:t0|wikt:entry:p46446:r517936:o9:t0|wikt:entry:p60875:r522035:o0:t0	0.988	GOLD	SHIN_SIN_FROM_FORM
RT-3ad9cc285a	צ-ח-ק	צחק	צ	ח	ק			3	SHLEMIM	גזרת השלמים	False	False	False	False	False	False	False	False	False	False	False	True	False	False	False	False	False	C.X.C	guttural_containing	False	False	False	False	False	False	True	False	צחק	RG-3ad9cc285a	4	HIFIL|HITPAEL|PAAL|PIEL	hewiktionary	wikt:conj:p46466:r518942:t0:הפעיל עבר|wikt:conj:p46466:r518942:t0:הפעיל שם הפועל|wikt:conj:p46466:r518942:t0:התפעל עבר|wikt:conj:p46466:r518942:t0:התפעל שם הפועל|wikt:conj:p46466:r518942:t0:פיעל עבר|wikt:conj:p46466:r518942:t0:קל עבר|wikt:entry:p41076:r517445:o0:t0|wikt:entry:p41076:r517445:o1073:t0	0.96	SILVER	
RT-79f22d3507	{{שרש3|צ|ל|ח}}, גזרת השלמים	צלח	צ	ל	ח			3	SHLEMIM	גזרת השלמים	False	False	False	False	False	False	False	False	False	False	False	False	True	False	False	False	False	C.C.X	guttural_containing	False	False	False	False	False	False	True	False	צלח	RG-79f22d3507	2	HIFIL|PAAL	hewiktionary	wikt:conj:p45609:r237259:t0:הפעיל עבר|wikt:conj:p45609:r237259:t0:הפעיל שם הפועל|wikt:conj:p45609:r237259:t0:קל עבר|wikt:entry:p28045:r519828:o0:t0|wikt:entry:p52332:r437725:o0:t0	0.988	SILVER	
RT-53a7b36033	"{{שרש3|נ|צ|ל}}, [[גזרת חפ""נ]]"	נצל	נ	צ	ל			3	PE_NUN	"גזרת חפ""נ"	True	False	False	False	False	False	False	False	False	False	False	False	False	False	False	False	True	N.C.C	initial_nun	False	False	False	True	False	False	False	False	נצל	RG-53a7b36033	4	?|HIFIL|HITPAEL|HUFAL	hewiktionary	wikt:conj:p45607:r297018:t0:הופעל עבר|wikt:conj:p45607:r297018:t0:הפעיל עבר|wikt:conj:p45607:r297018:t0:הפעיל שם הפועל|wikt:conj:p45607:r297018:t0:התפעל עבר|wikt:conj:p45607:r297018:t0:התפעל שם הפועל|wikt:conj:p45607:r297018:t0:פיעל עבר|wikt:conj:p45607:r297018:t0:פיעל שם הפועל|wikt:entry:p25480:r512639:o1700:t0|wikt:entry:p41410:r520005:o0:t0	0.988	GOLD	
RT-efa41b247b	{{שרש3|ק|פ|א}}	קפא	ק	פ	א			3			False	False	False	False	False	False	False	False	True	False	False	False	True	False	False	False	True	C.C.A	final_alef	False	False	False	False	False	False	True	False	קפא	RG-efa41b247b	2	HIFIL|PAAL	hewiktionary	wikt:conj:p31936:r388898:t0:הפעיל עבר|wikt:conj:p31936:r388898:t0:הפעיל שם הפועל|wikt:conj:p31936:r388898:t0:קל עבר|wikt:conj:p31936:r388898:t0:קל שם הפועל|wikt:entry:p55995:r444585:o0:t0|wikt:entry:p56913:r441675:o0:t0	0.988	GOLD	TRADITIONAL_CLASS_NOT_STATED
RT-a70f582e9b	"{{שרש3|ק|ר|א}}\n[[גזרת נל""א]]"	קרא	ק	ר	א			3	LAMED_ALEF	"גזרת נל""א"	False	False	False	False	False	False	False	False	True	False	False	False	True	True	False	False	True	C.R.A	final_alef	False	False	False	False	False	False	True	False	קרא	RG-a70f582e9b	3	HIFIL|NIFAL|PAAL	hewiktionary	wikt:conj:p17715:r428941:t0:הפעיל עבר|wikt:conj:p17715:r428941:t0:הפעיל שם הפועל|wikt:conj:p17715:r428941:t0:נפעל עבר|wikt:conj:p17715:r428941:t0:נפעל שם הפועל|wikt:conj:p17715:r428941:t0:קל עבר|wikt:conj:p17715:r428941:t0:קל שם הפועל|wikt:entry:p26115:r522716:o86:t0|wikt:entry:p46525:r520540:o0:t0|wikt:entry:p58065:r422450:o0:t0	0.988	GOLD	
RT-49b771f500	{{שרש3|ק|שׁ|ב}}, גזרת השלמים	קשׁב	ק	ש	ב			3	SHLEMIM	גזרת השלמים	False	False	False	False	False	False	False	False	False	False	False	False	False	False	False	False	False	C.C.C	strong	True	False	False	False	False	False	False	False	קשב	RG-01b667c552	1	HIFIL	hewiktionary	wikt:conj:p56598:r403997:t0:הפעיל עבר|wikt:conj:p56598:r403997:t0:הפעיל שם הפועל|wikt:entry:p52441:r513315:o0:t0	0.988	GOLD	
RT-695e9e32ff	"{{שרש3|נ|ק|ף|א}}, [[גזרת חפ""נ]]"	נקפ	נ	ק	פ			3	PE_NUN	"גזרת חפ""נ"	True	False	False	False	False	False	False	False	False	False	False	False	False	False	False	False	True	N.C.C	initial_nun	False	False	False	True	False	False	False	False	נקפ	RG-695e9e32ff	3	HIFIL|PAAL|PIEL	hewiktionary	wikt:entry:p28160:r514035:o0:t0|wikt:entry:p28160:r514035:o1237:t0|wikt:entry:p28160:r514035:o888:t0|wikt:entry:p28249:r407053:o0:t0|wikt:entry:p28249:r407053:o1651:t0	0.96	SILVER	
RT-fa0374589d	ר־ח־ק	רחק	ר	ח	ק			3			False	False	False	False	False	False	False	False	False	False	False	True	False	True	False	False	False	R.X.C	guttural_containing	False	False	False	False	False	False	True	False	רחק	RG-fa0374589d	2	HIFIL|PAAL	hewiktionary	wikt:conj:p56742:r416102:t0:הפעיל עבר|wikt:conj:p56742:r416102:t0:הפעיל שם הפועל|wikt:conj:p56742:r416102:t0:קל עבר|wikt:entry:p56741:r512179:o14:t0	0.96	SILVER	TRADITIONAL_CLASS_NOT_STATED
RT-ca21445e00	{{שרש3|ר|כ|ב}}	רכב	ר	כ	ב			3			False	False	False	False	False	False	False	False	False	False	False	False	False	True	False	False	False	R.C.C	strong	True	False	False	False	False	False	False	False	רכב	RG-ca21445e00	2	HIFIL|PAAL	hewiktionary	wikt:conj:p43839:r270866:t0:הפעיל עבר|wikt:conj:p43839:r270866:t0:הפעיל שם הפועל|wikt:conj:p43839:r270866:t0:קל עבר|wikt:conj:p43839:r270866:t0:קל שם הפועל|wikt:entry:p19163:r519208:o0:t0|wikt:entry:p53528:r445540:o0:t0	0.988	GOLD	TRADITIONAL_CLASS_NOT_STATED
RT-f48810c53a	{{שרש3|א|ב|ך}}	אבכ	א	ב	כ			3			False	False	False	True	False	False	False	False	False	False	True	False	False	False	False	False	True	A.C.C	initial_alef	False	False	False	False	False	False	True	False	אבכ	RG-f48810c53a	1	HITPAEL	hewiktionary	wikt:entry:p50974:r510259:o0:t0	0.8	SILVER	TRADITIONAL_CLASS_NOT_STATED
RT-51a376e6c4	י־כ־ח	יכח	י	כ	ח			3			False	True	False	False	False	False	False	False	False	False	False	False	True	False	False	False	True	Y.C.X	initial_yod_waw	False	False	False	False	True	False	True	False	יכח	RG-51a376e6c4	3	HITPAEL|HUFAL	hewiktionary	wikt:conj:p32022:r509699:t0:הופעל עבר|wikt:conj:p32022:r509699:t0:התפעל עבר|wikt:conj:p32022:r509699:t0:התפעל שם הפועל	0.94	SILVER	TRADITIONAL_CLASS_NOT_STATED
RT-e3a1b8f1d9	{{שרש3|ח|ב|ר}}	חבר	ח	ב	ר			3			False	False	False	False	False	False	False	False	False	False	True	False	False	True	False	False	False	X.C.R	guttural_containing	False	False	False	False	False	False	True	False	חבר	RG-e3a1b8f1d9	4	HIFIL|HITPAEL|PAAL|PIEL	hewiktionary	wikt:entry:p57450:r432404:o0:t0|wikt:entry:p58278:r419014:o0:t0|wikt:entry:p9606:r509463:o0:t0|wikt:entry:p9606:r509463:o386:t0	0.8	SILVER	TRADITIONAL_CLASS_NOT_STATED
RT-cdac9f64d9	ח־מ־ם	חממ	ח	מ	מ			3			False	False	False	False	False	False	False	False	False	False	True	False	False	False	True	False	True	X.C.C+GEM	geminate	False	False	False	False	False	True	True	False	חממ	RG-cdac9f64d9	3	HITPAEL|NIFAL|PIEL	hewiktionary	wikt:conj:p31091:r270335:t0:התפעל עבר|wikt:conj:p31091:r270335:t0:התפעל שם הפועל|wikt:conj:p31091:r270335:t0:פיעל עבר|wikt:conj:p31091:r270335:t0:פיעל שם הפועל|wikt:entry:p51332:r510548:o2986:t0|wikt:entry:p52720:r514869:o0:t0	0.988	GOLD	TRADITIONAL_CLASS_NOT_STATED
RT-f07f37bfff	כ-נ-ס	כנס	כ	נ	ס			3	SHLEMIM	גזרת השלמים	False	False	False	False	False	False	False	False	False	False	False	False	False	False	False	False	False	C.N.C	strong	True	False	False	False	False	False	False	False	כנס	RG-f07f37bfff	7	HIFIL|HITPAEL|HUFAL|NIFAL|PAAL|PIEL|PUAL	hewiktionary	wikt:conj:p17696:r420381:t0:הופעל עבר|wikt:conj:p17696:r420381:t0:הפעיל עבר|wikt:conj:p17696:r420381:t0:הפעיל שם הפועל|wikt:conj:p17696:r420381:t0:התפעל עבר|wikt:conj:p17696:r420381:t0:התפעל שם הפועל|wikt:conj:p17696:r420381:t0:נפעל עבר|wikt:conj:p17696:r420381:t0:נפעל שם הפועל|wikt:conj:p17696:r420381:t0:פועל עבר|wikt:conj:p17696:r420381:t0:פיעל עבר|wikt:conj:p17696:r420381:t0:פיעל שם הפועל|wikt:conj:p17696:r420381:t0:קל עבר|wikt:entry:p44843:r519964:o0:t0|wikt:entry:p45828:r518472:o1193:t0	0.988	GOLD	
RT-ed65be8864	כ־ו־ן	כונ	כ	ו	נ			3			False	False	False	False	False	True	False	False	False	False	False	False	False	False	False	False	True	C.W.N	hollow_candidate	False	False	True	False	False	False	False	False	כונ	RG-ed65be8864	5	HIFIL|HITPAEL|HUFAL|NIFAL|PIEL	hewiktionary	wikt:conj:p45439:r520838:t0:הופעל עבר|wikt:conj:p45439:r520838:t0:הפעיל עבר|wikt:conj:p45439:r520838:t0:הפעיל שם הפועל|wikt:conj:p45439:r520838:t0:התפעל עבר|wikt:conj:p45439:r520838:t0:התפעל שם הפועל|wikt:conj:p45439:r520838:t0:נפעל עבר|wikt:conj:p45439:r520838:t0:פיעל עבר|wikt:conj:p45439:r520838:t0:פיעל שם הפועל|wikt:entry:p13987:r521404:o0:t0|wikt:entry:p57560:r508410:o17:t0|wikt:entry:p63959:r513331:o0:t0	0.988	GOLD	TRADITIONAL_CLASS_NOT_STATED
RT-a9419bb7ab	פ־ע־ל	כפפ	כ	פ	פ			3			False	False	False	False	False	False	False	False	False	False	False	False	False	False	True	False	True	C.C.C+GEM	geminate	False	False	False	False	False	True	False	False	כפפ	RG-a9419bb7ab	3	HITPAEL|PAAL|PIEL	hewiktionary	wikt:conj:p56712:r386352:t0:התפעל עבר|wikt:conj:p56712:r386352:t0:התפעל שם הפועל|wikt:conj:p56712:r386352:t0:פיעל עבר|wikt:conj:p56712:r386352:t0:קל עבר|wikt:entry:p54849:r520070:o61:t0|wikt:entry:p56036:r416389:o0:t0	0.96	SILVER	TRADITIONAL_CLASS_NOT_STATED
RT-7f8f2a5014	{{שרש3|ל|ב|שׁ}}, [[נספח:גזרת השלמים|גזרת השלמים]]	לבשׁ	ל	ב	ש			3	SHLEMIM	גזרת השלמים	False	False	False	False	False	False	False	False	False	False	False	False	False	False	False	False	False	C.C.C	strong	True	False	False	False	False	False	False	False	לבש	RG-9e1a0d49b4	3	HIFIL|HITPAEL|PAAL	hewiktionary	wikt:conj:p13617:r409271:t0:הפעיל עבר|wikt:conj:p13617:r409271:t0:הפעיל שם הפועל|wikt:conj:p13617:r409271:t0:התפעל עבר|wikt:conj:p13617:r409271:t0:התפעל שם הפועל|wikt:conj:p13617:r409271:t0:קל עבר|wikt:conj:p13617:r409271:t0:קל שם הפועל|wikt:entry:p29582:r516743:o24:t0|wikt:entry:p34353:r447349:o0:t0|wikt:entry:p46575:r266195:o0:t0	0.988	GOLD	
RT-be2bc9f471	{{שרש3|ל|ו|ן}}	לונ	ל	ו	נ			3	AYIN_WAW_YOD	"גזרת נע""ו/י"	False	False	False	False	False	True	False	False	False	False	False	False	False	False	False	False	True	C.W.N	hollow_candidate	False	False	True	False	False	False	False	False	לונ	RG-be2bc9f471	4	HIFIL|HITPAEL|PAAL	hewiktionary	wikt:conj:p32025:r453740:t0:הפעיל עבר|wikt:conj:p32025:r453740:t0:התפעל עבר|wikt:conj:p32025:r453740:t0:קל עבר|wikt:conj:p32025:r453740:t0:קל שם הפועל|wikt:conj:p32027:r314877:t0:הפעיל עבר|wikt:conj:p32027:r314877:t0:התפעל עבר|wikt:conj:p32027:r314877:t0:התפעל שם הפועל|wikt:entry:p32028:r502248:o0:t0|wikt:entry:p52132:r510224:o717:t0|wikt:entry:p52132:r510224:o9:t0|wikt:entry:p63182:r494077:o0:t0|wikt:entry:p63182:r494077:o379:t0	0.9995	GOLD	
RT-0f4810517c	{{שרש3|מ|כ|ר}}, [[גזרת השלמים]]	מכר	מ	כ	ר			3	SHLEMIM	גזרת השלמים	False	False	False	False	False	False	False	False	False	False	False	False	False	True	False	False	False	C.C.R	strong	True	False	False	False	False	False	False	False	מכר	RG-0f4810517c	3	HITPAEL|NIFAL|PAAL	hewiktionary	wikt:conj:p17704:r115855:t0:התפעל עבר|wikt:conj:p17704:r115855:t0:התפעל שם הפועל|wikt:conj:p17704:r115855:t0:נפעל עבר|wikt:conj:p17704:r115855:t0:נפעל שם הפועל|wikt:conj:p17704:r115855:t0:קל עבר|wikt:conj:p17704:r115855:t0:קל שם הפועל|wikt:entry:p11215:r520379:o69:t0|wikt:entry:p51947:r428540:o0:t0	0.988	GOLD	
RT-36ad0e7f9b	"{{שרש3|מ|ל|א}}, [[גזרת נל""א]]"	מלא	מ	ל	א			3	LAMED_ALEF	"גזרת נל""א"	False	False	False	False	False	False	False	False	True	False	False	False	True	False	False	False	True	C.C.A	final_alef	False	False	False	False	False	False	True	False	מלא	RG-36ad0e7f9b	4	HITPAEL|PAAL|PIEL|PUAL	hewiktionary	wikt:conj:p31263:r310935:t0:התפעל עבר|wikt:conj:p31263:r310935:t0:התפעל שם הפועל|wikt:conj:p31263:r310935:t0:פועל עבר|wikt:conj:p31263:r310935:t0:פיעל עבר|wikt:conj:p31263:r310935:t0:פיעל שם הפועל|wikt:conj:p31263:r310935:t0:קל עבר|wikt:conj:p31263:r310935:t0:קל שם הפועל|wikt:entry:p31265:r518228:o0:t0|wikt:entry:p50927:r518821:o3987:t0|wikt:entry:p50927:r518821:o5528:t0|wikt:full:p24707:r508933:t2:נסתר_עבר|wikt:full:p24707:r508933:t3:נסתר_עבר	0.9976	GOLD	
RT-5ab52ebde7	{{שרש3|מ|ד|ד|גזרה=הכפולים}}	מדד	מ	ד	ד			3	AYIN_AYIN	"גזרת הכפולים ; גזרת ע""ע"	False	False	False	False	False	False	False	False	False	False	False	False	False	False	True	False	True	C.C.C+GEM	geminate	False	False	False	False	False	True	False	False	מדד	RG-5ab52ebde7	4	HITPAEL|NIFAL|PAAL|PIEL	hewiktionary	wikt:conj:p48313:r274757:t0:התפעל עבר|wikt:conj:p48313:r274757:t0:התפעל שם הפועל|wikt:conj:p48313:r274757:t0:נפעל עבר|wikt:conj:p48313:r274757:t0:פיעל עבר|wikt:entry:p43635:r275091:o0:t0|wikt:entry:p48300:r406410:o0:t0|wikt:entry:p51567:r508887:o0:t0|wikt:entry:p52770:r518080:o1705:t0	0.988	GOLD	
RT-47b837c38e	{{שרש|נגד א|נ־ג־ד <small>א</small>}}, [[גזרת השלמים]]	נגד	נ	ג	ד			3	PE_NUN+SHLEMIM	"גזרת השלמים ; גזרת חפ""נ"	True	False	False	False	False	False	False	False	False	False	False	False	False	False	False	False	True	N.C.C	initial_nun	False	False	False	True	False	False	False	False	נגד	RG-47b837c38e	3	HIFIL|HITPAEL|PAAL	hewiktionary	wikt:conj:p32179:r489307:t0:התפעל עבר|wikt:conj:p32179:r489307:t0:התפעל שם הפועל|wikt:conj:p32179:r489307:t0:קל עבר|wikt:conj:p32179:r489307:t0:קל שם הפועל|wikt:conj:p32847:r346588:t0:הפעיל עבר|wikt:conj:p32847:r346588:t0:הפעיל שם הפועל|wikt:entry:p32175:r519154:o0:t0|wikt:entry:p32840:r520423:o0:t0	0.988	GOLD	TRADITIONAL_CLASS_VARIES_ACROSS_ENTRIES
RT-9137a33fde	נ־ד־ב	נדב	נ	ד	ב			3			True	False	False	False	False	False	False	False	False	False	False	False	False	False	False	False	True	N.C.C	initial_nun	False	False	False	True	False	False	False	False	נדב	RG-9137a33fde	4	HITPAEL|NIFAL|PAAL|PIEL	hewiktionary	wikt:conj:p60220:r441258:t0:התפעל עבר|wikt:conj:p60220:r441258:t0:התפעל שם הפועל|wikt:conj:p60220:r441258:t0:נפעל עבר|wikt:conj:p60220:r441258:t0:פיעל עבר|wikt:conj:p60220:r441258:t0:קל עבר|wikt:entry:p58000:r510542:o0:t0|wikt:entry:p58000:r510542:o595:t0|wikt:entry:p58000:r510542:o959:t0	0.96	SILVER	TRADITIONAL_CLASS_NOT_STATED
RT-36e7a31ce3	{{שרש3|נ|פ|ל}}	נפל	נ	פ	ל			3	PE_NUN	"גזרת חפ""נ"	True	False	False	False	False	False	False	False	False	False	False	False	False	False	False	False	True	N.C.C	initial_nun	False	False	False	True	False	False	False	False	נפל	RG-36e7a31ce3	4	HIFIL|HITPAEL|HUFAL|PAAL	hewiktionary	wikt:conj:p31101:r353599:t0:הופעל עבר|wikt:conj:p31101:r353599:t0:הפעיל עבר|wikt:conj:p31101:r353599:t0:הפעיל שם הפועל|wikt:conj:p31101:r353599:t0:התפעל עבר|wikt:conj:p31101:r353599:t0:התפעל שם הפועל|wikt:conj:p31101:r353599:t0:קל עבר|wikt:conj:p31101:r353599:t0:קל שם הפועל|wikt:entry:p10409:r519598:o0:t0|wikt:entry:p11528:r501294:o0:t0|wikt:entry:p52271:r510273:o0:t0	0.988	GOLD	
RT-8c752d66a6	נ־ק־שׁ	נקשׁ	נ	ק	ש			3	PE_NUN	"גזרת חפ""נ"	True	False	False	False	False	False	False	False	False	False	False	False	False	False	False	False	True	N.C.C	initial_nun	False	False	False	True	False	False	False	False	נקש	RG-ebe70929b6	5	HIFIL|HITPAEL|NIFAL|PAAL|PIEL	hewiktionary	wikt:conj:p31718:r270592:t0:הפעיל עבר|wikt:conj:p31718:r270592:t0:התפעל עבר|wikt:conj:p31718:r270592:t0:התפעל שם הפועל|wikt:conj:p31718:r270592:t0:פיעל עבר|wikt:conj:p31718:r270592:t0:קל עבר|wikt:entry:p31716:r523196:o22:t0|wikt:entry:p31716:r523196:o799:t0|wikt:entry:p53876:r500096:o1202:t0|wikt:entry:p53876:r500096:o21:t0|wikt:entry:p53876:r500096:o798:t0	0.992	SILVER	SHIN_SIN_FROM_FORM
RT-b50ef9196d	נ־ש־ק	נשׁק	נ	ש	ק			3			True	False	False	False	False	False	False	False	False	False	False	False	False	False	False	False	True	N.C.C	initial_nun	False	False	False	True	False	False	False	False	נשק	RG-5c69d95447	4	HIFIL|HITPAEL|PAAL|PIEL	hewiktionary	wikt:conj:p43013:r445401:t0:הפעיל עבר|wikt:conj:p43013:r445401:t0:התפעל עבר|wikt:conj:p43013:r445401:t0:התפעל שם הפועל|wikt:conj:p43013:r445401:t0:פיעל עבר|wikt:conj:p43013:r445401:t0:פיעל שם הפועל|wikt:conj:p43013:r445401:t0:קל עבר|wikt:conj:p56708:r386332:t0:הפעיל עבר|wikt:conj:p56708:r386332:t0:התפעל עבר|wikt:conj:p56708:r386332:t0:התפעל שם הפועל|wikt:conj:p56708:r386332:t0:פיעל עבר|wikt:conj:p56708:r386332:t0:פיעל שם הפועל|wikt:conj:p56708:r386332:t0:קל עבר|wikt:entry:p43011:r519903:o1263:t0|wikt:entry:p43011:r519903:o23:t0|wikt:entry:p56703:r437349:o0:t0|wikt:full:p23828:r508930:t0:נסתר_עבר|wikt:full:p23828:r508930:t2:נסתר_עבר|wikt:full:p23828:r508930:t4:נסתר_עבר|wikt:full:p23828:r508930:t6:נסתר_עבר	0.9999	GOLD	ROOT_SHARES_ORTHOGRAPHY_WITH_OTHER_ROOT|TRADITIONAL_CLASS_NOT_STATED
RT-4ca20eb2ed	ע-ט-ף	עטפ	ע	ט	פ			3	SHLEMIM	גזרת השלמים	False	False	False	False	False	False	False	False	False	False	True	False	False	False	False	False	False	E.C.C	guttural_containing	False	False	False	False	False	False	True	False	עטפ	RG-4ca20eb2ed	3	HITPAEL|PAAL|PIEL	hewiktionary	wikt:conj:p20105:r385551:t0:התפעל עבר|wikt:conj:p20105:r385551:t0:התפעל שם הפועל|wikt:conj:p20105:r385551:t0:פיעל עבר|wikt:conj:p20105:r385551:t0:קל עבר|wikt:conj:p20105:r385551:t0:קל שם הפועל|wikt:entry:p8098:r516801:o0:t0|wikt:entry:p8098:r516801:o1427:t0	0.988	GOLD	
RT-dbcd7446f3	{{שרש3|ע|ל|ל}}, [[גזרת הכפולים]]	עלל	ע	ל	ל			3	AYIN_AYIN	גזרת הכפולים	False	False	False	False	False	False	False	False	False	False	True	False	False	False	True	False	True	E.C.C+GEM	geminate	False	False	False	False	False	True	True	False	עלל	RG-dbcd7446f3	2	HITPAEL|PIEL	hewiktionary	wikt:entry:p22316:r448913:o0:t0|wikt:entry:p42514:r510626:o1998:t0	0.8	SILVER	
RT-01022de93d	{{שרש3|ע|ל|ף}}	עלפ	ע	ל	פ			3			False	False	False	False	False	False	False	False	False	False	True	False	False	False	False	False	False	E.C.C	guttural_containing	False	False	False	False	False	False	True	False	עלפ	RG-01022de93d	1	HITPAEL	hewiktionary	wikt:entry:p50781:r518330:o0:t0	0.8	SILVER	TRADITIONAL_CLASS_NOT_STATED
RT-460650e0eb	ע־צ־ל	עצל	ע	צ	ל			3			False	False	False	False	False	False	False	False	False	False	True	False	False	False	False	False	False	E.C.C	guttural_containing	False	False	False	False	False	False	True	False	עצל	RG-460650e0eb	2	HITPAEL|NIFAL	hewiktionary	wikt:conj:p32015:r445384:t0:התפעל עבר|wikt:conj:p32015:r445384:t0:התפעל שם הפועל|wikt:entry:p56251:r521377:o0:t0	0.94	SILVER	TRADITIONAL_CLASS_NOT_STATED
RT-adaccee62a	"{{שרש3|ע|ו|ר|א}}, [[נספח:גזרת נע""ו/י|גזרת נע""ו/י]]"	עור	ע	ו	ר			3	AYIN_WAW_YOD+SHLEMIM	"גזרת השלמים ; גזרת נע""ו/י"	False	False	False	False	False	True	False	False	False	False	True	False	False	True	False	False	True	E.W.R	hollow_candidate	False	False	True	False	False	False	True	False	עור	RG-adaccee62a	5	?|HITPAEL|NIFAL|PAAL|PIEL	hewiktionary	wikt:conj:p32407:r266365:t0:הפעיל עבר|wikt:conj:p32407:r266365:t0:הפעיל שם הפועל|wikt:conj:p32407:r266365:t0:התפעל עבר|wikt:conj:p32407:r266365:t0:התפעל שם הפועל|wikt:conj:p32407:r266365:t0:נפעל עבר|wikt:conj:p33029:r269974:t0:פיעל עבר|wikt:entry:p32411:r516962:o0:t0|wikt:entry:p4808:r519728:o0:t0|wikt:entry:p53240:r395661:o0:t0|wikt:entry:p5878:r517662:o3277:t0|wikt:entry:p9024:r520500:o0:t0	0.988	GOLD	TRADITIONAL_CLASS_VARIES_ACROSS_ENTRIES
RT-78933b6184	{{שרש3|פ|ל|א}}	פלא	פ	ל	א			3			False	False	False	False	False	False	False	False	True	False	False	False	True	False	False	False	True	C.C.A	final_alef	False	False	False	False	False	False	True	False	פלא	RG-78933b6184	3	HITPAEL|NIFAL|PIEL	hewiktionary	wikt:entry:p28335:r511204:o0:t0|wikt:entry:p54456:r521726:o2085:t0|wikt:entry:p58227:r409316:o0:t0	0.8	SILVER	TRADITIONAL_CLASS_NOT_STATED
RT-751e0cb7f8	{{שרש3|פ|ל|ל}}, [[נספח:גזרת השלמים|גזרת השלמים]]	פלל	פ	ל	ל			3	SHLEMIM	גזרת השלמים	False	False	False	False	False	False	False	False	False	False	False	False	False	False	True	False	True	C.C.C+GEM	geminate	False	False	False	False	False	True	False	False	פלל	RG-751e0cb7f8	3	HITPAEL|NIFAL|PIEL	hewiktionary	wikt:conj:p34098:r413134:t0:התפעל עבר|wikt:conj:p34098:r413134:t0:התפעל שם הפועל|wikt:conj:p34098:r413134:t0:נפעל עבר|wikt:conj:p34098:r413134:t0:פיעל עבר|wikt:conj:p34098:r413134:t0:פיעל שם הפועל|wikt:entry:p34096:r520237:o0:t0|wikt:entry:p57178:r511215:o0:t0|wikt:entry:p57191:r522559:o0:t0	0.988	GOLD	
RT-66ed430229	פ־צ־ץ	פצצ	פ	צ	צ			3			False	False	False	False	False	False	False	False	False	False	False	False	False	False	True	False	True	C.C.C+GEM	geminate	False	False	False	False	False	True	False	False	פצצ	RG-66ed430229	2	HITPAEL|PIEL	hewiktionary	wikt:conj:p33885:r378021:t0:התפעל עבר|wikt:conj:p33885:r378021:t0:התפעל שם הפועל|wikt:conj:p33885:r378021:t0:פיעל עבר|wikt:conj:p33885:r378021:t0:פיעל שם הפועל	0.94	SILVER	TRADITIONAL_CLASS_NOT_STATED
RT-556e89c713	{{שרש|קדם|ק־ד־ם}}, שלמים	קדמ	ק	ד	מ			3	SHLEMIM	שלמים	False	False	False	False	False	False	False	False	False	False	False	False	False	False	False	False	False	C.C.C	strong	True	False	False	False	False	False	False	False	קדמ	RG-556e89c713	3	HITPAEL|PAAL|PIEL	hewiktionary	wikt:conj:p45362:r445679:t0:התפעל עבר|wikt:conj:p45362:r445679:t0:התפעל שם הפועל|wikt:conj:p45362:r445679:t0:פיעל עבר|wikt:conj:p45362:r445679:t0:קל עבר|wikt:conj:p45362:r445679:t0:קל שם הפועל|wikt:entry:p45391:r519630:o0:t0|wikt:entry:p50465:r497249:o20:t0|wikt:entry:p50465:r497249:o586:t0	0.988	GOLD	
RT-0a4df750eb	ק־נ־א	קנא	ק	נ	א			3	LAMED_ALEF	"גזרת נל""א"	False	False	False	False	False	False	False	False	True	False	False	False	True	False	False	False	True	C.N.A	final_alef	False	False	False	False	False	False	True	False	קנא	RG-0a4df750eb	2	HITPAEL|PIEL	hewiktionary	wikt:conj:p32889:r266401:t0:התפעל עבר|wikt:conj:p32889:r266401:t0:התפעל שם הפועל|wikt:conj:p32889:r266401:t0:פיעל עבר|wikt:conj:p32889:r266401:t0:פיעל שם הפועל|wikt:entry:p28964:r521744:o15:t0	0.988	GOLD	
RT-2544ddf7c1	ק־ש־ר	קשׁר	ק	ש	ר			3			False	False	False	False	False	False	False	False	False	False	False	False	False	True	False	False	False	C.C.R	strong	True	False	False	False	False	False	False	False	קשר	RG-145f4c0880	3	HITPAEL|PAAL|PIEL	hewiktionary	wikt:conj:p22500:r425502:t0:התפעל עבר|wikt:conj:p22500:r425502:t0:התפעל שם הפועל|wikt:conj:p22500:r425502:t0:פיעל עבר|wikt:conj:p22500:r425502:t0:פיעל שם הפועל|wikt:conj:p22500:r425502:t0:קל עבר|wikt:conj:p22500:r425502:t0:קל שם הפועל|wikt:entry:p4775:r519626:o1495:t0|wikt:entry:p4775:r519626:o71:t0	0.988	GOLD	SHIN_SIN_FROM_FORM|TRADITIONAL_CLASS_NOT_STATED
RT-03d9034fff	{{שרש3|ק|ר|ב}}, שלמים	קרב	ק	ר	ב			3	SHLEMIM	גזרת השלמים ; שלמים	False	False	False	False	False	False	False	False	False	False	False	False	False	True	False	False	False	C.R.C	strong	True	False	False	False	False	False	False	False	קרב	RG-03d9034fff	2	HITPAEL|PAAL	hewiktionary	wikt:conj:p59970:r438556:t0:התפעל עבר|wikt:conj:p59970:r438556:t0:התפעל שם הפועל|wikt:conj:p59970:r438556:t0:קל עבר|wikt:entry:p26806:r419122:o0:t0|wikt:entry:p42275:r522443:o5494:t0	0.988	GOLD	
RT-f6c1e0aa30	ק־ו־ם	קומ	ק	ו	מ			3	AYIN_WAW_YOD	"גזרת נע""ו/י"	False	False	False	False	False	True	False	False	False	False	False	False	False	False	False	False	True	C.W.C	hollow_candidate	False	False	True	False	False	False	False	False	קומ	RG-f6c1e0aa30	5	HIFIL|HITPAEL|HUFAL|PAAL|PIEL	hewiktionary	wikt:conj:p17670:r324079:t0:הופעל עבר|wikt:conj:p17670:r324079:t0:הפעיל עבר|wikt:conj:p17670:r324079:t0:הפעיל שם הפועל|wikt:conj:p17670:r324079:t0:התפעל עבר|wikt:conj:p17670:r324079:t0:התפעל שם הפועל|wikt:conj:p17670:r324079:t0:פיעל עבר|wikt:conj:p17670:r324079:t0:פיעל שם הפועל|wikt:conj:p17670:r324079:t0:קל עבר|wikt:conj:p17670:r324079:t0:קל שם הפועל|wikt:entry:p25248:r503670:o1411:t0|wikt:entry:p29205:r519613:o460:t0	0.988	GOLD	
RT-c664b3cad6	{{שרש|רפא|ר־פ־א}}	רפא	ר	פ	א			3			False	False	False	False	False	False	False	False	True	False	False	False	True	True	False	False	True	R.C.A	final_alef	False	False	False	False	False	False	True	False	רפא	RG-c664b3cad6	3	HITPAEL|PAAL|PIEL	hewiktionary	wikt:entry:p27004:r387078:o0:t0|wikt:entry:p58788:r508267:o1199:t0|wikt:entry:p58788:r508267:o124:t0	0.8	SILVER	TRADITIONAL_CLASS_NOT_STATED
RT-10694a0c6a	"{{שרש3|ר|ו|ם}}, [[נספח: גזרת נע""ו/י|גזרת נע""ו/י]]"	רומ	ר	ו	מ			3	AYIN_WAW_YOD	"גזרת נע""ו/י"	False	False	False	False	False	True	False	False	False	False	False	False	False	True	False	False	True	R.W.C	hollow_candidate	False	False	True	False	False	False	False	False	רומ	RG-10694a0c6a	3	HIFIL|HITPAEL|PIEL	hewiktionary	wikt:conj:p13377:r293771:t0:הפעיל עבר|wikt:conj:p13377:r293771:t0:הפעיל שם הפועל|wikt:conj:p13377:r293771:t0:התפעל עבר|wikt:conj:p13377:r293771:t0:התפעל שם הפועל|wikt:conj:p13377:r293771:t0:פיעל עבר|wikt:conj:p13377:r293771:t0:פיעל שם הפועל|wikt:entry:p36518:r511389:o0:t0|wikt:entry:p63487:r502278:o44:t0	0.988	GOLD	
RT-143f544fe1	{{שרש3|א|ט|ט}}, [[גזרת הכפולים]]	אטט	א	ט	ט			3	AYIN_AYIN	גזרת הכפולים	False	False	False	True	False	False	False	False	False	False	True	False	False	False	True	False	True	A.C.C+GEM	geminate	False	False	False	False	False	True	True	False	אטט	RG-143f544fe1	1	HIFIL	hewiktionary	wikt:conj:p31983:r509103:t0:הפעיל עבר|wikt:conj:p31983:r509103:t0:הפעיל שם הפועל|wikt:entry:p48094:r520250:o0:t0	0.988	GOLD	
RT-06dc9de21c	{{שרש3|ב|י|ן}}	בינ	ב	י	נ			3	AYIN_WAW_YOD	"גזרת נע""ו/י"	False	False	False	False	True	False	False	False	False	False	False	False	False	False	False	False	True	C.Y.N	hollow_candidate	False	False	True	False	False	False	False	False	בינ	RG-06dc9de21c	3	HIFIL|HITPAEL|PAAL	hewiktionary	wikt:conj:p30462:r413243:t0:הפעיל עבר|wikt:conj:p30462:r413243:t0:הפעיל שם הפועל|wikt:conj:p30462:r413243:t0:התפעל עבר|wikt:conj:p30462:r413243:t0:קל עבר|wikt:conj:p30462:r413243:t0:קל שם הפועל|wikt:entry:p34186:r520081:o0:t0|wikt:entry:p5135:r523030:o2277:t0|wikt:entry:p56257:r516997:o0:t0	0.988	GOLD	
RT-865f5149d8	"{{שרש|גוב|ג-ו-ב}}, [[נספח:גזרת נע""ו/י|גזרת נע""ו/י]]"	גוב	ג	ו	ב			3	AYIN_WAW_YOD	"גזרת נע""ו/י"	False	False	False	False	False	True	False	False	False	False	False	False	False	False	False	False	True	C.W.C	hollow_candidate	False	False	True	False	False	False	False	False	גוב	RG-865f5149d8	1	HIFIL	hewiktionary	wikt:conj:p33828:r266426:t0:הפעיל עבר|wikt:conj:p33828:r266426:t0:הפעיל שם הפועל|wikt:entry:p27737:r521266:o0:t0	0.988	GOLD	
RT-cc88a38430	{{שרש3|כ|ו|ל}}	כול	כ	ו	ל			3			False	False	False	False	False	True	False	False	False	False	False	False	False	False	False	False	True	C.W.C	hollow_candidate	False	False	True	False	False	False	False	False	כול	RG-cc88a38430	2	HIFIL|PAAL	hewiktionary	wikt:entry:p43822:r521702:o5097:t0|wikt:entry:p53262:r513637:o0:t0	0.8	SILVER	TRADITIONAL_CLASS_NOT_STATED
RT-73b86321c9	{{שרש3|ס|ו|ר}}	סור	ס	ו	ר			3			False	False	False	False	False	True	False	False	False	False	False	False	False	True	False	False	True	C.W.R	hollow_candidate	False	False	True	False	False	False	False	False	סור	RG-73b86321c9	2	HIFIL|PAAL	hewiktionary	wikt:conj:p32352:r266354:t0:הפעיל עבר|wikt:conj:p32352:r266354:t0:הפעיל שם הפועל|wikt:conj:p32352:r266354:t0:קל עבר|wikt:conj:p32352:r266354:t0:קל שם הפועל|wikt:entry:p32354:r495682:o12:t0|wikt:entry:p61274:r517938:o0:t0	0.988	GOLD	TRADITIONAL_CLASS_NOT_STATED
RT-e14951891b	{{שרש3|ס|ב|ב|גזרה=הכפולים}}	סבב	ס	ב	ב			3	AYIN_AYIN	"גזרת הכפולים ; גזרת ע""ע"	False	False	False	False	False	False	False	False	False	False	False	False	False	False	True	False	True	C.C.C+GEM	geminate	False	False	False	False	False	True	False	False	סבב	RG-e14951891b	8	HIFIL|HITPAEL|HUFAL|NIFAL|PAAL|PIEL|PUAL	hewiktionary	wikt:conj:p30732:r380535:t0:הופעל עבר|wikt:conj:p30732:r380535:t0:הפעיל עבר|wikt:conj:p30732:r380535:t0:הפעיל שם הפועל|wikt:conj:p30732:r380535:t0:התפעל עבר|wikt:conj:p30732:r380535:t0:נפעל עבר|wikt:conj:p30732:r380535:t0:פיעל עבר|wikt:conj:p30732:r380535:t0:קל עבר|wikt:entry:p30733:r495219:o0:t0|wikt:entry:p30857:r518423:o0:t0|wikt:entry:p31189:r511409:o1126:t0|wikt:entry:p31189:r511409:o2815:t0|wikt:entry:p31190:r511200:o0:t0|wikt:entry:p47982:r273134:o0:t0|wikt:entry:p48140:r499732:o89:t0|wikt:entry:p57774:r401789:o0:t0	0.988	GOLD	
RT-36775bd8f2	{{שרש3|ע|ז|ז}}, [[גזרת הכפולים]]	עזז	ע	ז	ז			3	AYIN_AYIN	גזרת הכפולים	False	False	False	False	False	False	False	False	False	False	True	False	False	False	True	False	True	E.C.C+GEM	geminate	False	False	False	False	False	True	True	False	עזז	RG-36775bd8f2	1	HIFIL	hewiktionary	wikt:conj:p32634:r266381:t0:הפעיל עבר|wikt:conj:p32634:r266381:t0:הפעיל שם הפועל|wikt:entry:p30543:r439254:o22:t0	0.988	GOLD	
RT-3ac205b90f	{{שרש3|א|מ|ן}}	אמנ	א	מ	נ			3			False	False	False	True	False	False	False	False	False	False	True	False	False	False	False	False	True	A.C.N	initial_alef	False	False	False	False	False	False	True	False	אמנ	RG-3ac205b90f	6	HIFIL|HITPAEL|NIFAL|PAAL|PIEL|PUAL	hewiktionary	wikt:conj:p45987:r521925:t0:הפעיל עבר|wikt:conj:p45987:r521925:t0:הפעיל שם הפועל|wikt:conj:p45987:r521925:t0:התפעל עבר|wikt:conj:p45987:r521925:t0:התפעל שם הפועל|wikt:conj:p45987:r521925:t0:נפעל עבר|wikt:conj:p45987:r521925:t0:פועל עבר|wikt:conj:p45987:r521925:t0:פיעל עבר|wikt:conj:p45987:r521925:t0:קל עבר|wikt:entry:p16003:r489838:o0:t0|wikt:entry:p16003:r489838:o3116:t0|wikt:entry:p16003:r489838:o3992:t0|wikt:entry:p16003:r489838:o4397:t0|wikt:entry:p16003:r489838:o829:t0|wikt:entry:p44928:r516034:o0:t0	0.992	GOLD	TRADITIONAL_CLASS_NOT_STATED
RT-f881e6ad3d	ח־ל־ט <small>א</small>	חלט	ח	ל	ט			3	PE_GUTTURAL	"פ""ג."	False	False	False	False	False	False	False	False	False	False	True	False	False	False	False	False	False	X.C.C	guttural_containing	False	False	False	False	False	False	True	False	חלט	RG-f881e6ad3d	4	HIFIL|HUFAL|PAAL|PIEL	hewiktionary	wikt:conj:p45462:r235812:t0:הופעל עבר|wikt:conj:p45462:r235812:t0:הפעיל עבר|wikt:conj:p45462:r235812:t0:הפעיל שם הפועל|wikt:conj:p45462:r235812:t0:פיעל עבר|wikt:conj:p45462:r235812:t0:קל עבר|wikt:entry:p13442:r511245:o0:t0|wikt:entry:p13442:r511245:o2390:t0	0.96	SILVER	
RT-68acd61315	{{שרש3|ח|מ|ץ}}, [[גזרת השלמים]]	חמצ	ח	מ	צ			3	SHLEMIM	גזרת השלמים ; ח־מ־ץ, שלמים	False	False	False	False	False	False	False	False	False	False	True	False	False	False	False	False	False	X.C.C	guttural_containing	False	False	False	False	False	False	True	False	חמצ	RG-68acd61315	2	HIFIL|PAAL	hewiktionary	wikt:entry:p16850:r520445:o76:t0|wikt:entry:p16851:r416687:o0:t0	0.8	SILVER	
RT-44dd1c8b41	"{{שרש|היה |ה־י־ה <small></small>}}, [[גזרת הכפולים]]+[[גזרת נל""י/ה]]"	היה	ה	י	ה			3	AYIN_AYIN+LAMED_YOD_HE	"גזרת הכפולים ; גזרת נל""י/ה ; גזרת נל""י/ה"	False	False	False	False	True	False	True	False	False	True	True	False	True	False	False	False	True	H.Y.H	hollow_candidate	False	True	True	False	False	False	True	False	היה	RG-44dd1c8b41	2	PAAL|PIEL	hewiktionary	wikt:entry:p20111:r459383:o0:t0|wikt:entry:p20111:r459383:o4399:t0|wikt:entry:p44048:r500288:o0:t0	0.9	SILVER	TRADITIONAL_CLASS_VARIES_ACROSS_ENTRIES
RT-f5255b9bd3	"{{שרש3|ה|ר|ג}}, [[גזרת השלמים]], [[פ""ג]], [[ע""ג]]"	הרג	ה	ר	ג			3	SHLEMIM	גזרת השלמים	False	False	False	False	False	False	False	False	False	False	True	False	False	True	False	False	False	H.R.C	guttural_containing	False	False	False	False	False	False	True	False	הרג	RG-f5255b9bd3	2	NIFAL|PAAL	hewiktionary	wikt:conj:p30492:r150562:t0:נפעל עבר|wikt:conj:p30492:r150562:t0:נפעל שם הפועל|wikt:conj:p30492:r150562:t0:קל עבר|wikt:conj:p30492:r150562:t0:קל שם הפועל|wikt:entry:p30879:r519551:o20:t0	0.988	GOLD	
RT-806ceb6018	ת־ק־ף	תקפ	ת	ק	פ			3			False	False	False	False	False	False	False	False	False	False	False	False	False	False	False	False	False	C.C.C	strong	True	False	False	False	False	False	False	False	תקפ	RG-806ceb6018	3	HUFAL|PAAL|PIEL	hewiktionary	wikt:conj:p45438:r439023:t0:הופעל עבר|wikt:conj:p45438:r439023:t0:פיעל עבר|wikt:conj:p45438:r439023:t0:קל עבר|wikt:entry:p52372:r510911:o0:t0|wikt:entry:p52372:r510911:o2817:t0	0.96	SILVER	TRADITIONAL_CLASS_NOT_STATED
RT-7185befaaf	{{שרש3|י|ב|ל}}	יבל	י	ב	ל			3			False	True	False	False	False	False	False	False	False	False	False	False	False	False	False	False	True	Y.C.C	initial_yod_waw	False	False	False	False	True	False	False	False	יבל	RG-7185befaaf	3	HIFIL|HUFAL|PIEL	hewiktionary	wikt:conj:p41188:r266289:t0:הופעל עבר|wikt:conj:p41188:r266289:t0:הפעיל עבר|wikt:conj:p41188:r266289:t0:הפעיל שם הפועל|wikt:conj:p41188:r266289:t0:פיעל עבר|wikt:entry:p54836:r519742:o0:t0|wikt:entry:p57228:r424304:o590:t0	0.988	SILVER	TRADITIONAL_CLASS_NOT_STATED
RT-92ab58b978	"{{שרש3|י|ד|ע}}, [[גזרת נפ""יו]]"	ידע	י	ד	ע			3	LAMED_GUTTURAL+PE_YOD_WAW	"גזרת נפ""יו ; ל""ג"	False	True	False	False	False	False	False	False	False	False	False	False	True	False	False	False	True	Y.C.E	initial_yod_waw	False	False	False	False	True	False	True	False	ידע	RG-92ab58b978	6	HIFIL|HITPAEL|HUFAL|NIFAL|PAAL|PIEL	hewiktionary	wikt:conj:p20093:r422476:t0:הפעיל עבר|wikt:conj:p20093:r422476:t0:הפעיל שם הפועל|wikt:conj:p20093:r422476:t0:התפעל עבר|wikt:conj:p20093:r422476:t0:נפעל עבר|wikt:conj:p20093:r422476:t0:פיעל עבר|wikt:conj:p20093:r422476:t0:קל עבר|wikt:conj:p20093:r422476:t0:קל שם הפועל|wikt:entry:p2161:r519578:o0:t0|wikt:entry:p2161:r519578:o2778:t0|wikt:entry:p60176:r484249:o22:t0|wikt:entry:p62890:r486638:o0:t0|wikt:entry:p7658:r311956:o0:t0|wikt:entry:p7884:r311951:o0:t0	0.988	GOLD	TRADITIONAL_CLASS_VARIES_ACROSS_ENTRIES
RT-1bd9d98080	י־ל־ד	ילד	י	ל	ד			3	PE_YOD_WAW+SHLEMIM	"גזרת נפ""יו ; גזרת שלמים"	False	True	False	False	False	False	False	False	False	False	False	False	False	False	False	False	True	Y.C.C	initial_yod_waw	False	False	False	False	True	False	False	False	ילד	RG-1bd9d98080	4	HIFIL|NIFAL|PAAL|PUAL	hewiktionary	wikt:conj:p22217:r165306:t0:הפעיל עבר|wikt:conj:p22217:r165306:t0:הפעיל שם הפועל|wikt:conj:p22217:r165306:t0:נפעל עבר|wikt:conj:p22217:r165306:t0:פועל עבר|wikt:conj:p22217:r165306:t0:קל עבר|wikt:conj:p22217:r165306:t0:קל שם הפועל|wikt:entry:p22216:r520880:o1623:t0|wikt:entry:p22216:r520880:o2520:t0|wikt:entry:p34077:r333771:o0:t0	0.988	GOLD	TRADITIONAL_CLASS_VARIES_ACROSS_ENTRIES
RT-4ebb2728ed	{{שרש3|י|ס|ף}}	יספ	י	ס	פ			3			False	True	False	False	False	False	False	False	False	False	False	False	False	False	False	False	True	Y.C.C	initial_yod_waw	False	False	False	False	True	False	False	False	יספ	RG-4ebb2728ed	3	HIFIL|HUFAL|PAAL	hewiktionary	wikt:conj:p30752:r374146:t0:הופעל עבר|wikt:conj:p30752:r374146:t0:הפעיל עבר|wikt:conj:p30752:r374146:t0:הפעיל שם הפועל|wikt:conj:p30752:r374146:t0:קל עבר|wikt:entry:p55971:r440747:o0:t0|wikt:entry:p64255:r522465:o0:t0	0.988	SILVER	TRADITIONAL_CLASS_NOT_STATED
RT-f47626496d	"{{שרש3|י|פ|ע}}, [[גזרת נפ""יו]]"	יפע	י	פ	ע			3	PE_YOD_WAW	"גזרת נפ""יו"	False	True	False	False	False	False	False	False	False	False	False	False	True	False	False	False	True	Y.C.E	initial_yod_waw	False	False	False	False	True	False	True	False	יפע	RG-f47626496d	1	HIFIL	hewiktionary	wikt:conj:p32452:r270760:t0:הפעיל עבר|wikt:conj:p32452:r270760:t0:הפעיל שם הפועל|wikt:entry:p32831:r409104:o0:t0	0.988	SILVER	
RT-efcf208a41	"{{שרש3|י|צ|א}}, [[גזרת נפ""יו]], [[גזרת נל""א]]"	יצא	י	צ	א			3	LAMED_ALEF+PE_YOD_WAW	"גזרת נל""א+גזרת נפ""יו ; גזרת נפ""יו ; גזרת נל""א"	False	True	False	False	False	False	False	False	True	False	False	False	True	False	False	False	True	Y.C.A	initial_yod_waw	False	False	False	False	True	False	True	False	יצא	RG-efcf208a41	4	HIFIL|HUFAL|PAAL|PIEL	hewiktionary	wikt:conj:p17717:r242248:t0:הופעל עבר|wikt:conj:p17717:r242248:t0:הפעיל עבר|wikt:conj:p17717:r242248:t0:הפעיל שם הפועל|wikt:conj:p17717:r242248:t0:פיעל עבר|wikt:conj:p17717:r242248:t0:קל עבר|wikt:conj:p17717:r242248:t0:קל שם הפועל|wikt:entry:p11248:r503269:o0:t0|wikt:entry:p11248:r503269:o4643:t0|wikt:entry:p42486:r519758:o0:t0	0.988	GOLD	TRADITIONAL_CLASS_VARIES_ACROSS_ENTRIES
RT-59b7ed4618	"{{שרש3|י|ר|ד}}, [[גזרת נפ""יו]]"	ירד	י	ר	ד			3	PE_YOD_WAW	"גזרת נפ""יו"	False	True	False	False	False	False	False	False	False	False	False	False	False	True	False	False	True	Y.R.C	initial_yod_waw	False	False	False	False	True	False	False	False	ירד	RG-59b7ed4618	3	HIFIL|HUFAL|PAAL	hewiktionary	wikt:conj:p22252:r159790:t0:הופעל עבר|wikt:conj:p22252:r159790:t0:הפעיל עבר|wikt:conj:p22252:r159790:t0:הפעיל שם הפועל|wikt:conj:p22252:r159790:t0:קל עבר|wikt:conj:p22252:r159790:t0:קל שם הפועל|wikt:entry:p22249:r517935:o76:t0|wikt:entry:p33023:r517939:o88:t0	0.988	GOLD	
RT-f6ee4af9e8	"{{שרש3|י|ר|שׁ}}, [[גזרת נפ""יו]]"	ירשׁ	י	ר	ש			3	PE_YOD_WAW	"גזרת נפ""יו"	False	True	False	False	False	False	False	False	False	False	False	False	False	True	False	False	True	Y.R.C	initial_yod_waw	False	False	False	False	True	False	False	False	ירש	RG-4a866e58ad	2	HIFIL|PAAL	hewiktionary	wikt:conj:p33119:r324085:t0:הפעיל עבר|wikt:conj:p33119:r324085:t0:הפעיל שם הפועל|wikt:conj:p33119:r324085:t0:קל עבר|wikt:conj:p33119:r324085:t0:קל שם הפועל|wikt:entry:p33117:r520339:o0:t0|wikt:entry:p54525:r493042:o0:t0	0.988	SILVER	
RT-38bd61f983	"{{שרש3|י|שׁ|ב}}, [[נספח:גזרת נחי פי""ו|גזרת נפ""יו]]"	ישׁב	י	ש	ב			3	PE_YOD_WAW	"גזרת נפ""יו"	False	True	False	False	False	False	False	False	False	False	False	False	False	False	False	False	True	Y.C.C	initial_yod_waw	False	False	False	False	True	False	False	False	ישב	RG-a48e578912	5	HIFIL|HUFAL|NIFAL|PAAL|PIEL	hewiktionary	wikt:conj:p30554:r324083:t0:הופעל עבר|wikt:conj:p30554:r324083:t0:הפעיל עבר|wikt:conj:p30554:r324083:t0:הפעיל שם הפועל|wikt:conj:p30554:r324083:t0:נפעל עבר|wikt:conj:p30554:r324083:t0:פיעל עבר|wikt:conj:p30554:r324083:t0:קל עבר|wikt:conj:p30554:r324083:t0:קל שם הפועל|wikt:entry:p34550:r521422:o0:t0|wikt:entry:p41142:r521655:o0:t0|wikt:entry:p41142:r521655:o4436:t0|wikt:entry:p43344:r521428:o81:t0|wikt:full:p25031:r508931:t0:נסתר_עבר|wikt:full:p25031:r508931:t1:נסתר_עבר|wikt:full:p25031:r508931:t2:נסתר_עבר|wikt:full:p25031:r508931:t4:נסתר_עבר	0.9976	GOLD	
RT-08e8439256	י־ת־ר	יתר	י	ת	ר			3	PE_YOD_WAW	"גזרת נפ""יו"	False	True	False	False	False	False	False	False	False	False	False	False	False	True	False	False	True	Y.C.R	initial_yod_waw	False	False	False	False	True	False	False	False	יתר	RG-08e8439256	2	HIFIL|NIFAL	hewiktionary	wikt:conj:p31140:r307579:t0:הפעיל עבר|wikt:conj:p31140:r307579:t0:הפעיל שם הפועל|wikt:conj:p31140:r307579:t0:נפעל עבר|wikt:entry:p31138:r408106:o21:t0	0.96	SILVER	
RT-4a34d95462	{{שרש3|ז|ה|ה}}	זהה	ז	ה	ה			3			False	False	False	False	False	False	True	False	False	True	False	True	True	False	True	False	True	C.H.H+GEM	geminate	False	True	False	False	False	True	True	False	זהה	RG-4a34d95462	1	PIEL	hewiktionary	wikt:entry:p50944:r487664:o615:t0	0.8	SILVER	TRADITIONAL_CLASS_NOT_STATED
RT-537f2f7326	{{שרש3|ז|י|ן|גזרה=השלמים}}	זינ	ז	י	נ			3			False	False	False	False	True	False	False	False	False	False	False	False	False	False	False	False	True	C.Y.N	hollow_candidate	False	False	True	False	False	False	False	False	זינ	RG-537f2f7326	1	PIEL	hewiktionary	wikt:conj:p37768:r284351:t0:פיעל עבר|wikt:conj:p37768:r284351:t0:פיעל שם הפועל|wikt:entry:p2065:r514969:o3693:t0	0.988	GOLD	TRADITIONAL_CLASS_NOT_STATED
RT-a43ec45e0b	{{שרש3|ז|ו|ז}}	זוז	ז	ו	ז			3			False	False	False	False	False	True	False	False	False	False	False	False	False	False	False	False	True	C.W.C	hollow_candidate	False	False	True	False	False	False	False	False	זוז	RG-a43ec45e0b	3	HIFIL|HUFAL|PAAL	hewiktionary	wikt:conj:p32403:r516813:t0:הופעל עבר|wikt:conj:p32403:r516813:t0:הפעיל עבר|wikt:conj:p32403:r516813:t0:הפעיל שם הפועל|wikt:conj:p32403:r516813:t0:קל עבר|wikt:conj:p32403:r516813:t0:קל שם הפועל|wikt:entry:p56075:r518446:o0:t0	0.988	GOLD	TRADITIONAL_CLASS_NOT_STATED
RT-17306b85ad	{{שרש3|ז|ו|ן}}	זונ	ז	ו	נ			3	AYIN_WAW_YOD	"גזרת נע""ו/י"	False	False	False	False	False	True	False	False	False	False	False	False	False	False	False	False	True	C.W.N	hollow_candidate	False	False	True	False	False	False	False	False	זונ	RG-17306b85ad	2	NIFAL|PAAL	hewiktionary	wikt:conj:p38689:r266452:t0:נפעל עבר|wikt:conj:p38689:r266452:t0:קל עבר|wikt:conj:p38689:r266452:t0:קל שם הפועל|wikt:entry:p36966:r389954:o0:t0|wikt:entry:p52244:r522264:o12:t0	0.988	GOLD	
RT-fcefad5b52	{{שרש3|ז|נ|ח}}	זנח	ז	נ	ח			3			False	False	False	False	False	False	False	False	False	False	False	False	True	False	False	False	False	C.N.X	guttural_containing	False	False	False	False	False	False	True	False	זנח	RG-fcefad5b52	1	PAAL	hewiktionary	wikt:entry:p52493:r316586:o0:t0	0.8	SILVER	TRADITIONAL_CLASS_NOT_STATED
RT-70718cd420	{{שרש3|ז|ע|ף}}	זעפ	ז	ע	פ			3			False	False	False	False	False	False	False	False	False	False	False	True	False	False	False	False	False	C.E.C	guttural_containing	False	False	False	False	False	False	True	False	זעפ	RG-70718cd420	1	PAAL	hewiktionary	wikt:entry:p56116:r512404:o0:t0	0.8	SILVER	TRADITIONAL_CLASS_NOT_STATED
RT-6f4bb25f0e	{{שרש3|ז|ק|ף}}	זקפ	ז	ק	פ			3			False	False	False	False	False	False	False	False	False	False	False	False	False	False	False	False	False	C.C.C	strong	True	False	False	False	False	False	False	False	זקפ	RG-6f4bb25f0e	1	PAAL	hewiktionary	wikt:entry:p48987:r511088:o2374:t0	0.8	SILVER	TRADITIONAL_CLASS_NOT_STATED
RT-bf76bf8add	{{שרש3|ז|ר|ח}}, גזרת השלמים	זרח	ז	ר	ח			3	SHLEMIM	גזרת השלמים	False	False	False	False	False	False	False	False	False	False	False	False	True	True	False	False	False	C.R.X	guttural_containing	False	False	False	False	False	False	True	False	זרח	RG-bf76bf8add	1	PAAL	hewiktionary	wikt:entry:p42925:r417122:o14:t0	0.8	SILVER	
RT-7f2272995b	{{שרש3|ז|ר|ק}}, [[נספח:גזרת השלמים|גזרת השלמים]]	זרק	ז	ר	ק			3	SHLEMIM	גזרת השלמים	False	False	False	False	False	False	False	False	False	False	False	False	False	True	False	False	False	C.R.C	strong	True	False	False	False	False	False	False	False	זרק	RG-7f2272995b	1	PAAL	hewiktionary	wikt:entry:p48739:r423436:o0:t0	0.8	SILVER	
RT-36d747e7dd	{{שרש3|ח|כ|ה}}	חכה	ח	כ	ה			3			False	False	False	False	False	False	True	False	False	True	True	False	True	False	False	False	True	X.C.H	final_he	False	True	False	False	False	False	True	False	חכה	RG-36d747e7dd	1	PIEL	hewiktionary	wikt:entry:p47622:r522248:o2384:t0	0.8	SILVER	TRADITIONAL_CLASS_NOT_STATED
RT-24eec6b1dd	{{שרש3|ח|ל|ל|ב}}, [[גזרת השלמים]]	חלל	ח	ל	ל			3	AYIN_AYIN+SHLEMIM	"גזרת השלמים ; גזרת ע""ע"	False	False	False	False	False	False	False	False	False	False	True	False	False	False	True	False	True	X.C.C+GEM	geminate	False	False	False	False	False	True	True	False	חלל	RG-24eec6b1dd	3	HIFIL|HUFAL|PIEL	hewiktionary	wikt:conj:p17741:r321035:t0:הפעיל עבר|wikt:conj:p17741:r321035:t0:הפעיל שם הפועל|wikt:conj:p17752:r321034:t0:הפעיל עבר|wikt:conj:p17752:r321034:t0:פיעל עבר|wikt:conj:p17752:r321034:t0:פיעל שם הפועל|wikt:entry:p11300:r519747:o0:t0|wikt:entry:p11300:r519747:o828:t0|wikt:entry:p6160:r511275:o6331:t0|wikt:entry:p6160:r511275:o7145:t0	0.9995	GOLD	TRADITIONAL_CLASS_VARIES_ACROSS_ENTRIES
RT-c3325daaf4	{{שרש3|ח|נ|ך}}	חנכ	ח	נ	כ			3			False	False	False	False	False	False	False	False	False	False	True	False	False	False	False	False	False	X.N.C	guttural_containing	False	False	False	False	False	False	True	False	חנכ	RG-c3325daaf4	2	PAAL|PIEL	hewiktionary	wikt:entry:p55476:r409079:o0:t0|wikt:entry:p55476:r409079:o554:t0	0.8	SILVER	TRADITIONAL_CLASS_NOT_STATED
RT-7e47bc2e04	"{{שרש3|ח|ק|ה|גזרה=נחי לי""ה}}"	חקה	ח	ק	ה			3			False	False	False	False	False	False	True	False	False	True	True	False	True	False	False	False	True	X.C.H	final_he	False	True	False	False	False	False	True	False	חקה	RG-7e47bc2e04	2	HITPAEL|PIEL	hewiktionary	wikt:conj:p45629:r266944:t0:התפעל עבר|wikt:conj:p45629:r266944:t0:פיעל עבר|wikt:conj:p45629:r266944:t0:פיעל שם הפועל|wikt:entry:p10863:r522374:o1280:t0|wikt:entry:p59478:r428537:o0:t0	0.988	GOLD	TRADITIONAL_CLASS_NOT_STATED
RT-ad76a87d81	{{שרש3|ח|ד|ר}}	חדר	ח	ד	ר			3			False	False	False	False	False	False	False	False	False	False	True	False	False	True	False	False	False	X.C.R	guttural_containing	False	False	False	False	False	False	True	False	חדר	RG-ad76a87d81	1	PAAL	hewiktionary	wikt:entry:p23955:r522328:o4841:t0	0.8	SILVER	TRADITIONAL_CLASS_NOT_STATED
RT-7069905d32	ח־ז־ק	חזק	ח	ז	ק			3	SHLEMIM	גזרת השלמים ; שלמים	False	False	False	False	False	False	False	False	False	False	True	False	False	False	False	False	False	X.C.C	guttural_containing	False	False	False	False	False	False	True	False	חזק	RG-7069905d32	5	HIFIL|HITPAEL|PAAL|PIEL|PUAL	hewiktionary	wikt:conj:p45614:r237300:t0:התפעל עבר|wikt:conj:p45614:r237300:t0:פועל עבר|wikt:conj:p45614:r237300:t0:פיעל עבר|wikt:conj:p45614:r237300:t0:פיעל שם הפועל|wikt:conj:p45614:r237300:t0:קל עבר|wikt:entry:p10909:r401420:o0:t0|wikt:entry:p63496:r501869:o0:t0|wikt:entry:p7459:r523235:o1681:t0	0.988	GOLD	
RT-ed59f6115d	"{{שרש3|ח|י|ה}}, [[גזרת הכפולים]]+[[גזרת נל""י/ה]]"	חיה	ח	י	ה			3	AYIN_AYIN+LAMED_YOD_HE	"גזרת הכפולים ; גזרת נל""י/ה"	False	False	False	False	True	False	True	False	False	True	True	False	True	False	False	False	True	X.Y.H	hollow_candidate	False	True	True	False	False	False	True	False	חיה	RG-ed59f6115d	3	HIFIL|PAAL|PIEL	hewiktionary	wikt:conj:p41191:r400339:t0:הפעיל עבר|wikt:conj:p41191:r400339:t0:פיעל עבר|wikt:conj:p41191:r400339:t0:קל עבר|wikt:conj:p41191:r400339:t0:קל שם הפועל|wikt:entry:p28164:r519565:o53:t0|wikt:entry:p46496:r521685:o3940:t0|wikt:entry:p57706:r512651:o0:t0	0.988	GOLD	
RT-d1596fe828	{{שרש3|ח|ל|ק}}	חלק	ח	ל	ק			3			False	False	False	False	False	False	False	False	False	False	True	False	False	False	False	False	False	X.C.C	guttural_containing	False	False	False	False	False	False	True	False	חלק	RG-d1596fe828	2	PAAL|PIEL	hewiktionary	wikt:entry:p50533:r519645:o2263:t0|wikt:entry:p50533:r519645:o3311:t0	0.8	SILVER	TRADITIONAL_CLASS_NOT_STATED
RT-1db95efd2a	"{{שרש3|ח|ו|ס}}, [[נספח:גזרת נע""ו/י|גזרת נע""ו/י]]"	חוס	ח	ו	ס			3	AYIN_WAW_YOD	"גזרת נע""ו/י"	False	False	False	False	False	True	False	False	False	False	True	False	False	False	False	False	True	X.W.C	hollow_candidate	False	False	True	False	False	False	True	False	חוס	RG-1db95efd2a	1	PAAL	hewiktionary	wikt:entry:p30441:r495091:o0:t0	0.8	SILVER	
RT-64eb344dd1	{{שרש3|ח|פ|ר|א|גזרה=שלמים}}	חפר	ח	פ	ר			3			False	False	False	False	False	False	False	False	False	False	True	False	False	True	False	False	False	X.C.R	guttural_containing	False	False	False	False	False	False	True	False	חפר	RG-64eb344dd1	1	PAAL	hewiktionary	wikt:entry:p26240:r518950:o0:t0|wikt:entry:p26240:r518950:o1475:t0	0.96	SILVER	TRADITIONAL_CLASS_NOT_STATED
RT-972ea3b2a8	{{שרש3|ט|ג|ן||גזרה=השלמים}}	טגנ	ט	ג	נ			3			False	False	False	False	False	False	False	False	False	False	False	False	False	False	False	False	False	C.C.N	strong	True	False	False	False	False	False	False	False	טגנ	RG-972ea3b2a8	2	HITPAEL|PIEL	hewiktionary	wikt:conj:p15003:r117114:t0:התפעל עבר|wikt:conj:p15003:r117114:t0:התפעל שם הפועל|wikt:conj:p15003:r117114:t0:פיעל עבר|wikt:conj:p15003:r117114:t0:פיעל שם הפועל|wikt:entry:p5855:r490964:o60:t0	0.988	GOLD	TRADITIONAL_CLASS_NOT_STATED
RT-f7966df398	{{שרש4|ט|ל|ט|ל}}	טלטל	ט	ל	ט	ל		4			False	False	False	False	False	False	False	False	False	False	False	False	False	False	False	True	False	C.C.C.C	quadriliteral	False	False	False	False	False	False	False	True	טלטל	RG-f7966df398	2	PIEL|PUAL	hewiktionary	wikt:conj:p17695:r258768:t0:פועל עבר|wikt:conj:p17695:r258768:t0:פיעל עבר|wikt:conj:p17695:r258768:t0:פיעל שם הפועל|wikt:entry:p25634:r523008:o0:t0	0.988	GOLD	TRADITIONAL_CLASS_NOT_STATED
RT-80b7ddddd7	{{שרש3|ט|פ|ס}}	טפס	ט	פ	ס			3			False	False	False	False	False	False	False	False	False	False	False	False	False	False	False	False	False	C.C.C	strong	True	False	False	False	False	False	False	False	טפס	RG-80b7ddddd7	1	PIEL	hewiktionary	wikt:entry:p20967:r503155:o898:t0	0.8	SILVER	TRADITIONAL_CLASS_NOT_STATED
RT-17bc5cabc8	"{{שרש3|ט|ב|ע|גזרה=השלמים}}, [[ל""ג]]"	טבע	ט	ב	ע			3	LAMED_GUTTURAL	"ל""ג"	False	False	False	False	False	False	False	False	False	False	False	False	True	False	False	False	False	C.C.E	guttural_containing	False	False	False	False	False	False	True	False	טבע	RG-17bc5cabc8	4	HIFIL|PAAL|PIEL|PUAL	hewiktionary	wikt:entry:p5290:r516120:o1864:t0|wikt:entry:p5290:r516120:o3704:t0|wikt:entry:p5290:r516120:o4162:t0|wikt:entry:p63382:r500560:o0:t0	0.8	SILVER	
RT-f7fe726406	{{שרש3|ט|ח|ן}}	טחנ	ט	ח	נ			3			False	False	False	False	False	False	False	False	False	False	False	True	False	False	False	False	False	C.X.N	guttural_containing	False	False	False	False	False	False	True	False	טחנ	RG-f7fe726406	1	PAAL	hewiktionary	wikt:entry:p52617:r424240:o14:t0	0.8	SILVER	TRADITIONAL_CLASS_NOT_STATED
RT-0266db90a2	"{{שרש3|ט|ו|ס|גזרה=נע""ו/י}}"	טוס	ט	ו	ס			3	AYIN_WAW_YOD	"גזרת נע""ו/י"	False	False	False	False	False	True	False	False	False	False	False	False	False	False	False	False	True	C.W.C	hollow_candidate	False	False	True	False	False	False	False	False	טוס	RG-0266db90a2	3	HIFIL|HUFAL|PAAL	hewiktionary	wikt:conj:p20090:r473688:t0:הופעל עבר|wikt:conj:p20090:r473688:t0:הפעיל עבר|wikt:conj:p20090:r473688:t0:קל עבר|wikt:conj:p20090:r473688:t0:קל שם הפועל|wikt:entry:p6894:r519574:o0:t0|wikt:entry:p7500:r473689:o0:t0|wikt:entry:p7501:r272233:o0:t0	0.988	GOLD	
RT-e89e4a73c7	{{שרש3|ט|ע|ה}}	טעה	ט	ע	ה			3			False	False	False	False	False	False	True	False	False	True	False	True	True	False	False	False	True	C.E.H	final_he	False	True	False	False	False	False	True	False	טעה	RG-e89e4a73c7	1	PAAL	hewiktionary	wikt:entry:p63413:r500701:o43:t0	0.8	SILVER	TRADITIONAL_CLASS_NOT_STATED
RT-9a18718383	{{שרש3|ט|ר|ף}}	טרפ	ט	ר	פ			3			False	False	False	False	False	False	False	False	False	False	False	False	False	True	False	False	False	C.R.C	strong	True	False	False	False	False	False	False	False	טרפ	RG-9a18718383	3	HIFIL|PAAL|PUAL	hewiktionary	wikt:conj:p58668:r422519:t0:הפעיל עבר|wikt:conj:p58668:r422519:t0:פועל עבר|wikt:conj:p58668:r422519:t0:קל עבר|wikt:conj:p58668:r422519:t0:קל שם הפועל|wikt:entry:p50725:r521400:o14:t0|wikt:entry:p50725:r521400:o2071:t0|wikt:entry:p54442:r510213:o0:t0	0.988	GOLD	TRADITIONAL_CLASS_NOT_STATED
RT-053da6a10a	{{שרש3|י|ח|ד}}	יחד	י	ח	ד			3			False	True	False	False	False	False	False	False	False	False	False	True	False	False	False	False	True	Y.X.C	initial_yod_waw	False	False	False	False	True	False	True	False	יחד	RG-053da6a10a	1	PIEL	hewiktionary	wikt:entry:p44735:r514905:o2127:t0	0.8	SILVER	TRADITIONAL_CLASS_NOT_STATED
RT-3954383ddf	"{{שרש3|י|כ|ל}}, [[גזרת נפ""יו]]"	יכל	י	כ	ל			3	PE_YOD_WAW	"גזרת נפ""יו"	False	True	False	False	False	False	False	False	False	False	False	False	False	False	False	False	True	Y.C.C	initial_yod_waw	False	False	False	False	True	False	False	False	יכל	RG-3954383ddf	1	PAAL	hewiktionary	wikt:conj:p31610:r358362:t0:קל עבר|wikt:entry:p40651:r518289:o0:t0	0.96	SILVER	
RT-c9cd4ba637	"{{שרש3|י|ר|ה|גזרה=נחי פי""ו}}, [[נספח:גזרת נחי לי""ה|גזרת נחי לי""ה]]"	ירה	י	ר	ה			3	LAMED_YOD_HE+PE_YOD_WAW	"גזרת נחי לי""ה ; גזרת נל""י/ה ; גזרת נפ""יו וגזרת נל""י/ה"	False	True	False	False	False	False	True	False	False	True	False	False	True	True	False	False	True	Y.R.H	final_he	False	True	False	False	True	False	True	False	ירה	RG-c9cd4ba637	3	HIFIL|NIFAL|PAAL	hewiktionary	wikt:conj:p10838:r296039:t0:הפעיל עבר|wikt:conj:p10838:r296039:t0:הפעיל שם הפועל|wikt:conj:p10838:r296039:t0:נפעל עבר|wikt:conj:p10838:r296039:t0:קל עבר|wikt:conj:p10838:r296039:t0:קל שם הפועל|wikt:conj:p33662:r360146:t0:הפעיל עבר|wikt:conj:p33662:r360146:t0:הפעיל שם הפועל|wikt:entry:p2046:r508031:o987:t0|wikt:entry:p20513:r502388:o1640:t0|wikt:entry:p51957:r517402:o0:t0	0.9993	GOLD	TRADITIONAL_CLASS_UNMAPPED_LABEL|TRADITIONAL_CLASS_VARIES_ACROSS_ENTRIES
RT-008ab231f1	{{שרש3|כ|ב|ד}}, [[גזרת השלמים]]	כבד	כ	ב	ד			3	SHLEMIM	גזרת השלמים	False	False	False	False	False	False	False	False	False	False	False	False	False	False	False	False	False	C.C.C	strong	True	False	False	False	False	False	False	False	כבד	RG-008ab231f1	2	PAAL|PIEL	hewiktionary	wikt:conj:p37923:r266451:t0:פיעל עבר|wikt:conj:p37923:r266451:t0:פיעל שם הפועל|wikt:conj:p37923:r266451:t0:קל עבר|wikt:entry:p15243:r508086:o3744:t0|wikt:entry:p15243:r508086:o6088:t0	0.988	GOLD	
RT-2302299c72	{{שרש3|כ|ב|ס}}	כבס	כ	ב	ס			3			False	False	False	False	False	False	False	False	False	False	False	False	False	False	False	False	False	C.C.C	strong	True	False	False	False	False	False	False	False	כבס	RG-2302299c72	1	PIEL	hewiktionary	wikt:conj:p32754:r302000:t0:פיעל עבר|wikt:conj:p32754:r302000:t0:פיעל שם הפועל|wikt:entry:p52622:r511481:o0:t0	0.988	GOLD	TRADITIONAL_CLASS_NOT_STATED
RT-94da967c04	{{שרש3|כ|ב|ה}}	כבה	כ	ב	ה			3			False	False	False	False	False	False	True	False	False	True	False	False	True	False	False	False	True	C.C.H	final_he	False	True	False	False	False	False	True	False	כבה	RG-94da967c04	2	PAAL|PIEL	hewiktionary	wikt:entry:p52298:r522036:o0:t0|wikt:entry:p52298:r522036:o958:t0	0.8	SILVER	TRADITIONAL_CLASS_NOT_STATED
RT-31e6e0fbaa	{{שרש3|כ|ס|ה}}	כסה	כ	ס	ה			3			False	False	False	False	False	False	True	False	False	True	False	False	True	False	False	False	True	C.C.H	final_he	False	True	False	False	False	False	True	False	כסה	RG-31e6e0fbaa	2	PAAL|PIEL	hewiktionary	wikt:entry:p50260:r510389:o16:t0|wikt:entry:p50260:r510389:o3810:t0	0.8	SILVER	TRADITIONAL_CLASS_NOT_STATED
RT-e62573ece4	{{שרש3|כ|פ|ל}}, [[גזרת השלמים]]	כפל	כ	פ	ל			3	SHLEMIM	גזרת השלמים	False	False	False	False	False	False	False	False	False	False	False	False	False	False	False	False	False	C.C.C	strong	True	False	False	False	False	False	False	False	כפל	RG-e62573ece4	1	PAAL	hewiktionary	wikt:conj:p56713:r490857:t0:קל עבר|wikt:entry:p42854:r521250:o0:t0	0.96	SILVER	
RT-87aa90b79a	{{שרש3|כ|ר|ע}}	כרע	כ	ר	ע			3			False	False	False	False	False	False	False	False	False	False	False	False	True	True	False	False	False	C.R.E	guttural_containing	False	False	False	False	False	False	True	False	כרע	RG-87aa90b79a	1	PAAL	hewiktionary	wikt:entry:p50372:r522027:o1785:t0	0.8	SILVER	TRADITIONAL_CLASS_NOT_STATED
RT-635e64bd0f	{{שרש3|כ|ת|ב}}, [[גזרת השלמים]]	כתב	כ	ת	ב			3	SHLEMIM	גזרת השלמים	False	False	False	False	False	False	False	False	False	False	False	False	False	False	False	False	False	C.C.C	strong	True	False	False	False	False	False	False	False	כתב	RG-635e64bd0f	5	HIFIL|NIFAL|PAAL|PIEL|PUAL	hewiktionary	wikt:conj:p13625:r270847:t0:נפעל עבר|wikt:conj:p13625:r270847:t0:נפעל שם הפועל|wikt:conj:p13625:r270847:t0:פועל עבר|wikt:conj:p13625:r270847:t0:פיעל עבר|wikt:conj:p13625:r270847:t0:קל עבר|wikt:conj:p13625:r270847:t0:קל שם הפועל|wikt:entry:p23154:r522964:o0:t0|wikt:entry:p23154:r522964:o3284:t0|wikt:entry:p23154:r522964:o3653:t0|wikt:entry:p55554:r435119:o0:t0|wikt:full:p23780:r508927:t0:נסתר_עבר|wikt:full:p23780:r508927:t1:נסתר_עבר|wikt:full:p23780:r508927:t2:נסתר_עבר|wikt:full:p23780:r508927:t3:נסתר_עבר	0.9976	GOLD	
RT-e4a4d22b23	{{שרש3|ל|ב|ן}}	לבנ	ל	ב	נ			3			False	False	False	False	False	False	False	False	False	False	False	False	False	False	False	False	False	C.C.N	strong	True	False	False	False	False	False	False	False	לבנ	RG-e4a4d22b23	2	HIFIL|PIEL	hewiktionary	wikt:entry:p19053:r519010:o3612:t0|wikt:entry:p60970:r521374:o0:t0	0.8	SILVER	TRADITIONAL_CLASS_NOT_STATED
RT-33a1460d19	{{שרש3|ל|ט|ף}}	לטפ	ל	ט	פ			3			False	False	False	False	False	False	False	False	False	False	False	False	False	False	False	False	False	C.C.C	strong	True	False	False	False	False	False	False	False	לטפ	RG-33a1460d19	3	NIFAL|PAAL|PIEL	hewiktionary	wikt:conj:p63473:r501531:t0:נפעל עבר|wikt:conj:p63473:r501531:t0:פיעל עבר|wikt:conj:p63473:r501531:t0:פיעל שם הפועל|wikt:conj:p63473:r501531:t0:קל עבר|wikt:entry:p55561:r501536:o0:t0|wikt:entry:p55561:r501536:o532:t0|wikt:entry:p63474:r501537:o0:t0	0.988	GOLD	TRADITIONAL_CLASS_NOT_STATED
RT-da5b6dfc42	{{שרש3|ל|מ|ד}}, [[גזרת השלמים]]	למד	ל	מ	ד			3	SHLEMIM	גזרת השלמים	False	False	False	False	False	False	False	False	False	False	False	False	False	False	False	False	False	C.C.C	strong	True	False	False	False	False	False	False	False	למד	RG-da5b6dfc42	2	PAAL|PIEL	hewiktionary	wikt:conj:p17669:r414958:t0:פיעל עבר|wikt:conj:p17669:r414958:t0:פיעל שם הפועל|wikt:conj:p17669:r414958:t0:קל עבר|wikt:conj:p17669:r414958:t0:קל שם הפועל|wikt:entry:p32830:r518033:o0:t0|wikt:entry:p32830:r518033:o3233:t0	0.988	GOLD	
RT-dec2aa88d5	ל־ק־ק	לקק	ל	ק	ק			3	AYIN_AYIN	"גזרת ע""ע"	False	False	False	False	False	False	False	False	False	False	False	False	False	False	True	False	True	C.C.C+GEM	geminate	False	False	False	False	False	True	False	False	לקק	RG-dec2aa88d5	2	PAAL|PIEL	hewiktionary	wikt:conj:p38690:r266453:t0:פיעל עבר|wikt:conj:p38690:r266453:t0:פיעל שם הפועל|wikt:conj:p38690:r266453:t0:קל עבר|wikt:entry:p25565:r426456:o0:t0	0.96	SILVER	
RT-ad5b3c170a	"{{שרש3|ל|ח|שׁ}}, [[גזרת השלמים]], [[ע""ג]]"	לחשׁ	ל	ח	ש			3	SHLEMIM	גזרת השלמים	False	False	False	False	False	False	False	False	False	False	False	True	False	False	False	False	False	C.X.C	guttural_containing	False	False	False	False	False	False	True	False	לחש	RG-b55f837548	2	HITPAEL|PAAL	hewiktionary	wikt:entry:p16983:r521133:o16:t0|wikt:entry:p58242:r511502:o0:t0	0.8	SILVER	
RT-3a1f12ab50	{{שרש3|ל|ק|ה}}	לקה	ל	ק	ה			3			False	False	False	False	False	False	True	False	False	True	False	False	True	False	False	False	True	C.C.H	final_he	False	True	False	False	False	False	True	False	לקה	RG-3a1f12ab50	1	PAAL	hewiktionary	wikt:entry:p51421:r510419:o0:t0	0.8	SILVER	TRADITIONAL_CLASS_NOT_STATED
RT-656750a7d2	{{שרש3|מ|ז|ג}}	מזג	מ	ז	ג			3			False	False	False	False	False	False	False	False	False	False	False	False	False	False	False	False	False	C.C.C	strong	True	False	False	False	False	False	False	False	מזג	RG-656750a7d2	2	PAAL|PIEL	hewiktionary	wikt:entry:p16885:r523227:o1392:t0|wikt:entry:p16885:r523227:o2926:t0	0.8	SILVER	TRADITIONAL_CLASS_NOT_STATED
RT-a9571e489e	{{שרש3|מ|פ|ה}}	מפה	מ	פ	ה			3			False	False	False	False	False	False	True	False	False	True	False	False	True	False	False	False	True	C.C.H	final_he	False	True	False	False	False	False	True	False	מפה	RG-a9571e489e	1	PIEL	hewiktionary	wikt:entry:p16440:r520531:o3845:t0	0.8	SILVER	TRADITIONAL_CLASS_NOT_STATED
RT-9966d270aa	"{{שרש3|מ|ו|ת|גזרה=נע""ו/י}}"	מות	מ	ו	ת			3	AYIN_WAW_YOD	"נחי ע""ו"	False	False	False	False	False	True	False	False	False	False	False	False	False	False	False	False	True	C.W.C	hollow_candidate	False	False	True	False	False	False	False	False	מות	RG-9966d270aa	3	HIFIL|PAAL|PIEL	hewiktionary	wikt:conj:p17671:r293836:t0:הפעיל עבר|wikt:conj:p17671:r293836:t0:הפעיל שם הפועל|wikt:conj:p17671:r293836:t0:פיעל עבר|wikt:conj:p17671:r293836:t0:קל עבר|wikt:conj:p17671:r293836:t0:קל שם הפועל|wikt:entry:p23201:r519236:o0:t0|wikt:entry:p45338:r316724:o0:t0|wikt:entry:p52875:r510451:o0:t0	0.988	SILVER	
RT-4268cfc207	{{שרש3|מ|נ|ע}}	מנע	מ	נ	ע			3			False	False	False	False	False	False	False	False	False	False	False	False	True	False	False	False	False	C.N.E	guttural_containing	False	False	False	False	False	False	True	False	מנע	RG-4268cfc207	2	NIFAL|PAAL	hewiktionary	wikt:entry:p54487:r510476:o0:t0|wikt:entry:p54488:r495401:o0:t0	0.8	SILVER	TRADITIONAL_CLASS_NOT_STATED
RT-dfae42a697	{{שרש3|מ|צ|ץ}}, [[גזרת הכפולים]]	מצצ	מ	צ	צ			3	AYIN_AYIN	גזרת הכפולים	False	False	False	False	False	False	False	False	False	False	False	False	False	False	True	False	True	C.C.C+GEM	geminate	False	False	False	False	False	True	False	False	מצצ	RG-dfae42a697	1	PAAL	hewiktionary	wikt:entry:p48084:r495714:o0:t0	0.8	SILVER	
RT-de31450df1	{{שרש3|מ|ר|ד}}	מרד	מ	ר	ד			3			False	False	False	False	False	False	False	False	False	False	False	False	False	True	False	False	False	C.R.C	strong	True	False	False	False	False	False	False	False	מרד	RG-de31450df1	1	PAAL	hewiktionary	wikt:conj:p17708:r76800:t0:קל עבר|wikt:conj:p17708:r76800:t0:קל שם הפועל|wikt:entry:p10435:r511120:o2250:t0	0.988	GOLD	TRADITIONAL_CLASS_NOT_STATED
RT-e56192b1cd	{{שרש3|מ|ר|ח}}, [[גזרת השלמים]]	מרח	מ	ר	ח			3	SHLEMIM	גזרת השלמים	False	False	False	False	False	False	False	False	False	False	False	False	True	True	False	False	False	C.R.X	guttural_containing	False	False	False	False	False	False	True	False	מרח	RG-e56192b1cd	1	PAAL	hewiktionary	wikt:entry:p54482:r512158:o22:t0	0.8	SILVER	
RT-234d9d5fe0	{{שרש3|מ|שׁ|ח}}	משׁח	מ	ש	ח			3			False	False	False	False	False	False	False	False	False	False	False	False	True	False	False	False	False	C.C.X	guttural_containing	False	False	False	False	False	False	True	False	משח	RG-ad626aa926	1	PAAL	hewiktionary	wikt:conj:p57062:r392773:t0:קל עבר|wikt:entry:p57053:r427214:o0:t0	0.96	GOLD	TRADITIONAL_CLASS_NOT_STATED
RT-6ff8ca7aa1	{{שרש3|מ|ש|ך}}	משׁכ	מ	ש	כ			3			False	False	False	False	False	False	False	False	False	False	False	False	False	False	False	False	False	C.C.C	strong	True	False	False	False	False	False	False	False	משכ	RG-22c7d9a029	1	PAAL	hewiktionary	wikt:entry:p29471:r519627:o1873:t0	0.8	SILVER	SHIN_SIN_FROM_FORM|TRADITIONAL_CLASS_NOT_STATED
RT-b1ef83f4b9	{{שרש3|נ|ב|א}}	נבא	נ	ב	א			3			True	False	False	False	False	False	False	False	True	False	False	False	True	False	False	False	True	N.C.A	initial_nun	False	False	False	True	False	False	True	False	נבא	RG-b1ef83f4b9	2	NIFAL|PIEL	hewiktionary	wikt:entry:p54325:r521143:o1300:t0|wikt:entry:p54325:r521143:o40:t0	0.8	SILVER	TRADITIONAL_CLASS_NOT_STATED
RT-2f6c05019d	{{שרש3|נ|ג|ן}}	נגנ	נ	ג	נ			3			True	False	False	False	False	False	False	False	False	False	False	False	False	False	False	False	True	N.C.N	initial_nun	False	False	False	True	False	False	False	False	נגנ	RG-2f6c05019d	1	PIEL	hewiktionary	wikt:entry:p46498:r517750:o0:t0	0.8	SILVER	TRADITIONAL_CLASS_NOT_STATED
RT-d45e678216	"{{שרש3|נ|ג|ש}}, [[גזרת חפ""נ]]"	נגשׁ	נ	ג	ש			3	PE_NUN+SHLEMIM	"גזרת השלמים ; גזרת חפ""נ"	True	False	False	False	False	False	False	False	False	False	False	False	False	False	False	False	True	N.C.C	initial_nun	False	False	False	True	False	False	False	False	נגש	RG-92bb2e3a3b	3	?|HIFIL	hewiktionary	wikt:conj:p30875:r518679:t0:הפעיל עבר|wikt:conj:p30875:r518679:t0:נפעל עבר|wikt:conj:p30875:r518679:t0:קל שם הפועל|wikt:entry:p30877:r518677:o23:t0|wikt:entry:p63396:r516955:o0:t0|wikt:entry:p63958:r517958:o0:t0	0.988	QUESTIONABLE	TRADITIONAL_CLASS_VARIES_ACROSS_ENTRIES
RT-b92388ba92	{{שרש3|נ|ח|שׁ|א}}	נחשׁ	נ	ח	ש			3			True	False	False	False	False	False	False	False	False	False	False	True	False	False	False	False	True	N.X.C	initial_nun	False	False	False	True	False	False	True	False	נחש	RG-a4f0670b9b	1	PIEL	hewiktionary	wikt:conj:p22452:r428416:t0:פיעל עבר|wikt:conj:p22452:r428416:t0:פיעל שם הפועל|wikt:entry:p22448:r519180:o2795:t0	0.988	GOLD	TRADITIONAL_CLASS_NOT_STATED
RT-fafd3fc5eb	{{שרש3|נ|ס|ה}}	נסה	נ	ס	ה			3			True	False	False	False	False	False	True	False	False	True	False	False	True	False	False	False	True	N.C.H	final_he	False	True	False	True	False	False	True	False	נסה	RG-fafd3fc5eb	1	PIEL	hewiktionary	wikt:entry:p50922:r511142:o0:t0	0.8	SILVER	TRADITIONAL_CLASS_NOT_STATED
RT-93d49bd5fb	{{שרש3|נ|פ|ץ}}	נפצ	נ	פ	צ			3			True	False	False	False	False	False	False	False	False	False	False	False	False	False	False	False	True	N.C.C	initial_nun	False	False	False	True	False	False	False	False	נפצ	RG-93d49bd5fb	3	HITPAEL|PAAL|PIEL	hewiktionary	wikt:entry:p26807:r476806:o0:t0|wikt:entry:p50477:r489655:o21:t0|wikt:entry:p50477:r489655:o830:t0	0.8	SILVER	TRADITIONAL_CLASS_NOT_STATED
RT-e28fbe7608	"{{שרש3|א|ב|ק|א}},[[גזרת השלמים]], [[פ""ג]]"	אבק	א	ב	ק			3	SHLEMIM	- ; גזרת השלמים ; שלמים	False	False	False	True	False	False	False	False	False	False	True	False	False	False	False	False	True	A.C.C	initial_alef	False	False	False	False	False	False	True	False	אבק	RG-e28fbe7608	4	HITPAEL|NIFAL|PIEL|PUAL	hewiktionary	wikt:conj:p25476:r381176:t0:התפעל עבר|wikt:conj:p25476:r381176:t0:נפעל עבר|wikt:conj:p25476:r381176:t0:נפעל שם הפועל|wikt:conj:p25476:r381176:t0:פועל עבר|wikt:conj:p25476:r381176:t0:פיעל עבר|wikt:conj:p32394:r266362:t0:התפעל עבר|wikt:conj:p32394:r266362:t0:נפעל עבר|wikt:conj:p32394:r266362:t0:נפעל שם הפועל|wikt:conj:p32394:r266362:t0:פיעל עבר|wikt:entry:p8894:r521142:o1871:t0|wikt:entry:p8894:r521142:o2454:t0|wikt:entry:p8941:r424594:o0:t0|wikt:entry:p8942:r522150:o0:t0	0.9993	GOLD	TRADITIONAL_CLASS_UNMAPPED_LABEL|TRADITIONAL_CLASS_VARIES_ACROSS_ENTRIES
RT-37651638d7	א־ה־ב	אהב	א	ה	ב			3	PE_ALEF	"גזרת נפ""א"	False	False	False	True	False	False	False	False	False	False	True	True	False	False	False	False	True	A.H.C	initial_alef	False	False	False	False	False	False	True	False	אהב	RG-37651638d7	3	HITPAEL|NIFAL|PAAL	hewiktionary	wikt:conj:p16605:r185986:t0:התפעל עבר|wikt:conj:p16605:r185986:t0:התפעל שם הפועל|wikt:conj:p16605:r185986:t0:נפעל עבר|wikt:conj:p16605:r185986:t0:נפעל שם הפועל|wikt:conj:p16605:r185986:t0:קל עבר|wikt:conj:p16605:r185986:t0:קל שם הפועל|wikt:entry:p10449:r516764:o67:t0|wikt:entry:p32817:r518376:o0:t0	0.988	GOLD	
RT-45e95f4e09	"{{שרש3|א|ח|ז}}, [[גזרת נפ""א]]"	אחז	א	ח	ז			3	PE_ALEF	"גזרת נפ""א"	False	False	False	True	False	False	False	False	False	False	True	True	False	False	False	False	True	A.X.C	initial_alef	False	False	False	False	False	False	True	False	אחז	RG-45e95f4e09	2	NIFAL|PAAL	hewiktionary	wikt:conj:p31215:r294531:t0:נפעל עבר|wikt:conj:p31215:r294531:t0:נפעל שם הפועל|wikt:conj:p31215:r294531:t0:קל עבר|wikt:conj:p31215:r294531:t0:קל שם הפועל|wikt:entry:p10908:r500099:o0:t0|wikt:entry:p47958:r511408:o0:t0	0.988	GOLD	
RT-834062d243	א־כ־ל	אכל	א	כ	ל			3	PE_ALEF	"גזרת נפ""א"	False	False	False	True	False	False	False	False	False	False	True	False	False	False	False	False	True	A.C.C	initial_alef	False	False	False	False	False	False	True	False	אכל	RG-834062d243	3	NIFAL|PAAL|PUAL	hewiktionary	wikt:conj:p13629:r422655:t0:נפעל עבר|wikt:conj:p13629:r422655:t0:נפעל שם הפועל|wikt:conj:p13629:r422655:t0:פועל עבר|wikt:conj:p13629:r422655:t0:קל עבר|wikt:conj:p13629:r422655:t0:קל שם הפועל|wikt:entry:p9786:r521910:o0:t0|wikt:entry:p9786:r521910:o3390:t0	0.988	GOLD	
RT-80931241a1	א־כ־ף <small>א</small>	אכפ	א	כ	פ			3	SHLEMIM	שלמים	False	False	False	True	False	False	False	False	False	False	True	False	False	False	False	False	True	A.C.C	initial_alef	False	False	False	False	False	False	True	False	אכפ	RG-80931241a1	4	NIFAL|PAAL|PIEL	hewiktionary	wikt:conj:p17723:r324465:t0:נפעל עבר|wikt:conj:p17723:r324465:t0:נפעל שם הפועל|wikt:conj:p17723:r324465:t0:קל עבר|wikt:conj:p17729:r85517:t0:פועל עבר|wikt:conj:p17729:r85517:t0:פיעל עבר|wikt:entry:p11348:r511239:o2645:t0|wikt:entry:p11348:r511239:o4083:t0|wikt:entry:p11348:r511239:o4469:t0	0.96	SILVER	
RT-b26bdeff2e	{{שרש3|נ|ב|ח}}	נבח	נ	ב	ח			3			True	False	False	False	False	False	False	False	False	False	False	False	True	False	False	False	True	N.C.X	initial_nun	False	False	False	True	False	False	True	False	נבח	RG-b26bdeff2e	2	PAAL|PIEL	hewiktionary	wikt:conj:p42986:r237272:t0:פיעל עבר|wikt:conj:p42986:r237272:t0:קל עבר|wikt:entry:p42996:r517567:o1:t0|wikt:entry:p42996:r517567:o2084:t0	0.96	SILVER	TRADITIONAL_CLASS_NOT_STATED
RT-457424b4af	{{שרש3|נ|ה|ר|ב}}	נהר	נ	ה	ר			3			True	False	False	False	False	False	False	False	False	False	False	True	False	True	False	False	True	N.H.R	initial_nun	False	False	False	True	False	False	True	False	נהר	RG-457424b4af	1	PAAL	hewiktionary	wikt:entry:p1400:r509822:o2536:t0|wikt:entry:p1400:r509822:o3869:t0	0.96	SILVER	TRADITIONAL_CLASS_NOT_STATED
RT-cae387492e	"{{שרש3|נ|ט|ה}}, [[גזרת חפ""נ]] ו[[גזרת נל""י/ה]]"	נטה	נ	ט	ה			3	LAMED_YOD_HE+PE_NUN	"גזרת חפ""נ ; גזרת נל""י/ה"	True	False	False	False	False	False	True	False	False	True	False	False	True	False	False	False	True	N.C.H	final_he	False	True	False	True	False	False	True	False	נטה	RG-cae387492e	4	HIFIL|HUFAL|NIFAL|PAAL	hewiktionary	wikt:conj:p43600:r297026:t0:הופעל עבר|wikt:conj:p43600:r297026:t0:הפעיל עבר|wikt:conj:p43600:r297026:t0:הפעיל שם הפועל|wikt:conj:p43600:r297026:t0:נפעל עבר|wikt:conj:p43600:r297026:t0:קל עבר|wikt:conj:p43600:r297026:t0:קל שם הפועל|wikt:entry:p43282:r406550:o0:t0|wikt:entry:p43282:r406550:o3837:t0|wikt:entry:p43634:r519658:o0:t0|wikt:entry:p43634:r519658:o3785:t0	0.988	GOLD	
RT-0152ba4d78	{{שרש3|מ|ס|ס}}, [[גזרת הכפולים]]	מסס	מ	ס	ס			3	AYIN_AYIN	"גזרת הכפולים ; גזרת ע""ע"	False	False	False	False	False	False	False	False	False	False	False	False	False	False	True	False	True	C.C.C+GEM	geminate	False	False	False	False	False	True	False	False	מסס	RG-0152ba4d78	2	HIFIL|NIFAL	hewiktionary	wikt:conj:p31095:r311528:t0:הפעיל עבר|wikt:conj:p31095:r311528:t0:נפעל עבר|wikt:conj:p31095:r311528:t0:נפעל שם הפועל|wikt:entry:p30564:r516759:o0:t0|wikt:entry:p31096:r516763:o0:t0	0.988	GOLD	
RT-ea1dd81a6e	{{שרש3|נ|ו|ע}}	נוע	נ	ו	ע			3	AYIN_WAW_YOD	"גזרת נע""ו/י"	True	False	False	False	False	True	False	False	False	False	False	False	True	False	False	False	True	N.W.E	hollow_candidate	False	False	True	True	False	False	True	False	נוע	RG-ea1dd81a6e	2	HIFIL|PAAL	hewiktionary	wikt:conj:p34263:r266439:t0:הפעיל עבר|wikt:conj:p34263:r266439:t0:קל עבר|wikt:conj:p34263:r266439:t0:קל שם הפועל|wikt:entry:p29346:r522891:o0:t0|wikt:entry:p52125:r452575:o0:t0	0.988	SILVER	
RT-16d60523c2	{{שרש3|נ|שׁ|ם}}	נשׁמ	נ	ש	מ			3			True	False	False	False	False	False	False	False	False	False	False	False	False	False	False	False	True	N.C.C	initial_nun	False	False	False	True	False	False	False	False	נשמ	RG-162fb9f3f8	1	PAAL	hewiktionary	wikt:entry:p46742:r517788:o9:t0	0.8	SILVER	TRADITIONAL_CLASS_NOT_STATED
RT-93c5bfe3c0	"{{שרש3|נ|ת|ן}}, [[גזרת חפ""נ]]"	נתנ	נ	ת	נ			3	PE_NUN	"גזרת חפ""נ"	True	False	False	False	False	False	False	False	False	False	False	False	False	False	False	False	True	N.C.N	initial_nun	False	False	False	True	False	False	False	False	נתנ	RG-93c5bfe3c0	2	NIFAL|PAAL	hewiktionary	wikt:conj:p17662:r403412:t0:נפעל עבר|wikt:conj:p17662:r403412:t0:נפעל שם הפועל|wikt:conj:p17662:r403412:t0:קל עבר|wikt:conj:p17662:r403412:t0:קל שם הפועל|wikt:entry:p1887:r522650:o0:t0|wikt:entry:p1887:r522650:o3034:t0	0.988	GOLD	
RT-018ee861ff	{{שרש3|ס|י|ם}}, [[גזרת השלמים]]	סימ	ס	י	מ			3	SHLEMIM	גזרת השלמים	False	False	False	False	True	False	False	False	False	False	False	False	False	False	False	False	True	C.Y.C	hollow_candidate	False	False	True	False	False	False	False	False	סימ	RG-018ee861ff	1	PIEL	hewiktionary	wikt:entry:p27351:r455854:o59:t0	0.8	SILVER	
RT-c6aa377276	{{שרש3|ס|כ|ן א}}	סכנ	ס	כ	נ			3	SHLEMIM	גזרת השלמים	False	False	False	False	False	False	False	False	False	False	False	False	False	False	False	False	False	C.C.N	strong	True	False	False	False	False	False	False	False	סכנ	RG-c6aa377276	3	HIFIL|PAAL|PIEL	hewiktionary	wikt:conj:p16832:r151189:t0:הפעיל עבר|wikt:conj:p16832:r151189:t0:קל עבר|wikt:conj:p23108:r266307:t0:פיעל עבר|wikt:conj:p23108:r266307:t0:פיעל שם הפועל|wikt:entry:p16807:r520200:o0:t0|wikt:entry:p56761:r482680:o0:t0|wikt:entry:p56761:r482680:o1690:t0	0.988	GOLD	
RT-6f7903c8c3	{{שרש|ספק|ס־פ־ק}}, [[נספח:גזרת השלמים|גזרת השלמים]]	ספק	ס	פ	ק			3	SHLEMIM	גזרת השלמים	False	False	False	False	False	False	False	False	False	False	False	False	False	False	False	False	False	C.C.C	strong	True	False	False	False	False	False	False	False	ספק	RG-6f7903c8c3	3	PAAL|PIEL|PUAL	hewiktionary	wikt:entry:p8092:r455638:o1779:t0|wikt:entry:p8092:r455638:o2678:t0|wikt:entry:p8092:r455638:o3169:t0	0.8	SILVER	
RT-a0a88fe6df	{{שרש3|ס|פ|ר|א}}, [[גזרת השלמים]]	ספר	ס	פ	ר			3	SHLEMIM	גזרת השלמים	False	False	False	False	False	False	False	False	False	False	False	False	False	True	False	False	False	C.C.R	strong	True	False	False	False	False	False	False	False	ספר	RG-a0a88fe6df	5	HITPAEL|NIFAL|PAAL|PIEL|PUAL	hewiktionary	wikt:conj:p11394:r269980:t0:התפעל עבר|wikt:conj:p11394:r269980:t0:פועל עבר|wikt:conj:p11394:r269980:t0:פיעל עבר|wikt:conj:p11394:r269980:t0:פיעל שם הפועל|wikt:conj:p9473:r324428:t0:נפעל עבר|wikt:conj:p9473:r324428:t0:פועל עבר|wikt:conj:p9473:r324428:t0:פיעל עבר|wikt:conj:p9473:r324428:t0:פיעל שם הפועל|wikt:conj:p9473:r324428:t0:קל עבר|wikt:conj:p9473:r324428:t0:קל שם הפועל|wikt:entry:p2022:r520932:o5375:t0|wikt:entry:p2022:r520932:o6129:t0|wikt:entry:p2022:r520932:o7189:t0|wikt:entry:p2022:r520932:o8673:t0|wikt:entry:p9374:r350398:o0:t0|wikt:entry:p9385:r278260:o0:t0	0.9999	GOLD	
RT-ee717f4d81	{{שרש|סבל|ס־ב־ל}}, [[גזרת השלמים]]	סבל	ס	ב	ל			3	SHLEMIM	גזרת השלמים	False	False	False	False	False	False	False	False	False	False	False	False	False	False	False	False	False	C.C.C	strong	True	False	False	False	False	False	False	False	סבל	RG-ee717f4d81	1	PAAL	hewiktionary	wikt:entry:p31568:r518739:o0:t0	0.8	SILVER	
RT-23bab882bc	{{שרש3|ס|ג|ר}}, [[גזרת השלמים]]	סגר	ס	ג	ר			3	SHLEMIM	גזרת השלמים	False	False	False	False	False	False	False	False	False	False	False	False	False	True	False	False	False	C.C.R	strong	True	False	False	False	False	False	False	False	סגר	RG-23bab882bc	5	HITPAEL|NIFAL|PAAL|PIEL|PUAL	hewiktionary	wikt:conj:p56472:r383392:t0:התפעל עבר|wikt:conj:p56472:r383392:t0:התפעל שם הפועל|wikt:conj:p56472:r383392:t0:נפעל עבר|wikt:conj:p56472:r383392:t0:נפעל שם הפועל|wikt:conj:p56472:r383392:t0:פועל עבר|wikt:conj:p56472:r383392:t0:פיעל עבר|wikt:conj:p56472:r383392:t0:קל עבר|wikt:entry:p48034:r519628:o11:t0|wikt:entry:p48034:r519628:o3144:t0|wikt:entry:p48034:r519628:o3947:t0	0.96	SILVER	
RT-d6995034d0	{{שרש3|ס|ח|ט}}	סחט	ס	ח	ט			3			False	False	False	False	False	False	False	False	False	False	False	True	False	False	False	False	False	C.X.C	guttural_containing	False	False	False	False	False	False	True	False	סחט	RG-d6995034d0	1	PAAL	hewiktionary	wikt:entry:p53883:r517761:o36:t0	0.8	SILVER	TRADITIONAL_CLASS_NOT_STATED
RT-4b3a7f63c6	"{{שרש3|ס|ל|ח|גזרה=השלמים}}, [[ל""ג]]"	סלח	ס	ל	ח			3	LAMED_GUTTURAL	"ל""ג"	False	False	False	False	False	False	False	False	False	False	False	False	True	False	False	False	False	C.C.X	guttural_containing	False	False	False	False	False	False	True	False	סלח	RG-4b3a7f63c6	1	PAAL	hewiktionary	wikt:entry:p22882:r490339:o0:t0	0.8	SILVER	
RT-9c52a5ba2e	{{שרש3|ס|פ|ג}}	ספג	ס	פ	ג			3			False	False	False	False	False	False	False	False	False	False	False	False	False	False	False	False	False	C.C.C	strong	True	False	False	False	False	False	False	False	ספג	RG-9c52a5ba2e	1	PAAL	hewiktionary	wikt:entry:p51726:r500893:o22:t0	0.8	SILVER	TRADITIONAL_CLASS_NOT_STATED
RT-59f6a489e9	{{שרש3|ע|שׁ|ן}}	עשׁנ	ע	ש	נ			3			False	False	False	False	False	False	False	False	False	False	True	False	False	False	False	False	False	E.C.N	guttural_containing	False	False	False	False	False	False	True	False	עשנ	RG-463040b886	1	PIEL	hewiktionary	wikt:entry:p47870:r518393:o3264:t0	0.8	SILVER	TRADITIONAL_CLASS_NOT_STATED
RT-cf9503a3f6	{{שרש3|ע|ב|ר|א}}, [[גזרת השלמים]]	עבר	ע	ב	ר			3	SHLEMIM	גזרת השלמים	False	False	False	False	False	False	False	False	False	False	True	False	False	True	False	False	False	E.C.R	guttural_containing	False	False	False	False	False	False	True	False	עבר	RG-cf9503a3f6	4	HIFIL|HITPAEL|PAAL|PIEL	hewiktionary	wikt:conj:p56340:r381181:t0:הפעיל עבר|wikt:conj:p56340:r381181:t0:הפעיל שם הפועל|wikt:conj:p56340:r381181:t0:קל עבר|wikt:conj:p56344:r381256:t0:התפעל עבר|wikt:conj:p56344:r381256:t0:פיעל עבר|wikt:conj:p56344:r381256:t0:פיעל שם הפועל|wikt:entry:p14746:r517444:o182:t0|wikt:entry:p14746:r517444:o3341:t0|wikt:entry:p50375:r414044:o0:t0|wikt:entry:p50375:r414044:o891:t0	0.992	GOLD	
RT-dc31f3d985	"{{שרש3|ע|ט|ה}}, נל""י"	עטה	ע	ט	ה			3	LAMED_YOD_HE	"נל""י"	False	False	False	False	False	False	True	False	False	True	True	False	True	False	False	False	True	E.C.H	final_he	False	True	False	False	False	False	True	False	עטה	RG-dc31f3d985	1	PAAL	hewiktionary	wikt:conj:p32636:r297626:t0:קל עבר|wikt:conj:p32636:r297626:t0:קל שם הפועל|wikt:entry:p45259:r431169:o1:t0	0.988	GOLD	
RT-f2baf9a601	{{שרש3|ע|ל|ז}}	עלז	ע	ל	ז			3			False	False	False	False	False	False	False	False	False	False	True	False	False	False	False	False	False	E.C.C	guttural_containing	False	False	False	False	False	False	True	False	עלז	RG-f2baf9a601	1	PAAL	hewiktionary	wikt:conj:p30452:r380312:t0:קל עבר|wikt:conj:p30452:r380312:t0:קל שם הפועל|wikt:entry:p56261:r423012:o14:t0	0.988	GOLD	TRADITIONAL_CLASS_NOT_STATED
RT-adf0aa6cde	{{שרש3|ע|מ|ד}}	עמד	ע	מ	ד			3			False	False	False	False	False	False	False	False	False	False	True	False	False	False	False	False	False	E.C.C	guttural_containing	False	False	False	False	False	False	True	False	עמד	RG-adf0aa6cde	1	PAAL	hewiktionary	wikt:entry:p50976:r519513:o0:t0	0.8	SILVER	TRADITIONAL_CLASS_NOT_STATED
RT-daadb82c5f	"{{שרש3|ע|נ|ה}}, [[גזרת נל""י/ה]]"	ענה	ע	נ	ה			3	LAMED_YOD_HE	"גזרת נל""י/ה"	False	False	False	False	False	False	True	False	False	True	True	False	True	False	False	False	True	E.N.H	final_he	False	True	False	False	False	False	True	False	ענה	RG-daadb82c5f	5	HITPAEL|NIFAL|PAAL|PIEL|PUAL	hewiktionary	wikt:entry:p35143:r520065:o0:t0|wikt:entry:p35143:r520065:o12368:t0|wikt:entry:p35143:r520065:o7106:t0|wikt:entry:p35143:r520065:o9400:t0|wikt:entry:p50665:r514684:o0:t0|wikt:entry:p63469:r501435:o1030:t0|wikt:entry:p63469:r501435:o46:t0	0.96	SILVER	
RT-4593a1841e	"{{שרש3|ע|ו|ף|א}}, [[נספח:גזרת נע""ו/י|גזרת נע""ו/י]]"	עופ	ע	ו	פ			3	AYIN_WAW_YOD	"גזרת נע""ו/י"	False	False	False	False	False	True	False	False	False	False	True	False	False	False	False	False	True	E.W.C	hollow_candidate	False	False	True	False	False	False	True	False	עופ	RG-4593a1841e	3	HIFIL|PAAL|PIEL	hewiktionary	wikt:conj:p42490:r211036:t0:הפעיל עבר|wikt:conj:p42490:r211036:t0:הפעיל שם הפועל|wikt:conj:p42490:r211036:t0:פיעל עבר|wikt:conj:p42490:r211036:t0:קל עבר|wikt:conj:p42490:r211036:t0:קל שם הפועל|wikt:entry:p32781:r513260:o0:t0|wikt:entry:p8825:r519575:o0:t0	0.988	GOLD	
RT-f987fa0966	{{שרש3|ע|צ|ר}}	עצר	ע	צ	ר			3			False	False	False	False	False	False	False	False	False	False	True	False	False	True	False	False	False	E.C.R	guttural_containing	False	False	False	False	False	False	True	False	עצר	RG-f987fa0966	1	PAAL	hewiktionary	wikt:entry:p54740:r516069:o129:t0	0.8	SILVER	TRADITIONAL_CLASS_NOT_STATED
RT-afa44b6608	{{שרש|עקף|ע־ק־ף}}, שלמים	עקפ	ע	ק	פ			3	SHLEMIM	שלמים	False	False	False	False	False	False	False	False	False	False	True	False	False	False	False	False	False	E.C.C	guttural_containing	False	False	False	False	False	False	True	False	עקפ	RG-afa44b6608	1	PAAL	hewiktionary	wikt:conj:p21445:r256528:t0:קל שם הפועל|wikt:entry:p21447:r453383:o0:t0	0.94	GOLD	
RT-caccc46d28	"{{שרש3|ע|ק|ץ|גזרה=השלמים}}, [[פ""ג]]"	עקצ	ע	ק	צ			3	PE_GUTTURAL	"פ""ג"	False	False	False	False	False	False	False	False	False	False	True	False	False	False	False	False	False	E.C.C	guttural_containing	False	False	False	False	False	False	True	False	עקצ	RG-caccc46d28	1	PAAL	hewiktionary	wikt:entry:p43991:r489936:o0:t0	0.8	SILVER	
RT-f5daf29399	"{{שרש3|ע|שׂ|ה|גזרה=נל""י/ה}}"	עשׂה	ע	ש	ה			3			False	False	False	False	False	False	True	False	False	True	True	False	True	False	False	False	True	E.C.H	final_he	False	True	False	False	False	False	True	False	עשה	RG-eaa416031d	2	PAAL|PIEL	hewiktionary	wikt:entry:p11324:r516384:o11:t0|wikt:entry:p53381:r493222:o0:t0	0.8	SILVER	ROOT_SHARES_ORTHOGRAPHY_WITH_OTHER_ROOT|TRADITIONAL_CLASS_NOT_STATED
RT-3ef05b128b	{{שרש3|ע|ו|ד}}	עוד	ע	ו	ד			3	AYIN_WAW_YOD	"גזרת נע""ו/י"	False	False	False	False	False	True	False	False	False	False	True	False	False	False	False	False	True	E.W.C	hollow_candidate	False	False	True	False	False	False	True	False	עוד	RG-3ef05b128b	4	HIFIL|HITPAEL|PAAL|PIEL	hewiktionary	wikt:conj:p63006:r490770:t0:הפעיל עבר|wikt:conj:p63006:r490770:t0:קל עבר|wikt:conj:p63007:r490771:t0:הפעיל עבר|wikt:entry:p24935:r519123:o4653:t0|wikt:entry:p44164:r357039:o0:t0|wikt:entry:p51601:r489449:o0:t0|wikt:entry:p63005:r490761:o0:t0|wikt:entry:p63005:r490761:o1150:t0	0.9984	SILVER	
RT-9a7d989136	"{{שרש3|פ|נ|ה|גזרה=נחי לי""ה}}"	פנה	פ	נ	ה			3			False	False	False	False	False	False	True	False	False	True	False	False	True	False	False	False	True	C.N.H	final_he	False	True	False	False	False	False	True	False	פנה	RG-9a7d989136	2	PAAL|PIEL	hewiktionary	wikt:conj:p56610:r385318:t0:פיעל עבר|wikt:conj:p56610:r385318:t0:פיעל שם הפועל|wikt:conj:p56610:r385318:t0:קל עבר|wikt:conj:p56610:r385318:t0:קל שם הפועל|wikt:entry:p22910:r516047:o1170:t0|wikt:entry:p22910:r516047:o15:t0|wikt:full:p23892:r508932:t0:נסתר_עבר|wikt:full:p23892:r508932:t4:נסתר_עבר	0.9976	GOLD	TRADITIONAL_CLASS_NOT_STATED
RT-6a827ab986	{{שרש3|פ|ג|ע}}	פגע	פ	ג	ע			3			False	False	False	False	False	False	False	False	False	False	False	False	True	False	False	False	False	C.C.E	guttural_containing	False	False	False	False	False	False	True	False	פגע	RG-6a827ab986	2	PAAL|PIEL	hewiktionary	wikt:entry:p53555:r511518:o0:t0|wikt:entry:p53555:r511518:o2246:t0	0.8	SILVER	TRADITIONAL_CLASS_NOT_STATED
RT-bd88339d18	{{שרש3|פ|ג|שׁ}}	פגשׁ	פ	ג	ש			3			False	False	False	False	False	False	False	False	False	False	False	False	False	False	False	False	False	C.C.C	strong	True	False	False	False	False	False	False	False	פגש	RG-7bfa503b41	2	PAAL|PIEL	hewiktionary	wikt:entry:p52401:r511964:o0:t0|wikt:entry:p52401:r511964:o1187:t0	0.8	SILVER	TRADITIONAL_CLASS_NOT_STATED
RT-6fa4dbe297	{{שרש3|פ|ח|ד}}, [[גזרת השלמים]]	פחד	פ	ח	ד			3	SHLEMIM	גזרת השלמים	False	False	False	False	False	False	False	False	False	False	False	True	False	False	False	False	False	C.X.C	guttural_containing	False	False	False	False	False	False	True	False	פחד	RG-6fa4dbe297	2	PAAL|PIEL	hewiktionary	wikt:entry:p32787:r521871:o1556:t0|wikt:entry:p32787:r521871:o2212:t0	0.8	SILVER	
RT-241b78d4f9	{{שרש3|פ|צ|ע}}	פצע	פ	צ	ע			3			False	False	False	False	False	False	False	False	False	False	False	False	True	False	False	False	False	C.C.E	guttural_containing	False	False	False	False	False	False	True	False	פצע	RG-241b78d4f9	2	HIFIL|PAAL	hewiktionary	wikt:entry:p29415:r519444:o1731:t0|wikt:entry:p57115:r510237:o0:t0	0.8	SILVER	TRADITIONAL_CLASS_NOT_STATED
RT-9dc74a6e96	{{שרש|פקד|פ־ק־ד}}, [[גזרת השלמים]]	פקד	פ	ק	ד			3	SHLEMIM	גזרת השלמים	False	False	False	False	False	False	False	False	False	False	False	False	False	False	False	False	False	C.C.C	strong	True	False	False	False	False	False	False	False	פקד	RG-9dc74a6e96	5	HIFIL|HITPAEL|NIFAL|PAAL|PIEL	hewiktionary	wikt:conj:p13376:r432157:t0:הפעיל עבר|wikt:conj:p13376:r432157:t0:התפעל עבר|wikt:conj:p13376:r432157:t0:נפעל עבר|wikt:conj:p13376:r432157:t0:פיעל שם הפועל|wikt:conj:p13376:r432157:t0:קל עבר|wikt:conj:p13376:r432157:t0:קל שם הפועל|wikt:entry:p10047:r502254:o40:t0|wikt:entry:p10066:r401381:o0:t0|wikt:entry:p10089:r120926:o0:t0|wikt:entry:p10145:r293790:o0:t0	0.988	SILVER	
RT-9216b97eb1	"{{שרש3|פ|ק|ח|גזרה=השלמים}},[[ל""ג]]"	פקח	פ	ק	ח			3	LAMED_GUTTURAL	"ל""ג"	False	False	False	False	False	False	False	False	False	False	False	False	True	False	False	False	False	C.C.X	guttural_containing	False	False	False	False	False	False	True	False	פקח	RG-9216b97eb1	3	PAAL|PIEL|PUAL	hewiktionary	wikt:entry:p23742:r496448:o2482:t0|wikt:entry:p23742:r496448:o4496:t0|wikt:entry:p23742:r496448:o5780:t0	0.8	SILVER	
RT-5edd13b436	{{שרש3|פ|ת|ח}}, [[גזרת השלמים]]	פתח	פ	ת	ח			3	SHLEMIM	גזרת השלמים	False	False	False	False	False	False	False	False	False	False	False	False	True	False	False	False	False	C.C.X	guttural_containing	False	False	False	False	False	False	True	False	פתח	RG-5edd13b436	2	HITPAEL|PAAL	hewiktionary	wikt:conj:p43836:r404278:t0:התפעל עבר|wikt:conj:p43836:r404278:t0:קל עבר|wikt:conj:p43836:r404278:t0:קל שם הפועל|wikt:entry:p29711:r523201:o116:t0|wikt:entry:p59889:r437243:o0:t0	0.988	SILVER	
RT-5082d61b3c	"{{שרש3|צ|ו|ר|גזרה=נע""ו/י}}"	צור	צ	ו	ר			3			False	False	False	False	False	True	False	False	False	False	False	False	False	True	False	False	True	C.W.R	hollow_candidate	False	False	True	False	False	False	False	False	צור	RG-5082d61b3c	2	PAAL|PIEL	hewiktionary	wikt:conj:p20075:r520876:t0:פיעל עבר|wikt:conj:p20075:r520876:t0:פיעל שם הפועל|wikt:entry:p7741:r520775:o5526:t0	0.988	GOLD	TRADITIONAL_CLASS_NOT_STATED
RT-8282b6063f	{{שרש3|צ|פ|ה}}	צפה	צ	פ	ה			3			False	False	False	False	False	False	True	False	False	True	False	False	True	False	False	False	True	C.C.H	final_he	False	True	False	False	False	False	True	False	צפה	RG-8282b6063f	2	PAAL|PIEL	hewiktionary	wikt:entry:p50253:r522947:o11:t0|wikt:entry:p50253:r522947:o1400:t0|wikt:entry:p50253:r522947:o3431:t0	0.96	SILVER	TRADITIONAL_CLASS_NOT_STATED
RT-b9155f82ba	"{{שרש3|צ|ו|ם}} , [[נספח:גזרת נע""ו/י|גזרת נע""ו/י]]"	צומ	צ	ו	מ			3	AYIN_WAW_YOD	"גזרת נע""ו/י"	False	False	False	False	False	True	False	False	False	False	False	False	False	False	False	False	True	C.W.C	hollow_candidate	False	False	True	False	False	False	False	False	צומ	RG-b9155f82ba	1	PAAL	hewiktionary	wikt:conj:p32447:r270756:t0:קל עבר|wikt:conj:p32447:r270756:t0:קל שם הפועל|wikt:entry:p44271:r519609:o0:t0	0.988	GOLD	
RT-ee7de12091	{{שרש3|צ|ר|ח}}	צרח	צ	ר	ח			3			False	False	False	False	False	False	False	False	False	False	False	False	True	True	False	False	False	C.R.X	guttural_containing	False	False	False	False	False	False	True	False	צרח	RG-ee7de12091	1	PAAL	hewiktionary	wikt:entry:p52740:r518488:o0:t0	0.8	SILVER	TRADITIONAL_CLASS_NOT_STATED
RT-0171958fe1	{{שרש3|צ|ר|ך}}	צרכ	צ	ר	כ			3			False	False	False	False	False	False	False	False	False	False	False	False	False	True	False	False	False	C.R.C	strong	True	False	False	False	False	False	False	False	צרכ	RG-0171958fe1	1	PAAL	hewiktionary	wikt:entry:p46022:r510749:o1492:t0	0.8	SILVER	TRADITIONAL_CLASS_NOT_STATED
RT-fba16578b6	{{שרש3|ק|ב|ל|א}}, [[גזרת השלמים]]	קבל	ק	ב	ל			3	SHLEMIM	גזרת השלמים	False	False	False	False	False	False	False	False	False	False	False	False	False	False	False	False	False	C.C.C	strong	True	False	False	False	False	False	False	False	קבל	RG-fba16578b6	2	PAAL|PIEL	hewiktionary	wikt:entry:p21780:r493140:o0:t0|wikt:entry:p21780:r493140:o1197:t0|wikt:entry:p21780:r493140:o1675:t0	0.96	SILVER	
RT-7169b6502d	{{שרש4|ק|ל|ק|ל}}	קלקל	ק	ל	ק	ל		4			False	False	False	False	False	False	False	False	False	False	False	False	False	False	False	True	False	C.C.C.C	quadriliteral	False	False	False	False	False	False	False	True	קלקל	RG-7169b6502d	1	PIEL	hewiktionary	wikt:entry:p54367:r420164:o1:t0	0.8	SILVER	TRADITIONAL_CLASS_NOT_STATED
RT-380d2c334a	{{שרש3|ק|נ|ח|גזרה=השלמים}}	קנח	ק	נ	ח			3			False	False	False	False	False	False	False	False	False	False	False	False	True	False	False	False	False	C.N.X	guttural_containing	False	False	False	False	False	False	True	False	קנח	RG-380d2c334a	1	PIEL	hewiktionary	wikt:conj:p22235:r100944:t0:פיעל עבר|wikt:conj:p22235:r100944:t0:פיעל שם הפועל|wikt:entry:p22190:r476736:o0:t0	0.97	GOLD	TRADITIONAL_CLASS_NOT_STATED
RT-4b75360216	ק־פ־ל	קפל	ק	פ	ל			3			False	False	False	False	False	False	False	False	False	False	False	False	False	False	False	False	False	C.C.C	strong	True	False	False	False	False	False	False	False	קפל	RG-4b75360216	2	HITPAEL|PIEL	hewiktionary	wikt:conj:p45392:r490859:t0:התפעל עבר|wikt:conj:p45392:r490859:t0:פיעל עבר|wikt:conj:p45392:r490859:t0:פיעל שם הפועל|wikt:entry:p63176:r494288:o0:t0	0.96	SILVER	TRADITIONAL_CLASS_NOT_STATED
RT-0bd5f337ea	{{שרש3|ק|צ|ר}}, [[גזרת השלמים]]	קצר	ק	צ	ר			3	SHLEMIM	גזרת השלמים	False	False	False	False	False	False	False	False	False	False	False	False	False	True	False	False	False	C.C.R	strong	True	False	False	False	False	False	False	False	קצר	RG-0bd5f337ea	3	PAAL|PIEL|PUAL	hewiktionary	wikt:conj:p17774:r413986:t0:פועל עבר|wikt:conj:p17774:r413986:t0:פיעל עבר|wikt:conj:p17774:r413986:t0:פיעל שם הפועל|wikt:conj:p17774:r413986:t0:קל עבר|wikt:conj:p17774:r413986:t0:קל שם הפועל|wikt:entry:p31453:r522680:o1383:t0|wikt:entry:p31453:r522680:o2770:t0	0.988	GOLD	
RT-e717eed33d	{{שרש3|ק|ב|ע}}	קבע	ק	ב	ע			3			False	False	False	False	False	False	False	False	False	False	False	False	True	False	False	False	False	C.C.E	guttural_containing	False	False	False	False	False	False	True	False	קבע	RG-e717eed33d	2	PAAL|PIEL	hewiktionary	wikt:entry:p52268:r516612:o1936:t0|wikt:entry:p52268:r516612:o47:t0|wikt:entry:p52268:r516612:o583:t0	0.96	SILVER	TRADITIONAL_CLASS_NOT_STATED
RT-f7b1886ea5	{{שרש3|ק|ט|ף}}	קטפ	ק	ט	פ			3			False	False	False	False	False	False	False	False	False	False	False	False	False	False	False	False	False	C.C.C	strong	True	False	False	False	False	False	False	False	קטפ	RG-f7b1886ea5	1	PAAL	hewiktionary	wikt:conj:p58514:r413999:t0:קל עבר|wikt:entry:p58254:r512194:o0:t0	0.96	GOLD	TRADITIONAL_CLASS_NOT_STATED
RT-b151f47170	{{שרש3|ק|ט|ן}},[[גזרת השלמים]]\nהפועל היחיד הניטה על שלושת משקליו של בניין קל	קטנ	ק	ט	נ			3	SHLEMIM	גזרת השלמים	False	False	False	False	False	False	False	False	False	False	False	False	False	False	False	False	False	C.C.N	strong	True	False	False	False	False	False	False	False	קטנ	RG-b151f47170	2	PAAL	hewiktionary	wikt:entry:p9742:r519856:o3780:t0	0.9	QUESTIONABLE	
RT-aff48f8711	{{שרש3|ק|ל|ט|גזרה=השלמים}}	קלט	ק	ל	ט			3			False	False	False	False	False	False	False	False	False	False	False	False	False	False	False	False	False	C.C.C	strong	True	False	False	False	False	False	False	False	קלט	RG-aff48f8711	1	PAAL	hewiktionary	wikt:conj:p56651:r435984:t0:קל עבר|wikt:entry:p14074:r438102:o0:t0	0.96	GOLD	TRADITIONAL_CLASS_NOT_STATED
RT-e33410a5fb	{{שרש3|ק|ר|ע}}	קרע	ק	ר	ע			3			False	False	False	False	False	False	False	False	False	False	False	False	True	True	False	False	False	C.R.E	guttural_containing	False	False	False	False	False	False	True	False	קרע	RG-e33410a5fb	1	PAAL	hewiktionary	wikt:conj:p58518:r414004:t0:קל עבר|wikt:entry:p63281:r495989:o0:t0	0.96	GOLD	TRADITIONAL_CLASS_NOT_STATED
RT-06e8fa0759	{{שרש3|ר|ח|ף}}	רחפ	ר	ח	פ			3			False	False	False	False	False	False	False	False	False	False	False	True	False	True	False	False	False	R.X.C	guttural_containing	False	False	False	False	False	False	True	False	רחפ	RG-06e8fa0759	1	PIEL	hewiktionary	wikt:entry:p52471:r520711:o0:t0	0.8	SILVER	TRADITIONAL_CLASS_NOT_STATED
RT-6425d1a4c1	"{{שרש3|ר|צ|ה|גזרה=נחי ל""ה}}"	רצה	ר	צ	ה			3	LAMED_YOD_HE	"גזרת נל""י/ה"	False	False	False	False	False	False	True	False	False	True	False	False	True	True	False	False	True	R.C.H	final_he	False	True	False	False	False	False	True	False	רצה	RG-6425d1a4c1	5	HIFIL|HITPAEL|NIFAL|PAAL|PIEL	hewiktionary	wikt:conj:p20067:r511869:t0:הפעיל עבר|wikt:conj:p20067:r511869:t0:נפעל עבר|wikt:conj:p20067:r511869:t0:פיעל עבר|wikt:conj:p20067:r511869:t0:פיעל שם הפועל|wikt:conj:p20067:r511869:t0:קל עבר|wikt:conj:p20067:r511869:t0:קל שם הפועל|wikt:entry:p42093:r511619:o0:t0|wikt:entry:p42094:r261350:o19:t0|wikt:entry:p63692:r510250:o0:t0|wikt:entry:p9196:r508823:o0:t0|wikt:entry:p9196:r508823:o1534:t0	0.988	SILVER	
RT-6e753a9927	{{שרש3|ר|ב|ה}}	רבה	ר	ב	ה			3	LAMED_YOD_HE	"גזרת נל""י/ה"	False	False	False	False	False	False	True	False	False	True	False	False	True	True	False	False	True	R.C.H	final_he	False	True	False	False	False	False	True	False	רבה	RG-6e753a9927	2	HIFIL|PAAL	hewiktionary	wikt:entry:p1534:r523108:o182:t0|wikt:entry:p45006:r522698:o0:t0	0.8	SILVER	
RT-1eb4ce7c2d	{{שרש3|ר|ז|ה}}	רזה	ר	ז	ה			3			False	False	False	False	False	False	True	False	False	True	False	False	True	True	False	False	True	R.C.H	final_he	False	True	False	False	False	False	True	False	רזה	RG-1eb4ce7c2d	2	NIFAL|PAAL	hewiktionary	wikt:entry:p57577:r517692:o63:t0|wikt:entry:p57578:r397756:o0:t0	0.8	SILVER	TRADITIONAL_CLASS_NOT_STATED
RT-0900f926d8	{{שרש3|ר|מ|ז}}	רמז	ר	מ	ז			3			False	False	False	False	False	False	False	False	False	False	False	False	False	True	False	False	False	R.C.C	strong	True	False	False	False	False	False	False	False	רמז	RG-0900f926d8	2	PAAL|PIEL	hewiktionary	wikt:entry:p50525:r512098:o1270:t0|wikt:entry:p50525:r512098:o1:t0	0.8	SILVER	TRADITIONAL_CLASS_NOT_STATED
RT-a697321ae9	"{{שרש3|ר|ו|ץ|א}}, [[נספח:גזרת נע""ו/י|גזרת נע""ו/י]]"	רוצ	ר	ו	צ			3	AYIN_WAW_YOD	"גזרת נע""ו/י"	False	False	False	False	False	True	False	False	False	False	False	False	False	True	False	False	True	R.W.C	hollow_candidate	False	False	True	False	False	False	False	False	רוצ	RG-a697321ae9	2	HITPAEL|PAAL	hewiktionary	wikt:conj:p30413:r305423:t0:התפעל עבר|wikt:conj:p30413:r305423:t0:קל עבר|wikt:conj:p30413:r305423:t0:קל שם הפועל|wikt:entry:p15390:r523129:o0:t0|wikt:entry:p58073:r482614:o0:t0	0.988	GOLD	
RT-b986013906	{{שרש3|ר|ק|ד}} [[גזרת השלמים]]	רקד	ר	ק	ד			3	SHLEMIM	גזרת השלמים	False	False	False	False	False	False	False	False	False	False	False	False	False	True	False	False	False	R.C.C	strong	True	False	False	False	False	False	False	False	רקד	RG-b986013906	2	PAAL|PIEL	hewiktionary	wikt:conj:p30451:r333275:t0:פיעל עבר|wikt:conj:p30451:r333275:t0:קל עבר|wikt:conj:p30451:r333275:t0:קל שם הפועל|wikt:entry:p46588:r501427:o21:t0|wikt:entry:p46588:r501427:o3895:t0	0.988	GOLD	
RT-8f38c5da2c	{{שרש3|ר|שׁ|ם}}	רשׁמ	ר	ש	מ			3			False	False	False	False	False	False	False	False	False	False	False	False	False	True	False	False	False	R.C.C	strong	True	False	False	False	False	False	False	False	רשמ	RG-62bf1c0578	2	HIFIL|PAAL	hewiktionary	wikt:conj:p53062:r382029:t0:הפעיל עבר|wikt:conj:p53062:r382029:t0:הפעיל שם הפועל|wikt:conj:p53062:r382029:t0:קל עבר|wikt:entry:p53058:r510813:o1369:t0	0.96	GOLD	TRADITIONAL_CLASS_NOT_STATED
RT-97c683397c	{{שרש3|ש|ג|ר}}	שׁגר	ש	ג	ר			3			False	False	False	False	False	False	False	False	False	False	False	False	False	True	False	False	False	C.C.R	strong	True	False	False	False	False	False	False	False	שגר	RG-b5949bf751	1	PIEL	hewiktionary	wikt:entry:p51262:r511874:o64:t0	0.8	SILVER	SHIN_SIN_FROM_FORM|TRADITIONAL_CLASS_NOT_STATED
RT-6af4373dcb	{{שרש3|שׁ|מ|שׁ|גזרה=השלמים}}	שׁמשׁ	ש	מ	ש			3	SHLEMIM	גזרת השלמים ; גזרת השלמים.	False	False	False	False	False	False	False	False	False	False	False	False	False	False	False	False	False	C.C.C	strong	True	False	False	False	False	False	False	False	שמש	RG-725a503537	3	HIFIL|HITPAEL|PIEL	hewiktionary	wikt:conj:p20064:r421455:t0:הפעיל עבר|wikt:conj:p20064:r421455:t0:התפעל עבר|wikt:conj:p20064:r421455:t0:התפעל שם הפועל|wikt:conj:p20064:r421455:t0:פיעל עבר|wikt:conj:p20064:r421455:t0:פיעל שם הפועל|wikt:entry:p2202:r512726:o5846:t0|wikt:entry:p8607:r315363:o0:t0|wikt:entry:p8609:r337513:o0:t0	0.988	GOLD	
RT-fe651db839	{{שרש|שׁקר|שׁ־ק־ר}}, [[גזרת השלמים]]	שׁקר	ש	ק	ר			3	SHLEMIM	גזרת השלמים	False	False	False	False	False	False	False	False	False	False	False	False	False	True	False	False	False	C.C.R	strong	True	False	False	False	False	False	False	False	שקר	RG-305df84e1a	2	PAAL|PIEL	hewiktionary	wikt:entry:p10456:r521164:o3005:t0|wikt:entry:p10456:r521164:o3513:t0	0.8	SILVER	
RT-ed9532aba4	"{{שרש3|שׁ|ו|ט}}, [[נספח:גזרת נע""ו/י|גזרת נע""ו/י]]"	שׁוט	ש	ו	ט			3	AYIN_WAW_YOD	"גזרת נע""ו/י"	False	False	False	False	False	True	False	False	False	False	False	False	False	False	False	False	True	C.W.C	hollow_candidate	False	False	True	False	False	False	False	False	שוט	RG-873591fe85	3	HIFIL|PAAL|PIEL	hewiktionary	wikt:entry:p40154:r518509:o0:t0|wikt:entry:p52105:r510251:o50:t0|wikt:entry:p63215:r496704:o0:t0	0.8	SILVER	
RT-f9bec89fd9	{{שרש3|שׁ|ט|ף}}	שׁטפ	ש	ט	פ			3			False	False	False	False	False	False	False	False	False	False	False	False	False	False	False	False	False	C.C.C	strong	True	False	False	False	False	False	False	False	שטפ	RG-8ed5e9717c	2	PAAL|PUAL	hewiktionary	wikt:conj:p56483:r390429:t0:פועל עבר|wikt:conj:p56483:r390429:t0:קל עבר|wikt:entry:p56482:r516444:o0:t0|wikt:entry:p56482:r516444:o1567:t0	0.96	SILVER	TRADITIONAL_CLASS_NOT_STATED
RT-4ab3ca8e45	{{שרש3|ש|כ|ח|גזרה=השלמים}}	שׁכח	ש	כ	ח			3			False	False	False	False	False	False	False	False	False	False	False	False	True	False	False	False	False	C.C.X	guttural_containing	False	False	False	False	False	False	True	False	שכח	RG-9879714342	2	PAAL|PIEL	hewiktionary	wikt:entry:p43113:r520638:o0:t0|wikt:entry:p43113:r520638:o2093:t0	0.8	SILVER	SHIN_SIN_FROM_FORM|TRADITIONAL_CLASS_NOT_STATED
RT-bd484d73a5	{{שרש3|שׁ|כ|ן|גזרה=השלמים}}	שׁכנ	ש	כ	נ			3			False	False	False	False	False	False	False	False	False	False	False	False	False	False	False	False	False	C.C.N	strong	True	False	False	False	False	False	False	False	שכנ	RG-2ddf1bd202	2	PAAL|PIEL	hewiktionary	wikt:entry:p29312:r520715:o2962:t0|wikt:entry:p29312:r520715:o4405:t0	0.8	SILVER	TRADITIONAL_CLASS_NOT_STATED
RT-c0fd16c533	{{שרש|שׁלח|שׁ־ל־ח}}, שלמים	שׁלח	ש	ל	ח			3	SHLEMIM	שלמים	False	False	False	False	False	False	False	False	False	False	False	False	True	False	False	False	False	C.C.X	guttural_containing	False	False	False	False	False	False	True	False	שלח	RG-9cb2b82c06	3	HITPAEL|PAAL|PIEL	hewiktionary	wikt:entry:p2204:r498975:o1576:t0|wikt:entry:p2204:r498975:o15:t0|wikt:entry:p51571:r392967:o0:t0	0.8	SILVER	
RT-a1823ae5ad	{{שרש3|שׁ|ל|ט|גזרה=השלמים}}	שׁלט	ש	ל	ט			3			False	False	False	False	False	False	False	False	False	False	False	False	False	False	False	False	False	C.C.C	strong	True	False	False	False	False	False	False	False	שלט	RG-b7be9562d9	2	PAAL|PIEL	hewiktionary	wikt:entry:p12214:r520909:o0:t0|wikt:entry:p12214:r520909:o995:t0	0.8	SILVER	TRADITIONAL_CLASS_NOT_STATED
RT-a8f06c6927	{{שרש|שׁמע|שׁ־מ־ע}}, [[גזרת השלמים]]	שׁמע	ש	מ	ע			3	SHLEMIM	גזרת השלמים	False	False	False	False	False	False	False	False	False	False	False	False	True	False	False	False	False	C.C.E	guttural_containing	False	False	False	False	False	False	True	False	שמע	RG-47f1d311fd	4	HIFIL|HITPAEL|NIFAL|PAAL	hewiktionary	wikt:conj:p17650:r342932:t0:הפעיל עבר|wikt:conj:p17650:r342932:t0:התפעל עבר|wikt:conj:p17650:r342932:t0:נפעל עבר|wikt:conj:p17650:r342932:t0:נפעל שם הפועל|wikt:conj:p17650:r342932:t0:קל עבר|wikt:conj:p17650:r342932:t0:קל שם הפועל|wikt:entry:p16314:r519779:o46:t0|wikt:entry:p53001:r521752:o0:t0|wikt:entry:p54542:r510256:o0:t0|wikt:entry:p54542:r510256:o572:t0	0.992	GOLD	
RT-37e142a695	{{שרש3|ש|מ|ר|א}}, [[גזרת השלמים]]	שׁמר	ש	מ	ר			3	SHLEMIM	גזרת השלמים	False	False	False	False	False	False	False	False	False	False	False	False	False	True	False	False	False	C.C.R	strong	True	False	False	False	False	False	False	False	שמר	RG-08ba9d6754	4	HITPAEL|PAAL|PIEL|PUAL	hewiktionary	wikt:conj:p17773:r324166:t0:התפעל עבר|wikt:conj:p17773:r324166:t0:התפעל שם הפועל|wikt:conj:p17773:r324166:t0:פועל עבר|wikt:conj:p17773:r324166:t0:פיעל עבר|wikt:conj:p17773:r324166:t0:פיעל שם הפועל|wikt:conj:p17773:r324166:t0:קל עבר|wikt:conj:p17773:r324166:t0:קל שם הפועל|wikt:entry:p17077:r521851:o17:t0	0.988	GOLD	
RT-dd55bfcc2f	{{שרש3|שׁ|פ|ך}}	שׁפכ	ש	פ	כ			3			False	False	False	False	False	False	False	False	False	False	False	False	False	False	False	False	False	C.C.C	strong	True	False	False	False	False	False	False	False	שפכ	RG-6b432e594c	1	PAAL	hewiktionary	wikt:entry:p1480:r523220:o1125:t0	0.8	SILVER	TRADITIONAL_CLASS_NOT_STATED
RT-8dc04dc006	{{שרש3|שׁ|ר|ק}}	שׁרק	ש	ר	ק			3			False	False	False	False	False	False	False	False	False	False	False	False	False	True	False	False	False	C.R.C	strong	True	False	False	False	False	False	False	False	שרק	RG-88afe39dc9	1	PAAL	hewiktionary	wikt:entry:p52374:r492761:o86:t0	0.8	SILVER	TRADITIONAL_CLASS_NOT_STATED
RT-455d28e3c9	{{שרש3|ש|ת|ק}}, [[נספח:גזרת השלמים|גזרת השלמים]]	שׁתק	ש	ת	ק			3	SHLEMIM	גזרת השלמים	False	False	False	False	False	False	False	False	False	False	False	False	False	False	False	False	False	C.C.C	strong	True	False	False	False	False	False	False	False	שתק	RG-d30f21ceb5	7	HIFIL|HITPAEL|HUFAL|NIFAL|PAAL|PIEL|PUAL	hewiktionary	wikt:conj:p42929:r430968:t0:הופעל עבר|wikt:conj:p42929:r430968:t0:הפעיל עבר|wikt:conj:p42929:r430968:t0:הפעיל שם הפועל|wikt:conj:p42929:r430968:t0:התפעל עבר|wikt:conj:p42929:r430968:t0:נפעל עבר|wikt:conj:p42929:r430968:t0:פועל עבר|wikt:conj:p42929:r430968:t0:פיעל עבר|wikt:conj:p42929:r430968:t0:פיעל שם הפועל|wikt:conj:p42929:r430968:t0:קל עבר|wikt:conj:p42929:r430968:t0:קל שם הפועל|wikt:entry:p42920:r520461:o0:t0|wikt:entry:p42920:r520461:o2166:t0|wikt:entry:p42920:r520461:o3668:t0|wikt:entry:p42969:r429892:o0:t0|wikt:entry:p42970:r523088:o0:t0|wikt:entry:p42976:r450482:o0:t0	0.988	GOLD	SHIN_SIN_FROM_FORM
RT-4a421dd7e5	"{{שרש3|שׁ|ת|ה|א}}, [[גזרת נל""י/ה]]"	שׁתה	ש	ת	ה			3	LAMED_YOD_HE	"גזרת נל""י/ה"	False	False	False	False	False	False	True	False	False	True	False	False	True	False	False	False	True	C.C.H	final_he	False	True	False	False	False	False	True	False	שתה	RG-b67e0c3a89	1	PAAL	hewiktionary	wikt:entry:p23195:r422549:o0:t0	0.8	SILVER	
RT-bdf2cc6bc9	{{שרש3|שׂ|ר|ף|גזרה=השלמים}}	שׂרפ	ש	ר	פ			3			False	False	False	False	False	False	False	False	False	False	False	False	False	True	False	False	False	C.R.C	strong	True	False	False	False	False	False	False	False	שרפ	RG-41b2829b3c	2	NIFAL|PAAL	hewiktionary	wikt:conj:p45235:r495677:t0:נפעל עבר|wikt:conj:p45235:r495677:t0:נפעל שם הפועל|wikt:conj:p45235:r495677:t0:קל עבר|wikt:conj:p45235:r495677:t0:קל שם הפועל|wikt:entry:p42747:r519679:o73:t0	0.988	GOLD	TRADITIONAL_CLASS_NOT_STATED
RT-23d923f72e	ש־נ־ה א	שׁנה	ש	נ	ה			3	LAMED_YOD_HE	"גזרת נל""י ; גזרת נל""י/ה"	False	False	False	False	False	False	True	False	False	True	False	False	True	False	False	False	True	C.N.H	final_he	False	True	False	False	False	False	True	False	שנה	RG-724b2e233d	4	HITPAEL|PAAL|PIEL|PUAL	hewiktionary	wikt:conj:p23936:r266314:t0:קל עבר|wikt:conj:p45366:r271015:t0:התפעל עבר|wikt:conj:p45366:r271015:t0:פועל עבר|wikt:conj:p45366:r271015:t0:פיעל עבר|wikt:conj:p45366:r271015:t0:פיעל שם הפועל|wikt:conj:p45366:r271015:t0:קל עבר|wikt:entry:p14708:r520219:o16:t0|wikt:entry:p14708:r520219:o8748:t0|wikt:entry:p1637:r520335:o0:t0	0.992	GOLD	SHIN_SIN_FROM_FORM
RT-b2b7c059c1	{{שרש3|ת|ב|ל}}	תבל	ת	ב	ל			3			False	False	False	False	False	False	False	False	False	False	False	False	False	False	False	False	False	C.C.C	strong	True	False	False	False	False	False	False	False	תבל	RG-b2b7c059c1	1	PIEL	hewiktionary	wikt:entry:p45283:r521854:o9322:t0	0.8	SILVER	TRADITIONAL_CLASS_NOT_STATED
RT-500acc0d68	{{שרש3|ת|ע|ב}}	תעב	ת	ע	ב			3			False	False	False	False	False	False	False	False	False	False	False	True	False	False	False	False	False	C.E.C	guttural_containing	False	False	False	False	False	False	True	False	תעב	RG-500acc0d68	1	PIEL	hewiktionary	wikt:entry:p62322:r510908:o1:t0	0.8	SILVER	TRADITIONAL_CLASS_NOT_STATED
RT-09f4609d71	{{שרש4|ת|ר|ג|ל}}	תרגל	ת	ר	ג	ל		4			False	False	False	False	False	False	False	False	False	False	False	False	False	True	False	False	False	C.R.C.C	quadriliteral	False	False	False	False	False	False	False	True	תרגל	RG-09f4609d71	1	PIEL	hewiktionary	wikt:entry:p53672:r494640:o0:t0	0.8	SILVER	TRADITIONAL_CLASS_NOT_STATED
RT-b0bd6eef3f	{{שרש3|ת|א|ר}}, [[נספח:גזרת השלמים|גזרת השלמים]]	תאר	ת	א	ר			3	SHLEMIM	גזרת השלמים	False	False	False	False	False	False	False	False	False	False	False	True	False	True	False	False	False	C.A.R	guttural_containing	False	False	False	False	False	False	True	False	תאר	RG-b0bd6eef3f	1	PIEL	hewiktionary	wikt:entry:p19325:r522109:o2936:t0	0.8	SILVER	
RT-9f20cd4871	{{שרש3|ת|ב|ע}}	תבע	ת	ב	ע			3			False	False	False	False	False	False	False	False	False	False	False	False	True	False	False	False	False	C.C.E	guttural_containing	False	False	False	False	False	False	True	False	תבע	RG-9f20cd4871	1	PAAL	hewiktionary	wikt:entry:p26137:r494691:o0:t0	0.8	SILVER	TRADITIONAL_CLASS_NOT_STATED
RT-44b2efc88c	{{שרש3|ת|פ|ר}}, [[גזרת השלמים]]	תפר	ת	פ	ר			3	SHLEMIM	גזרת השלמים	False	False	False	False	False	False	False	False	False	False	False	False	False	True	False	False	False	C.C.R	strong	True	False	False	False	False	False	False	False	תפר	RG-44b2efc88c	2	PAAL|PIEL	hewiktionary	wikt:entry:p44549:r511324:o2643:t0|wikt:entry:p44549:r511324:o30:t0	0.8	SILVER	
RT-e784e719a6	{{שרש3|ת|ו|ר}}	תור	ת	ו	ר			3			False	False	False	False	False	True	False	False	False	False	False	False	False	True	False	False	True	C.W.R	hollow_candidate	False	False	True	False	False	False	False	False	תור	RG-e784e719a6	1	PAAL	hewiktionary	wikt:conj:p43509:r494327:t0:קל עבר|wikt:conj:p43509:r494327:t0:קל שם הפועל|wikt:entry:p57325:r522257:o0:t0	0.988	GOLD	TRADITIONAL_CLASS_NOT_STATED
RT-c17af85e34	{{שרש3|ת|ר|ם}}	תרמ	ת	ר	מ			3			False	False	False	False	False	False	False	False	False	False	False	False	False	True	False	False	False	C.R.C	strong	True	False	False	False	False	False	False	False	תרמ	RG-c17af85e34	1	PAAL	hewiktionary	wikt:conj:p13379:r431716:t0:קל עבר|wikt:conj:p13379:r431716:t0:קל שם הפועל|wikt:entry:p52528:r519640:o0:t0	0.988	GOLD	TRADITIONAL_CLASS_NOT_STATED
RT-79a718adb3	{{שרש|אבזר|א־ב־ז־ר}}, מרובעים	אבזר	א	ב	ז	ר		4	QUADRILITERAL	מרובעים	False	False	False	True	False	False	False	False	False	False	True	False	False	True	False	False	True	A.C.C.R	quadriliteral	False	False	False	False	False	False	True	True	אבזר	RG-79a718adb3	1	PIEL	hewiktionary	wikt:entry:p8480:r513694:o1478:t0	0.8	SILVER	
RT-8c6a37f6cb	{{שרש|אדה|א־ד־ה}} נחי פ״א ונחי ל״ה	אדה	א	ד	ה			3	LAMED_YOD_HE	"נחי פ""א ונחי ל""ה"	False	False	False	True	False	False	True	False	False	True	True	False	True	False	False	False	True	A.C.H	final_he	False	True	False	False	False	False	True	False	אדה	RG-8c6a37f6cb	1	PIEL	hewiktionary	wikt:entry:p1237:r478277:o0:t0	0.8	SILVER	
RT-68e78e1d74	{{שרש3|א|ח|ר}}	אחר	א	ח	ר			3			False	False	False	True	False	False	False	False	False	False	True	True	False	True	False	False	True	A.X.R	initial_alef	False	False	False	False	False	False	True	False	אחר	RG-68e78e1d74	2	PAAL|PIEL	hewiktionary	wikt:entry:p53659:r519121:o3419:t0|wikt:entry:p53659:r519121:o3882:t0|wikt:entry:p53659:r519121:o5355:t0	0.96	SILVER	TRADITIONAL_CLASS_NOT_STATED
RT-996e839e41	{{שרש3|א|י|ם}}, [[גזרת השלמים]]	אימ	א	י	מ			3	SHLEMIM	גזרת השלמים	False	False	False	True	True	False	False	False	False	False	True	False	False	False	False	False	True	A.Y.C	hollow_candidate	False	False	True	False	False	False	True	False	אימ	RG-996e839e41	1	PIEL	hewiktionary	wikt:entry:p29680:r520534:o0:t0	0.8	SILVER	
RT-2e46592219	{{שרש3|א|ל|ף|גזרה=השלמים}}	אלפ	א	ל	פ			3			False	False	False	True	False	False	False	False	False	False	True	False	False	False	False	False	True	A.C.C	initial_alef	False	False	False	False	False	False	True	False	אלפ	RG-2e46592219	1	PIEL	hewiktionary	wikt:entry:p14899:r514066:o74:t0	0.8	SILVER	TRADITIONAL_CLASS_NOT_STATED
RT-0f504e79bf	{{שרש3|א|מ|ץ}}	אמצ	א	מ	צ			3			False	False	False	True	False	False	False	False	False	False	True	False	False	False	False	False	True	A.C.C	initial_alef	False	False	False	False	False	False	True	False	אמצ	RG-0f504e79bf	2	HITPAEL|PIEL	hewiktionary	wikt:entry:p23605:r384188:o0:t0|wikt:entry:p9120:r519257:o1343:t0	0.8	SILVER	TRADITIONAL_CLASS_NOT_STATED
RT-ed7ce174a1	{{שרש3|א|שׁ|ר|גזרה=השלמים}}	אשׁר	א	ש	ר			3			False	False	False	True	False	False	False	False	False	False	True	False	False	True	False	False	True	A.C.R	initial_alef	False	False	False	False	False	False	True	False	אשר	RG-a8a656b62c	2	HITPAEL|PIEL	hewiktionary	wikt:entry:p58534:r414246:o0:t0|wikt:entry:p9122:r516945:o3174:t0|wikt:entry:p9122:r516945:o4762:t0	0.96	SILVER	TRADITIONAL_CLASS_NOT_STATED
RT-2a723334d2	{{שרש3|א|ב|ל}}	אבל	א	ב	ל			3			False	False	False	True	False	False	False	False	False	False	True	False	False	False	False	False	True	A.C.C	initial_alef	False	False	False	False	False	False	True	False	אבל	RG-2a723334d2	1	PAAL	hewiktionary	wikt:entry:p8972:r466680:o3534:t0	0.8	SILVER	TRADITIONAL_CLASS_NOT_STATED
RT-3c9fe32bc1	"{{שרש3|א|ב|ה}},[[גזרת נפ""א]] ו[[גזרת נל""י/ה]]"	אבה	א	ב	ה			3	LAMED_YOD_HE+PE_ALEF	"גזרת נפ""א ; גזרת נל""י/ה"	False	False	False	True	False	False	True	False	False	True	True	False	True	False	False	False	True	A.C.H	final_he	False	True	False	False	False	False	True	False	אבה	RG-3c9fe32bc1	1	PAAL	hewiktionary	wikt:conj:p16603:r516507:t0:קל עבר|wikt:conj:p16603:r516507:t0:קל שם הפועל|wikt:entry:p6687:r516521:o0:t0	0.988	GOLD	
RT-062f24eb61	{{שרש3|א|ה|ד}}	אהד	א	ה	ד			3			False	False	False	True	False	False	False	False	False	False	True	True	False	False	False	False	True	A.H.C	initial_alef	False	False	False	False	False	False	True	False	אהד	RG-062f24eb61	1	PAAL	hewiktionary	wikt:entry:p54399:r521196:o0:t0	0.8	SILVER	TRADITIONAL_CLASS_NOT_STATED
RT-accf9f3965	{{שרש3|א|ז|ל}}	אזל	א	ז	ל			3			False	False	False	True	False	False	False	False	False	False	True	False	False	False	False	False	True	A.C.C	initial_alef	False	False	False	False	False	False	True	False	אזל	RG-accf9f3965	1	PAAL	hewiktionary	wikt:entry:p53456:r474689:o96:t0	0.8	SILVER	TRADITIONAL_CLASS_NOT_STATED
RT-96d448a7eb	{{שרש3|א|מ|ד}}	אמד	א	מ	ד			3			False	False	False	True	False	False	False	False	False	False	True	False	False	False	False	False	True	A.C.C	initial_alef	False	False	False	False	False	False	True	False	אמד	RG-96d448a7eb	1	PAAL	hewiktionary	wikt:entry:p52898:r500489:o3:t0	0.8	SILVER	TRADITIONAL_CLASS_NOT_STATED
RT-80d7c0c687	"{{שרש|אנס|א־נ־ס}}, שלמים פ""ג"	אנס	א	נ	ס			3	SHLEMIM	"שלמים פ""ג"	False	False	False	True	False	False	False	False	False	False	True	False	False	False	False	False	True	A.N.C	initial_alef	False	False	False	False	False	False	True	False	אנס	RG-80d7c0c687	2	NIFAL|PAAL	hewiktionary	wikt:conj:p18087:r389066:t0:נפעל עבר|wikt:conj:p18087:r389066:t0:קל עבר|wikt:entry:p60796:r516864:o1:t0|wikt:entry:p7492:r514033:o1597:t0	0.96	SILVER	
RT-9127bc741e	"{{שרש|אסף|א־ס־ף}},  [[גזרת השלמים]], [[פ""ג]]"	אספ	א	ס	פ			3	SHLEMIM	גזרת השלמים	False	False	False	True	False	False	False	False	False	False	True	False	False	False	False	False	True	A.C.C	initial_alef	False	False	False	False	False	False	True	False	אספ	RG-9127bc741e	2	HITPAEL|PAAL	hewiktionary	wikt:conj:p56612:r385324:t0:התפעל עבר|wikt:conj:p56612:r385324:t0:התפעל שם הפועל|wikt:conj:p56612:r385324:t0:קל עבר|wikt:entry:p13879:r520587:o91:t0	0.96	SILVER	
RT-a0c8ef900f	{{שרש3|א|ס|ר}}	אסר	א	ס	ר			3			False	False	False	True	False	False	False	False	False	False	True	False	False	True	False	False	True	A.C.R	initial_alef	False	False	False	False	False	False	True	False	אסר	RG-a0c8ef900f	1	PAAL	hewiktionary	wikt:entry:p50431:r512095:o17:t0	0.8	SILVER	TRADITIONAL_CLASS_NOT_STATED
RT-ba717fa707	"{{שרש3|א|פ|ה|א|גזרה=נפ""א}} ו[[גזרת נל""י/ה]]"	אפה	א	פ	ה			3	LAMED_YOD_HE	"גזרת נל""י/ה"	False	False	False	True	False	False	True	False	False	True	True	False	True	False	False	False	True	A.C.H	final_he	False	True	False	False	False	False	True	False	אפה	RG-ba717fa707	1	PAAL	hewiktionary	wikt:conj:p30420:r294344:t0:קל עבר|wikt:conj:p30420:r294344:t0:קל שם הפועל|wikt:entry:p30416:r455416:o0:t0	0.988	SILVER	
RT-eb23769807	{{שרש3|א|ר|ב}}	ארב	א	ר	ב			3			False	False	False	True	False	False	False	False	False	False	True	False	False	True	False	False	True	A.R.C	initial_alef	False	False	False	False	False	False	True	False	ארב	RG-eb23769807	1	PAAL	hewiktionary	wikt:conj:p32737:r264969:t0:קל עבר|wikt:conj:p32737:r264969:t0:קל שם הפועל|wikt:entry:p54307:r512152:o0:t0	0.988	GOLD	TRADITIONAL_CLASS_NOT_STATED
RT-3cd61da61c	{{שרש3|א|ר|ז}}	ארז	א	ר	ז			3			False	False	False	True	False	False	False	False	False	False	True	False	False	True	False	False	True	A.R.C	initial_alef	False	False	False	False	False	False	True	False	ארז	RG-3cd61da61c	1	PAAL	hewiktionary	wikt:entry:p19194:r512447:o3841:t0	0.8	SILVER	TRADITIONAL_CLASS_NOT_STATED
RT-3a80f107fe	{{שרש3|א|ר|ח|גזרה=השלמים}}	ארח	א	ר	ח			3			False	False	False	True	False	False	False	False	False	False	True	False	True	True	False	False	True	A.R.X	initial_alef	False	False	False	False	False	False	True	False	ארח	RG-3a80f107fe	2	PAAL|PIEL	hewiktionary	wikt:entry:p15027:r521125:o2491:t0|wikt:entry:p15027:r521125:o3078:t0	0.8	SILVER	TRADITIONAL_CLASS_NOT_STATED
RT-719c2eea4c	א־ב־ח־ן	אבחנ	א	ב	ח	נ		4			False	False	False	True	False	False	False	False	False	False	True	False	True	False	False	False	True	A.C.X.N	quadriliteral	False	False	False	False	False	False	True	True	אבחנ	RG-719c2eea4c	1	PUAL	hewiktionary	wikt:conj:p52543:r486915:t0:פועל עבר	0.8	SILVER	TRADITIONAL_CLASS_NOT_STATED
RT-424bcd663a	{{שרש4|א|מ|ל|ל}}	אמלל	א	מ	ל	ל		4			False	False	False	True	False	False	False	False	False	False	True	False	False	False	False	False	True	A.C.C.C	quadriliteral	False	False	False	False	False	False	True	True	אמלל	RG-424bcd663a	2	PIEL|PUAL	hewiktionary	wikt:entry:p46534:r516133:o0:t0|wikt:entry:p46534:r516133:o3032:t0	0.8	SILVER	TRADITIONAL_CLASS_NOT_STATED
RT-8a48fd2611	"{{שרש3|א|ו|ר||גזרה=נע""ו/י}}"	אור	א	ו	ר			3	AYIN_WAW_YOD	"גזרת נע""ו/י"	False	False	False	True	False	True	False	False	False	False	True	False	False	True	False	False	True	A.W.R	hollow_candidate	False	False	True	False	False	False	True	False	אור	RG-8a48fd2611	3	HIFIL|PAAL|PIEL	hewiktionary	wikt:conj:p31944:r408780:t0:הפעיל עבר|wikt:conj:p31944:r408780:t0:הפעיל שם הפועל|wikt:conj:p31944:r408780:t0:פיעל עבר|wikt:conj:p31944:r408780:t0:קל עבר|wikt:entry:p1932:r522170:o3929:t0|wikt:entry:p31947:r496031:o0:t0|wikt:entry:p5848:r514946:o1615:t0	0.988	GOLD	
RT-212f9c7252	א־ת־ת	אתת	א	ת	ת			3			False	False	False	True	False	False	False	False	False	False	True	False	False	False	True	False	True	A.C.C+GEM	geminate	False	False	False	False	False	True	True	False	אתת	RG-212f9c7252	1	PIEL	hewiktionary	wikt:conj:p56185:r380736:t0:פיעל עבר|wikt:conj:p56185:r380736:t0:פיעל שם הפועל	0.94	SILVER	TRADITIONAL_CLASS_NOT_STATED
RT-bc33dc636d	{{שרש3|ב|ד|ח}}	בדח	ב	ד	ח			3			False	False	False	False	False	False	False	False	False	False	False	False	True	False	False	False	False	C.C.X	guttural_containing	False	False	False	False	False	False	True	False	בדח	RG-bc33dc636d	1	PIEL	hewiktionary	wikt:entry:p55575:r522565:o0:t0	0.8	SILVER	TRADITIONAL_CLASS_NOT_STATED
RT-9bd80e0705	{{שרש3|ב|ד|ל}}, גזרת השלמים	בדל	ב	ד	ל			3	SHLEMIM	גזרת השלמים	False	False	False	False	False	False	False	False	False	False	False	False	False	False	False	False	False	C.C.C	strong	True	False	False	False	False	False	False	False	בדל	RG-9bd80e0705	4	HIFIL|NIFAL|PAAL|PIEL	hewiktionary	wikt:conj:p45360:r497783:t0:הפעיל עבר|wikt:conj:p45360:r497783:t0:הפעיל שם הפועל|wikt:conj:p45360:r497783:t0:נפעל עבר|wikt:conj:p45360:r497783:t0:פיעל עבר|wikt:conj:p45360:r497783:t0:פיעל שם הפועל|wikt:conj:p45360:r497783:t0:קל עבר|wikt:entry:p18712:r327262:o0:t0|wikt:entry:p20672:r398639:o1425:t0|wikt:entry:p20672:r398639:o940:t0	0.988	GOLD	
RT-9e6e0945ac	{{שרש4|ב|ז|ב|ז}}	בזבז	ב	ז	ב	ז		4			False	False	False	False	False	False	False	False	False	False	False	False	False	False	False	True	False	C.C.C.C	quadriliteral	False	False	False	False	False	False	False	True	בזבז	RG-9e6e0945ac	1	PIEL	hewiktionary	wikt:entry:p53857:r513531:o0:t0	0.8	SILVER	TRADITIONAL_CLASS_NOT_STATED
RT-11c72b4478	{{שרש3|ב|כ|ר||גזרה=השלמים}}	בכר	ב	כ	ר			3			False	False	False	False	False	False	False	False	False	False	False	False	False	True	False	False	False	C.C.R	strong	True	False	False	False	False	False	False	False	בכר	RG-11c72b4478	1	PIEL	hewiktionary	wikt:entry:p12369:r478621:o16:t0	0.8	SILVER	TRADITIONAL_CLASS_NOT_STATED
RT-f02a88ab37	{{שרש3|ב|צ|ע}}, [[גזרת השלמים]]	בצע	ב	צ	ע			3	SHLEMIM	גזרת השלמים	False	False	False	False	False	False	False	False	False	False	False	False	True	False	False	False	False	C.C.E	guttural_containing	False	False	False	False	False	False	True	False	בצע	RG-f02a88ab37	1	PIEL	hewiktionary	wikt:entry:p43459:r522343:o16:t0	0.8	SILVER	
RT-97980aa9f9	ב־ק־ע	בקע	ב	ק	ע			3			False	False	False	False	False	False	False	False	False	False	False	False	True	False	False	False	False	C.C.E	guttural_containing	False	False	False	False	False	False	True	False	בקע	RG-97980aa9f9	2	PAAL|PIEL	hewiktionary	wikt:conj:p52592:r318255:t0:פיעל עבר|wikt:conj:p52592:r318255:t0:פיעל שם הפועל|wikt:conj:p52592:r318255:t0:קל עבר|wikt:conj:p52592:r318255:t0:קל שם הפועל|wikt:entry:p52579:r510129:o0:t0	0.988	GOLD	TRADITIONAL_CLASS_NOT_STATED
RT-02c0c71ca9	{{שרש3|ב|ק|ש}}	בקשׁ	ב	ק	ש			3			False	False	False	False	False	False	False	False	False	False	False	False	False	False	False	False	False	C.C.C	strong	True	False	False	False	False	False	False	False	בקש	RG-3fd505ad27	1	PIEL	hewiktionary	wikt:entry:p51918:r518220:o0:t0	0.8	SILVER	SHIN_SIN_FROM_FORM|TRADITIONAL_CLASS_NOT_STATED
RT-f22bfbab3b	{{שרש|בשׂר א|ב־שׂ־ר <small>א</small>}}, שלמים	בשׂר	ב	ש	ר			3	SHLEMIM	שלמים	False	False	False	False	False	False	False	False	False	False	False	False	False	True	False	False	False	C.C.R	strong	True	False	False	False	False	False	False	False	בשר	RG-b3b8e9736e	2	HITPAEL|PIEL	hewiktionary	wikt:entry:p54534:r510260:o0:t0|wikt:entry:p54534:r510260:o920:t0|wikt:entry:p7539:r521753:o3362:t0	0.96	SILVER	
RT-238504167d	{{שרש3|ב|א|ר}}	באר	ב	א	ר			3			False	False	False	False	False	False	False	False	False	False	False	True	False	True	False	False	False	C.A.R	guttural_containing	False	False	False	False	False	False	True	False	באר	RG-238504167d	1	PIEL	hewiktionary	wikt:entry:p16720:r508406:o2207:t0	0.8	SILVER	TRADITIONAL_CLASS_NOT_STATED
RT-63d608cb18	{{שרש3|ב|ר|ך}}	ברכ	ב	ר	כ			3			False	False	False	False	False	False	False	False	False	False	False	False	False	True	False	False	False	C.R.C	strong	True	False	False	False	False	False	False	False	ברכ	RG-63d608cb18	2	PIEL|PUAL	hewiktionary	wikt:conj:p23610:r520796:t0:פועל עבר|wikt:conj:p23610:r520796:t0:פיעל עבר|wikt:conj:p23610:r520796:t0:פיעל שם הפועל|wikt:entry:p19551:r522199:o2045:t0	0.988	GOLD	TRADITIONAL_CLASS_NOT_STATED
RT-800815ca69	"{{שרש3|ב|ו|ז|גזרה=נע""ו/י}}"	בוז	ב	ו	ז			3			False	False	False	False	False	True	False	False	False	False	False	False	False	False	False	False	True	C.W.C	hollow_candidate	False	False	True	False	False	False	False	False	בוז	RG-800815ca69	1	PAAL	hewiktionary	wikt:entry:p29277:r518082:o2682:t0	0.8	SILVER	TRADITIONAL_CLASS_NOT_STATED
RT-815a4614ce	{{שרש3|ב|ל|ם}}	בלמ	ב	ל	מ			3			False	False	False	False	False	False	False	False	False	False	False	False	False	False	False	False	False	C.C.C	strong	True	False	False	False	False	False	False	False	בלמ	RG-815a4614ce	1	PAAL	hewiktionary	wikt:entry:p56215:r411255:o0:t0	0.8	SILVER	TRADITIONAL_CLASS_NOT_STATED
RT-3ccc422f89	"{{שרש3|ב|נ|ה}}, [[גזרת נל""י/ה]]"	בנה	ב	נ	ה			3	LAMED_YOD_HE	"גזרת נל""י/ה"	False	False	False	False	False	False	True	False	False	True	False	False	True	False	False	False	True	C.N.H	final_he	False	True	False	False	False	False	True	False	בנה	RG-3ccc422f89	2	NIFAL|PAAL	hewiktionary	wikt:conj:p17633:r414328:t0:נפעל עבר|wikt:conj:p17633:r414328:t0:נפעל שם הפועל|wikt:conj:p17633:r414328:t0:קל עבר|wikt:conj:p17633:r414328:t0:קל שם הפועל|wikt:entry:p33341:r353797:o24:t0	0.988	GOLD	
RT-8f13c01c1e	{{שרש3|ב|ע|ט}}	בעט	ב	ע	ט			3			False	False	False	False	False	False	False	False	False	False	False	True	False	False	False	False	False	C.E.C	guttural_containing	False	False	False	False	False	False	True	False	בעט	RG-8f13c01c1e	3	NIFAL|PAAL|PIEL	hewiktionary	wikt:entry:p56112:r518572:o1832:t0|wikt:entry:p56112:r518572:o86:t0|wikt:entry:p56114:r511298:o22:t0	0.8	SILVER	TRADITIONAL_CLASS_NOT_STATED
RT-9d31fc363d	"{{שרש3|ב|ע|ל}}, ע""ג"	בעל	ב	ע	ל			3	AYIN_GUTTURAL	"ע""ג"	False	False	False	False	False	False	False	False	False	False	False	True	False	False	False	False	False	C.E.C	guttural_containing	False	False	False	False	False	False	True	False	בעל	RG-9d31fc363d	2	HIFIL|PAAL	hewiktionary	wikt:entry:p23959:r516350:o5402:t0|wikt:entry:p58994:r423206:o0:t0	0.8	SILVER	
RT-04bd4c023c	{{שרש3|ב|ע|ר}}	בער	ב	ע	ר			3			False	False	False	False	False	False	False	False	False	False	False	True	False	True	False	False	False	C.E.R	guttural_containing	False	False	False	False	False	False	True	False	בער	RG-04bd4c023c	2	PAAL|PIEL	hewiktionary	wikt:entry:p50712:r493089:o0:t0|wikt:entry:p50712:r493089:o1162:t0	0.8	SILVER	TRADITIONAL_CLASS_NOT_STATED
RT-849ca7c092	"{{שרש3|ב|ר|א|א}}, [[גזרת נל""א]]"	ברא	ב	ר	א			3	LAMED_ALEF	"גזרת נל""א"	False	False	False	False	False	False	False	False	True	False	False	False	True	True	False	False	True	C.R.A	final_alef	False	False	False	False	False	False	True	False	ברא	RG-849ca7c092	2	HIFIL|PAAL	hewiktionary	wikt:entry:p20050:r510130:o2111:t0|wikt:entry:p20050:r510130:o77:t0|wikt:entry:p58550:r430517:o0:t0|wikt:entry:p58550:r430517:o1013:t0	0.96	SILVER	
RT-d288f3689e	{{שרש3|ב|ד|ד}}	בדד	ב	ד	ד			3			False	False	False	False	False	False	False	False	False	False	False	False	False	False	True	False	True	C.C.C+GEM	geminate	False	False	False	False	False	True	False	False	בדד	RG-d288f3689e	2	HITPAEL|PIEL	hewiktionary	wikt:conj:p32144:r266343:t0:התפעל עבר|wikt:conj:p32144:r266343:t0:התפעל שם הפועל|wikt:conj:p32144:r266343:t0:פיעל עבר|wikt:conj:p32144:r266343:t0:פיעל שם הפועל|wikt:entry:p50510:r509551:o1162:t0	0.988	GOLD	TRADITIONAL_CLASS_NOT_STATED
RT-4cb977353c	ב־ו־שׁ	בושׁ	ב	ו	ש			3	AYIN_WAW_YOD+SHLEMIM	"גזרת השלמים ; גזרת נע""ו\י"	False	False	False	False	False	True	False	False	False	False	False	False	False	False	False	False	True	C.W.C	hollow_candidate	False	False	True	False	False	False	False	False	בוש	RG-d3b787ae87	5	HIFIL|PAAL|PIEL|PUAL	hewiktionary	wikt:conj:p36949:r472078:t0:פועל עבר|wikt:conj:p36949:r472078:t0:פיעל עבר|wikt:conj:p36949:r472078:t0:קל שם הפועל|wikt:entry:p24869:r484327:o1177:t0|wikt:entry:p24869:r484327:o2171:t0|wikt:entry:p28848:r403676:o0:t0	0.96	SILVER	TRADITIONAL_CLASS_VARIES_ACROSS_ENTRIES
RT-c7e99cff77	{{שרש3|ג|ד|ל|גזרה=השלמים}}	גדל	ג	ד	ל			3			False	False	False	False	False	False	False	False	False	False	False	False	False	False	False	False	False	C.C.C	strong	True	False	False	False	False	False	False	False	גדל	RG-c7e99cff77	3	HIFIL|PAAL|PIEL	hewiktionary	wikt:conj:p32128:r266342:t0:הפעיל עבר|wikt:conj:p32128:r266342:t0:הפעיל שם הפועל|wikt:conj:p32128:r266342:t0:פיעל עבר|wikt:conj:p32128:r266342:t0:פיעל שם הפועל|wikt:conj:p32128:r266342:t0:קל עבר|wikt:conj:p32128:r266342:t0:קל שם הפועל|wikt:entry:p26963:r516954:o2807:t0|wikt:entry:p26963:r516954:o945:t0	0.988	GOLD	TRADITIONAL_CLASS_NOT_STATED
RT-0da5083513	ג־מ־ד	גמד	ג	מ	ד			3			False	False	False	False	False	False	False	False	False	False	False	False	False	False	False	False	False	C.C.C	strong	True	False	False	False	False	False	False	False	גמד	RG-0da5083513	1	PIEL	hewiktionary	wikt:conj:p17638:r76380:t0:פיעל עבר|wikt:conj:p17638:r76380:t0:פיעל שם הפועל	0.94	SILVER	TRADITIONAL_CLASS_NOT_STATED
RT-19f4f6034e	"{{שרש3|ג|נ|י}}, {{גזרה|נל""י/ה}}"	גני	ג	נ	י			3			False	False	False	False	False	False	False	True	False	False	False	False	False	False	False	False	True	C.N.Y	strong	False	False	False	False	False	False	False	False	גני	RG-19f4f6034e	2	PIEL|PUAL	hewiktionary	wikt:entry:p42892:r521229:o2315:t0|wikt:entry:p42892:r521229:o4638:t0	0.8	SILVER	TRADITIONAL_CLASS_NOT_STATED
RT-53e7bde65d	"{{שרש3|ג|ר|שׁ}}, [[גזרת השלמים]], [[ע""ג]]"	גרשׁ	ג	ר	ש			3	SHLEMIM	גזרת השלמים	False	False	False	False	False	False	False	False	False	False	False	False	False	True	False	False	False	C.R.C	strong	True	False	False	False	False	False	False	False	גרש	RG-30e9a0e570	3	HITPAEL|PIEL|PUAL	hewiktionary	wikt:conj:p31940:r320671:t0:התפעל עבר|wikt:conj:p31940:r320671:t0:התפעל שם הפועל|wikt:conj:p31940:r320671:t0:פועל עבר|wikt:conj:p31940:r320671:t0:פיעל עבר|wikt:entry:p27182:r511873:o1313:t0|wikt:entry:p27182:r511873:o2472:t0	0.96	GOLD	
RT-ab898a2be0	{{שרש3|ג|ר|ה}}	גרה	ג	ר	ה			3			False	False	False	False	False	False	True	False	False	True	False	False	True	True	False	False	True	C.R.H	final_he	False	True	False	False	False	False	True	False	גרה	RG-ab898a2be0	2	HITPAEL|PIEL	hewiktionary	wikt:entry:p52574:r398170:o0:t0|wikt:entry:p52575:r516924:o1687:t0	0.8	SILVER	TRADITIONAL_CLASS_NOT_STATED
RT-3d498b96a7	{{שרש3|ג|א|ל|א}}	גאל	ג	א	ל			3			False	False	False	False	False	False	False	False	False	False	False	True	False	False	False	False	False	C.A.C	guttural_containing	False	False	False	False	False	False	True	False	גאל	RG-3d498b96a7	2	PAAL|PIEL	hewiktionary	wikt:entry:p29345:r517504:o0:t0|wikt:entry:p29345:r517504:o2033:t0	0.8	SILVER	TRADITIONAL_CLASS_NOT_STATED
RT-d417a7c63f	{{שרש3|ג|ב|ר|גזרה=השלמים}}	גבר	ג	ב	ר			3			False	False	False	False	False	False	False	False	False	False	False	False	False	True	False	False	False	C.C.R	strong	True	False	False	False	False	False	False	False	גבר	RG-d417a7c63f	3	HIFIL|HUFAL|PAAL	hewiktionary	wikt:conj:p56461:r383241:t0:הופעל עבר|wikt:conj:p56461:r383241:t0:הפעיל עבר|wikt:conj:p56461:r383241:t0:הפעיל שם הפועל|wikt:conj:p56461:r383241:t0:קל עבר|wikt:entry:p1568:r519004:o83:t0	0.96	SILVER	TRADITIONAL_CLASS_NOT_STATED
RT-172405ae30	"{{שרש3|ג|ו|ז||גזרה=נע""ו/י}}"	גוז	ג	ו	ז			3	AYIN_WAW_YOD	"גזרת נע""ו/י"	False	False	False	False	False	True	False	False	False	False	False	False	False	False	False	False	True	C.W.C	hollow_candidate	False	False	True	False	False	False	False	False	גוז	RG-172405ae30	2	NIFAL|PAAL	hewiktionary	wikt:conj:p32462:r413994:t0:נפעל עבר|wikt:conj:p32462:r413994:t0:קל עבר|wikt:conj:p32462:r413994:t0:קל שם הפועל|wikt:entry:p18256:r499974:o0:t0|wikt:entry:p2208:r522220:o1549:t0	0.988	GOLD	
RT-e728c35de4	{{שרש3|ג|מ|ל|א|גזרה=השלמים}}	גמל	ג	מ	ל			3			False	False	False	False	False	False	False	False	False	False	False	False	False	False	False	False	False	C.C.C	strong	True	False	False	False	False	False	False	False	גמל	RG-e728c35de4	1	PAAL	hewiktionary	wikt:conj:p22208:r100856:t0:קל עבר|wikt:conj:p22208:r100856:t0:קל שם הפועל|wikt:conj:p22210:r100857:t0:קל עבר|wikt:conj:p22210:r100857:t0:קל שם הפועל|wikt:entry:p11858:r521112:o4666:t0|wikt:entry:p11858:r521112:o6395:t0	0.9999	GOLD	TRADITIONAL_CLASS_NOT_STATED
RT-1f4aab1b4c	{{שרש|גנז|ג־נ־ז}}, שלמים	גנז	ג	נ	ז			3	SHLEMIM	שלמים	False	False	False	False	False	False	False	False	False	False	False	False	False	False	False	False	False	C.N.C	strong	True	False	False	False	False	False	False	False	גנז	RG-1f4aab1b4c	1	PAAL	hewiktionary	wikt:conj:p22214:r100855:t0:קל עבר|wikt:conj:p22214:r100855:t0:קל שם הפועל|wikt:entry:p22177:r511269:o23:t0	0.988	GOLD	
RT-96f87a329a	"{{שרש|גור|ג־ו־ר}}, [[נספח:גזרת נע""ו/י|גזרת נע""ו/י]]"	גור	ג	ו	ר			3	AYIN_WAW_YOD	"גזרת נע""ו/י"	False	False	False	False	False	True	False	False	False	False	False	False	False	True	False	False	True	C.W.R	hollow_candidate	False	False	True	False	False	False	False	False	גור	RG-96f87a329a	3	HITPAEL|PAAL|PIEL	hewiktionary	wikt:conj:p31403:r402548:t0:התפעל עבר|wikt:conj:p31403:r402548:t0:פיעל עבר|wikt:conj:p31403:r402548:t0:קל עבר|wikt:conj:p31403:r402548:t0:קל שם הפועל|wikt:entry:p19739:r414421:o2175:t0|wikt:entry:p31401:r511173:o0:t0|wikt:entry:p9587:r510146:o3001:t0	0.988	GOLD	
RT-e5e3a2459e	{{שרש3|ג|ר|ב}}	גרב	ג	ר	ב			3			False	False	False	False	False	False	False	False	False	False	False	False	False	True	False	False	False	C.R.C	strong	True	False	False	False	False	False	False	False	גרב	RG-e5e3a2459e	1	PAAL	hewiktionary	wikt:entry:p17748:r519427:o2458:t0|wikt:entry:p17748:r519427:o2840:t0	0.96	SILVER	TRADITIONAL_CLASS_NOT_STATED
RT-7379cd92af	{{שרש3|ג|ר|ר}}	גרר	ג	ר	ר			3			False	False	False	False	False	False	False	False	False	False	False	False	False	True	True	False	True	C.R.R+GEM	geminate	False	False	False	False	False	True	False	False	גרר	RG-7379cd92af	1	PAAL	hewiktionary	wikt:entry:p55474:r519541:o0:t0	0.8	SILVER	TRADITIONAL_CLASS_NOT_STATED
RT-72dac1701a	ד־ג־ד־ג	דגדג	ד	ג	ד	ג		4			False	False	False	False	False	False	False	False	False	False	False	False	False	False	False	True	False	C.C.C.C	quadriliteral	False	False	False	False	False	False	False	True	דגדג	RG-72dac1701a	1	PIEL	hewiktionary	wikt:conj:p17639:r414693:t0:פיעל עבר|wikt:conj:p17639:r414693:t0:פיעל שם הפועל	0.94	SILVER	TRADITIONAL_CLASS_NOT_STATED
RT-052b8636cf	{{שרש4|ד|כ|ד|ך}}	דכדכ	ד	כ	ד	כ		4			False	False	False	False	False	False	False	False	False	False	False	False	False	False	False	True	False	C.C.C.C	quadriliteral	False	False	False	False	False	False	False	True	דכדכ	RG-052b8636cf	1	PIEL	hewiktionary	wikt:entry:p55573:r510180:o0:t0	0.8	SILVER	TRADITIONAL_CLASS_NOT_STATED
RT-39f97a5fbc	{{שרש3|ד|א|ג}}	דאג	ד	א	ג			3			False	False	False	False	False	False	False	False	False	False	False	True	False	False	False	False	False	C.A.C	guttural_containing	False	False	False	False	False	False	True	False	דאג	RG-39f97a5fbc	1	PAAL	hewiktionary	wikt:entry:p45708:r418061:o51:t0	0.3	QUESTIONABLE	TRADITIONAL_CLASS_NOT_STATED
RT-5375d9fe14	{{שרש3|ד|א|ה}}	דאה	ד	א	ה			3			False	False	False	False	False	False	True	False	False	True	False	True	True	False	False	False	True	C.A.H	final_he	False	True	False	False	False	False	True	False	דאה	RG-5375d9fe14	1	PAAL	hewiktionary	wikt:entry:p55395:r502339:o0:t0	0.8	SILVER	TRADITIONAL_CLASS_NOT_STATED
RT-c8b3a354dd	ד־ב־ק	דבק	ד	ב	ק			3	SHLEMIM	גזרת השלמים	False	False	False	False	False	False	False	False	False	False	False	False	False	False	False	False	False	C.C.C	strong	True	False	False	False	False	False	False	False	דבק	RG-c8b3a354dd	3	HIFIL|HUFAL|PAAL	hewiktionary	wikt:conj:p45634:r270874:t0:הופעל עבר|wikt:conj:p45634:r270874:t0:הפעיל עבר|wikt:conj:p45634:r270874:t0:קל עבר|wikt:conj:p45634:r270874:t0:קל שם הפועל|wikt:entry:p39133:r514816:o1809:t0|wikt:entry:p48354:r521355:o0:t0	0.96	SILVER	
RT-2b643eede0	{{שרש3|ד|ח|ף}}	דחפ	ד	ח	פ			3			False	False	False	False	False	False	False	False	False	False	False	True	False	False	False	False	False	C.X.C	guttural_containing	False	False	False	False	False	False	True	False	דחפ	RG-2b643eede0	1	PAAL	hewiktionary	wikt:entry:p41286:r519539:o15:t0	0.8	SILVER	TRADITIONAL_CLASS_NOT_STATED
RT-5909db7f59	"{{שרש3|ד|ח|ה}} פ""י"	דחה	ד	ח	ה			3		"פ""י"	False	False	False	False	False	False	True	False	False	True	False	True	True	False	False	False	True	C.X.H	final_he	False	True	False	False	False	False	True	False	דחה	RG-5909db7f59	2	NIFAL|PAAL	hewiktionary	wikt:conj:p56539:r384341:t0:נפעל עבר|wikt:conj:p56539:r384341:t0:נפעל שם הפועל|wikt:conj:p56539:r384341:t0:קל עבר|wikt:entry:p54748:r441143:o0:t0	0.96	SILVER	TRADITIONAL_CLASS_NOT_STATED|TRADITIONAL_CLASS_UNMAPPED_LABEL
RT-eb62bbbec7	"{{שרש3|ד|ו|ן}}, נחי ע""ו"	דונ	ד	ו	נ			3	AYIN_WAW_YOD	"נחי ע""ו"	False	False	False	False	False	True	False	False	False	False	False	False	False	False	False	False	True	C.W.N	hollow_candidate	False	False	True	False	False	False	False	False	דונ	RG-eb62bbbec7	2	NIFAL|PAAL	hewiktionary	wikt:conj:p20055:r508655:t0:נפעל עבר|wikt:conj:p20055:r508655:t0:קל עבר|wikt:conj:p20055:r508655:t0:קל שם הפועל|wikt:entry:p39974:r521973:o0:t0|wikt:entry:p6883:r520032:o0:t0	0.988	GOLD	
RT-59de8756f8	{{שרש3|ד|ר|ך|גזרה=השלמים}}	דרכ	ד	ר	כ			3			False	False	False	False	False	False	False	False	False	False	False	False	False	True	False	False	False	C.R.C	strong	True	False	False	False	False	False	False	False	דרכ	RG-59de8756f8	2	HIFIL|PAAL	hewiktionary	wikt:conj:p13383:r270884:t0:הפעיל עבר|wikt:conj:p13383:r270884:t0:הפעיל שם הפועל|wikt:conj:p13383:r270884:t0:קל עבר|wikt:conj:p13383:r270884:t0:קל שם הפועל|wikt:entry:p52390:r494998:o0:t0|wikt:entry:p9769:r509999:o4084:t0	0.988	GOLD	TRADITIONAL_CLASS_NOT_STATED
RT-6990c28288	{{שרש3|ד|ר|ס}}	דרס	ד	ר	ס			3			False	False	False	False	False	False	False	False	False	False	False	False	False	True	False	False	False	C.R.C	strong	True	False	False	False	False	False	False	False	דרס	RG-6990c28288	1	PAAL	hewiktionary	wikt:entry:p52031:r510190:o0:t0	0.8	SILVER	TRADITIONAL_CLASS_NOT_STATED
RT-22d9666463	"{{שרש3|ד|ו|שׁ}}, נחי ע""ו"	דושׁ	ד	ו	ש			3	AYIN_WAW_YOD	"נחי ע""ו"	False	False	False	False	False	True	False	False	False	False	False	False	False	False	False	False	True	C.W.C	hollow_candidate	False	False	True	False	False	False	False	False	דוש	RG-56ad40e87e	1	PAAL	hewiktionary	wikt:entry:p16845:r521393:o74:t0	0.8	SILVER	
RT-75dadc39f6	ב־ה־ר	בהר	ב	ה	ר			3			False	False	False	False	False	False	False	False	False	False	False	True	False	True	False	False	False	C.H.R	guttural_containing	False	False	False	False	False	False	True	False	בהר	RG-75dadc39f6	1	HIFIL	hewiktionary	wikt:conj:p56271:r520834:t0:הפעיל עבר|wikt:conj:p56271:r520834:t0:הפעיל שם הפועל	0.94	SILVER	TRADITIONAL_CLASS_NOT_STATED
RT-432e01dd60	{{שרש3|ג|ז|ם|גזרה=השלמים}}	גזמ	ג	ז	מ			3			False	False	False	False	False	False	False	False	False	False	False	False	False	False	False	False	False	C.C.C	strong	True	False	False	False	False	False	False	False	גזמ	RG-432e01dd60	2	HIFIL|PAAL	hewiktionary	wikt:conj:p56259:r413995:t0:קל עבר|wikt:conj:p56260:r380236:t0:הפעיל עבר|wikt:conj:p56260:r380236:t0:הפעיל שם הפועל|wikt:entry:p33862:r511082:o54:t0|wikt:entry:p45497:r426061:o0:t0	0.988	GOLD	TRADITIONAL_CLASS_NOT_STATED
RT-1818cdecdf	{{שרש4|ז|ע|ז|ע}}, [[גזרת המרובעים]]	זעזע	ז	ע	ז	ע		4	QUADRILITERAL	גזרת המרובעים	False	False	False	False	False	False	False	False	False	False	False	True	False	False	False	True	False	C.E.C.E	quadriliteral	False	False	False	False	False	False	True	True	זעזע	RG-1818cdecdf	2	HITPAEL|PIEL	hewiktionary	wikt:entry:p40504:r360539:o0:t0|wikt:entry:p54375:r522412:o0:t0	0.5	SILVER	
RT-eab9baa22e	י־ז־ע	יזע	י	ז	ע			3			False	True	False	False	False	False	False	False	False	False	False	False	True	False	False	False	True	Y.C.E	initial_yod_waw	False	False	False	False	True	False	True	False	יזע	RG-eab9baa22e	1	HIFIL	hewiktionary	wikt:conj:p31617:r321556:t0:הפעיל עבר|wikt:conj:p31617:r321556:t0:הפעיל שם הפועל	0.94	SILVER	TRADITIONAL_CLASS_NOT_STATED
RT-d863081d22	"{{שרש3|נ|ז|ק}}, [[גזרת חפ""נ]]"	נזק	נ	ז	ק			3	PE_NUN	"גזרת חפ""נ"	True	False	False	False	False	False	False	False	False	False	False	False	False	False	False	False	True	N.C.C	initial_nun	False	False	False	True	False	False	False	False	נזק	RG-d863081d22	1	HIFIL	hewiktionary	wikt:conj:p30862:r421754:t0:הפעיל עבר|wikt:conj:p30862:r421754:t0:הפעיל שם הפועל|wikt:entry:p30860:r361111:o0:t0	0.988	GOLD	
RT-f31fe74c2a	ט־ה־ר	טהר	ט	ה	ר			3			False	False	False	False	False	False	False	False	False	False	False	True	False	True	False	False	False	C.H.R	guttural_containing	False	False	False	False	False	False	True	False	טהר	RG-f31fe74c2a	2	HITPAEL|PIEL	hewiktionary	wikt:conj:p56331:r448139:t0:התפעל עבר|wikt:conj:p56331:r448139:t0:פיעל עבר|wikt:entry:p52472:r509791:o20:t0	0.96	SILVER	TRADITIONAL_CLASS_NOT_STATED
RT-305ca6931b	ט־נ־ף	טנפ	ט	נ	פ			3			False	False	False	False	False	False	False	False	False	False	False	False	False	False	False	False	False	C.N.C	strong	True	False	False	False	False	False	False	False	טנפ	RG-305ca6931b	3	HITPAEL|PIEL|PUAL	hewiktionary	wikt:conj:p32779:r266394:t0:התפעל עבר|wikt:conj:p32779:r266394:t0:התפעל שם הפועל|wikt:conj:p32779:r266394:t0:פועל עבר|wikt:conj:p32779:r266394:t0:פיעל עבר|wikt:conj:p32779:r266394:t0:פיעל שם הפועל|wikt:entry:p51284:r510342:o0:t0	0.988	GOLD	TRADITIONAL_CLASS_NOT_STATED
RT-3ffba2d61a	כ־ע־ס	כעס	כ	ע	ס			3			False	False	False	False	False	False	False	False	False	False	False	True	False	False	False	False	False	C.E.C	guttural_containing	False	False	False	False	False	False	True	False	כעס	RG-3ffba2d61a	3	HIFIL|PAAL|PIEL	hewiktionary	wikt:conj:p57622:r398414:t0:הפעיל עבר|wikt:conj:p57622:r398414:t0:הפעיל שם הפועל|wikt:conj:p57622:r398414:t0:פיעל עבר|wikt:conj:p57622:r398414:t0:קל עבר|wikt:entry:p10861:r519584:o1956:t0|wikt:entry:p10861:r519584:o2844:t0	0.96	SILVER	TRADITIONAL_CLASS_NOT_STATED
RT-99973d6b33	{{שרש3|כ|ר|ז}}	כרז	כ	ר	ז			3			False	False	False	False	False	False	False	False	False	False	False	False	False	True	False	False	False	C.R.C	strong	True	False	False	False	False	False	False	False	כרז	RG-99973d6b33	2	HIFIL|PAAL	hewiktionary	wikt:conj:p45434:r441012:t0:הפעיל עבר|wikt:conj:p45434:r441012:t0:הפעיל שם הפועל|wikt:conj:p45434:r441012:t0:קל עבר|wikt:entry:p53962:r510393:o0:t0|wikt:entry:p59354:r519992:o0:t0	0.988	GOLD	TRADITIONAL_CLASS_NOT_STATED
RT-ca4f9bcb1d	{{שרש3|כ|ר|ח|גזרה=השלמים}}	כרח	כ	ר	ח			3			False	False	False	False	False	False	False	False	False	False	False	False	True	True	False	False	False	C.R.X	guttural_containing	False	False	False	False	False	False	True	False	כרח	RG-ca4f9bcb1d	1	HIFIL	hewiktionary	wikt:conj:p45425:r321432:t0:הפעיל עבר|wikt:conj:p45425:r321432:t0:הפעיל שם הפועל|wikt:entry:p45428:r520320:o0:t0	0.988	SILVER	TRADITIONAL_CLASS_NOT_STATED
RT-ead0f67c63	{{שרש3|נ|כ|ה}}	נכה	נ	כ	ה			3	LAMED_YOD_HE+PE_NUN	"גזרת חפ""נ ; גזרת נל""י/ה"	True	False	False	False	False	False	True	False	False	True	False	False	True	False	False	False	True	N.C.H	final_he	False	True	False	True	False	False	True	False	נכה	RG-ead0f67c63	5	HIFIL|HUFAL|NIFAL|PIEL|PUAL	hewiktionary	wikt:conj:p32643:r301996:t0:הופעל עבר|wikt:conj:p32643:r301996:t0:הפעיל עבר|wikt:conj:p32643:r301996:t0:הפעיל שם הפועל|wikt:conj:p32643:r301996:t0:נפעל עבר|wikt:conj:p32643:r301996:t0:פועל עבר|wikt:conj:p32643:r301996:t0:פיעל עבר|wikt:entry:p22422:r475472:o0:t0|wikt:entry:p22422:r475472:o1266:t0|wikt:entry:p22422:r475472:o569:t0|wikt:entry:p54511:r516961:o0:t0|wikt:entry:p54511:r516961:o2976:t0	0.9984	GOLD	
RT-5c2a1471bf	{{שרש3|ה|ל|ל|א}}	הלל	ה	ל	ל			3	AYIN_AYIN	גזרת הכפולים ; כפולים	False	False	False	False	False	False	False	False	False	False	True	False	False	False	True	False	True	H.C.C+GEM	geminate	False	False	False	False	False	True	True	False	הלל	RG-5c2a1471bf	4	?|HIFIL|PAAL|PUAL	hewiktionary	wikt:conj:p30880:r161574:t0:הפעיל עבר|wikt:conj:p30880:r161574:t0:קל עבר|wikt:conj:p60277:r516663:t0:פועל עבר|wikt:conj:p60277:r516663:t0:פיעל עבר|wikt:conj:p60277:r516663:t0:פיעל שם הפועל|wikt:conj:p60277:r516663:t0:קל עבר|wikt:entry:p13014:r519653:o3655:t0|wikt:entry:p13014:r519653:o4071:t0|wikt:entry:p13014:r519653:o70:t0|wikt:entry:p13140:r429046:o21:t0	0.992	SILVER	
RT-75bdf02695	{{שרש4|ה|מ|ה|ם}}	המהמ	ה	מ	ה	מ		4			False	False	False	False	False	False	True	False	False	False	True	False	True	False	False	True	True	H.C.H.C	quadriliteral	False	False	False	False	False	False	True	True	המהמ	RG-75bdf02695	1	PIEL	hewiktionary	wikt:entry:p58723:r418035:o0:t0	0.8	SILVER	TRADITIONAL_CLASS_NOT_STATED
RT-99c7d6c802	{{שרש3|ס|כ|ם א}}	סכמ	ס	כ	מ			3			False	False	False	False	False	False	False	False	False	False	False	False	False	False	False	False	False	C.C.C	strong	True	False	False	False	False	False	False	False	סכמ	RG-99c7d6c802	4	HIFIL|HUFAL|PAAL|PIEL	hewiktionary	wikt:entry:p22651:r450533:o477:t0|wikt:entry:p22651:r450533:o96:t0|wikt:entry:p57761:r402295:o2:t0|wikt:entry:p57769:r402082:o0:t0	0.8	SILVER	TRADITIONAL_CLASS_NOT_STATED
RT-a887a3bb00	ס-כ-ל	סכל	ס	כ	ל			3	SHLEMIM	שלמים	False	False	False	False	False	False	False	False	False	False	False	False	False	False	False	False	False	C.C.C	strong	True	False	False	False	False	False	False	False	סכל	RG-a887a3bb00	5	HIFIL|HITPAEL|NIFAL|PIEL|PUAL	hewiktionary	wikt:conj:p20098:r249067:t0:הפעיל עבר|wikt:conj:p20098:r249067:t0:התפעל עבר|wikt:conj:p20098:r249067:t0:התפעל שם הפועל|wikt:conj:p20098:r249067:t0:נפעל עבר|wikt:conj:p20098:r249067:t0:פועל עבר|wikt:conj:p20098:r249067:t0:פיעל עבר|wikt:entry:p7825:r329687:o0:t0|wikt:entry:p7826:r507048:o23:t0|wikt:entry:p7830:r519339:o1378:t0|wikt:entry:p7830:r519339:o1769:t0	0.96	SILVER	
RT-6af2f2d058	{{שרש3|פ|ג|ן}}	פגנ	פ	ג	נ			3			False	False	False	False	False	False	False	False	False	False	False	False	False	False	False	False	False	C.C.N	strong	True	False	False	False	False	False	False	False	פגנ	RG-6af2f2d058	1	HIFIL	hewiktionary	wikt:entry:p51325:r495059:o0:t0	0.8	SILVER	TRADITIONAL_CLASS_NOT_STATED
RT-bcd9fc1e5d	פ־ח־ת	פחת	פ	ח	ת			3			False	False	False	False	False	False	False	False	False	False	False	True	False	False	False	False	False	C.X.C	guttural_containing	False	False	False	False	False	False	True	False	פחת	RG-bcd9fc1e5d	3	HIFIL|PAAL|PIEL	hewiktionary	wikt:conj:p56990:r389538:t0:הפעיל עבר|wikt:conj:p56990:r389538:t0:הפעיל שם הפועל|wikt:conj:p56990:r389538:t0:פיעל עבר|wikt:conj:p56990:r389538:t0:קל עבר|wikt:entry:p56983:r512183:o360:t0|wikt:entry:p56983:r512183:o66:t0	0.96	SILVER	TRADITIONAL_CLASS_NOT_STATED
RT-7156330803	{{שרש3|פ|ט|ר}}	פטר	פ	ט	ר			3	SHLEMIM	שלמים	False	False	False	False	False	False	False	False	False	False	False	False	False	True	False	False	False	C.C.R	strong	True	False	False	False	False	False	False	False	פטר	RG-7156330803	6	HIFIL|HITPAEL|NIFAL|PAAL|PIEL|PUAL	hewiktionary	wikt:conj:p20112:r85426:t0:הפעיל עבר|wikt:conj:p20112:r85426:t0:הפעיל שם הפועל|wikt:conj:p20112:r85426:t0:התפעל עבר|wikt:conj:p20112:r85426:t0:התפעל שם הפועל|wikt:conj:p20112:r85426:t0:נפעל עבר|wikt:conj:p20112:r85426:t0:נפעל שם הפועל|wikt:conj:p20112:r85426:t0:פועל עבר|wikt:conj:p20112:r85426:t0:פיעל עבר|wikt:conj:p20112:r85426:t0:פיעל שם הפועל|wikt:conj:p20112:r85426:t0:קל עבר|wikt:conj:p20112:r85426:t0:קל שם הפועל|wikt:entry:p11447:r413446:o0:t0|wikt:entry:p41438:r519178:o2520:t0|wikt:entry:p41438:r519178:o3038:t0|wikt:entry:p41438:r519178:o4288:t0|wikt:entry:p51304:r474897:o0:t0|wikt:entry:p51314:r495297:o0:t0	0.9976	GOLD	
RT-ffbf745426	פ־ס־ק	פסק	פ	ס	ק			3			False	False	False	False	False	False	False	False	False	False	False	False	False	False	False	False	False	C.C.C	strong	True	False	False	False	False	False	False	False	פסק	RG-ffbf745426	4	HIFIL|HUFAL|PAAL|PIEL	hewiktionary	wikt:conj:p60253:r441450:t0:הופעל עבר|wikt:conj:p60253:r441450:t0:הפעיל עבר|wikt:conj:p60253:r441450:t0:הפעיל שם הפועל|wikt:conj:p60253:r441450:t0:פיעל עבר|wikt:conj:p60253:r441450:t0:קל עבר|wikt:entry:p36735:r482993:o748:t0|wikt:entry:p55528:r517862:o0:t0|wikt:entry:p55528:r517862:o698:t0	0.96	SILVER	TRADITIONAL_CLASS_NOT_STATED
RT-a5dabf99bf	{{שרש3|פ|ע|ל}}, [[גזרת השלמים]]	פעל	פ	ע	ל			3	SHLEMIM	גזרת השלמים	False	False	False	False	False	False	False	False	False	False	False	True	False	False	False	False	False	C.E.C	guttural_containing	False	False	False	False	False	False	True	False	פעל	RG-a5dabf99bf	3	HIFIL|HITPAEL|PAAL	hewiktionary	wikt:entry:p15207:r512291:o595:t0|wikt:entry:p22260:r520188:o0:t0|wikt:entry:p30863:r500022:o1740:t0	0.8	SILVER	
RT-76517d5ca5	פ־ר־ע	פרע	פ	ר	ע			3			False	False	False	False	False	False	False	False	False	False	False	False	True	True	False	False	False	C.R.E	guttural_containing	False	False	False	False	False	False	True	False	פרע	RG-76517d5ca5	3	HIFIL|HITPAEL|PAAL	hewiktionary	wikt:conj:p15005:r270885:t0:הפעיל עבר|wikt:conj:p15005:r270885:t0:הפעיל שם הפועל|wikt:conj:p15005:r270885:t0:התפעל עבר|wikt:conj:p15005:r270885:t0:התפעל שם הפועל|wikt:conj:p15005:r270885:t0:קל עבר|wikt:entry:p52438:r516623:o22:t0	0.96	SILVER	TRADITIONAL_CLASS_NOT_STATED
RT-2a42896833	{{שרש3|פ|ת|ע}}	פתע	פ	ת	ע			3			False	False	False	False	False	False	False	False	False	False	False	False	True	False	False	False	False	C.C.E	guttural_containing	False	False	False	False	False	False	True	False	פתע	RG-2a42896833	1	HIFIL	hewiktionary	wikt:conj:p34316:r266440:t0:הפעיל עבר|wikt:conj:p34316:r266440:t0:הפעיל שם הפועל|wikt:entry:p27065:r520371:o0:t0	0.988	SILVER	TRADITIONAL_CLASS_NOT_STATED
RT-821b567fec	"{{שרש3|צ|ב|ע|ב}}, גזרת השלמים, ל""ג"	צבע	צ	ב	ע			3	LAMED_GUTTURAL+SHLEMIM	"גזרת השלמים ; גזרת השלמים, ל""ג ; ל""ג"	False	False	False	False	False	False	False	False	False	False	False	False	True	False	False	False	False	C.C.E	guttural_containing	False	False	False	False	False	False	True	False	צבע	RG-821b567fec	3	HIFIL|PAAL|PIEL	hewiktionary	wikt:conj:p10884:r269950:t0:הפעיל עבר|wikt:conj:p10884:r269950:t0:הפעיל שם הפועל|wikt:entry:p41593:r519941:o0:t0|wikt:entry:p8862:r523249:o4449:t0|wikt:entry:p8862:r523249:o6030:t0	0.988	SILVER	TRADITIONAL_CLASS_VARIES_ACROSS_ENTRIES
RT-574c2a29c4	צ־ל־ם	צלמ	צ	ל	מ			3	SHLEMIM	גזרת השלמים	False	False	False	False	False	False	False	False	False	False	False	False	False	False	False	False	False	C.C.C	strong	True	False	False	False	False	False	False	False	צלמ	RG-574c2a29c4	2	HITPAEL|PIEL	hewiktionary	wikt:conj:p20125:r85458:t0:התפעל עבר|wikt:conj:p20125:r85458:t0:התפעל שם הפועל|wikt:conj:p20125:r85458:t0:פיעל עבר|wikt:conj:p20125:r85458:t0:פיעל שם הפועל|wikt:entry:p43646:r520028:o3246:t0	0.988	GOLD	
RT-f5abdc206d	{{שרש3|צ|נ|ן}}, [[גזרת השלמים]]	צננ	צ	נ	נ			3	SHLEMIM	גזרת השלמים	False	False	False	False	False	False	False	False	False	False	False	False	False	False	True	False	True	C.N.N+GEM	geminate	False	False	False	False	False	True	False	False	צננ	RG-f5abdc206d	2	HITPAEL|PIEL	hewiktionary	wikt:conj:p33483:r439210:t0:התפעל עבר|wikt:conj:p33483:r439210:t0:התפעל שם הפועל|wikt:conj:p33483:r439210:t0:פיעל עבר|wikt:conj:p33483:r439210:t0:פיעל שם הפועל|wikt:entry:p37785:r449576:o0:t0	0.988	GOLD	
RT-ce3d620485	{{שרש3|צ|ע|ר}}	צער	צ	ע	ר			3	SHLEMIM	גזרת השלמים	False	False	False	False	False	False	False	False	False	False	False	True	False	True	False	False	False	C.E.R	guttural_containing	False	False	False	False	False	False	True	False	צער	RG-ce3d620485	3	HITPAEL|PAAL|PIEL	hewiktionary	wikt:conj:p31565:r153754:t0:התפעל עבר|wikt:conj:p31565:r153754:t0:התפעל שם הפועל|wikt:conj:p31565:r153754:t0:פיעל עבר|wikt:entry:p31446:r504004:o1941:t0|wikt:entry:p31446:r504004:o2338:t0|wikt:entry:p46741:r493181:o9:t0	0.988	GOLD	
RT-94ce6bd235	{{שרש3|י|צ|ע}}	יצע	י	צ	ע			3			False	True	False	False	False	False	False	False	False	False	False	False	True	False	False	False	True	Y.C.E	initial_yod_waw	False	False	False	False	True	False	True	False	יצע	RG-94ce6bd235	1	HIFIL	hewiktionary	wikt:entry:p56820:r522164:o0:t0	0.8	SILVER	TRADITIONAL_CLASS_NOT_STATED
RT-d28f832a8d	{{שרש3|י|צ|ת}}	יצת	י	צ	ת			3	PE_YOD_TSADI	"גזרת חפי""צ"	False	True	False	False	False	False	False	False	False	False	False	False	False	False	False	False	True	Y.C.C	initial_yod_waw	False	False	False	False	True	False	False	False	יצת	RG-d28f832a8d	2	HIFIL|HUFAL	hewiktionary	wikt:conj:p32380:r523253:t0:הופעל עבר|wikt:conj:p32380:r523253:t0:הפעיל עבר|wikt:conj:p32380:r523253:t0:הפעיל שם הפועל|wikt:entry:p32376:r523252:o0:t0|wikt:entry:p64270:r523251:o0:t0	0.988	SILVER	
RT-f47e579969	{{שרש3|ר|ג|שׁ}}	רגשׁ	ר	ג	ש			3			False	False	False	False	False	False	False	False	False	False	False	False	False	True	False	False	False	R.C.C	strong	True	False	False	False	False	False	False	False	רגש	RG-f7b8874a5c	5	HIFIL|HITPAEL|HUFAL|PAAL|PIEL	hewiktionary	wikt:conj:p45480:r398378:t0:הופעל עבר|wikt:conj:p45480:r398378:t0:הפעיל עבר|wikt:conj:p45480:r398378:t0:הפעיל שם הפועל|wikt:conj:p45480:r398378:t0:התפעל עבר|wikt:conj:p45480:r398378:t0:התפעל שם הפועל|wikt:conj:p45480:r398378:t0:פיעל עבר|wikt:conj:p45480:r398378:t0:קל עבר|wikt:entry:p64127:r521002:o0:t0|wikt:entry:p9883:r502828:o1439:t0|wikt:entry:p9883:r502828:o1896:t0	0.988	GOLD	TRADITIONAL_CLASS_NOT_STATED
RT-f7a4affe8d	ר־ח־ב	רחב	ר	ח	ב			3			False	False	False	False	False	False	False	False	False	False	False	True	False	True	False	False	False	R.X.C	guttural_containing	False	False	False	False	False	False	True	False	רחב	RG-f7a4affe8d	2	HIFIL|PAAL	hewiktionary	wikt:conj:p17749:r77260:t0:הפעיל עבר|wikt:conj:p17749:r77260:t0:הפעיל שם הפועל|wikt:conj:p17749:r77260:t0:קל עבר|wikt:entry:p31452:r519182:o0:t0	0.96	SILVER	TRADITIONAL_CLASS_NOT_STATED
RT-415ee14052	ר־ט־ב	רטב	ר	ט	ב			3			False	False	False	False	False	False	False	False	False	False	False	False	False	True	False	False	False	R.C.C	strong	True	False	False	False	False	False	False	False	רטב	RG-415ee14052	1	HIFIL	hewiktionary	wikt:conj:p56485:r383479:t0:הפעיל עבר|wikt:conj:p56485:r383479:t0:הפעיל שם הפועל	0.94	SILVER	TRADITIONAL_CLASS_NOT_STATED
RT-3d6ba3645f	פ־ע־ל	שׁהה	ש	ה	ה			3			False	False	False	False	False	False	True	False	False	True	False	True	True	False	True	False	True	C.H.H+GEM	geminate	False	True	False	False	False	True	True	False	שהה	RG-966d523f1a	3	HIFIL|PAAL|PIEL	hewiktionary	wikt:conj:p57085:r390662:t0:הפעיל עבר|wikt:conj:p57085:r390662:t0:הפעיל שם הפועל|wikt:conj:p57085:r390662:t0:פיעל עבר|wikt:conj:p57085:r390662:t0:קל עבר|wikt:conj:p57085:r390662:t0:קל שם הפועל|wikt:entry:p54489:r510826:o0:t0|wikt:entry:p54489:r510826:o1609:t0	0.988	SILVER	TRADITIONAL_CLASS_NOT_STATED
RT-cf3fc079fb	{{שרש3|שׁ|ל|ג}}	שׁלג	ש	ל	ג			3			False	False	False	False	False	False	False	False	False	False	False	False	False	False	False	False	False	C.C.C	strong	True	False	False	False	False	False	False	False	שלג	RG-1e84b66f28	1	HIFIL	hewiktionary	wikt:conj:p17666:r324265:t0:הפעיל עבר|wikt:conj:p17666:r324265:t0:הפעיל שם הפועל|wikt:entry:p59943:r472088:o0:t0	0.988	GOLD	TRADITIONAL_CLASS_NOT_STATED
RT-dccbca4472	{{שרש3|שׁ|ל|ך}}	שׁלכ	ש	ל	כ			3			False	False	False	False	False	False	False	False	False	False	False	False	False	False	False	False	False	C.C.C	strong	True	False	False	False	False	False	False	False	שלכ	RG-e2f0fc31dc	1	HIFIL	hewiktionary	wikt:entry:p62659:r516390:o0:t0	0.8	SILVER	TRADITIONAL_CLASS_NOT_STATED
RT-c5fbdc32d8	{{שרש3|שׁ|ל|ם}}	שׁלמ	ש	ל	מ			3			False	False	False	False	False	False	False	False	False	False	False	False	False	False	False	False	False	C.C.C	strong	True	False	False	False	False	False	False	False	שלמ	RG-7196b0368d	2	HIFIL|PIEL	hewiktionary	wikt:conj:p13381:r339325:t0:הפעיל עבר|wikt:conj:p13381:r339325:t0:הפעיל שם הפועל|wikt:conj:p13381:r339325:t0:פיעל עבר|wikt:conj:p13381:r339325:t0:פיעל שם הפועל|wikt:entry:p13386:r521796:o3762:t0|wikt:entry:p63322:r511514:o0:t0	0.988	GOLD	TRADITIONAL_CLASS_NOT_STATED
RT-f367c958b6	{{שרש3|שׁ|ת|ן}}	שׁתנ	ש	ת	נ			3			False	False	False	False	False	False	False	False	False	False	False	False	False	False	False	False	False	C.C.N	strong	True	False	False	False	False	False	False	False	שתנ	RG-537cc06dc1	1	HIFIL	hewiktionary	wikt:conj:p20130:r391759:t0:הפעיל עבר|wikt:conj:p20130:r391759:t0:הפעיל שם הפועל|wikt:entry:p38188:r440474:o0:t0	0.988	GOLD	TRADITIONAL_CLASS_NOT_STATED
RT-f07f3ead78	{{שרש3|שׁ|ג|ע}}	שׁגע	ש	ג	ע			3			False	False	False	False	False	False	False	False	False	False	False	False	True	False	False	False	False	C.C.E	guttural_containing	False	False	False	False	False	False	True	False	שגע	RG-e4aac6b350	2	HITPAEL|PIEL	hewiktionary	wikt:conj:p56758:r387092:t0:התפעל עבר|wikt:conj:p56758:r387092:t0:התפעל שם הפועל|wikt:conj:p56758:r387092:t0:פיעל עבר|wikt:conj:p56758:r387092:t0:פיעל שם הפועל|wikt:entry:p50776:r490277:o0:t0	0.988	GOLD	TRADITIONAL_CLASS_NOT_STATED
RT-a52c29cbc9	{{שרש3|שׁ|ד|ל}}	שׁדל	ש	ד	ל			3			False	False	False	False	False	False	False	False	False	False	False	False	False	False	False	False	False	C.C.C	strong	True	False	False	False	False	False	False	False	שדל	RG-83a53a750b	2	HITPAEL|PIEL	hewiktionary	wikt:entry:p47879:r434255:o0:t0|wikt:entry:p56300:r510827:o0:t0	0.8	SILVER	TRADITIONAL_CLASS_NOT_STATED
RT-ccccae361b	שׁ־ח־ר־ר	שׁחרר	ש	ח	ר	ר		4			False	False	False	False	False	False	False	False	False	False	False	True	False	True	False	False	False	C.X.R.R	quadriliteral	False	False	False	False	False	False	True	True	שחרר	RG-00573aae97	3	HITPAEL|PIEL|PUAL	hewiktionary	wikt:conj:p15000:r319545:t0:התפעל עבר|wikt:conj:p15000:r319545:t0:התפעל שם הפועל|wikt:conj:p15000:r319545:t0:פועל עבר|wikt:conj:p15000:r319545:t0:פיעל עבר|wikt:conj:p15000:r319545:t0:פיעל שם הפועל|wikt:entry:p23444:r428987:o0:t0	0.988	GOLD	TRADITIONAL_CLASS_NOT_STATED
RT-c7692933a2	{{שרש4|ש|ח|ו|ה}}	שׁחוה	ש	ח	ו	ה		4			False	False	False	False	False	False	False	False	False	True	False	True	False	False	False	False	False	C.X.W.H	quadriliteral	False	False	False	False	False	False	True	True	שחוה	RG-dedece5cb8	1	HITPAEL	hewiktionary	wikt:entry:p56027:r375638:o0:t0	0.8	SILVER	SHIN_SIN_FROM_FORM|TRADITIONAL_CLASS_NOT_STATED
RT-3986a960f1	{{שרש4|שׁ|כ|נ|ז}}	שׁכנז	ש	כ	נ	ז		4			False	False	False	False	False	False	False	False	False	False	False	False	False	False	False	False	False	C.C.N.C	quadriliteral	False	False	False	False	False	False	False	True	שכנז	RG-9665470972	1	HITPAEL	hewiktionary	wikt:entry:p47861:r519463:o0:t0	0.8	SILVER	TRADITIONAL_CLASS_NOT_STATED
RT-dd3fbf2f10	שׁ־ת־ף	שׁתפ	ש	ת	פ			3	SHLEMIM	גזרת השלמים	False	False	False	False	False	False	False	False	False	False	False	False	False	False	False	False	False	C.C.C	strong	True	False	False	False	False	False	False	False	שתפ	RG-c9b2670813	2	HITPAEL|PIEL	hewiktionary	wikt:conj:p56322:r390428:t0:התפעל עבר|wikt:conj:p56322:r390428:t0:התפעל שם הפועל|wikt:conj:p56322:r390428:t0:פיעל עבר|wikt:entry:p38950:r502086:o2846:t0	0.96	SILVER	
RT-b1ceecea52	{{שרש3|שׂ|כ|ר}}	שׂכר	ש	כ	ר			3			False	False	False	False	False	False	False	False	False	False	False	False	False	True	False	False	False	C.C.R	strong	True	False	False	False	False	False	False	False	שכר	RG-a85b86545c	2	HITPAEL|PAAL	hewiktionary	wikt:entry:p46144:r521163:o6554:t0|wikt:entry:p52150:r510255:o513:t0	0.8	SILVER	ROOT_SHARES_ORTHOGRAPHY_WITH_OTHER_ROOT|TRADITIONAL_CLASS_NOT_STATED
RT-89934b8278	"{{שרש3|נ|שׂ|ג}}, [[גזרת חפ""נ]]"	נשׂג	נ	ש	ג			3	PE_NUN	"גזרת חפ""נ"	True	False	False	False	False	False	False	False	False	False	False	False	False	False	False	False	True	N.C.C	initial_nun	False	False	False	True	False	False	False	False	נשג	RG-01ff4d881f	1	HIFIL	hewiktionary	wikt:entry:p46576:r518221:o0:t0	0.8	SILVER	
RT-4ab528b185	{{שרש4|א|ז|ר|ח}}	אזרח	א	ז	ר	ח		4			False	False	False	True	False	False	False	False	False	False	True	False	False	True	False	False	True	A.C.R.X	quadriliteral	False	False	False	False	False	False	True	True	אזרח	RG-4ab528b185	1	HITPAEL	hewiktionary	wikt:conj:p13628:r175693:t0:התפעל עבר|wikt:conj:p13628:r175693:t0:התפעל שם הפועל|wikt:entry:p63192:r514837:o0:t0	0.988	GOLD	TRADITIONAL_CLASS_NOT_STATED
RT-844c5a3d0b	א־ז־ן <small>ב</small>	אזנ	א	ז	נ			3			False	False	False	True	False	False	False	False	False	False	True	False	False	False	False	False	True	A.C.N	initial_alef	False	False	False	False	False	False	True	False	אזנ	RG-844c5a3d0b	3	HIFIL|HITPAEL|PIEL	hewiktionary	wikt:conj:p11390:r269970:t0:הפעיל עבר|wikt:conj:p33625:r269973:t0:התפעל עבר|wikt:conj:p33625:r269973:t0:התפעל שם הפועל|wikt:conj:p33625:r269973:t0:פיעל עבר|wikt:entry:p1551:r516328:o4521:t0|wikt:entry:p53683:r519228:o0:t0	0.96	SILVER	TRADITIONAL_CLASS_NOT_STATED
RT-3245bc7c95	א־ר־ג־ן	ארגנ	א	ר	ג	נ		4			False	False	False	True	False	False	False	False	False	False	True	False	False	True	False	False	True	A.R.C.N	quadriliteral	False	False	False	False	False	False	True	True	ארגנ	RG-3245bc7c95	2	HITPAEL|PIEL	hewiktionary	wikt:conj:p32739:r441152:t0:התפעל עבר|wikt:conj:p32739:r441152:t0:התפעל שם הפועל|wikt:conj:p32739:r441152:t0:פיעל עבר|wikt:entry:p60196:r510095:o0:t0	0.96	SILVER	TRADITIONAL_CLASS_NOT_STATED
RT-40c5f5bda1	{{שרש3|א|שׁ|שׁ}}	אשׁשׁ	א	ש	ש			3			False	False	False	True	False	False	False	False	False	False	True	False	False	False	True	False	True	A.C.C+GEM	geminate	False	False	False	False	False	True	True	False	אשש	RG-86ee6d760a	2	HITPAEL|PIEL	hewiktionary	wikt:conj:p56151:r378029:t0:פיעל עבר|wikt:entry:p51405:r381759:o0:t0|wikt:entry:p56152:r444433:o17:t0	0.96	SILVER	TRADITIONAL_CLASS_NOT_STATED
RT-2a39613865	{{שרש3|ת|ח|ל}}	תחל	ת	ח	ל			3			False	False	False	False	False	False	False	False	False	False	False	True	False	False	False	False	False	C.X.C	guttural_containing	False	False	False	False	False	False	True	False	תחל	RG-2a39613865	1	HIFIL	hewiktionary	wikt:entry:p55125:r451749:o0:t0	0.8	SILVER	TRADITIONAL_CLASS_NOT_STATED
RT-53be309b62	{{שרש3|ח|נ|ן}}	חננ	ח	נ	נ			3	AYIN_AYIN	"גזרת ע""ע ; ע""ע"	False	False	False	False	False	False	False	False	False	False	True	False	False	False	True	False	True	X.N.N+GEM	geminate	False	False	False	False	False	True	True	False	חננ	RG-53be309b62	3	HITPAEL|NIFAL|PAAL	hewiktionary	wikt:entry:p24522:r522039:o0:t0|wikt:entry:p31200:r511201:o0:t0|wikt:entry:p55356:r502753:o0:t0	0.8	SILVER	
RT-a7537a8a45	{{שרש3|ח|פ|שׂ}}	חפשׂ	ח	פ	ש			3			False	False	False	False	False	False	False	False	False	False	True	False	False	False	False	False	False	X.C.C	guttural_containing	False	False	False	False	False	False	True	False	חפש	RG-37f0a18088	2	HITPAEL|PIEL	hewiktionary	wikt:entry:p51126:r439532:o0:t0|wikt:entry:p7831:r522232:o2201:t0	0.8	SILVER	ROOT_SHARES_ORTHOGRAPHY_WITH_OTHER_ROOT|TRADITIONAL_CLASS_NOT_STATED
RT-b9b66de6e6	ח-שׁ-מ-ל	חשׁמל	ח	ש	מ	ל		4	QUADRILITERAL	מרובעים	False	False	False	False	False	False	False	False	False	False	True	False	False	False	False	False	False	X.C.C.C	quadriliteral	False	False	False	False	False	False	True	True	חשמל	RG-7a699bf314	3	HITPAEL|PIEL|PUAL	hewiktionary	wikt:conj:p20052:r324082:t0:התפעל עבר|wikt:conj:p20052:r324082:t0:התפעל שם הפועל|wikt:conj:p20052:r324082:t0:פועל עבר|wikt:conj:p20052:r324082:t0:פיעל עבר|wikt:entry:p10149:r520559:o4786:t0|wikt:entry:p10149:r520559:o6149:t0	0.96	SILVER	
RT-a15fc9e385	{{שרש4|מ|ה|מ|ה}}, [[גזרת המרובעים]]	מהמה	מ	ה	מ	ה		4	QUADRILITERAL	גזרת המרובעים	False	False	False	False	False	False	False	False	False	True	False	True	False	False	False	True	False	C.H.C.H	quadriliteral	False	False	False	False	False	False	True	True	מהמה	RG-a15fc9e385	1	HITPAEL	hewiktionary	wikt:entry:p30499:r508685:o0:t0	0.8	SILVER	
RT-8f228e30cc	נ־ה־ג	נהג	נ	ה	ג			3	SHLEMIM	גזרת השלמים	True	False	False	False	False	False	False	False	False	False	False	True	False	False	False	False	True	N.H.C	initial_nun	False	False	False	True	False	False	True	False	נהג	RG-8f228e30cc	3	HITPAEL|PAAL|PIEL	hewiktionary	wikt:conj:p56668:r385993:t0:התפעל עבר|wikt:conj:p56668:r385993:t0:התפעל שם הפועל|wikt:conj:p56668:r385993:t0:פיעל עבר|wikt:conj:p56668:r385993:t0:קל עבר|wikt:entry:p27840:r522431:o0:t0|wikt:entry:p27840:r522431:o1790:t0	0.96	GOLD	
RT-91ad7f07ba	{{שרש3|נ|ח|ל}}	נחל	נ	ח	ל			3			True	False	False	False	False	False	False	False	False	False	False	True	False	False	False	False	True	N.X.C	initial_nun	False	False	False	True	False	False	True	False	נחל	RG-91ad7f07ba	3	HITPAEL|PAAL|PIEL	hewiktionary	wikt:entry:p1401:r508555:o1402:t0|wikt:entry:p1401:r508555:o2602:t0|wikt:entry:p63214:r508786:o0:t0	0.8	SILVER	TRADITIONAL_CLASS_NOT_STATED
RT-bc369690f1	נ־ע־ר	נער	נ	ע	ר			3	SHLEMIM	גזרת השלמים	True	False	False	False	False	False	False	False	False	False	False	True	False	True	False	False	True	N.E.R	initial_nun	False	False	False	True	False	False	True	False	נער	RG-bc369690f1	3	HITPAEL|PAAL|PIEL	hewiktionary	wikt:conj:p22389:r101684:t0:קל עבר|wikt:conj:p22389:r101684:t0:קל שם הפועל|wikt:conj:p22391:r163095:t0:התפעל עבר|wikt:conj:p22391:r163095:t0:התפעל שם הפועל|wikt:conj:p22391:r163095:t0:פיעל עבר|wikt:entry:p12620:r516238:o3381:t0|wikt:entry:p12620:r516238:o3899:t0	0.988	SILVER	
RT-8233712d4e	ע־ל־ה	עלה	ע	ל	ה			3	LAMED_YOD_HE	"גזרת נל""י/ה"	False	False	False	False	False	False	True	False	False	True	True	False	True	False	False	False	True	E.C.H	final_he	False	True	False	False	False	False	True	False	עלה	RG-8233712d4e	5	HIFIL|HITPAEL|HUFAL|NIFAL|PAAL	hewiktionary	wikt:conj:p33869:r266427:t0:הופעל עבר|wikt:conj:p33869:r266427:t0:הפעיל עבר|wikt:conj:p33869:r266427:t0:הפעיל שם הפועל|wikt:conj:p33869:r266427:t0:התפעל עבר|wikt:conj:p33869:r266427:t0:התפעל שם הפועל|wikt:conj:p33869:r266427:t0:נפעל עבר|wikt:conj:p33869:r266427:t0:קל עבר|wikt:conj:p33869:r266427:t0:קל שם הפועל|wikt:entry:p33868:r516074:o2861:t0|wikt:entry:p33868:r516074:o70:t0|wikt:entry:p63173:r498054:o0:t0|wikt:entry:p8707:r521265:o152:t0	0.988	GOLD	
RT-c85c156911	{{שרש3|ע|מ|ל}}	עמל	ע	מ	ל			3			False	False	False	False	False	False	False	False	False	False	True	False	False	False	False	False	False	E.C.C	guttural_containing	False	False	False	False	False	False	True	False	עמל	RG-c85c156911	2	HITPAEL|PAAL	hewiktionary	wikt:conj:p56828:r387909:t0:התפעל עבר|wikt:conj:p56828:r387909:t0:התפעל שם הפועל|wikt:conj:p56828:r387909:t0:קל עבר|wikt:entry:p29240:r448926:o2226:t0|wikt:entry:p59948:r438219:o0:t0	0.988	SILVER	TRADITIONAL_CLASS_NOT_STATED
RT-387171f41a	{{שרש3|ע|מ|ר|ב}}	עמר	ע	מ	ר			3			False	False	False	False	False	False	False	False	False	False	True	False	False	True	False	False	False	E.C.R	guttural_containing	False	False	False	False	False	False	True	False	עמר	RG-387171f41a	2	HITPAEL|PIEL	hewiktionary	wikt:entry:p2231:r522000:o2948:t0|wikt:entry:p49109:r510270:o0:t0	0.8	SILVER	TRADITIONAL_CLASS_NOT_STATED
RT-cecf0e6b44	פ-ר-ס-ם	פרסמ	פ	ר	ס	מ		4	QUADRILITERAL	גזרת המרובעים	False	False	False	False	False	False	False	False	False	False	False	False	False	True	False	False	False	C.R.C.C	quadriliteral	False	False	False	False	False	False	False	True	פרסמ	RG-cecf0e6b44	3	HITPAEL|PIEL|PUAL	hewiktionary	wikt:conj:p20076:r355470:t0:התפעל עבר|wikt:conj:p20076:r355470:t0:התפעל שם הפועל|wikt:conj:p20076:r355470:t0:פועל עבר|wikt:conj:p20076:r355470:t0:פיעל עבר|wikt:entry:p9145:r441251:o0:t0	0.96	SILVER	
RT-9ab5cd72f9	פ־א־ר	פאר	פ	א	ר			3			False	False	False	False	False	False	False	False	False	False	False	True	False	True	False	False	False	C.A.R	guttural_containing	False	False	False	False	False	False	True	False	פאר	RG-9ab5cd72f9	2	HITPAEL|PIEL	hewiktionary	wikt:conj:p32163:r270675:t0:התפעל עבר|wikt:conj:p32163:r270675:t0:התפעל שם הפועל|wikt:conj:p32163:r270675:t0:פיעל עבר|wikt:conj:p32163:r270675:t0:פיעל שם הפועל|wikt:entry:p21996:r508770:o945:t0	0.988	GOLD	TRADITIONAL_CLASS_NOT_STATED
RT-37afed707b	פ־ר־ד	פרד	פ	ר	ד			3	SHLEMIM	גזרת השלמים	False	False	False	False	False	False	False	False	False	False	False	False	False	True	False	False	False	C.R.C	strong	True	False	False	False	False	False	False	False	פרד	RG-37afed707b	2	HITPAEL|NIFAL	hewiktionary	wikt:conj:p20113:r385767:t0:התפעל עבר|wikt:conj:p20113:r385767:t0:התפעל שם הפועל|wikt:conj:p20113:r385767:t0:נפעל עבר|wikt:conj:p20113:r385767:t0:נפעל שם הפועל|wikt:entry:p29190:r519600:o587:t0	0.988	GOLD	
RT-5887a69a33	{{שרש3|ת|ק|ן}}	תקנ	ת	ק	נ			3			False	False	False	False	False	False	False	False	False	False	False	False	False	False	False	False	False	C.C.N	strong	True	False	False	False	False	False	False	False	תקנ	RG-5887a69a33	2	HIFIL|PIEL	hewiktionary	wikt:entry:p22179:r518070:o0:t0|wikt:entry:p54699:r493121:o0:t0	0.8	SILVER	TRADITIONAL_CLASS_NOT_STATED
RT-e4c0431987	{{שרש|קרח|ק־ר־ח}}	קרח	ק	ר	ח			3			False	False	False	False	False	False	False	False	False	False	False	False	True	True	False	False	False	C.R.X	guttural_containing	False	False	False	False	False	False	True	False	קרח	RG-e4c0431987	2	HITPAEL|PAAL	hewiktionary	wikt:entry:p16416:r500906:o3656:t0|wikt:entry:p22567:r312691:o0:t0	0.8	SILVER	TRADITIONAL_CLASS_NOT_STATED
RT-e8a85f0554	{{שרש3|ר|ח|ץ}}, [[נספח:גזרת השלמים|גזרת השלמים]]	רחצ	ר	ח	צ			3	SHLEMIM	גזרת השלמים	False	False	False	False	False	False	False	False	False	False	False	True	False	True	False	False	False	R.X.C	guttural_containing	False	False	False	False	False	False	True	False	רחצ	RG-e8a85f0554	2	HITPAEL|PAAL	hewiktionary	wikt:entry:p35219:r513320:o0:t0|wikt:entry:p50509:r514165:o0:t0	0.8	SILVER	
RT-0494fabdbd	{{שרש3|ר|ח|שׁ}}	רחשׁ	ר	ח	ש			3			False	False	False	False	False	False	False	False	False	False	False	True	False	True	False	False	False	R.X.C	guttural_containing	False	False	False	False	False	False	True	False	רחש	RG-776b2bbe83	2	HITPAEL|PAAL	hewiktionary	wikt:entry:p50176:r514218:o1132:t0|wikt:entry:p50969:r428328:o0:t0	0.8	SILVER	TRADITIONAL_CLASS_NOT_STATED
RT-33e9aa4487	"{{שרש3|ר|א|ה}}, [[גזרת נל""י/ה]]"	ראה	ר	א	ה			3	LAMED_YOD_HE	"גזרת נל""י/ה"	False	False	False	False	False	False	True	False	False	True	False	True	True	True	False	False	True	R.A.H	final_he	False	True	False	False	False	False	True	False	ראה	RG-33e9aa4487	4	HIFIL|HITPAEL|NIFAL|PAAL	hewiktionary	wikt:conj:p32013:r480840:t0:הפעיל עבר|wikt:conj:p32013:r480840:t0:הפעיל שם הפועל|wikt:conj:p32013:r480840:t0:התפעל עבר|wikt:conj:p32013:r480840:t0:התפעל שם הפועל|wikt:conj:p32013:r480840:t0:נפעל עבר|wikt:conj:p32013:r480840:t0:נפעל שם הפועל|wikt:conj:p32013:r480840:t0:קל עבר|wikt:conj:p32013:r480840:t0:קל שם הפועל|wikt:entry:p16266:r523103:o52:t0|wikt:entry:p32305:r518787:o12:t0	0.988	GOLD	
RT-641b86259c	{{שרש3|נ|ת|ר}}	נתר	נ	ת	ר			3			True	False	False	False	False	False	False	False	False	False	False	False	False	True	False	False	True	N.C.R	initial_nun	False	False	False	True	False	False	False	False	נתר	RG-641b86259c	2	HIFIL|PIEL	hewiktionary	wikt:entry:p50432:r499017:o0:t0|wikt:entry:p52245:r518859:o81:t0	0.8	SILVER	TRADITIONAL_CLASS_NOT_STATED
RT-d5cff5d427	{{שרש3|ב|ו|ס}}	בוס	ב	ו	ס			3	AYIN_WAW_YOD	"גזרת נע""ו/י"	False	False	False	False	False	True	False	False	False	False	False	False	False	False	False	False	True	C.W.C	hollow_candidate	False	False	True	False	False	False	False	False	בוס	RG-d5cff5d427	3	HIFIL|HITPAEL|PAAL	hewiktionary	wikt:conj:p31442:r385877:t0:הפעיל עבר|wikt:conj:p31442:r385877:t0:הפעיל שם הפועל|wikt:conj:p31442:r385877:t0:התפעל עבר|wikt:conj:p31442:r385877:t0:קל עבר|wikt:entry:p31444:r520020:o0:t0|wikt:entry:p56128:r510195:o0:t0|wikt:entry:p56129:r514713:o0:t0	0.988	GOLD	
RT-060e210a63	{{שרש3|ג|נ|ן|א}}, [[גזרת הכפולים]]	גננ	ג	נ	נ			3	AYIN_AYIN	"גזרת הכפולים ; גזרת ע""ע"	False	False	False	False	False	False	False	False	False	False	False	False	False	False	True	False	True	C.N.N+GEM	geminate	False	False	False	False	False	True	False	False	גננ	RG-060e210a63	5	HIFIL|HITPAEL|PAAL|PIEL|PUAL	hewiktionary	wikt:conj:p30658:r274260:t0:הפעיל עבר|wikt:conj:p30658:r274260:t0:הפעיל שם הפועל|wikt:conj:p30658:r274260:t0:התפעל עבר|wikt:conj:p30658:r274260:t0:פועל עבר|wikt:conj:p30658:r274260:t0:פיעל עבר|wikt:conj:p30658:r274260:t0:קל עבר|wikt:entry:p17904:r521232:o3848:t0|wikt:entry:p21841:r507951:o0:t0|wikt:entry:p31939:r508051:o0:t0|wikt:entry:p31939:r508051:o926:t0|wikt:entry:p48260:r274259:o0:t0	0.988	GOLD	
RT-78f03896a4	ט־ו־ב	טוב	ט	ו	ב			3	AYIN_WAW_YOD	"גזרת נע""ו/י"	False	False	False	False	False	True	False	False	False	False	False	False	False	False	False	False	True	C.W.C	hollow_candidate	False	False	True	False	False	False	False	False	טוב	RG-78f03896a4	3	HIFIL|PAAL|PIEL	hewiktionary	wikt:conj:p40792:r438225:t0:הפעיל עבר|wikt:conj:p40792:r438225:t0:פיעל עבר|wikt:conj:p40792:r438225:t0:קל עבר|wikt:entry:p40650:r476842:o0:t0|wikt:entry:p51004:r502056:o1144:t0	0.96	SILVER	
RT-aa163bed22	י־ט־ב	יטב	י	ט	ב			3			False	True	False	False	False	False	False	False	False	False	False	False	False	False	False	False	True	Y.C.C	initial_yod_waw	False	False	False	False	True	False	False	False	יטב	RG-aa163bed22	1	HIFIL	hewiktionary	wikt:conj:p34347:r422477:t0:הפעיל עבר|wikt:conj:p34347:r422477:t0:הפעיל שם הפועל	0.94	SILVER	TRADITIONAL_CLASS_NOT_STATED
RT-b417575aad	{{שרש3|י|מ|ן}}	ימנ	י	מ	נ			3			False	True	False	False	False	False	False	False	False	False	False	False	False	False	False	False	True	Y.C.N	initial_yod_waw	False	False	False	False	True	False	False	False	ימנ	RG-b417575aad	1	HIFIL	hewiktionary	wikt:conj:p56607:r489899:t0:הפעיל עבר|wikt:entry:p56609:r425626:o0:t0	0.96	SILVER	TRADITIONAL_CLASS_NOT_STATED
RT-08132b2ffb	{{שרש3|י|נ|ק}}	ינק	י	נ	ק			3			False	True	False	False	False	False	False	False	False	False	False	False	False	False	False	False	True	Y.N.C	initial_yod_waw	False	False	False	False	True	False	False	False	ינק	RG-08132b2ffb	2	HIFIL|PAAL	hewiktionary	wikt:conj:p17643:r495763:t0:הפעיל עבר|wikt:conj:p17643:r495763:t0:הפעיל שם הפועל|wikt:conj:p17643:r495763:t0:קל עבר|wikt:conj:p17643:r495763:t0:קל שם הפועל|wikt:entry:p23271:r501929:o0:t0|wikt:entry:p63271:r518741:o10:t0	0.988	GOLD	TRADITIONAL_CLASS_NOT_STATED
RT-229e7b0bec	{{שרש3|נ|ו|ח}}	נוח	נ	ו	ח			3	AYIN_WAW_YOD	"גזרת נע""ו/י"	True	False	False	False	False	True	False	False	False	False	False	False	True	False	False	False	True	N.W.X	hollow_candidate	False	False	True	True	False	False	True	False	נוח	RG-229e7b0bec	4	HIFIL|HUFAL|PAAL|PIEL	hewiktionary	wikt:conj:p56604:r385269:t0:הפעיל עבר|wikt:conj:p56604:r385269:t0:הפעיל שם הפועל|wikt:conj:p56604:r385269:t0:קל עבר|wikt:conj:p56604:r385269:t0:קל שם הפועל|wikt:entry:p20626:r500393:o65:t0|wikt:entry:p50846:r501396:o0:t0|wikt:entry:p56864:r449300:o1328:t0|wikt:entry:p63206:r494305:o0:t0	0.988	SILVER	
RT-27087d982d	{{שרש3|פ|ר|ר}}, [[גזרת הכפולים]]	פרר	פ	ר	ר			3	AYIN_AYIN	"גזרת הכפולים ; גזרת ע""ע"	False	False	False	False	False	False	False	False	False	False	False	False	False	True	True	False	True	C.R.R+GEM	geminate	False	False	False	False	False	True	False	False	פרר	RG-27087d982d	4	HIFIL|HITPAEL|HUFAL|PIEL	hewiktionary	wikt:conj:p15428:r167457:t0:הופעל עבר|wikt:conj:p15428:r167457:t0:הפעיל עבר|wikt:conj:p15428:r167457:t0:הפעיל שם הפועל|wikt:conj:p15428:r167457:t0:התפעל עבר|wikt:conj:p15428:r167457:t0:פיעל עבר|wikt:entry:p35691:r518984:o0:t0|wikt:entry:p44106:r503669:o0:t0|wikt:entry:p48093:r409165:o0:t0|wikt:entry:p58055:r518983:o0:t0	0.988	GOLD	
RT-c3757a35af	{{שרש3|צ|ל|ל|ב|גזרה=הכפולים}}	צלל	צ	ל	ל			3	SHLEMIM	גזרת השלמים	False	False	False	False	False	False	False	False	False	False	False	False	False	False	True	False	True	C.C.C+GEM	geminate	False	False	False	False	False	True	False	False	צלל	RG-c3757a35af	3	HIFIL|PAAL|PIEL	hewiktionary	wikt:conj:p30818:r367075:t0:הפעיל עבר|wikt:conj:p30818:r367075:t0:הפעיל שם הפועל|wikt:conj:p30818:r367075:t0:קל עבר|wikt:conj:p30821:r150216:t0:קל עבר|wikt:entry:p11272:r484101:o0:t0|wikt:entry:p11272:r484101:o1479:t0|wikt:entry:p11272:r484101:o2210:t0|wikt:entry:p11272:r484101:o2773:t0|wikt:entry:p11272:r484101:o3241:t0|wikt:entry:p11272:r484101:o3864:t0|wikt:entry:p11272:r484101:o959:t0|wikt:entry:p11273:r484115:o15:t0	0.9999	GOLD	
RT-a5f92e9cdc	{{שרש3|ק|ל|ל|א}}, [[גזרת הכפולים]]	קלל	ק	ל	ל			3	AYIN_AYIN	"גזרת הכפולים ; גזרת ע""ע"	False	False	False	False	False	False	False	False	False	False	False	False	False	False	True	False	True	C.C.C+GEM	geminate	False	False	False	False	False	True	False	False	קלל	RG-a5f92e9cdc	6	HIFIL|HUFAL|NIFAL|PAAL|PIEL	hewiktionary	wikt:conj:p17721:r266292:t0:פיעל עבר|wikt:conj:p31878:r272799:t0:הופעל עבר|wikt:conj:p31878:r272799:t0:הפעיל עבר|wikt:conj:p31878:r272799:t0:הפעיל שם הפועל|wikt:conj:p31878:r272799:t0:קל עבר|wikt:entry:p11333:r488552:o0:t0|wikt:entry:p18852:r519322:o2489:t0|wikt:entry:p31447:r510578:o54:t0|wikt:entry:p48096:r283892:o0:t0|wikt:entry:p51815:r508384:o94:t0	0.988	GOLD	
RT-4b73680b6c	{{שרש3|ק|ו|ר}}	קור	ק	ו	ר			3			False	False	False	False	False	True	False	False	False	False	False	False	False	True	False	False	True	C.W.R	hollow_candidate	False	False	True	False	False	False	False	False	קור	RG-4b73680b6c	1	HIFIL	hewiktionary	wikt:entry:p62178:r510245:o22:t0	0.5	SILVER	TRADITIONAL_CLASS_NOT_STATED
RT-21f33df9a2	"{{שרש3|ר|י|ח|גזרה=נע""ו/י}}"	ריח	ר	י	ח			3			False	False	False	False	True	False	False	False	False	False	False	False	True	True	False	False	True	R.Y.X	hollow_candidate	False	False	True	False	False	False	True	False	ריח	RG-21f33df9a2	1	HIFIL	hewiktionary	wikt:conj:p42977:r215222:t0:הפעיל עבר|wikt:conj:p42977:r215222:t0:הפעיל שם הפועל|wikt:entry:p42951:r519950:o0:t0	0.988	GOLD	TRADITIONAL_CLASS_NOT_STATED
RT-43ff9eb388	"{{שרש|רעע א|ר־ע־ע <small>א</small>}}, [[גזרת ע""ע]]"	רעע	ר	ע	ע			3	AYIN_AYIN	"גזרת ע""ע"	False	False	False	False	False	False	False	False	False	False	False	True	True	True	True	False	True	R.E.E+GEM	geminate	False	False	False	False	False	True	True	False	רעע	RG-43ff9eb388	2	HIFIL|PAAL	hewiktionary	wikt:conj:p31131:r270345:t0:קל עבר|wikt:entry:p17848:r508409:o3936:t0|wikt:entry:p17848:r508409:o4384:t0|wikt:entry:p31129:r520650:o0:t0	0.992	SILVER	
RT-f090295414	{{שרש3|שׁ|י|ב}}	שׁיב	ש	י	ב			3			False	False	False	False	True	False	False	False	False	False	False	False	False	False	False	False	True	C.Y.C	hollow_candidate	False	False	True	False	False	False	False	False	שיב	RG-f5b2ef68c9	1	HIFIL	hewiktionary	wikt:entry:p54239:r428169:o0:t0	0.8	SILVER	TRADITIONAL_CLASS_NOT_STATED
RT-06667d87ff	ח־כ־ם	חכמ	ח	כ	מ			3			False	False	False	False	False	False	False	False	False	False	True	False	False	False	False	False	False	X.C.C	guttural_containing	False	False	False	False	False	False	True	False	חכמ	RG-06667d87ff	2	HIFIL|PAAL	hewiktionary	wikt:conj:p17814:r464693:t0:הפעיל עבר|wikt:conj:p17814:r464693:t0:הפעיל שם הפועל|wikt:conj:p17814:r464693:t0:קל עבר|wikt:conj:p17814:r464693:t0:קל שם הפועל|wikt:entry:p13148:r509043:o4291:t0	0.988	GOLD	TRADITIONAL_CLASS_NOT_STATED
RT-ee937b349f	ע־ר־ך	ערכ	ע	ר	כ			3	SHLEMIM	שלמים	False	False	False	False	False	False	False	False	False	False	True	False	False	True	False	False	False	E.R.C	guttural_containing	False	False	False	False	False	False	True	False	ערכ	RG-ee937b349f	2	HIFIL|PAAL	hewiktionary	wikt:conj:p13614:r324073:t0:הפעיל עבר|wikt:conj:p13614:r324073:t0:הפעיל שם הפועל|wikt:conj:p13614:r324073:t0:קל עבר|wikt:conj:p13614:r324073:t0:קל שם הפועל|wikt:entry:p10189:r522034:o2102:t0	0.988	GOLD	
RT-cf795a28ec	"{{שרש3|ה|ג|ה}}, [[גזרת נל""י/ה]]"	הגה	ה	ג	ה			3	LAMED_YOD_HE	"גזרת נל""י/ה"	False	False	False	False	False	False	True	False	False	True	True	False	True	False	False	False	True	H.C.H	final_he	False	True	False	False	False	False	True	False	הגה	RG-cf795a28ec	1	PAAL	hewiktionary	wikt:entry:p29915:r521365:o103:t0	0.8	SILVER	
RT-0c334b4302	"{{שרש3|ה|ז|ה|גזרה=נל""י/ה}}"	הזה	ה	ז	ה			3			False	False	False	False	False	False	True	False	False	True	True	False	True	False	False	False	True	H.C.H	final_he	False	True	False	False	False	False	True	False	הזה	RG-0c334b4302	1	PAAL	hewiktionary	wikt:conj:p32387:r270690:t0:קל עבר|wikt:conj:p32387:r270690:t0:קל שם הפועל|wikt:entry:p25144:r517566:o698:t0	0.988	SILVER	TRADITIONAL_CLASS_NOT_STATED
RT-1bf0016dff	"{{שרש3|ה|ל|ך}}, [[נספח:גזרת השלמים|גזרת השלמים]] ו[[גזרת נפ""יו]]"	הלכ	ה	ל	כ			3	PE_YOD_WAW	"גזרת נפ""יו"	False	False	False	False	False	False	False	False	False	False	True	False	False	False	False	False	False	H.C.C	guttural_containing	False	False	False	False	False	False	True	False	הלכ	RG-1bf0016dff	2	PAAL|PIEL	hewiktionary	wikt:conj:p17672:r352781:t0:פיעל עבר|wikt:conj:p17672:r352781:t0:קל עבר|wikt:conj:p17672:r352781:t0:קל שם הפועל|wikt:entry:p10402:r514500:o0:t0|wikt:entry:p10402:r514500:o3691:t0	0.988	SILVER	
RT-765da73c4d	{{שרש3|ה|פ|ך}}	הפכ	ה	פ	כ			3	SHLEMIM	גזרת השלמים	False	False	False	False	False	False	False	False	False	False	True	False	False	False	False	False	False	H.C.C	guttural_containing	False	False	False	False	False	False	True	False	הפכ	RG-765da73c4d	2	NIFAL|PAAL	hewiktionary	wikt:conj:p17640:r310984:t0:נפעל עבר|wikt:conj:p17640:r310984:t0:קל עבר|wikt:conj:p17640:r310984:t0:קל שם הפועל|wikt:entry:p40069:r511407:o0:t0|wikt:entry:p45207:r517730:o0:t0	0.988	GOLD	
RT-114164edc2	"{{שרש|רשׁע|ר־שׁ־ע}}, שלמים ל""ע"	רשׁע	ר	ש	ע			3	SHLEMIM	"שלמים ל""ע"	False	False	False	False	False	False	False	False	False	False	False	False	True	True	False	False	False	R.C.E	guttural_containing	False	False	False	False	False	False	True	False	רשע	RG-66ba3ed02a	3	HIFIL|HUFAL|PAAL	hewiktionary	wikt:conj:p57682:r399730:t0:הופעל עבר|wikt:conj:p57682:r399730:t0:הפעיל עבר|wikt:conj:p57682:r399730:t0:קל עבר|wikt:entry:p10956:r399941:o0:t0|wikt:entry:p25128:r499423:o0:t0|wikt:entry:p57688:r490934:o0:t0	0.96	SILVER	
RT-b824ee1c2c	"{{שרש3|י|ד|ה|א}},[[גזרת נפ""יו]]+[[גזרת נל""י\ה]]."	ידה	י	ד	ה			3	LAMED_YOD_HE+PE_YOD_WAW	"גזרת נחי פ""י ; גזרת נחי ל""ה ; גזרת נפ""יו ; גזרת נל""י/ה ; גזרת נפ""יו ; גזרת נל""י\ה"	False	True	False	False	False	False	True	False	False	True	False	False	True	False	False	False	True	Y.C.H	final_he	False	True	False	False	True	False	True	False	ידה	RG-b824ee1c2c	4	HIFIL|HITPAEL|PAAL|PIEL	hewiktionary	wikt:conj:p9689:r304832:t0:הפעיל עבר|wikt:conj:p9689:r304832:t0:הפעיל שם הפועל|wikt:conj:p9689:r304832:t0:התפעל עבר|wikt:conj:p9691:r269917:t0:פיעל עבר|wikt:conj:p9691:r269917:t0:קל עבר|wikt:conj:p9691:r269917:t0:קל שם הפועל|wikt:entry:p22437:r499975:o24:t0|wikt:entry:p23290:r401274:o0:t0|wikt:entry:p23290:r401274:o1201:t0|wikt:entry:p9651:r508997:o0:t0	0.988	GOLD	
RT-070b857330	י־שׁ־ע	ישׁע	י	ש	ע			3			False	True	False	False	False	False	False	False	False	False	False	False	True	False	False	False	True	Y.C.E	initial_yod_waw	False	False	False	False	True	False	True	False	ישע	RG-e1a7041216	2	HIFIL|NIFAL	hewiktionary	wikt:conj:p33751:r522404:t0:הפעיל עבר|wikt:conj:p33751:r522404:t0:הפעיל שם הפועל|wikt:conj:p33751:r522404:t0:נפעל עבר|wikt:conj:p33751:r522404:t0:נפעל שם הפועל	0.94	SILVER	TRADITIONAL_CLASS_NOT_STATED
RT-c0cb758ac3	{{שרש3|ז|ה|ם}}	זהמ	ז	ה	מ			3			False	False	False	False	False	False	False	False	False	False	False	True	False	False	False	False	False	C.H.C	guttural_containing	False	False	False	False	False	False	True	False	זהמ	RG-c0cb758ac3	1	PIEL	hewiktionary	wikt:entry:p52201:r510285:o0:t0	0.8	SILVER	TRADITIONAL_CLASS_NOT_STATED
RT-bd848522bb	{{שרש3|ז|מ|ר|א}}, [[גזרת השלמים]]	זמר	ז	מ	ר			3	SHLEMIM	גזרת השלמים	False	False	False	False	False	False	False	False	False	False	False	False	False	True	False	False	False	C.C.R	strong	True	False	False	False	False	False	False	False	זמר	RG-bd848522bb	2	PAAL|PIEL	hewiktionary	wikt:conj:p60323:r442004:t0:פיעל עבר|wikt:conj:p60323:r442004:t0:פיעל שם הפועל|wikt:conj:p60324:r442007:t0:קל עבר|wikt:entry:p22479:r520924:o0:t0|wikt:entry:p22479:r520924:o3540:t0	0.988	GOLD	
RT-64eeeffed3	{{שרש3|ז|ו|ב}}	זוב	ז	ו	ב			3			False	False	False	False	False	True	False	False	False	False	False	False	False	False	False	False	True	C.W.C	hollow_candidate	False	False	True	False	False	False	False	False	זוב	RG-64eeeffed3	1	PAAL	hewiktionary	wikt:entry:p46283:r473720:o0:t0	0.8	SILVER	TRADITIONAL_CLASS_NOT_STATED
RT-9ac419877c	{{שרש3|ז|ח|ל}}	זחל	ז	ח	ל			3			False	False	False	False	False	False	False	False	False	False	False	True	False	False	False	False	False	C.X.C	guttural_containing	False	False	False	False	False	False	True	False	זחל	RG-9ac419877c	1	PAAL	hewiktionary	wikt:entry:p52988:r518773:o0:t0	0.8	SILVER	TRADITIONAL_CLASS_NOT_STATED
RT-6063b8641a	{{שרש3|ז|נ|ה}}	זנה	ז	נ	ה			3			False	False	False	False	False	False	True	False	False	True	False	False	True	False	False	False	True	C.N.H	final_he	False	True	False	False	False	False	True	False	זנה	RG-6063b8641a	2	PAAL|PIEL	hewiktionary	wikt:entry:p55451:r510290:o0:t0|wikt:entry:p55451:r510290:o1539:t0	0.8	SILVER	TRADITIONAL_CLASS_NOT_STATED
RT-33f0868692	{{שרש3|ז|ק|ן|גזרה=השלמים}}	זקנ	ז	ק	נ			3			False	False	False	False	False	False	False	False	False	False	False	False	False	False	False	False	False	C.C.N	strong	True	False	False	False	False	False	False	False	זקנ	RG-33f0868692	1	PAAL	hewiktionary	wikt:entry:p8756:r521951:o3582:t0	0.5	SILVER	TRADITIONAL_CLASS_NOT_STATED
RT-0c315671f3	{{שרש3|ז|ר|ע}}	זרע	ז	ר	ע			3			False	False	False	False	False	False	False	False	False	False	False	False	True	True	False	False	False	C.R.E	guttural_containing	False	False	False	False	False	False	True	False	זרע	RG-0c315671f3	2	HIFIL|PAAL	hewiktionary	wikt:entry:p2017:r521451:o3579:t0|wikt:entry:p58910:r521449:o0:t0	0.8	SILVER	TRADITIONAL_CLASS_NOT_STATED
RT-c97050f9fd	"{{שרש3|ח|ב|ל|ב}}, [[פ""ג]], [[גזרת השלמים]]"	חבל	ח	ב	ל			3	SHLEMIM	גזרת השלמים	False	False	False	False	False	False	False	False	False	False	True	False	False	False	False	False	False	X.C.C	guttural_containing	False	False	False	False	False	False	True	False	חבל	RG-c97050f9fd	2	PAAL|PIEL	hewiktionary	wikt:entry:p22171:r521935:o4888:t0|wikt:entry:p22171:r521935:o5746:t0|wikt:entry:p22171:r521935:o6344:t0|wikt:entry:p22171:r521935:o7266:t0	0.96	SILVER	
RT-752f5095b9	{{שרש3|ח|ב|ק}}, [[גזרת השלמים]]	חבק	ח	ב	ק			3	SHLEMIM	גזרת השלמים	False	False	False	False	False	False	False	False	False	False	True	False	False	False	False	False	False	X.C.C	guttural_containing	False	False	False	False	False	False	True	False	חבק	RG-752f5095b9	1	PIEL	hewiktionary	wikt:entry:p46531:r516486:o14:t0	0.8	SILVER	
RT-76361f00f6	{{שרש3|ח|ד|שׁ}}	חדשׁ	ח	ד	ש			3			False	False	False	False	False	False	False	False	False	False	True	False	False	False	False	False	False	X.C.C	guttural_containing	False	False	False	False	False	False	True	False	חדש	RG-e4986cb53e	1	PIEL	hewiktionary	wikt:conj:p60205:r441196:t0:פיעל עבר|wikt:conj:p60205:r441196:t0:פיעל שם הפועל|wikt:entry:p5126:r521953:o6285:t0	0.988	GOLD	TRADITIONAL_CLASS_NOT_STATED
RT-ef5f263c19	{{שרש3|ח|י|ך}}	חיכ	ח	י	כ			3			False	False	False	False	True	False	False	False	False	False	True	False	False	False	False	False	True	X.Y.C	hollow_candidate	False	False	True	False	False	False	True	False	חיכ	RG-ef5f263c19	1	PIEL	hewiktionary	wikt:entry:p55857:r522012:o0:t0	0.8	SILVER	TRADITIONAL_CLASS_NOT_STATED
RT-72f6725213	{{שרש3|ח|פ|ה  / ח|פ|ף}}	חפה	ח	פ	ה			3			False	False	False	False	False	False	True	False	False	True	True	False	True	False	False	False	True	X.C.H	final_he	False	True	False	False	False	False	True	False	חפה	RG-72f6725213	2	PAAL|PIEL	hewiktionary	wikt:entry:p17396:r510319:o2868:t0|wikt:entry:p17396:r510319:o3709:t0	0.8	SILVER	TRADITIONAL_CLASS_NOT_STATED
RT-cf0ab16542	{{שרש3|ח|ש|ב|גזרה=השלמים}}	חשׁב	ח	ש	ב			3	SHLEMIM	גזרת השלמים ; שלמים	False	False	False	False	False	False	False	False	False	False	True	False	False	False	False	False	False	X.C.C	guttural_containing	False	False	False	False	False	False	True	False	חשב	RG-421301cb1d	4	NIFAL|PAAL|PIEL|PUAL	hewiktionary	wikt:conj:p17649:r270850:t0:נפעל עבר|wikt:conj:p17649:r270850:t0:נפעל שם הפועל|wikt:conj:p17649:r270850:t0:פועל עבר|wikt:conj:p17649:r270850:t0:פיעל עבר|wikt:conj:p17649:r270850:t0:פיעל שם הפועל|wikt:conj:p17649:r270850:t0:קל עבר|wikt:conj:p17649:r270850:t0:קל שם הפועל|wikt:entry:p3860:r519569:o2385:t0|wikt:entry:p3860:r519569:o23:t0|wikt:entry:p43307:r519878:o0:t0|wikt:entry:p48139:r492501:o0:t0	0.9976	GOLD	
RT-9a3c8ac43c	"{{שרש3|ח|ג|ר|ב}}, [[גזרת השלמים]], [[פ""ג]]"	חגר	ח	ג	ר			3	SHLEMIM	גזרת השלמים	False	False	False	False	False	False	False	False	False	False	True	False	False	True	False	False	False	X.C.R	guttural_containing	False	False	False	False	False	False	True	False	חגר	RG-9a3c8ac43c	2	PAAL|PIEL	hewiktionary	wikt:conj:p31118:r404550:t0:קל עבר|wikt:conj:p31118:r404550:t0:קל שם הפועל|wikt:entry:p31117:r517685:o1621:t0|wikt:entry:p31117:r517685:o1986:t0|wikt:entry:p31117:r517685:o3329:t0|wikt:entry:p31117:r517685:o3915:t0	0.9995	SILVER	
RT-0c18ae9445	{{שרש3|ח|ו|ד}}	חוד	ח	ו	ד			3			False	False	False	False	False	True	False	False	False	False	True	False	False	False	False	False	True	X.W.C	hollow_candidate	False	False	True	False	False	False	True	False	חוד	RG-0c18ae9445	1	PAAL	hewiktionary	wikt:entry:p29408:r516342:o3559:t0	0.8	SILVER	TRADITIONAL_CLASS_NOT_STATED
RT-1f00eaeeab	{{שרש3|ח|ו|ה}}	חוה	ח	ו	ה			3			False	False	False	False	False	True	True	False	False	True	True	False	True	False	False	False	True	X.W.H	hollow_candidate	False	True	True	False	False	False	True	False	חוה	RG-1f00eaeeab	1	PAAL	hewiktionary	wikt:entry:p28588:r522138:o3422:t0	0.8	SILVER	TRADITIONAL_CLASS_NOT_STATED
RT-eea16fc04a	{{שרש3|ח|ז|ר|גזרה=השלמים}}	חזר	ח	ז	ר			3			False	False	False	False	False	False	False	False	False	False	True	False	False	True	False	False	False	X.C.R	guttural_containing	False	False	False	False	False	False	True	False	חזר	RG-eea16fc04a	2	PAAL|PIEL	hewiktionary	wikt:conj:p43838:r379190:t0:פיעל עבר|wikt:conj:p43838:r379190:t0:קל עבר|wikt:conj:p43838:r379190:t0:קל שם הפועל|wikt:entry:p11224:r519561:o0:t0|wikt:entry:p11224:r519561:o2478:t0	0.988	GOLD	TRADITIONAL_CLASS_NOT_STATED
RT-eb7123282f	{{שרש3|ח|ט|ף}}, [[גזרת השלמים]]	חטפ	ח	ט	פ			3	SHLEMIM	גזרת השלמים	False	False	False	False	False	False	False	False	False	False	True	False	False	False	False	False	False	X.C.C	guttural_containing	False	False	False	False	False	False	True	False	חטפ	RG-eb7123282f	1	PAAL	hewiktionary	wikt:entry:p32222:r467883:o924:t0	0.8	SILVER	
RT-ba6f14a7a5	{{שרש3|ח|ל|ם|א}}, [[נספח:גזרת השלמים|גזרת השלמים]]	חלמ	ח	ל	מ			3	SHLEMIM	גזרת השלמים	False	False	False	False	False	False	False	False	False	False	True	False	False	False	False	False	False	X.C.C	guttural_containing	False	False	False	False	False	False	True	False	חלמ	RG-ba6f14a7a5	2	HIFIL|PAAL	hewiktionary	wikt:entry:p33342:r517476:o0:t0|wikt:entry:p33342:r517476:o1362:t0|wikt:entry:p58765:r499183:o0:t0	0.96	SILVER	
RT-0d69da4b4b	{{שרש3|ח|ל|ף}}	חלפ	ח	ל	פ			3			False	False	False	False	False	False	False	False	False	False	True	False	False	False	False	False	False	X.C.C	guttural_containing	False	False	False	False	False	False	True	False	חלפ	RG-0d69da4b4b	1	PAAL	hewiktionary	wikt:conj:p56350:r448185:t0:קל עבר|wikt:entry:p52893:r521257:o0:t0	0.96	GOLD	TRADITIONAL_CLASS_NOT_STATED
RT-5c0e0e559f	{{שרש3|ח|ל|ה|א}}	חלה	ח	ל	ה			3			False	False	False	False	False	False	True	False	False	True	True	False	True	False	False	False	True	X.C.H	final_he	False	True	False	False	False	False	True	False	חלה	RG-5c0e0e559f	3	HITPAEL|PAAL|PIEL	hewiktionary	wikt:entry:p17854:r516284:o2088:t0|wikt:entry:p17854:r516284:o2810:t0|wikt:entry:p17854:r516284:o3339:t0|wikt:entry:p57593:r487549:o0:t0	0.96	SILVER	TRADITIONAL_CLASS_NOT_STATED
RT-b8ba8bb6e7	{{שרש3|ח|מ|ד}}	חמד	ח	מ	ד			3			False	False	False	False	False	False	False	False	False	False	True	False	False	False	False	False	False	X.C.C	guttural_containing	False	False	False	False	False	False	True	False	חמד	RG-b8ba8bb6e7	1	PAAL	hewiktionary	wikt:conj:p45457:r270872:t0:קל עבר|wikt:entry:p51276:r516659:o21:t0	0.96	SILVER	TRADITIONAL_CLASS_NOT_STATED
RT-d6bb624bba	{{שרש3|ח|נ|ק}}	חנק	ח	נ	ק			3			False	False	False	False	False	False	False	False	False	False	True	False	False	False	False	False	False	X.N.C	guttural_containing	False	False	False	False	False	False	True	False	חנק	RG-d6bb624bba	2	PAAL|PIEL	hewiktionary	wikt:conj:p46280:r380855:t0:פיעל עבר|wikt:conj:p46280:r380855:t0:קל עבר|wikt:entry:p26245:r510984:o1062:t0|wikt:entry:p26245:r510984:o15:t0	0.96	SILVER	TRADITIONAL_CLASS_NOT_STATED
RT-7bea774fec	{{שרש3|ח|נ|ה}}	חנה	ח	נ	ה			3			False	False	False	False	False	False	True	False	False	True	True	False	True	False	False	False	True	X.N.H	final_he	False	True	False	False	False	False	True	False	חנה	RG-7bea774fec	1	PAAL	hewiktionary	wikt:conj:p45454:r445397:t0:קל עבר|wikt:entry:p45241:r517673:o1:t0	0.96	SILVER	TRADITIONAL_CLASS_NOT_STATED
RT-6feabccd2a	{{שרש3|ח|ס|ה}}	חסה	ח	ס	ה			3			False	False	False	False	False	False	True	False	False	True	True	False	True	False	False	False	True	X.C.H	final_he	False	True	False	False	False	False	True	False	חסה	RG-6feabccd2a	1	PAAL	hewiktionary	wikt:entry:p13358:r520958:o3195:t0	0.8	SILVER	TRADITIONAL_CLASS_NOT_STATED
RT-2534437084	{{שרש3|ח|צ|ה}}	חצה	ח	צ	ה			3			False	False	False	False	False	False	True	False	False	True	True	False	True	False	False	False	True	X.C.H	final_he	False	True	False	False	False	False	True	False	חצה	RG-2534437084	1	PAAL	hewiktionary	wikt:entry:p55968:r510323:o73:t0	0.8	SILVER	TRADITIONAL_CLASS_NOT_STATED
RT-1bf8eb89b8	ח־ק־ר	חקר	ח	ק	ר			3			False	False	False	False	False	False	False	False	False	False	True	False	False	True	False	False	False	X.C.R	guttural_containing	False	False	False	False	False	False	True	False	חקר	RG-1bf8eb89b8	2	NIFAL|PAAL	hewiktionary	wikt:conj:p22236:r158531:t0:נפעל עבר|wikt:conj:p22236:r158531:t0:קל עבר	0.8	SILVER	TRADITIONAL_CLASS_NOT_STATED
RT-45cb057782	{{שרש3|ח|ר|ב|א}}, [[גזרת השלמים]]	חרב	ח	ר	ב			3	SHLEMIM	גזרת השלמים	False	False	False	False	False	False	False	False	False	False	True	False	False	True	False	False	False	X.R.C	guttural_containing	False	False	False	False	False	False	True	False	חרב	RG-45cb057782	1	PAAL	hewiktionary	wikt:conj:p32826:r513463:t0:קל עבר|wikt:conj:p32826:r513463:t0:קל שם הפועל|wikt:entry:p10231:r516152:o5773:t0	0.988	SILVER	
RT-9027d0094f	{{שרש3|ח|ת|ך|גזרה=השלמים}}	חתכ	ח	ת	כ			3			False	False	False	False	False	False	False	False	False	False	True	False	False	False	False	False	False	X.C.C	guttural_containing	False	False	False	False	False	False	True	False	חתכ	RG-9027d0094f	2	HITPAEL|PAAL	hewiktionary	wikt:conj:p58521:r521367:t0:התפעל עבר|wikt:conj:p58521:r521367:t0:קל עבר|wikt:entry:p4182:r521130:o24:t0|wikt:entry:p4186:r415616:o0:t0	0.96	SILVER	TRADITIONAL_CLASS_NOT_STATED
RT-c64a438809	ח־ק־ק	חקק	ח	ק	ק			3			False	False	False	False	False	False	False	False	False	False	True	False	False	False	True	False	True	X.C.C+GEM	geminate	False	False	False	False	False	True	True	False	חקק	RG-c64a438809	2	PAAL|PIEL	hewiktionary	wikt:conj:p32457:r266372:t0:פיעל עבר|wikt:conj:p32457:r266372:t0:פיעל שם הפועל|wikt:entry:p6817:r501271:o3423:t0	0.94	SILVER	TRADITIONAL_CLASS_NOT_STATED
RT-d8d2ebd2ce	ט־א־ט־א	טאטא	ט	א	ט	א		4			False	False	False	False	False	False	False	False	False	False	False	True	False	False	False	True	False	C.A.C.A	quadriliteral	False	False	False	False	False	False	True	True	טאטא	RG-d8d2ebd2ce	1	PIEL	hewiktionary	wikt:conj:p32579:r446404:t0:פיעל עבר|wikt:conj:p32579:r446404:t0:פיעל שם הפועל	0.94	SILVER	TRADITIONAL_CLASS_NOT_STATED
RT-bbe0290798	{{שרש3|ט|פ|ל}}	טפל	ט	פ	ל			3			False	False	False	False	False	False	False	False	False	False	False	False	False	False	False	False	False	C.C.C	strong	True	False	False	False	False	False	False	False	טפל	RG-bbe0290798	2	PAAL|PIEL	hewiktionary	wikt:entry:p28184:r504862:o0:t0|wikt:entry:p28184:r504862:o1134:t0	0.8	SILVER	TRADITIONAL_CLASS_NOT_STATED
RT-9270f2ed2b	{{שרש3|ט|ב|ח}}	טבח	ט	ב	ח			3			False	False	False	False	False	False	False	False	False	False	False	False	True	False	False	False	False	C.C.X	guttural_containing	False	False	False	False	False	False	True	False	טבח	RG-9270f2ed2b	1	PAAL	hewiktionary	wikt:entry:p34526:r516100:o4883:t0	0.8	SILVER	TRADITIONAL_CLASS_NOT_STATED
RT-8ab3a32b82	"{{שרש3|ט|ע|ם}}, [[ע""ג]], [[גזרת השלמים]]"	טעמ	ט	ע	מ			3	SHLEMIM	גזרת השלמים	False	False	False	False	False	False	False	False	False	False	False	True	False	False	False	False	False	C.E.C	guttural_containing	False	False	False	False	False	False	True	False	טעמ	RG-8ab3a32b82	1	PAAL	hewiktionary	wikt:entry:p47332:r520610:o0:t0	0.8	SILVER	
RT-0304ba3f7d	{{שרש3|ט|ע|ן}},\n[[גזרת השלמים]]	טענ	ט	ע	נ			3	SHLEMIM	גזרת השלמים	False	False	False	False	False	False	False	False	False	False	False	True	False	False	False	False	False	C.E.N	guttural_containing	False	False	False	False	False	False	True	False	טענ	RG-0304ba3f7d	2	PAAL|PUAL	hewiktionary	wikt:entry:p23440:r447686:o0:t0|wikt:entry:p23440:r447686:o2380:t0|wikt:entry:p23440:r447686:o935:t0	0.96	SILVER	
RT-ac3e6cb557	{{שרש3|ט|פ|ח|גזרה=השלמים}}	טפח	ט	פ	ח			3			False	False	False	False	False	False	False	False	False	False	False	False	True	False	False	False	False	C.C.X	guttural_containing	False	False	False	False	False	False	True	False	טפח	RG-ac3e6cb557	3	HIFIL|PAAL|PIEL	hewiktionary	wikt:entry:p54165:r510210:o50:t0|wikt:entry:p6737:r523075:o1538:t0|wikt:entry:p6737:r523075:o2052:t0|wikt:entry:p6737:r523075:o2488:t0	0.96	SILVER	TRADITIONAL_CLASS_NOT_STATED
RT-eaab24cbcb	{{שרש3|י|צ|ר}}	יצר	י	צ	ר			3			False	True	False	False	False	False	False	False	False	False	False	False	False	True	False	False	True	Y.C.R	initial_yod_waw	False	False	False	False	True	False	False	False	יצר	RG-eaab24cbcb	2	NIFAL|PAAL	hewiktionary	wikt:conj:p52581:r402724:t0:נפעל עבר|wikt:conj:p52581:r402724:t0:קל עבר|wikt:entry:p52550:r466751:o15:t0|wikt:entry:p63835:r511804:o0:t0|wikt:full:p24870:r508929:t0:נסתר_עבר|wikt:full:p24870:r508929:t1:נסתר_עבר	0.992	SILVER	TRADITIONAL_CLASS_NOT_STATED
RT-8549ae7bb9	"{{שרש3|י|ר|א}}, [[גזרת נל""א]] ו[[גזרת נפ""יו]]"	ירא	י	ר	א			3	LAMED_ALEF+PE_YOD_WAW	"גזרת נל""א ; גזרת נפ""יו ; גזרת נפ""יו ; גזרת נל""א"	False	True	False	False	False	False	False	False	True	False	False	False	True	True	False	False	True	Y.R.A	initial_yod_waw	False	False	False	False	True	False	True	False	ירא	RG-8549ae7bb9	3	NIFAL|PAAL|PIEL	hewiktionary	wikt:conj:p39424:r511396:t0:נפעל עבר|wikt:conj:p39424:r511396:t0:פיעל עבר|wikt:conj:p39424:r511396:t0:קל עבר|wikt:conj:p39424:r511396:t0:קל שם הפועל|wikt:entry:p24879:r502389:o24:t0|wikt:entry:p39423:r518496:o0:t0|wikt:entry:p39423:r518496:o1404:t0	0.97	GOLD	
RT-480a7d7568	"{{שרש3|י|שׁ|ן|א}}, [[גזרת נפ""יו]]"	ישׁנ	י	ש	נ			3	PE_YOD_WAW	"גזרת נפ""יו"	False	True	False	False	False	False	False	False	False	False	False	False	False	False	False	False	True	Y.C.N	initial_yod_waw	False	False	False	False	True	False	False	False	ישנ	RG-f737ad3bbf	1	PAAL	hewiktionary	wikt:conj:p30833:r234469:t0:קל עבר|wikt:conj:p30833:r234469:t0:קל שם הפועל|wikt:conj:p30834:r270098:t0:קל עבר|wikt:conj:p30834:r270098:t0:קל שם הפועל|wikt:entry:p23186:r521952:o0:t0	0.9993	SILVER	
RT-1e1d405fe1	{{שרש3|כ|ז|ב}}, [[גזרת השלמים]]	כזב	כ	ז	ב			3	SHLEMIM	גזרת השלמים	False	False	False	False	False	False	False	False	False	False	False	False	False	False	False	False	False	C.C.C	strong	True	False	False	False	False	False	False	False	כזב	RG-1e1d405fe1	2	PAAL|PIEL	hewiktionary	wikt:entry:p28774:r520151:o16:t0|wikt:entry:p28774:r520151:o800:t0	0.8	SILVER	
RT-39f264f09d	"{{שרש3|כ|ל|ה}}, [[גזרת נל""י/ה]]"	כלה	כ	ל	ה			3	LAMED_YOD_HE	"גזרת נל""י/ה"	False	False	False	False	False	False	True	False	False	True	False	False	True	False	False	False	True	C.C.H	final_he	False	True	False	False	False	False	True	False	כלה	RG-39f264f09d	2	PAAL|PIEL	hewiktionary	wikt:conj:p33261:r266412:t0:פיעל עבר|wikt:conj:p33261:r266412:t0:פיעל שם הפועל|wikt:conj:p33261:r266412:t0:קל עבר|wikt:conj:p33261:r266412:t0:קל שם הפועל|wikt:entry:p2051:r498369:o2773:t0|wikt:entry:p2051:r498369:o4292:t0	0.988	GOLD	
RT-740ea9fbb9	{{שרש3|כ|פ|ר|גזרה=השלמים}}	כפר	כ	פ	ר			3			False	False	False	False	False	False	False	False	False	False	False	False	False	True	False	False	False	C.C.R	strong	True	False	False	False	False	False	False	False	כפר	RG-740ea9fbb9	2	PAAL|PIEL	hewiktionary	wikt:entry:p23333:r521188:o4666:t0|wikt:entry:p23333:r521188:o6906:t0	0.8	SILVER	TRADITIONAL_CLASS_NOT_STATED
RT-a6043b4eca	{{שרש3|כ|ת|ר|א}}, שלמים	כתר	כ	ת	ר			3	SHLEMIM	שלמים	False	False	False	False	False	False	False	False	False	False	False	False	False	True	False	False	False	C.C.R	strong	True	False	False	False	False	False	False	False	כתר	RG-a6043b4eca	2	PIEL|PUAL	hewiktionary	wikt:conj:p14192:r266290:t0:פועל עבר|wikt:conj:p14192:r266290:t0:פיעל עבר|wikt:conj:p14192:r266290:t0:פיעל שם הפועל|wikt:conj:p23932:r266312:t0:פועל עבר|wikt:conj:p23932:r266312:t0:פיעל עבר|wikt:conj:p23932:r266312:t0:פיעל שם הפועל|wikt:entry:p10976:r519795:o6017:t0|wikt:entry:p10976:r519795:o7574:t0|wikt:entry:p10976:r519795:o8657:t0	0.9999	GOLD	
RT-0891939731	{{שרש3|כ|א|ב}}	כאב	כ	א	ב			3			False	False	False	False	False	False	False	False	False	False	False	True	False	False	False	False	False	C.A.C	guttural_containing	False	False	False	False	False	False	True	False	כאב	RG-0891939731	1	PAAL	hewiktionary	wikt:entry:p44594:r520276:o0:t0	0.8	SILVER	TRADITIONAL_CLASS_NOT_STATED
RT-1bf8286505	{{שרש3|כ|ב|שׁ|גזרה=השלמים}}	כבשׁ	כ	ב	ש			3			False	False	False	False	False	False	False	False	False	False	False	False	False	False	False	False	False	C.C.C	strong	True	False	False	False	False	False	False	False	כבש	RG-78bf21001b	1	PAAL	hewiktionary	wikt:conj:p17644:r396980:t0:קל עבר|wikt:conj:p17644:r396980:t0:קל שם הפועל|wikt:entry:p1968:r522469:o2672:t0	0.988	GOLD	TRADITIONAL_CLASS_NOT_STATED
RT-8d3db77420	{{שרש3|כ|מ|הּ}}	כמה	כ	מ	ה			3			False	False	False	False	False	False	True	False	False	True	False	False	True	False	False	False	True	C.C.H	final_he	False	True	False	False	False	False	True	False	כמה	RG-8d3db77420	1	PAAL	hewiktionary	wikt:entry:p40480:r513551:o2411:t0	0.8	SILVER	TRADITIONAL_CLASS_NOT_STATED
RT-9e22b52e79	"{{שרש3|כ|פ|ה}}, [[גזרת נל""י/ה]]"	כפה	כ	פ	ה			3	LAMED_YOD_HE	"גזרת נל""י/ה"	False	False	False	False	False	False	True	False	False	True	False	False	True	False	False	False	True	C.C.H	final_he	False	True	False	False	False	False	True	False	כפה	RG-9e22b52e79	2	NIFAL|PAAL	hewiktionary	wikt:conj:p56710:r433109:t0:נפעל עבר|wikt:conj:p56710:r433109:t0:קל עבר|wikt:conj:p56710:r433109:t0:קל שם הפועל|wikt:entry:p13724:r511281:o67:t0|wikt:entry:p53314:r510556:o0:t0	0.988	GOLD	
RT-1739b4a909	{{שרש3|כ|ר|ת}}, [[גזרת השלמים]]	כרת	כ	ר	ת			3	SHLEMIM	גזרת השלמים	False	False	False	False	False	False	False	False	False	False	False	False	False	True	False	False	False	C.R.C	strong	True	False	False	False	False	False	False	False	כרת	RG-1739b4a909	2	NIFAL|PAAL	hewiktionary	wikt:conj:p33013:r414010:t0:נפעל עבר|wikt:conj:p33013:r414010:t0:נפעל שם הפועל|wikt:conj:p33013:r414010:t0:קל עבר|wikt:conj:p33013:r414010:t0:קל שם הפועל|wikt:entry:p33011:r516808:o0:t0	0.988	SILVER	
RT-af6a8e6bf4	{{שרש3|ל|ב|ב|גזרה=הכפולים}}	לבב	ל	ב	ב			3			False	False	False	False	False	False	False	False	False	False	False	False	False	False	True	False	True	C.C.C+GEM	geminate	False	False	False	False	False	True	False	False	לבב	RG-af6a8e6bf4	1	PIEL	hewiktionary	wikt:entry:p49724:r520425:o0:t0|wikt:entry:p49724:r520425:o484:t0	0.96	SILVER	TRADITIONAL_CLASS_NOT_STATED
RT-9092b0fe3e	{{שרש3|ל|ה|ט}}	להט	ל	ה	ט			3			False	False	False	False	False	False	False	False	False	False	False	True	False	False	False	False	False	C.H.C	guttural_containing	False	False	False	False	False	False	True	False	להט	RG-9092b0fe3e	2	PAAL|PIEL	hewiktionary	wikt:entry:p22547:r510407:o0:t0|wikt:entry:p22547:r510407:o584:t0	0.8	SILVER	TRADITIONAL_CLASS_NOT_STATED
RT-817839a941	{{שרש3|ל|ח|ץ}}	לחצ	ל	ח	צ			3			False	False	False	False	False	False	False	False	False	False	False	True	False	False	False	False	False	C.X.C	guttural_containing	False	False	False	False	False	False	True	False	לחצ	RG-817839a941	1	PAAL	hewiktionary	wikt:entry:p6189:r487368:o0:t0	0.8	SILVER	TRADITIONAL_CLASS_NOT_STATED
RT-22dab7652b	{{שרש3|ל|ק|ח}}	לקח	ל	ק	ח			3			False	False	False	False	False	False	False	False	False	False	False	False	True	False	False	False	False	C.C.X	guttural_containing	False	False	False	False	False	False	True	False	לקח	RG-22dab7652b	3	HITPAEL|PAAL|PUAL	hewiktionary	wikt:conj:p30682:r486224:t0:פועל עבר|wikt:conj:p30682:r486224:t0:קל עבר|wikt:entry:p17615:r518057:o0:t0|wikt:entry:p17615:r518057:o3691:t0|wikt:entry:p38068:r490633:o0:t0	0.96	SILVER	TRADITIONAL_CLASS_NOT_STATED
RT-05b230ac1a	"{{שרש3|ל|ו|שׁ|גזרה=נע""ו/י}}"	לושׁ	ל	ו	ש			3			False	False	False	False	False	True	False	False	False	False	False	False	False	False	False	False	True	C.W.C	hollow_candidate	False	False	True	False	False	False	False	False	לוש	RG-31017d9586	1	PAAL	hewiktionary	wikt:conj:p48373:r275121:t0:קל עבר|wikt:conj:p48373:r275121:t0:קל שם הפועל|wikt:entry:p44165:r500653:o0:t0	0.988	GOLD	TRADITIONAL_CLASS_NOT_STATED
RT-f5b1e1c793	"{{שרש3|מ|י|ן|גזרה=נחי ע""ו}}"	מינ	מ	י	נ			3			False	False	False	False	True	False	False	False	False	False	False	False	False	False	False	False	True	C.Y.N	hollow_candidate	False	False	True	False	False	False	False	False	מינ	RG-f5b1e1c793	1	PIEL	hewiktionary	wikt:conj:p22335:r445402:t0:פיעל עבר|wikt:conj:p22335:r445402:t0:פיעל שם הפועל|wikt:entry:p1384:r517019:o4790:t0	0.988	GOLD	TRADITIONAL_CLASS_NOT_STATED
RT-16b4292b07	{{שרש3|מ|ת|ן|גזרה=שלמים}}	מתנ	מ	ת	נ			3			False	False	False	False	False	False	False	False	False	False	False	False	False	False	False	False	False	C.C.N	strong	True	False	False	False	False	False	False	False	מתנ	RG-16b4292b07	2	PIEL|PUAL	hewiktionary	wikt:entry:p20473:r522653:o4773:t0|wikt:entry:p20473:r522653:o5958:t0	0.8	SILVER	TRADITIONAL_CLASS_NOT_STATED
RT-db072aff91	"{{שרש3|מ|א|ן}}, [[גזרת השלמים]], [[ע""ג]]"	מאנ	מ	א	נ			3	SHLEMIM	גזרת השלמים	False	False	False	False	False	False	False	False	False	False	False	True	False	False	False	False	False	C.A.N	guttural_containing	False	False	False	False	False	False	True	False	מאנ	RG-db072aff91	1	PIEL	hewiktionary	wikt:conj:p32204:r266351:t0:פיעל עבר|wikt:conj:p32204:r266351:t0:פיעל שם הפועל|wikt:entry:p32202:r511191:o80:t0	0.988	GOLD	
RT-9faa71f913	{{שרש3|מ|ל|ך|גזרה=השלמים}}	מלכ	מ	ל	כ			3			False	False	False	False	False	False	False	False	False	False	False	False	False	False	False	False	False	C.C.C	strong	True	False	False	False	False	False	False	False	מלכ	RG-9faa71f913	1	PAAL	hewiktionary	wikt:entry:p1550:r523125:o5047:t0	0.8	SILVER	TRADITIONAL_CLASS_NOT_STATED
RT-bd0aeebed7	"{{שרש3|מ|נ|ה|גזרה=נחי ל""ה}}"	מנה	מ	נ	ה			3			False	False	False	False	False	False	True	False	False	True	False	False	True	False	False	False	True	C.N.H	final_he	False	True	False	False	False	False	True	False	מנה	RG-bd0aeebed7	2	PAAL|PIEL	hewiktionary	wikt:conj:p22304:r101326:t0:קל עבר|wikt:conj:p22304:r101326:t0:קל שם הפועל|wikt:conj:p22307:r101325:t0:פיעל עבר|wikt:entry:p5962:r513759:o1577:t0|wikt:entry:p5962:r513759:o3432:t0	0.988	GOLD	TRADITIONAL_CLASS_NOT_STATED
RT-4dc8dd9cfc	{{שרש|מסר|מ־ס־ר}}, [[גזרת השלמים]]	מסר	מ	ס	ר			3	SHLEMIM	גזרת השלמים	False	False	False	False	False	False	False	False	False	False	False	False	False	True	False	False	False	C.C.R	strong	True	False	False	False	False	False	False	False	מסר	RG-4dc8dd9cfc	1	PAAL	hewiktionary	wikt:entry:p6126:r489754:o0:t0	0.8	SILVER	
RT-afb25e0a3b	{{שרש3|מ|ע|ך}}	מעכ	מ	ע	כ			3			False	False	False	False	False	False	False	False	False	False	False	True	False	False	False	False	False	C.E.C	guttural_containing	False	False	False	False	False	False	True	False	מעכ	RG-afb25e0a3b	2	PAAL|PIEL	hewiktionary	wikt:entry:p50362:r512379:o0:t0|wikt:entry:p50362:r512379:o778:t0	0.8	SILVER	TRADITIONAL_CLASS_NOT_STATED
RT-2c325683f2	{{שרש3|מ|ע|ל}}	מעל	מ	ע	ל			3			False	False	False	False	False	False	False	False	False	False	False	True	False	False	False	False	False	C.E.C	guttural_containing	False	False	False	False	False	False	True	False	מעל	RG-2c325683f2	1	PAAL	hewiktionary	wikt:entry:p55153:r496120:o14:t0	0.8	SILVER	TRADITIONAL_CLASS_NOT_STATED
RT-aabf20e46d	{{שרש3|מ|שׁ|ל}}	משׁל	מ	ש	ל			3			False	False	False	False	False	False	False	False	False	False	False	False	False	False	False	False	False	C.C.C	strong	True	False	False	False	False	False	False	False	משל	RG-2a554a75d1	2	NIFAL|PAAL	hewiktionary	wikt:entry:p33873:r518490:o26:t0|wikt:entry:p50843:r511969:o1:t0	0.8	SILVER	SHIN_SIN_FROM_FORM|TRADITIONAL_CLASS_NOT_STATED
RT-0f2902f999	{{שרש3|נ|ח|ם}}	נחמ	נ	ח	מ			3			True	False	False	False	False	False	False	False	False	False	False	True	False	False	False	False	True	N.X.C	initial_nun	False	False	False	True	False	False	True	False	נחמ	RG-0f2902f999	2	PIEL|PUAL	hewiktionary	wikt:entry:p51332:r510548:o1106:t0|wikt:entry:p51332:r510548:o2609:t0	0.8	SILVER	TRADITIONAL_CLASS_NOT_STATED
RT-2e03c1f8ba	נ־ט־ל	נטל	נ	ט	ל			3	PE_NUN	"גזרת חפ""נ"	True	False	False	False	False	False	False	False	False	False	False	False	False	False	False	False	True	N.C.C	initial_nun	False	False	False	True	False	False	False	False	נטל	RG-2e03c1f8ba	2	NIFAL|PAAL	hewiktionary	wikt:conj:p30884:r270443:t0:נפעל עבר|wikt:conj:p30884:r270443:t0:נפעל שם הפועל|wikt:conj:p30884:r270443:t0:קל עבר|wikt:conj:p30884:r270443:t0:קל שם הפועל|wikt:entry:p31347:r520144:o29:t0	0.988	SILVER	
RT-a95c8c6d30	כ־ל־ם	כלמ	כ	ל	מ			3	SHLEMIM	גזרת השלמים	False	False	False	False	False	False	False	False	False	False	False	False	False	False	False	False	False	C.C.C	strong	True	False	False	False	False	False	False	False	כלמ	RG-a95c8c6d30	3	HIFIL|HUFAL|NIFAL	hewiktionary	wikt:conj:p56464:r383278:t0:הפעיל עבר|wikt:conj:p56464:r383278:t0:נפעל עבר|wikt:conj:p56464:r383278:t0:נפעל שם הפועל|wikt:entry:p56466:r510220:o0:t0|wikt:entry:p6885:r512017:o0:t0	0.96	SILVER	
RT-63ed3b77e9	{{שרש3|כ|שׁ|ל}}	כשׁל	כ	ש	ל			3			False	False	False	False	False	False	False	False	False	False	False	False	False	False	False	False	False	C.C.C	strong	True	False	False	False	False	False	False	False	כשל	RG-3c99020b52	2	NIFAL|PAAL	hewiktionary	wikt:entry:p51180:r510397:o0:t0|wikt:entry:p58471:r511506:o0:t0	0.8	SILVER	SHIN_SIN_FROM_FORM|TRADITIONAL_CLASS_NOT_STATED
RT-f59a8833a5	{{שרש|לחם א|ל־ח־ם <small>א</small>}}	לחמ	ל	ח	מ			3	SHLEMIM	שלמים.	False	False	False	False	False	False	False	False	False	False	False	True	False	False	False	False	False	C.X.C	guttural_containing	False	False	False	False	False	False	True	False	לחמ	RG-f59a8833a5	3	HIFIL|NIFAL|PAAL	hewiktionary	wikt:conj:p17775:r270010:t0:קל עבר|wikt:conj:p17776:r266298:t0:הפעיל עבר|wikt:conj:p17777:r310896:t0:הפעיל עבר|wikt:conj:p17777:r310896:t0:נפעל עבר|wikt:conj:p17777:r310896:t0:נפעל שם הפועל|wikt:conj:p17777:r310896:t0:קל עבר|wikt:entry:p17761:r471353:o0:t0|wikt:entry:p2216:r519395:o0:t0|wikt:entry:p6950:r277766:o0:t0	0.992	GOLD	
RT-eab10aa895	{{שרש3|מ|ל|ט}}, [[גזרת השלמים]]	מלט	מ	ל	ט			3	SHLEMIM	גזרת השלמים	False	False	False	False	False	False	False	False	False	False	False	False	False	False	False	False	False	C.C.C	strong	True	False	False	False	False	False	False	False	מלט	RG-eab10aa895	3	HIFIL|NIFAL|PIEL	hewiktionary	wikt:entry:p40201:r427470:o0:t0|wikt:entry:p54841:r348060:o0:t0|wikt:entry:p56967:r427472:o88:t0	0.8	SILVER	
RT-6079288fa8	"{{שרש3|נ|צ|ח}}, [[נספח:גזרת חפ""נ|גזרת חפ""נ]], [[ל""ג]]"	נצח	נ	צ	ח			3	PE_NUN	"גזרת חפ""נ, ל""ג"	True	False	False	False	False	False	False	False	False	False	False	False	True	False	False	False	True	N.C.X	initial_nun	False	False	False	True	False	False	True	False	נצח	RG-6079288fa8	1	PIEL	hewiktionary	wikt:entry:p8023:r518351:o1089:t0|wikt:entry:p8023:r518351:o21:t0	0.75	SILVER	
RT-f4ba81d8e7	{{שרש3|י|צ|ב}}	יצב	י	צ	ב			3	PE_YOD_TSADI	"חפי""צ"	False	True	False	False	False	False	False	False	False	False	False	False	False	False	False	False	True	Y.C.C	initial_yod_waw	False	False	False	False	True	False	False	False	יצב	RG-f4ba81d8e7	3	HIFIL|NIFAL|PIEL	hewiktionary	wikt:conj:p45615:r385938:t0:הפעיל עבר|wikt:conj:p45615:r385938:t0:נפעל עבר|wikt:conj:p45615:r385938:t0:פיעל עבר|wikt:entry:p56135:r510239:o0:t0|wikt:entry:p56149:r510364:o0:t0|wikt:entry:p56685:r507830:o0:t0|wikt:full:p24870:r508929:t2:נסתר_עבר|wikt:full:p24870:r508929:t4:נסתר_עבר	0.992	SILVER	
RT-55b998ab2a	ק־ב־ר	קבר	ק	ב	ר			3	SHLEMIM	גזרת השלמים	False	False	False	False	False	False	False	False	False	False	False	False	False	True	False	False	False	C.C.R	strong	True	False	False	False	False	False	False	False	קבר	RG-55b998ab2a	2	NIFAL|PAAL	hewiktionary	wikt:conj:p31934:r270594:t0:נפעל עבר|wikt:conj:p31934:r270594:t0:נפעל שם הפועל|wikt:conj:p31934:r270594:t0:קל עבר|wikt:conj:p31934:r270594:t0:קל שם הפועל|wikt:entry:p30853:r511219:o1816:t0	0.988	GOLD	
RT-65ff6e5425	ק־נ־ה	קנה	ק	נ	ה			3			False	False	False	False	False	False	True	False	False	True	False	False	True	False	False	False	True	C.N.H	final_he	False	True	False	False	False	False	True	False	קנה	RG-65ff6e5425	2	NIFAL|PAAL	hewiktionary	wikt:conj:p32968:r270804:t0:נפעל עבר|wikt:conj:p32968:r270804:t0:נפעל שם הפועל|wikt:conj:p32968:r270804:t0:קל עבר|wikt:conj:p32968:r270804:t0:קל שם הפועל|wikt:entry:p24572:r522838:o0:t0	0.988	GOLD	TRADITIONAL_CLASS_NOT_STATED
RT-46c06b2054	{{שרש3|נ|ק|ה}}	נקה	נ	ק	ה			3			True	False	False	False	False	False	True	False	False	True	False	False	True	False	False	False	True	N.C.H	final_he	False	True	False	True	False	False	True	False	נקה	RG-46c06b2054	1	?	hewiktionary	wikt:entry:p51008:r516599:o0:t0|wikt:entry:p51008:r516599:o1030:t0	0.96	QUESTIONABLE	TRADITIONAL_CLASS_NOT_STATED
RT-ba98415b76	{{שרש3|שׁ|א|ר}}	שׁאר	ש	א	ר			3			False	False	False	False	False	False	False	False	False	False	False	True	False	True	False	False	False	C.A.R	guttural_containing	False	False	False	False	False	False	True	False	שאר	RG-da03a5c1d2	2	NIFAL|PAAL	hewiktionary	wikt:entry:p36069:r514297:o2078:t0|wikt:entry:p62186:r513322:o0:t0	0.8	SILVER	TRADITIONAL_CLASS_NOT_STATED
RT-24c41fbb36	{{שרש3|שׁ|ב|ע}}	שׁבע	ש	ב	ע			3	SHLEMIM	גזרת השלמים	False	False	False	False	False	False	False	False	False	False	False	False	True	False	False	False	False	C.C.E	guttural_containing	False	False	False	False	False	False	True	False	שבע	RG-0d354365ab	2	HIFIL|NIFAL	hewiktionary	wikt:entry:p30287:r500819:o480:t0|wikt:entry:p64081:r516499:o0:t0	0.8	SILVER	ROOT_SHARES_ORTHOGRAPHY_WITH_OTHER_ROOT
RT-75beba7bc7	שׁ־בפר	שׁבר	ש	ב	ר			3			False	False	False	False	False	False	False	False	False	False	False	False	False	True	False	False	False	C.C.R	strong	True	False	False	False	False	False	False	False	שבר	RG-d7eb83632e	2	NIFAL|PAAL	hewiktionary	wikt:conj:p37647:r444409:t0:נפעל עבר|wikt:conj:p37647:r444409:t0:נפעל שם הפועל|wikt:conj:p37647:r444409:t0:קל עבר|wikt:conj:p37647:r444409:t0:קל שם הפועל|wikt:entry:p41000:r523174:o2:t0	0.988	SILVER	ROOT_SHARES_ORTHOGRAPHY_WITH_OTHER_ROOT|TRADITIONAL_CLASS_NOT_STATED
RT-7258698a1e	"{{שרש3|נ|שׂ|א}}, [[גזרת חפ""נ]] ו[[גזרת נל""א]]"	נשׂא	נ	ש	א			3	LAMED_ALEF+PE_NUN	"גזרת חפ""נ ; גזרת נל""א"	True	False	False	False	False	False	False	False	True	False	False	False	True	False	False	False	True	N.C.A	initial_nun	False	False	False	True	False	False	True	False	נשא	RG-82849be53b	4	HIFIL|HITPAEL|NIFAL|PAAL	hewiktionary	wikt:conj:p32398:r400649:t0:נפעל עבר|wikt:conj:p32398:r400649:t0:נפעל שם הפועל|wikt:conj:p32398:r400649:t0:קל עבר|wikt:conj:p32398:r400649:t0:קל שם הפועל|wikt:entry:p52599:r518255:o1091:t0|wikt:entry:p64171:r518851:o0:t0|wikt:entry:p9773:r521287:o0:t0|wikt:entry:p9773:r521287:o6652:t0	0.988	GOLD	ROOT_SHARES_ORTHOGRAPHY_WITH_OTHER_ROOT
RT-b804968563	{{שרש3|א|צ|ל}}	אצל	א	צ	ל			3			False	False	False	True	False	False	False	False	False	False	True	False	False	False	False	False	True	A.C.C	initial_alef	False	False	False	False	False	False	True	False	אצל	RG-b804968563	2	NIFAL|PAAL	hewiktionary	wikt:entry:p51513:r406576:o0:t0|wikt:entry:p51514:r510092:o0:t0|wikt:entry:p51514:r510092:o566:t0	0.96	SILVER	TRADITIONAL_CLASS_NOT_STATED
RT-a6e34ab107	"{{שרש3|ה|נ|ה}}, [[גזרת נל""י/ה]]"	הנה	ה	נ	ה			3	LAMED_YOD_HE	"גזרת נל""י/ה"	False	False	False	False	False	False	True	False	False	True	True	False	True	False	False	False	True	H.N.H	final_he	False	True	False	False	False	False	True	False	הנה	RG-a6e34ab107	2	NIFAL|PIEL	hewiktionary	wikt:conj:p34897:r286118:t0:נפעל עבר|wikt:conj:p34897:r286118:t0:פיעל עבר|wikt:entry:p34895:r519605:o4436:t0|wikt:entry:p46532:r519258:o0:t0	0.96	SILVER	
RT-2c12b12eff	{{שרש3|ע|ל|ם}}	עלמ	ע	ל	מ			3			False	False	False	False	False	False	False	False	False	False	True	False	False	False	False	False	False	E.C.C	guttural_containing	False	False	False	False	False	False	True	False	עלמ	RG-2c12b12eff	2	HITPAEL|NIFAL	hewiktionary	wikt:entry:p1881:r523089:o794:t0|wikt:entry:p55390:r495925:o0:t0	0.8	SILVER	TRADITIONAL_CLASS_NOT_STATED
RT-81ef56a97a	"{{שרש3|נ|א|ף}}, [[גזרת השלמים]], [[ע""ג]]"	נאפ	נ	א	פ			3	SHLEMIM	גזרת השלמים	True	False	False	False	False	False	False	False	False	False	False	True	False	False	False	False	True	N.A.C	initial_nun	False	False	False	True	False	False	True	False	נאפ	RG-81ef56a97a	2	PAAL|PIEL	hewiktionary	wikt:entry:p44076:r478678:o0:t0|wikt:entry:p44076:r478678:o1001:t0	0.8	SILVER	
RT-a96b9f14eb	"{{שרש3|נ|ב|ל|ב|גזרה=חפ""נ}}"	נבל	נ	ב	ל			3			True	False	False	False	False	False	False	False	False	False	False	False	False	False	False	False	True	N.C.C	initial_nun	False	False	False	True	False	False	False	False	נבל	RG-a96b9f14eb	1	PAAL	hewiktionary	wikt:conj:p33139:r270859:t0:קל עבר|wikt:entry:p14896:r522013:o5441:t0	0.96	SILVER	TRADITIONAL_CLASS_NOT_STATED
RT-92a2738b2a	{{שרש3|נ|ג|הּ}}	נגה	נ	ג	ה			3			True	False	False	False	False	False	True	False	False	True	False	False	True	False	False	False	True	N.C.H	final_he	False	True	False	True	False	False	True	False	נגה	RG-92a2738b2a	2	HIFIL|PAAL	hewiktionary	wikt:conj:p17782:r266301:t0:הפעיל עבר|wikt:entry:p14947:r514260:o5235:t0|wikt:entry:p54713:r402837:o17:t0	0.96	SILVER	TRADITIONAL_CLASS_NOT_STATED
RT-e28ddf8dd6	"{{שרש3|נ|ט|ע}}, [[גזרת חפ""נ]]"	נטע	נ	ט	ע			3	PE_NUN	"גזרת חפ""נ"	True	False	False	False	False	False	False	False	False	False	False	False	True	False	False	False	True	N.C.E	initial_nun	False	False	False	True	False	False	True	False	נטע	RG-e28ddf8dd6	1	PAAL	hewiktionary	wikt:conj:p30813:r472333:t0:קל עבר|wikt:entry:p10422:r521452:o1710:t0	0.96	SILVER	
RT-0d52374f26	"{{שרש3|נ|ו|ם}}, [[נספח:גזרת נע""ו/י|גזרת נע""ו/י]]"	נומ	נ	ו	מ			3	AYIN_WAW_YOD	"גזרת נע""ו/י"	True	False	False	False	False	True	False	False	False	False	False	False	False	False	False	False	True	N.W.C	hollow_candidate	False	False	True	True	False	False	False	False	נומ	RG-0d52374f26	1	PAAL	hewiktionary	wikt:conj:p31604:r162074:t0:קל עבר|wikt:conj:p31604:r162074:t0:קל שם הפועל|wikt:entry:p30279:r507112:o0:t0|wikt:entry:p30279:r507112:o1061:t0	0.9976	SILVER	
RT-8a5099fc74	"{{שרש3|נ|ו|ס}}, [[נספח:גזרת נע""ו/י|גזרת נע""ו/י]]"	נוס	נ	ו	ס			3	AYIN_WAW_YOD	"גזרת נע""ו/י"	True	False	False	False	False	True	False	False	False	False	False	False	False	False	False	False	True	N.W.C	hollow_candidate	False	False	True	True	False	False	False	False	נוס	RG-8a5099fc74	1	PAAL	hewiktionary	wikt:entry:p5988:r519210:o7493:t0	0.8	SILVER	
RT-68441e61ec	{{שרש3|נ|ע|ל}}	נעל	נ	ע	ל			3			True	False	False	False	False	False	False	False	False	False	False	True	False	False	False	False	True	N.E.C	initial_nun	False	False	False	True	False	False	True	False	נעל	RG-68441e61ec	1	PAAL	hewiktionary	wikt:entry:p8697:r517205:o3681:t0	0.8	SILVER	TRADITIONAL_CLASS_NOT_STATED
RT-95061826c7	{{שרש3|נ|ע|ם}}	נעמ	נ	ע	מ			3			True	False	False	False	False	False	False	False	False	False	False	True	False	False	False	False	True	N.E.C	initial_nun	False	False	False	True	False	False	True	False	נעמ	RG-95061826c7	1	PAAL	hewiktionary	wikt:conj:p56858:r388233:t0:קל עבר|wikt:entry:p52834:r519163:o0:t0	0.96	SILVER	TRADITIONAL_CLASS_NOT_STATED
RT-c56ff8a2a5	"{{שרש|נפח|נ־פ־ח}}, חפ""נ"	נפח	נ	פ	ח			3	PE_NUN+SHLEMIM	"גזרת השלמים ; גזרת חפ""נ ; חפ""נ"	True	False	False	False	False	False	False	False	False	False	False	False	True	False	False	False	True	N.C.X	initial_nun	False	False	False	True	False	False	True	False	נפח	RG-c56ff8a2a5	3	HIFIL|NIFAL|PAAL	hewiktionary	wikt:entry:p58824:r423707:o2492:t0|wikt:entry:p6762:r439887:o1814:t0|wikt:entry:p6762:r439887:o2764:t0|wikt:entry:p6762:r439887:o3179:t0	0.96	SILVER	TRADITIONAL_CLASS_VARIES_ACROSS_ENTRIES
RT-2382abd9da	{{שרש3|נ|פ|שׁ}}	נפשׁ	נ	פ	ש			3			True	False	False	False	False	False	False	False	False	False	False	False	False	False	False	False	True	N.C.C	initial_nun	False	False	False	True	False	False	False	False	נפש	RG-6339cd5a03	1	PAAL	hewiktionary	wikt:conj:p56846:r388059:t0:קל עבר|wikt:entry:p26237:r516245:o4887:t0	0.96	GOLD	TRADITIONAL_CLASS_NOT_STATED
RT-d95196403c	{{שרש3|נ|צ|ר}}	נצר	נ	צ	ר			3			True	False	False	False	False	False	False	False	False	False	False	False	False	True	False	False	True	N.C.R	initial_nun	False	False	False	True	False	False	False	False	נצר	RG-d95196403c	1	PAAL	hewiktionary	wikt:entry:p47640:r478208:o2593:t0	0.8	SILVER	TRADITIONAL_CLASS_NOT_STATED
RT-956f636c94	{{שרש3|נ|שׁ|ב}}	נשׁב	נ	ש	ב			3			True	False	False	False	False	False	False	False	False	False	False	False	False	False	False	False	True	N.C.C	initial_nun	False	False	False	True	False	False	False	False	נשב	RG-449bf35a1a	1	PAAL	hewiktionary	wikt:entry:p55567:r519606:o16:t0	0.8	SILVER	TRADITIONAL_CLASS_NOT_STATED
RT-ac067ed80c	"{{שרש3|נ|ש|ך}}, [[גזרת חפ""נ]]"	נשׁכ	נ	ש	כ			3	PE_NUN	"גזרת חפ""נ"	True	False	False	False	False	False	False	False	False	False	False	False	False	False	False	False	True	N.C.C	initial_nun	False	False	False	True	False	False	False	False	נשכ	RG-2f8c4fe42f	2	HIFIL|PAAL	hewiktionary	wikt:conj:p31103:r511205:t0:הפעיל עבר|wikt:conj:p31103:r511205:t0:קל עבר|wikt:conj:p31103:r511205:t0:קל שם הפועל|wikt:entry:p31105:r521078:o26:t0|wikt:entry:p62508:r519090:o0:t0	0.988	SILVER	SHIN_SIN_FROM_FORM
RT-b416ae4c40	"{{שרש3|נ|שׁ|ה}}, [[גזרת חפ""נ]] ו[[גזרת נל""י/ה]]"	נשׁה	נ	ש	ה			3	LAMED_YOD_HE+PE_NUN	"גזרת חפ""נ ; גזרת נל""י/ה"	True	False	False	False	False	False	True	False	False	True	False	False	True	False	False	False	True	N.C.H	final_he	False	True	False	True	False	False	True	False	נשה	RG-94ccc0313b	1	PAAL	hewiktionary	wikt:entry:p30649:r518992:o0:t0|wikt:entry:p30649:r518992:o2978:t0	0.96	SILVER	
RT-11f38a282f	ס־ב־ס־ד	סבסד	ס	ב	ס	ד		4			False	False	False	False	False	False	False	False	False	False	False	False	False	False	False	False	False	C.C.C.C	quadriliteral	False	False	False	False	False	False	False	True	סבסד	RG-11f38a282f	1	PIEL	hewiktionary	wikt:conj:p32388:r266360:t0:פיעל עבר|wikt:conj:p32388:r266360:t0:פיעל שם הפועל	0.94	SILVER	TRADITIONAL_CLASS_NOT_STATED
RT-4af9a9be67	{{שרש3|ס|ד|ר|גזרה=השלמים}}	סדר	ס	ד	ר			3			False	False	False	False	False	False	False	False	False	False	False	False	False	True	False	False	False	C.C.R	strong	True	False	False	False	False	False	False	False	סדר	RG-4af9a9be67	2	PAAL|PIEL	hewiktionary	wikt:entry:p25887:r504662:o1662:t0|wikt:entry:p25887:r504662:o2182:t0	0.8	SILVER	TRADITIONAL_CLASS_NOT_STATED
RT-546a63329b	{{שרש3|ס|י|ע}}	סיע	ס	י	ע			3			False	False	False	False	True	False	False	False	False	False	False	False	True	False	False	False	True	C.Y.E	hollow_candidate	False	False	True	False	False	False	True	False	סיע	RG-546a63329b	1	PIEL	hewiktionary	wikt:entry:p52371:r520264:o0:t0	0.3	QUESTIONABLE	TRADITIONAL_CLASS_NOT_STATED
RT-afa7b1c02a	{{שרש3|ס|כ|ך}}	סככ	ס	כ	כ			3	AYIN_AYIN	"גזרת ע""ע"	False	False	False	False	False	False	False	False	False	False	False	False	False	False	True	False	True	C.C.C+GEM	geminate	False	False	False	False	False	True	False	False	סככ	RG-afa7b1c02a	3	PAAL|PIEL	hewiktionary	wikt:entry:p10711:r466464:o1609:t0|wikt:entry:p8947:r503939:o1153:t0|wikt:entry:p8947:r503939:o662:t0	0.8	SILVER	
RT-c929f35b92	{{שרש3|ס|ל|ק|גזרה=השלמים}}	סלק	ס	ל	ק			3	SHLEMIM	גזרת השלמים	False	False	False	False	False	False	False	False	False	False	False	False	False	False	False	False	False	C.C.C	strong	True	False	False	False	False	False	False	False	סלק	RG-c929f35b92	4	HITPAEL|PAAL|PIEL|PUAL	hewiktionary	wikt:entry:p13259:r490406:o0:t0|wikt:entry:p13259:r490406:o1221:t0|wikt:entry:p13259:r490406:o3114:t0|wikt:entry:p16966:r379184:o0:t0	0.8	SILVER	
RT-5aa1d95c4b	{{שרש3|ס|מ|ל}}	סמל	ס	מ	ל			3			False	False	False	False	False	False	False	False	False	False	False	False	False	False	False	False	False	C.C.C	strong	True	False	False	False	False	False	False	False	סמל	RG-5aa1d95c4b	1	PIEL	hewiktionary	wikt:entry:p8868:r502473:o1552:t0	0.8	SILVER	TRADITIONAL_CLASS_NOT_STATED
RT-0eb95646ba	{{שרש|סמן|ס־מ־ן}}, [[גזרת השלמים]]	סמנ	ס	מ	נ			3	SHLEMIM	גזרת השלמים	False	False	False	False	False	False	False	False	False	False	False	False	False	False	False	False	False	C.C.N	strong	True	False	False	False	False	False	False	False	סמנ	RG-0eb95646ba	4	?|HITPAEL|NIFAL|PUAL	hewiktionary	wikt:conj:p20099:r429830:t0:התפעל עבר|wikt:conj:p20099:r429830:t0:פועל עבר|wikt:conj:p20099:r429830:t0:פיעל עבר|wikt:entry:p57994:r510566:o9:t0|wikt:entry:p8592:r453028:o48:t0|wikt:entry:p8592:r453028:o941:t0|wikt:entry:p8593:r156062:o0:t0	0.96	SILVER	
RT-dfd71addb2	{{שרש3|ס|נ|ן}}	סננ	ס	נ	נ			3			False	False	False	False	False	False	False	False	False	False	False	False	False	False	True	False	True	C.N.N+GEM	geminate	False	False	False	False	False	True	False	False	סננ	RG-dfd71addb2	1	PIEL	hewiktionary	wikt:conj:p16749:r324430:t0:פיעל עבר|wikt:conj:p16749:r324430:t0:פיעל שם הפועל|wikt:entry:p55612:r493769:o0:t0	0.988	GOLD	TRADITIONAL_CLASS_NOT_STATED
RT-4972cadcf0	{{שרש3|ס|פ|ח}}	ספח	ס	פ	ח			3			False	False	False	False	False	False	False	False	False	False	False	False	True	False	False	False	False	C.C.X	guttural_containing	False	False	False	False	False	False	True	False	ספח	RG-4972cadcf0	3	PAAL|PIEL|PUAL	hewiktionary	wikt:entry:p52481:r510612:o1830:t0|wikt:entry:p52481:r510612:o30:t0|wikt:entry:p52481:r510612:o704:t0	0.8	SILVER	TRADITIONAL_CLASS_NOT_STATED
RT-8ebb3b54e2	{{שרש3|ס|ר|ב}}	סרב	ס	ר	ב			3			False	False	False	False	False	False	False	False	False	False	False	False	False	True	False	False	False	C.R.C	strong	True	False	False	False	False	False	False	False	סרב	RG-8ebb3b54e2	1	PIEL	hewiktionary	wikt:entry:p53905:r519503:o0:t0	0.8	SILVER	TRADITIONAL_CLASS_NOT_STATED
RT-a32db12c99	{{שרש3|ס|ג|ד}}	סגד	ס	ג	ד			3			False	False	False	False	False	False	False	False	False	False	False	False	False	False	False	False	False	C.C.C	strong	True	False	False	False	False	False	False	False	סגד	RG-a32db12c99	1	PAAL	hewiktionary	wikt:entry:p52384:r448616:o0:t0	0.8	SILVER	TRADITIONAL_CLASS_NOT_STATED
RT-9854152c75	{{שרש3|ס|ח|ר}}	סחר	ס	ח	ר			3			False	False	False	False	False	False	False	False	False	False	False	True	False	True	False	False	False	C.X.R	guttural_containing	False	False	False	False	False	False	True	False	סחר	RG-9854152c75	1	PAAL	hewiktionary	wikt:entry:p53405:r521268:o0:t0|wikt:entry:p53405:r521268:o837:t0	0.96	SILVER	TRADITIONAL_CLASS_NOT_STATED
RT-0d40fcd6a9	{{שרש3|ס|נ|ט}}	סנט	ס	נ	ט			3			False	False	False	False	False	False	False	False	False	False	False	False	False	False	False	False	False	C.N.C	strong	True	False	False	False	False	False	False	False	סנט	RG-0d40fcd6a9	1	PAAL	hewiktionary	wikt:entry:p52453:r423512:o20:t0	0.8	SILVER	TRADITIONAL_CLASS_NOT_STATED
RT-7b18e3afdd	{{שרש3|ס|ת|ם}}, [[גזרת השלמים]]	סתמ	ס	ת	מ			3	SHLEMIM	גזרת השלמים	False	False	False	False	False	False	False	False	False	False	False	False	False	False	False	False	False	C.C.C	strong	True	False	False	False	False	False	False	False	סתמ	RG-7b18e3afdd	2	PAAL|PIEL	hewiktionary	wikt:entry:p30135:r520049:o0:t0|wikt:entry:p30135:r520049:o1663:t0	0.8	SILVER	
RT-eda481ac84	{{שרש3|ע|ט|ר}}	עטר	ע	ט	ר			3			False	False	False	False	False	False	False	False	False	False	True	False	False	True	False	False	False	E.C.R	guttural_containing	False	False	False	False	False	False	True	False	עטר	RG-eda481ac84	1	PIEL	hewiktionary	wikt:entry:p50397:r438278:o14:t0	0.8	SILVER	TRADITIONAL_CLASS_NOT_STATED
RT-0bee4a5dcb	{{שרש3|ע|צ|ב|ב|גזרה=השלמים}}	עצב	ע	צ	ב			3			False	False	False	False	False	False	False	False	False	False	True	False	False	False	False	False	False	E.C.C	guttural_containing	False	False	False	False	False	False	True	False	עצב	RG-0bee4a5dcb	1	PIEL	hewiktionary	wikt:entry:p31448:r521561:o7391:t0|wikt:entry:p31448:r521561:o9032:t0	0.96	SILVER	TRADITIONAL_CLASS_NOT_STATED
RT-1ab0a6a48f	{{שרש3|ע|ב|ד|גזרה=השלמים}}	עבד	ע	ב	ד			3			False	False	False	False	False	False	False	False	False	False	True	False	False	False	False	False	False	E.C.C	guttural_containing	False	False	False	False	False	False	True	False	עבד	RG-1ab0a6a48f	3	PAAL|PIEL|PUAL	hewiktionary	wikt:conj:p20104:r389209:t0:פועל עבר|wikt:conj:p20104:r389209:t0:פיעל עבר|wikt:conj:p20104:r389209:t0:קל עבר|wikt:conj:p20104:r389209:t0:קל שם הפועל|wikt:entry:p5865:r511415:o2133:t0|wikt:entry:p5865:r511415:o3884:t0|wikt:entry:p5865:r511415:o4433:t0	0.988	GOLD	TRADITIONAL_CLASS_NOT_STATED
RT-7bc04d20bb	{{שרש3|ע|ז|ב}}	עזב	ע	ז	ב			3			False	False	False	False	False	False	False	False	False	False	True	False	False	False	False	False	False	E.C.C	guttural_containing	False	False	False	False	False	False	True	False	עזב	RG-7bc04d20bb	2	PAAL|PUAL	hewiktionary	wikt:entry:p53209:r511417:o0:t0|wikt:entry:p53209:r511417:o2658:t0	0.8	SILVER	TRADITIONAL_CLASS_NOT_STATED
RT-f952e127bf	{{שרש3|ע|ז|ר}}	עזר	ע	ז	ר			3			False	False	False	False	False	False	False	False	False	False	True	False	False	True	False	False	False	E.C.R	guttural_containing	False	False	False	False	False	False	True	False	עזר	RG-f952e127bf	1	PAAL	hewiktionary	wikt:conj:p56839:r388006:t0:קל עבר|wikt:entry:p56838:r490990:o0:t0	0.96	GOLD	TRADITIONAL_CLASS_NOT_STATED
RT-491133579c	{{שרש3|ע|צ|ם}}	עצמ	ע	צ	מ			3	SHLEMIM	גזרת השלמים	False	False	False	False	False	False	False	False	False	False	True	False	False	False	False	False	False	E.C.C	guttural_containing	False	False	False	False	False	False	True	False	עצמ	RG-491133579c	2	HITPAEL|PAAL	hewiktionary	wikt:conj:p57830:r402861:t0:התפעל עבר|wikt:conj:p57830:r402861:t0:קל עבר|wikt:entry:p26964:r403854:o0:t0|wikt:entry:p43946:r522733:o5569:t0|wikt:entry:p43946:r522733:o6314:t0	0.992	SILVER	
RT-1b64fe7146	"{{שרש3|ע|ק|ב}}, [[גזרת השלמים]], [[ע""ג]]"	עקב	ע	ק	ב			3	SHLEMIM	גזרת השלמים	False	False	False	False	False	False	False	False	False	False	True	False	False	False	False	False	False	E.C.C	guttural_containing	False	False	False	False	False	False	True	False	עקב	RG-1b64fe7146	1	PAAL	hewiktionary	wikt:conj:p21448:r94374:t0:קל עבר|wikt:conj:p21448:r94374:t0:קל שם הפועל|wikt:entry:p21450:r511554:o0:t0	0.988	GOLD	
RT-7a6cc08543	{{שרש3|ע|ק|ד}}, [[גזרת השלמים]]	עקד	ע	ק	ד			3	SHLEMIM	גזרת השלמים	False	False	False	False	False	False	False	False	False	False	True	False	False	False	False	False	False	E.C.C	guttural_containing	False	False	False	False	False	False	True	False	עקד	RG-7a6cc08543	1	PAAL	hewiktionary	wikt:conj:p17168:r170804:t0:קל עבר|wikt:conj:p17168:r170804:t0:קל שם הפועל|wikt:entry:p35780:r431256:o0:t0	0.988	GOLD	
RT-5b2c322c61	{{שרש3|ע|ר|ב|גזרה=השלמים}}	ערב	ע	ר	ב			3			False	False	False	False	False	False	False	False	False	False	True	False	False	True	False	False	False	E.R.C	guttural_containing	False	False	False	False	False	False	True	False	ערב	RG-5b2c322c61	2	PAAL|PIEL	hewiktionary	wikt:entry:p7914:r521695:o3605:t0|wikt:entry:p7914:r521695:o8365:t0|wikt:entry:p7914:r521695:o8944:t0	0.96	SILVER	TRADITIONAL_CLASS_NOT_STATED
RT-9d78865c45	{{שרש3|ע|ר|ק}}	ערק	ע	ר	ק			3			False	False	False	False	False	False	False	False	False	False	True	False	False	True	False	False	False	E.R.C	guttural_containing	False	False	False	False	False	False	True	False	ערק	RG-9d78865c45	1	PAAL	hewiktionary	wikt:entry:p50632:r521812:o45:t0	0.8	SILVER	TRADITIONAL_CLASS_NOT_STATED
RT-82955fc744	{{שרש3|פ|ה|ק}}	פהק	פ	ה	ק			3			False	False	False	False	False	False	False	False	False	False	False	True	False	False	False	False	False	C.H.C	guttural_containing	False	False	False	False	False	False	True	False	פהק	RG-82955fc744	1	PIEL	hewiktionary	wikt:conj:p32105:r155877:t0:פיעל עבר|wikt:conj:p32105:r155877:t0:פיעל שם הפועל|wikt:entry:p55543:r520956:o0:t0	0.988	GOLD	TRADITIONAL_CLASS_NOT_STATED
RT-9889f55a4f	{{שרש4|פ|ל|פ|ל}} [[גזירת המרובעים]]	פלפל	פ	ל	פ	ל		4	QUADRILITERAL	גזירת המרובעים	False	False	False	False	False	False	False	False	False	False	False	False	False	False	False	True	False	C.C.C.C	quadriliteral	False	False	False	False	False	False	False	True	פלפל	RG-9889f55a4f	1	PIEL	hewiktionary	wikt:entry:p8794:r477138:o3400:t0	0.8	SILVER	
RT-f87b1ae9a8	{{שרש3|פ|ס|ל}}	פסל	פ	ס	ל			3			False	False	False	False	False	False	False	False	False	False	False	False	False	False	False	False	False	C.C.C	strong	True	False	False	False	False	False	False	False	פסל	RG-f87b1ae9a8	2	PAAL|PIEL	hewiktionary	wikt:entry:p25108:r511309:o4202:t0|wikt:entry:p25108:r511309:o5385:t0|wikt:entry:p25108:r511309:o6272:t0	0.96	SILVER	TRADITIONAL_CLASS_NOT_STATED
RT-b94679e77f	"{{שרש|פצה ב|פ־צ־ה <small>ב</small>}}, [[גזרת נל""י/ה]]"	פצה	פ	צ	ה			3	LAMED_YOD_HE	"גזרת נל""י/ה"	False	False	False	False	False	False	True	False	False	True	False	False	True	False	False	False	True	C.C.H	final_he	False	True	False	False	False	False	True	False	פצה	RG-b94679e77f	2	PAAL|PIEL	hewiktionary	wikt:entry:p11894:r522560:o0:t0|wikt:entry:p11894:r522560:o2179:t0|wikt:entry:p11894:r522560:o950:t0	0.96	SILVER	
RT-10b4df06bb	{{שרש4|פֿ|ס|פֿ|ס}}	פספס	פ	ס	פ	ס		4			False	False	False	False	False	False	False	False	False	False	False	False	False	False	False	True	False	C.C.C.C	quadriliteral	False	False	False	False	False	False	False	True	פספס	RG-10b4df06bb	1	PIEL	hewiktionary	wikt:entry:p31206:r454169:o71:t0	0.8	SILVER	TRADITIONAL_CLASS_NOT_STATED
RT-47c368f27d	{{שרש3|פ|ד|ה}}	פדה	פ	ד	ה			3			False	False	False	False	False	False	True	False	False	True	False	False	True	False	False	False	True	C.C.H	final_he	False	True	False	False	False	False	True	False	פדה	RG-47c368f27d	1	PAAL	hewiktionary	wikt:entry:p55981:r495679:o0:t0	0.8	SILVER	TRADITIONAL_CLASS_NOT_STATED
RT-ed2098307b	{{שרש3|פ|ר|ח|א|גזרה=השלמים}}	פרח	פ	ר	ח			3			False	False	False	False	False	False	False	False	False	False	False	False	True	True	False	False	False	C.R.X	guttural_containing	False	False	False	False	False	False	True	False	פרח	RG-ed2098307b	1	PAAL	hewiktionary	wikt:conj:p16686:r85559:t0:קל עבר|wikt:conj:p16686:r85559:t0:קל שם הפועל|wikt:conj:p16687:r85561:t0:קל עבר|wikt:conj:p16687:r85561:t0:קל שם הפועל|wikt:entry:p4301:r496306:o4098:t0|wikt:entry:p4301:r496306:o6264:t0	0.9999	GOLD	TRADITIONAL_CLASS_NOT_STATED
RT-ab5a6f9597	{{שרש3|פ|ר|ס}}	פרס	פ	ר	ס			3			False	False	False	False	False	False	False	False	False	False	False	False	False	True	False	False	False	C.R.C	strong	True	False	False	False	False	False	False	False	פרס	RG-ab5a6f9597	2	HIFIL|PAAL	hewiktionary	wikt:conj:p20122:r266306:t0:הפעיל עבר|wikt:conj:p20122:r266306:t0:קל עבר|wikt:conj:p20122:r266306:t0:קל שם הפועל|wikt:entry:p44422:r522858:o0:t0|wikt:entry:p52311:r510235:o0:t0|wikt:entry:p52311:r510235:o780:t0	0.992	GOLD	TRADITIONAL_CLASS_NOT_STATED
RT-c437ec1e04	{{שרש3|פ|ר|ץ}}	פרצ	פ	ר	צ			3			False	False	False	False	False	False	False	False	False	False	False	False	False	True	False	False	False	C.R.C	strong	True	False	False	False	False	False	False	False	פרצ	RG-c437ec1e04	1	PAAL	hewiktionary	wikt:conj:p15425:r318092:t0:קל עבר|wikt:conj:p15425:r318092:t0:קל שם הפועל|wikt:entry:p55632:r512173:o0:t0	0.988	GOLD	TRADITIONAL_CLASS_NOT_STATED
RT-17d5372106	{{שרש3|פ|ר|ק}}	פרק	פ	ר	ק			3			False	False	False	False	False	False	False	False	False	False	False	False	False	True	False	False	False	C.R.C	strong	True	False	False	False	False	False	False	False	פרק	RG-17d5372106	2	PAAL|PIEL	hewiktionary	wikt:conj:p15426:r453026:t0:פיעל עבר|wikt:conj:p15426:r453026:t0:קל עבר|wikt:conj:p15426:r453026:t0:קל שם הפועל|wikt:entry:p19275:r514396:o2512:t0|wikt:entry:p19275:r514396:o3854:t0	0.988	GOLD	TRADITIONAL_CLASS_NOT_STATED
RT-355894ec89	{{שרש3|פ|ר|שׁ|ג}}	פרשׁ	פ	ר	ש			3	SHLEMIM	"שלמים-ע""ג"	False	False	False	False	False	False	False	False	False	False	False	False	False	True	False	False	False	C.R.C	strong	True	False	False	False	False	False	False	False	פרש	RG-7cd892ceed	3	HIFIL|PAAL|PUAL	hewiktionary	wikt:entry:p15386:r523130:o3009:t0|wikt:entry:p15386:r523130:o4214:t0|wikt:entry:p52663:r373665:o0:t0	0.8	SILVER	ROOT_SHARES_ORTHOGRAPHY_WITH_OTHER_ROOT
RT-f0939c2514	{{שרש3|פ|ר|ה}}	פרה	פ	ר	ה			3			False	False	False	False	False	False	True	False	False	True	False	False	True	True	False	False	True	C.R.H	final_he	False	True	False	False	False	False	True	False	פרה	RG-f0939c2514	1	PAAL	hewiktionary	wikt:conj:p20114:r266304:t0:קל עבר|wikt:conj:p20114:r266304:t0:קל שם הפועל|wikt:entry:p8529:r476779:o3083:t0	0.988	GOLD	TRADITIONAL_CLASS_NOT_STATED
RT-abba832ed5	{{שרש3|צ|ט|ט}}	צטט	צ	ט	ט			3			False	False	False	False	False	False	False	False	False	False	False	False	False	False	True	False	True	C.C.C+GEM	geminate	False	False	False	False	False	True	False	False	צטט	RG-abba832ed5	1	PIEL	hewiktionary	wikt:entry:p53318:r510731:o0:t0	0.8	SILVER	TRADITIONAL_CLASS_NOT_STATED
RT-0c8c721a55	{{שרש4|צ|נ|ז|ר}}	צנזר	צ	נ	ז	ר		4			False	False	False	False	False	False	False	False	False	False	False	False	False	True	False	False	False	C.N.C.R	quadriliteral	False	False	False	False	False	False	False	True	צנזר	RG-0c8c721a55	1	PIEL	hewiktionary	wikt:entry:p61353:r456876:o0:t0	0.8	SILVER	TRADITIONAL_CLASS_NOT_STATED
RT-a79ea71a53	{{שרש3|צ|ר|ף}}	צרפ	צ	ר	פ			3			False	False	False	False	False	False	False	False	False	False	False	False	False	True	False	False	False	C.R.C	strong	True	False	False	False	False	False	False	False	צרפ	RG-a79ea71a53	2	PAAL|PIEL	hewiktionary	wikt:entry:p50460:r512381:o0:t0|wikt:entry:p50460:r512381:o823:t0	0.8	SILVER	TRADITIONAL_CLASS_NOT_STATED
RT-a8c9fd73dc	{{שרש3|צ|ב|א}}	צבא	צ	ב	א			3			False	False	False	False	False	False	False	False	True	False	False	False	True	False	False	False	True	C.C.A	final_alef	False	False	False	False	False	False	True	False	צבא	RG-a8c9fd73dc	1	PAAL	hewiktionary	wikt:entry:p15263:r510729:o3254:t0	0.8	SILVER	TRADITIONAL_CLASS_NOT_STATED
RT-85e30697af	{{שרש3|צ|י|ד}}	ציד	צ	י	ד			3	AYIN_WAW_YOD	"גזרת נע""ו/י"	False	False	False	False	True	False	False	False	False	False	False	False	False	False	False	False	True	C.Y.C	hollow_candidate	False	False	True	False	False	False	False	False	ציד	RG-85e30697af	3	HITPAEL|NIFAL|PAAL	hewiktionary	wikt:entry:p44923:r427902:o0:t0|wikt:entry:p50405:r502804:o0:t0|wikt:entry:p61570:r510241:o0:t0	0.8	SILVER	
RT-dba1adc46f	{{שרש3|צ|ד|ק}}	צדק	צ	ד	ק			3			False	False	False	False	False	False	False	False	False	False	False	False	False	False	False	False	False	C.C.C	strong	True	False	False	False	False	False	False	False	צדק	RG-dba1adc46f	1	PAAL	hewiktionary	wikt:entry:p14638:r519326:o4008:t0	0.8	SILVER	TRADITIONAL_CLASS_NOT_STATED
RT-c84332334c	{{שרש3|צ|ל|ע}}	צלע	צ	ל	ע			3			False	False	False	False	False	False	False	False	False	False	False	False	True	False	False	False	False	C.C.E	guttural_containing	False	False	False	False	False	False	True	False	צלע	RG-c84332334c	1	PAAL	hewiktionary	wikt:entry:p28546:r518708:o3815:t0	0.8	SILVER	TRADITIONAL_CLASS_NOT_STATED
RT-63effbcb00	"{{שרש3|צ|מ|א}}, [[גזרת נל""א]]"	צמא	צ	מ	א			3	LAMED_ALEF	"גזרת נל""א"	False	False	False	False	False	False	False	False	True	False	False	False	True	False	False	False	True	C.C.A	final_alef	False	False	False	False	False	False	True	False	צמא	RG-63effbcb00	1	PAAL	hewiktionary	wikt:entry:p43210:r520648:o0:t0	0.8	SILVER	
RT-0d7604860b	{{שרש3|צ|מ|ח}},שלמים	צמח	צ	מ	ח			3	SHLEMIM	שלמים	False	False	False	False	False	False	False	False	False	False	False	False	True	False	False	False	False	C.C.X	guttural_containing	False	False	False	False	False	False	True	False	צמח	RG-0d7604860b	2	HIFIL|PAAL	hewiktionary	wikt:conj:p56995:r518943:t0:הפעיל עבר|wikt:conj:p56995:r518943:t0:קל עבר|wikt:entry:p1448:r520680:o3836:t0|wikt:entry:p56994:r464585:o0:t0	0.96	SILVER	
RT-08244b48c3	{{שרש3|צ|ע|ק}}\nגזרה: שלמים	צעק	צ	ע	ק			3	SHLEMIM	גזרה: שלמים	False	False	False	False	False	False	False	False	False	False	False	True	False	False	False	False	False	C.E.C	guttural_containing	False	False	False	False	False	False	True	False	צעק	RG-08244b48c3	2	PAAL|PIEL	hewiktionary	wikt:entry:p52607:r510743:o0:t0|wikt:entry:p52607:r510743:o1540:t0	0.8	SILVER	
RT-ed6eec1277	"{{שרש3|צ|ו|ף}}, [[נספח:גזרת נע""ו/י|גזרת נע""ו/י]]"	צופ	צ	ו	פ			3	AYIN_WAW_YOD	"גזרת נע""ו/י"	False	False	False	False	False	True	False	False	False	False	False	False	False	False	False	False	True	C.W.C	hollow_candidate	False	False	True	False	False	False	False	False	צופ	RG-ed6eec1277	2	HIFIL|PAAL	hewiktionary	wikt:entry:p44548:r519621:o0:t0|wikt:entry:p45311:r352182:o0:t0	0.8	SILVER	
RT-5b44f5834b	{{שרש3|ק|ד|שׁ}}	קדשׁ	ק	ד	ש			3			False	False	False	False	False	False	False	False	False	False	False	False	False	False	False	False	False	C.C.C	strong	True	False	False	False	False	False	False	False	קדש	RG-4886146c75	2	PAAL|PIEL	hewiktionary	wikt:entry:p17159:r520492:o1220:t0|wikt:entry:p17159:r520492:o2615:t0	0.8	SILVER	TRADITIONAL_CLASS_NOT_STATED
RT-7a1dab7570	{{שרש|קטר א|ק־ט־ר <small>א</small>}}	קטר	ק	ט	ר			3		גזור שם.	False	False	False	False	False	False	False	False	False	False	False	False	False	True	False	False	False	C.C.R	strong	True	False	False	False	False	False	False	False	קטר	RG-7a1dab7570	1	PIEL	hewiktionary	wikt:entry:p18054:r517680:o2277:t0|wikt:entry:p18054:r517680:o54:t0	0.96	SILVER	TRADITIONAL_CLASS_NOT_STATED|TRADITIONAL_CLASS_UNMAPPED_LABEL
RT-5a29283243	{{שרש3|ק|ל|ה}}	קלה	ק	ל	ה			3			False	False	False	False	False	False	True	False	False	True	False	False	True	False	False	False	True	C.C.H	final_he	False	True	False	False	False	False	True	False	קלה	RG-5a29283243	2	NIFAL|PAAL	hewiktionary	wikt:entry:p52309:r510764:o97:t0	0.8	SILVER	TRADITIONAL_CLASS_NOT_STATED
RT-f04c939084	{{שרש3|ק|צ|ף}}, [[גזרת השלמים]]	קצפ	ק	צ	פ			3	SHLEMIM	גזרת השלמים	False	False	False	False	False	False	False	False	False	False	False	False	False	False	False	False	False	C.C.C	strong	True	False	False	False	False	False	False	False	קצפ	RG-f04c939084	1	PAAL	hewiktionary	wikt:conj:p45474:r235863:t0:קל עבר|wikt:conj:p45474:r235863:t0:קל שם הפועל|wikt:entry:p6175:r520688:o3720:t0	0.988	GOLD	
RT-df08a760ea	{{שרש|קרן |ק־ר־ן <small></small>}}	קרנ	ק	ר	נ			3			False	False	False	False	False	False	False	False	False	False	False	False	False	True	False	False	False	C.R.N	strong	True	False	False	False	False	False	False	False	קרנ	RG-df08a760ea	2	HIFIL|PAAL	hewiktionary	wikt:conj:p63641:r508975:t0:הפעיל עבר|wikt:conj:p63641:r508975:t0:קל עבר|wikt:conj:p63641:r508975:t0:קל שם הפועל|wikt:entry:p18706:r522522:o6290:t0|wikt:entry:p56992:r389997:o0:t0	0.988	GOLD	TRADITIONAL_CLASS_NOT_STATED
RT-f2ee753c1c	{{שרש3|ק|ר|ה}}	קרה	ק	ר	ה			3			False	False	False	False	False	False	True	False	False	True	False	False	True	True	False	False	True	C.R.H	final_he	False	True	False	False	False	False	True	False	קרה	RG-f2ee753c1c	3	NIFAL|PAAL|PIEL	hewiktionary	wikt:entry:p52593:r519624:o2353:t0|wikt:entry:p52593:r519624:o33:t0|wikt:entry:p57704:r497029:o1075:t0	0.8	SILVER	TRADITIONAL_CLASS_NOT_STATED
RT-49723f5275	{{שרש3|ר|ה|ט}}	רהט	ר	ה	ט			3			False	False	False	False	False	False	False	False	False	False	False	True	False	True	False	False	False	R.H.C	guttural_containing	False	False	False	False	False	False	True	False	רהט	RG-49723f5275	3	PAAL|PIEL|PUAL	hewiktionary	wikt:conj:p41250:r378191:t0:פועל עבר|wikt:conj:p41250:r378191:t0:פיעל עבר|wikt:conj:p41250:r378191:t0:פיעל שם הפועל|wikt:conj:p41250:r378191:t0:קל עבר|wikt:entry:p21164:r502177:o1877:t0|wikt:entry:p21164:r502177:o3215:t0	0.988	GOLD	TRADITIONAL_CLASS_NOT_STATED
RT-c2cd614d50	{{שרש3|ר|מ|ה}}	רמה	ר	מ	ה			3			False	False	False	False	False	False	True	False	False	True	False	False	True	True	False	False	True	R.C.H	final_he	False	True	False	False	False	False	True	False	רמה	RG-c2cd614d50	2	PAAL|PIEL	hewiktionary	wikt:entry:p31819:r497118:o1748:t0|wikt:entry:p31819:r497118:o4064:t0	0.8	SILVER	TRADITIONAL_CLASS_NOT_STATED
RT-16ce21aa71	{{שרש3|ר|פ|ד}}	רפד	ר	פ	ד			3			False	False	False	False	False	False	False	False	False	False	False	False	False	True	False	False	False	R.C.C	strong	True	False	False	False	False	False	False	False	רפד	RG-16ce21aa71	2	PAAL|PIEL	hewiktionary	wikt:entry:p57196:r478329:o0:t0|wikt:entry:p57196:r478329:o526:t0	0.8	SILVER	TRADITIONAL_CLASS_NOT_STATED
RT-e319d57c7e	{{שרש3|ר|צ|ד}}, [[נספח:גזרת השלמים|גזרת השלמים]]	רצד	ר	צ	ד			3	SHLEMIM	גזרת השלמים	False	False	False	False	False	False	False	False	False	False	False	False	False	True	False	False	False	R.C.C	strong	True	False	False	False	False	False	False	False	רצד	RG-e319d57c7e	1	PAAL	hewiktionary	wikt:entry:p28627:r372947:o0:t0	0.8	QUESTIONABLE	
RT-1face1a1b4	{{שרש3|ר|ק|ע}}	רקע	ר	ק	ע			3			False	False	False	False	False	False	False	False	False	False	False	False	True	True	False	False	False	R.C.E	guttural_containing	False	False	False	False	False	False	True	False	רקע	RG-1face1a1b4	3	HIFIL|PAAL|PIEL	hewiktionary	wikt:entry:p29232:r521776:o1551:t0|wikt:entry:p29232:r521776:o841:t0|wikt:entry:p51463:r510248:o0:t0	0.8	SILVER	TRADITIONAL_CLASS_NOT_STATED
RT-6a16c30131	{{שרש3|ר|שׁ|ת}}	רשׁת	ר	ש	ת			3			False	False	False	False	False	False	False	False	False	False	False	False	False	True	False	False	False	R.C.C	strong	True	False	False	False	False	False	False	False	רשת	RG-08fe485dba	1	PIEL	hewiktionary	wikt:conj:p33721:r329215:t0:פיעל עבר|wikt:conj:p33721:r329215:t0:פיעל שם הפועל|wikt:entry:p51904:r520520:o2922:t0	0.988	SILVER	TRADITIONAL_CLASS_NOT_STATED
RT-4480242508	{{שרש3|ר|ע|ה}}	רעה	ר	ע	ה			3			False	False	False	False	False	False	True	False	False	True	False	True	True	True	False	False	True	R.E.H	final_he	False	True	False	False	False	False	True	False	רעה	RG-4480242508	1	PAAL	hewiktionary	wikt:entry:p56438:r510806:o89:t0	0.8	SILVER	TRADITIONAL_CLASS_NOT_STATED
RT-792b3f99d7	{{שרש|רצח|ר־צ־ח}}	רצח	ר	צ	ח			3			False	False	False	False	False	False	False	False	False	False	False	False	True	True	False	False	False	R.C.X	guttural_containing	False	False	False	False	False	False	True	False	רצח	RG-792b3f99d7	1	PAAL	hewiktionary	wikt:entry:p19893:r518815:o1162:t0	0.8	SILVER	TRADITIONAL_CLASS_NOT_STATED
RT-2d82abb04b	{{שרש3|ש|ב|ח}}	שׁבח	ש	ב	ח			3			False	False	False	False	False	False	False	False	False	False	False	False	True	False	False	False	False	C.C.X	guttural_containing	False	False	False	False	False	False	True	False	שבח	RG-baa3301495	2	HIFIL|PIEL	hewiktionary	wikt:entry:p50538:r521251:o1575:t0|wikt:entry:p50539:r413806:o0:t0|wikt:entry:p50539:r413806:o799:t0	0.96	SILVER	SHIN_SIN_FROM_FORM|TRADITIONAL_CLASS_NOT_STATED
RT-ad0309688f	{{שרש3|ש|ד|ר}}	שׁדר	ש	ד	ר			3			False	False	False	False	False	False	False	False	False	False	False	False	False	True	False	False	False	C.C.R	strong	True	False	False	False	False	False	False	False	שדר	RG-1daad9d644	1	PIEL	hewiktionary	wikt:entry:p52473:r513158:o15:t0	0.8	SILVER	SHIN_SIN_FROM_FORM|TRADITIONAL_CLASS_NOT_STATED
RT-108211fcff	{{שרש3|ש|ח|ד}}	שׁחד	ש	ח	ד			3			False	False	False	False	False	False	False	False	False	False	False	True	False	False	False	False	False	C.X.C	guttural_containing	False	False	False	False	False	False	True	False	שחד	RG-06d1410fb8	2	PAAL|PIEL	hewiktionary	wikt:entry:p52466:r510833:o1285:t0|wikt:entry:p52466:r510833:o1830:t0	0.8	SILVER	SHIN_SIN_FROM_FORM|TRADITIONAL_CLASS_NOT_STATED
RT-a6e5885b22	{{שרש3|ש|ל|ב}}	שׁלב	ש	ל	ב			3			False	False	False	False	False	False	False	False	False	False	False	False	False	False	False	False	False	C.C.C	strong	True	False	False	False	False	False	False	False	שלב	RG-3ebaab6567	1	PIEL	hewiktionary	wikt:entry:p52699:r511754:o0:t0	0.8	SILVER	SHIN_SIN_FROM_FORM|TRADITIONAL_CLASS_NOT_STATED
RT-c96f70ac83	{{שרש3|שׁ|מ|ן}}, שלמים	שׁמנ	ש	מ	נ			3	SHLEMIM	שלמים	False	False	False	False	False	False	False	False	False	False	False	False	False	False	False	False	False	C.C.N	strong	True	False	False	False	False	False	False	False	שמנ	RG-fab9d06f35	2	PAAL|PIEL	hewiktionary	wikt:conj:p57471:r396092:t0:פיעל עבר|wikt:conj:p57471:r396092:t0:פיעל שם הפועל|wikt:conj:p57471:r396092:t0:קל עבר|wikt:entry:p9727:r522016:o3834:t0|wikt:entry:p9727:r522016:o4263:t0	0.988	GOLD	
RT-2f69e1d519	"{{שרש3|שׁ|ע|ר|א}}, [[ע""ג]]"	שׁער	ש	ע	ר			3	AYIN_GUTTURAL	"ע""ג"	False	False	False	False	False	False	False	False	False	False	False	True	False	True	False	False	False	C.E.R	guttural_containing	False	False	False	False	False	False	True	False	שער	RG-4a5b9f20c8	2	PAAL|PIEL	hewiktionary	wikt:conj:p20061:r338413:t0:פיעל עבר|wikt:conj:p20061:r338413:t0:פיעל שם הפועל|wikt:conj:p20061:r338413:t0:קל עבר|wikt:entry:p5699:r522792:o5196:t0|wikt:entry:p5699:r522792:o5727:t0|wikt:entry:p5699:r522792:o7066:t0	0.9976	GOLD	
RT-a2c45ee1da	{{שרש3|שׁ|פ|ר}}	שׁפר	ש	פ	ר			3			False	False	False	False	False	False	False	False	False	False	False	False	False	True	False	False	False	C.C.R	strong	True	False	False	False	False	False	False	False	שפר	RG-dee106e309	2	PAAL|PIEL	hewiktionary	wikt:entry:p52192:r510868:o0:t0|wikt:entry:p52192:r510868:o816:t0	0.8	SILVER	TRADITIONAL_CLASS_NOT_STATED
RT-c647463e08	{{שרש3|שׂ|ח|ק}}	שׂחק	ש	ח	ק			3			False	False	False	False	False	False	False	False	False	False	False	True	False	False	False	False	False	C.X.C	guttural_containing	False	False	False	False	False	False	True	False	שחק	RG-a96eabb20c	1	PIEL	hewiktionary	wikt:entry:p23514:r457199:o964:t0|wikt:entry:p59109:r424993:o22:t0	0.96	SILVER	ROOT_SHARES_ORTHOGRAPHY_WITH_OTHER_ROOT|TRADITIONAL_CLASS_NOT_STATED
RT-4876c1650f	{{שרש3|שׁ|ר|ת|גזרה=השלמים}}	שׁרת	ש	ר	ת			3			False	False	False	False	False	False	False	False	False	False	False	False	False	True	False	False	False	C.R.C	strong	True	False	False	False	False	False	False	False	שרת	RG-1ab3a82f95	1	PIEL	hewiktionary	wikt:conj:p17716:r324466:t0:פיעל עבר|wikt:conj:p17716:r324466:t0:פיעל שם הפועל|wikt:entry:p10509:r520025:o0:t0	0.988	SILVER	TRADITIONAL_CLASS_NOT_STATED
RT-0270be41d7	{{שרש3|שׁ|א|ל}}, [[גזרת השלמים]]	שׁאל	ש	א	ל			3	SHLEMIM	גזרת השלמים	False	False	False	False	False	False	False	False	False	False	False	True	False	False	False	False	False	C.A.C	guttural_containing	False	False	False	False	False	False	True	False	שאל	RG-4a59358d90	1	PAAL	hewiktionary	wikt:conj:p32367:r324081:t0:קל עבר|wikt:conj:p32367:r324081:t0:קל שם הפועל|wikt:entry:p22757:r516149:o55:t0	0.988	GOLD	
RT-43605933f7	"{{שרש3|שׁ|ו|ב}}, [[נספח:גזרת נע""ו/י|גזרת נע""ו/י]]"	שׁוב	ש	ו	ב			3	AYIN_WAW_YOD	"גזרת נע""ו/י"	False	False	False	False	False	True	False	False	False	False	False	False	False	False	False	False	True	C.W.C	hollow_candidate	False	False	True	False	False	False	False	False	שוב	RG-3d3f1b4adc	3	PAAL|PIEL|PUAL	hewiktionary	wikt:entry:p38827:r518424:o0:t0|wikt:entry:p45282:r522763:o3778:t0|wikt:entry:p45282:r522763:o5786:t0|wikt:entry:p45282:r522763:o7233:t0	0.96	SILVER	
RT-59528cb8ed	{{שרש3|שׁ|ב|ת}}, שלמים	שׁבת	ש	ב	ת			3	SHLEMIM	שלמים	False	False	False	False	False	False	False	False	False	False	False	False	False	False	False	False	False	C.C.C	strong	True	False	False	False	False	False	False	False	שבת	RG-82c53be82f	1	PAAL	hewiktionary	wikt:conj:p17753:r324080:t0:קל עבר|wikt:conj:p17753:r324080:t0:קל שם הפועל|wikt:entry:p2298:r522157:o7404:t0	0.988	SILVER	
RT-d21df54caf	{{שרש3|שׁ|ב|ה}}	שׁבה	ש	ב	ה			3			False	False	False	False	False	False	True	False	False	True	False	False	True	False	False	False	True	C.C.H	final_he	False	True	False	False	False	False	True	False	שבה	RG-2b55efa3aa	1	PAAL	hewiktionary	wikt:entry:p55803:r408865:o53:t0	0.8	SILVER	TRADITIONAL_CLASS_NOT_STATED
RT-07344c5af4	{{שרש3|ש|ח|ט}}	שׁחט	ש	ח	ט			3			False	False	False	False	False	False	False	False	False	False	False	True	False	False	False	False	False	C.X.C	guttural_containing	False	False	False	False	False	False	True	False	שחט	RG-f697aed5ac	1	PAAL	hewiktionary	wikt:entry:p52505:r476981:o82:t0	0.8	SILVER	SHIN_SIN_FROM_FORM|TRADITIONAL_CLASS_NOT_STATED
RT-139a3937c7	{{שרש3|שׁ|כ|ב}}, [[גזרת השלמים]]	שׁכב	ש	כ	ב			3	SHLEMIM	גזרת השלמים	False	False	False	False	False	False	False	False	False	False	False	False	False	False	False	False	False	C.C.C	strong	True	False	False	False	False	False	False	False	שכב	RG-5dfd4b0635	1	PAAL	hewiktionary	wikt:conj:p45418:r325855:t0:קל עבר|wikt:conj:p45418:r325855:t0:קל שם הפועל|wikt:entry:p35734:r523024:o0:t0	0.988	GOLD	
RT-af6074f8be	{{שרש3|שׁ|ל|ף}}, [[גזרת השלמים]]	שׁלפ	ש	ל	פ			3	SHLEMIM	גזרת השלמים	False	False	False	False	False	False	False	False	False	False	False	False	False	False	False	False	False	C.C.C	strong	True	False	False	False	False	False	False	False	שלפ	RG-2690a553f1	1	PAAL	hewiktionary	wikt:entry:p22665:r522840:o1830:t0	0.8	SILVER	
RT-36f804febe	{{שרש3|שׁ|ו|ף}}	שׁופ	ש	ו	פ			3			False	False	False	False	False	True	False	False	False	False	False	False	False	False	False	False	True	C.W.C	hollow_candidate	False	False	True	False	False	False	False	False	שופ	RG-137ae3237d	1	PAAL	hewiktionary	wikt:entry:p16693:r519407:o1164:t0	0.8	SILVER	TRADITIONAL_CLASS_NOT_STATED
RT-8bafcd5b4b	{{שרש3|ש|פ|ט}}	שׁפט	ש	פ	ט			3			False	False	False	False	False	False	False	False	False	False	False	False	False	False	False	False	False	C.C.C	strong	True	False	False	False	False	False	False	False	שפט	RG-1730c6fb94	1	PAAL	hewiktionary	wikt:conj:p20043:r329086:t0:קל עבר|wikt:entry:p53391:r517867:o77:t0	0.96	SILVER	TRADITIONAL_CLASS_NOT_STATED
RT-eda2d2dbdd	{{שרש3|ש|ק|ט|גזרה=השלמים}}	שׁקט	ש	ק	ט			3			False	False	False	False	False	False	False	False	False	False	False	False	False	False	False	False	False	C.C.C	strong	True	False	False	False	False	False	False	False	שקט	RG-3b6cb845ec	1	PAAL	hewiktionary	wikt:entry:p16736:r499920:o0:t0	0.8	SILVER	SHIN_SIN_FROM_FORM|TRADITIONAL_CLASS_NOT_STATED
RT-345a084c4a	{{שרש3|שׁ|ק|ל}}	שׁקל	ש	ק	ל			3			False	False	False	False	False	False	False	False	False	False	False	False	False	False	False	False	False	C.C.C	strong	True	False	False	False	False	False	False	False	שקל	RG-fb6afa8e8b	1	PAAL	hewiktionary	wikt:entry:p14902:r501852:o0:t0	0.8	SILVER	TRADITIONAL_CLASS_NOT_STATED
RT-272b0b29b7	"{{שרש3|ש|י|ת}}, [[נספח:גזרת נע""ו/י|גזרת נע""ו/י]]"	שׁית	ש	י	ת			3	AYIN_WAW_YOD	"גזרת נע""ו/י"	False	False	False	False	True	False	False	False	False	False	False	False	False	False	False	False	True	C.Y.C	hollow_candidate	False	False	True	False	False	False	False	False	שית	RG-6eef0eecdd	1	PAAL	hewiktionary	wikt:entry:p30424:r504041:o0:t0	0.8	SILVER	SHIN_SIN_FROM_FORM
RT-4a62a270ae	{{שרש3|שׁ|ת|ל}}	שׁתל	ש	ת	ל			3			False	False	False	False	False	False	False	False	False	False	False	False	False	False	False	False	False	C.C.C	strong	True	False	False	False	False	False	False	False	שתל	RG-3b370e5618	1	PAAL	hewiktionary	wikt:entry:p23614:r520679:o0:t0	0.8	SILVER	TRADITIONAL_CLASS_NOT_STATED
RT-0a7bc9d3b5	{{שרש3|שׂ|ב|ע}}	שׂבע	ש	ב	ע			3	SHLEMIM	גזרת השלמים	False	False	False	False	False	False	False	False	False	False	False	False	True	False	False	False	False	C.C.E	guttural_containing	False	False	False	False	False	False	True	False	שבע	RG-0d354365ab	2	HIFIL|PAAL	hewiktionary	wikt:entry:p17452:r522149:o4902:t0|wikt:entry:p30287:r500819:o0:t0	0.8	SILVER	ROOT_SHARES_ORTHOGRAPHY_WITH_OTHER_ROOT
RT-5226dd4736	{{שרש3|שׁ|ח|ק}}	שׁחק	ש	ח	ק			3			False	False	False	False	False	False	False	False	False	False	False	True	False	False	False	False	False	C.X.C	guttural_containing	False	False	False	False	False	False	True	False	שחק	RG-a96eabb20c	1	PAAL	hewiktionary	wikt:entry:p23514:r457199:o2963:t0	0.8	SILVER	ROOT_SHARES_ORTHOGRAPHY_WITH_OTHER_ROOT|TRADITIONAL_CLASS_NOT_STATED
RT-8f240005f7	שׂ־ח־ה	שׂחה	ש	ח	ה			3			False	False	False	False	False	False	True	False	False	True	False	True	True	False	False	False	True	C.X.H	final_he	False	True	False	False	False	False	True	False	שחה	RG-f20cb5b6c7	1	PAAL	hewiktionary	wikt:conj:p45398:r518835:t0:קל עבר|wikt:conj:p45398:r518835:t0:קל שם הפועל	0.94	SILVER	TRADITIONAL_CLASS_NOT_STATED
RT-76612fe279	{{שרש3|שׂ|י|ם}}	שׂימ	ש	י	מ			3			False	False	False	False	True	False	False	False	False	False	False	False	False	False	False	False	True	C.Y.C	hollow_candidate	False	False	True	False	False	False	False	False	שימ	RG-5757307b3a	3	HIFIL|HUFAL|PAAL	hewiktionary	wikt:conj:p31136:r437045:t0:הפעיל עבר|wikt:conj:p31136:r437045:t0:קל עבר|wikt:conj:p31136:r437045:t0:קל שם הפועל|wikt:entry:p19478:r512926:o4986:t0|wikt:entry:p51791:r499069:o1752:t0|wikt:entry:p59263:r493815:o0:t0	0.988	GOLD	TRADITIONAL_CLASS_NOT_STATED
RT-b880329603	{{שרש|שׂמח|שׂ־מ־ח}}	שׂמח	ש	מ	ח			3			False	False	False	False	False	False	False	False	False	False	False	False	True	False	False	False	False	C.C.X	guttural_containing	False	False	False	False	False	False	True	False	שמח	RG-2a9109b5c0	3	PAAL|PIEL|PUAL	hewiktionary	wikt:conj:p45518:r286566:t0:פועל עבר|wikt:conj:p45518:r286566:t0:פיעל עבר|wikt:conj:p45518:r286566:t0:קל עבר|wikt:conj:p45518:r286566:t0:קל שם הפועל|wikt:entry:p24946:r522472:o1491:t0|wikt:entry:p24946:r522472:o3029:t0|wikt:entry:p24946:r522472:o4061:t0	0.988	GOLD	TRADITIONAL_CLASS_NOT_STATED
RT-5860a7023c	"{{שרש3|שׂ|נ|א|גזרה=נל""א}}"	שׂנא	ש	נ	א			3			False	False	False	False	False	False	False	False	True	False	False	False	True	False	False	False	True	C.N.A	final_alef	False	False	False	False	False	False	True	False	שנא	RG-f276ebbe55	1	PAAL	hewiktionary	wikt:entry:p11656:r500779:o133:t0	0.8	SILVER	ROOT_SHARES_ORTHOGRAPHY_WITH_OTHER_ROOT|TRADITIONAL_CLASS_NOT_STATED
RT-3c011ee06f	{{שרש3|שׂ|ר|ד|א|גזרה=השלמים}}	שׂרד	ש	ר	ד			3			False	False	False	False	False	False	False	False	False	False	False	False	False	True	False	False	False	C.R.C	strong	True	False	False	False	False	False	False	False	שרד	RG-a9038bca50	1	PAAL	hewiktionary	wikt:entry:p23144:r519815:o0:t0	0.8	SILVER	TRADITIONAL_CLASS_NOT_STATED
RT-68cc815980	"{{שרש3|שׂ|י|שׂ|גזרה=נע""ו/י}}"	שׂישׂ	ש	י	ש			3			False	False	False	False	True	False	False	False	False	False	False	False	False	False	False	False	True	C.Y.C	hollow_candidate	False	False	True	False	False	False	False	False	שיש	RG-7c98933040	1	PAAL	hewiktionary	wikt:entry:p6002:r522111:o3845:t0	0.8	SILVER	TRADITIONAL_CLASS_NOT_STATED
RT-89867a4d0b	{{שרש3|שׁ|ר|שׁ}}	שׁרשׁ	ש	ר	ש			3			False	False	False	False	False	False	False	False	False	False	False	False	False	True	False	False	False	C.R.C	strong	True	False	False	False	False	False	False	False	שרש	RG-8746d56450	2	PIEL|PUAL	hewiktionary	wikt:conj:p48174:r273705:t0:פועל עבר|wikt:conj:p48174:r273705:t0:פיעל עבר|wikt:entry:p1554:r511613:o3126:t0|wikt:entry:p1554:r511613:o3689:t0	0.96	SILVER	TRADITIONAL_CLASS_NOT_STATED
RT-57d98128dd	"{{שרש3|שׂ|י|ח}},  [[נספח:גזרת נע""ו/י|גזרת נע""ו/י]]"	שׂיח	ש	י	ח			3	AYIN_WAW_YOD	"גזרת נע""ו/י"	False	False	False	False	True	False	False	False	False	False	False	False	True	False	False	False	True	C.Y.X	hollow_candidate	False	False	True	False	False	False	True	False	שיח	RG-c62a64a3fc	2	PAAL|PIEL	hewiktionary	wikt:conj:p31030:r380975:t0:פיעל עבר|wikt:conj:p31030:r380975:t0:פיעל שם הפועל|wikt:conj:p31030:r380975:t0:קל עבר|wikt:entry:p17369:r518056:o0:t0|wikt:entry:p45664:r390395:o0:t0	0.97	GOLD	
RT-35ab5a7e80	{{שרש4|ת|כ|נ|ת}}	תכנת	ת	כ	נ	ת		4			False	False	False	False	False	False	False	False	False	False	False	False	False	False	False	False	False	C.C.N.C	quadriliteral	False	False	False	False	False	False	False	True	תכנת	RG-35ab5a7e80	1	PIEL	hewiktionary	wikt:entry:p55572:r366872:o1:t0	0.8	SILVER	TRADITIONAL_CLASS_NOT_STATED
RT-0182fcae00	{{שרש4|ת|ל|ת|ל}}	תלתל	ת	ל	ת	ל		4			False	False	False	False	False	False	False	False	False	False	False	False	False	False	False	True	False	C.C.C.C	quadriliteral	False	False	False	False	False	False	False	True	תלתל	RG-0182fcae00	1	PIEL	hewiktionary	wikt:entry:p27448:r503918:o1311:t0	0.8	SILVER	TRADITIONAL_CLASS_NOT_STATED
RT-fe732ed9e8	{{שרש3|ת|ע|ד}}	תעד	ת	ע	ד			3			False	False	False	False	False	False	False	False	False	False	False	True	False	False	False	False	False	C.E.C	guttural_containing	False	False	False	False	False	False	True	False	תעד	RG-fe732ed9e8	1	PIEL	hewiktionary	wikt:entry:p57177:r391615:o0:t0	0.8	SILVER	TRADITIONAL_CLASS_NOT_STATED
RT-7f19f0b42f	{{שרש3|ת|ה|ה}}	תהה	ת	ה	ה			3			False	False	False	False	False	False	True	False	False	True	False	True	True	False	True	False	True	C.H.H+GEM	geminate	False	True	False	False	False	True	True	False	תהה	RG-7f19f0b42f	1	PAAL	hewiktionary	wikt:entry:p63831:r522243:o50:t0	0.8	SILVER	TRADITIONAL_CLASS_NOT_STATED
RT-9dfe40ce61	{{שרש3|ת|מ|ך}}	תמכ	ת	מ	כ			3			False	False	False	False	False	False	False	False	False	False	False	False	False	False	False	False	False	C.C.C	strong	True	False	False	False	False	False	False	False	תמכ	RG-9dfe40ce61	1	PAAL	hewiktionary	wikt:entry:p55640:r431176:o16:t0	0.8	SILVER	TRADITIONAL_CLASS_NOT_STATED
RT-ad569a68d9	{{שרש3|ת|פ|ס|גזרה=השלמים}}	תפס	ת	פ	ס			3			False	False	False	False	False	False	False	False	False	False	False	False	False	False	False	False	False	C.C.C	strong	True	False	False	False	False	False	False	False	תפס	RG-ad569a68d9	1	PAAL	hewiktionary	wikt:conj:p17398:r392709:t0:קל עבר|wikt:entry:p17391:r514364:o24:t0	0.96	SILVER	TRADITIONAL_CLASS_NOT_STATED
RT-4adcea3869	{{שרש3|ב|ל|ט}}, [[גזרת השלמים]]	בלט	ב	ל	ט			3	SHLEMIM	גזרת השלמים	False	False	False	False	False	False	False	False	False	False	False	False	False	False	False	False	False	C.C.C	strong	True	False	False	False	False	False	False	False	בלט	RG-4adcea3869	2	HITPAEL|PAAL	hewiktionary	wikt:conj:p20081:r495654:t0:התפעל עבר|wikt:conj:p20081:r495654:t0:קל עבר|wikt:entry:p1267:r495639:o48:t0|wikt:entry:p8989:r245846:o0:t0	0.96	SILVER	
RT-e550d55d34	{{שרש3|ג|ל|ם}}, גזרת השלמים	גלמ	ג	ל	מ			3	SHLEMIM	גזרת השלמים ; גזרת השלמים.	False	False	False	False	False	False	False	False	False	False	False	False	False	False	False	False	False	C.C.C	strong	True	False	False	False	False	False	False	False	גלמ	RG-e550d55d34	2	PAAL|PIEL	hewiktionary	wikt:conj:p9338:r269893:t0:פיעל עבר|wikt:conj:p9338:r269893:t0:קל עבר|wikt:entry:p1282:r520300:o3703:t0|wikt:entry:p1282:r520300:o5132:t0	0.96	SILVER	
RT-4c437e5473	{{שרש4|ע|ר|פ|ל}}	ערפל	ע	ר	פ	ל		4			False	False	False	False	False	False	False	False	False	False	True	False	False	True	False	False	False	E.R.C.C	quadriliteral	False	False	False	False	False	False	True	True	ערפל	RG-4c437e5473	1	PIEL	hewiktionary	wikt:conj:p32018:r319547:t0:פיעל עבר|wikt:entry:p1426:r520976:o3187:t0	0.96	SILVER	TRADITIONAL_CLASS_NOT_STATED
RT-d5ee3b8611	{{שרש3|פ|ר|ם}}	פרמ	פ	ר	מ			3			False	False	False	False	False	False	False	False	False	False	False	False	False	True	False	False	False	C.R.C	strong	True	False	False	False	False	False	False	False	פרמ	RG-d5ee3b8611	1	PAAL	hewiktionary	wikt:conj:p20119:r273737:t0:קל עבר|wikt:entry:p1442:r425957:o0:t0	0.96	SILVER	TRADITIONAL_CLASS_NOT_STATED
RT-11c08a3aec	{{שרש3|צ|ב|ר|גזרה=השלמים}}	צבר	צ	ב	ר			3			False	False	False	False	False	False	False	False	False	False	False	False	False	True	False	False	False	C.C.R	strong	True	False	False	False	False	False	False	False	צבר	RG-11c08a3aec	1	PAAL	hewiktionary	wikt:entry:p1444:r508372:o15:t0	0.8	SILVER	TRADITIONAL_CLASS_NOT_STATED
RT-0684b2498b	{{שרש3|ק|מ|ע ב}}	קמע	ק	מ	ע			3			False	False	False	False	False	False	False	False	False	False	False	False	True	False	False	False	False	C.C.E	guttural_containing	False	False	False	False	False	False	True	False	קמע	RG-0684b2498b	1	PAAL	hewiktionary	wikt:entry:p1457:r523081:o1677:t0	0.8	SILVER	TRADITIONAL_CLASS_NOT_STATED
RT-a292cf1d4d	{{שרש3|ז|נ|ב}}	זנב	ז	נ	ב			3			False	False	False	False	False	False	False	False	False	False	False	False	False	False	False	False	False	C.N.C	strong	True	False	False	False	False	False	False	False	זנב	RG-a292cf1d4d	1	PIEL	hewiktionary	wikt:conj:p58058:r407237:t0:פיעל עבר|wikt:entry:p1535:r521793:o3638:t0	0.96	SILVER	TRADITIONAL_CLASS_NOT_STATED
RT-46f0623385	{{שרש|חשׁך|ח־שׁ־ך}}, [[גזרת השלמים]]	חשׁכ	ח	ש	כ			3	SHLEMIM	גזרת השלמים	False	False	False	False	False	False	False	False	False	False	True	False	False	False	False	False	False	X.C.C	guttural_containing	False	False	False	False	False	False	True	False	חשכ	RG-c345c82a0f	1	PAAL	hewiktionary	wikt:entry:p1555:r520082:o4584:t0	0.8	SILVER	ROOT_SHARES_ORTHOGRAPHY_WITH_OTHER_ROOT
RT-5109adb235	{{שרש|חשׂך|ח־שׂ־ך}}, [[גזרת השלמים]]	חשׂכ	ח	ש	כ			3	SHLEMIM	גזרת השלמים	False	False	False	False	False	False	False	False	False	False	True	False	False	False	False	False	False	X.C.C	guttural_containing	False	False	False	False	False	False	True	False	חשכ	RG-c345c82a0f	1	PAAL	hewiktionary	wikt:entry:p1555:r520082:o5751:t0	0.8	SILVER	ROOT_SHARES_ORTHOGRAPHY_WITH_OTHER_ROOT
RT-4099da15c4	{{שרש3|י|ח|ס}}	יחס	י	ח	ס			3			False	True	False	False	False	False	False	False	False	False	False	True	False	False	False	False	True	Y.X.C	initial_yod_waw	False	False	False	False	True	False	True	False	יחס	RG-4099da15c4	2	HITPAEL|PIEL	hewiktionary	wikt:entry:p11792:r393207:o0:t0|wikt:entry:p1558:r510359:o2535:t0	0.8	SILVER	TRADITIONAL_CLASS_NOT_STATED
RT-e37bb8b0fb	{{שרש3|א|ר|ך}}	ארכ	א	ר	כ			3			False	False	False	True	False	False	False	False	False	False	True	False	False	True	False	False	True	A.R.C	initial_alef	False	False	False	False	False	False	True	False	ארכ	RG-e37bb8b0fb	1	PAAL	hewiktionary	wikt:conj:p38348:r294529:t0:קל עבר|wikt:entry:p1573:r522120:o3214:t0	0.96	SILVER	TRADITIONAL_CLASS_NOT_STATED
RT-b23340b8e1	{{שרש3|א|ד|ם}}, [[גזרת השלמים]]	אדמ	א	ד	מ			3	SHLEMIM	גזרת השלמים	False	False	False	True	False	False	False	False	False	False	True	False	False	False	False	False	True	A.C.C	initial_alef	False	False	False	False	False	False	True	False	אדמ	RG-b23340b8e1	1	PAAL	hewiktionary	wikt:conj:p16604:r389162:t0:קל עבר|wikt:entry:p1629:r522517:o2794:t0	0.96	SILVER	
RT-2b36a0528f	{{שרש3|שׁ|פ|ה}}	שׁפה	ש	פ	ה			3			False	False	False	False	False	False	True	False	False	True	False	False	True	False	False	False	True	C.C.H	final_he	False	True	False	False	False	False	True	False	שפה	RG-0418ffaf07	3	PAAL|PIEL|PUAL	hewiktionary	wikt:entry:p2033:r520993:o4843:t0|wikt:entry:p2033:r520993:o5464:t0|wikt:entry:p2033:r520993:o6314:t0|wikt:entry:p2033:r520993:o7018:t0|wikt:entry:p2033:r520993:o7370:t0	0.96	SILVER	TRADITIONAL_CLASS_NOT_STATED
RT-3122da4329	{{שרש3|ד|ג|ם|גזרה=השלמים}}	דגמ	ד	ג	מ			3			False	False	False	False	False	False	False	False	False	False	False	False	False	False	False	False	False	C.C.C	strong	True	False	False	False	False	False	False	False	דגמ	RG-3122da4329	1	PAAL	hewiktionary	wikt:conj:p17681:r145572:t0:קל עבר|wikt:entry:p2034:r488542:o999:t0	0.96	SILVER	TRADITIONAL_CLASS_NOT_STATED
RT-9732108adc	{{שרש3|ר|ג|ע}}	רגע	ר	ג	ע			3			False	False	False	False	False	False	False	False	False	False	False	False	True	True	False	False	False	R.C.E	guttural_containing	False	False	False	False	False	False	True	False	רגע	RG-9732108adc	1	PAAL	hewiktionary	wikt:entry:p2054:r512832:o2939:t0	0.8	SILVER	TRADITIONAL_CLASS_NOT_STATED
RT-f5a52d0492	{{שרש4|צ|ל|ח|ת}}, מרובעים	צלחת	צ	ל	ח	ת		4	QUADRILITERAL	מרובעים	False	False	False	False	False	False	False	False	False	False	False	False	True	False	False	False	False	C.C.X.C	quadriliteral	False	False	False	False	False	False	True	True	צלחת	RG-f5a52d0492	1	PIEL	hewiktionary	wikt:entry:p2083:r456279:o1372:t0	0.8	SILVER	
RT-d66aa70e38	{{שרש3|נ|ה|ם}}, שלמים	נהמ	נ	ה	מ			3	SHLEMIM	שלמים	True	False	False	False	False	False	False	False	False	False	False	True	False	False	False	False	True	N.H.C	initial_nun	False	False	False	True	False	False	True	False	נהמ	RG-d66aa70e38	1	PAAL	hewiktionary	wikt:conj:p42985:r237273:t0:קל עבר|wikt:entry:p2178:r421278:o0:t0	0.96	SILVER	
RT-4a8e999513	"{{שרש3|ה|מ|ם}}, [[גזרת ע""ע]]"	הממ	ה	מ	מ			3	AYIN_AYIN	"גזרת ע""ע"	False	False	False	False	False	False	False	False	False	False	True	False	False	False	True	False	True	H.C.C+GEM	geminate	False	False	False	False	False	True	True	False	הממ	RG-4a8e999513	4	NIFAL|PAAL|PIEL|PUAL	hewiktionary	wikt:entry:p2178:r421278:o847:t0|wikt:entry:p48075:r517986:o646:t0|wikt:entry:p55611:r417858:o0:t0|wikt:entry:p55611:r417858:o762:t0	0.8	SILVER	
RT-60f8b127b2	{{שרש3|ח|מ|ר}}, שלמים	חמר	ח	מ	ר			3	SHLEMIM	שלמים	False	False	False	False	False	False	False	False	False	False	True	False	False	True	False	False	False	X.C.R	guttural_containing	False	False	False	False	False	False	True	False	חמר	RG-60f8b127b2	2	PAAL|PIEL	hewiktionary	wikt:conj:p8469:r269885:t0:פיעל עבר|wikt:conj:p8469:r269885:t0:קל עבר|wikt:entry:p2209:r518450:o6323:t0|wikt:entry:p2209:r518450:o7249:t0	0.96	SILVER	
RT-88e831c126	{{שרש|שׁתך|שׁ־ת־ך}}, שלמים	שׁתכ	ש	ת	כ			3	SHLEMIM	שלמים	False	False	False	False	False	False	False	False	False	False	False	False	False	False	False	False	False	C.C.C	strong	True	False	False	False	False	False	False	False	שתכ	RG-451d0aa879	1	PIEL	hewiktionary	wikt:entry:p2259:r386065:o0:t0	0.8	SILVER	
RT-5ba7167814	{{שרש3|ג|ג|ל}}, שלמים	גגל	ג	ג	ל			3	SHLEMIM	שלמים	False	False	False	False	False	False	False	False	False	False	False	False	False	False	False	False	False	C.C.C	strong	True	False	False	False	False	False	False	False	גגל	RG-5ba7167814	1	PIEL	hewiktionary	wikt:entry:p2723:r147017:o0:t0	0.8	SILVER	
RT-62ec4feb2b	{{שרש|רגל|ר־ג־ל}}, שלמים	רגל	ר	ג	ל			3	SHLEMIM	שלמים	False	False	False	False	False	False	False	False	False	False	False	False	False	True	False	False	False	R.C.C	strong	True	False	False	False	False	False	False	False	רגל	RG-62ec4feb2b	2	HIFIL|PIEL	hewiktionary	wikt:entry:p2809:r518556:o5873:t0|wikt:entry:p50919:r510246:o0:t0|wikt:entry:p50919:r510246:o1011:t0	0.96	SILVER	
RT-08c0654ac3	{{שרש3|ב|י|ת}}	בית	ב	י	ת			3			False	False	False	False	True	False	False	False	False	False	False	False	False	False	False	False	True	C.Y.C	hollow_candidate	False	False	True	False	False	False	False	False	בית	RG-08c0654ac3	1	PIEL	hewiktionary	wikt:entry:p3076:r520727:o8431:t0	0.8	SILVER	TRADITIONAL_CLASS_NOT_STATED
RT-332240b8da	{{שרש3|י|שׁ|ר|גזרה=שלמים}}	ישׁר	י	ש	ר			3			False	True	False	False	False	False	False	False	False	False	False	False	False	True	False	False	True	Y.C.R	initial_yod_waw	False	False	False	False	True	False	False	False	ישר	RG-49e50b11d6	1	PAAL	hewiktionary	wikt:entry:p3785:r516359:o4045:t0	0.8	SILVER	TRADITIONAL_CLASS_NOT_STATED
RT-baa13221fb	{{שרש3|ח|י|ל|א}}	חיל	ח	י	ל			3			False	False	False	False	True	False	False	False	False	False	True	False	False	False	False	False	True	X.Y.C	hollow_candidate	False	False	True	False	False	False	True	False	חיל	RG-baa13221fb	1	PIEL	hewiktionary	wikt:entry:p3887:r522046:o4196:t0	0.8	SILVER	TRADITIONAL_CLASS_NOT_STATED
RT-aa9849b750	{{שרש3|נ|ו|ד}}	נוד	נ	ו	ד			3	AYIN_WAW_YOD	"גזרת נע""ו/י"	True	False	False	False	False	True	False	False	False	False	False	False	False	False	False	False	True	N.W.C	hollow_candidate	False	False	True	True	False	False	False	False	נוד	RG-aa9849b750	4	HIFIL|HITPAEL|PAAL	hewiktionary	wikt:conj:p41242:r511577:t0:הפעיל עבר|wikt:conj:p41242:r511577:t0:התפעל עבר|wikt:conj:p41242:r511577:t0:קל עבר|wikt:entry:p41240:r510540:o94:t0|wikt:entry:p41243:r245860:o0:t0|wikt:entry:p41245:r519764:o0:t0|wikt:entry:p4139:r466912:o0:t0	0.96	SILVER	
RT-cd3683519d	{{שרש|חפף ג|ח־פ־ף ג}}, [[גזרת השלמים]]	חפפ	ח	פ	פ			3	SHLEMIM	גזרת השלמים	False	False	False	False	False	False	False	False	False	False	True	False	False	False	True	False	True	X.C.C+GEM	geminate	False	False	False	False	False	True	True	False	חפפ	RG-cd3683519d	3	HITPAEL|PAAL|PIEL	hewiktionary	wikt:entry:p24819:r355271:o14:t0|wikt:entry:p24819:r355271:o1610:t0|wikt:entry:p24819:r355271:o2438:t0|wikt:entry:p4142:r310306:o0:t0	0.96	SILVER	
RT-a1ef78bd2f	{{שרש|קמבק|ק־מ־ב־ק}}, מרובעים	קמבק	ק	מ	ב	ק		4	QUADRILITERAL	מרובעים	False	False	False	False	False	False	False	False	False	False	False	False	False	False	False	False	False	C.C.C.C	quadriliteral	False	False	False	False	False	False	False	True	קמבק	RG-a1ef78bd2f	1	HITPAEL	hewiktionary	wikt:entry:p4160:r303526:o0:t0	0.8	SILVER	
RT-b43703a2da	"{{שרש3|ג|מ|א}}, [[גזרת נל""א]]"	גמא	ג	מ	א			3	LAMED_ALEF	"גזרת נל""א"	False	False	False	False	False	False	False	False	True	False	False	False	True	False	False	False	True	C.C.A	final_alef	False	False	False	False	False	False	True	False	גמא	RG-b43703a2da	1	PAAL	hewiktionary	wikt:conj:p32632:r266380:t0:קל עבר|wikt:entry:p4223:r511265:o3435:t0	0.96	SILVER	
RT-8e94ecc776	{{שרש3|ח|ר|ג|גזרה=השלמים}}	חרג	ח	ר	ג			3			False	False	False	False	False	False	False	False	False	False	True	False	False	True	False	False	False	X.R.C	guttural_containing	False	False	False	False	False	False	True	False	חרג	RG-8e94ecc776	1	PAAL	hewiktionary	wikt:entry:p4253:r462748:o0:t0	0.8	SILVER	TRADITIONAL_CLASS_NOT_STATED
RT-9e74b81b57	{{שרש3|ר|נ|ן|גזרה=הכפולים}}	רננ	ר	נ	נ			3			False	False	False	False	False	False	False	False	False	False	False	False	False	True	True	False	True	R.N.N+GEM	geminate	False	False	False	False	False	True	False	False	רננ	RG-9e74b81b57	1	PAAL	hewiktionary	wikt:conj:p31128:r331737:t0:קל עבר|wikt:entry:p4343:r518816:o0:t0	0.96	SILVER	TRADITIONAL_CLASS_NOT_STATED
RT-26f2f5e5bf	{{שרש|שׁרלל|שׁ־ר־ל־ל}}, מרובעים	שׁרלל	ש	ר	ל	ל		4	QUADRILITERAL	מרובעים	False	False	False	False	False	False	False	False	False	False	False	False	False	True	False	False	False	C.R.C.C	quadriliteral	False	False	False	False	False	False	False	True	שרלל	RG-c64d593488	1	HITPAEL	hewiktionary	wikt:entry:p4448:r454612:o0:t0	0.8	SILVER	
RT-c2c7170198	{{שרש|שׁרמט|שׁ־ר־מ־ט}}	שׁרמט	ש	ר	מ	ט		4			False	False	False	False	False	False	False	False	False	False	False	False	False	True	False	False	False	C.R.C.C	quadriliteral	False	False	False	False	False	False	False	True	שרמט	RG-bafda6b0e7	1	HITPAEL	hewiktionary	wikt:entry:p4449:r454614:o0:t0	0.8	SILVER	TRADITIONAL_CLASS_NOT_STATED
RT-532c863c51	{{שרש3|ר|ב|ע|ב}}	רבע	ר	ב	ע			3			False	False	False	False	False	False	False	False	False	False	False	False	True	True	False	False	False	R.C.E	guttural_containing	False	False	False	False	False	False	True	False	רבע	RG-532c863c51	2	PAAL|PIEL	hewiktionary	wikt:entry:p4505:r490903:o0:t0|wikt:entry:p4505:r490903:o739:t0	0.8	SILVER	TRADITIONAL_CLASS_NOT_STATED
RT-462580c951	{{שרש|פרך|פ־ר־ך}}, שלמים	פרכ	פ	ר	כ			3	SHLEMIM	שלמים	False	False	False	False	False	False	False	False	False	False	False	False	False	True	False	False	False	C.R.C	strong	True	False	False	False	False	False	False	False	פרכ	RG-462580c951	2	HIFIL|PAAL	hewiktionary	wikt:conj:p16684:r378019:t0:הפעיל עבר|wikt:conj:p16684:r378019:t0:קל עבר|wikt:entry:p4684:r378017:o0:t0|wikt:entry:p50898:r392622:o2:t0	0.96	SILVER	
RT-2263540d2c	{{שרש3|י|ח|ף|גזרה=השלמים}}	יחפ	י	ח	פ			3	SHLEMIM	גזרת השלמים	False	True	False	False	False	False	False	False	False	False	False	True	False	False	False	False	True	Y.X.C	initial_yod_waw	False	False	False	False	True	False	True	False	יחפ	RG-2263540d2c	2	HITPAEL|PIEL	hewiktionary	wikt:conj:p36204:r171892:t0:התפעל עבר|wikt:conj:p36204:r171892:t0:פיעל עבר|wikt:entry:p4717:r329378:o1429:t0|wikt:entry:p4719:r158521:o0:t0	0.96	SILVER	
RT-601aabed3d	{{שרש|צרפת|צ־ר־פ־ת}}, מרובעים	צרפת	צ	ר	פ	ת		4	QUADRILITERAL	מרובעים	False	False	False	False	False	False	False	False	False	False	False	False	False	True	False	False	False	C.R.C.C	quadriliteral	False	False	False	False	False	False	False	True	צרפת	RG-601aabed3d	1	PIEL	hewiktionary	wikt:entry:p5095:r513939:o2560:t0	0.8	SILVER	
RT-8f20cd6f9c	"{{שרש|ירק א|י־ר־ק <small>א</small>}}, [[גזרת נפ""יו]]"	ירק	י	ר	ק			3	PE_YOD_WAW	"גזרת נפ""יו"	False	True	False	False	False	False	False	False	False	False	False	False	False	True	False	False	True	Y.R.C	initial_yod_waw	False	False	False	False	True	False	False	False	ירק	RG-8f20cd6f9c	2	HIFIL|PAAL	hewiktionary	wikt:conj:p32493:r331863:t0:הפעיל עבר|wikt:conj:p32493:r331863:t0:קל עבר|wikt:entry:p31619:r493029:o22:t0|wikt:entry:p5127:r522684:o2993:t0|wikt:entry:p5127:r522684:o4310:t0	0.992	SILVER	
RT-ec7f873f29	"{{שרש|סבא|ס־ב־א}},[[גזרת נל""א]]"	סבא	ס	ב	א			3	LAMED_ALEF	"גזרת נל""א"	False	False	False	False	False	False	False	False	True	False	False	False	True	False	False	False	True	C.C.A	final_alef	False	False	False	False	False	False	True	False	סבא	RG-ec7f873f29	1	PAAL	hewiktionary	wikt:conj:p17665:r404543:t0:קל עבר|wikt:entry:p5196:r520277:o4134:t0	0.96	SILVER	
RT-1120e4193e	"{{שרש|יבם|י־ב־ם}},[[נפי""ו]]"	יבמ	י	ב	מ			3	PE_YOD_WAW	"נפי""ו"	False	True	False	False	False	False	False	False	False	False	False	False	False	False	False	False	True	Y.C.C	initial_yod_waw	False	False	False	False	True	False	False	False	יבמ	RG-1120e4193e	1	PIEL	hewiktionary	wikt:entry:p5197:r445099:o985:t0	0.8	SILVER	
RT-c42bf23800	{{שרש3|ב|ו|ר}}	בור	ב	ו	ר			3			False	False	False	False	False	True	False	False	False	False	False	False	False	True	False	False	True	C.W.R	hollow_candidate	False	False	True	False	False	False	False	False	בור	RG-c42bf23800	1	PAAL	hewiktionary	wikt:entry:p5273:r520744:o6966:t0	0.8	SILVER	TRADITIONAL_CLASS_NOT_STATED
RT-ace8a082b0	{{שרש|קרקע|ק־ר־ק־ע}}, שלמים	קרקע	ק	ר	ק	ע		4	SHLEMIM	שלמים	False	False	False	False	False	False	False	False	False	False	False	False	False	True	False	False	False	C.R.C.E	quadriliteral	False	False	False	False	False	False	True	True	קרקע	RG-ace8a082b0	1	PIEL	hewiktionary	wikt:entry:p5292:r517462:o1881:t0	0.8	SILVER	
RT-f81a7c6d6f	{{שרש|זוג|ז־ו־ג}}	זוג	ז	ו	ג			3	SHLEMIM	שלמים	False	False	False	False	False	True	False	False	False	False	False	False	False	False	False	False	True	C.W.C	hollow_candidate	False	False	True	False	False	False	False	False	זוג	RG-f81a7c6d6f	2	HITPAEL|PIEL	hewiktionary	wikt:conj:p20088:r327697:t0:התפעל עבר|wikt:conj:p20088:r327697:t0:פיעל עבר|wikt:entry:p10494:r380626:o0:t0|wikt:entry:p5821:r518271:o1612:t0	0.96	SILVER	
RT-2f047d6669	{{שרש3|שׁ|ב|ט}}	שׁבט	ש	ב	ט			3			False	False	False	False	False	False	False	False	False	False	False	False	False	False	False	False	False	C.C.C	strong	True	False	False	False	False	False	False	False	שבט	RG-b24d8ee317	1	PIEL	hewiktionary	wikt:entry:p5846:r515020:o4325:t0	0.8	SILVER	TRADITIONAL_CLASS_NOT_STATED
RT-ebf2296dd0	{{שרש3|ע|נ|שׁ}}	ענשׁ	ע	נ	ש			3			False	False	False	False	False	False	False	False	False	False	True	False	False	False	False	False	False	E.N.C	guttural_containing	False	False	False	False	False	False	True	False	ענש	RG-3d2911b0ac	1	PAAL	hewiktionary	wikt:conj:p31616:r154024:t0:קל עבר|wikt:entry:p5866:r517647:o0:t0	0.96	SILVER	TRADITIONAL_CLASS_NOT_STATED
RT-d75d20d419	{{שרש3|ע|י|ן}}	עינ	ע	י	נ			3			False	False	False	False	True	False	False	False	False	False	True	False	False	False	False	False	True	E.Y.N	hollow_candidate	False	False	True	False	False	False	True	False	עינ	RG-d75d20d419	1	PIEL	hewiktionary	wikt:entry:p5871:r523135:o7604:t0	0.8	SILVER	TRADITIONAL_CLASS_NOT_STATED
RT-7043ded0f3	{{שרש|פרכס א|פ־ר־כ־ס <small>א</small>}}, [[גזרת המרובעים]]	פרכס	פ	ר	כ	ס		4	QUADRILITERAL	גזרת המרובעים	False	False	False	False	False	False	False	False	False	False	False	False	False	True	False	False	False	C.R.C.C	quadriliteral	False	False	False	False	False	False	False	True	פרכס	RG-7043ded0f3	1	PIEL	hewiktionary	wikt:entry:p5957:r466812:o10:t0|wikt:entry:p5957:r466812:o791:t0	0.96	SILVER	
RT-2ae8d8e35c	{{שרש3|צ|ב|ת}}	צבת	צ	ב	ת			3			False	False	False	False	False	False	False	False	False	False	False	False	False	False	False	False	False	C.C.C	strong	True	False	False	False	False	False	False	False	צבת	RG-2ae8d8e35c	1	PAAL	hewiktionary	wikt:entry:p5958:r513099:o1082:t0	0.8	SILVER	TRADITIONAL_CLASS_NOT_STATED
RT-e7c6e69921	{{שרש3|י|ע|ר}}	יער	י	ע	ר			3			False	True	False	False	False	False	False	False	False	False	False	True	False	True	False	False	True	Y.E.R	initial_yod_waw	False	False	False	False	True	False	True	False	יער	RG-e7c6e69921	1	PIEL	hewiktionary	wikt:conj:p30874:r156595:t0:פיעל עבר|wikt:entry:p5963:r519239:o3504:t0	0.96	SILVER	TRADITIONAL_CLASS_NOT_STATED
RT-53a856155b	{{שרש3|שׁ|ו|ק|ב}}, שלמים	שׁוק	ש	ו	ק			3	SHLEMIM	שלמים	False	False	False	False	False	True	False	False	False	False	False	False	False	False	False	False	True	C.W.C	hollow_candidate	False	False	True	False	False	False	False	False	שוק	RG-147a362142	1	PIEL	hewiktionary	wikt:entry:p5967:r509558:o3940:t0	0.8	SILVER	
RT-7206bf36cd	{{שרש4|ת|ק|ת|ק|גזרה=המרובעים}}	תקתק	ת	ק	ת	ק		4			False	False	False	False	False	False	False	False	False	False	False	False	False	False	False	True	False	C.C.C.C	quadriliteral	False	False	False	False	False	False	False	True	תקתק	RG-7206bf36cd	1	PIEL	hewiktionary	wikt:entry:p5972:r365670:o0:t0	0.8	SILVER	TRADITIONAL_CLASS_NOT_STATED
RT-dedd5e3e1e	{{שרש3|ח|פ|ת|גזרה=השלמים}}	חפת	ח	פ	ת			3			False	False	False	False	False	False	False	False	False	False	True	False	False	False	False	False	False	X.C.C	guttural_containing	False	False	False	False	False	False	True	False	חפת	RG-dedd5e3e1e	1	PAAL	hewiktionary	wikt:entry:p5978:r440492:o762:t0	0.8	SILVER	TRADITIONAL_CLASS_NOT_STATED
RT-6c8b518620	{{שרש3|ר|ע|ף|א|גזרה=השלמים}}	רעפ	ר	ע	פ			3			False	False	False	False	False	False	False	False	False	False	False	True	False	True	False	False	False	R.E.C	guttural_containing	False	False	False	False	False	False	True	False	רעפ	RG-6c8b518620	2	HIFIL|PAAL	hewiktionary	wikt:entry:p57469:r409338:o0:t0|wikt:entry:p5985:r522903:o0:t0	0.8	SILVER	TRADITIONAL_CLASS_NOT_STATED
RT-ab0fe12399	"{{שרש3|ל|י|ץ|גזרה=נע""ו/י}}"	ליצ	ל	י	צ			3	AYIN_WAW_YOD	"גזרת נע""ו/י"	False	False	False	False	True	False	False	False	False	False	False	False	False	False	False	False	True	C.Y.C	hollow_candidate	False	False	True	False	False	False	False	False	ליצ	RG-ab0fe12399	3	HIFIL|HITPAEL|PAAL	hewiktionary	wikt:conj:p31027:r355924:t0:הפעיל עבר|wikt:conj:p31027:r355924:t0:התפעל עבר|wikt:conj:p31027:r355924:t0:קל עבר|wikt:entry:p45148:r361928:o0:t0|wikt:entry:p53320:r513840:o0:t0|wikt:entry:p5987:r512248:o2024:t0	0.96	SILVER	
RT-5b196b3d39	{{שרש3|ע|ר|ס}}	ערס	ע	ר	ס			3			False	False	False	False	False	False	False	False	False	False	True	False	False	True	False	False	False	E.R.C	guttural_containing	False	False	False	False	False	False	True	False	ערס	RG-5b196b3d39	1	PIEL	hewiktionary	wikt:entry:p5989:r501909:o107:t0	0.8	SILVER	TRADITIONAL_CLASS_NOT_STATED
RT-cc1087aa1c	{{שרש3|ו|ס|ת|גזרה=השלמים}}	וסת	ו	ס	ת			3			False	False	True	False	False	False	False	False	False	False	False	False	False	False	False	False	True	W.C.C	initial_yod_waw	False	False	False	False	True	False	False	False	וסת	RG-cc1087aa1c	1	PIEL	hewiktionary	wikt:entry:p6037:r475042:o1372:t0	0.8	SILVER	TRADITIONAL_CLASS_NOT_STATED
RT-f3a7b295c6	{{שרש3|ב|ל|ש}}, שלמים	בלשׁ	ב	ל	ש			3	SHLEMIM	שלמים	False	False	False	False	False	False	False	False	False	False	False	False	False	False	False	False	False	C.C.C	strong	True	False	False	False	False	False	False	False	בלש	RG-187b58bb53	1	PAAL	hewiktionary	wikt:entry:p6120:r508158:o0:t0	0.8	SILVER	SHIN_SIN_FROM_FORM
RT-c0657c0cd6	{{שרש|מנגל|מ־נ־ג־ל}}, גזרת המרובעים	מנגל	מ	נ	ג	ל		4	QUADRILITERAL	גזרת המרובעים	False	False	False	False	False	False	False	False	False	False	False	False	False	False	False	False	False	C.N.C.C	quadriliteral	False	False	False	False	False	False	False	True	מנגל	RG-c0657c0cd6	1	PIEL	hewiktionary	wikt:conj:p17705:r147080:t0:פיעל עבר|wikt:entry:p6176:r493292:o1332:t0	0.96	SILVER	
RT-ab45e88677	{{שרש|בלס א|ב־ל־ס <small>א</small>}}, שלמים	בלס	ב	ל	ס			3	SHLEMIM	שלמים	False	False	False	False	False	False	False	False	False	False	False	False	False	False	False	False	False	C.C.C	strong	True	False	False	False	False	False	False	False	בלס	RG-ab45e88677	2	PAAL|PIEL	hewiktionary	wikt:conj:p12484:r270017:t0:פיעל עבר|wikt:conj:p12484:r270017:t0:קל עבר|wikt:entry:p6221:r516966:o1658:t0|wikt:entry:p6221:r516966:o2104:t0|wikt:entry:p6221:r516966:o9:t0	0.992	SILVER	
RT-0b5d34ef0b	{{שרש3|צ|ה|ב|}}	צהב	צ	ה	ב			3	SHLEMIM	שלמים	False	False	False	False	False	False	False	False	False	False	False	True	False	False	False	False	False	C.H.C	guttural_containing	False	False	False	False	False	False	True	False	צהב	RG-0b5d34ef0b	2	HIFIL|PAAL	hewiktionary	wikt:entry:p6230:r520878:o3246:t0|wikt:entry:p6230:r520878:o3796:t0|wikt:entry:p6232:r519984:o0:t0	0.96	SILVER	
RT-5683535cf0	{{שרש|חרפן|ח־ר־פ־ן}}, [[גזרת המרובעים]].	חרפנ	ח	ר	פ	נ		4	QUADRILITERAL	גזרת המרובעים	False	False	False	False	False	False	False	False	False	False	True	False	False	True	False	False	False	X.R.C.N	quadriliteral	False	False	False	False	False	False	True	True	חרפנ	RG-5683535cf0	1	HITPAEL	hewiktionary	wikt:entry:p6366:r397871:o0:t0	0.8	SILVER	
RT-2fea0cbfea	"{{שרש3|ע|ו|ט|גזרה=נע""ו/י}}"	עוט	ע	ו	ט			3			False	False	False	False	False	True	False	False	False	False	True	False	False	False	False	False	True	E.W.C	hollow_candidate	False	False	True	False	False	False	True	False	עוט	RG-2fea0cbfea	1	PAAL	hewiktionary	wikt:entry:p6406:r516216:o0:t0	0.8	SILVER	TRADITIONAL_CLASS_NOT_STATED
RT-438fe5dd79	{{שרש3|שׁ|י|ר|ב}}	שׁיר	ש	י	ר			3	AYIN_WAW_YOD	"גזרת נע""ו/י"	False	False	False	False	True	False	False	False	False	False	False	False	False	True	False	False	True	C.Y.R	hollow_candidate	False	False	True	False	False	False	False	False	שיר	RG-9d273965ab	3	HUFAL|PIEL	hewiktionary	wikt:conj:p31134:r513113:t0:הופעל עבר|wikt:conj:p63885:r513262:t0:פיעל עבר|wikt:entry:p40857:r401610:o0:t0|wikt:entry:p44552:r502821:o0:t0|wikt:entry:p6579:r520764:o3963:t0	0.96	SILVER	
RT-98437792d2	{{שרש4|ס|נ|ד|ל}}, שורש תנייני.	סנדל	ס	נ	ד	ל		4		שורש תנייני.	False	False	False	False	False	False	False	False	False	False	False	False	False	False	False	False	False	C.N.C.C	quadriliteral	False	False	False	False	False	False	False	True	סנדל	RG-98437792d2	1	PIEL	hewiktionary	wikt:entry:p6769:r447051:o2110:t0	0.8	SILVER	TRADITIONAL_CLASS_NOT_STATED|TRADITIONAL_CLASS_UNMAPPED_LABEL
RT-0ccbfc0752	{{שרש|נקנק|נ־ק־נ־ק}}, מרובעים	נקנק	נ	ק	נ	ק		4	QUADRILITERAL	מרובעים	True	False	False	False	False	False	False	False	False	False	False	False	False	False	False	True	True	N.C.N.C	quadriliteral	False	False	False	True	False	False	False	True	נקנק	RG-0ccbfc0752	1	HITPAEL	hewiktionary	wikt:conj:p13630:r59817:t0:התפעל עבר|wikt:entry:p6771:r112732:o10:t0	0.96	SILVER	
RT-a1d6c7ad6c	{{שרש3|ס|ח|ף}}, שלמים	סחפ	ס	ח	פ			3	SHLEMIM	שלמים	False	False	False	False	False	False	False	False	False	False	False	True	False	False	False	False	False	C.X.C	guttural_containing	False	False	False	False	False	False	True	False	סחפ	RG-a1d6c7ad6c	1	PAAL	hewiktionary	wikt:entry:p6802:r440360:o1331:t0	0.8	SILVER	
RT-4ef2491b63	{{שרש3|ח|ר|ף}}	חרפ	ח	ר	פ			3	SHLEMIM	גזרת השלמים	False	False	False	False	False	False	False	False	False	False	True	False	False	True	False	False	False	X.R.C	guttural_containing	False	False	False	False	False	False	True	False	חרפ	RG-4ef2491b63	2	PAAL|PIEL	hewiktionary	wikt:entry:p6889:r516733:o1598:t0|wikt:entry:p6889:r516733:o3155:t0	0.8	SILVER	
RT-26cb90b581	{{שרש4|א|כ|ז|ב|גזרה=מרובעים}}	אכזב	א	כ	ז	ב		4			False	False	False	True	False	False	False	False	False	False	True	False	False	False	False	False	True	A.C.C.C	quadriliteral	False	False	False	False	False	False	True	True	אכזב	RG-26cb90b581	1	PIEL	hewiktionary	wikt:entry:p6931:r430217:o682:t0	0.8	SILVER	TRADITIONAL_CLASS_NOT_STATED
RT-63d118d44f	"{{שרש3|מ|צ|ה|גזרה=נחי לי""ה}}"	מצה	מ	צ	ה			3			False	False	False	False	False	False	True	False	False	True	False	False	True	False	False	False	True	C.C.H	final_he	False	True	False	False	False	False	True	False	מצה	RG-63d118d44f	2	PAAL|PIEL	hewiktionary	wikt:conj:p14999:r324069:t0:פיעל עבר|wikt:conj:p14999:r324069:t0:קל עבר|wikt:entry:p6942:r521909:o3450:t0|wikt:entry:p6942:r521909:o4045:t0	0.96	SILVER	TRADITIONAL_CLASS_NOT_STATED
RT-9ec04dd8a7	{{שרש|קוץ|ק־ו־ץ}}, [[גזרת השלמים]]	קוצ	ק	ו	צ			3	SHLEMIM	גזרת השלמים	False	False	False	False	False	True	False	False	False	False	False	False	False	False	False	False	True	C.W.C	hollow_candidate	False	False	True	False	False	False	False	False	קוצ	RG-9ec04dd8a7	4	HIFIL|PAAL|PIEL	hewiktionary	wikt:entry:p42787:r475562:o4528:t0|wikt:entry:p52363:r510777:o2620:t0|wikt:entry:p52363:r510777:o3369:t0|wikt:entry:p58907:r507117:o0:t0|wikt:entry:p7286:r522741:o7391:t0	0.96	SILVER	
RT-3d0135ce30	{{שרש3|ח|ת|ם}}	חתמ	ח	ת	מ			3			False	False	False	False	False	False	False	False	False	False	True	False	False	False	False	False	False	X.C.C	guttural_containing	False	False	False	False	False	False	True	False	חתמ	RG-3d0135ce30	2	NIFAL|PAAL	hewiktionary	wikt:conj:p46346:r413990:t0:נפעל עבר|wikt:conj:p46346:r413990:t0:קל עבר|wikt:entry:p56187:r522965:o22:t0|wikt:entry:p7299:r501625:o22:t0	0.96	SILVER	TRADITIONAL_CLASS_NOT_STATED
RT-c303ca00ad	{{שרש3|מ|ל|ל|ג}}, [[גזרת הכפולים]]	מלל	מ	ל	ל			3	AYIN_AYIN	"גזרת הכפולים ; גזרת ע""ע"	False	False	False	False	False	False	False	False	False	False	False	False	False	False	True	False	True	C.C.C+GEM	geminate	False	False	False	False	False	True	False	False	מלל	RG-c303ca00ad	3	HITPAEL|NIFAL|PIEL	hewiktionary	wikt:entry:p43845:r423323:o119:t0|wikt:entry:p52367:r510471:o0:t0|wikt:entry:p7457:r520435:o3217:t0	0.8	SILVER	
RT-0e5d747948	{{שרש3|מ|ס|ה}}	מסה	מ	ס	ה			3			False	False	False	False	False	False	True	False	False	True	False	False	True	False	False	False	True	C.C.H	final_he	False	True	False	False	False	False	True	False	מסה	RG-0e5d747948	1	PIEL	hewiktionary	wikt:entry:p7561:r518084:o8425:t0	0.8	SILVER	TRADITIONAL_CLASS_NOT_STATED
RT-272ffcbdd1	{{שרש3|ק|ל|ס|א|גזרה=השלמים}}	קלס	ק	ל	ס			3	SHLEMIM	שלמים	False	False	False	False	False	False	False	False	False	False	False	False	False	False	False	False	False	C.C.C	strong	True	False	False	False	False	False	False	False	קלס	RG-272ffcbdd1	2	HITPAEL|PIEL	hewiktionary	wikt:conj:p11379:r269958:t0:התפעל עבר|wikt:conj:p11379:r269958:t0:פיעל עבר|wikt:conj:p11380:r269963:t0:התפעל עבר|wikt:conj:p11380:r269963:t0:פיעל עבר|wikt:entry:p7767:r489721:o1142:t0|wikt:entry:p7767:r489721:o1738:t0|wikt:entry:p7767:r489721:o3637:t0|wikt:entry:p7769:r245864:o0:t0	0.9997	SILVER	
RT-1e8ed5d4bd	{{שרש|סקל|ס־ק־ל}}, שלמים	סקל	ס	ק	ל			3	SHLEMIM	שלמים	False	False	False	False	False	False	False	False	False	False	False	False	False	False	False	False	False	C.C.C	strong	True	False	False	False	False	False	False	False	סקל	RG-1e8ed5d4bd	4	NIFAL|PAAL|PIEL|PUAL	hewiktionary	wikt:conj:p20103:r85403:t0:נפעל עבר|wikt:conj:p20103:r85403:t0:פועל עבר|wikt:conj:p20103:r85403:t0:פיעל עבר|wikt:conj:p20103:r85403:t0:קל עבר|wikt:entry:p7790:r433344:o1041:t0|wikt:entry:p7790:r433344:o1813:t0|wikt:entry:p7790:r433344:o29:t0|wikt:entry:p7818:r246278:o0:t0	0.96	SILVER	
RT-e9767e547d	{{שרש3|ח|פ|שׁ}}	חפשׁ	ח	פ	ש			3			False	False	False	False	False	False	False	False	False	False	True	False	False	False	False	False	False	X.C.C	guttural_containing	False	False	False	False	False	False	True	False	חפש	RG-37f0a18088	1	PUAL	hewiktionary	wikt:entry:p7831:r522232:o4290:t0	0.8	SILVER	ROOT_SHARES_ORTHOGRAPHY_WITH_OTHER_ROOT|TRADITIONAL_CLASS_NOT_STATED
RT-250e46a35b	{{שרש3|ק|ל|ד|גזרה=השלמים}}	קלד	ק	ל	ד			3			False	False	False	False	False	False	False	False	False	False	False	False	False	False	False	False	False	C.C.C	strong	True	False	False	False	False	False	False	False	קלד	RG-250e46a35b	1	HIFIL	hewiktionary	wikt:conj:p20070:r424474:t0:הפעיל עבר|wikt:entry:p7983:r441978:o0:t0	0.96	SILVER	TRADITIONAL_CLASS_NOT_STATED
RT-a498400ae4	{{שרש3|מ|ג|ר}}, שלמים	מגר	מ	ג	ר			3	SHLEMIM	שלמים	False	False	False	False	False	False	False	False	False	False	False	False	False	True	False	False	False	C.C.R	strong	True	False	False	False	False	False	False	False	מגר	RG-a498400ae4	1	PIEL	hewiktionary	wikt:conj:p47798:r303066:t0:פיעל עבר|wikt:entry:p8020:r500665:o0:t0	0.96	SILVER	
RT-05943b9932	{{שרש|שׁפד|שׁ־פ־ד}}, שלמים	שׁפד	ש	פ	ד			3	SHLEMIM	שלמים	False	False	False	False	False	False	False	False	False	False	False	False	False	False	False	False	False	C.C.C	strong	True	False	False	False	False	False	False	False	שפד	RG-c3bd72e5e5	1	PIEL	hewiktionary	wikt:conj:p20058:r266302:t0:פיעל עבר|wikt:entry:p8030:r263601:o17:t0	0.96	SILVER	
RT-d57fcc8f1e	{{שרש|טפשׁ|ט־פ־שׁ}}, [[גזרת השלמים]]	טפשׁ	ט	פ	ש			3	SHLEMIM	גזרת השלמים	False	False	False	False	False	False	False	False	False	False	False	False	False	False	False	False	False	C.C.C	strong	True	False	False	False	False	False	False	False	טפש	RG-5c47aa2b1d	1	PAAL	hewiktionary	wikt:entry:p8122:r497358:o2381:t0	0.8	SILVER	
RT-031016a1e7	{{שרש3|ע|ד|ר|א}}, [[גזרת השלמים]]	עדר	ע	ד	ר			3	SHLEMIM	גזרת השלמים	False	False	False	False	False	False	False	False	False	False	True	False	False	True	False	False	False	E.C.R	guttural_containing	False	False	False	False	False	False	True	False	עדר	RG-031016a1e7	3	NIFAL|PAAL|PIEL	hewiktionary	wikt:conj:p10018:r269922:t0:נפעל עבר|wikt:conj:p10018:r269922:t0:פיעל עבר|wikt:conj:p10018:r269922:t0:קל עבר|wikt:conj:p10020:r269926:t0:נפעל עבר|wikt:conj:p10020:r269926:t0:פיעל עבר|wikt:entry:p8132:r476254:o0:t0|wikt:entry:p8132:r476254:o539:t0|wikt:entry:p8146:r513807:o0:t0|wikt:entry:p8146:r513807:o1360:t0|wikt:entry:p8146:r513807:o1920:t0|wikt:entry:p8146:r513807:o722:t0	0.9984	SILVER	
RT-674937e08a	{{שרש3|מ|ר|ר}}, [[גזרת הכפולים]]	מרר	מ	ר	ר			3	AYIN_AYIN	"גזרת הכפולים ; ע""ע"	False	False	False	False	False	False	False	False	False	False	False	False	False	True	True	False	True	C.R.R+GEM	geminate	False	False	False	False	False	True	False	False	מרר	RG-674937e08a	3	HIFIL|PAAL|PIEL	hewiktionary	wikt:entry:p11303:r502342:o57:t0|wikt:entry:p11304:r488713:o1054:t0|wikt:entry:p8159:r519530:o44:t0	0.8	SILVER	
RT-3aab1cf552	{{שרש3|ת|י|ק}}	תיק	ת	י	ק			3			False	False	False	False	True	False	False	False	False	False	False	False	False	False	False	False	True	C.Y.C	hollow_candidate	False	False	True	False	False	False	False	False	תיק	RG-3aab1cf552	1	PIEL	hewiktionary	wikt:conj:p20057:r430411:t0:פיעל עבר|wikt:entry:p8163:r460471:o2360:t0	0.96	SILVER	TRADITIONAL_CLASS_NOT_STATED
RT-9022b61ca5	{{שרש|אכלס|א־כ־ל־ס}}, מרובעים.	אכלס	א	כ	ל	ס		4	QUADRILITERAL	מרובעים.	False	False	False	True	False	False	False	False	False	False	True	False	False	False	False	False	True	A.C.C.C	quadriliteral	False	False	False	False	False	False	True	True	אכלס	RG-9022b61ca5	1	PIEL	hewiktionary	wikt:entry:p8181:r380564:o0:t0	0.8	SILVER	
RT-5a12579f5e	{{שרש4|ר|פ|ר|ף}}	רפרפ	ר	פ	ר	פ		4			False	False	False	False	False	False	False	False	False	False	False	False	False	True	False	True	False	R.C.R.C	quadriliteral	False	False	False	False	False	False	False	True	רפרפ	RG-5a12579f5e	2	PIEL	hewiktionary	wikt:entry:p59583:r431930:o0:t0|wikt:entry:p8191:r393602:o0:t0	0.8	QUESTIONABLE	TRADITIONAL_CLASS_NOT_STATED
RT-354f3b887f	{{שרש4|א|ק|ל|ם}}, מרובעים.	אקלמ	א	ק	ל	מ		4	QUADRILITERAL	מרובעים.	False	False	False	True	False	False	False	False	False	False	True	False	False	False	False	False	True	A.C.C.C	quadriliteral	False	False	False	False	False	False	True	True	אקלמ	RG-354f3b887f	2	HITPAEL|PIEL	hewiktionary	wikt:conj:p20045:r96841:t0:התפעל עבר|wikt:conj:p20045:r96841:t0:פיעל עבר|wikt:entry:p8217:r446537:o0:t0|wikt:entry:p8221:r302056:o0:t0	0.96	SILVER	
RT-dbbb333a91	{{שרש|קיט|ק־י־ט}}, שלמים.	קיט	ק	י	ט			3	SHLEMIM	שלמים.	False	False	False	False	True	False	False	False	False	False	False	False	False	False	False	False	True	C.Y.C	hollow_candidate	False	False	True	False	False	False	False	False	קיט	RG-dbbb333a91	1	PIEL	hewiktionary	wikt:conj:p20071:r85335:t0:פיעל עבר|wikt:entry:p8234:r465993:o0:t0	0.96	SILVER	
RT-ceb62412e5	{{שרש|יהד|י־ה־ד}}, שלמים	יהד	י	ה	ד			3	SHLEMIM	שלמים	False	True	False	False	False	False	False	False	False	False	False	True	False	False	False	False	True	Y.H.C	initial_yod_waw	False	False	False	False	True	False	True	False	יהד	RG-ceb62412e5	1	PIEL	hewiktionary	wikt:entry:p8238:r499930:o0:t0	0.8	SILVER	
RT-884f7f7530	{{שרש3|נ|ו|ל|ב}}, שלמים	נול	נ	ו	ל			3	SHLEMIM	גזרת השלמים ; שלמים	True	False	False	False	False	True	False	False	False	False	False	False	False	False	False	False	True	N.W.C	hollow_candidate	False	False	True	True	False	False	False	False	נול	RG-884f7f7530	3	HITPAEL|PAAL|PIEL	hewiktionary	wikt:conj:p8245:r389925:t0:התפעל עבר|wikt:conj:p8245:r389925:t0:פיעל עבר|wikt:conj:p8245:r389925:t0:קל עבר|wikt:entry:p8244:r389922:o1018:t0|wikt:entry:p8244:r389922:o599:t0|wikt:entry:p8252:r245861:o0:t0	0.96	SILVER	
RT-60d1b604ee	{{שרש3|ח|ר|שׁ|א|גזרה=השלמים}}	חרשׁ	ח	ר	ש			3	PE_GUTTURAL+SHLEMIM	"גזרת השלמים ; פ""ג"	False	False	False	False	False	False	False	False	False	False	True	False	False	True	False	False	False	X.R.C	guttural_containing	False	False	False	False	False	False	True	False	חרש	RG-3b53a268d5	3	HIFIL|HITPAEL|PAAL	hewiktionary	wikt:conj:p32445:r280872:t0:הפעיל עבר|wikt:conj:p32445:r280872:t0:התפעל עבר|wikt:conj:p32445:r280872:t0:קל עבר|wikt:conj:p34086:r430688:t0:הפעיל עבר|wikt:conj:p34086:r430688:t0:קל עבר|wikt:conj:p9681:r269905:t0:הפעיל עבר|wikt:conj:p9681:r269905:t0:קל עבר|wikt:conj:p9686:r269909:t0:התפעל עבר|wikt:conj:p9686:r269909:t0:קל עבר|wikt:entry:p34089:r241221:o0:t0|wikt:entry:p8310:r518457:o1998:t0|wikt:entry:p8310:r518457:o73:t0|wikt:entry:p8445:r457496:o0:t0	0.9999	SILVER	TRADITIONAL_CLASS_VARIES_ACROSS_ENTRIES
RT-17f3528603	"{{שרש3|י|ה|ב|גזרה=נפ""יו}}"	יהב	י	ה	ב			3			False	True	False	False	False	False	False	False	False	False	False	True	False	False	False	False	True	Y.H.C	initial_yod_waw	False	False	False	False	True	False	True	False	יהב	RG-17f3528603	1	PAAL	hewiktionary	wikt:entry:p8394:r512266:o0:t0	0.8	SILVER	TRADITIONAL_CLASS_NOT_STATED
RT-48bc52e5f7	{{שרש|צלף|צ־ל־ף}}, שלמים	צלפ	צ	ל	פ			3	SHLEMIM	שלמים	False	False	False	False	False	False	False	False	False	False	False	False	False	False	False	False	False	C.C.C	strong	True	False	False	False	False	False	False	False	צלפ	RG-48bc52e5f7	1	PAAL	hewiktionary	wikt:conj:p20073:r324426:t0:קל עבר|wikt:entry:p8501:r519168:o1611:t0	0.96	SILVER	
RT-5f1398ca25	{{שרש3|פ|ס|ח|גזרה=השלמים}}	פסח	פ	ס	ח			3			False	False	False	False	False	False	False	False	False	False	False	False	True	False	False	False	False	C.C.X	guttural_containing	False	False	False	False	False	False	True	False	פסח	RG-5f1398ca25	1	PAAL	hewiktionary	wikt:conj:p34193:r266437:t0:קל עבר|wikt:entry:p8533:r499819:o2862:t0	0.96	SILVER	TRADITIONAL_CLASS_NOT_STATED
RT-fcad8ddad2	{{שרש3|ב|ר|ז}}, שלמים	ברז	ב	ר	ז			3	SHLEMIM	שלמים	False	False	False	False	False	False	False	False	False	False	False	False	False	True	False	False	False	C.R.C	strong	True	False	False	False	False	False	False	False	ברז	RG-fcad8ddad2	1	HIFIL	hewiktionary	wikt:conj:p59048:r424564:t0:הפעיל עבר|wikt:entry:p8535:r431508:o0:t0	0.96	SILVER	
RT-907a72b06c	{{שרש3|ד|ל|ל|א}}, [[גזרת הכפולים]]	דלל	ד	ל	ל			3	AYIN_AYIN	גזרת הכפולים	False	False	False	False	False	False	False	False	False	False	False	False	False	False	True	False	True	C.C.C+GEM	geminate	False	False	False	False	False	True	False	False	דלל	RG-907a72b06c	3	PAAL|PIEL	hewiktionary	wikt:entry:p55826:r510181:o0:t0|wikt:entry:p55826:r510181:o342:t0|wikt:entry:p8590:r519005:o0:t0|wikt:entry:p8590:r519005:o1662:t0	0.96	SILVER	
RT-c550d78e48	{{שרש3|מ|ת|ג}}, שלמים	מתג	מ	ת	ג			3	SHLEMIM	שלמים	False	False	False	False	False	False	False	False	False	False	False	False	False	False	False	False	False	C.C.C	strong	True	False	False	False	False	False	False	False	מתג	RG-c550d78e48	1	PIEL	hewiktionary	wikt:entry:p8618:r520826:o1607:t0	0.8	SILVER	
RT-c130337b3d	{{שרש|שׁלק|שׁ־ל־ק}}, שלמים	שׁלק	ש	ל	ק			3	SHLEMIM	שלמים	False	False	False	False	False	False	False	False	False	False	False	False	False	False	False	False	False	C.C.C	strong	True	False	False	False	False	False	False	False	שלק	RG-7ac8265a67	1	PAAL	hewiktionary	wikt:entry:p8780:r451282:o0:t0	0.8	SILVER	
RT-d4e0647bec	{{שרש3|ה|ד|ס|ב}}	הדס	ה	ד	ס			3			False	False	False	False	False	False	False	False	False	False	True	False	False	False	False	False	False	H.C.C	guttural_containing	False	False	False	False	False	False	True	False	הדס	RG-d4e0647bec	1	PIEL	hewiktionary	wikt:entry:p8812:r521892:o2533:t0	0.8	SILVER	TRADITIONAL_CLASS_NOT_STATED
RT-b9a163bcc0	{{שרש4|צ|פ|צ|ף}}	צפצפ	צ	פ	צ	פ		4			False	False	False	False	False	False	False	False	False	False	False	False	False	False	False	True	False	C.C.C.C	quadriliteral	False	False	False	False	False	False	False	True	צפצפ	RG-b9a163bcc0	1	PIEL	hewiktionary	wikt:entry:p8897:r515033:o0:t0	0.8	SILVER	TRADITIONAL_CLASS_NOT_STATED
RT-d5b3c53ccd	ס-כ-ה	סכה	ס	כ	ה			3			False	False	False	False	False	False	True	False	False	True	False	False	True	False	False	False	True	C.C.H	final_he	False	True	False	False	False	False	True	False	סכה	RG-d5b3c53ccd	1	PAAL	hewiktionary	wikt:conj:p58546:r414473:t0:קל עבר|wikt:entry:p60178:r512197:o9:t0|wikt:entry:p8948:r508064:o3195:t0	0.0	QUESTIONABLE	TRADITIONAL_CLASS_NOT_STATED
RT-713ace256c	{{שרש|מספר|מ־ס־פ־ר}}, [[גזרת המרובעים]]	מספר	מ	ס	פ	ר		4	QUADRILITERAL	גזרת המרובעים	False	False	False	False	False	False	False	False	False	False	False	False	False	True	False	False	False	C.C.C.R	quadriliteral	False	False	False	False	False	False	False	True	מספר	RG-713ace256c	1	PIEL	hewiktionary	wikt:conj:p17706:r175912:t0:פיעל עבר|wikt:entry:p9306:r494200:o1679:t0	0.96	SILVER	
RT-5433dfacab	{{שרש|קלע א|ק־ל־ע <small>א</small>}}, שלמים	קלע	ק	ל	ע			3	SHLEMIM	שלמים	False	False	False	False	False	False	False	False	False	False	False	False	True	False	False	False	False	C.C.E	guttural_containing	False	False	False	False	False	False	True	False	קלע	RG-5433dfacab	1	PAAL	hewiktionary	wikt:conj:p11395:r269984:t0:קל עבר|wikt:conj:p11396:r270897:t0:קל עבר|wikt:entry:p9452:r451082:o0:t0|wikt:entry:p9452:r451082:o816:t0	0.9984	SILVER	
RT-f39b7b4ebb	{{שרש|סכר|ס־כ־ר}}, שלמים	סכר	ס	כ	ר			3	SHLEMIM	שלמים	False	False	False	False	False	False	False	False	False	False	False	False	False	True	False	False	False	C.C.R	strong	True	False	False	False	False	False	False	False	סכר	RG-f39b7b4ebb	3	NIFAL|PAAL|PIEL	hewiktionary	wikt:entry:p9577:r517707:o2533:t0|wikt:entry:p9577:r517707:o5047:t0|wikt:entry:p9626:r449573:o0:t0	0.8	SILVER	
RT-01a30e98cf	{{שרש3|ס|ל|ה}}	סלה	ס	ל	ה			3			False	False	False	False	False	False	True	False	False	True	False	False	True	False	False	False	True	C.C.H	final_he	False	True	False	False	False	False	True	False	סלה	RG-01a30e98cf	1	PIEL	hewiktionary	wikt:entry:p9676:r520496:o2006:t0	0.8	SILVER	TRADITIONAL_CLASS_NOT_STATED
RT-9d458153f6	{{שרש3|א|פ|ר}}	אפר	א	פ	ר			3			False	False	False	True	False	False	False	False	False	False	True	False	False	True	False	False	True	A.C.R	initial_alef	False	False	False	False	False	False	True	False	אפר	RG-9d458153f6	2	PIEL|PUAL	hewiktionary	wikt:entry:p9698:r520314:o5851:t0|wikt:entry:p9698:r520314:o6303:t0|wikt:entry:p9698:r520314:o6750:t0	0.96	SILVER	TRADITIONAL_CLASS_NOT_STATED
RT-4f64315c3f	"{{שרש|גוף א|ג־ו־ף <small>א</small>}}, [[נספח:גזרת נע""ו/י|גזרת נע""ו/י]]"	גופ	ג	ו	פ			3	AYIN_WAW_YOD	"גזרת נע""ו/י"	False	False	False	False	False	True	False	False	False	False	False	False	False	False	False	False	True	C.W.C	hollow_candidate	False	False	True	False	False	False	False	False	גופ	RG-4f64315c3f	1	HIFIL	hewiktionary	wikt:conj:p23172:r266308:t0:הפעיל עבר|wikt:entry:p9734:r380220:o0:t0	0.96	SILVER	
RT-77c9cbd0c0	{{שרש3|ח|ב|ה}}	חבה	ח	ב	ה			3			False	False	False	False	False	False	True	False	False	True	True	False	True	False	False	False	True	X.C.H	final_he	False	True	False	False	False	False	True	False	חבה	RG-77c9cbd0c0	1	PAAL	hewiktionary	wikt:entry:p9792:r510292:o1724:t0	0.8	SILVER	TRADITIONAL_CLASS_NOT_STATED
RT-cb45ae90cd	"{{שרש|חפץ|ח־פ־ץ}}, [[גזרת השלמים]], [[פ""ג]]"	חפצ	ח	פ	צ			3	SHLEMIM	גזרת השלמים	False	False	False	False	False	False	False	False	False	False	True	False	False	False	False	False	False	X.C.C	guttural_containing	False	False	False	False	False	False	True	False	חפצ	RG-cb45ae90cd	1	PAAL	hewiktionary	wikt:entry:p9942:r511228:o0:t0	0.8	SILVER	
RT-bcfadb4d8b	{{שרש|גדר א|ג־ד־ר <small>א</small>}}, שלמים	גדר	ג	ד	ר			3	SHLEMIM	גזרת השלמים ; שלמים	False	False	False	False	False	False	False	False	False	False	False	False	False	True	False	False	False	C.C.R	strong	True	False	False	False	False	False	False	False	גדר	RG-bcfadb4d8b	3	HIFIL|PAAL|PIEL	hewiktionary	wikt:conj:p10098:r269931:t0:הפעיל עבר|wikt:conj:p10098:r269931:t0:פיעל עבר|wikt:conj:p10098:r269931:t0:קל עבר|wikt:conj:p10107:r413996:t0:פיעל עבר|wikt:conj:p10107:r413996:t0:קל עבר|wikt:entry:p10109:r261221:o0:t0|wikt:entry:p38590:r488605:o2405:t0|wikt:entry:p38590:r488605:o3117:t0|wikt:entry:p38590:r488605:o4195:t0|wikt:entry:p38590:r488605:o4609:t0	0.9984	SILVER	
RT-099144b7c3	"{{שרש3|ע|ק|ל|א}}, [[פ""ג]]"	עקל	ע	ק	ל			3	PE_GUTTURAL	"פ""ג"	False	False	False	False	False	False	False	False	False	False	True	False	False	False	False	False	False	E.C.C	guttural_containing	False	False	False	False	False	False	True	False	עקל	RG-099144b7c3	2	PIEL|PUAL	hewiktionary	wikt:conj:p17339:r85698:t0:פועל עבר|wikt:conj:p17339:r85698:t0:פיעל עבר|wikt:conj:p17340:r269739:t0:פועל עבר|wikt:conj:p17340:r269739:t0:פיעל עבר|wikt:entry:p10150:r519680:o0:t0|wikt:entry:p10150:r519680:o340:t0|wikt:entry:p10150:r519680:o770:t0	0.9984	SILVER	
RT-b14e2a2c38	{{שרש3|ח|מ|ס}}	חמס	ח	מ	ס			3			False	False	False	False	False	False	False	False	False	False	True	False	False	False	False	False	False	X.C.C	guttural_containing	False	False	False	False	False	False	True	False	חמס	RG-b14e2a2c38	1	PAAL	hewiktionary	wikt:entry:p10330:r502091:o0:t0	0.8	SILVER	TRADITIONAL_CLASS_NOT_STATED
RT-462887b0bd	{{שרש|בזק א|ב־ז־ק <small>א</small>}}	בזק	ב	ז	ק			3			False	False	False	False	False	False	False	False	False	False	False	False	False	False	False	False	False	C.C.C	strong	True	False	False	False	False	False	False	False	בזק	RG-462887b0bd	1	PAAL	hewiktionary	wikt:entry:p10471:r521122:o2:t0	0.8	SILVER	TRADITIONAL_CLASS_NOT_STATED
RT-293478c6b8	{{שרש|רכז|ר־כ־ז}}, [[גזרת השלמים]]	רכז	ר	כ	ז			3	SHLEMIM	גזרת השלמים	False	False	False	False	False	False	False	False	False	False	False	False	False	True	False	False	False	R.C.C	strong	True	False	False	False	False	False	False	False	רכז	RG-293478c6b8	2	HITPAEL|PIEL	hewiktionary	wikt:conj:p32048:r266338:t0:התפעל עבר|wikt:conj:p32048:r266338:t0:פיעל עבר|wikt:entry:p10549:r520175:o0:t0|wikt:entry:p10550:r272200:o0:t0	0.96	SILVER	
RT-3b6e0616f2	{{שרש3|ע|פ|ל}}	עפל	ע	פ	ל			3	SHLEMIM	שלמים	False	False	False	False	False	False	False	False	False	False	True	False	False	False	False	False	False	E.C.C	guttural_containing	False	False	False	False	False	False	True	False	עפל	RG-3b6e0616f2	2	HIFIL|PUAL	hewiktionary	wikt:entry:p10596:r507728:o1640:t0|wikt:entry:p10754:r519748:o0:t0	0.8	SILVER	
RT-8b58d895f2	{{שרש3|ט|ק|ס}}, [[גזרת השלמים]]	טקס	ט	ק	ס			3	SHLEMIM	גזרת השלמים	False	False	False	False	False	False	False	False	False	False	False	False	False	False	False	False	False	C.C.C	strong	True	False	False	False	False	False	False	False	טקס	RG-8b58d895f2	2	PIEL|PUAL	hewiktionary	wikt:conj:p20092:r156810:t0:פועל עבר|wikt:conj:p20092:r156810:t0:פיעל עבר|wikt:entry:p10680:r519688:o2573:t0|wikt:entry:p10680:r519688:o3227:t0	0.96	SILVER	
RT-e15fe3e5bc	{{שרש|טכס|ט־כ־ס}},[[גזרת השלמים]].	טכס	ט	כ	ס			3	SHLEMIM	גזרת השלמים	False	False	False	False	False	False	False	False	False	False	False	False	False	False	False	False	False	C.C.C	strong	True	False	False	False	False	False	False	False	טכס	RG-e15fe3e5bc	2	PAAL|PIEL	hewiktionary	wikt:conj:p20091:r321472:t0:פיעל עבר|wikt:conj:p20091:r321472:t0:קל עבר|wikt:entry:p10681:r520045:o528:t0|wikt:entry:p10681:r520045:o62:t0	0.96	SILVER	
RT-2ad369fae5	"{{שרש|סוך|ס־ו־ך}}, [[גזרת נע""ו\י]]."	סוכ	ס	ו	כ			3	AYIN_WAW_YOD	"גזרת נע""ו\י"	False	False	False	False	False	True	False	False	False	False	False	False	False	False	False	False	True	C.W.C	hollow_candidate	False	False	True	False	False	False	False	False	סוכ	RG-2ad369fae5	1	PAAL	hewiktionary	wikt:entry:p10711:r466464:o62:t0	0.8	SILVER	
RT-8603d92a06	"{{שרש3|א|שׁ|ם}}, שלמים פ""ג"	אשׁמ	א	ש	מ			3	SHLEMIM	"שלמים ; שלמים פ""ג"	False	False	False	True	False	False	False	False	False	False	True	False	False	False	False	False	True	A.C.C	initial_alef	False	False	False	False	False	False	True	False	אשמ	RG-0652f23752	2	HIFIL|NIFAL	hewiktionary	wikt:conj:p47651:r268934:t0:הפעיל עבר|wikt:conj:p47651:r268934:t0:נפעל עבר|wikt:entry:p10801:r520471:o1379:t0|wikt:entry:p63312:r497291:o0:t0	0.96	SILVER	
RT-3ddeb097f6	{{שרש3|שׂ|ט|ן}}	שׂטנ	ש	ט	נ			3			False	False	False	False	False	False	False	False	False	False	False	False	False	False	False	False	False	C.C.N	strong	True	False	False	False	False	False	False	False	שטנ	RG-c3f8565789	1	PAAL	hewiktionary	wikt:conj:p56626:r452306:t0:קל עבר|wikt:entry:p11055:r502888:o4711:t0	0.96	SILVER	TRADITIONAL_CLASS_NOT_STATED
RT-c5d14618e6	{{שרש4|מ|ס|ר|ר|גזרה=המרובעים}}	מסרר	מ	ס	ר	ר		4			False	False	False	False	False	False	False	False	False	False	False	False	False	True	False	False	False	C.C.R.R	quadriliteral	False	False	False	False	False	False	False	True	מסרר	RG-c5d14618e6	1	PIEL	hewiktionary	wikt:conj:p31396:r154377:t0:פיעל עבר|wikt:entry:p11072:r308010:o0:t0	0.96	SILVER	TRADITIONAL_CLASS_NOT_STATED
RT-f7ef7a0258	{{שרש|המר|ה־מ־ר}}	המר	ה	מ	ר			3			False	False	False	False	False	False	False	False	False	False	True	False	False	True	False	False	False	H.C.R	guttural_containing	False	False	False	False	False	False	True	False	המר	RG-f7ef7a0258	1	PIEL	hewiktionary	wikt:conj:p17693:r76753:t0:פיעל עבר|wikt:entry:p11304:r488713:o0:t0	0.96	SILVER	TRADITIONAL_CLASS_NOT_STATED
RT-eaa416031d	{{שרש3|ע|ש|ה}}	עשה	ע	ש	ה			3			False	False	False	False	False	False	True	False	False	True	True	False	True	False	False	False	True	E.C.H	final_he	False	True	False	False	False	False	True	False	עשה	RG-eaa416031d	1	PIEL	hewiktionary	wikt:entry:p11324:r516384:o1884:t0|wikt:entry:p53381:r493222:o0:t0	0.9	SILVER	ROOT_SHARES_ORTHOGRAPHY_WITH_OTHER_ROOT|SHIN_SIN_UNRESOLVED|TRADITIONAL_CLASS_NOT_STATED
RT-5a8a301268	{{שרש3|כ|מ|ר|א}}	כמר	כ	מ	ר			3	SHLEMIM	גזרת השלמים	False	False	False	False	False	False	False	False	False	False	False	False	False	True	False	False	False	C.C.R	strong	True	False	False	False	False	False	False	False	כמר	RG-5a8a301268	3	NIFAL|PAAL|PIEL	hewiktionary	wikt:entry:p11428:r513693:o5304:t0|wikt:entry:p11428:r513693:o6451:t0|wikt:entry:p58135:r423825:o0:t0	0.8	SILVER	
RT-ad9fc1f996	ח-ו-ל	חול	ח	ו	ל			3			False	False	False	False	False	True	False	False	False	False	True	False	False	False	False	False	True	X.W.C	hollow_candidate	False	False	True	False	False	False	True	False	חול	RG-ad9fc1f996	1	HUFAL	hewiktionary	wikt:conj:p17741:r321035:t0:הופעל עבר|wikt:conj:p20089:r163651:t0:הופעל עבר|wikt:entry:p11444:r494232:o0:t0|wikt:entry:p11444:r494232:o663:t0	0.0	QUESTIONABLE	TRADITIONAL_CLASS_NOT_STATED
RT-4f1632f237	{{שרש3|ג|ש|ם|א}}	גשׁמ	ג	ש	מ			3			False	False	False	False	False	False	False	False	False	False	False	False	False	False	False	False	False	C.C.C	strong	True	False	False	False	False	False	False	False	גשמ	RG-21de1cb5d6	1	PUAL	hewiktionary	wikt:entry:p11560:r521831:o4795:t0	0.8	SILVER	SHIN_SIN_FROM_FORM|TRADITIONAL_CLASS_NOT_STATED
RT-7c150ded9e	{{שרש|פרגע|פ־ר־ג־ע}}, מרובעים	פרגע	פ	ר	ג	ע		4	QUADRILITERAL	מרובעים	False	False	False	False	False	False	False	False	False	False	False	False	False	True	False	False	False	C.R.C.E	quadriliteral	False	False	False	False	False	False	True	True	פרגע	RG-7c150ded9e	1	PIEL	hewiktionary	wikt:entry:p11592:r241812:o0:t0	0.8	SILVER	
RT-148c42c1e0	{{שרש|בלגן|ב־ל־ג־ן}}, [[גזרת המרובעים]]	בלגנ	ב	ל	ג	נ		4	QUADRILITERAL	גזרת המרובעים	False	False	False	False	False	False	False	False	False	False	False	False	False	False	False	False	False	C.C.C.N	quadriliteral	False	False	False	False	False	False	False	True	בלגנ	RG-148c42c1e0	1	PIEL	hewiktionary	wikt:entry:p11616:r520419:o1658:t0	0.8	SILVER	
RT-47b9c03197	{{שרש|ערגל|ע־ר־ג־ל}}, מרובעים	ערגל	ע	ר	ג	ל		4	QUADRILITERAL	מרובעים	False	False	False	False	False	False	False	False	False	False	True	False	False	True	False	False	False	E.R.C.C	quadriliteral	False	False	False	False	False	False	True	True	ערגל	RG-47b9c03197	1	PIEL	hewiktionary	wikt:entry:p11625:r513646:o0:t0	0.8	SILVER	
RT-36cbbe8348	"{{שרש|שׁנא|שׁ־נ־א}}, [[גזרת נל""א]]"	שׁנא	ש	נ	א			3	LAMED_ALEF	"גזרת נל""א"	False	False	False	False	False	False	False	False	True	False	False	False	True	False	False	False	True	C.N.A	final_alef	False	False	False	False	False	False	True	False	שנא	RG-f276ebbe55	2	PIEL|PUAL	hewiktionary	wikt:entry:p11656:r500779:o2537:t0|wikt:entry:p11656:r500779:o3344:t0	0.8	SILVER	ROOT_SHARES_ORTHOGRAPHY_WITH_OTHER_ROOT
RT-34a72638ec	{{שרש|קטם|ק־ט־ם}}	קטמ	ק	ט	מ			3			False	False	False	False	False	False	False	False	False	False	False	False	False	False	False	False	False	C.C.C	strong	True	False	False	False	False	False	False	False	קטמ	RG-34a72638ec	1	PAAL	hewiktionary	wikt:conj:p20040:r413984:t0:קל עבר|wikt:entry:p11798:r495392:o0:t0	0.96	SILVER	TRADITIONAL_CLASS_NOT_STATED
RT-4b83fd92fe	{{שרש|שׁדך|שׁ־ד־ך}}, שלמים	שׁדכ	ש	ד	כ			3	SHLEMIM	שלמים	False	False	False	False	False	False	False	False	False	False	False	False	False	False	False	False	False	C.C.C	strong	True	False	False	False	False	False	False	False	שדכ	RG-12bf4a36ac	1	PIEL	hewiktionary	wikt:entry:p11886:r320440:o0:t0	0.8	SILVER	
RT-eb469cc43f	{{שרש|חרבן|ח־ר־ב־ן}}, מרובעים	חרבנ	ח	ר	ב	נ		4	QUADRILITERAL	מרובעים	False	False	False	False	False	False	False	False	False	False	True	False	False	True	False	False	False	X.R.C.N	quadriliteral	False	False	False	False	False	False	True	True	חרבנ	RG-eb469cc43f	1	PIEL	hewiktionary	wikt:conj:p13116:r431567:t0:פיעל עבר|wikt:entry:p11895:r513295:o1973:t0	0.96	SILVER	
RT-3e4b110e88	{{שרש3|ג|ב|ן|ב|גזרה=השלמים}}	גבנ	ג	ב	נ			3			False	False	False	False	False	False	False	False	False	False	False	False	False	False	False	False	False	C.C.N	strong	True	False	False	False	False	False	False	False	גבנ	RG-3e4b110e88	1	PIEL	hewiktionary	wikt:entry:p11963:r378896:o2093:t0	0.8	SILVER	TRADITIONAL_CLASS_NOT_STATED
RT-c62b17093d	"{{שרש3|ג|ר|ף}}, ע""ג"	גרפ	ג	ר	פ			3	AYIN_GUTTURAL+SHLEMIM	"גזרת השלמים ; ע""ג"	False	False	False	False	False	False	False	False	False	False	False	False	False	True	False	False	False	C.R.C	strong	True	False	False	False	False	False	False	False	גרפ	RG-c62b17093d	2	PAAL|PIEL	hewiktionary	wikt:entry:p11967:r518250:o0:t0|wikt:entry:p11967:r518250:o685:t0	0.8	SILVER	TRADITIONAL_CLASS_VARIES_ACROSS_ENTRIES
RT-c924174bc4	{{שרש3|מ|ת|ק}}	מתק	מ	ת	ק			3			False	False	False	False	False	False	False	False	False	False	False	False	False	False	False	False	False	C.C.C	strong	True	False	False	False	False	False	False	False	מתק	RG-c924174bc4	3	HIFIL|PAAL|PIEL	hewiktionary	wikt:conj:p56486:r392775:t0:הפעיל עבר|wikt:conj:p56486:r392775:t0:פיעל עבר|wikt:conj:p56486:r392775:t0:קל עבר|wikt:entry:p12073:r518867:o1194:t0|wikt:entry:p12073:r518867:o1924:t0|wikt:entry:p45560:r407323:o0:t0	0.96	SILVER	TRADITIONAL_CLASS_NOT_STATED
RT-8a8093988e	{{שרש3|ב|ק|ק}}, כפולים.	בקק	ב	ק	ק			3	AYIN_AYIN	כפולים.	False	False	False	False	False	False	False	False	False	False	False	False	False	False	True	False	True	C.C.C+GEM	geminate	False	False	False	False	False	True	False	False	בקק	RG-8a8093988e	2	NIFAL|PAAL	hewiktionary	wikt:entry:p12205:r446418:o0:t0|wikt:entry:p58169:r408528:o0:t0	0.8	SILVER	
RT-87076bf8ad	{{שרש3|נ|שׁ|ר}}	נשׁר	נ	ש	ר			3			True	False	False	False	False	False	False	False	False	False	False	False	False	True	False	False	True	N.C.R	initial_nun	False	False	False	True	False	False	False	False	נשר	RG-e4da180980	2	PAAL|PIEL	hewiktionary	wikt:entry:p12258:r512996:o0:t0|wikt:entry:p12258:r512996:o1038:t0	0.8	SILVER	TRADITIONAL_CLASS_NOT_STATED
RT-ce96494b0f	"{{שרש|גרט|ג־ר־ט}}, ע""ג."	גרט	ג	ר	ט			3	AYIN_GUTTURAL	"ע""ג."	False	False	False	False	False	False	False	False	False	False	False	False	False	True	False	False	False	C.R.C	strong	True	False	False	False	False	False	False	False	גרט	RG-ce96494b0f	1	PAAL	hewiktionary	wikt:entry:p12264:r364993:o0:t0	0.8	SILVER	
RT-e5ec6622dd	{{שרש|ברבר|ב־ר־ב־ר}}, מרובעים	ברבר	ב	ר	ב	ר		4	QUADRILITERAL	מרובעים	False	False	False	False	False	False	False	False	False	False	False	False	False	True	False	True	False	C.R.C.R	quadriliteral	False	False	False	False	False	False	False	True	ברבר	RG-e5ec6622dd	2	HITPAEL|PIEL	hewiktionary	wikt:entry:p12367:r448806:o0:t0|wikt:entry:p57428:r409862:o85:t0	0.8	SILVER	
RT-8a63c8af7b	{{שרש3|ק|ל|ח|א}}	קלח	ק	ל	ח			3			False	False	False	False	False	False	False	False	False	False	False	False	True	False	False	False	False	C.C.X	guttural_containing	False	False	False	False	False	False	True	False	קלח	RG-8a63c8af7b	2	PAAL|PIEL	hewiktionary	wikt:entry:p12445:r512576:o21:t0|wikt:entry:p12445:r512576:o897:t0	0.8	SILVER	TRADITIONAL_CLASS_NOT_STATED
RT-ef81512274	{{שרש|פתק|פ־ת־ק}}, שלמים.	פתק	פ	ת	ק			3	SHLEMIM	שלמים.	False	False	False	False	False	False	False	False	False	False	False	False	False	False	False	False	False	C.C.C	strong	True	False	False	False	False	False	False	False	פתק	RG-ef81512274	1	PAAL	hewiktionary	wikt:entry:p12502:r496723:o1123:t0	0.8	SILVER	
RT-581441c01f	{{שרש3|ג|י|ס}}	גיס	ג	י	ס			3			False	False	False	False	True	False	False	False	False	False	False	False	False	False	False	False	True	C.Y.C	hollow_candidate	False	False	True	False	False	False	False	False	גיס	RG-581441c01f	1	PIEL	hewiktionary	wikt:conj:p43515:r266467:t0:פיעל עבר|wikt:entry:p12605:r522296:o2315:t0	0.96	SILVER	TRADITIONAL_CLASS_NOT_STATED
RT-a3dec951dc	{{שרש3|א|ת|ה}}	אתה	א	ת	ה			3			False	False	False	True	False	False	True	False	False	True	True	False	True	False	False	False	True	A.C.H	final_he	False	True	False	False	False	False	True	False	אתה	RG-a3dec951dc	1	PAAL	hewiktionary	wikt:entry:p12642:r521985:o2393:t0	0.8	SILVER	TRADITIONAL_CLASS_NOT_STATED
RT-c6ade8625c	{{שרש3|ק|ב|ב}}	קבב	ק	ב	ב			3			False	False	False	False	False	False	False	False	False	False	False	False	False	False	True	False	True	C.C.C+GEM	geminate	False	False	False	False	False	True	False	False	קבב	RG-c6ade8625c	1	PAAL	hewiktionary	wikt:entry:p12935:r522185:o72:t0	0.8	SILVER	TRADITIONAL_CLASS_NOT_STATED
RT-a8d380fafa	{{שרש4|ס|ר|ב|ל}}	סרבל	ס	ר	ב	ל		4			False	False	False	False	False	False	False	False	False	False	False	False	False	True	False	False	False	C.R.C.C	quadriliteral	False	False	False	False	False	False	False	True	סרבל	RG-a8d380fafa	1	PIEL	hewiktionary	wikt:conj:p56647:r411921:t0:פיעל עבר|wikt:entry:p12958:r424686:o1403:t0	0.96	SILVER	TRADITIONAL_CLASS_NOT_STATED
RT-d67a276102	{{שרש3|שׁ|ק|ץ|גזרה=שלמים}}	שׁקצ	ש	ק	צ			3			False	False	False	False	False	False	False	False	False	False	False	False	False	False	False	False	False	C.C.C	strong	True	False	False	False	False	False	False	False	שקצ	RG-7076fabf31	1	PIEL	hewiktionary	wikt:entry:p13187:r513899:o0:t0	0.8	SILVER	TRADITIONAL_CLASS_NOT_STATED
RT-fbb1fea468	"{{שרש3|פ|כ|ה}}, [[גזרת נל""י/ה]]"	פכה	פ	כ	ה			3	LAMED_YOD_HE	"גזרת נל""י/ה"	False	False	False	False	False	False	True	False	False	True	False	False	True	False	False	False	True	C.C.H	final_he	False	True	False	False	False	False	True	False	פכה	RG-fbb1fea468	1	PIEL	hewiktionary	wikt:entry:p13194:r520464:o0:t0	0.8	SILVER	
RT-9b12f0eb59	{{שרש4|מ|שׁ|מ|שׁ}}	משׁמשׁ	מ	ש	מ	ש		4			False	False	False	False	False	False	False	False	False	False	False	False	False	False	False	True	False	C.C.C.C	quadriliteral	False	False	False	False	False	False	False	True	משמש	RG-0b307c0efa	1	PIEL	hewiktionary	wikt:entry:p13351:r436690:o112:t0	0.8	SILVER	TRADITIONAL_CLASS_NOT_STATED
RT-7fb93eeb5f	"{{שרש3|א|ה|ל}}, [[גזרת השלמים]], [[פ""ג]], [[ע""ג]]"	אהל	א	ה	ל			3	SHLEMIM	גזרת השלמים	False	False	False	True	False	False	False	False	False	False	True	True	False	False	False	False	True	A.H.C	initial_alef	False	False	False	False	False	False	True	False	אהל	RG-7fb93eeb5f	2	PAAL|PIEL	hewiktionary	wikt:entry:p13827:r517630:o4128:t0|wikt:entry:p13827:r517630:o4519:t0	0.8	SILVER	
RT-576bf04ada	"{{שרש3|מ|ו|ר|גזרה=נע""ו/י}} (ניטה לפי ע""ע)"	מור	מ	ו	ר			3	AYIN_AYIN	"(ניטה לפי ע""ע)"	False	False	False	False	False	True	False	False	False	False	False	False	False	True	False	False	True	C.W.R	hollow_candidate	False	False	True	False	False	False	False	False	מור	RG-576bf04ada	2	HIFIL|NIFAL	hewiktionary	wikt:conj:p34691:r517330:t0:הפעיל עבר|wikt:conj:p34691:r517330:t0:נפעל עבר|wikt:entry:p13877:r520843:o3471:t0|wikt:entry:p64122:r517329:o0:t0	0.96	SILVER	
RT-5919e85bdb	"{{שרש3|נ|מ|ר}}, חסרי פ""נ"	נמר	נ	מ	ר			3	PE_NUN	"חסרי פ""נ"	True	False	False	False	False	False	False	False	False	False	False	False	False	True	False	False	True	N.C.R	initial_nun	False	False	False	True	False	False	False	False	נמר	RG-5919e85bdb	1	PIEL	hewiktionary	wikt:entry:p13877:r520843:o4712:t0	0.8	SILVER	
RT-36e4382030	{{שרש3|צ|ר|ר|גזרה=הכפולים}}	צרר	צ	ר	ר			3			False	False	False	False	False	False	False	False	False	False	False	False	False	True	True	False	True	C.R.R+GEM	geminate	False	False	False	False	False	True	False	False	צרר	RG-36e4382030	3	HIFIL|PAAL	hewiktionary	wikt:conj:p30754:r518944:t0:הפעיל עבר|wikt:conj:p30754:r518944:t0:קל עבר|wikt:entry:p13896:r517389:o960:t0|wikt:entry:p50364:r520875:o0:t0|wikt:entry:p50364:r520875:o1082:t0|wikt:entry:p50454:r422936:o0:t0	0.992	SILVER	TRADITIONAL_CLASS_NOT_STATED
RT-dc2e972ed7	{{שרש3|א|ו|ד}}	אוד	א	ו	ד			3			False	False	False	True	False	True	False	False	False	False	True	False	False	False	False	False	True	A.W.C	hollow_candidate	False	False	True	False	False	False	True	False	אוד	RG-dc2e972ed7	1	PIEL	hewiktionary	wikt:entry:p13903:r482439:o2258:t0	0.8	SILVER	TRADITIONAL_CLASS_NOT_STATED
RT-6a915475dc	{{שרש|טבל א|ט־ב־ל <small>א</small>}}	טבל	ט	ב	ל			3			False	False	False	False	False	False	False	False	False	False	False	False	False	False	False	False	False	C.C.C	strong	True	False	False	False	False	False	False	False	טבל	RG-6a915475dc	1	PAAL	hewiktionary	wikt:entry:p13937:r521253:o0:t0	0.8	SILVER	TRADITIONAL_CLASS_NOT_STATED
RT-e02858d685	{{שרש3|מ|ח|ק}}	מחק	מ	ח	ק			3			False	False	False	False	False	False	False	False	False	False	False	True	False	False	False	False	False	C.X.C	guttural_containing	False	False	False	False	False	False	True	False	מחק	RG-e02858d685	2	PAAL|PIEL	hewiktionary	wikt:conj:p22498:r390143:t0:פיעל עבר|wikt:conj:p22498:r390143:t0:קל עבר|wikt:entry:p14029:r512286:o1450:t0|wikt:entry:p14029:r512286:o1:t0	0.96	SILVER	TRADITIONAL_CLASS_NOT_STATED
RT-04554793f3	"{{שרש3|נ|י|ר|גזרה=נע""ו/י}}"	ניר	נ	י	ר			3			True	False	False	False	True	False	False	False	False	False	False	False	False	True	False	False	True	N.Y.R	hollow_candidate	False	False	True	True	False	False	False	False	ניר	RG-04554793f3	1	PAAL	hewiktionary	wikt:conj:p33288:r266413:t0:קל עבר|wikt:entry:p14041:r522931:o3931:t0	0.96	SILVER	TRADITIONAL_CLASS_NOT_STATED
RT-87764e85af	{{שרש3|פ|ל|ט}}	פלט	פ	ל	ט			3			False	False	False	False	False	False	False	False	False	False	False	False	False	False	False	False	False	C.C.C	strong	True	False	False	False	False	False	False	False	פלט	RG-87764e85af	1	PAAL	hewiktionary	wikt:entry:p14075:r438103:o17:t0	0.8	SILVER	TRADITIONAL_CLASS_NOT_STATED
RT-d81562faa2	{{שרש3|פ|ק|ס}}	פקס	פ	ק	ס			3			False	False	False	False	False	False	False	False	False	False	False	False	False	False	False	False	False	C.C.C	strong	True	False	False	False	False	False	False	False	פקס	RG-d81562faa2	1	PAAL	hewiktionary	wikt:entry:p14102:r512051:o0:t0	0.8	SILVER	TRADITIONAL_CLASS_NOT_STATED
RT-7b01fb170c	{{שרש|פרף|פ־ר־ף}}, [[גזרת השלמים]]	פרפ	פ	ר	פ			3	SHLEMIM	גזרת השלמים	False	False	False	False	False	False	False	False	False	False	False	False	False	True	False	False	False	C.R.C	strong	True	False	False	False	False	False	False	False	פרפ	RG-7b01fb170c	1	PAAL	hewiktionary	wikt:entry:p14180:r472269:o0:t0	0.8	SILVER	
RT-f41517fa35	{{שרש|רכס א|ר־כ־ס <small>א</small>}}, [[גזרת השלמים]]	רכס	ר	כ	ס			3	SHLEMIM	גזרת השלמים	False	False	False	False	False	False	False	False	False	False	False	False	False	True	False	False	False	R.C.C	strong	True	False	False	False	False	False	False	False	רכס	RG-f41517fa35	2	PAAL|PIEL	hewiktionary	wikt:entry:p14194:r518955:o0:t0|wikt:entry:p14194:r518955:o1389:t0	0.8	SILVER	
RT-e040a7ddb1	"{{שרש3|נ|ג|ב}}, [[גזרת חפ""נ]]"	נגב	נ	ג	ב			3	PE_NUN	"גזרת חפ""נ"	True	False	False	False	False	False	False	False	False	False	False	False	False	False	False	False	True	N.C.C	initial_nun	False	False	False	True	False	False	False	False	נגב	RG-e040a7ddb1	2	PAAL|PIEL	hewiktionary	wikt:entry:p14236:r498381:o3178:t0|wikt:entry:p14236:r498381:o3508:t0|wikt:entry:p14236:r498381:o3822:t0	0.96	SILVER	
RT-467438c5ec	{{שרש|לפת א|ל־פ־ת <small>א</small>}}	לפת	ל	פ	ת			3			False	False	False	False	False	False	False	False	False	False	False	False	False	False	False	False	False	C.C.C	strong	True	False	False	False	False	False	False	False	לפת	RG-467438c5ec	2	PAAL|PIEL	hewiktionary	wikt:entry:p14334:r514052:o0:t0|wikt:entry:p14334:r514052:o588:t0	0.8	SILVER	TRADITIONAL_CLASS_NOT_STATED
RT-fa1557a159	"{{שרש3|י|ת|ד}}, [[גזרת נפ""יו]]"	יתד	י	ת	ד			3	PE_YOD_WAW	"גזרת נפ""יו"	False	True	False	False	False	False	False	False	False	False	False	False	False	False	False	False	True	Y.C.C	initial_yod_waw	False	False	False	False	True	False	False	False	יתד	RG-fa1557a159	1	PAAL	hewiktionary	wikt:conj:p48246:r274205:t0:קל עבר|wikt:entry:p14355:r517272:o3234:t0	0.96	SILVER	
RT-8d9c64f696	{{שרש4|פ|שׁ|פ|שׁ}}	פשׁפשׁ	פ	ש	פ	ש		4			False	False	False	False	False	False	False	False	False	False	False	False	False	False	False	True	False	C.C.C.C	quadriliteral	False	False	False	False	False	False	False	True	פשפש	RG-58cf7c40e7	1	PIEL	hewiktionary	wikt:entry:p14419:r520871:o0:t0	0.8	SILVER	TRADITIONAL_CLASS_NOT_STATED
RT-0a0b1af817	{{שרש3|נ|פ|ט}}, שלמים	נפט	נ	פ	ט			3	SHLEMIM	שלמים	True	False	False	False	False	False	False	False	False	False	False	False	False	False	False	False	True	N.C.C	initial_nun	False	False	False	True	False	False	False	False	נפט	RG-0a0b1af817	1	PIEL	hewiktionary	wikt:entry:p14475:r519920:o2059:t0	0.8	SILVER	
RT-9aa38748c4	{{שרש3|ש|ח|ר|ב}}	שׁחר	ש	ח	ר			3			False	False	False	False	False	False	False	False	False	False	False	True	False	True	False	False	False	C.X.R	guttural_containing	False	False	False	False	False	False	True	False	שחר	RG-b48897ed2b	2	PAAL|PIEL	hewiktionary	wikt:entry:p14541:r503272:o5150:t0|wikt:entry:p14541:r503272:o5603:t0|wikt:entry:p14541:r503272:o6042:t0	0.96	SILVER	SHIN_SIN_FROM_FORM|TRADITIONAL_CLASS_NOT_STATED
RT-57553587b1	{{שרש3|א|ו|ל|א}}	אול	א	ו	ל			3			False	False	False	True	False	True	False	False	False	False	True	False	False	False	False	False	True	A.W.C	hollow_candidate	False	False	True	False	False	False	True	False	אול	RG-57553587b1	1	PUAL	hewiktionary	wikt:entry:p14908:r520040:o2074:t0	0.8	SILVER	TRADITIONAL_CLASS_NOT_STATED
RT-39dc4c75ed	{{שרש|אפס|א־פ־ס}}, [[גזרת השלמים]]	אפס	א	פ	ס			3	SHLEMIM	גזרת השלמים	False	False	False	True	False	False	False	False	False	False	True	False	False	False	False	False	True	A.C.C	initial_alef	False	False	False	False	False	False	True	False	אפס	RG-39dc4c75ed	2	PAAL|PIEL	hewiktionary	wikt:entry:p14968:r517924:o0:t0|wikt:entry:p14968:r517924:o689:t0	0.8	SILVER	
RT-867fde098c	{{שרש4|פ|ח|מ|ן}}	פחמנ	פ	ח	מ	נ		4			False	False	False	False	False	False	False	False	False	False	False	True	False	False	False	False	False	C.X.C.N	quadriliteral	False	False	False	False	False	False	True	True	פחמנ	RG-867fde098c	1	PIEL	hewiktionary	wikt:entry:p15041:r515060:o2105:t0	0.8	SILVER	TRADITIONAL_CLASS_NOT_STATED
RT-dd78c02535	{{שרש4|ח|מ|צ|ן}}, גזרת המרובעים	חמצנ	ח	מ	צ	נ		4	QUADRILITERAL	גזרת המרובעים	False	False	False	False	False	False	False	False	False	False	True	False	False	False	False	False	False	X.C.C.N	quadriliteral	False	False	False	False	False	False	True	True	חמצנ	RG-dd78c02535	1	PIEL	hewiktionary	wikt:entry:p15066:r521394:o3229:t0	0.8	SILVER	
RT-89ea7b0225	"{{שרש|ארג|א־ר־ג}},[[גזרת השלמים]],[[פ""ג]]"	ארג	א	ר	ג			3	SHLEMIM	גזרת השלמים	False	False	False	True	False	False	False	False	False	False	True	False	False	True	False	False	True	A.R.C	initial_alef	False	False	False	False	False	False	True	False	ארג	RG-89ea7b0225	1	PAAL	hewiktionary	wikt:entry:p15130:r484081:o0:t0	0.8	SILVER	
RT-3ef666f010	{{שרש3|ק|מ|ץ}}	קמצ	ק	מ	צ			3			False	False	False	False	False	False	False	False	False	False	False	False	False	False	False	False	False	C.C.C	strong	True	False	False	False	False	False	False	False	קמצ	RG-3ef666f010	2	PAAL|PIEL	hewiktionary	wikt:entry:p15223:r510770:o15:t0|wikt:entry:p15223:r510770:o3065:t0	0.8	SILVER	TRADITIONAL_CLASS_NOT_STATED
RT-2c8d4866b0	{{שרש|משׁכן|מ־שׁ־כ־ן}}	משׁכנ	מ	ש	כ	נ		4			False	False	False	False	False	False	False	False	False	False	False	False	False	False	False	False	False	C.C.C.N	quadriliteral	False	False	False	False	False	False	False	True	משכנ	RG-f8ac6b209d	1	PIEL	hewiktionary	wikt:entry:p15355:r445121:o2174:t0	0.8	QUESTIONABLE	TRADITIONAL_CLASS_NOT_STATED
RT-be243f1feb	{{שרש4|ז|ר|ח|ן}}	זרחנ	ז	ר	ח	נ		4			False	False	False	False	False	False	False	False	False	False	False	False	True	True	False	False	False	C.R.X.N	quadriliteral	False	False	False	False	False	False	True	True	זרחנ	RG-be243f1feb	1	PIEL	hewiktionary	wikt:entry:p15545:r514971:o1113:t0	0.8	SILVER	TRADITIONAL_CLASS_NOT_STATED
RT-f5adb58d42	"{{שרש3|כ|נ|ה|גזרה=נל""י/ה}}"	כנה	כ	נ	ה			3			False	False	False	False	False	False	True	False	False	True	False	False	True	False	False	False	True	C.N.H	final_he	False	True	False	False	False	False	True	False	כנה	RG-f5adb58d42	1	PIEL	hewiktionary	wikt:conj:p32249:r266352:t0:פיעל עבר|wikt:entry:p15712:r523188:o168:t0	0.96	SILVER	TRADITIONAL_CLASS_NOT_STATED
RT-117403c891	{{שרש|צלב|צ־ל־ב}},שלמים	צלב	צ	ל	ב			3	SHLEMIM	שלמים	False	False	False	False	False	False	False	False	False	False	False	False	False	False	False	False	False	C.C.C	strong	True	False	False	False	False	False	False	False	צלב	RG-117403c891	1	PAAL	hewiktionary	wikt:entry:p15747:r514491:o0:t0	0.8	SILVER	
RT-65652c9039	{{שרש|יהר|י־ה־ר}}, [[גזרת השלמים]]	יהר	י	ה	ר			3	SHLEMIM	גזרת השלמים	False	True	False	False	False	False	False	False	False	False	False	True	False	True	False	False	True	Y.H.R	initial_yod_waw	False	False	False	False	True	False	True	False	יהר	RG-65652c9039	1	HITPAEL	hewiktionary	wikt:conj:p32895:r266403:t0:התפעל עבר|wikt:entry:p16253:r245851:o0:t0	0.96	SILVER	
RT-8dd788b673	"{{שרש|גיל|ג-י-ל}}, [[נספח:גזרת נע""ו/י|גזרת נע""ו/י]]"	גיל	ג	י	ל			3	AYIN_WAW_YOD	"גזרת נע""ו/י"	False	False	False	False	True	False	False	False	False	False	False	False	False	False	False	False	True	C.Y.C	hollow_candidate	False	False	True	False	False	False	False	False	גיל	RG-8dd788b673	1	PAAL	hewiktionary	wikt:conj:p30851:r162071:t0:קל עבר|wikt:entry:p16732:r522989:o0:t0	0.96	SILVER	
RT-664574d16e	"{{שרש3|ג|ל|ל}}, [[גזרת ע""ע]]"	גלל	ג	ל	ל			3	AYIN_AYIN	"גזרת הכפולים ; גזרת ע""ע"	False	False	False	False	False	False	False	False	False	False	False	False	False	False	True	False	True	C.C.C+GEM	geminate	False	False	False	False	False	True	False	False	גלל	RG-664574d16e	4	HITPAEL|NIFAL|PAAL	hewiktionary	wikt:conj:p30849:r159466:t0:התפעל עבר|wikt:conj:p30849:r159466:t0:נפעל עבר|wikt:conj:p30849:r159466:t0:קל עבר|wikt:entry:p16732:r522989:o1839:t0|wikt:entry:p34153:r508430:o0:t0|wikt:entry:p43384:r520490:o0:t0|wikt:entry:p52393:r522647:o0:t0	0.96	SILVER	
RT-c60a533238	{{שרש3|ב|צ|ק}}, גזרת השלמים	בצק	ב	צ	ק			3	SHLEMIM	גזרת השלמים	False	False	False	False	False	False	False	False	False	False	False	False	False	False	False	False	False	C.C.C	strong	True	False	False	False	False	False	False	False	בצק	RG-c60a533238	1	PAAL	hewiktionary	wikt:entry:p16899:r520061:o2412:t0	0.8	SILVER	
RT-ff45116790	{{שרש3|א|מ|ת}} (תנייני), גזרת השלמים	אמת	א	מ	ת			3	SHLEMIM	(תנייני), גזרת השלמים	False	False	False	True	False	False	False	False	False	False	True	False	False	False	False	False	True	A.C.C	initial_alef	False	False	False	False	False	False	True	False	אמת	RG-ff45116790	2	PIEL|PUAL	hewiktionary	wikt:entry:p16900:r522861:o3487:t0|wikt:entry:p16900:r522861:o3931:t0	0.8	SILVER	
RT-2e1b386e3d	{{שרש3|שׁ|ו|ח}}	שׁוח	ש	ו	ח			3			False	False	False	False	False	True	False	False	False	False	False	False	True	False	False	False	True	C.W.X	hollow_candidate	False	False	True	False	False	False	True	False	שוח	RG-3c270fe36a	1	PAAL	hewiktionary	wikt:entry:p17369:r518056:o787:t0	0.8	SILVER	TRADITIONAL_CLASS_NOT_STATED
RT-aa46bd0320	{{שרש3|שׁ|ח|ח}}, [[גזרת הכפולים]]	שׁחח	ש	ח	ח			3	AYIN_AYIN	גזרת הכפולים	False	False	False	False	False	False	False	False	False	False	False	True	True	False	True	False	True	C.X.X+GEM	geminate	False	False	False	False	False	True	True	False	שחח	RG-c8ab6517a2	1	PAAL	hewiktionary	wikt:entry:p17369:r518056:o1400:t0	0.8	SILVER	
RT-edb867a8fc	{{שרש|אתרג|א־ת־ר־ג}}	אתרג	א	ת	ר	ג		4			False	False	False	True	False	False	False	False	False	False	True	False	False	True	False	False	True	A.C.R.C	quadriliteral	False	False	False	False	False	False	True	True	אתרג	RG-edb867a8fc	1	PIEL	hewiktionary	wikt:entry:p17415:r475300:o0:t0	0.8	SILVER	TRADITIONAL_CLASS_NOT_STATED
RT-119a2a79ef	{{שרש3|ג|ש|ש}}	גשׁשׁ	ג	ש	ש			3			False	False	False	False	False	False	False	False	False	False	False	False	False	False	True	False	True	C.C.C+GEM	geminate	False	False	False	False	False	True	False	False	גשש	RG-ffc3bf0c3b	2	PAAL|PIEL	hewiktionary	wikt:entry:p17436:r424073:o0:t0|wikt:entry:p17436:r424073:o586:t0	0.8	SILVER	SHIN_SIN_FROM_FORM|TRADITIONAL_CLASS_NOT_STATED
RT-0d354365ab	{{שרש3|שֹ|ב|ע}}	שבע	ש	ב	ע			3			False	False	False	False	False	False	False	False	False	False	False	False	True	False	False	False	False	C.C.E	guttural_containing	False	False	False	False	False	False	True	False	שבע	RG-0d354365ab	1	PIEL	hewiktionary	wikt:entry:p17452:r522149:o3195:t0	0.8	SILVER	ROOT_SHARES_ORTHOGRAPHY_WITH_OTHER_ROOT|SHIN_SIN_UNRESOLVED|TRADITIONAL_CLASS_NOT_STATED
RT-a76cd0bb47	{{שרש3|ח|מ|שׁ|א}}	חמשׁ	ח	מ	ש			3			False	False	False	False	False	False	False	False	False	False	True	False	False	False	False	False	False	X.C.C	guttural_containing	False	False	False	False	False	False	True	False	חמש	RG-8effa019d4	1	PIEL	hewiktionary	wikt:entry:p17461:r517714:o3509:t0|wikt:entry:p17461:r517714:o3832:t0	0.96	SILVER	TRADITIONAL_CLASS_NOT_STATED
RT-547e197bd4	{{שרש|פשׁל|פ־שׁ־ל}}, שלמים	פשׁל	פ	ש	ל			3	SHLEMIM	שלמים	False	False	False	False	False	False	False	False	False	False	False	False	False	False	False	False	False	C.C.C	strong	True	False	False	False	False	False	False	False	פשל	RG-160fa5c674	1	HIFIL	hewiktionary	wikt:entry:p17487:r448274:o0:t0	0.8	SILVER	
RT-1a06459164	{{שרש|עזק א|ע־ז־ק <small>א</small>}}, שלמים.	עזק	ע	ז	ק			3	SHLEMIM	שלמים.	False	False	False	False	False	False	False	False	False	False	True	False	False	False	False	False	False	E.C.C	guttural_containing	False	False	False	False	False	False	True	False	עזק	RG-1a06459164	2	PAAL|PIEL	hewiktionary	wikt:entry:p17738:r519504:o0:t0|wikt:entry:p17738:r519504:o803:t0	0.8	SILVER	
RT-b80d4a6ce5	{{שרש4|נ|פ|נ|ף}}	נפנפ	נ	פ	נ	פ		4			True	False	False	False	False	False	False	False	False	False	False	False	False	False	False	True	True	N.C.N.C	quadriliteral	False	False	False	True	False	False	False	True	נפנפ	RG-b80d4a6ce5	2	HITPAEL|PIEL	hewiktionary	wikt:entry:p17902:r425525:o0:t0|wikt:entry:p57276:r516070:o70:t0	0.8	SILVER	TRADITIONAL_CLASS_NOT_STATED
RT-0cc396aa1c	{{שרש3|צ|ר|ב}}	צרב	צ	ר	ב			3			False	False	False	False	False	False	False	False	False	False	False	False	False	True	False	False	False	C.R.C	strong	True	False	False	False	False	False	False	False	צרב	RG-0cc396aa1c	2	NIFAL|PAAL	hewiktionary	wikt:entry:p17910:r508038:o0:t0|wikt:entry:p55969:r440063:o0:t0	0.8	SILVER	TRADITIONAL_CLASS_NOT_STATED
RT-c7846bd3aa	{{שרש3|ע|ג|ן|גזרה=השלמים}}	עגנ	ע	ג	נ			3			False	False	False	False	False	False	False	False	False	False	True	False	False	False	False	False	False	E.C.N	guttural_containing	False	False	False	False	False	False	True	False	עגנ	RG-c7846bd3aa	2	HIFIL|PIEL	hewiktionary	wikt:entry:p17993:r515073:o6527:t0|wikt:entry:p53154:r373648:o0:t0	0.8	SILVER	TRADITIONAL_CLASS_NOT_STATED
RT-13b735c2a9	{{שרש3|מ|ל|ח}}, [[גזרת השלמים]]	מלח	מ	ל	ח			3	SHLEMIM	גזרת השלמים	False	False	False	False	False	False	False	False	False	False	False	False	True	False	False	False	False	C.C.X	guttural_containing	False	False	False	False	False	False	True	False	מלח	RG-13b735c2a9	3	HIFIL|HUFAL|PAAL	hewiktionary	wikt:conj:p22339:r512605:t0:הופעל עבר|wikt:conj:p22339:r512605:t0:הפעיל עבר|wikt:conj:p22339:r512605:t0:קל עבר|wikt:entry:p18048:r513008:o9704:t0|wikt:entry:p22340:r413443:o0:t0|wikt:entry:p50508:r347836:o0:t0	0.96	SILVER	
RT-8dbc4c256f	{{שרש|צרם|צ־ר־ם}}, [[גזרת השלמים]]	צרמ	צ	ר	מ			3	SHLEMIM	גזרת השלמים	False	False	False	False	False	False	False	False	False	False	False	False	False	True	False	False	False	C.R.C	strong	True	False	False	False	False	False	False	False	צרמ	RG-8dbc4c256f	1	PAAL	hewiktionary	wikt:conj:p32638:r266383:t0:קל עבר|wikt:entry:p18223:r441396:o0:t0	0.96	SILVER	
RT-1a3022cce7	{{שרש3|שׁ|ט|ח}}	שׁטח	ש	ט	ח			3			False	False	False	False	False	False	False	False	False	False	False	False	True	False	False	False	False	C.C.X	guttural_containing	False	False	False	False	False	False	True	False	שטח	RG-0056d10053	1	PAAL	hewiktionary	wikt:entry:p18308:r520299:o1470:t0	0.8	SILVER	TRADITIONAL_CLASS_NOT_STATED
RT-8b46ef983a	{{שרש3|שׁ|ק|ע}}	שׁקע	ש	ק	ע			3			False	False	False	False	False	False	False	False	False	False	False	False	True	False	False	False	False	C.C.E	guttural_containing	False	False	False	False	False	False	True	False	שקע	RG-8dc86c3cee	2	PAAL|PIEL	hewiktionary	wikt:conj:p52588:r323695:t0:פיעל עבר|wikt:conj:p52588:r323695:t0:קל עבר|wikt:entry:p18315:r509487:o2685:t0|wikt:entry:p18315:r509487:o3874:t0	0.96	SILVER	TRADITIONAL_CLASS_NOT_STATED
RT-6b8a5184ec	{{שרש3|ת|ק|ע}}	תקע	ת	ק	ע			3			False	False	False	False	False	False	False	False	False	False	False	False	True	False	False	False	False	C.C.E	guttural_containing	False	False	False	False	False	False	True	False	תקע	RG-6b8a5184ec	1	PAAL	hewiktionary	wikt:entry:p18316:r512307:o677:t0	0.8	SILVER	TRADITIONAL_CLASS_NOT_STATED
RT-13b5c741c2	{{שרש3|נ|ק|ע}}	נקע	נ	ק	ע			3			True	False	False	False	False	False	False	False	False	False	False	False	True	False	False	False	True	N.C.E	initial_nun	False	False	False	True	False	False	True	False	נקע	RG-13b5c741c2	1	PAAL	hewiktionary	wikt:entry:p18445:r415637:o0:t0	0.8	SILVER	TRADITIONAL_CLASS_NOT_STATED
RT-ead00d318a	{{שרש4|ה|נ|ד|ס}}, [[גזרת המרובעים]]	הנדס	ה	נ	ד	ס		4	QUADRILITERAL	גזרת המרובעים	False	False	False	False	False	False	False	False	False	False	True	False	False	False	False	False	False	H.N.C.C	quadriliteral	False	False	False	False	False	False	True	True	הנדס	RG-ead00d318a	1	PIEL	hewiktionary	wikt:conj:p32340:r276362:t0:פיעל עבר|wikt:entry:p18571:r386438:o0:t0	0.96	SILVER	
RT-656e9121ad	{{שרש3|ע|ב|ט}}	עבט	ע	ב	ט			3			False	False	False	False	False	False	False	False	False	False	True	False	False	False	False	False	False	E.C.C	guttural_containing	False	False	False	False	False	False	True	False	עבט	RG-656e9121ad	2	PAAL|PIEL	hewiktionary	wikt:entry:p18604:r446202:o0:t0|wikt:entry:p18604:r446202:o1326:t0	0.8	SILVER	TRADITIONAL_CLASS_NOT_STATED
RT-1c6528fcb4	{{שרש3|ג|מ|ם}}, [[נספח:גזרת הכפולים|גזרת הכפולים]]	גממ	ג	מ	מ			3	AYIN_AYIN+SHLEMIM	גזרת הכפולים ; גזרת השלמים	False	False	False	False	False	False	False	False	False	False	False	False	False	False	True	False	True	C.C.C+GEM	geminate	False	False	False	False	False	True	False	False	גממ	RG-1c6528fcb4	3	NIFAL|PAAL|PIEL	hewiktionary	wikt:conj:p34340:r411443:t0:נפעל עבר|wikt:conj:p34340:r411443:t0:פיעל עבר|wikt:conj:p34340:r411443:t0:קל עבר|wikt:entry:p18710:r451416:o0:t0|wikt:entry:p18710:r451416:o881:t0|wikt:entry:p58337:r411445:o0:t0	0.96	SILVER	TRADITIONAL_CLASS_VARIES_ACROSS_ENTRIES
RT-97cf1b01ce	{{שרש|אפן ב|א־פ־ן <small>ב</small>}}, (גזור שם)	אפנ	א	פ	נ			3		(גזור שם)	False	False	False	True	False	False	False	False	False	False	True	False	False	False	False	False	True	A.C.N	initial_alef	False	False	False	False	False	False	True	False	אפנ	RG-97cf1b01ce	1	PIEL	hewiktionary	wikt:entry:p18777:r511570:o1795:t0	0.8	SILVER	TRADITIONAL_CLASS_NOT_STATED|TRADITIONAL_CLASS_UNMAPPED_LABEL
RT-51b24614f2	{{שרש3|ר|ב|ב|א}}, [[גזרת הכפולים]]	רבב	ר	ב	ב			3	AYIN_AYIN+SHLEMIM	גזרת הכפולים ; גזרת השלמים ; כפולים	False	False	False	False	False	False	False	False	False	False	False	False	False	True	True	False	True	R.C.C+GEM	geminate	False	False	False	False	False	True	False	False	רבב	RG-51b24614f2	3	PAAL|PIEL|PUAL	hewiktionary	wikt:entry:p18883:r522928:o1689:t0|wikt:entry:p18883:r522928:o5411:t0|wikt:entry:p28383:r498412:o0:t0|wikt:entry:p28383:r498412:o437:t0|wikt:entry:p28383:r498412:o736:t0	0.96	SILVER	TRADITIONAL_CLASS_VARIES_ACROSS_ENTRIES
RT-0109169e28	"{{שרש3|ר|י|ב}}, [[נספח:גזרת נע""ו/י|גזרת נע""ו/י]]"	ריב	ר	י	ב			3	AYIN_WAW_YOD	"גזרת נע""ו/י"	False	False	False	False	True	False	False	False	False	False	False	False	False	True	False	False	True	R.Y.C	hollow_candidate	False	False	True	False	False	False	False	False	ריב	RG-0109169e28	1	PAAL	hewiktionary	wikt:conj:p30824:r496044:t0:קל עבר|wikt:entry:p18883:r522928:o6362:t0	0.96	SILVER	
RT-9cd49764e5	{{שרש3|ח|ס|ד|ב}}	חסד	ח	ס	ד			3			False	False	False	False	False	False	False	False	False	False	True	False	False	False	False	False	False	X.C.C	guttural_containing	False	False	False	False	False	False	True	False	חסד	RG-9cd49764e5	1	PIEL	hewiktionary	wikt:entry:p18903:r520722:o2509:t0	0.8	SILVER	TRADITIONAL_CLASS_NOT_STATED
RT-315caa2f86	{{שרש3|כ|ח|ל|גזרה=השלמים}}	כחל	כ	ח	ל			3	SHLEMIM	גזרת השלמים	False	False	False	False	False	False	False	False	False	False	False	True	False	False	False	False	False	C.X.C	guttural_containing	False	False	False	False	False	False	True	False	כחל	RG-315caa2f86	2	HIFIL|PAAL	hewiktionary	wikt:conj:p32031:r155648:t0:הפעיל עבר|wikt:conj:p32031:r155648:t0:קל עבר|wikt:entry:p18987:r495313:o0:t0|wikt:entry:p30402:r480386:o0:t0	0.96	SILVER	
RT-5d4092da32	{{שרש3|ס|ג|ל א}}, [[גזרת השלמים]]	סגל	ס	ג	ל			3	SHLEMIM	גזרת השלמים	False	False	False	False	False	False	False	False	False	False	False	False	False	False	False	False	False	C.C.C	strong	True	False	False	False	False	False	False	False	סגל	RG-5d4092da32	1	PIEL	hewiktionary	wikt:entry:p19003:r488764:o1:t0	0.8	SILVER	
RT-71efecd3c6	"{{שרש|לוז א|ל־ו־ז <small>א</small>}}, [[נספח:גזרת נע""ו/י|גזרת נע""ו/י]]"	לוז	ל	ו	ז			3	AYIN_WAW_YOD	"גזרת נע""ו/י"	False	False	False	False	False	True	False	False	False	False	False	False	False	False	False	False	True	C.W.C	hollow_candidate	False	False	True	False	False	False	False	False	לוז	RG-71efecd3c6	2	HIFIL|NIFAL	hewiktionary	wikt:conj:p34078:r266430:t0:הפעיל עבר|wikt:conj:p34078:r266430:t0:נפעל עבר|wikt:entry:p19015:r342607:o0:t0|wikt:entry:p33914:r516381:o0:t0	0.96	SILVER	
RT-f9b31fb1eb	{{שרש3|ב|ט|ן ג}}	בטנ	ב	ט	נ			3			False	False	False	False	False	False	False	False	False	False	False	False	False	False	False	False	False	C.C.N	strong	True	False	False	False	False	False	False	False	בטנ	RG-f9b31fb1eb	1	PIEL	hewiktionary	wikt:entry:p19066:r512867:o4048:t0	0.8	SILVER	TRADITIONAL_CLASS_NOT_STATED
RT-865fbc0ed2	{{שרש|מדף|מ־ד־ף}}, גזור שם.	מדפ	מ	ד	פ			3		גזור שם.	False	False	False	False	False	False	False	False	False	False	False	False	False	False	False	False	False	C.C.C	strong	True	False	False	False	False	False	False	False	מדפ	RG-865fbc0ed2	1	PIEL	hewiktionary	wikt:entry:p19244:r522079:o2855:t0	0.8	SILVER	TRADITIONAL_CLASS_NOT_STATED|TRADITIONAL_CLASS_UNMAPPED_LABEL
RT-872f560122	{{שרש3|ק|ל|ף|גזרה=השלמים}}	קלפ	ק	ל	פ			3			False	False	False	False	False	False	False	False	False	False	False	False	False	False	False	False	False	C.C.C	strong	True	False	False	False	False	False	False	False	קלפ	RG-872f560122	1	PAAL	hewiktionary	wikt:conj:p22286:r101215:t0:קל עבר|wikt:entry:p19260:r508217:o1481:t0	0.96	SILVER	TRADITIONAL_CLASS_NOT_STATED
RT-431986e1ad	{{שרש|כתף|כ־ת־ף}}, שלמים	כתפ	כ	ת	פ			3	SHLEMIM	שלמים	False	False	False	False	False	False	False	False	False	False	False	False	False	False	False	False	False	C.C.C	strong	True	False	False	False	False	False	False	False	כתפ	RG-431986e1ad	1	PIEL	hewiktionary	wikt:entry:p19266:r501407:o1911:t0	0.8	SILVER	
RT-29ac983fff	{{שרש4|פ|ע|פ|ע}}, מרובעים	פעפע	פ	ע	פ	ע		4	QUADRILITERAL	מרובעים	False	False	False	False	False	False	False	False	False	False	False	True	False	False	False	True	False	C.E.C.E	quadriliteral	False	False	False	False	False	False	True	True	פעפע	RG-29ac983fff	1	PIEL	hewiktionary	wikt:entry:p19291:r513268:o0:t0	0.8	SILVER	
RT-3889b02353	{{שרש|ענב ב|ע־נ־ב <small>ב</small>}}, [[נספח:גזרת השלמים|גזרת השלמים]]	ענב	ע	נ	ב			3	SHLEMIM	גזרת השלמים	False	False	False	False	False	False	False	False	False	False	True	False	False	False	False	False	False	E.N.C	guttural_containing	False	False	False	False	False	False	True	False	ענב	RG-3889b02353	1	PAAL	hewiktionary	wikt:conj:p60206:r441197:t0:קל עבר|wikt:entry:p19306:r512738:o3837:t0	0.96	SILVER	
RT-5118fb2de4	{{שרש|נפה|נ־פ־ה}}, (נגזר משם העצם נפה א)	נפה	נ	פ	ה			3		(נגזר משם העצם נפה א)	True	False	False	False	False	False	True	False	False	True	False	False	True	False	False	False	True	N.C.H	final_he	False	True	False	True	False	False	True	False	נפה	RG-5118fb2de4	1	PIEL	hewiktionary	wikt:entry:p19317:r501643:o1945:t0	0.8	SILVER	TRADITIONAL_CLASS_NOT_STATED|TRADITIONAL_CLASS_UNMAPPED_LABEL
RT-278d70c984	{{שרש|סמס|ס־מ־ס}}	סמס	ס	מ	ס			3			False	False	False	False	False	False	False	False	False	False	False	False	False	False	False	False	False	C.C.C	strong	True	False	False	False	False	False	False	False	סמס	RG-278d70c984	1	PIEL	hewiktionary	wikt:entry:p19596:r329926:o0:t0	0.8	SILVER	TRADITIONAL_CLASS_NOT_STATED
RT-a462bfcd8c	{{שרש3|ס|פ|ה}}	ספה	ס	פ	ה			3			False	False	False	False	False	False	True	False	False	True	False	False	True	False	False	False	True	C.C.H	final_he	False	True	False	False	False	False	True	False	ספה	RG-a462bfcd8c	2	NIFAL|PAAL	hewiktionary	wikt:entry:p19606:r516597:o2160:t0|wikt:entry:p19606:r516597:o3427:t0|wikt:entry:p19606:r516597:o3427:t1|wikt:entry:p51866:r510564:o0:t0|wikt:entry:p51866:r510564:o730:t0	0.992	SILVER	TRADITIONAL_CLASS_NOT_STATED
RT-87a1739895	"{{שרש|ערסל|ע־ר־ס־ל}}, (שורש גזור ש""ע)"	ערסל	ע	ר	ס	ל		4		"(שורש גזור ש""ע)"	False	False	False	False	False	False	False	False	False	False	True	False	False	True	False	False	False	E.R.C.C	quadriliteral	False	False	False	False	False	False	True	True	ערסל	RG-87a1739895	1	PIEL	hewiktionary	wikt:entry:p19610:r520328:o1973:t0	0.8	SILVER	TRADITIONAL_CLASS_NOT_STATED|TRADITIONAL_CLASS_UNMAPPED_LABEL
RT-ba533fe5dc	{{שרש|שׁיך|שׁ־י־ך}}, שלמים	שׁיכ	ש	י	כ			3	SHLEMIM	שלמים	False	False	False	False	True	False	False	False	False	False	False	False	False	False	False	False	True	C.Y.C	hollow_candidate	False	False	True	False	False	False	False	False	שיכ	RG-1383523626	2	PIEL|PUAL	hewiktionary	wikt:entry:p19615:r520408:o1050:t0|wikt:entry:p19615:r520408:o1424:t0	0.8	SILVER	
RT-af6a8ad57c	{{שרש3|ז|מ|ן}}	זמנ	ז	מ	נ			3			False	False	False	False	False	False	False	False	False	False	False	False	False	False	False	False	False	C.C.N	strong	True	False	False	False	False	False	False	False	זמנ	RG-af6a8ad57c	1	PIEL	hewiktionary	wikt:entry:p19871:r520561:o3852:t0	0.8	SILVER	TRADITIONAL_CLASS_NOT_STATED
RT-41d3a2833a	{{שרש4|א|פ|שׁ|ר}}	אפשׁר	א	פ	ש	ר		4			False	False	False	True	False	False	False	False	False	False	True	False	False	True	False	False	True	A.C.C.R	quadriliteral	False	False	False	False	False	False	True	True	אפשר	RG-fa1afc6d2f	1	PIEL	hewiktionary	wikt:entry:p19944:r519741:o1512:t0	0.8	SILVER	TRADITIONAL_CLASS_NOT_STATED
RT-f16dab50fa	{{שרש|טשׁטשׁ|ט־שׁ־ט־שׁ}}, מרובעים	טשׁטשׁ	ט	ש	ט	ש		4	QUADRILITERAL	מרובעים	False	False	False	False	False	False	False	False	False	False	False	False	False	False	False	True	False	C.C.C.C	quadriliteral	False	False	False	False	False	False	False	True	טשטש	RG-f496fd0c99	2	PIEL|PUAL	hewiktionary	wikt:entry:p19964:r437161:o0:t0|wikt:entry:p19964:r437161:o715:t0	0.8	SILVER	
RT-656acb4ed8	"{{שרש3|פ|ו|ח|גזרה=נחי ע""ו}}"	פוח	פ	ו	ח			3			False	False	False	False	False	True	False	False	False	False	False	False	True	False	False	False	True	C.W.X	hollow_candidate	False	False	True	False	False	False	True	False	פוח	RG-656acb4ed8	2	HIFIL|PAAL	hewiktionary	wikt:entry:p20007:r520047:o3076:t0|wikt:entry:p58824:r423707:o51:t0	0.8	SILVER	TRADITIONAL_CLASS_NOT_STATED
RT-c7ce18d7c9	{{שרש3|שׂ|כ|ל|א}}	שׂכל	ש	כ	ל			3	SHLEMIM	שלמים	False	False	False	False	False	False	False	False	False	False	False	False	False	False	False	False	False	C.C.C	strong	True	False	False	False	False	False	False	False	שכל	RG-a52385646a	2	PAAL|PIEL	hewiktionary	wikt:entry:p20214:r469546:o1504:t0|wikt:entry:p20214:r469546:o1925:t0	0.8	SILVER	ROOT_SHARES_ORTHOGRAPHY_WITH_OTHER_ROOT
RT-f890a1286a	{{שרש3|שׁ|כ|ל}}	שׁכל	ש	כ	ל			3			False	False	False	False	False	False	False	False	False	False	False	False	False	False	False	False	False	C.C.C	strong	True	False	False	False	False	False	False	False	שכל	RG-a52385646a	1	PAAL	hewiktionary	wikt:entry:p20214:r469546:o2923:t0	0.8	SILVER	ROOT_SHARES_ORTHOGRAPHY_WITH_OTHER_ROOT|TRADITIONAL_CLASS_NOT_STATED
RT-c6ea6413d3	{{שרש3|כ|י|ף}}	כיפ	כ	י	פ			3			False	False	False	False	True	False	False	False	False	False	False	False	False	False	False	False	True	C.Y.C	hollow_candidate	False	False	True	False	False	False	False	False	כיפ	RG-c6ea6413d3	1	PIEL	hewiktionary	wikt:entry:p20252:r497753:o1291:t0	0.8	SILVER	TRADITIONAL_CLASS_NOT_STATED
RT-45800228a2	{{שרש4|מ|ס|מ|ר|גזרה=המרובעים}}	מסמר	מ	ס	מ	ר		4			False	False	False	False	False	False	False	False	False	False	False	False	False	True	False	False	False	C.C.C.R	quadriliteral	False	False	False	False	False	False	False	True	מסמר	RG-45800228a2	2	PIEL|PUAL	hewiktionary	wikt:entry:p20356:r514294:o2718:t0|wikt:entry:p20356:r514294:o2941:t0	0.8	SILVER	TRADITIONAL_CLASS_NOT_STATED
RT-54181f7abd	{{שרש3|ע|שׂ|ב}}	עשׂב	ע	ש	ב			3			False	False	False	False	False	False	False	False	False	False	True	False	False	False	False	False	False	E.C.C	guttural_containing	False	False	False	False	False	False	True	False	עשב	RG-3f5ad5ca39	1	PIEL	hewiktionary	wikt:entry:p20372:r503267:o1657:t0	0.8	SILVER	TRADITIONAL_CLASS_NOT_STATED
RT-e908f24aff	{{שרש3|ד|ו|ך}}	דוכ	ד	ו	כ			3			False	False	False	False	False	True	False	False	False	False	False	False	False	False	False	False	True	C.W.C	hollow_candidate	False	False	True	False	False	False	False	False	דוכ	RG-e908f24aff	1	PAAL	hewiktionary	wikt:conj:p32567:r266377:t0:קל עבר|wikt:entry:p20440:r323378:o957:t0	0.96	SILVER	TRADITIONAL_CLASS_NOT_STATED
RT-5856ae55c8	"{{שרש3|מ|ו|ך|גזרה=נע""ו/י}}"	מוכ	מ	ו	כ			3			False	False	False	False	False	True	False	False	False	False	False	False	False	False	False	False	True	C.W.C	hollow_candidate	False	False	True	False	False	False	False	False	מוכ	RG-5856ae55c8	1	PAAL	hewiktionary	wikt:entry:p20441:r490000:o0:t0	0.8	SILVER	TRADITIONAL_CLASS_NOT_STATED
RT-950e322385	{{שרש3|ר|י|שׁ}}	רישׁ	ר	י	ש			3	AYIN_WAW_YOD	"גזרת נע""ו/י"	False	False	False	False	True	False	False	False	False	False	False	False	False	True	False	False	True	R.Y.C	hollow_candidate	False	False	True	False	False	False	False	False	ריש	RG-e0141d334b	2	HITPAEL|PAAL	hewiktionary	wikt:conj:p32043:r518396:t0:התפעל עבר|wikt:conj:p32043:r518396:t0:קל עבר|wikt:entry:p20449:r518398:o856:t0|wikt:entry:p32044:r511177:o0:t0	0.96	SILVER	
RT-ff3a0c8604	{{שרש|שׁחת|שׁ־ח־ת}}, [[גזרת השלמים]]	שׁחת	ש	ח	ת			3	SHLEMIM	גזרת השלמים	False	False	False	False	False	False	False	False	False	False	False	True	False	False	False	False	False	C.X.C	guttural_containing	False	False	False	False	False	False	True	False	שחת	RG-e5fda765ad	2	HIFIL|PIEL	hewiktionary	wikt:entry:p20511:r495727:o0:t0|wikt:entry:p52529:r521300:o0:t0	0.8	SILVER	
RT-11a952936e	{{שרש3|א|ס|ם}}	אסמ	א	ס	מ			3			False	False	False	True	False	False	False	False	False	False	True	False	False	False	False	False	True	A.C.C	initial_alef	False	False	False	False	False	False	True	False	אסמ	RG-11a952936e	1	PAAL	hewiktionary	wikt:entry:p20565:r519945:o2603:t0	0.8	SILVER	TRADITIONAL_CLASS_NOT_STATED
RT-da9cc18fa4	{{שרש|אצר|א־צ־ר}}, [[גזרת השלמים]]	אצר	א	צ	ר			3	SHLEMIM	גזרת השלמים	False	False	False	True	False	False	False	False	False	False	True	False	False	True	False	False	True	A.C.R	initial_alef	False	False	False	False	False	False	True	False	אצר	RG-da9cc18fa4	1	PAAL	hewiktionary	wikt:entry:p20630:r411440:o0:t0	0.8	SILVER	
RT-68aca316c8	{{שרש|חפשׁשׁ|ח־פ־שׁ־שׁ}}, מרובעים	חפשׁשׁ	ח	פ	ש	ש		4	QUADRILITERAL	מרובעים	False	False	False	False	False	False	False	False	False	False	True	False	False	False	False	False	False	X.C.C.C	quadriliteral	False	False	False	False	False	False	True	True	חפשש	RG-94c8f93390	1	HITPAEL	hewiktionary	wikt:entry:p20638:r298432:o0:t0	0.8	SILVER	
RT-2e6bb61f36	{{שרש3|ק|ס|ם|גזרה=השלמים}}	קסמ	ק	ס	מ			3			False	False	False	False	False	False	False	False	False	False	False	False	False	False	False	False	False	C.C.C	strong	True	False	False	False	False	False	False	False	קסמ	RG-2e6bb61f36	1	HIFIL	hewiktionary	wikt:entry:p20698:r504860:o0:t0	0.8	SILVER	TRADITIONAL_CLASS_NOT_STATED
RT-8a0babefb4	{{שרש|גון |ג־ו־ן <small></small>}}, [[גזרת השלמים]]	גונ	ג	ו	נ			3	SHLEMIM	גזרת השלמים	False	False	False	False	False	True	False	False	False	False	False	False	False	False	False	False	True	C.W.N	hollow_candidate	False	False	True	False	False	False	False	False	גונ	RG-8a0babefb4	1	PIEL	hewiktionary	wikt:entry:p20844:r523052:o2852:t0	0.8	SILVER	
RT-a38878eb17	{{שרש3|נ|ג|ר|א}}	נגר	נ	ג	ר			3			True	False	False	False	False	False	False	False	False	False	False	False	False	True	False	False	True	N.C.R	initial_nun	False	False	False	True	False	False	False	False	נגר	RG-a38878eb17	3	HIFIL|NIFAL|PIEL	hewiktionary	wikt:entry:p20973:r521876:o10:t0|wikt:entry:p20973:r521876:o4180:t0|wikt:entry:p59819:r467370:o0:t0	0.8	SILVER	TRADITIONAL_CLASS_NOT_STATED
RT-e6091bc9d4	{{שרש|נדר|נ־ד־ר}}	נדר	נ	ד	ר			3			True	False	False	False	False	False	False	False	False	False	False	False	False	True	False	False	True	N.C.R	initial_nun	False	False	False	True	False	False	False	False	נדר	RG-e6091bc9d4	4	HIFIL|HUFAL|NIFAL|PAAL	hewiktionary	wikt:entry:p21176:r521291:o2196:t0|wikt:entry:p21176:r521291:o2782:t0|wikt:entry:p27978:r516781:o3155:t0|wikt:entry:p51595:r510201:o0:t0	0.8	SILVER	TRADITIONAL_CLASS_NOT_STATED
RT-b1a4d3f2c7	{{שרש3|פ|שֹ|ה}}	פשׂה	פ	ש	ה			3			False	False	False	False	False	False	True	False	False	True	False	False	True	False	False	False	True	C.C.H	final_he	False	True	False	False	False	False	True	False	פשה	RG-ed579d8fe4	1	PAAL	hewiktionary	wikt:entry:p21348:r517104:o0:t0	0.8	SILVER	SHIN_SIN_FROM_FORM|TRADITIONAL_CLASS_NOT_STATED
RT-32ad761ed9	"{{שרש3|ז|ו|ד|גזרה=נע""ו/י}}"	זוד	ז	ו	ד			3	SHLEMIM	שלמים	False	False	False	False	False	True	False	False	False	False	False	False	False	False	False	False	True	C.W.C	hollow_candidate	False	False	True	False	False	False	False	False	זוד	RG-32ad761ed9	3	HIFIL|PAAL|PIEL	hewiktionary	wikt:entry:p21379:r519102:o0:t0|wikt:entry:p53312:r520624:o3019:t0|wikt:entry:p57107:r510286:o0:t0	0.8	SILVER	
RT-4305f6bb36	{{שרש4|כ|ר|כ|ר}}, [[גזרת המרובעים]]	כרכר	כ	ר	כ	ר		4	QUADRILITERAL	גזרת המרובעים	False	False	False	False	False	False	False	False	False	False	False	False	False	True	False	True	False	C.R.C.R	quadriliteral	False	False	False	False	False	False	False	True	כרכר	RG-4305f6bb36	1	PIEL	hewiktionary	wikt:entry:p21424:r513139:o22:t0	0.8	SILVER	
RT-8b91a6419a	{{שרש3|ע|ק|שׁ}}, שלמים	עקשׁ	ע	ק	ש			3	SHLEMIM	שלמים	False	False	False	False	False	False	False	False	False	False	True	False	False	False	False	False	False	E.C.C	guttural_containing	False	False	False	False	False	False	True	False	עקש	RG-7a3a71fc48	1	PIEL	hewiktionary	wikt:entry:p21427:r513745:o3522:t0	0.8	SILVER	
RT-4004b56451	{{שרש|נענע|נ־ע־נ־ע}}, גזרת המרובעים	נענע	נ	ע	נ	ע		4	QUADRILITERAL	גזרת המרובעים	True	False	False	False	False	False	False	False	False	False	False	True	False	False	False	True	True	N.E.N.E	quadriliteral	False	False	False	True	False	False	True	True	נענע	RG-4004b56451	1	PIEL	hewiktionary	wikt:entry:p21501:r501409:o1642:t0	0.8	SILVER	
RT-4ae8bdf6c4	{{שרש|כיל |כ־י־ל <small></small>}}	כיל	כ	י	ל			3			False	False	False	False	True	False	False	False	False	False	False	False	False	False	False	False	True	C.Y.C	hollow_candidate	False	False	True	False	False	False	False	False	כיל	RG-4ae8bdf6c4	1	PIEL	hewiktionary	wikt:entry:p21600:r414782:o0:t0	0.8	SILVER	TRADITIONAL_CLASS_NOT_STATED
RT-d8d90fcff3	{{שרש3|ע|ג|ב}}	עגב	ע	ג	ב			3			False	False	False	False	False	False	False	False	False	False	True	False	False	False	False	False	False	E.C.C	guttural_containing	False	False	False	False	False	False	True	False	עגב	RG-d8d90fcff3	1	PAAL	hewiktionary	wikt:conj:p63534:r502623:t0:קל עבר|wikt:entry:p21608:r522558:o59:t0	0.96	SILVER	TRADITIONAL_CLASS_NOT_STATED
RT-a5c2db33d9	{{שרש3|ח|ט|ט|א|גזרה=השלמים}}	חטט	ח	ט	ט			3			False	False	False	False	False	False	False	False	False	False	True	False	False	False	True	False	True	X.C.C+GEM	geminate	False	False	False	False	False	True	True	False	חטט	RG-a5c2db33d9	1	PIEL	hewiktionary	wikt:entry:p21696:r519446:o0:t0	0.8	SILVER	TRADITIONAL_CLASS_NOT_STATED
RT-6d6532aefd	"{{שרש|נדף|נ־ד־ף}}, חפ""נ"	נדפ	נ	ד	פ			3	PE_NUN	"חפ""נ"	True	False	False	False	False	False	False	False	False	False	False	False	False	False	False	False	True	N.C.C	initial_nun	False	False	False	True	False	False	False	False	נדפ	RG-6d6532aefd	3	NIFAL|PAAL|PIEL	hewiktionary	wikt:entry:p21736:r389610:o0:t0|wikt:entry:p21736:r389610:o1286:t0|wikt:entry:p21736:r389610:o756:t0	0.8	SILVER	
RT-738a42c9bc	{{שרש3|ס|פ|נ}}	ספנ	ס	פ	נ			3			False	False	False	False	False	False	False	False	False	False	False	False	False	False	False	False	False	C.C.N	strong	True	False	False	False	False	False	False	False	ספנ	RG-738a42c9bc	2	HIFIL|PAAL	hewiktionary	wikt:entry:p21819:r373643:o889:t0|wikt:entry:p23655:r510613:o0:t0	0.8	SILVER	TRADITIONAL_CLASS_NOT_STATED
RT-393b92dbc2	{{שרש3|מ|ג|ן|א}}	מגנ	מ	ג	נ			3			False	False	False	False	False	False	False	False	False	False	False	False	False	False	False	False	False	C.C.N	strong	True	False	False	False	False	False	False	False	מגנ	RG-393b92dbc2	1	PIEL	hewiktionary	wikt:entry:p21840:r520719:o3207:t0|wikt:entry:p21840:r520719:o4169:t0	0.96	SILVER	TRADITIONAL_CLASS_NOT_STATED
RT-12ccedd142	{{שרש3|פ|ז|ל}}, [[גזרת השלמים]]	פזל	פ	ז	ל			3	SHLEMIM	גזרת השלמים	False	False	False	False	False	False	False	False	False	False	False	False	False	False	False	False	False	C.C.C	strong	True	False	False	False	False	False	False	False	פזל	RG-12ccedd142	1	PAAL	hewiktionary	wikt:entry:p21857:r490923:o15:t0	0.8	SILVER	
RT-be8b8405b6	"{{שרש|לעט|ל־ע־ט}}, [[גזרת השלמים]], [[ע""ג]]"	לעט	ל	ע	ט			3	AYIN_GUTTURAL+SHLEMIM	"גזרת השלמים ; ע""ג"	False	False	False	False	False	False	False	False	False	False	False	True	False	False	False	False	False	C.E.C	guttural_containing	False	False	False	False	False	False	True	False	לעט	RG-be8b8405b6	2	HIFIL|PAAL	hewiktionary	wikt:entry:p21919:r448219:o0:t0|wikt:entry:p22178:r520063:o0:t0	0.8	SILVER	TRADITIONAL_CLASS_VARIES_ACROSS_ENTRIES
RT-833ae378c2	{{שרש3|ר|ת|ם}}	רתמ	ר	ת	מ			3			False	False	False	False	False	False	False	False	False	False	False	False	False	True	False	False	False	R.C.C	strong	True	False	False	False	False	False	False	False	רתמ	RG-833ae378c2	1	PAAL	hewiktionary	wikt:entry:p21941:r510811:o1633:t0	0.8	SILVER	TRADITIONAL_CLASS_NOT_STATED
RT-1c2c4e82a8	{{שרש3|ז|ו|ר}}	זור	ז	ו	ר			3	AYIN_WAW_YOD	"גזרת נע""ו/י"	False	False	False	False	False	True	False	False	False	False	False	False	False	True	False	False	True	C.W.R	hollow_candidate	False	False	True	False	False	False	False	False	זור	RG-1c2c4e82a8	2	NIFAL|PAAL	hewiktionary	wikt:entry:p22036:r513084:o5042:t0|wikt:entry:p48151:r279372:o0:t0	0.8	SILVER	
RT-3dca9477b6	{{שרש|חמל|ח־מ־ל}}, [[גזרת השלמים]]	חמל	ח	מ	ל			3	SHLEMIM	גזרת השלמים	False	False	False	False	False	False	False	False	False	False	True	False	False	False	False	False	False	X.C.C	guttural_containing	False	False	False	False	False	False	True	False	חמל	RG-3dca9477b6	1	PAAL	hewiktionary	wikt:entry:p22124:r461227:o0:t0	0.8	SILVER	
RT-0cba6cf584	{{שרש|עקר|ע־ק־ר}}, שלמים	עקר	ע	ק	ר			3	SHLEMIM	שלמים	False	False	False	False	False	False	False	False	False	False	True	False	False	True	False	False	False	E.C.R	guttural_containing	False	False	False	False	False	False	True	False	עקר	RG-0cba6cf584	2	PAAL|PIEL	hewiktionary	wikt:entry:p22158:r516830:o0:t0|wikt:entry:p22158:r516830:o4883:t0	0.8	SILVER	
RT-5c3929d01d	{{שרש3|ק|ט|ל|גזרה=השלמים}}	קטל	ק	ט	ל			3			False	False	False	False	False	False	False	False	False	False	False	False	False	False	False	False	False	C.C.C	strong	True	False	False	False	False	False	False	False	קטל	RG-5c3929d01d	1	PAAL	hewiktionary	wikt:conj:p22255:r413983:t0:קל עבר|wikt:entry:p22248:r471986:o0:t0	0.96	SILVER	TRADITIONAL_CLASS_NOT_STATED
RT-d7c377d9f6	"{{שרש3|נ|ד|ח|א}}, חסרי פ""נ"	נדח	נ	ד	ח			3	PE_NUN	"חסרי פ""נ"	True	False	False	False	False	False	False	False	False	False	False	False	True	False	False	False	True	N.C.X	initial_nun	False	False	False	True	False	False	True	False	נדח	RG-d7c377d9f6	3	HIFIL|NIFAL|PAAL	hewiktionary	wikt:conj:p56542:r384605:t0:הפעיל עבר|wikt:conj:p56542:r384605:t0:נפעל עבר|wikt:conj:p56542:r384605:t0:קל עבר|wikt:entry:p22271:r511241:o9:t0|wikt:entry:p56537:r488953:o0:t0|wikt:entry:p56537:r488953:o1124:t0|wikt:entry:p56537:r488953:o1978:t0	0.992	SILVER	
RT-ed4e350054	"{{שרש3|ד|ו|ח|ב}}, נחי ע""ו"	דוח	ד	ו	ח			3	AYIN_WAW_YOD	"נחי ע""ו"	False	False	False	False	False	True	False	False	False	False	False	False	True	False	False	False	True	C.W.X	hollow_candidate	False	False	True	False	False	False	True	False	דוח	RG-ed4e350054	1	HIFIL	hewiktionary	wikt:conj:p22279:r230187:t0:הפעיל עבר|wikt:entry:p22271:r511241:o1202:t0	0.96	SILVER	
RT-1dc1bc74d8	{{שרש3|כ|ו|ה}}	כוה	כ	ו	ה			3			False	False	False	False	False	True	True	False	False	True	False	False	True	False	False	False	True	C.W.H	hollow_candidate	False	True	True	False	False	False	True	False	כוה	RG-1dc1bc74d8	1	PAAL	hewiktionary	wikt:entry:p22299:r520322:o0:t0	0.8	SILVER	TRADITIONAL_CLASS_NOT_STATED
RT-b515ec9183	"{{שרש3|שֹ|ט|ה}} [[גזרת נל""י/ה]]"	שטה	ש	ט	ה			3	LAMED_YOD_HE	"גזרת נל""י/ה"	False	False	False	False	False	False	True	False	False	True	False	False	True	False	False	False	True	C.C.H	final_he	False	True	False	False	False	False	True	False	שטה	RG-b515ec9183	1	PAAL	hewiktionary	wikt:entry:p22315:r493224:o1383:t0	0.8	SILVER	ROOT_SHARES_ORTHOGRAPHY_WITH_OTHER_ROOT|SHIN_SIN_UNRESOLVED
RT-be5aba9fbc	"{{שרש3|שׁ|ט|ה}},[[גזרת נל""י/ה]]"	שׁטה	ש	ט	ה			3	LAMED_YOD_HE	"גזרת נל""י/ה"	False	False	False	False	False	False	True	False	False	True	False	False	True	False	False	False	True	C.C.H	final_he	False	True	False	False	False	False	True	False	שטה	RG-b515ec9183	1	PIEL	hewiktionary	wikt:entry:p22315:r493224:o2004:t0	0.8	SILVER	ROOT_SHARES_ORTHOGRAPHY_WITH_OTHER_ROOT
RT-e208270080	{{שרש3|פ|י|ס|א}}	פיס	פ	י	ס			3			False	False	False	False	True	False	False	False	False	False	False	False	False	False	False	False	True	C.Y.C	hollow_candidate	False	False	True	False	False	False	False	False	פיס	RG-e208270080	2	HIFIL|PIEL	hewiktionary	wikt:entry:p22377:r501942:o0:t0|wikt:entry:p50957:r510233:o12:t0	0.8	SILVER	TRADITIONAL_CLASS_NOT_STATED
RT-8c6d67337d	{{שרש3|ח|ו|ר}}, [[גזרת השלמים]].	חור	ח	ו	ר			3	SHLEMIM	גזרת השלמים	False	False	False	False	False	True	False	False	False	False	True	False	False	True	False	False	True	X.W.R	hollow_candidate	False	False	True	False	False	False	True	False	חור	RG-8c6d67337d	2	PAAL|PIEL	hewiktionary	wikt:entry:p22399:r522815:o1709:t0|wikt:entry:p22399:r522815:o2494:t0	0.8	SILVER	
RT-a047091ef3	{{שרש4|פ|ר|פ|ר}}	פרפר	פ	ר	פ	ר		4	QUADRILITERAL	גזרת המרובעים	False	False	False	False	False	False	False	False	False	False	False	False	False	True	False	True	False	C.R.C.R	quadriliteral	False	False	False	False	False	False	False	True	פרפר	RG-a047091ef3	2	HITPAEL|PIEL	hewiktionary	wikt:entry:p22412:r503666:o0:t0|wikt:entry:p47335:r363450:o0:t0	0.8	SILVER	
RT-b4bd3f68ba	{{שרש3|שׁ|א|ן}}	שׁאנ	ש	א	נ			3			False	False	False	False	False	False	False	False	False	False	False	True	False	False	False	False	False	C.A.N	guttural_containing	False	False	False	False	False	False	True	False	שאנ	RG-5eaf4d251a	1	PAAL	hewiktionary	wikt:entry:p22431:r428600:o1418:t0	0.8	SILVER	TRADITIONAL_CLASS_NOT_STATED
RT-e772975fa2	{{שרש|שׁחל א|שׁ־ח־ל א}}	שׁחל	ש	ח	ל			3			False	False	False	False	False	False	False	False	False	False	False	True	False	False	False	False	False	C.X.C	guttural_containing	False	False	False	False	False	False	True	False	שחל	RG-adefaea533	1	HIFIL	hewiktionary	wikt:conj:p56177:r378839:t0:הפעיל עבר|wikt:entry:p22490:r451213:o0:t0	0.96	SILVER	TRADITIONAL_CLASS_NOT_STATED
RT-8a44ab98f2	{{שרש3|נ|י|ן}}	נינ	נ	י	נ			3			True	False	False	False	True	False	False	False	False	False	False	False	False	False	False	False	True	N.Y.N	hollow_candidate	False	False	True	True	False	False	False	False	נינ	RG-8a44ab98f2	1	NIFAL	hewiktionary	wikt:entry:p22509:r445559:o0:t0	0.8	SILVER	TRADITIONAL_CLASS_NOT_STATED
RT-cfd07bd483	{{שרש3|ח|ר|ק|גזרה=השלמים}}	חרק	ח	ר	ק			3			False	False	False	False	False	False	False	False	False	False	True	False	False	True	False	False	False	X.R.C	guttural_containing	False	False	False	False	False	False	True	False	חרק	RG-cfd07bd483	1	PAAL	hewiktionary	wikt:entry:p22586:r427564:o1191:t0	0.8	SILVER	TRADITIONAL_CLASS_NOT_STATED
RT-e01729a463	{{שרש3|ט|ו|ח|ב||גזרה=השלמים}}	טוח	ט	ו	ח			3	AYIN_WAW_YOD+SHLEMIM	"גזרת השלמים ; גזרת נע""ו/י"	False	False	False	False	False	True	False	False	False	False	False	False	True	False	False	False	True	C.W.X	hollow_candidate	False	False	True	False	False	False	True	False	טוח	RG-e01729a463	4	NIFAL|PAAL|PIEL	hewiktionary	wikt:conj:p48027:r272237:t0:נפעל עבר|wikt:conj:p48027:r272237:t0:פיעל עבר|wikt:conj:p48027:r272237:t0:קל עבר|wikt:entry:p22828:r489339:o1086:t0|wikt:entry:p22839:r489343:o833:t0|wikt:entry:p48026:r272235:o0:t0|wikt:entry:p52597:r512124:o1:t0	0.96	SILVER	TRADITIONAL_CLASS_VARIES_ACROSS_ENTRIES
RT-41a26c2c41	{{שרש3|י|ב|שׁ}}	יבשׁ	י	ב	ש			3			False	True	False	False	False	False	False	False	False	False	False	False	False	False	False	False	True	Y.C.C	initial_yod_waw	False	False	False	False	True	False	False	False	יבש	RG-0915b4a4ab	4	HIFIL|PAAL|PIEL|PUAL	hewiktionary	wikt:entry:p22835:r521455:o4076:t0|wikt:entry:p22835:r521455:o5088:t0|wikt:entry:p22835:r521455:o5456:t0	0.8	SILVER	TRADITIONAL_CLASS_NOT_STATED
RT-61c4de1d1f	"{{שרש|נזל|נ־ז־ל}}, [[גזרת חפ""נ]]"	נזל	נ	ז	ל			3	PE_NUN	"גזרת חפ""נ"	True	False	False	False	False	False	False	False	False	False	False	False	False	False	False	False	True	N.C.C	initial_nun	False	False	False	True	False	False	False	False	נזל	RG-61c4de1d1f	3	HIFIL|NIFAL|PAAL	hewiktionary	wikt:conj:p31296:r297015:t0:הפעיל עבר|wikt:conj:p31296:r297015:t0:נפעל עבר|wikt:conj:p31296:r297015:t0:קל עבר|wikt:entry:p22883:r391194:o0:t0|wikt:entry:p22883:r391194:o826:t0|wikt:entry:p33614:r388664:o15:t0|wikt:entry:p33614:r388664:o460:t0	0.992	SILVER	
RT-8a451bc94b	{{שרש3|ז|ל|ל|ב}}, [[גזרת הכפולים]]	זלל	ז	ל	ל			3	AYIN_AYIN+SHLEMIM	גזרת הכפולים ; גזרת השלמים	False	False	False	False	False	False	False	False	False	False	False	False	False	False	True	False	True	C.C.C+GEM	geminate	False	False	False	False	False	True	False	False	זלל	RG-8a451bc94b	2	NIFAL|PAAL	hewiktionary	wikt:conj:p48257:r274234:t0:נפעל עבר|wikt:entry:p22883:r391194:o1112:t0|wikt:entry:p31044:r522459:o0:t0	0.96	SILVER	TRADITIONAL_CLASS_VARIES_ACROSS_ENTRIES
RT-b88afa59df	"{{שרש|צות א|צ־ו־ת א}}, גזרת נחי ע""ו"	צות	צ	ו	ת			3	AYIN_WAW_YOD	"גזרת נחי ע""ו"	False	False	False	False	False	True	False	False	False	False	False	False	False	False	False	False	True	C.W.C	hollow_candidate	False	False	True	False	False	False	False	False	צות	RG-b88afa59df	2	PIEL	hewiktionary	wikt:entry:p22887:r340223:o0:t0|wikt:entry:p53868:r401844:o1094:t0	0.8	QUESTIONABLE	
RT-6a60fdb821	"{{שרש3|נ|ק|ב|א}}, [[גזרת חפ""נ]]"	נקב	נ	ק	ב			3	PE_NUN	"גזרת חפ""נ"	True	False	False	False	False	False	False	False	False	False	False	False	False	False	False	False	True	N.C.C	initial_nun	False	False	False	True	False	False	False	False	נקב	RG-6a60fdb821	3	NIFAL|PAAL|PIEL	hewiktionary	wikt:entry:p22943:r522186:o2369:t0|wikt:entry:p22943:r522186:o2971:t0|wikt:entry:p22943:r522186:o3837:t0|wikt:entry:p22943:r522186:o4492:t0|wikt:entry:p22943:r522186:o5524:t0|wikt:entry:p22943:r522186:o74:t0|wikt:entry:p22943:r522186:o847:t0	0.992	SILVER	
RT-7c446ce8db	{{שרש3|נ|ח|ר|א}}	נחר	נ	ח	ר			3			True	False	False	False	False	False	False	False	False	False	False	True	False	True	False	False	True	N.X.R	initial_nun	False	False	False	True	False	False	True	False	נחר	RG-7c446ce8db	1	PAAL	hewiktionary	wikt:entry:p22998:r422151:o10:t0|wikt:entry:p22998:r422151:o1756:t0	0.96	SILVER	TRADITIONAL_CLASS_NOT_STATED
RT-2a23f59d87	{{שרש3|ח|ר|ר|ג|גזרה=הכפולים}}	חרר	ח	ר	ר			3			False	False	False	False	False	False	False	False	False	False	True	False	False	True	True	False	True	X.R.R+GEM	geminate	False	False	False	False	False	True	True	False	חרר	RG-2a23f59d87	1	NIFAL	hewiktionary	wikt:entry:p22998:r422151:o2279:t0	0.8	SILVER	TRADITIONAL_CLASS_NOT_STATED
RT-28f8fef87f	{{שרש3|ח|ר|ה}}	חרה	ח	ר	ה			3			False	False	False	False	False	False	True	False	False	True	True	False	True	True	False	False	True	X.R.H	final_he	False	True	False	False	False	False	True	False	חרה	RG-28f8fef87f	3	HITPAEL|NIFAL	hewiktionary	wikt:entry:p22998:r422151:o3498:t0|wikt:entry:p23071:r322695:o723:t0|wikt:entry:p52343:r351905:o0:t0	0.8	SILVER	TRADITIONAL_CLASS_NOT_STATED
RT-2970a6e4be	{{שרש|גנדר|ג־נ־ד־ר}}, [[גזרת המרבעים]]	גנדר	ג	נ	ד	ר		4	QUADRILITERAL	גזרת המרבעים	False	False	False	False	False	False	False	False	False	False	False	False	False	True	False	False	False	C.N.C.R	quadriliteral	False	False	False	False	False	False	False	True	גנדר	RG-2970a6e4be	1	PIEL	hewiktionary	wikt:entry:p22999:r488786:o581:t0	0.8	SILVER	
RT-c40f548848	{{שרש|צחן|צ־ח־ן}}	צחנ	צ	ח	נ			3			False	False	False	False	False	False	False	False	False	False	False	True	False	False	False	False	False	C.X.N	guttural_containing	False	False	False	False	False	False	True	False	צחנ	RG-c40f548848	1	HIFIL	hewiktionary	wikt:entry:p23115:r420794:o0:t0	0.8	SILVER	TRADITIONAL_CLASS_NOT_STATED
RT-7a915a62e7	{{שרש3|ב|ר|ק|גזרה=השלמים}}	ברק	ב	ר	ק			3			False	False	False	False	False	False	False	False	False	False	False	False	False	True	False	False	False	C.R.C	strong	True	False	False	False	False	False	False	False	ברק	RG-7a915a62e7	1	HIFIL	hewiktionary	wikt:entry:p23119:r520523:o0:t0	0.8	SILVER	TRADITIONAL_CLASS_NOT_STATED
RT-5faeb31f14	ו-כ-ח	וכח	ו	כ	ח			3			False	False	True	False	False	False	False	False	False	False	False	False	True	False	False	False	True	W.C.X	initial_yod_waw	False	False	False	False	True	False	True	False	וכח	RG-5faeb31f14	1	NIFAL	hewiktionary	wikt:conj:p32022:r509699:t0:נפעל עבר|wikt:entry:p23225:r512332:o60:t0	0.0	QUESTIONABLE	TRADITIONAL_CLASS_NOT_STATED
RT-2c4f2231eb	{{שרש3|ט|י|ט}}	טיט	ט	י	ט			3			False	False	False	False	True	False	False	False	False	False	False	False	False	False	False	False	True	C.Y.C	hollow_candidate	False	False	True	False	False	False	False	False	טיט	RG-2c4f2231eb	1	PIEL	hewiktionary	wikt:entry:p23302:r521030:o1363:t0	0.8	SILVER	TRADITIONAL_CLASS_NOT_STATED
RT-76f6fc983c	{{שרש|רחם|ר־ח־ם}}, [[נספח:גזרת השלמים|גזרת השלמים]]	רחמ	ר	ח	מ			3	SHLEMIM	גזרת השלמים	False	False	False	False	False	False	False	False	False	False	False	True	False	True	False	False	False	R.X.C	guttural_containing	False	False	False	False	False	False	True	False	רחמ	RG-76f6fc983c	2	PIEL|PUAL	hewiktionary	wikt:entry:p23321:r511133:o0:t0|wikt:entry:p23321:r511133:o1795:t0	0.8	SILVER	
RT-462aaf3659	"{{שרש|יפה|י־פ־ה}}, [[גזרת נחי פ""י]], [[גזרת נל""י/ה]]"	יפה	י	פ	ה			3	LAMED_YOD_HE+PE_YOD_WAW	"גזרת נחי פ""י ; גזרת נל""י/ה"	False	True	False	False	False	False	True	False	False	True	False	False	True	False	False	False	True	Y.C.H	final_he	False	True	False	False	True	False	True	False	יפה	RG-462aaf3659	2	PAAL|PIEL	hewiktionary	wikt:entry:p23322:r512681:o3427:t0|wikt:entry:p23322:r512681:o4312:t0	0.8	SILVER	
RT-94c24c6641	{{שרש3|ק|מ|ח}}, [[נספח:גזרת השלמים|גזרת השלמים]]	קמח	ק	מ	ח			3	SHLEMIM	גזרת השלמים	False	False	False	False	False	False	False	False	False	False	False	False	True	False	False	False	False	C.C.X	guttural_containing	False	False	False	False	False	False	True	False	קמח	RG-94c24c6641	1	PIEL	hewiktionary	wikt:entry:p23394:r512669:o3139:t0	0.8	SILVER	
RT-ac57ba0b2a	{{שרש3|ק|ר|ם}}	קרמ	ק	ר	מ			3			False	False	False	False	False	False	False	False	False	False	False	False	False	True	False	False	False	C.R.C	strong	True	False	False	False	False	False	False	False	קרמ	RG-ac57ba0b2a	1	PAAL	hewiktionary	wikt:entry:p23424:r521333:o0:t0	0.8	SILVER	TRADITIONAL_CLASS_NOT_STATED
RT-885413241d	{{שרש4|שׁ|כ|נ|ע}}	שׁכנע	ש	כ	נ	ע		4			False	False	False	False	False	False	False	False	False	False	False	False	False	False	False	False	False	C.C.N.E	quadriliteral	False	False	False	False	False	False	True	True	שכנע	RG-8c520ce22b	1	PIEL	hewiktionary	wikt:entry:p23443:r508920:o0:t0	0.8	SILVER	TRADITIONAL_CLASS_NOT_STATED
RT-5543213385	{{שרש|קרס א|ק-ר-ס <small>א</small>}}	קרס	ק	ר	ס			3			False	False	False	False	False	False	False	False	False	False	False	False	False	True	False	False	False	C.R.C	strong	True	False	False	False	False	False	False	False	קרס	RG-5543213385	1	PAAL	hewiktionary	wikt:entry:p23448:r512722:o0:t0	0.8	SILVER	TRADITIONAL_CLASS_NOT_STATED
RT-e304117f3d	{{שרש|אדק|א-ד-ק}},[[גזרת השלמים]]	אדק	א	ד	ק			3	SHLEMIM	גזרת השלמים	False	False	False	True	False	False	False	False	False	False	True	False	False	False	False	False	True	A.C.C	initial_alef	False	False	False	False	False	False	True	False	אדק	RG-e304117f3d	1	PAAL	hewiktionary	wikt:entry:p23469:r404330:o0:t0	0.8	SILVER	
RT-dc1fd87be0	{{שרש3|נ|ו|ט}}	נוט	נ	ו	ט			3			True	False	False	False	False	True	False	False	False	False	False	False	False	False	False	False	True	N.W.C	hollow_candidate	False	False	True	True	False	False	False	False	נוט	RG-dc1fd87be0	1	PIEL	hewiktionary	wikt:entry:p23501:r508046:o2483:t0	0.8	SILVER	TRADITIONAL_CLASS_NOT_STATED
RT-eb4c58c6c4	"{{שרש4|צ|ל|צ|ל}}, מרובע מ""צלל"""	צלצל	צ	ל	צ	ל		4		"מרובע מ""צלל"""	False	False	False	False	False	False	False	False	False	False	False	False	False	False	False	True	False	C.C.C.C	quadriliteral	False	False	False	False	False	False	False	True	צלצל	RG-eb4c58c6c4	1	PIEL	hewiktionary	wikt:entry:p23635:r522781:o54:t0	0.8	SILVER	TRADITIONAL_CLASS_NOT_STATED|TRADITIONAL_CLASS_UNMAPPED_LABEL
RT-7d5b7ee249	{{שרש3|פ|ל|ח א}}	פלח	פ	ל	ח			3			False	False	False	False	False	False	False	False	False	False	False	False	True	False	False	False	False	C.C.X	guttural_containing	False	False	False	False	False	False	True	False	פלח	RG-7d5b7ee249	5	HITPAEL|PAAL|PIEL|PUAL	hewiktionary	wikt:entry:p23961:r455188:o2556:t0|wikt:entry:p23961:r455188:o3823:t0|wikt:entry:p23961:r455188:o4155:t0|wikt:entry:p23961:r455188:o5025:t0|wikt:entry:p23961:r455188:o5909:t0|wikt:entry:p43196:r522785:o0:t0	0.96	SILVER	TRADITIONAL_CLASS_NOT_STATED
RT-7241a47105	{{שרש4|ע|ל|ע|ל|א}}	עלעל	ע	ל	ע	ל		4			False	False	False	False	False	False	False	False	False	False	True	False	True	False	False	True	False	E.C.E.C	quadriliteral	False	False	False	False	False	False	True	True	עלעל	RG-7241a47105	1	PIEL	hewiktionary	wikt:entry:p24029:r522057:o0:t0|wikt:entry:p24029:r522057:o1692:t0	0.96	SILVER	TRADITIONAL_CLASS_NOT_STATED
RT-390bbfac23	{{שרש3|ה|ר|ה}}	הרה	ה	ר	ה			3			False	False	False	False	False	False	True	False	False	True	True	False	True	True	False	False	True	H.R.H	final_he	False	True	False	False	False	False	True	False	הרה	RG-390bbfac23	1	PAAL	hewiktionary	wikt:entry:p24081:r502428:o88:t0	0.8	SILVER	TRADITIONAL_CLASS_NOT_STATED
RT-014b2b1df0	{{שרש|שׁקם|שׁ־ק־ם}}	שׁקמ	ש	ק	מ			3			False	False	False	False	False	False	False	False	False	False	False	False	False	False	False	False	False	C.C.C	strong	True	False	False	False	False	False	False	False	שקמ	RG-ea44e6d0e3	2	PIEL|PUAL	hewiktionary	wikt:entry:p24228:r121964:o502:t0|wikt:entry:p24228:r121964:o58:t0	0.8	SILVER	TRADITIONAL_CLASS_NOT_STATED
RT-797c7879eb	{{שרש3|ה|ו|ם}}	הומ	ה	ו	מ			3			False	False	False	False	False	True	False	False	False	False	True	False	False	False	False	False	True	H.W.C	hollow_candidate	False	False	True	False	False	False	True	False	הומ	RG-797c7879eb	1	PAAL	hewiktionary	wikt:entry:p24244:r523099:o800:t0	0.8	SILVER	TRADITIONAL_CLASS_NOT_STATED
RT-a7d70d01f3	{{שרש3|א|נ|ה}}	אנה	א	נ	ה			3			False	False	False	True	False	False	True	False	False	True	True	False	True	False	False	False	True	A.N.H	final_he	False	True	False	False	False	False	True	False	אנה	RG-a7d70d01f3	3	PAAL|PIEL|PUAL	hewiktionary	wikt:entry:p24384:r521538:o104:t0|wikt:entry:p24384:r521538:o1120:t0|wikt:entry:p24384:r521538:o577:t0	0.8	SILVER	TRADITIONAL_CLASS_NOT_STATED
RT-2681655017	{{שרש3|י|ק|ר}}	יקר	י	ק	ר			3			False	True	False	False	False	False	False	False	False	False	False	False	False	True	False	False	True	Y.C.R	initial_yod_waw	False	False	False	False	True	False	False	False	יקר	RG-2681655017	2	PAAL|PIEL	hewiktionary	wikt:entry:p24498:r519712:o3301:t0|wikt:entry:p24498:r519712:o4002:t0	0.8	SILVER	TRADITIONAL_CLASS_NOT_STATED
RT-0cd0528097	{{שרש3|ג|ב|הּ}}, [[גזרת השלמים]]	גבה	ג	ב	ה			3	SHLEMIM	גזרת השלמים	False	False	False	False	False	False	True	False	False	True	False	False	True	False	False	False	True	C.C.H	final_he	False	True	False	False	False	False	True	False	גבה	RG-0cd0528097	2	PAAL	hewiktionary	wikt:conj:p17677:r414407:t0:קל עבר|wikt:entry:p24668:r522879:o0:t0|wikt:entry:p24668:r522879:o1470:t0	0.96	QUESTIONABLE	
RT-9064b266e9	{{שרש3|שׁ|ר|ץ}}	שׁרצ	ש	ר	צ			3			False	False	False	False	False	False	False	False	False	False	False	False	False	True	False	False	False	C.R.C	strong	True	False	False	False	False	False	False	False	שרצ	RG-054fa97fe9	1	PAAL	hewiktionary	wikt:entry:p24675:r519080:o0:t0	0.8	SILVER	TRADITIONAL_CLASS_NOT_STATED
RT-2a63646fbe	{{שרש|כלל|כ־ל־ל}}	כלל	כ	ל	ל			3			False	False	False	False	False	False	False	False	False	False	False	False	False	False	True	False	True	C.C.C+GEM	geminate	False	False	False	False	False	True	False	False	כלל	RG-2a63646fbe	1	PAAL	hewiktionary	wikt:entry:p24688:r459953:o1924:t0	0.8	SILVER	TRADITIONAL_CLASS_NOT_STATED
RT-e6a95353a5	{{שרש|סקר א|ס־ק־ר <small>א</small>}}	סקר	ס	ק	ר			3			False	False	False	False	False	False	False	False	False	False	False	False	False	True	False	False	False	C.C.R	strong	True	False	False	False	False	False	False	False	סקר	RG-e6a95353a5	3	PAAL|PIEL|PUAL	hewiktionary	wikt:conj:p60248:r441403:t0:פועל עבר|wikt:conj:p60248:r441403:t0:פיעל עבר|wikt:conj:p60248:r441403:t0:קל עבר|wikt:entry:p24710:r517125:o1056:t0|wikt:entry:p24710:r517125:o1596:t0|wikt:entry:p24710:r517125:o1914:t0|wikt:entry:p24710:r517125:o2675:t0|wikt:entry:p24710:r517125:o90:t0	0.992	SILVER	TRADITIONAL_CLASS_NOT_STATED
RT-4174d31ab8	{{שרש4|ז|ל|ז|ל|גזרה=המרובעים}}	זלזל	ז	ל	ז	ל		4			False	False	False	False	False	False	False	False	False	False	False	False	False	False	False	True	False	C.C.C.C	quadriliteral	False	False	False	False	False	False	False	True	זלזל	RG-4174d31ab8	1	PIEL	hewiktionary	wikt:conj:p32364:r278614:t0:פיעל עבר|wikt:entry:p24741:r448867:o1283:t0	0.96	SILVER	TRADITIONAL_CLASS_NOT_STATED
RT-f6c8515155	{{שרש|חתן|ח־ת־ן}}	חתנ	ח	ת	נ			3	SHLEMIM	גזרת השלמים	False	False	False	False	False	False	False	False	False	False	True	False	False	False	False	False	False	X.C.N	guttural_containing	False	False	False	False	False	False	True	False	חתנ	RG-f6c8515155	2	HITPAEL|PIEL	hewiktionary	wikt:entry:p24789:r520145:o4105:t0|wikt:entry:p48013:r516453:o0:t0	0.8	SILVER	
RT-8449af3df4	{{שרש|זמם א|ז־מ־ם <small>א</small>}}	זממ	ז	מ	מ			3			False	False	False	False	False	False	False	False	False	False	False	False	False	False	True	False	True	C.C.C+GEM	geminate	False	False	False	False	False	True	False	False	זממ	RG-8449af3df4	2	HIFIL|PAAL	hewiktionary	wikt:entry:p24833:r441044:o0:t0|wikt:entry:p24833:r441044:o1191:t0|wikt:entry:p53230:r517056:o0:t0	0.96	SILVER	TRADITIONAL_CLASS_NOT_STATED
RT-d80103af79	{{שרש3|ו|ל|ן}}	ולנ	ו	ל	נ			3			False	False	True	False	False	False	False	False	False	False	False	False	False	False	False	False	True	W.C.N	initial_yod_waw	False	False	False	False	True	False	False	False	ולנ	RG-d80103af79	1	PIEL	hewiktionary	wikt:entry:p24865:r432273:o0:t0	0.8	SILVER	TRADITIONAL_CLASS_NOT_STATED
RT-c05be83193	{{שרש3|י|א|ל}}	יאל	י	א	ל			3	PE_YOD_WAW	"גזרת נפ""יו"	False	True	False	False	False	False	False	False	False	False	False	True	False	False	False	False	True	Y.A.C	initial_yod_waw	False	False	False	False	True	False	True	False	יאל	RG-c05be83193	2	HIFIL|NIFAL	hewiktionary	wikt:entry:p24892:r508142:o24:t0|wikt:entry:p40921:r456061:o0:t0	0.8	SILVER	
RT-eccfe13ac7	{{שרש|צהל|צ־ה־ל}}	צהל	צ	ה	ל			3			False	False	False	False	False	False	False	False	False	False	False	True	False	False	False	False	False	C.H.C	guttural_containing	False	False	False	False	False	False	True	False	צהל	RG-eccfe13ac7	1	PAAL	hewiktionary	wikt:entry:p24936:r518458:o45:t0	0.8	SILVER	TRADITIONAL_CLASS_NOT_STATED
RT-7ab9d958ff	{{שרש|יעד|י־ע־ד}}	יעד	י	ע	ד			3			False	True	False	False	False	False	False	False	False	False	False	True	False	False	False	False	True	Y.E.C	initial_yod_waw	False	False	False	False	True	False	True	False	יעד	RG-7ab9d958ff	2	NIFAL|PAAL	hewiktionary	wikt:entry:p24979:r452299:o701:t0|wikt:entry:p63313:r497475:o0:t0	0.8	SILVER	TRADITIONAL_CLASS_NOT_STATED
RT-8f5964e579	{{שרש3|ת|מ|ד}}	תמד	ת	מ	ד			3			False	False	False	False	False	False	False	False	False	False	False	False	False	False	False	False	False	C.C.C	strong	True	False	False	False	False	False	False	False	תמד	RG-8f5964e579	2	HIFIL|PIEL	hewiktionary	wikt:entry:p24982:r345690:o797:t0|wikt:entry:p51794:r510266:o0:t0	0.8	SILVER	TRADITIONAL_CLASS_NOT_STATED
RT-965a12b93b	{{שרש3|ס|ר|ט}}	סרט	ס	ר	ט			3			False	False	False	False	False	False	False	False	False	False	False	False	False	True	False	False	False	C.R.C	strong	True	False	False	False	False	False	False	False	סרט	RG-965a12b93b	1	PAAL	hewiktionary	wikt:entry:p25049:r516697:o62:t0	0.8	SILVER	TRADITIONAL_CLASS_NOT_STATED
RT-32a0f4460a	"{{שרש3|נ|ז|ה}}, [[גזרת חפ""נ]] ו[[גזרת נל""י/ה]]"	נזה	נ	ז	ה			3	LAMED_YOD_HE+PE_NUN	"גזרת חפ""נ ; גזרת נל""י/ה"	True	False	False	False	False	False	True	False	False	True	False	False	True	False	False	False	True	N.C.H	final_he	False	True	False	True	False	False	True	False	נזה	RG-32a0f4460a	1	PAAL	hewiktionary	wikt:conj:p32385:r266358:t0:קל עבר|wikt:entry:p25143:r253045:o0:t0	0.96	SILVER	
RT-bbb0104c00	{{שרש|צוה|צ־ו־ה}}	צוה	צ	ו	ה			3			False	False	False	False	False	True	True	False	False	True	False	False	True	False	False	False	True	C.W.H	hollow_candidate	False	True	True	False	False	False	True	False	צוה	RG-bbb0104c00	1	PIEL	hewiktionary	wikt:entry:p25184:r396521:o16:t0	0.8	SILVER	TRADITIONAL_CLASS_NOT_STATED
RT-a505ce9519	{{שרש4|פ|ר|נ|ס}}, מרבעים	פרנס	פ	ר	נ	ס		4	QUADRILITERAL	מרבעים	False	False	False	False	False	False	False	False	False	False	False	False	False	True	False	False	False	C.R.N.C	quadriliteral	False	False	False	False	False	False	False	True	פרנס	RG-a505ce9519	1	PIEL	hewiktionary	wikt:entry:p25189:r381289:o0:t0	0.8	SILVER	
RT-69a6d958d1	{{שרש3|שׂ|ר|ר|גזרה=הכפולים}}	שׂרר	ש	ר	ר			3			False	False	False	False	False	False	False	False	False	False	False	False	False	True	True	False	True	C.R.R+GEM	geminate	False	False	False	False	False	True	False	False	שרר	RG-b539fc3434	1	PAAL	hewiktionary	wikt:entry:p25199:r412156:o21:t0	0.8	SILVER	ROOT_SHARES_ORTHOGRAPHY_WITH_OTHER_ROOT|TRADITIONAL_CLASS_NOT_STATED
RT-b56670a808	{{שרש|סכת|ס־כ־ת}}, שלמים	סכת	ס	כ	ת			3	SHLEMIM	שלמים	False	False	False	False	False	False	False	False	False	False	False	False	False	False	False	False	False	C.C.C	strong	True	False	False	False	False	False	False	False	סכת	RG-b56670a808	1	HIFIL	hewiktionary	wikt:entry:p25242:r487069:o0:t0	0.8	SILVER	
RT-15d299a3b5	{{שרש|שׁלשׁ|שׁ־ל־שׁ}}	שׁלשׁ	ש	ל	ש			3	SHLEMIM	גזרת השלמים	False	False	False	False	False	False	False	False	False	False	False	False	False	False	False	False	False	C.C.C	strong	True	False	False	False	False	False	False	False	שלש	RG-d66012ff40	3	HIFIL|PIEL|PUAL	hewiktionary	wikt:conj:p23965:r324090:t0:פועל עבר|wikt:conj:p23965:r324090:t0:פיעל עבר|wikt:entry:p25247:r122460:o0:t0|wikt:entry:p42890:r519962:o3045:t0|wikt:entry:p42890:r519962:o97:t0	0.96	SILVER	
RT-74d7b749c9	{{שרש3|ק|פ|ח}}	קפח	ק	פ	ח			3			False	False	False	False	False	False	False	False	False	False	False	False	True	False	False	False	False	C.C.X	guttural_containing	False	False	False	False	False	False	True	False	קפח	RG-74d7b749c9	2	PAAL|PIEL	hewiktionary	wikt:entry:p25277:r418051:o0:t0|wikt:entry:p25277:r418051:o649:t0	0.8	SILVER	TRADITIONAL_CLASS_NOT_STATED
RT-152df54aaf	"{{שרש|יקד|י-ק-ד}}, [[גזרת נפ""יו]]"	יקד	י	ק	ד			3	PE_YOD_WAW	"גזרת נפ""יו"	False	True	False	False	False	False	False	False	False	False	False	False	False	False	False	False	True	Y.C.C	initial_yod_waw	False	False	False	False	True	False	False	False	יקד	RG-152df54aaf	1	PAAL	hewiktionary	wikt:entry:p25378:r519003:o0:t0	0.8	SILVER	
RT-15ab752622	{{שרש|שפכטל|ש־פ־כ־ט־ל}}, מחומשים.	שׁפכטל	ש	פ	כ	ט	ל	5	QUINQUILITERAL	מחומשים.	False	False	False	False	False	False	False	False	False	False	False	False	False	False	False	False	False	C.C.C.C.C	quadriliteral	False	False	False	False	False	False	False	True	שפכטל	RG-2ebf92017b	2	PIEL|PUAL	hewiktionary	wikt:entry:p25434:r520662:o2367:t0|wikt:entry:p25434:r520662:o717:t0	0.8	SILVER	SHIN_SIN_FROM_FORM|UNEXPECTED_ROOT_LENGTH
RT-fda7b49ea6	{{שרש4|ד|ק|ל|ם|גזרה=המרובעים}}	דקלמ	ד	ק	ל	מ		4			False	False	False	False	False	False	False	False	False	False	False	False	False	False	False	False	False	C.C.C.C	quadriliteral	False	False	False	False	False	False	False	True	דקלמ	RG-fda7b49ea6	1	PIEL	hewiktionary	wikt:entry:p25566:r486474:o0:t0	0.8	SILVER	TRADITIONAL_CLASS_NOT_STATED
RT-13a01649ec	{{שרש3|שׁ|ע|ה}}	שׁעה	ש	ע	ה			3			False	False	False	False	False	False	True	False	False	True	False	True	True	False	False	False	True	C.E.H	final_he	False	True	False	False	False	False	True	False	שעה	RG-cc431b30d6	2	HIFIL|PAAL	hewiktionary	wikt:entry:p25570:r518671:o2418:t0|wikt:entry:p57129:r492675:o22:t0	0.8	SILVER	TRADITIONAL_CLASS_NOT_STATED
RT-0a30d6f27d	{{שרש5|א|ר|ג|מ|ן}}, מחומשים.	ארגמנ	א	ר	ג	מ	נ	5	QUINQUILITERAL	מחומשים.	False	False	False	True	False	False	False	False	False	False	True	False	False	True	False	False	True	A.R.C.C.N	quadriliteral	False	False	False	False	False	False	True	True	ארגמנ	RG-0a30d6f27d	1	HITPAEL	hewiktionary	wikt:entry:p25659:r356930:o0:t0	0.8	SILVER	UNEXPECTED_ROOT_LENGTH
RT-341d900d78	{{שרש5|שׁ|ע|ט|נ|ז}}, מחומשים.	שׁעטנז	ש	ע	ט	נ	ז	5	QUINQUILITERAL	מחומשים.	False	False	False	False	False	False	False	False	False	False	False	True	False	False	False	False	False	C.E.C.N.C	quadriliteral	False	False	False	False	False	False	True	True	שעטנז	RG-7d29747f85	1	PIEL	hewiktionary	wikt:entry:p25662:r520619:o2290:t0	0.8	SILVER	UNEXPECTED_ROOT_LENGTH
RT-3f0bf683e8	{{שרש3|כ|שׁ|ף}}	כשׁפ	כ	ש	פ			3			False	False	False	False	False	False	False	False	False	False	False	False	False	False	False	False	False	C.C.C	strong	True	False	False	False	False	False	False	False	כשפ	RG-b68d98b74b	1	PIEL	hewiktionary	wikt:entry:p25697:r519066:o0:t0	0.8	SILVER	TRADITIONAL_CLASS_NOT_STATED
RT-874252181f	{{שרש5|כ|ח|ל|ח|ל}}, מחומשים.	כחלחל	כ	ח	ל	ח	ל	5	QUINQUILITERAL	מחומשים.	False	False	False	False	False	False	False	False	False	False	False	True	False	False	False	False	False	C.X.C.X.C	quadriliteral	False	False	False	False	False	False	True	True	כחלחל	RG-874252181f	1	HITPAEL	hewiktionary	wikt:entry:p25703:r464938:o0:t0	0.8	SILVER	UNEXPECTED_ROOT_LENGTH
RT-7c7cfa50d1	{{שרש|צנתר|צ-נ-ת-ר}}	צנתר	צ	נ	ת	ר		4			False	False	False	False	False	False	False	False	False	False	False	False	False	True	False	False	False	C.N.C.R	quadriliteral	False	False	False	False	False	False	False	True	צנתר	RG-7c7cfa50d1	1	PIEL	hewiktionary	wikt:entry:p25769:r436640:o934:t0	0.8	SILVER	TRADITIONAL_CLASS_NOT_STATED
RT-98a59eabdc	"{{שרש3|ג|ה|ה|גזרה=נחי לי""ה}}"	גהה	ג	ה	ה			3			False	False	False	False	False	False	True	False	False	True	False	True	True	False	True	False	True	C.H.H+GEM	geminate	False	True	False	False	False	True	True	False	גהה	RG-98a59eabdc	1	PAAL	hewiktionary	wikt:entry:p25819:r517236:o948:t0	0.8	SILVER	TRADITIONAL_CLASS_NOT_STATED
RT-fd6748785a	{{שרש|שמנמן|ש־מ־נ־מ־ן}}, מחומשים.	שׁמנמנ	ש	מ	נ	מ	נ	5	QUINQUILITERAL	מחומשים.	False	False	False	False	False	False	False	False	False	False	False	False	False	False	False	False	False	C.C.N.C.N	quadriliteral	False	False	False	False	False	False	False	True	שמנמנ	RG-8b8e2a03e0	1	HITPAEL	hewiktionary	wikt:entry:p25820:r125204:o0:t0	0.8	SILVER	SHIN_SIN_FROM_FORM|UNEXPECTED_ROOT_LENGTH
RT-777f3c4408	{{שרש|כלבלב|כ־ל־ב־ל־ב}}, מחומשים.	כלבלב	כ	ל	ב	ל	ב	5	QUINQUILITERAL	מחומשים.	False	False	False	False	False	False	False	False	False	False	False	False	False	False	False	False	False	C.C.C.C.C	quadriliteral	False	False	False	False	False	False	False	True	כלבלב	RG-777f3c4408	1	HITPAEL	hewiktionary	wikt:entry:p25823:r125202:o0:t0	0.8	SILVER	UNEXPECTED_ROOT_LENGTH
RT-c908154cb7	{{שרש5|ק|ט|נ|ט|ן|גזרה=מחומשים}}	קטנטנ	ק	ט	נ	ט	נ	5			False	False	False	False	False	False	False	False	False	False	False	False	False	False	False	False	False	C.C.N.C.N	quadriliteral	False	False	False	False	False	False	False	True	קטנטנ	RG-c908154cb7	1	HITPAEL	hewiktionary	wikt:entry:p25826:r463473:o0:t0	0.8	SILVER	TRADITIONAL_CLASS_NOT_STATED|UNEXPECTED_ROOT_LENGTH
RT-e0a376ae8f	{{שרש|שפנפן|ש־פ־נ־פ־ן}}, מחומשים.	שׁפנפנ	ש	פ	נ	פ	נ	5	QUINQUILITERAL	מחומשים.	False	False	False	False	False	False	False	False	False	False	False	False	False	False	False	False	False	C.C.N.C.N	quadriliteral	False	False	False	False	False	False	False	True	שפנפנ	RG-0d2600dae8	1	HITPAEL	hewiktionary	wikt:entry:p25835:r520350:o0:t0	0.8	SILVER	SHIN_SIN_FROM_FORM|UNEXPECTED_ROOT_LENGTH
RT-c7b81625fa	{{שרש5|ש|מ|ר|ט|ף}}	שׁמרטפ	ש	מ	ר	ט	פ	5			False	False	False	False	False	False	False	False	False	False	False	False	False	True	False	False	False	C.C.R.C.C	quadriliteral	False	False	False	False	False	False	False	True	שמרטפ	RG-0cf03646f8	1	PIEL	hewiktionary	wikt:entry:p25842:r344040:o1001:t0	0.8	SILVER	SHIN_SIN_FROM_FORM|TRADITIONAL_CLASS_NOT_STATED|UNEXPECTED_ROOT_LENGTH
RT-aef918288a	{{שרש|אנדקס|א־נ־ד־ק־ס}}, מחומשים.	אנדקס	א	נ	ד	ק	ס	5	QUINQUILITERAL	מחומשים.	False	False	False	True	False	False	False	False	False	False	True	False	False	False	False	False	True	A.N.C.C.C	quadriliteral	False	False	False	False	False	False	True	True	אנדקס	RG-aef918288a	2	PIEL|PUAL	hewiktionary	wikt:entry:p25915:r420331:o0:t0|wikt:entry:p25915:r420331:o921:t0	0.8	SILVER	UNEXPECTED_ROOT_LENGTH
RT-68c3d6407e	{{שרש3|ב|ת|ר}}	בתר	ב	ת	ר			3			False	False	False	False	False	False	False	False	False	False	False	False	False	True	False	False	False	C.C.R	strong	True	False	False	False	False	False	False	False	בתר	RG-68c3d6407e	1	PIEL	hewiktionary	wikt:entry:p26055:r473642:o45:t0	0.8	SILVER	TRADITIONAL_CLASS_NOT_STATED
RT-17d6f45426	{{שרש4|ד|ר|ד|ר}},[[גזרת המרובעים]]	דרדר	ד	ר	ד	ר		4	QUADRILITERAL	גזרת המרובעים	False	False	False	False	False	False	False	False	False	False	False	False	False	True	False	True	False	C.R.C.R	quadriliteral	False	False	False	False	False	False	False	True	דרדר	RG-17d6f45426	1	PIEL	hewiktionary	wikt:entry:p26102:r513910:o2223:t0	0.8	SILVER	
RT-fef19b28c4	{{שרש3|ר|ג|ן}}	רגנ	ר	ג	נ			3			False	False	False	False	False	False	False	False	False	False	False	False	False	True	False	False	False	R.C.N	strong	True	False	False	False	False	False	False	False	רגנ	RG-fef19b28c4	3	NIFAL|PAAL|PIEL	hewiktionary	wikt:entry:p26139:r510581:o0:t0|wikt:entry:p53725:r423256:o0:t0|wikt:entry:p53725:r423256:o948:t0	0.8	SILVER	TRADITIONAL_CLASS_NOT_STATED
RT-853ebda3e8	{{שרש|כנן|כ-נ-ן}}, [[גזרת השלמים]]	כננ	כ	נ	נ			3	SHLEMIM	גזרת השלמים	False	False	False	False	False	False	False	False	False	False	False	False	False	False	True	False	True	C.N.N+GEM	geminate	False	False	False	False	False	True	False	False	כננ	RG-853ebda3e8	1	PIEL	hewiktionary	wikt:entry:p26236:r499758:o43:t0	0.8	SILVER	
RT-72aa6be209	{{שרש4|ק|ר|ק|שׁ}}	קרקשׁ	ק	ר	ק	ש		4			False	False	False	False	False	False	False	False	False	False	False	False	False	True	False	False	False	C.R.C.C	quadriliteral	False	False	False	False	False	False	False	True	קרקש	RG-7773d428a7	1	PIEL	hewiktionary	wikt:entry:p26382:r520603:o0:t0	0.8	SILVER	TRADITIONAL_CLASS_NOT_STATED
RT-a228812f82	{{שרש3|ז|ר|ז}}	זרז	ז	ר	ז			3			False	False	False	False	False	False	False	False	False	False	False	False	False	True	False	False	False	C.R.C	strong	True	False	False	False	False	False	False	False	זרז	RG-a228812f82	1	PIEL	hewiktionary	wikt:entry:p26602:r521869:o0:t0	0.8	SILVER	TRADITIONAL_CLASS_NOT_STATED
RT-a513512e55	{{שרש3|ג|ל|ד}}	גלד	ג	ל	ד			3			False	False	False	False	False	False	False	False	False	False	False	False	False	False	False	False	False	C.C.C	strong	True	False	False	False	False	False	False	False	גלד	RG-a513512e55	1	HIFIL	hewiktionary	wikt:entry:p26883:r424980:o0:t0	0.8	SILVER	TRADITIONAL_CLASS_NOT_STATED
RT-91f73fbc89	{{שרש3|פ|ע|ם}}, [[גזרת השלמים]]	פעמ	פ	ע	מ			3	SHLEMIM	גזרת השלמים	False	False	False	False	False	False	False	False	False	False	False	True	False	False	False	False	False	C.E.C	guttural_containing	False	False	False	False	False	False	True	False	פעמ	RG-91f73fbc89	2	PAAL|PIEL	hewiktionary	wikt:conj:p37674:r489610:t0:פיעל עבר|wikt:conj:p37674:r489610:t0:קל עבר|wikt:conj:p62981:r489609:t0:פיעל עבר|wikt:conj:p62981:r489609:t0:קל עבר|wikt:entry:p26987:r495491:o2508:t0|wikt:entry:p26987:r495491:o2985:t0	0.992	SILVER	
RT-2dcab18f57	{{שרש3|ר|ע|ם}}	רעמ	ר	ע	מ			3			False	False	False	False	False	False	False	False	False	False	False	True	False	True	False	False	False	R.E.C	guttural_containing	False	False	False	False	False	False	True	False	רעמ	RG-2dcab18f57	1	PAAL	hewiktionary	wikt:entry:p27240:r510929:o23:t0	0.8	SILVER	TRADITIONAL_CLASS_NOT_STATED
RT-db629e88e1	{{שרש3|ט|ר|ח}}, [[גזרת השלמים]]	טרח	ט	ר	ח			3	SHLEMIM	גזרת השלמים	False	False	False	False	False	False	False	False	False	False	False	False	True	True	False	False	False	C.R.X	guttural_containing	False	False	False	False	False	False	True	False	טרח	RG-db629e88e1	2	HIFIL|PAAL	hewiktionary	wikt:conj:p60257:r441468:t0:הפעיל עבר|wikt:conj:p60257:r441468:t0:קל עבר|wikt:entry:p27491:r520602:o14:t0|wikt:entry:p58270:r410085:o0:t0	0.96	SILVER	
RT-2400971701	"{{שרש3|א|ל|ה|ב|גזרה=נחי ל""ה}}"	אלה	א	ל	ה			3			False	False	False	True	False	False	True	False	False	True	True	False	True	False	False	False	True	A.C.H	final_he	False	True	False	False	False	False	True	False	אלה	RG-2400971701	1	PAAL	hewiktionary	wikt:entry:p27585:r476908:o3704:t0	0.8	SILVER	TRADITIONAL_CLASS_NOT_STATED
RT-d33e9deffd	{{שרש3|ר|ה|ב}}	רהב	ר	ה	ב			3			False	False	False	False	False	False	False	False	False	False	False	True	False	True	False	False	False	R.H.C	guttural_containing	False	False	False	False	False	False	True	False	רהב	RG-d33e9deffd	1	PAAL	hewiktionary	wikt:entry:p27590:r520636:o0:t0	0.8	SILVER	TRADITIONAL_CLASS_NOT_STATED
RT-2251079142	{{שרש3|ר|פ|ס|א}}	רפס	ר	פ	ס			3	SHLEMIM	גזרת השלמים	False	False	False	False	False	False	False	False	False	False	False	False	False	True	False	False	False	R.C.C	strong	True	False	False	False	False	False	False	False	רפס	RG-2251079142	2	HITPAEL|PAAL	hewiktionary	wikt:conj:p52672:r331080:t0:התפעל עבר|wikt:conj:p52672:r331080:t0:קל עבר|wikt:entry:p27649:r322276:o0:t0|wikt:entry:p27684:r440772:o0:t0	0.96	SILVER	
RT-5bdbe3b902	"{{שרש3|מ|ו|ג}}, [[נספח:גזרת נע""ו/י|גזרת נע""ו/י]]"	מוג	מ	ו	ג			3	AYIN_WAW_YOD	"גזרת נע""ו/י"	False	False	False	False	False	True	False	False	False	False	False	False	False	False	False	False	True	C.W.C	hollow_candidate	False	False	True	False	False	False	False	False	מוג	RG-5bdbe3b902	3	HITPAEL|NIFAL|PAAL	hewiktionary	wikt:conj:p30054:r388887:t0:נפעל עבר|wikt:conj:p30054:r388887:t0:קל עבר|wikt:entry:p27730:r408429:o0:t0|wikt:entry:p55906:r388884:o34:t0	0.96	SILVER	
RT-852d162a0f	{{שרש3|כ|נ|ף|א}}, [[גזרת השלמים]]	כנפ	כ	נ	פ			3	SHLEMIM	גזרת השלמים	False	False	False	False	False	False	False	False	False	False	False	False	False	False	False	False	False	C.N.C	strong	True	False	False	False	False	False	False	False	כנפ	RG-852d162a0f	2	NIFAL|PAAL	hewiktionary	wikt:entry:p27732:r521913:o5891:t0|wikt:entry:p27732:r521913:o6453:t0|wikt:entry:p57978:r405870:o0:t0	0.96	SILVER	
RT-6b571bd3b5	{{שרש3|ו|ד|א}}	ודא	ו	ד	א			3			False	False	True	False	False	False	False	False	True	False	False	False	True	False	False	False	True	W.C.A	initial_yod_waw	False	False	False	False	True	False	True	False	ודא	RG-6b571bd3b5	1	PIEL	hewiktionary	wikt:entry:p27816:r453873:o0:t0	0.8	SILVER	TRADITIONAL_CLASS_NOT_STATED
RT-29fbd779d4	"{{שרש3|ה|ד|ר|גזרה=השלמים}}, [[פ""ג]]"	הדר	ה	ד	ר			3	PE_GUTTURAL	"פ""ג"	False	False	False	False	False	False	False	False	False	False	True	False	False	True	False	False	False	H.C.R	guttural_containing	False	False	False	False	False	False	True	False	הדר	RG-29fbd779d4	2	PAAL|PIEL	hewiktionary	wikt:entry:p27978:r516781:o2853:t0|wikt:entry:p27978:r516781:o9:t0	0.8	SILVER	
RT-0bf391bc3c	{{שרש3|נ|ת|ק}}	נתק	נ	ת	ק			3	PE_NUN	"חפ""נ"	True	False	False	False	False	False	False	False	False	False	False	False	False	False	False	False	True	N.C.C	initial_nun	False	False	False	True	False	False	False	False	נתק	RG-0bf391bc3c	3	HIFIL|NIFAL|PIEL	hewiktionary	wikt:conj:p13631:r403716:t0:הפעיל עבר|wikt:conj:p13631:r403716:t0:נפעל עבר|wikt:conj:p13631:r403716:t0:פיעל עבר|wikt:entry:p28003:r519433:o0:t0|wikt:entry:p28003:r519433:o1978:t0|wikt:entry:p57883:r510269:o0:t0	0.96	SILVER	
RT-5d699231fa	"{{שרש3|כ|ו|ס}}, [[נספח:גזרת נע""ו/י|גזרת נע""ו/י]]"	כוס	כ	ו	ס			3	AYIN_WAW_YOD	"גזרת נע""ו/י"	False	False	False	False	False	True	False	False	False	False	False	False	False	False	False	False	True	C.W.C	hollow_candidate	False	False	True	False	False	False	False	False	כוס	RG-5d699231fa	1	PAAL	hewiktionary	wikt:entry:p28036:r493374:o986:t0	0.8	SILVER	
RT-adef2ba7e8	{{שרש3|ז|ק|ר}}, שלמים	זקר	ז	ק	ר			3	SHLEMIM	שלמים	False	False	False	False	False	False	False	False	False	False	False	False	False	True	False	False	False	C.C.R	strong	True	False	False	False	False	False	False	False	זקר	RG-adef2ba7e8	3	HITPAEL|NIFAL|PAAL	hewiktionary	wikt:entry:p28448:r500811:o0:t0|wikt:entry:p28452:r494146:o0:t0|wikt:entry:p28453:r469038:o0:t0	0.8	SILVER	
RT-c41af91736	{{שרש3|כ|י|ר}}	כיר	כ	י	ר			3			False	False	False	False	True	False	False	False	False	False	False	False	False	True	False	False	True	C.Y.R	hollow_candidate	False	False	True	False	False	False	False	False	כיר	RG-c41af91736	1	PIEL	hewiktionary	wikt:entry:p28509:r416052:o22:t0	0.8	SILVER	TRADITIONAL_CLASS_NOT_STATED
RT-b25cde4289	{{שרש3|ב|ל|ח}}, שלמים	בלח	ב	ל	ח			3	SHLEMIM	שלמים	False	False	False	False	False	False	False	False	False	False	False	False	True	False	False	False	False	C.C.X	guttural_containing	False	False	False	False	False	False	True	False	בלח	RG-b25cde4289	1	HIFIL	hewiktionary	wikt:conj:p56145:r520830:t0:הפעיל עבר|wikt:entry:p28616:r498764:o0:t0	0.96	SILVER	
RT-8ec70abf9c	{{שרש4|צ'|ז|ב|ט}}, מרובעים	צזבט	צ	ז	ב	ט		4	QUADRILITERAL	מרובעים	False	False	False	False	False	False	False	False	False	False	False	False	False	False	False	False	False	C.C.C.C	quadriliteral	False	False	False	False	False	False	False	True	צזבט	RG-8ec70abf9c	1	PIEL	hewiktionary	wikt:entry:p28802:r391783:o0:t0	0.4	QUESTIONABLE	
RT-edcebc9e1c	"{{שרש3|צ|ו|ץ}}, [[נספח:גזרת נע""ו/י|גזרת נע""ו/י]]"	צוצ	צ	ו	צ			3	AYIN_WAW_YOD	"גזרת נע""ו/י"	False	False	False	False	False	True	False	False	False	False	False	False	False	False	False	False	True	C.W.C	hollow_candidate	False	False	True	False	False	False	False	False	צוצ	RG-edcebc9e1c	3	HIFIL|PAAL|PIEL	hewiktionary	wikt:conj:p30076:r441307:t0:הפעיל עבר|wikt:conj:p30076:r441307:t0:קל עבר|wikt:entry:p28884:r522734:o0:t0|wikt:entry:p33965:r520773:o2866:t0|wikt:entry:p33965:r520773:o4334:t0|wikt:entry:p60233:r522735:o0:t0	0.96	SILVER	
RT-26b0bcd1fd	{{שרש3|ס|ו|ף}}	סופ	ס	ו	פ			3			False	False	False	False	False	True	False	False	False	False	False	False	False	False	False	False	True	C.W.C	hollow_candidate	False	False	True	False	False	False	False	False	סופ	RG-26b0bcd1fd	1	PAAL	hewiktionary	wikt:entry:p29048:r519655:o2935:t0	0.8	SILVER	TRADITIONAL_CLASS_NOT_STATED
RT-6905481126	{{שרש3|צ|פ|ד}}	צפד	צ	פ	ד			3			False	False	False	False	False	False	False	False	False	False	False	False	False	False	False	False	False	C.C.C	strong	True	False	False	False	False	False	False	False	צפד	RG-6905481126	1	PAAL	hewiktionary	wikt:entry:p29065:r402097:o0:t0	0.8	SILVER	TRADITIONAL_CLASS_NOT_STATED
RT-1b34b6a487	{{שרש4|נ|ד|נ|ד}}	נדנד	נ	ד	נ	ד		4			True	False	False	False	False	False	False	False	False	False	False	False	False	False	False	True	True	N.C.N.C	quadriliteral	False	False	False	True	False	False	False	True	נדנד	RG-1b34b6a487	2	HITPAEL|PIEL	hewiktionary	wikt:entry:p29375:r438264:o0:t0|wikt:entry:p57792:r402086:o0:t0	0.8	SILVER	TRADITIONAL_CLASS_NOT_STATED
RT-cc4718d25b	{{שרש3|ת|שׁ|שׁ}}	תשׁשׁ	ת	ש	ש			3			False	False	False	False	False	False	False	False	False	False	False	False	False	False	True	False	True	C.C.C+GEM	geminate	False	False	False	False	False	True	False	False	תשש	RG-727cbd9b6a	1	PAAL	hewiktionary	wikt:entry:p29395:r494299:o9:t0	0.8	SILVER	TRADITIONAL_CLASS_NOT_STATED
RT-5e495a483b	{{שרש3|א|ת|ר}}	אתר	א	ת	ר			3			False	False	False	True	False	False	False	False	False	False	True	False	False	True	False	False	True	A.C.R	initial_alef	False	False	False	False	False	False	True	False	אתר	RG-5e495a483b	1	PIEL	hewiktionary	wikt:entry:p29441:r516131:o3508:t0	0.8	SILVER	TRADITIONAL_CLASS_NOT_STATED
RT-f93bcbe19f	"{{שרש3|כ|ל|א}}, [[גזרת נל""א]]"	כלא	כ	ל	א			3	LAMED_ALEF	"גזרת נל""א"	False	False	False	False	False	False	False	False	True	False	False	False	True	False	False	False	True	C.C.A	final_alef	False	False	False	False	False	False	True	False	כלא	RG-f93bcbe19f	1	PAAL	hewiktionary	wikt:conj:p56333:r381127:t0:קל עבר|wikt:entry:p29497:r419759:o0:t0	0.96	SILVER	
RT-65af7e7dfc	{{שרש3|נ|ש|ף}}	נשׁפ	נ	ש	פ			3			True	False	False	False	False	False	False	False	False	False	False	False	False	False	False	False	True	N.C.C	initial_nun	False	False	False	True	False	False	False	False	נשפ	RG-2c58c2e96b	1	PAAL	hewiktionary	wikt:entry:p29575:r513127:o0:t0	0.8	SILVER	SHIN_SIN_FROM_FORM|TRADITIONAL_CLASS_NOT_STATED
RT-6e45b7771f	{{שרש4|פ|ע|נ|ח}}, [[גזרת המרובעים]]	פענח	פ	ע	נ	ח		4	QUADRILITERAL	גזרת המרובעים	False	False	False	False	False	False	False	False	False	False	False	True	False	False	False	False	False	C.E.N.X	quadriliteral	False	False	False	False	False	False	True	True	פענח	RG-6e45b7771f	1	PIEL	hewiktionary	wikt:entry:p29628:r508030:o0:t0	0.8	SILVER	
RT-670ef69d13	{{שרש3|ד|י|ק}}, [[גזרת השלמים]]	דיק	ד	י	ק			3	SHLEMIM	גזרת השלמים	False	False	False	False	True	False	False	False	False	False	False	False	False	False	False	False	True	C.Y.C	hollow_candidate	False	False	True	False	False	False	False	False	דיק	RG-670ef69d13	1	PIEL	hewiktionary	wikt:entry:p29694:r453852:o0:t0	0.8	SILVER	
RT-ef7a2252be	{{שרש3|ע|ו|ב}}	עוב	ע	ו	ב			3			False	False	False	False	False	True	False	False	False	False	True	False	False	False	False	False	True	E.W.C	hollow_candidate	False	False	True	False	False	False	True	False	עוב	RG-ef7a2252be	1	HIFIL	hewiktionary	wikt:entry:p29798:r441052:o22:t0	0.8	SILVER	TRADITIONAL_CLASS_NOT_STATED
RT-88b3a1483c	{{שרש4|ג|ר|ב|ץ}}, [[גזרת המרובעים]]	גרבצ	ג	ר	ב	צ		4	QUADRILITERAL	גזרת המרובעים	False	False	False	False	False	False	False	False	False	False	False	False	False	True	False	False	False	C.R.C.C	quadriliteral	False	False	False	False	False	False	False	True	גרבצ	RG-88b3a1483c	1	PIEL	hewiktionary	wikt:entry:p29812:r500958:o0:t0	0.8	SILVER	
RT-7ec4378da8	"{{שרש3|ד|א|ב}},[[גזרת השלמים]],[[ע""ג]]"	דאב	ד	א	ב			3	SHLEMIM	גזרת השלמים	False	False	False	False	False	False	False	False	False	False	False	True	False	False	False	False	False	C.A.C	guttural_containing	False	False	False	False	False	False	True	False	דאב	RG-7ec4378da8	2	HIFIL|PAAL	hewiktionary	wikt:entry:p30289:r377807:o0:t0|wikt:entry:p54451:r517256:o0:t0	0.8	SILVER	
RT-5661c8ca3a	{{שרש3|י|ג|ר}}	יגר	י	ג	ר			3			False	True	False	False	False	False	False	False	False	False	False	False	False	True	False	False	True	Y.C.R	initial_yod_waw	False	False	False	False	True	False	False	False	יגר	RG-5661c8ca3a	1	PAAL	hewiktionary	wikt:conj:p31611:r358358:t0:קל עבר|wikt:entry:p30290:r519349:o0:t0	0.96	SILVER	TRADITIONAL_CLASS_NOT_STATED
RT-4ef4fce432	"{{שרש3|ס|מ|א}}, [[גזרת נל""א]]"	סמא	ס	מ	א			3	LAMED_ALEF	"גזרת נל""א"	False	False	False	False	False	False	False	False	True	False	False	False	True	False	False	False	True	C.C.A	final_alef	False	False	False	False	False	False	True	False	סמא	RG-4ef4fce432	2	HITPAEL|PIEL	hewiktionary	wikt:conj:p30392:r321126:t0:התפעל עבר|wikt:conj:p30392:r321126:t0:פיעל עבר|wikt:entry:p30377:r321129:o0:t0|wikt:entry:p30421:r508029:o0:t0	0.96	SILVER	
RT-9940e1c7c1	"ק-י-ן, [[נספח:גזרת נע""ו/י|גזרת נע""ו/י]]"	קינ	ק	י	נ			3	AYIN_WAW_YOD	"ק-י-ן, גזרת נע""ו/י"	False	False	False	False	True	False	False	False	False	False	False	False	False	False	False	False	True	C.Y.N	hollow_candidate	False	False	True	False	False	False	False	False	קינ	RG-9940e1c7c1	1	PIEL	hewiktionary	wikt:conj:p30823:r162077:t0:פיעל עבר|wikt:entry:p30427:r398371:o0:t0	0.96	SILVER	
RT-80eab0a28b	"{{שרש3|ס|ל|א}}, [[גזרת נל""א]]"	סלא	ס	ל	א			3	LAMED_ALEF	"גזרת נל""א"	False	False	False	False	False	False	False	False	True	False	False	False	True	False	False	False	True	C.C.A	final_alef	False	False	False	False	False	False	True	False	סלא	RG-80eab0a28b	1	PAAL	hewiktionary	wikt:conj:p31300:r152831:t0:פועל עבר|wikt:entry:p30447:r519853:o0:t0	0.96	QUESTIONABLE	
RT-d0c6246036	"{{שרש3|ק|שׁ|שׁ}}, [[גזרת הכפולים|גזרת ע""ע]]"	קשׁשׁ	ק	ש	ש			3	AYIN_AYIN	גזרת הכפולים	False	False	False	False	False	False	False	False	False	False	False	False	False	False	True	False	True	C.C.C+GEM	geminate	False	False	False	False	False	True	False	False	קשש	RG-3de4c933c1	1	PIEL	hewiktionary	wikt:entry:p30453:r313473:o0:t0	0.8	SILVER	
RT-110cf33127	{{שרש3|ט|מ|ר}}, [[גזרת השלמים]]	טמר	ט	מ	ר			3	SHLEMIM	גזרת השלמים	False	False	False	False	False	False	False	False	False	False	False	False	False	True	False	False	False	C.C.R	strong	True	False	False	False	False	False	False	False	טמר	RG-110cf33127	1	NIFAL	hewiktionary	wikt:entry:p30458:r255016:o0:t0	0.8	SILVER	
RT-a1ccbd56a0	[[סרהב (שורש)|ס־ר־ה־ב]],\n[[גזרת המרובעים]]	סרהב	ס	ר	ה	ב		4	QUADRILITERAL	גזרת המרובעים	False	False	False	False	False	False	True	False	False	False	False	False	True	True	False	False	True	C.R.H.C	quadriliteral	False	False	False	False	False	False	True	True	סרהב	RG-a1ccbd56a0	1	PIEL	hewiktionary	wikt:conj:p32392:r266361:t0:פיעל עבר|wikt:entry:p30493:r364605:o0:t0	0.96	SILVER	
RT-4b5d263017	{{שרש3|ר|ג|ם}}, [[גזרת השלמים]]	רגמ	ר	ג	מ			3	SHLEMIM	גזרת השלמים	False	False	False	False	False	False	False	False	False	False	False	False	False	True	False	False	False	R.C.C	strong	True	False	False	False	False	False	False	False	רגמ	RG-4b5d263017	1	PAAL	hewiktionary	wikt:entry:p30500:r503647:o35:t0	0.8	SILVER	
RT-27211ba032	{{שרש3|א|ה|הּ|א}}, [[גזרת השלמים]]	אהה	א	ה	ה			3	SHLEMIM	גזרת השלמים	False	False	False	True	False	False	True	False	False	True	True	True	True	False	True	False	True	A.H.H+GEM	geminate	False	True	False	False	False	True	True	False	אהה	RG-27211ba032	1	PAAL	hewiktionary	wikt:entry:p30504:r511152:o0:t0|wikt:entry:p30504:r511152:o956:t0	0.96	SILVER	
RT-37d3caad4a	{{שרש4|ק|ר|ק|ר|א}}, [[גזרת המרובעים]]	קרקר	ק	ר	ק	ר		4	QUADRILITERAL	גזרת המרובעים	False	False	False	False	False	False	False	False	False	False	False	False	False	True	False	True	False	C.R.C.R	quadriliteral	False	False	False	False	False	False	False	True	קרקר	RG-37d3caad4a	1	PIEL	hewiktionary	wikt:entry:p30542:r501489:o2040:t0|wikt:entry:p30542:r501489:o22:t0	0.96	SILVER	
RT-22bfe0bdde	"{{שרש3|ח|נ|ב}}, [[גזרת השלמים]], [[פ""ג]]"	חנב	ח	נ	ב			3	SHLEMIM	גזרת השלמים	False	False	False	False	False	False	False	False	False	False	True	False	False	False	False	False	False	X.N.C	guttural_containing	False	False	False	False	False	False	True	False	חנב	RG-22bfe0bdde	1	PAAL	hewiktionary	wikt:entry:p30558:r518865:o0:t0	0.8	SILVER	
RT-af3e2cb082	{{שרש4|ל|ה|ל|הּ}}, [[גזרת המרובעים]]	להלה	ל	ה	ל	ה		4	QUADRILITERAL	גזרת המרובעים	False	False	False	False	False	False	False	False	False	True	False	True	False	False	False	True	False	C.H.C.H	quadriliteral	False	False	False	False	False	False	True	True	להלה	RG-af3e2cb082	1	HITPAEL	hewiktionary	wikt:conj:p30883:r266321:t0:התפעל עבר|wikt:entry:p30563:r511176:o0:t0	0.96	SILVER	
RT-fd990930e6	{{שרש3|ר|ז|ח}}, [[גזרת השלמים]]	רזח	ר	ז	ח			3	SHLEMIM	גזרת השלמים	False	False	False	False	False	False	False	False	False	False	False	False	True	True	False	False	False	R.C.X	guttural_containing	False	False	False	False	False	False	True	False	רזח	RG-fd990930e6	1	PAAL	hewiktionary	wikt:entry:p30589:r444059:o0:t0	0.8	SILVER	
RT-f599ce2422	{{שרש3|ק|ר|ש}}	קרשׁ	ק	ר	ש			3			False	False	False	False	False	False	False	False	False	False	False	False	False	True	False	False	False	C.R.C	strong	True	False	False	False	False	False	False	False	קרש	RG-d6e057ab5d	1	PAAL	hewiktionary	wikt:entry:p30592:r517944:o2553:t0	0.8	SILVER	SHIN_SIN_FROM_FORM|TRADITIONAL_CLASS_NOT_STATED
RT-a9939306ec	"{{שרש3|צ|ע|ה}}, [[גזרת נל""י/ה]]"	צעה	צ	ע	ה			3	LAMED_YOD_HE	"גזרת נל""י/ה"	False	False	False	False	False	False	True	False	False	True	False	True	True	False	False	False	True	C.E.H	final_he	False	True	False	False	False	False	True	False	צעה	RG-a9939306ec	1	PAAL	hewiktionary	wikt:conj:p32041:r155690:t0:קל עבר|wikt:entry:p30601:r490973:o0:t0	0.96	SILVER	
RT-7e5091b237	{{שרש3|שׁ|ל|ו}}	שׁלו	ש	ל	ו			3			False	False	False	False	False	False	False	False	False	False	False	False	False	False	False	False	False	C.C.W	strong	True	False	False	False	False	False	False	False	שלו	RG-cd37c02ade	1	PAAL	hewiktionary	wikt:entry:p30655:r522267:o3791:t0	0.8	SILVER	TRADITIONAL_CLASS_NOT_STATED
RT-11bd342fae	"נ־ו־ף, [[נספח:גזרת נע""ו/י|גזרת נע""ו/י]]"	נופ	נ	ו	פ			3	AYIN_WAW_YOD	"גזרת נע""ו/י ; נ־ו־ף, גזרת נע""ו/י"	True	False	False	False	False	True	False	False	False	False	False	False	False	False	False	False	True	N.W.C	hollow_candidate	False	False	True	True	False	False	False	False	נופ	RG-11bd342fae	3	HIFIL|HUFAL|PIEL	hewiktionary	wikt:conj:p30830:r150262:t0:הפעיל עבר|wikt:conj:p30830:r150262:t0:פיעל עבר|wikt:conj:p30832:r162117:t0:הופעל עבר|wikt:conj:p30832:r162117:t0:הפעיל עבר|wikt:conj:p30832:r162117:t0:פיעל עבר|wikt:entry:p30827:r341397:o0:t0|wikt:entry:p46622:r263945:o0:t0|wikt:entry:p53449:r516073:o3961:t0|wikt:entry:p53449:r516073:o70:t0	0.9984	SILVER	
RT-40a4a79f06	{{שרש3|ז|ב|ן}}	זבנ	ז	ב	נ			3			False	False	False	False	False	False	False	False	False	False	False	False	False	False	False	False	False	C.C.N	strong	True	False	False	False	False	False	False	False	זבנ	RG-40a4a79f06	1	PAAL	hewiktionary	wikt:entry:p31081:r519588:o1198:t0	0.8	SILVER	TRADITIONAL_CLASS_NOT_STATED
RT-ad6eeacc57	{{שרש|נצץ ב|נ־צ־ץ <small>ב</small>}}, [[גזרת הכפולים]]	נצצ	נ	צ	צ			3	AYIN_AYIN	גזרת הכפולים	True	False	False	False	False	False	False	False	False	False	False	False	False	False	True	False	True	N.C.C+GEM	geminate	False	False	False	True	False	True	False	False	נצצ	RG-ad6eeacc57	2	HIFIL|PAAL	hewiktionary	wikt:conj:p23934:r266313:t0:הפעיל עבר|wikt:conj:p23934:r266313:t0:קל עבר|wikt:entry:p31141:r518202:o0:t0|wikt:entry:p52711:r378203:o0:t0	0.96	SILVER	
RT-637247a81e	{{שרש4|ס|נ|ו|ר}}, [[גזרת המרובעים]]	סנור	ס	נ	ו	ר		4	QUADRILITERAL	גזרת המרובעים	False	False	False	False	False	False	False	False	False	False	False	False	False	True	False	False	False	C.N.W.R	quadriliteral	False	False	False	False	False	False	False	True	סנור	RG-637247a81e	1	PIEL	hewiktionary	wikt:entry:p31193:r434745:o47:t0	0.8	SILVER	
RT-74f06d188a	"{{שרש3|פ|ע|ה}}, [[גזרת נל""י/ה]]"	פעה	פ	ע	ה			3	LAMED_YOD_HE	"גזרת נל""י/ה"	False	False	False	False	False	False	True	False	False	True	False	True	True	False	False	False	True	C.E.H	final_he	False	True	False	False	False	False	True	False	פעה	RG-74f06d188a	1	PAAL	hewiktionary	wikt:conj:p31209:r266325:t0:קל עבר|wikt:entry:p31207:r440579:o0:t0	0.96	SILVER	
RT-f789f9199d	{{שרש3|מ|ס|ק}}, [[גזרת השלמים]]	מסק	מ	ס	ק			3	SHLEMIM	גזרת השלמים	False	False	False	False	False	False	False	False	False	False	False	False	False	False	False	False	False	C.C.C	strong	True	False	False	False	False	False	False	False	מסק	RG-f789f9199d	1	PAAL	hewiktionary	wikt:conj:p31211:r152452:t0:קל עבר|wikt:entry:p31210:r439806:o0:t0	0.96	SILVER	
RT-7b55c7d49a	"{{שרש3|ב|ע|ת}}, [[גזרת השלמים]], [[ע""ג]]"	בעת	ב	ע	ת			3	SHLEMIM	גזרת השלמים	False	False	False	False	False	False	False	False	False	False	False	True	False	False	False	False	False	C.E.C	guttural_containing	False	False	False	False	False	False	True	False	בעת	RG-7b55c7d49a	3	HIFIL|NIFAL|PIEL	hewiktionary	wikt:conj:p60211:r441227:t0:הפעיל עבר|wikt:conj:p60211:r441227:t0:נפעל עבר|wikt:conj:p60211:r441227:t0:פיעל עבר|wikt:entry:p31213:r511361:o23:t0|wikt:entry:p37240:r510125:o21:t0|wikt:entry:p53571:r510197:o0:t0	0.96	SILVER	
RT-4a0e22b0d5	"{{שרש3|ע|ר|ג}}, [[גזרת השלמים]], [[פ""ג]]"	ערג	ע	ר	ג			3	SHLEMIM	גזרת השלמים	False	False	False	False	False	False	False	False	False	False	True	False	False	True	False	False	False	E.R.C	guttural_containing	False	False	False	False	False	False	True	False	ערג	RG-4a0e22b0d5	1	PAAL	hewiktionary	wikt:conj:p31975:r155375:t0:קל עבר|wikt:entry:p31217:r511363:o0:t0	0.96	SILVER	
RT-66c83bee0a	{{שרש3|ק|פ|ץ|א}}, [[גזרת השלמים]]	קפצ	ק	פ	צ			3	SHLEMIM	גזרת השלמים	False	False	False	False	False	False	False	False	False	False	False	False	False	False	False	False	False	C.C.C	strong	True	False	False	False	False	False	False	False	קפצ	RG-66c83bee0a	3	HIFIL|PAAL|PIEL	hewiktionary	wikt:conj:p31270:r285290:t0:הפעיל עבר|wikt:conj:p31270:r285290:t0:פיעל עבר|wikt:conj:p31270:r285290:t0:קל עבר|wikt:conj:p31272:r152660:t0:קל עבר|wikt:entry:p31269:r522951:o0:t0|wikt:entry:p31269:r522951:o2168:t0|wikt:entry:p31269:r522951:o2913:t0|wikt:entry:p31269:r522951:o3398:t0|wikt:entry:p46606:r514835:o9:t0	0.9997	SILVER	
RT-fd6b95cbd7	{{שרש3|מ|ק|ק}}, [[גזרת הכפולים]]	מקק	מ	ק	ק			3	AYIN_AYIN	גזרת הכפולים	False	False	False	False	False	False	False	False	False	False	False	False	False	False	True	False	True	C.C.C+GEM	geminate	False	False	False	False	False	True	False	False	מקק	RG-fd6b95cbd7	1	NIFAL	hewiktionary	wikt:conj:p31285:r270413:t0:נפעל עבר|wikt:entry:p31286:r516553:o0:t0	0.96	SILVER	
RT-9e484847e9	{{שרש3|נ|מ|ק ב}}	נמק	נ	מ	ק			3			True	False	False	False	False	False	False	False	False	False	False	False	False	False	False	False	True	N.C.C	initial_nun	False	False	False	True	False	False	False	False	נמק	RG-9e484847e9	1	PIEL	hewiktionary	wikt:conj:p31372:r153132:t0:פיעל עבר|wikt:entry:p31286:r516553:o2347:t0	0.96	SILVER	TRADITIONAL_CLASS_NOT_STATED
RT-ab6ec92061	{{שרש3|ג|ו|ע}}, [[גזרת השלמים]]	גוע	ג	ו	ע			3	SHLEMIM	גזרת השלמים	False	False	False	False	False	True	False	False	False	False	False	False	True	False	False	False	True	C.W.E	hollow_candidate	False	False	True	False	False	False	True	False	גוע	RG-ab6ec92061	1	PAAL	hewiktionary	wikt:conj:p31381:r275130:t0:קל עבר|wikt:entry:p31378:r520329:o0:t0	0.96	SILVER	
RT-ab66ac8ff3	"{{שרש3|י|ג|ה|גזרה=נפ""יו}}, [[גזרת נל""י/ה]]"	יגה	י	ג	ה			3	LAMED_YOD_HE	"גזרת נל""י/ה"	False	True	False	False	False	False	True	False	False	True	False	False	True	False	False	False	True	Y.C.H	final_he	False	True	False	False	True	False	True	False	יגה	RG-ab66ac8ff3	1	HIFIL	hewiktionary	wikt:conj:p31608:r392379:t0:הפעיל עבר|wikt:entry:p31441:r306303:o0:t0	0.96	SILVER	
RT-893521be98	{{שרש3|ג|ב|ס}}	גבס	ג	ב	ס			3			False	False	False	False	False	False	False	False	False	False	False	False	False	False	False	False	False	C.C.C	strong	True	False	False	False	False	False	False	False	גבס	RG-893521be98	1	PIEL	hewiktionary	wikt:entry:p31549:r488781:o1846:t0	0.8	SILVER	TRADITIONAL_CLASS_NOT_STATED
RT-f44ece77f0	{{שרש3|שׁ|ע|ל ב}}, [[גזרת השלמים]]	שׁעל	ש	ע	ל			3	SHLEMIM	גזרת השלמים	False	False	False	False	False	False	False	False	False	False	False	True	False	False	False	False	False	C.E.C	guttural_containing	False	False	False	False	False	False	True	False	שעל	RG-247965e36d	1	HITPAEL	hewiktionary	wikt:entry:p31588:r459720:o0:t0	0.8	SILVER	
RT-e2c4c7402f	"{{שרש3|ע|ו|ק}}, [[נספח:גזרת נע""ו/י|גזרת נע""ו/י]]"	עוק	ע	ו	ק			3	AYIN_WAW_YOD	"גזרת נע""ו/י"	False	False	False	False	False	True	False	False	False	False	True	False	False	False	False	False	True	E.W.C	hollow_candidate	False	False	True	False	False	False	True	False	עוק	RG-e2c4c7402f	1	HIFIL	hewiktionary	wikt:entry:p31607:r446496:o0:t0	0.8	SILVER	
RT-9cbb158a79	{{שרש3|ח|ל|ש}}	חלשׁ	ח	ל	ש			3			False	False	False	False	False	False	False	False	False	False	True	False	False	False	False	False	False	X.C.C	guttural_containing	False	False	False	False	False	False	True	False	חלש	RG-df0df09144	1	PAAL	hewiktionary	wikt:entry:p31670:r487613:o1350:t0|wikt:entry:p31670:r487613:o640:t0	0.96	SILVER	SHIN_SIN_FROM_FORM|TRADITIONAL_CLASS_NOT_STATED
RT-3aea75daa6	{{שרש4|ד|ר|ב|ן}}, [[גזרת המרובעים]]	דרבנ	ד	ר	ב	נ		4	QUADRILITERAL	גזרת המרובעים	False	False	False	False	False	False	False	False	False	False	False	False	False	True	False	False	False	C.R.C.N	quadriliteral	False	False	False	False	False	False	False	True	דרבנ	RG-3aea75daa6	1	PIEL	hewiktionary	wikt:conj:p31399:r323935:t0:פיעל עבר|wikt:entry:p31864:r488745:o4425:t0	0.96	SILVER	
RT-86b0b55374	"{{שרש3|נ|ק|ם}}, [[גזרת חפ""נ]]"	נקמ	נ	ק	מ			3	PE_NUN	"גזרת חפ""נ"	True	False	False	False	False	False	False	False	False	False	False	False	False	False	False	False	True	N.C.C	initial_nun	False	False	False	True	False	False	False	False	נקמ	RG-86b0b55374	2	NIFAL|PAAL	hewiktionary	wikt:conj:p31967:r155353:t0:נפעל עבר|wikt:conj:p31967:r155353:t0:קל עבר|wikt:entry:p31969:r498161:o0:t0|wikt:entry:p31969:r498161:o1337:t0	0.96	SILVER	
RT-82a6287ce3	{{שרש4|ג|ל|ו|ן}}, [[גזרת המרובעים]]	גלונ	ג	ל	ו	נ		4	QUADRILITERAL	גזרת המרובעים	False	False	False	False	False	False	False	False	False	False	False	False	False	False	False	False	False	C.C.W.N	quadriliteral	False	False	False	False	False	False	False	True	גלונ	RG-82a6287ce3	1	PIEL	hewiktionary	wikt:entry:p31970:r475933:o946:t0	0.8	SILVER	
RT-3734e2630d	{{שרש3|ח|ט|ב|א|גזרה=השלמים}}	חטב	ח	ט	ב			3			False	False	False	False	False	False	False	False	False	False	True	False	False	False	False	False	False	X.C.C	guttural_containing	False	False	False	False	False	False	True	False	חטב	RG-3734e2630d	1	PIEL	hewiktionary	wikt:conj:p32103:r413991:t0:פיעל עבר|wikt:entry:p32080:r488807:o0:t0	0.96	SILVER	TRADITIONAL_CLASS_NOT_STATED
RT-49d551477a	"{{שרש|רדה א|ר־ד־ה <small>א</small>}}, [[גזרת נל""י/ה]]"	רדה	ר	ד	ה			3	LAMED_YOD_HE	"גזרת נל""י/ה"	False	False	False	False	False	False	True	False	False	True	False	False	True	True	False	False	True	R.C.H	final_he	False	True	False	False	False	False	True	False	רדה	RG-49d551477a	2	PAAL|PIEL	hewiktionary	wikt:conj:p32123:r266341:t0:פיעל עבר|wikt:conj:p32123:r266341:t0:קל עבר|wikt:conj:p32124:r270672:t0:קל עבר|wikt:entry:p32120:r519753:o1716:t0|wikt:entry:p32120:r519753:o33:t0|wikt:entry:p32120:r519753:o3453:t0	0.9984	SILVER	
RT-fca1456632	{{שרש4|ד|ס|ק|ס|א}}, [[גזרת המרובעים]]	דסקס	ד	ס	ק	ס		4	QUADRILITERAL	גזרת המרובעים	False	False	False	False	False	False	False	False	False	False	False	False	False	False	False	False	False	C.C.C.C	quadriliteral	False	False	False	False	False	False	False	True	דסקס	RG-fca1456632	1	PIEL	hewiktionary	wikt:conj:p32397:r266945:t0:פיעל עבר|wikt:entry:p32395:r514808:o0:t0|wikt:entry:p32395:r514808:o497:t0	0.992	SILVER	
RT-17f5d740ad	{{שרש3|ה|מ|ה}}	המה	ה	מ	ה			3			False	False	False	False	False	False	True	False	False	True	True	False	True	False	False	False	True	H.C.H	final_he	False	True	False	False	False	False	True	False	המה	RG-17f5d740ad	1	PAAL	hewiktionary	wikt:entry:p32401:r520558:o0:t0	0.8	SILVER	TRADITIONAL_CLASS_NOT_STATED
RT-b6acab628f	{{שרש3|ב|ז|ז}}, [[גזרת הכפולים]]	בזז	ב	ז	ז			3	AYIN_AYIN	גזרת הכפולים	False	False	False	False	False	False	False	False	False	False	False	False	False	False	True	False	True	C.C.C+GEM	geminate	False	False	False	False	False	True	False	False	בזז	RG-b6acab628f	1	NIFAL	hewiktionary	wikt:conj:p32646:r266386:t0:נפעל עבר|wikt:entry:p32648:r511198:o0:t0	0.96	SILVER	
RT-f83fbd21b1	{{שרש3|ז|ב|ל|ב}}, [[גזרת השלמים]]	זבל	ז	ב	ל			3	SHLEMIM	גזרת השלמים	False	False	False	False	False	False	False	False	False	False	False	False	False	False	False	False	False	C.C.C	strong	True	False	False	False	False	False	False	False	זבל	RG-f83fbd21b1	2	PAAL|PIEL	hewiktionary	wikt:entry:p32650:r521656:o3133:t0|wikt:entry:p32650:r521656:o4000:t0	0.8	SILVER	
RT-6913c86988	{{שרש3|ז|ר|ם}}	זרמ	ז	ר	מ			3			False	False	False	False	False	False	False	False	False	False	False	False	False	True	False	False	False	C.R.C	strong	True	False	False	False	False	False	False	False	זרמ	RG-6913c86988	2	PAAL|PUAL	hewiktionary	wikt:entry:p33354:r476900:o28:t0|wikt:entry:p33354:r476900:o845:t0	0.8	SILVER	TRADITIONAL_CLASS_NOT_STATED
RT-1e0fbe626c	"{{שרש3|ח|ז|ה}}, [[נספח:גזרת נחי לי""ה|גזרת נל""י/ה]]"	חזה	ח	ז	ה			3	LAMED_YOD_HE	"גזרת נל""י/ה"	False	False	False	False	False	False	True	False	False	True	True	False	True	False	False	False	True	X.C.H	final_he	False	True	False	False	False	False	True	False	חזה	RG-1e0fbe626c	1	PAAL	hewiktionary	wikt:entry:p33398:r517422:o4188:t0|wikt:entry:p33398:r517422:o5980:t0	0.96	SILVER	
RT-9d3c0e4e61	{{שרש3|ק|ט|ע}}, [[נספח:גזרת השלמים|גזרת השלמים]]	קטע	ק	ט	ע			3	SHLEMIM	גזרת השלמים	False	False	False	False	False	False	False	False	False	False	False	False	True	False	False	False	False	C.C.E	guttural_containing	False	False	False	False	False	False	True	False	קטע	RG-9d3c0e4e61	1	PAAL	hewiktionary	wikt:entry:p33567:r517410:o47:t0	0.8	SILVER	
RT-07d8da616d	"{{שרש3|ת|ל|ל|א}}, [[נספח:גזרת הכפולים|גזרת ע""ע]]"	תלל	ת	ל	ל			3	AYIN_AYIN	"גזרת ע""ע"	False	False	False	False	False	False	False	False	False	False	False	False	False	False	True	False	True	C.C.C+GEM	geminate	False	False	False	False	False	True	False	False	תלל	RG-07d8da616d	1	HIFIL	hewiktionary	wikt:conj:p33610:r392609:t0:הפעיל עבר|wikt:entry:p33609:r473824:o0:t0	0.96	SILVER	
RT-ddbd5093da	{{שרש3|ה|ת|ל}}, [[נספח:גזרת השלמים|גזרת השלמים]]	התל	ה	ת	ל			3	SHLEMIM	גזרת השלמים	False	False	False	False	False	False	False	False	False	False	True	False	False	False	False	False	False	H.C.C	guttural_containing	False	False	False	False	False	False	True	False	התל	RG-ddbd5093da	1	PIEL	hewiktionary	wikt:entry:p33609:r473824:o1331:t0	0.8	SILVER	
RT-dfdab229f3	{{שרש3|ט|ר|ק}}, [[נספח:גזרת השלמים|גזרת השלמים]]	טרק	ט	ר	ק			3	SHLEMIM	גזרת השלמים	False	False	False	False	False	False	False	False	False	False	False	False	False	True	False	False	False	C.R.C	strong	True	False	False	False	False	False	False	False	טרק	RG-dfdab229f3	1	PAAL	hewiktionary	wikt:entry:p33616:r493573:o11:t0	0.8	SILVER	
RT-2f75cc3fb3	"{{שרש3|נ|ג|ס}}, [[גזרת חפ""נ]]"	נגס	נ	ג	ס			3	PE_NUN+SHLEMIM	"גזרת השלמים ; גזרת חפ""נ"	True	False	False	False	False	False	False	False	False	False	False	False	False	False	False	False	True	N.C.C	initial_nun	False	False	False	True	False	False	False	False	נגס	RG-2f75cc3fb3	2	PAAL|PIEL	hewiktionary	wikt:conj:p33785:r311521:t0:קל עבר|wikt:entry:p33708:r411420:o0:t0|wikt:entry:p45839:r490342:o23:t0	0.96	SILVER	TRADITIONAL_CLASS_VARIES_ACROSS_ENTRIES
RT-7779158116	{{שרש3|מ|ע|ן}}	מענ	מ	ע	נ			3			False	False	False	False	False	False	False	False	False	False	False	True	False	False	False	False	False	C.E.N	guttural_containing	False	False	False	False	False	False	True	False	מענ	RG-7779158116	2	PIEL|PUAL	hewiktionary	wikt:entry:p33743:r488838:o1087:t0|wikt:entry:p33743:r488838:o763:t0	0.8	SILVER	TRADITIONAL_CLASS_NOT_STATED
RT-4853510b1f	{{שרש3|שׁ|ס|ס}}, [[נספח:גזרת הכפולים|גזרת הכפולים]]	שׁסס	ש	ס	ס			3	AYIN_AYIN	גזרת הכפולים	False	False	False	False	False	False	False	False	False	False	False	False	False	False	True	False	True	C.C.C+GEM	geminate	False	False	False	False	False	True	False	False	שסס	RG-35acd32109	2	NIFAL|PAAL	hewiktionary	wikt:conj:p32036:r166760:t0:נפעל עבר|wikt:conj:p32036:r166760:t0:קל עבר|wikt:entry:p33749:r398933:o63:t0|wikt:entry:p34349:r342991:o0:t0	0.96	SILVER	
RT-a636f9e59e	{{שרש3|ת|מ|ם}}, [[נספח:גזרת הכפולים|גזרת הכפולים]]	תממ	ת	מ	מ			3	AYIN_AYIN	גזרת הכפולים	False	False	False	False	False	False	False	False	False	False	False	False	False	False	True	False	True	C.C.C+GEM	geminate	False	False	False	False	False	True	False	False	תממ	RG-a636f9e59e	2	HITPAEL|PAAL	hewiktionary	wikt:conj:p33810:r266425:t0:התפעל עבר|wikt:conj:p33810:r266425:t0:קל עבר|wikt:entry:p33807:r482010:o0:t0|wikt:entry:p54979:r352213:o0:t0	0.96	SILVER	
RT-697496dcd6	{{שרש3|ק|נ|ט|גזרה=השלמים}}	קנט	ק	נ	ט			3			False	False	False	False	False	False	False	False	False	False	False	False	False	False	False	False	False	C.N.C	strong	True	False	False	False	False	False	False	False	קנט	RG-697496dcd6	1	HIFIL	hewiktionary	wikt:conj:p32833:r266397:t0:הפעיל עבר|wikt:entry:p33913:r452079:o1:t0	0.96	SILVER	TRADITIONAL_CLASS_NOT_STATED
RT-2f220b6451	{{שרש3|פ|ת|ה}}	פתה	פ	ת	ה			3			False	False	False	False	False	False	True	False	False	True	False	False	True	False	False	False	True	C.C.H	final_he	False	True	False	False	False	False	True	False	פתה	RG-2f220b6451	4	NIFAL|PAAL|PIEL|PUAL	hewiktionary	wikt:entry:p33961:r521735:o1544:t0|wikt:entry:p33961:r521735:o2699:t0|wikt:entry:p33961:r521735:o3166:t0|wikt:entry:p54449:r510575:o0:t0	0.8	SILVER	TRADITIONAL_CLASS_NOT_STATED
RT-b5625e6c0b	"{{שרש3|ר|י|ד}}, [[נספח:גזרת נע""ו/י|גזרת נע""ו/י]]"	ריד	ר	י	ד			3	AYIN_WAW_YOD	"גזרת נע""ו/י"	False	False	False	False	True	False	False	False	False	False	False	False	False	True	False	False	True	R.Y.C	hollow_candidate	False	False	True	False	False	False	False	False	ריד	RG-b5625e6c0b	1	PAAL	hewiktionary	wikt:conj:p34092:r266432:t0:קל עבר|wikt:entry:p34090:r472786:o0:t0	0.96	SILVER	
RT-9d6d014955	י-ל-כ	ילכ	י	ל	כ			3			False	True	False	False	False	False	False	False	False	False	False	False	False	False	False	False	True	Y.C.C	initial_yod_waw	False	False	False	False	True	False	False	False	ילכ	RG-9d6d014955	1	HIFIL	hewiktionary	wikt:conj:p17672:r352781:t0:הפעיל עבר|wikt:entry:p34120:r402701:o0:t0	0.0	QUESTIONABLE	TRADITIONAL_CLASS_NOT_STATED
RT-ee1d49d260	{{שרש3|שׁ|מ|ם}}, [[נספח:גזרת הכפולים|גזרת הכפולים]]	שׁממ	ש	מ	מ			3	AYIN_AYIN	"גזרת הכפולים ; גזרת ע""ע"	False	False	False	False	False	False	False	False	False	False	False	False	False	False	True	False	True	C.C.C+GEM	geminate	False	False	False	False	False	True	False	False	שממ	RG-10cb036fff	3	HITPAEL|NIFAL|PAAL	hewiktionary	wikt:entry:p34162:r511388:o0:t0|wikt:entry:p46742:r517788:o1237:t0|wikt:entry:p47933:r511424:o0:t0	0.8	SILVER	
RT-a028bc4b64	"{{שרש3|ד|ו|ץ}}, [[נספח:גזרת נע""ו/י|גזרת נע""ו/י]]"	דוצ	ד	ו	צ			3	AYIN_WAW_YOD	"גזרת נע""ו/י"	False	False	False	False	False	True	False	False	False	False	False	False	False	False	False	False	True	C.W.C	hollow_candidate	False	False	True	False	False	False	False	False	דוצ	RG-a028bc4b64	1	PAAL	hewiktionary	wikt:conj:p34185:r266435:t0:קל עבר|wikt:entry:p34177:r520597:o0:t0|wikt:entry:p34177:r520597:o1199:t0	0.992	SILVER	
RT-5cf8967030	{{שרש3|מ|מ|שׁ}}	ממשׁ	מ	מ	ש			3			False	False	False	False	False	False	False	False	False	False	False	False	False	False	False	False	False	C.C.C	strong	True	False	False	False	False	False	False	False	ממש	RG-d7795688b4	1	PIEL	hewiktionary	wikt:entry:p34187:r516273:o2431:t0	0.8	SILVER	TRADITIONAL_CLASS_NOT_STATED
RT-d65e545188	"{{שרש3|נ|ט|ף}}, [[נספח:גזרת חפ""נ|גזרת חפ""נ]]"	נטפ	נ	ט	פ			3	PE_NUN	"גזרת חפ""נ"	True	False	False	False	False	False	False	False	False	False	False	False	False	False	False	False	True	N.C.C	initial_nun	False	False	False	True	False	False	False	False	נטפ	RG-d65e545188	2	HIFIL|PAAL	hewiktionary	wikt:conj:p34199:r345591:t0:הפעיל עבר|wikt:conj:p34199:r345591:t0:קל עבר|wikt:entry:p34195:r413545:o0:t0|wikt:entry:p56125:r495433:o0:t0|wikt:entry:p56125:r495433:o684:t0	0.992	SILVER	
RT-1e00cb4096	"{{שרש3|י|ח|ל}}, [[נספח:גזרת נחי פי""ו|גזרת נפ""יו]]"	יחל	י	ח	ל			3	PE_YOD_WAW	"גזרת נפ""יו"	False	True	False	False	False	False	False	False	False	False	False	True	False	False	False	False	True	Y.X.C	initial_yod_waw	False	False	False	False	True	False	True	False	יחל	RG-1e00cb4096	2	HIFIL|PIEL	hewiktionary	wikt:conj:p34318:r270522:t0:הפעיל עבר|wikt:conj:p34318:r270522:t0:פיעל עבר|wikt:entry:p34317:r431104:o0:t0|wikt:entry:p47849:r431119:o0:t0	0.96	SILVER	
RT-45b644fe96	"{{שרש3|ק|ד|ד|א}}, [[נספח:גזרת הכפולים|גזרת ע""ע]]"	קדד	ק	ד	ד			3	AYIN_AYIN	"גזרת ע""ע"	False	False	False	False	False	False	False	False	False	False	False	False	False	False	True	False	True	C.C.C+GEM	geminate	False	False	False	False	False	True	False	False	קדד	RG-45b644fe96	1	PAAL	hewiktionary	wikt:conj:p33799:r266424:t0:קל עבר|wikt:entry:p34339:r448146:o0:t0	0.96	SILVER	
RT-eea5850ac4	"{{שרש3|ת|ז|ז}}, [[נספח:גזרת הכפולים|גזרת ע""ע]]"	תזז	ת	ז	ז			3	AYIN_AYIN	"גזרת ע""ע"	False	False	False	False	False	False	False	False	False	False	False	False	False	False	True	False	True	C.C.C+GEM	geminate	False	False	False	False	False	True	False	False	תזז	RG-eea5850ac4	1	HIFIL	hewiktionary	wikt:conj:p34344:r266443:t0:הפעיל עבר|wikt:entry:p34342:r335403:o15:t0	0.96	SILVER	
RT-bd7e5c5249	{{שרש3|ל|א|ט}}, [[גזרת השלמים]]	לאט	ל	א	ט			3	SHLEMIM	גזרת השלמים	False	False	False	False	False	False	False	False	False	False	False	True	False	False	False	False	False	C.A.C	guttural_containing	False	False	False	False	False	False	True	False	לאט	RG-bd7e5c5249	1	PAAL	hewiktionary	wikt:entry:p34350:r509824:o841:t0	0.8	SILVER	
RT-4e47114f7d	{{שרש4|כ|ר|כ|ם}}, [[נספח:גזרת המרובעים|גזרת המרובעים]]	כרכמ	כ	ר	כ	מ		4	QUADRILITERAL	גזרת המרובעים	False	False	False	False	False	False	False	False	False	False	False	False	False	True	False	False	False	C.R.C.C	quadriliteral	False	False	False	False	False	False	False	True	כרכמ	RG-4e47114f7d	1	HITPAEL	hewiktionary	wikt:conj:p34355:r266445:t0:התפעל עבר|wikt:entry:p34354:r456895:o0:t0	0.96	SILVER	
RT-2df691dbd8	{{שרש3|נ|ד|ה}}	נדה	נ	ד	ה			3			True	False	False	False	False	False	True	False	False	True	False	False	True	False	False	False	True	N.C.H	final_he	False	True	False	True	False	False	True	False	נדה	RG-2df691dbd8	1	PIEL	hewiktionary	wikt:entry:p34385:r512905:o72:t0	0.8	SILVER	TRADITIONAL_CLASS_NOT_STATED
RT-e624ff57c1	{{שרש3|ע|ת|ד}}	עתד	ע	ת	ד			3			False	False	False	False	False	False	False	False	False	False	True	False	False	False	False	False	False	E.C.C	guttural_containing	False	False	False	False	False	False	True	False	עתד	RG-e624ff57c1	2	HITPAEL|PIEL	hewiktionary	wikt:entry:p34461:r392211:o0:t0|wikt:entry:p57223:r392266:o0:t0	0.8	SILVER	TRADITIONAL_CLASS_NOT_STATED
RT-8a9eec5980	{{שרש3|ס|ל|ל|א}}, [[נספח:גזרת הכפולים|גזרת הכפולים]]	סלל	ס	ל	ל			3	AYIN_AYIN	גזרת הכפולים	False	False	False	False	False	False	False	False	False	False	False	False	False	False	True	False	True	C.C.C+GEM	geminate	False	False	False	False	False	True	False	False	סלל	RG-8a9eec5980	1	PAAL	hewiktionary	wikt:entry:p34568:r519814:o0:t0	0.8	SILVER	
RT-e2d06fe889	{{שרש4|ב|ר|מ|ן}}	ברמנ	ב	ר	מ	נ		4			False	False	False	False	False	False	False	False	False	False	False	False	False	True	False	False	False	C.R.C.N	quadriliteral	False	False	False	False	False	False	False	True	ברמנ	RG-e2d06fe889	1	PIEL	hewiktionary	wikt:entry:p34622:r514779:o1813:t0	0.8	SILVER	TRADITIONAL_CLASS_NOT_STATED
RT-cc17269a8d	{{שרש3|נ|ק|ד}}	נקד	נ	ק	ד			3			True	False	False	False	False	False	False	False	False	False	False	False	False	False	False	False	True	N.C.C	initial_nun	False	False	False	True	False	False	False	False	נקד	RG-cc17269a8d	1	PIEL	hewiktionary	wikt:entry:p34732:r510577:o888:t0	0.8	SILVER	TRADITIONAL_CLASS_NOT_STATED
RT-e704b94e15	"{{שרש|ארר|א־ר־ר}}, [[גזרת ע""ע]]"	ארר	א	ר	ר			3	AYIN_AYIN	"גזרת הכפולים ; גזרת ע""ע"	False	False	False	True	False	False	False	False	False	False	True	False	False	True	True	False	True	A.R.R+GEM	geminate	False	False	False	False	False	True	True	False	ארר	RG-e704b94e15	2	NIFAL|PAAL	hewiktionary	wikt:conj:p48014:r297601:t0:נפעל עבר|wikt:entry:p34737:r512354:o14:t0|wikt:entry:p48016:r520480:o0:t0	0.96	SILVER	
RT-176f6f458c	"{{שרש3|י|ל|ל}}, [[נספח:גזרת נחי פי""ו|גזרת נפ""יו]]"	ילל	י	ל	ל			3	PE_YOD_WAW	"גזרת נפ""יו"	False	True	False	False	False	False	False	False	False	False	False	False	False	False	True	False	True	Y.C.C+GEM	geminate	False	False	False	False	True	True	False	False	ילל	RG-176f6f458c	1	HIFIL	hewiktionary	wikt:conj:p31943:r395857:t0:הפעיל עבר|wikt:entry:p34879:r388676:o0:t0	0.96	SILVER	
RT-1b5d0c3eb0	{{שרש4|ס|נ|ג'|ר}}	סנגר	ס	נ	ג	ר		4			False	False	False	False	False	False	False	False	False	False	False	False	False	True	False	False	False	C.N.C.R	quadriliteral	False	False	False	False	False	False	False	True	סנגר	RG-1b5d0c3eb0	2	PIEL	hewiktionary	wikt:conj:p20102:r403141:t0:פיעל עבר|wikt:entry:p35205:r522901:o311:t0|wikt:entry:p57848:r510610:o23:t0	0.96	QUESTIONABLE	TRADITIONAL_CLASS_NOT_STATED
RT-6e254d05fb	{{שרש3|כ|ר|ך}}	כרכ	כ	ר	כ			3			False	False	False	False	False	False	False	False	False	False	False	False	False	True	False	False	False	C.R.C	strong	True	False	False	False	False	False	False	False	כרכ	RG-6e254d05fb	1	PAAL	hewiktionary	wikt:entry:p35952:r491970:o2702:t0	0.8	SILVER	TRADITIONAL_CLASS_NOT_STATED
RT-ef3ba11470	"{{שרש3|נ|ת|ז}}, [[גזרת חפ""נ]]"	נתז	נ	ת	ז			3	PE_NUN	"גזרת חפ""נ"	True	False	False	False	False	False	False	False	False	False	False	False	False	False	False	False	True	N.C.C	initial_nun	False	False	False	True	False	False	False	False	נתז	RG-ef3ba11470	1	HIFIL	hewiktionary	wikt:conj:p36392:r266448:t0:הפעיל עבר|wikt:entry:p36391:r500346:o0:t0	0.96	SILVER	
RT-e7e8e203a9	{{שרש4|א|ל|מ|ן}}, [[גזרת המרובעים]]	אלמנ	א	ל	מ	נ		4	QUADRILITERAL	גזרת המרובעים	False	False	False	True	False	False	False	False	False	False	True	False	False	False	False	False	True	A.C.C.N	quadriliteral	False	False	False	False	False	False	True	True	אלמנ	RG-e7e8e203a9	2	HITPAEL|PIEL	hewiktionary	wikt:entry:p37136:r320069:o0:t0|wikt:entry:p46447:r520517:o1555:t0	0.8	SILVER	
RT-c2ed268989	{{שרש3|ח|ש|ק}}, [[גזרת השלמים]]	חשׁק	ח	ש	ק			3	SHLEMIM	גזרת השלמים	False	False	False	False	False	False	False	False	False	False	True	False	False	False	False	False	False	X.C.C	guttural_containing	False	False	False	False	False	False	True	False	חשק	RG-873641dd33	3	PAAL|PIEL|PUAL	hewiktionary	wikt:entry:p37148:r501497:o0:t0|wikt:entry:p37148:r501497:o1770:t0|wikt:entry:p37148:r501497:o2536:t0	0.8	SILVER	SHIN_SIN_FROM_FORM
RT-13387e913a	{{שרש3|ב|צ|ר}}	בצר	ב	צ	ר			3			False	False	False	False	False	False	False	False	False	False	False	False	False	True	False	False	False	C.C.R	strong	True	False	False	False	False	False	False	False	בצר	RG-13387e913a	3	NIFAL|PAAL|PIEL	hewiktionary	wikt:entry:p38258:r522463:o0:t0|wikt:entry:p38258:r522463:o1383:t0|wikt:entry:p38258:r522463:o875:t0|wikt:entry:p54603:r510535:o9:t0	0.96	SILVER	TRADITIONAL_CLASS_NOT_STATED
RT-0ac3341407	{{שרש3|ס|פ|ף}}, [[גזרת הכפולים]]	ספפ	ס	פ	פ			3	AYIN_AYIN	גזרת הכפולים	False	False	False	False	False	False	False	False	False	False	False	False	False	False	True	False	True	C.C.C+GEM	geminate	False	False	False	False	False	True	False	False	ספפ	RG-0ac3341407	1	HITPAEL	hewiktionary	wikt:conj:p32640:r274461:t0:התפעל עבר|wikt:entry:p38275:r493692:o0:t0	0.96	SILVER	
RT-34efc8a4db	{{שרש3|ג|ד|שׁ}}	גדשׁ	ג	ד	ש			3			False	False	False	False	False	False	False	False	False	False	False	False	False	False	False	False	False	C.C.C	strong	True	False	False	False	False	False	False	False	גדש	RG-7fbcb40be5	1	PAAL	hewiktionary	wikt:entry:p38581:r510138:o11:t0	0.8	SILVER	TRADITIONAL_CLASS_NOT_STATED
RT-4d8fe2f4ce	"{{שרש3|נ|ו|א}}, [[נספח:גזרת נע""ו/י|גזרת נע""ו/י]] ו[[גזרת נל""א]]"	נוא	נ	ו	א			3	LAMED_ALEF	"גזרת נל""א"	True	False	False	False	False	True	False	False	True	False	False	False	True	False	False	False	True	N.W.A	hollow_candidate	False	False	True	True	False	False	True	False	נוא	RG-4d8fe2f4ce	1	HIFIL	hewiktionary	wikt:entry:p39071:r465096:o0:t0	0.8	SILVER	
RT-323850812f	{{שרש3|ק|מ|ל}}	קמל	ק	מ	ל			3			False	False	False	False	False	False	False	False	False	False	False	False	False	False	False	False	False	C.C.C	strong	True	False	False	False	False	False	False	False	קמל	RG-323850812f	1	PAAL	hewiktionary	wikt:entry:p39080:r510767:o0:t0	0.8	SILVER	TRADITIONAL_CLASS_NOT_STATED
RT-e8737cfd18	"{{שרש3|י|נ|ה}}, [[גזרת נפ""יו]] ו[[גזרת נל""י/ה]]"	ינה	י	נ	ה			3	LAMED_YOD_HE+PE_YOD_WAW	"גזרת נפ""יו ; גזרת נל""י/ה"	False	True	False	False	False	False	True	False	False	True	False	False	True	False	False	False	True	Y.N.H	final_he	False	True	False	False	True	False	True	False	ינה	RG-e8737cfd18	1	HIFIL	hewiktionary	wikt:conj:p39145:r266454:t0:הפעיל עבר|wikt:entry:p39144:r502577:o0:t0	0.96	SILVER	
RT-cb73d247c2	"{{שרש3|נ|שׁ|ל}}, [[גזרת חפ""נ]]"	נשׁל	נ	ש	ל			3	PE_NUN	"גזרת חפ""נ"	True	False	False	False	False	False	False	False	False	False	False	False	False	False	False	False	True	N.C.C	initial_nun	False	False	False	True	False	False	False	False	נשל	RG-a7a8b62244	3	HIFIL|PAAL|PIEL	hewiktionary	wikt:entry:p39426:r520189:o0:t0|wikt:entry:p39426:r520189:o1592:t0|wikt:entry:p39427:r380139:o0:t0	0.8	SILVER	
RT-b34fcb021a	{{שרש3|פ|ז|ז|א}}, [[גזרת הכפולים]]	פזז	פ	ז	ז			3	AYIN_AYIN+SHLEMIM	גזרת הכפולים ; גזרת השלמים	False	False	False	False	False	False	False	False	False	False	False	False	False	False	True	False	True	C.C.C+GEM	geminate	False	False	False	False	False	True	False	False	פזז	RG-b34fcb021a	2	PAAL|PIEL	hewiktionary	wikt:conj:p39644:r266456:t0:קל עבר|wikt:entry:p39643:r453332:o0:t0|wikt:entry:p39643:r453332:o1018:t0|wikt:entry:p39643:r453332:o2694:t0	0.992	SILVER	TRADITIONAL_CLASS_VARIES_ACROSS_ENTRIES
RT-93ab7509aa	"{{שרש3|ב|ר|ה}}, [[גזרת נל""י/ה]]"	ברה	ב	ר	ה			3	LAMED_YOD_HE	"גזרת נל""י/ה"	False	False	False	False	False	False	True	False	False	True	False	False	True	True	False	False	True	C.R.H	final_he	False	True	False	False	False	False	True	False	ברה	RG-93ab7509aa	2	HIFIL|PAAL	hewiktionary	wikt:conj:p46467:r317388:t0:קל עבר|wikt:entry:p40068:r512593:o0:t0|wikt:entry:p53025:r518339:o2772:t0	0.96	SILVER	
RT-865b45d6e4	{{שרש3|ג|ב|ח}}, [[גזרת השלמים]]	גבח	ג	ב	ח			3	SHLEMIM	גזרת השלמים	False	False	False	False	False	False	False	False	False	False	False	False	True	False	False	False	False	C.C.X	guttural_containing	False	False	False	False	False	False	True	False	גבח	RG-865b45d6e4	1	PIEL	hewiktionary	wikt:conj:p40083:r266457:t0:פיעל עבר|wikt:entry:p40082:r489089:o718:t0	0.96	SILVER	
RT-3733fda5f8	{{שרש3|ז|ל|ח}}, [[גזרת השלמים]]	זלח	ז	ל	ח			3	SHLEMIM	גזרת השלמים	False	False	False	False	False	False	False	False	False	False	False	False	True	False	False	False	False	C.C.X	guttural_containing	False	False	False	False	False	False	True	False	זלח	RG-3733fda5f8	2	PAAL|PIEL	hewiktionary	wikt:conj:p40156:r266458:t0:פיעל עבר|wikt:conj:p40156:r266458:t0:קל עבר|wikt:entry:p40155:r393053:o0:t0|wikt:entry:p40155:r393053:o1085:t0	0.96	SILVER	
RT-180b0229ff	{{שרש4|שׁ|ע|שׁ|ע}}, [[גזרת המרובעים]]	שׁעשׁע	ש	ע	ש	ע		4	QUADRILITERAL	גזרת המרובעים	False	False	False	False	False	False	False	False	False	False	False	True	False	False	False	True	False	C.E.C.E	quadriliteral	False	False	False	False	False	False	True	True	שעשע	RG-2454e873b8	2	PIEL|PUAL	hewiktionary	wikt:entry:p40203:r483534:o0:t0|wikt:entry:p40203:r483534:o1070:t0	0.8	SILVER	
RT-4acfd39bb4	"{{שרש3|ח|נ|ט}}, [[גזרת השלמים]], [[פ""ג]]"	חנט	ח	נ	ט			3	SHLEMIM	גזרת השלמים	False	False	False	False	False	False	False	False	False	False	True	False	False	False	False	False	False	X.N.C	guttural_containing	False	False	False	False	False	False	True	False	חנט	RG-4acfd39bb4	1	PAAL	hewiktionary	wikt:entry:p40225:r520899:o15:t0	0.8	SILVER	
RT-534fb4bd71	"{{שרש3|א|ו|ה}}, [[גזרת נל""י/ה]]"	אוה	א	ו	ה			3	LAMED_YOD_HE	"גזרת נל""י/ה"	False	False	False	True	False	True	True	False	False	True	True	False	True	False	False	False	True	A.W.H	hollow_candidate	False	True	True	False	False	False	True	False	אוה	RG-534fb4bd71	3	HITPAEL|NIFAL|PIEL	hewiktionary	wikt:entry:p40226:r501496:o0:t0|wikt:entry:p52985:r510530:o96:t0|wikt:entry:p56103:r519046:o2:t0	0.8	SILVER	
RT-bec3e92821	"{{שרש3|ר|פ|ה|א}}, [[גזרת נל""י/ה]]"	רפה	ר	פ	ה			3	LAMED_YOD_HE	"גזרת נל""י/ה"	False	False	False	False	False	False	True	False	False	True	False	False	True	True	False	False	True	R.C.H	final_he	False	True	False	False	False	False	True	False	רפה	RG-bec3e92821	3	PAAL|PIEL|PUAL	hewiktionary	wikt:entry:p40227:r518933:o0:t0|wikt:entry:p40227:r518933:o1101:t0|wikt:entry:p40227:r518933:o2587:t0|wikt:entry:p40227:r518933:o3543:t0|wikt:entry:p40227:r518933:o4094:t0	0.96	SILVER	
RT-99c2d19d97	{{שרש3|נ|כ|ס|א}}, [[גזרת השלמים]]	נכס	נ	כ	ס			3	SHLEMIM	גזרת השלמים	True	False	False	False	False	False	False	False	False	False	False	False	False	False	False	False	True	N.C.C	initial_nun	False	False	False	True	False	False	False	False	נכס	RG-99c2d19d97	1	PAAL	hewiktionary	wikt:entry:p40406:r502903:o1971:t0	0.8	SILVER	
RT-2081138063	{{שרש4|ת|ח|מ|ן}}	תחמנ	ת	ח	מ	נ		4			False	False	False	False	False	False	False	False	False	False	False	True	False	False	False	False	False	C.X.C.N	quadriliteral	False	False	False	False	False	False	True	True	תחמנ	RG-2081138063	1	PIEL	hewiktionary	wikt:entry:p40441:r477143:o1146:t0	0.8	SILVER	TRADITIONAL_CLASS_NOT_STATED
RT-1d7bd016af	"{{שרש3|י|ע|ה}}, [[גזרת נל""י/ה]]"	יעה	י	ע	ה			3	LAMED_YOD_HE	"גזרת נל""י/ה"	False	True	False	False	False	False	True	False	False	True	False	True	True	False	False	False	True	Y.E.H	final_he	False	True	False	False	True	False	True	False	יעה	RG-1d7bd016af	1	PAAL	hewiktionary	wikt:entry:p40540:r455963:o2203:t0	0.8	SILVER	
RT-e8f013271e	{{שרש3|ק|צ|ץ}}, [[גזרת הכפולים]]	קצצ	ק	צ	צ			3	AYIN_AYIN	גזרת הכפולים	False	False	False	False	False	False	False	False	False	False	False	False	False	False	True	False	True	C.C.C+GEM	geminate	False	False	False	False	False	True	False	False	קצצ	RG-e8f013271e	3	PAAL|PIEL|PUAL	hewiktionary	wikt:conj:p32835:r413985:t0:פועל עבר|wikt:conj:p32835:r413985:t0:פיעל עבר|wikt:entry:p40724:r490093:o0:t0|wikt:entry:p40724:r490093:o1722:t0|wikt:entry:p40724:r490093:o2646:t0	0.96	SILVER	
RT-bb904719b5	"{{שרש3|ס|י|ג}}, [[נספח:גזרת נע""ו/י|גזרת נע""ו/י]]"	סיג	ס	י	ג			3	AYIN_WAW_YOD	"גזרת נע""ו/י"	False	False	False	False	True	False	False	False	False	False	False	False	False	False	False	False	True	C.Y.C	hollow_candidate	False	False	True	False	False	False	False	False	סיג	RG-bb904719b5	3	HIFIL|NIFAL|PIEL	hewiktionary	wikt:entry:p40920:r448147:o0:t0|wikt:entry:p50468:r522491:o537:t0|wikt:entry:p51580:r513747:o0:t0	0.8	SILVER	
RT-d7eb83632e	ש-ב-ר	שבר	ש	ב	ר			3			False	False	False	False	False	False	False	False	False	False	False	False	False	True	False	False	False	C.C.R	strong	True	False	False	False	False	False	False	False	שבר	RG-d7eb83632e	1	PIEL	hewiktionary	wikt:entry:p41000:r523174:o5467:t0|wikt:entry:p51253:r512385:o1568:t0	0.0	QUESTIONABLE	ROOT_SHARES_ORTHOGRAPHY_WITH_OTHER_ROOT|SHIN_SIN_UNRESOLVED|TRADITIONAL_CLASS_NOT_STATED
RT-2a546bb31f	{{שרש3|ט|ר|ם}}, [[גזרת השלמים]]	טרמ	ט	ר	מ			3	SHLEMIM	גזרת השלמים	False	False	False	False	False	False	False	False	False	False	False	False	False	True	False	False	False	C.R.C	strong	True	False	False	False	False	False	False	False	טרמ	RG-2a546bb31f	1	PAAL	hewiktionary	wikt:entry:p41187:r511576:o1640:t0	0.8	SILVER	
RT-cfbcd52ff2	{{שרש3|נ|ה|ק}}, [[גזרת השלמים]]	נהק	נ	ה	ק			3	SHLEMIM	גזרת השלמים	True	False	False	False	False	False	False	False	False	False	False	True	False	False	False	False	True	N.H.C	initial_nun	False	False	False	True	False	False	True	False	נהק	RG-cfbcd52ff2	1	PAAL	hewiktionary	wikt:entry:p41244:r334763:o0:t0	0.8	SILVER	
RT-1dcdfc1af2	{{שרש3|ג|פ|ף}}, [[גזרת השלמים]]	גפפ	ג	פ	פ			3	SHLEMIM	גזרת השלמים	False	False	False	False	False	False	False	False	False	False	False	False	False	False	True	False	True	C.C.C+GEM	geminate	False	False	False	False	False	True	False	False	גפפ	RG-1dcdfc1af2	2	PIEL|PUAL	hewiktionary	wikt:conj:p20084:r430534:t0:פועל עבר|wikt:entry:p41247:r501535:o0:t0|wikt:entry:p41247:r501535:o1069:t0	0.96	SILVER	
RT-b665503674	{{שרש3|נ|א|ק}}, [[גזרת השלמים]]	נאק	נ	א	ק			3	SHLEMIM	גזרת השלמים	True	False	False	False	False	False	False	False	False	False	False	True	False	False	False	False	True	N.A.C	initial_nun	False	False	False	True	False	False	True	False	נאק	RG-b665503674	1	PAAL	hewiktionary	wikt:entry:p41262:r413459:o0:t0	0.8	SILVER	
RT-2add854a54	{{שרש3|י|ז|ם}}	יזמ	י	ז	מ			3			False	True	False	False	False	False	False	False	False	False	False	False	False	False	False	False	True	Y.C.C	initial_yod_waw	False	False	False	False	True	False	False	False	יזמ	RG-2add854a54	1	PAAL	hewiktionary	wikt:entry:p41354:r488603:o1048:t0	0.8	SILVER	TRADITIONAL_CLASS_NOT_STATED
RT-5ce2bf0421	{{שרש3|מ|ח|ט}}	מחט	מ	ח	ט			3			False	False	False	False	False	False	False	False	False	False	False	True	False	False	False	False	False	C.X.C	guttural_containing	False	False	False	False	False	False	True	False	מחט	RG-5ce2bf0421	1	PAAL	hewiktionary	wikt:entry:p41365:r510456:o1926:t0	0.8	SILVER	TRADITIONAL_CLASS_NOT_STATED
RT-a043bb77f2	{{שרש3|מ|ר|ק}}	מרק	מ	ר	ק			3			False	False	False	False	False	False	False	False	False	False	False	False	False	True	False	False	False	C.R.C	strong	True	False	False	False	False	False	False	False	מרק	RG-a043bb77f2	2	PAAL|PIEL	hewiktionary	wikt:entry:p41367:r520233:o3321:t0|wikt:entry:p41367:r520233:o6656:t0	0.8	SILVER	TRADITIONAL_CLASS_NOT_STATED
RT-1ccfe3655d	{{שרש4|מ|ס|ג|ר}}	מסגר	מ	ס	ג	ר		4			False	False	False	False	False	False	False	False	False	False	False	False	False	True	False	False	False	C.C.C.R	quadriliteral	False	False	False	False	False	False	False	True	מסגר	RG-1ccfe3655d	1	PIEL	hewiktionary	wikt:entry:p41368:r512492:o2908:t0	0.8	SILVER	TRADITIONAL_CLASS_NOT_STATED
RT-b4a89f5458	{{שרש3|ט|ל|ף}}	טלפ	ט	ל	פ			3			False	False	False	False	False	False	False	False	False	False	False	False	False	False	False	False	False	C.C.C	strong	True	False	False	False	False	False	False	False	טלפ	RG-b4a89f5458	1	PIEL	hewiktionary	wikt:entry:p41441:r512784:o1191:t0	0.8	SILVER	TRADITIONAL_CLASS_NOT_STATED
RT-d9caf8b24d	{{שרש3|ב|ו|ך}}	בוכ	ב	ו	כ			3			False	False	False	False	False	True	False	False	False	False	False	False	False	False	False	False	True	C.W.C	hollow_candidate	False	False	True	False	False	False	False	False	בוכ	RG-d9caf8b24d	1	NIFAL	hewiktionary	wikt:conj:p32765:r266392:t0:נפעל עבר|wikt:entry:p41529:r522823:o79:t0	0.96	SILVER	TRADITIONAL_CLASS_NOT_STATED
RT-dcd9e5a87d	{{שרש3|צ|ו|ג}}	צוג	צ	ו	ג			3			False	False	False	False	False	True	False	False	False	False	False	False	False	False	False	False	True	C.W.C	hollow_candidate	False	False	True	False	False	False	False	False	צוג	RG-dcd9e5a87d	1	PAAL	hewiktionary	wikt:entry:p41619:r469044:o1402:t0	0.8	SILVER	TRADITIONAL_CLASS_NOT_STATED
RT-e1171cff00	{{שרש3|ח|צ|ר}}	חצר	ח	צ	ר			3			False	False	False	False	False	False	False	False	False	False	True	False	False	True	False	False	False	X.C.R	guttural_containing	False	False	False	False	False	False	True	False	חצר	RG-e1171cff00	1	PIEL	hewiktionary	wikt:entry:p42083:r501980:o3515:t0	0.8	SILVER	TRADITIONAL_CLASS_NOT_STATED
RT-a6da73dc60	{{שרש4|ז|מ|ז|ם}}, [[גזרת המרובעים]]	זמזמ	ז	מ	ז	מ		4	QUADRILITERAL	גזרת המרובעים	False	False	False	False	False	False	False	False	False	False	False	False	False	False	False	True	False	C.C.C.C	quadriliteral	False	False	False	False	False	False	False	True	זמזמ	RG-a6da73dc60	1	PIEL	hewiktionary	wikt:entry:p42228:r520106:o950:t0	0.8	SILVER	
RT-0a6396bccb	{{שרש3|ק|ר|ר}}, [[גזרת הכפולים]]	קרר	ק	ר	ר			3	AYIN_AYIN	גזרת הכפולים	False	False	False	False	False	False	False	False	False	False	False	False	False	True	True	False	True	C.R.R+GEM	geminate	False	False	False	False	False	True	False	False	קרר	RG-0a6396bccb	2	PAAL|PIEL	hewiktionary	wikt:entry:p42273:r516098:o0:t0|wikt:entry:p60274:r512198:o0:t0	0.8	SILVER	
RT-22cfc3c65a	{{שרש3|ס|ו|ג}}	סוג	ס	ו	ג			3			False	False	False	False	False	True	False	False	False	False	False	False	False	False	False	False	True	C.W.C	hollow_candidate	False	False	True	False	False	False	False	False	סוג	RG-22cfc3c65a	1	PIEL	hewiktionary	wikt:entry:p42276:r451990:o1791:t0	0.8	SILVER	TRADITIONAL_CLASS_NOT_STATED
RT-1a42289a7a	"{{שרש3|ז|ר|ר|א}}, [[גזרת ע""ע]]"	זרר	ז	ר	ר			3	AYIN_AYIN	"גזרת ע""ע"	False	False	False	False	False	False	False	False	False	False	False	False	False	True	True	False	True	C.R.R+GEM	geminate	False	False	False	False	False	True	False	False	זרר	RG-1a42289a7a	1	PIEL	hewiktionary	wikt:entry:p42382:r502333:o0:t0	0.8	SILVER	
RT-93b8997c3f	"{{שרש3|י|צ|ג}}, [[גזרת חפי""צ]]"	יצג	י	צ	ג			3	PE_YOD_TSADI	"גזרת חפי""צ"	False	True	False	False	False	False	False	False	False	False	False	False	False	False	False	False	True	Y.C.C	initial_yod_waw	False	False	False	False	True	False	False	False	יצג	RG-93b8997c3f	2	HIFIL|PIEL	hewiktionary	wikt:conj:p30494:r229988:t0:הפעיל עבר|wikt:conj:p30494:r229988:t0:פיעל עבר|wikt:entry:p42385:r337897:o0:t0|wikt:entry:p57179:r510365:o37:t0	0.96	SILVER	
RT-5cd158f047	{{שרש3|ק|ב|ץ}}, [[גזרת השלמים]]	קבצ	ק	ב	צ			3	SHLEMIM	גזרת השלמים	False	False	False	False	False	False	False	False	False	False	False	False	False	False	False	False	False	C.C.C	strong	True	False	False	False	False	False	False	False	קבצ	RG-5cd158f047	3	HITPAEL|PAAL|PIEL	hewiktionary	wikt:entry:p42492:r511390:o0:t0|wikt:entry:p57974:r510755:o0:t0|wikt:entry:p57974:r510755:o959:t0	0.8	SILVER	
RT-16954a42ca	"{{שרש3|נ|ט|ר}}, [[גזרת חפ""נ]]"	נטר	נ	ט	ר			3	PE_NUN	"גזרת חפ""נ"	True	False	False	False	False	False	False	False	False	False	False	False	False	True	False	False	True	N.C.R	initial_nun	False	False	False	True	False	False	False	False	נטר	RG-16954a42ca	2	PAAL|PIEL	hewiktionary	wikt:conj:p58500:r413621:t0:פיעל עבר|wikt:conj:p58500:r413621:t0:קל עבר|wikt:entry:p42509:r503020:o1208:t0|wikt:entry:p42509:r503020:o1:t0	0.96	SILVER	
RT-aca58cdbdb	"{{שרש3|נ|כ|ש|א}}, [[גזרת חפ""נ]]"	נכשׁ	נ	כ	ש			3	PE_NUN	"גזרת חפ""נ"	True	False	False	False	False	False	False	False	False	False	False	False	False	False	False	False	True	N.C.C	initial_nun	False	False	False	True	False	False	False	False	נכש	RG-527684be64	3	HIFIL|PIEL|PUAL	hewiktionary	wikt:entry:p42512:r474881:o1605:t0|wikt:entry:p42512:r474881:o21:t0|wikt:entry:p62497:r523194:o31:t0	0.8	SILVER	SHIN_SIN_FROM_FORM
RT-e7f87fc8a8	{{שרש|ענק א|ע־נ־ק {{משני|א}}}}	ענק	ע	נ	ק			3		}}	False	False	False	False	False	False	False	False	False	False	True	False	False	False	False	False	False	E.N.C	guttural_containing	False	False	False	False	False	False	True	False	ענק	RG-e7f87fc8a8	2	HIFIL|PAAL	hewiktionary	wikt:entry:p42549:r520217:o20787:t0|wikt:entry:p50923:r422635:o0:t0	0.8	SILVER	TRADITIONAL_CLASS_NOT_STATED|TRADITIONAL_CLASS_UNMAPPED_LABEL
RT-b3fb49889e	{{שרש|מעד א|מ-ע-ד <small>}}, [[גזרת השלמים]]	מעד	מ	ע	ד			3	SHLEMIM	גזרת השלמים	False	False	False	False	False	False	False	False	False	False	False	True	False	False	False	False	False	C.E.C	guttural_containing	False	False	False	False	False	False	True	False	מעד	RG-b3fb49889e	1	PAAL	hewiktionary	wikt:entry:p42598:r317674:o0:t0	0.8	SILVER	
RT-e26f0bae11	"{{שרש3|כ|י|ח}}, [[נספח:גזרת נע""ו/י|גזרת נע""ו/י]]-[[נספח:גזרת ל' גרונית|גזרת ל' גרונית]]"	כיח	כ	י	ח			3	AYIN_WAW_YOD	"גזרת נע""ו/י-גזרת ל' גרונית"	False	False	False	False	True	False	False	False	False	False	False	False	True	False	False	False	True	C.Y.X	hollow_candidate	False	False	True	False	False	False	True	False	כיח	RG-e26f0bae11	2	PAAL|PIEL	hewiktionary	wikt:entry:p42897:r280463:o130:t0|wikt:entry:p53453:r523209:o637:t0	0.8	SILVER	
RT-dcbd916110	{{שרש3|ת|ע|ר}}, [[גזרת השלמים]]	תער	ת	ע	ר			3	SHLEMIM	גזרת השלמים	False	False	False	False	False	False	False	False	False	False	False	True	False	True	False	False	False	C.E.R	guttural_containing	False	False	False	False	False	False	True	False	תער	RG-dcbd916110	2	PAAL|PIEL	hewiktionary	wikt:entry:p43020:r521713:o3577:t0|wikt:entry:p43020:r521713:o3982:t0	0.8	SILVER	
RT-f1d9323946	{{שרש3|ע|ל|ק}}	עלק	ע	ל	ק			3			False	False	False	False	False	False	False	False	False	False	True	False	False	False	False	False	False	E.C.C	guttural_containing	False	False	False	False	False	False	True	False	עלק	RG-f1d9323946	1	HITPAEL	hewiktionary	wikt:conj:p42987:r214912:t0:התפעל עבר|wikt:entry:p43035:r495096:o0:t0	0.96	SILVER	TRADITIONAL_CLASS_NOT_STATED
RT-026c91a71c	{{שרש3|ר|ע|שׁ}}	רעשׁ	ר	ע	ש			3			False	False	False	False	False	False	False	False	False	False	False	True	False	True	False	False	False	R.E.C	guttural_containing	False	False	False	False	False	False	True	False	רעש	RG-dad4e71b3f	1	PAAL	hewiktionary	wikt:entry:p43042:r476953:o4140:t0	0.8	SILVER	TRADITIONAL_CLASS_NOT_STATED
RT-6e7877e8e9	{{שרש3|א|ל|ם}}	אלמ	א	ל	מ			3			False	False	False	True	False	False	False	False	False	False	True	False	False	False	False	False	True	A.C.C	initial_alef	False	False	False	False	False	False	True	False	אלמ	RG-6e7877e8e9	2	NIFAL|PIEL	hewiktionary	wikt:entry:p43118:r520452:o1803:t0|wikt:entry:p47300:r450481:o0:t0	0.8	SILVER	TRADITIONAL_CLASS_NOT_STATED
RT-ec153b8375	{{שרש3|שׁ|כ|ם א}}	שׁכמ	ש	כ	מ			3			False	False	False	False	False	False	False	False	False	False	False	False	False	False	False	False	False	C.C.C	strong	True	False	False	False	False	False	False	False	שכמ	RG-d356991dba	1	HIFIL	hewiktionary	wikt:conj:p57193:r391945:t0:הפעיל עבר|wikt:entry:p43140:r509701:o0:t0	0.96	SILVER	TRADITIONAL_CLASS_NOT_STATED
RT-50ec950bc4	"{{שרש|נחת |נ־ח־ת <small>א</small>}}, [[גזרת חפ""נ]]"	נחת	נ	ח	ת			3	PE_NUN	"גזרת חפ""נ"	True	False	False	False	False	False	False	False	False	False	False	True	False	False	False	False	True	N.X.C	initial_nun	False	False	False	True	False	False	True	False	נחת	RG-50ec950bc4	1	PAAL	hewiktionary	wikt:entry:p43157:r520077:o1661:t0	0.8	SILVER	
RT-5df3c9fe01	"{{שרש3|ג|ע|ה}}, [[גזרת נל""י/ה]]"	געה	ג	ע	ה			3	LAMED_YOD_HE	"גזרת נל""י/ה"	False	False	False	False	False	False	True	False	False	True	False	True	True	False	False	False	True	C.E.H	final_he	False	True	False	False	False	False	True	False	געה	RG-5df3c9fe01	1	PAAL	hewiktionary	wikt:entry:p43213:r271756:o0:t0	0.8	SILVER	
RT-bf4e14bb48	"{{שרש3|ה|ד|ף}}, [[גזרת השלמים]], [[פ""ג]]"	הדפ	ה	ד	פ			3	SHLEMIM	גזרת השלמים	False	False	False	False	False	False	False	False	False	False	True	False	False	False	False	False	False	H.C.C	guttural_containing	False	False	False	False	False	False	True	False	הדפ	RG-bf4e14bb48	2	PAAL|PIEL	hewiktionary	wikt:entry:p43280:r513664:o0:t0|wikt:entry:p43280:r513664:o951:t0	0.8	SILVER	
RT-8e232af068	"{{שרש3|נ|ב|ר}}, [[גזרת חפ""נ]]"	נבר	נ	ב	ר			3	PE_NUN	"גזרת חפ""נ"	True	False	False	False	False	False	False	False	False	False	False	False	False	True	False	False	True	N.C.R	initial_nun	False	False	False	True	False	False	False	False	נבר	RG-8e232af068	1	PAAL	hewiktionary	wikt:conj:p43313:r266462:t0:קל עבר|wikt:entry:p43312:r476219:o0:t0	0.96	SILVER	
RT-6ae479be0f	"{{שרש3|ב|ר|ר}}, [[גזרת ע""ע]]"	ברר	ב	ר	ר			3	AYIN_AYIN	"גזרת ע""ע"	False	False	False	False	False	False	False	False	False	False	False	False	False	True	True	False	True	C.R.R+GEM	geminate	False	False	False	False	False	True	False	False	ברר	RG-6ae479be0f	3	NIFAL|PAAL|PIEL	hewiktionary	wikt:entry:p43312:r476219:o769:t0|wikt:entry:p52030:r510133:o1413:t0|wikt:entry:p52030:r510133:o68:t0	0.8	SILVER	
RT-a40d68e1d5	{{שרש3|ל|ק|ט}}, [[גזרת השלמים]]	לקט	ל	ק	ט			3	SHLEMIM	גזרת השלמים	False	False	False	False	False	False	False	False	False	False	False	False	False	False	False	False	False	C.C.C	strong	True	False	False	False	False	False	False	False	לקט	RG-a40d68e1d5	4	HITPAEL|PAAL|PIEL|PUAL	hewiktionary	wikt:entry:p43644:r433633:o2364:t0|wikt:entry:p43644:r433633:o3683:t0|wikt:entry:p43644:r433633:o784:t0|wikt:entry:p49713:r519960:o0:t0	0.8	SILVER	
RT-1a8c8577c3	"{{שרש3|נ|ו|ב}}, [[נספח:גזרת נע""ו/י|גזרת נע""ו/י]]"	נוב	נ	ו	ב			3	AYIN_WAW_YOD	"גזרת נע""ו/י"	True	False	False	False	False	True	False	False	False	False	False	False	False	False	False	False	True	N.W.C	hollow_candidate	False	False	True	True	False	False	False	False	נוב	RG-1a8c8577c3	2	PAAL|PIEL	hewiktionary	wikt:entry:p43684:r373926:o0:t0|wikt:entry:p54568:r510545:o0:t0	0.8	SILVER	
RT-e1f9ef04c3	"{{שרש3|ה|ר|ס}}, [[גזרת השלמים]], [[פ""ג]]"	הרס	ה	ר	ס			3	SHLEMIM	גזרת השלמים	False	False	False	False	False	False	False	False	False	False	True	False	False	True	False	False	False	H.R.C	guttural_containing	False	False	False	False	False	False	True	False	הרס	RG-e1f9ef04c3	2	PAAL|PIEL	hewiktionary	wikt:entry:p43820:r513316:o2113:t0|wikt:entry:p43820:r513316:o898:t0	0.8	SILVER	
RT-723125ac2c	"{{שרש3|י|צ|ק}}, [[גזרת חפי""צ]]"	יצק	י	צ	ק			3	PE_YOD_TSADI	"גזרת חפי""צ"	False	True	False	False	False	False	False	False	False	False	False	False	False	False	False	False	True	Y.C.C	initial_yod_waw	False	False	False	False	True	False	False	False	יצק	RG-723125ac2c	1	PAAL	hewiktionary	wikt:conj:p43834:r277837:t0:קל עבר|wikt:entry:p43832:r511397:o0:t0	0.96	SILVER	
RT-eab20be0cc	"{{שרש3|פ|ס|ס|א}}, [[גזרת ע""ע]]"	פסס	פ	ס	ס			3	AYIN_AYIN	"גזרת ע""ע"	False	False	False	False	False	False	False	False	False	False	False	False	False	False	True	False	True	C.C.C+GEM	geminate	False	False	False	False	False	True	False	False	פסס	RG-eab20be0cc	1	PAAL	hewiktionary	wikt:entry:p43873:r516652:o980:t0	0.8	SILVER	
RT-d0aae4af63	{{שרש3|שׁ|ל|ל}}	שׁלל	ש	ל	ל			3			False	False	False	False	False	False	False	False	False	False	False	False	False	False	True	False	True	C.C.C+GEM	geminate	False	False	False	False	False	True	False	False	שלל	RG-0d0cc19b75	1	PAAL	hewiktionary	wikt:conj:p60193:r441130:t0:קל עבר|wikt:entry:p44087:r520382:o2738:t0	0.96	SILVER	TRADITIONAL_CLASS_NOT_STATED
RT-443c2debd9	"{{שרש3|ט|ל|א}}, [[גזרת נל""א]]"	טלא	ט	ל	א			3	LAMED_ALEF	"גזרת נל""א"	False	False	False	False	False	False	False	False	True	False	False	False	True	False	False	False	True	C.C.A	final_alef	False	False	False	False	False	False	True	False	טלא	RG-443c2debd9	2	PAAL|PIEL	hewiktionary	wikt:entry:p44161:r520347:o0:t0|wikt:entry:p44161:r520347:o973:t0	0.8	SILVER	
RT-6f5a529c75	{{שרש3|ת|ו|ך}}	תוכ	ת	ו	כ			3			False	False	False	False	False	True	False	False	False	False	False	False	False	False	False	False	True	C.W.C	hollow_candidate	False	False	True	False	False	False	False	False	תוכ	RG-6f5a529c75	1	PIEL	hewiktionary	wikt:entry:p44260:r520683:o2443:t0	0.8	SILVER	TRADITIONAL_CLASS_NOT_STATED
RT-c8958912b5	{{שרש3|ד|ג|ר}}, [[גזרת השלמים]]	דגר	ד	ג	ר			3	SHLEMIM	גזרת השלמים	False	False	False	False	False	False	False	False	False	False	False	False	False	True	False	False	False	C.C.R	strong	True	False	False	False	False	False	False	False	דגר	RG-c8958912b5	1	PAAL	hewiktionary	wikt:entry:p44302:r475752:o0:t0	0.8	SILVER	
RT-79899e8a3b	{{שרש3|ע|ר|ם|גזרה=השלמים}}	ערמ	ע	ר	מ			3			False	False	False	False	False	False	False	False	False	False	True	False	False	True	False	False	False	E.R.C	guttural_containing	False	False	False	False	False	False	True	False	ערמ	RG-79899e8a3b	1	PAAL	hewiktionary	wikt:entry:p44323:r500153:o2053:t0	0.8	SILVER	TRADITIONAL_CLASS_NOT_STATED
RT-6f94fb54f8	{{שרש4|ק|ר|צ|ף}}, [[גזרת המרובעים]]	קרצפ	ק	ר	צ	פ		4	QUADRILITERAL	גזרת המרובעים	False	False	False	False	False	False	False	False	False	False	False	False	False	True	False	False	False	C.R.C.C	quadriliteral	False	False	False	False	False	False	False	True	קרצפ	RG-6f94fb54f8	1	PIEL	hewiktionary	wikt:entry:p44338:r520148:o0:t0	0.8	SILVER	
RT-637bd7ad5c	"{{שרש3|מ|ע|ט|א}}, [[גזרת השלמים]], [[ע""ג]]"	מעט	מ	ע	ט			3	SHLEMIM	גזרת השלמים	False	False	False	False	False	False	False	False	False	False	False	True	False	False	False	False	False	C.E.C	guttural_containing	False	False	False	False	False	False	True	False	מעט	RG-637bd7ad5c	3	PAAL|PIEL|PUAL	hewiktionary	wikt:entry:p44637:r513277:o1891:t0|wikt:entry:p44637:r513277:o2773:t0|wikt:entry:p44637:r513277:o3715:t0	0.8	SILVER	
RT-d4733b5ae3	{{שרש3|ה|ל|ם}}	הלמ	ה	ל	מ			3			False	False	False	False	False	False	False	False	False	False	True	False	False	False	False	False	False	H.C.C	guttural_containing	False	False	False	False	False	False	True	False	הלמ	RG-d4733b5ae3	1	PAAL	hewiktionary	wikt:entry:p44652:r510227:o1575:t0|wikt:entry:p44652:r510227:o22:t0	0.96	SILVER	TRADITIONAL_CLASS_NOT_STATED
RT-e3c80f1c8f	"{{שרש3|ק|ו|ה|ב}}, [[גזרת נל""י/ה]]"	קוה	ק	ו	ה			3	LAMED_YOD_HE	"גזרת נל""י/ה"	False	False	False	False	False	True	True	False	False	True	False	False	True	False	False	False	True	C.W.H	hollow_candidate	False	True	True	False	False	False	True	False	קוה	RG-e3c80f1c8f	2	NIFAL|PIEL	hewiktionary	wikt:conj:p44726:r266474:t0:נפעל עבר|wikt:conj:p45074:r331158:t0:פיעל עבר|wikt:entry:p44725:r246284:o0:t0|wikt:entry:p50647:r522244:o1080:t0|wikt:entry:p50647:r522244:o1:t0	0.992	SILVER	
RT-b1dbddc25e	"{{שרש3|נ|צ|ה|א}}, [[גזרת נל""י/ה]]"	נצה	נ	צ	ה			3	LAMED_YOD_HE	"גזרת נל""י/ה"	True	False	False	False	False	False	True	False	False	True	False	False	True	False	False	False	True	N.C.H	final_he	False	True	False	True	False	False	True	False	נצה	RG-b1dbddc25e	4	HIFIL|NIFAL|PAAL|PIEL	hewiktionary	wikt:entry:p44818:r519935:o0:t0|wikt:entry:p44818:r519935:o1406:t0|wikt:entry:p44818:r519935:o1980:t0|wikt:entry:p44818:r519935:o2709:t0|wikt:entry:p44818:r519935:o3320:t0|wikt:entry:p44818:r519935:o444:t0|wikt:entry:p56295:r510240:o0:t0	0.992	SILVER	
RT-d6e674b8e8	{{שרש3|ד|ה|ר}}, [[גזרת השלמים]]	דהר	ד	ה	ר			3	SHLEMIM	גזרת השלמים	False	False	False	False	False	False	False	False	False	False	False	True	False	True	False	False	False	C.H.R	guttural_containing	False	False	False	False	False	False	True	False	דהר	RG-d6e674b8e8	2	PAAL|PIEL	hewiktionary	wikt:entry:p44821:r439232:o0:t0|wikt:entry:p44821:r439232:o1301:t0	0.8	SILVER	
RT-e35d14bae4	{{שרש4|ט|ב|ע|נ}}	טבענ	ט	ב	ע	נ		4			False	False	False	False	False	False	False	False	False	False	False	False	True	False	False	False	False	C.C.E.N	quadriliteral	False	False	False	False	False	False	True	True	טבענ	RG-e35d14bae4	1	PIEL	hewiktionary	wikt:entry:p44914:r312011:o0:t0	0.8	SILVER	TRADITIONAL_CLASS_NOT_STATED
RT-1a1b4f334e	{{שרש3|ע|ד|ן א}}	עדנ	ע	ד	נ			3			False	False	False	False	False	False	False	False	False	False	True	False	False	False	False	False	False	E.C.N	guttural_containing	False	False	False	False	False	False	True	False	עדנ	RG-1a1b4f334e	1	PIEL	hewiktionary	wikt:entry:p45062:r518794:o5063:t0	0.8	SILVER	TRADITIONAL_CLASS_NOT_STATED
RT-a59b638a00	{{שרש3|ח|ז|ן}} שלמים	חזנ	ח	ז	נ			3	SHLEMIM	שלמים	False	False	False	False	False	False	False	False	False	False	True	False	False	False	False	False	False	X.C.N	guttural_containing	False	False	False	False	False	False	True	False	חזנ	RG-a59b638a00	1	PIEL	hewiktionary	wikt:entry:p45157:r520093:o2594:t0	0.8	SILVER	
RT-d3e93dd7c9	"{{שרש3|פ|ו|ג}}, [[גזרת נע""ו/י]]"	פוג	פ	ו	ג			3	AYIN_WAW_YOD	"גזרת נע""ו/י"	False	False	False	False	False	True	False	False	False	False	False	False	False	False	False	False	True	C.W.C	hollow_candidate	False	False	True	False	False	False	False	False	פוג	RG-d3e93dd7c9	1	PAAL	hewiktionary	wikt:entry:p45173:r443420:o2024:t0	0.8	SILVER	
RT-253a1b4cae	{{שרש3|צ|נ|ף|א}}	צנפ	צ	נ	פ			3			False	False	False	False	False	False	False	False	False	False	False	False	False	False	False	False	False	C.N.C	strong	True	False	False	False	False	False	False	False	צנפ	RG-253a1b4cae	2	HITPAEL|PAAL	hewiktionary	wikt:entry:p45226:r514228:o66:t0|wikt:entry:p63494:r517274:o1551:t0|wikt:entry:p63494:r517274:o44:t0	0.96	SILVER	TRADITIONAL_CLASS_NOT_STATED
RT-693d3a6a44	{{שרש4|ס|ל|ב|ט}}, מרובעים	סלבט	ס	ל	ב	ט		4	QUADRILITERAL	מרובעים	False	False	False	False	False	False	False	False	False	False	False	False	False	False	False	False	False	C.C.C.C	quadriliteral	False	False	False	False	False	False	False	True	סלבט	RG-693d3a6a44	1	HITPAEL	hewiktionary	wikt:entry:p45249:r516302:o0:t0	0.8	SILVER	
RT-1b5c6077ae	"{{שרש3|ס|ו|ד}},  {{גזרה|נע""ו/י}}"	סוד	ס	ו	ד			3			False	False	False	False	False	True	False	False	False	False	False	False	False	False	False	False	True	C.W.C	hollow_candidate	False	False	True	False	False	False	False	False	סוד	RG-1b5c6077ae	1	HITPAEL	hewiktionary	wikt:conj:p23449:r278696:t0:התפעל עבר|wikt:entry:p45251:r454089:o10:t0	0.96	SILVER	TRADITIONAL_CLASS_NOT_STATED
RT-58bcd5e9e0	"{{שרש3|ע|ו|ת}} נעו""י"	עות	ע	ו	ת			3	AYIN_WAW_YOD	"נעו""י"	False	False	False	False	False	True	False	False	False	False	True	False	False	False	False	False	True	E.W.C	hollow_candidate	False	False	True	False	False	False	True	False	עות	RG-58bcd5e9e0	2	PAAL|PIEL	hewiktionary	wikt:entry:p45261:r517475:o2946:t0|wikt:entry:p51839:r431318:o89:t0	0.8	SILVER	
RT-2e85b29992	{{שרש3|ס|ע|ר}} {{ש}} גזרת השלמים	סער	ס	ע	ר			3	SHLEMIM	גזרת השלמים	False	False	False	False	False	False	False	False	False	False	False	True	False	True	False	False	False	C.E.R	guttural_containing	False	False	False	False	False	False	True	False	סער	RG-2e85b29992	5	HIFIL|HITPAEL|NIFAL|PAAL|PIEL	hewiktionary	wikt:entry:p45312:r327899:o16:t0|wikt:entry:p53627:r510611:o2288:t0|wikt:entry:p53627:r510611:o67:t0|wikt:entry:p53628:r510565:o0:t0|wikt:entry:p53629:r411041:o0:t0	0.8	SILVER	
RT-c518f05742	{{שרש|קנס|ק-נ-ס}}	קנס	ק	נ	ס			3			False	False	False	False	False	False	False	False	False	False	False	False	False	False	False	False	False	C.N.C	strong	True	False	False	False	False	False	False	False	קנס	RG-c518f05742	1	PAAL	hewiktionary	wikt:entry:p45823:r513876:o817:t0	0.8	SILVER	TRADITIONAL_CLASS_NOT_STATED
RT-7a35a3b08c	{{שרש3|ל|ב|ה}}	לבה	ל	ב	ה			3			False	False	False	False	False	False	True	False	False	True	False	False	True	False	False	False	True	C.C.H	final_he	False	True	False	False	False	False	True	False	לבה	RG-7a35a3b08c	1	PIEL	hewiktionary	wikt:entry:p46042:r510403:o2613:t0	0.8	SILVER	TRADITIONAL_CLASS_NOT_STATED
RT-b3330f19ca	{{שרש3|שׁ|כ|ר}}	שׁכר	ש	כ	ר			3			False	False	False	False	False	False	False	False	False	False	False	False	False	True	False	False	False	C.C.R	strong	True	False	False	False	False	False	False	False	שכר	RG-a85b86545c	2	PAAL|PIEL	hewiktionary	wikt:entry:p46144:r521163:o8138:t0|wikt:entry:p46144:r521163:o9273:t0	0.8	SILVER	ROOT_SHARES_ORTHOGRAPHY_WITH_OTHER_ROOT|TRADITIONAL_CLASS_NOT_STATED
RT-0ba39558be	{{שרש3|פ|כ|ר}}, [[גזרת השלמים]]	פכר	פ	כ	ר			3	SHLEMIM	גזרת השלמים	False	False	False	False	False	False	False	False	False	False	False	False	False	True	False	False	False	C.C.R	strong	True	False	False	False	False	False	False	False	פכר	RG-0ba39558be	1	PAAL	hewiktionary	wikt:entry:p46284:r399024:o9:t0	0.8	SILVER	
RT-f13f914171	{{שרש3|ע|ל|ס}}, [[גזרת השלמים]]	עלס	ע	ל	ס			3	SHLEMIM	גזרת השלמים	False	False	False	False	False	False	False	False	False	False	True	False	False	False	False	False	False	E.C.C	guttural_containing	False	False	False	False	False	False	True	False	עלס	RG-f13f914171	3	HITPAEL|NIFAL|PAAL	hewiktionary	wikt:conj:p56958:r389295:t0:התפעל עבר|wikt:conj:p56958:r389295:t0:קל עבר|wikt:entry:p46349:r438854:o0:t0|wikt:entry:p56952:r510639:o15:t0|wikt:entry:p56957:r510572:o0:t0	0.96	SILVER	
RT-6fb33978a5	{{שרש3|פ|ק|ק}}	פקק	פ	ק	ק			3			False	False	False	False	False	False	False	False	False	False	False	False	False	False	True	False	True	C.C.C+GEM	geminate	False	False	False	False	False	True	False	False	פקק	RG-6fb33978a5	3	HITPAEL|PAAL|PIEL	hewiktionary	wikt:entry:p46431:r522480:o1914:t0|wikt:entry:p56961:r510279:o0:t0|wikt:entry:p56962:r510683:o82:t0	0.8	SILVER	TRADITIONAL_CLASS_NOT_STATED
RT-54870d87d0	{{שרש4|כ|פ|כ|ף|גזרה=המרובעים}}	כפכפ	כ	פ	כ	פ		4			False	False	False	False	False	False	False	False	False	False	False	False	False	False	False	True	False	C.C.C.C	quadriliteral	False	False	False	False	False	False	False	True	כפכפ	RG-54870d87d0	1	PIEL	hewiktionary	wikt:entry:p46438:r520468:o2520:t0	0.8	SILVER	TRADITIONAL_CLASS_NOT_STATED
RT-829845c283	{{שרש3|כ|ב|ל}}	כבל	כ	ב	ל			3			False	False	False	False	False	False	False	False	False	False	False	False	False	False	False	False	False	C.C.C	strong	True	False	False	False	False	False	False	False	כבל	RG-829845c283	1	PAAL	hewiktionary	wikt:entry:p46450:r500789:o0:t0	0.8	SILVER	TRADITIONAL_CLASS_NOT_STATED
RT-2bf08302d4	"{{שרש3|ר|ת|ה}}, [[גזרת נל""י/ה]]"	רתה	ר	ת	ה			3	LAMED_YOD_HE	"גזרת נל""י/ה"	False	False	False	False	False	False	True	False	False	True	False	False	True	True	False	False	True	R.C.H	final_he	False	True	False	False	False	False	True	False	רתה	RG-2bf08302d4	1	PIEL	hewiktionary	wikt:entry:p46476:r430363:o0:t0	0.8	SILVER	
RT-18cb1ebceb	{{שרש3|ח|ס|ך}}	חסכ	ח	ס	כ			3			False	False	False	False	False	False	False	False	False	False	True	False	False	False	False	False	False	X.C.C	guttural_containing	False	False	False	False	False	False	True	False	חסכ	RG-18cb1ebceb	2	PAAL|PIEL	hewiktionary	wikt:entry:p46568:r512082:o1154:t0|wikt:entry:p46568:r512082:o66:t0	0.8	SILVER	TRADITIONAL_CLASS_NOT_STATED
RT-7461ef51c9	{{שרש3|פ|ל|ג}} ,[[גזרת השלמים]]	פלג	פ	ל	ג			3	SHLEMIM	גזרת השלמים	False	False	False	False	False	False	False	False	False	False	False	False	False	False	False	False	False	C.C.C	strong	True	False	False	False	False	False	False	False	פלג	RG-7461ef51c9	2	HIFIL|PIEL	hewiktionary	wikt:conj:p56672:r386022:t0:הפעיל עבר|wikt:conj:p56672:r386022:t0:פיעל עבר|wikt:entry:p46617:r522143:o3715:t0|wikt:entry:p54486:r488569:o0:t0	0.96	SILVER	
RT-e3d989787e	{{שרש3|ה|ו|ן|א}}	הונ	ה	ו	נ			3			False	False	False	False	False	True	False	False	False	False	True	False	False	False	False	False	True	H.W.N	hollow_candidate	False	False	True	False	False	False	True	False	הונ	RG-e3d989787e	2	HIFIL|PIEL	hewiktionary	wikt:entry:p46628:r517746:o2590:t0|wikt:entry:p58611:r514441:o0:t0	0.8	SILVER	TRADITIONAL_CLASS_NOT_STATED
RT-6d4e319dd0	{{שרש3|נ|ט|שׁ}}	נטשׁ	נ	ט	ש			3			True	False	False	False	False	False	False	False	False	False	False	False	False	False	False	False	True	N.C.C	initial_nun	False	False	False	True	False	False	False	False	נטש	RG-6124072e48	1	PAAL	hewiktionary	wikt:conj:p34054:r270862:t0:קל עבר|wikt:entry:p46629:r374414:o68:t0	0.96	SILVER	TRADITIONAL_CLASS_NOT_STATED
RT-c3d30d192e	{{שרש3|שׁ|ו|ם}}	שׁומ	ש	ו	מ			3			False	False	False	False	False	True	False	False	False	False	False	False	False	False	False	False	True	C.W.C	hollow_candidate	False	False	True	False	False	False	False	False	שומ	RG-37d84287c9	1	NIFAL	hewiktionary	wikt:entry:p46742:r517788:o1974:t0	0.8	SILVER	TRADITIONAL_CLASS_NOT_STATED
RT-0fec126efb	{{שרש3|ע|ט|שׁ}}, [[גזרת השלמים]]	עטשׁ	ע	ט	ש			3	SHLEMIM	גזרת השלמים	False	False	False	False	False	False	False	False	False	False	True	False	False	False	False	False	False	E.C.C	guttural_containing	False	False	False	False	False	False	True	False	עטש	RG-cfb800b73e	2	HITPAEL|PIEL	hewiktionary	wikt:entry:p46744:r520054:o0:t0|wikt:entry:p55542:r511449:o0:t0	0.8	SILVER	
RT-04d7f283c3	{{שרש3|ר|ס|ק}}\n[[גזרת השלמים]]	רסק	ר	ס	ק			3	SHLEMIM	גזרת השלמים	False	False	False	False	False	False	False	False	False	False	False	False	False	True	False	False	False	R.C.C	strong	True	False	False	False	False	False	False	False	רסק	RG-04d7f283c3	1	PIEL	hewiktionary	wikt:entry:p46747:r337985:o1615:t0	0.8	SILVER	
RT-c5f3543ee1	{{שרש3|ל|שׁ|ן|גזרה=השלמים}}	לשׁנ	ל	ש	נ			3			False	False	False	False	False	False	False	False	False	False	False	False	False	False	False	False	False	C.C.N	strong	True	False	False	False	False	False	False	False	לשנ	RG-04b0d3938a	1	HIFIL	hewiktionary	wikt:entry:p46788:r413188:o0:t0	0.8	SILVER	TRADITIONAL_CLASS_NOT_STATED
RT-65322aa7f5	"{{שרש3|ג|ע|ל}}, [[ע""ג]]{{הפניה|1|גזרה}}"	געל	ג	ע	ל			3	AYIN_GUTTURAL	"ע""ג"	False	False	False	False	False	False	False	False	False	False	False	True	False	False	False	False	False	C.E.C	guttural_containing	False	False	False	False	False	False	True	False	געל	RG-65322aa7f5	2	HIFIL|PAAL	hewiktionary	wikt:entry:p46808:r448991:o0:t0|wikt:entry:p53447:r510155:o0:t0	0.8	SILVER	
RT-7138aa4d1f	{{שרש3|ב|ח|ן}}	בחנ	ב	ח	נ			3			False	False	False	False	False	False	False	False	False	False	False	True	False	False	False	False	False	C.X.N	guttural_containing	False	False	False	False	False	False	True	False	בחנ	RG-7138aa4d1f	2	HIFIL|PAAL	hewiktionary	wikt:conj:p62900:r486918:t0:הפעיל עבר|wikt:conj:p62900:r486918:t0:קל עבר|wikt:entry:p46863:r512371:o0:t0|wikt:entry:p49773:r520477:o0:t0	0.96	SILVER	TRADITIONAL_CLASS_NOT_STATED
RT-4c4df83fb6	"{{שרש3|ז|ו|ע}}, [[נספח:גזרת נע""ו/י|גזרת נע""ו/י]]"	זוע	ז	ו	ע			3	AYIN_WAW_YOD	"גזרת נע""ו/י"	False	False	False	False	False	True	False	False	False	False	False	False	True	False	False	False	True	C.W.E	hollow_candidate	False	False	True	False	False	False	True	False	זוע	RG-4c4df83fb6	1	PAAL	hewiktionary	wikt:entry:p46949:r520369:o98:t0	0.8	SILVER	
RT-aa0c31c664	{{שרש3|ד|ק|ק}}	דקק	ד	ק	ק			3			False	False	False	False	False	False	False	False	False	False	False	False	False	False	True	False	True	C.C.C+GEM	geminate	False	False	False	False	False	True	False	False	דקק	RG-aa0c31c664	2	HIFIL|PAAL	hewiktionary	wikt:entry:p47058:r453604:o0:t0|wikt:entry:p51572:r510200:o14:t0	0.8	SILVER	TRADITIONAL_CLASS_NOT_STATED
RT-370d12dea6	"{{שרש3|שׂ|ר|ה}}, [[גזרת נל""י/ה]]"	שׂרה	ש	ר	ה			3	LAMED_YOD_HE	"גזרת נל""י/ה"	False	False	False	False	False	False	True	False	False	True	False	False	True	True	False	False	True	C.R.H	final_he	False	True	False	False	False	False	True	False	שרה	RG-ef9f41b263	1	PAAL	hewiktionary	wikt:entry:p47080:r521707:o1332:t0	0.8	SILVER	ROOT_SHARES_ORTHOGRAPHY_WITH_OTHER_ROOT
RT-46c8246c63	"{{שרש3|שׁ|ר|ה}}, [[גזרת נל""י/ה]]"	שׁרה	ש	ר	ה			3	LAMED_YOD_HE	"גזרת נל""י/ה"	False	False	False	False	False	False	True	False	False	True	False	False	True	True	False	False	True	C.R.H	final_he	False	True	False	False	False	False	True	False	שרה	RG-ef9f41b263	1	PAAL	hewiktionary	wikt:entry:p47080:r521707:o2130:t0|wikt:entry:p47080:r521707:o3709:t0	0.96	SILVER	ROOT_SHARES_ORTHOGRAPHY_WITH_OTHER_ROOT
RT-f89954318d	{{שרש3|ט|מ|א}}	טמא	ט	מ	א			3			False	False	False	False	False	False	False	False	True	False	False	False	True	False	False	False	True	C.C.A	final_alef	False	False	False	False	False	False	True	False	טמא	RG-f89954318d	1	PAAL	hewiktionary	wikt:entry:p47199:r510339:o22:t0	0.8	SILVER	TRADITIONAL_CLASS_NOT_STATED
RT-0c08a19ff9	"{{שרש3|ע|כ|ב}}, [[גזרת השלמים]], [[פ""ג]]"	עכב	ע	כ	ב			3	SHLEMIM	גזרת השלמים	False	False	False	False	False	False	False	False	False	False	True	False	False	False	False	False	False	E.C.C	guttural_containing	False	False	False	False	False	False	True	False	עכב	RG-0c08a19ff9	1	PIEL	hewiktionary	wikt:conj:p46696:r258955:t0:פיעל עבר|wikt:entry:p47227:r520529:o0:t0	0.96	SILVER	
RT-bc4116fe86	{{שרש3|ח|ס|ן|א}}, [[גזרת השלמים]]	חסנ	ח	ס	נ			3	SHLEMIM	גזרת השלמים	False	False	False	False	False	False	False	False	False	False	True	False	False	False	False	False	False	X.C.N	guttural_containing	False	False	False	False	False	False	True	False	חסנ	RG-bc4116fe86	3	NIFAL|PIEL|PUAL	hewiktionary	wikt:conj:p59666:r432465:t0:פועל עבר|wikt:conj:p59666:r432465:t0:פיעל עבר|wikt:entry:p47380:r465983:o3272:t0|wikt:entry:p47380:r465983:o3902:t0|wikt:entry:p53550:r510549:o0:t0	0.96	SILVER	
RT-be81e8bdb4	{{שרש3|ת|א|ם}}	תאמ	ת	א	מ			3			False	False	False	False	False	False	False	False	False	False	False	True	False	False	False	False	False	C.A.C	guttural_containing	False	False	False	False	False	False	True	False	תאמ	RG-be81e8bdb4	2	PAAL|PIEL	hewiktionary	wikt:conj:p17742:r421892:t0:פיעל עבר|wikt:conj:p17742:r421892:t0:קל עבר|wikt:entry:p47541:r503002:o16:t0|wikt:entry:p47541:r503002:o861:t0	0.96	SILVER	TRADITIONAL_CLASS_NOT_STATED
RT-8d43bd750b	{{שרש3|כ|ה|ה}}	כהה	כ	ה	ה			3			False	False	False	False	False	False	True	False	False	True	False	True	True	False	True	False	True	C.H.H+GEM	geminate	False	True	False	False	False	True	True	False	כהה	RG-8d43bd750b	2	PAAL|PIEL	hewiktionary	wikt:entry:p47573:r523050:o0:t0|wikt:entry:p47573:r523050:o3864:t0	0.8	SILVER	TRADITIONAL_CLASS_NOT_STATED
RT-3cebd546ee	{{שרש3|נ|ס|ק}}	נסק	נ	ס	ק			3			True	False	False	False	False	False	False	False	False	False	False	False	False	False	False	False	True	N.C.C	initial_nun	False	False	False	True	False	False	False	False	נסק	RG-3cebd546ee	2	HIFIL|PAAL	hewiktionary	wikt:conj:p56705:r386329:t0:הפעיל עבר|wikt:conj:p56705:r386329:t0:קל עבר|wikt:entry:p47774:r519963:o0:t0|wikt:entry:p55519:r457688:o0:t0	0.96	SILVER	TRADITIONAL_CLASS_NOT_STATED
RT-f2fb0bce29	{{שרש3|מ|שׁ|ה}}	משׁה	מ	ש	ה			3			False	False	False	False	False	False	True	False	False	True	False	False	True	False	False	False	True	C.C.H	final_he	False	True	False	False	False	False	True	False	משה	RG-8dbfea5730	1	PAAL	hewiktionary	wikt:entry:p47850:r502829:o0:t0	0.8	SILVER	TRADITIONAL_CLASS_NOT_STATED
RT-17c649195f	"{{שרש3|מ|ר|א|א}}, [[גזרת נל""א]]"	מרא	מ	ר	א			3	LAMED_ALEF	"גזרת נל""א"	False	False	False	False	False	False	False	False	True	False	False	False	True	True	False	False	True	C.R.A	final_alef	False	False	False	False	False	False	True	False	מרא	RG-17c649195f	1	HIFIL	hewiktionary	wikt:conj:p47950:r310937:t0:הפעיל עבר|wikt:entry:p47976:r482505:o0:t0|wikt:entry:p47976:r482505:o2649:t0	0.992	SILVER	
RT-c368a69879	{{שרש3|נ|א|ר}}	נאר	נ	א	ר			3			True	False	False	False	False	False	False	False	False	False	False	True	False	True	False	False	True	N.A.R	initial_nun	False	False	False	True	False	False	True	False	נאר	RG-c368a69879	1	PIEL	hewiktionary	wikt:entry:p48016:r520480:o1079:t0	0.8	SILVER	TRADITIONAL_CLASS_NOT_STATED
RT-21465e7e00	"{{שרש3|י|ס|ד}}, [[גזרת נפ""יו]]"	יסד	י	ס	ד			3	PE_YOD_WAW	"גזרת נפ""יו"	False	True	False	False	False	False	False	False	False	False	False	False	False	False	False	False	True	Y.C.C	initial_yod_waw	False	False	False	False	True	False	False	False	יסד	RG-21465e7e00	3	NIFAL|PAAL|PIEL	hewiktionary	wikt:entry:p48056:r325813:o0:t0|wikt:entry:p57624:r398498:o0:t0|wikt:entry:p57624:r398498:o917:t0	0.8	SILVER	
RT-701642b0b9	"{{שרש3|מ|ו|ם}}, [[נספח:גזרת נע""ו/י|גזרת נע""ו/י]]"	מומ	מ	ו	מ			3	AYIN_WAW_YOD	"גזרת נע""ו/י"	False	False	False	False	False	True	False	False	False	False	False	False	False	False	False	False	True	C.W.C	hollow_candidate	False	False	True	False	False	False	False	False	מומ	RG-701642b0b9	1	HUFAL	hewiktionary	wikt:entry:p48075:r517986:o0:t0	0.8	SILVER	
RT-268d8ee7a3	"{{שרש3|ס|ו|ת}}, [[נספח:גזרת נע""ו/י|גזרת נע""ו/י]]"	סות	ס	ו	ת			3	AYIN_WAW_YOD	"גזרת נע""ו/י"	False	False	False	False	False	True	False	False	False	False	False	False	False	False	False	False	True	C.W.C	hollow_candidate	False	False	True	False	False	False	False	False	סות	RG-268d8ee7a3	1	HIFIL	hewiktionary	wikt:entry:p48076:r410555:o23:t0	0.8	SILVER	
RT-50f746ebf5	"{{שרש3|ק|שׁ|ה}}, [[גזרת נל""י/ה]]"	קשׁה	ק	ש	ה			3	LAMED_YOD_HE	"גזרת נל""י/ה"	False	False	False	False	False	False	True	False	False	True	False	False	True	False	False	False	True	C.C.H	final_he	False	True	False	False	False	False	True	False	קשה	RG-5ccd651b42	3	PAAL|PIEL|PUAL	hewiktionary	wikt:entry:p48244:r517676:o5562:t0|wikt:entry:p48244:r517676:o6452:t0|wikt:entry:p48244:r517676:o7346:t0	0.8	SILVER	
RT-e3c7872be1	{{שרש3|ט|נ|ן}}, [[גזרת הכפולים]]	טננ	ט	נ	נ			3	AYIN_AYIN	גזרת הכפולים	False	False	False	False	False	False	False	False	False	False	False	False	False	False	True	False	True	C.N.N+GEM	geminate	False	False	False	False	False	True	False	False	טננ	RG-e3c7872be1	2	HIFIL|PIEL	hewiktionary	wikt:entry:p48259:r422817:o0:t0|wikt:entry:p56676:r510345:o62:t0	0.8	SILVER	
RT-5bbee36ee0	{{שרש4|ט|ר|פ|ד}}, [[גזרת המרבעים|גזרת המרובעים]]	טרפד	ט	ר	פ	ד		4	QUADRILITERAL	גזרת המרבעים	False	False	False	False	False	False	False	False	False	False	False	False	False	True	False	False	False	C.R.C.C	quadriliteral	False	False	False	False	False	False	False	True	טרפד	RG-5bbee36ee0	2	PIEL|PUAL	hewiktionary	wikt:conj:p43506:r219264:t0:פועל עבר|wikt:entry:p48261:r449347:o0:t0|wikt:entry:p48261:r449347:o1071:t0	0.96	SILVER	
RT-be2e170116	{{שרש3|ג|מ|ז}}, [[גזרת השלמים]]	גמז	ג	מ	ז			3	SHLEMIM	גזרת השלמים	False	False	False	False	False	False	False	False	False	False	False	False	False	False	False	False	False	C.C.C	strong	True	False	False	False	False	False	False	False	גמז	RG-be2e170116	3	NIFAL|PAAL|PIEL	hewiktionary	wikt:entry:p48299:r406811:o0:t0|wikt:entry:p48299:r406811:o2463:t0|wikt:entry:p48318:r274783:o0:t0	0.8	SILVER	
RT-7bd125a98a	{{שרש3|ב|ל|ל}}, [[גזרת הכפולים]]	בלל	ב	ל	ל			3	AYIN_AYIN	גזרת הכפולים	False	False	False	False	False	False	False	False	False	False	False	False	False	False	True	False	True	C.C.C+GEM	geminate	False	False	False	False	False	True	False	False	בלל	RG-7bd125a98a	1	PAAL	hewiktionary	wikt:conj:p32491:r335426:t0:קל עבר|wikt:entry:p48306:r341142:o101:t0	0.96	SILVER	
RT-1ea5623984	{{שרש4|ג|ר|ג|ר}}	גרגר	ג	ר	ג	ר		4			False	False	False	False	False	False	False	False	False	False	False	False	False	True	False	True	False	C.R.C.R	quadriliteral	False	False	False	False	False	False	False	True	גרגר	RG-1ea5623984	1	PIEL	hewiktionary	wikt:entry:p48326:r518270:o91:t0	0.8	SILVER	TRADITIONAL_CLASS_NOT_STATED
RT-d40bed2dca	{{שרש4|ע|פ|ע|ף}}	עפעפ	ע	פ	ע	פ		4			False	False	False	False	False	False	False	False	False	False	True	False	True	False	False	True	False	E.C.E.C	quadriliteral	False	False	False	False	False	False	True	True	עפעפ	RG-d40bed2dca	1	PIEL	hewiktionary	wikt:entry:p48418:r513258:o2034:t0	0.8	SILVER	TRADITIONAL_CLASS_NOT_STATED
RT-2672f04045	{{שרש4|ב|נ|ז|ג}}	בנזג	ב	נ	ז	ג		4			False	False	False	False	False	False	False	False	False	False	False	False	False	False	False	False	False	C.N.C.C	quadriliteral	False	False	False	False	False	False	False	True	בנזג	RG-2672f04045	1	HITPAEL	hewiktionary	wikt:entry:p48531:r520180:o0:t0	0.8	SILVER	TRADITIONAL_CLASS_NOT_STATED
RT-e8b798fc84	{{שרש3|ח|ת|ת}}	חתת	ח	ת	ת			3			False	False	False	False	False	False	False	False	False	False	True	False	False	False	True	False	True	X.C.C+GEM	geminate	False	False	False	False	False	True	True	False	חתת	RG-e8b798fc84	1	PAAL	hewiktionary	wikt:entry:p48581:r521687:o1839:t0	0.8	SILVER	TRADITIONAL_CLASS_NOT_STATED
RT-f089d05306	{{שרש3|צ|ר|ד}}	צרד	צ	ר	ד			3			False	False	False	False	False	False	False	False	False	False	False	False	False	True	False	False	False	C.R.C	strong	True	False	False	False	False	False	False	False	צרד	RG-f089d05306	1	HITPAEL	hewiktionary	wikt:entry:p48755:r511473:o0:t0	0.8	SILVER	TRADITIONAL_CLASS_NOT_STATED
RT-67572b4934	{{שרש3|כ|מ|ת}}	כמת	כ	מ	ת			3			False	False	False	False	False	False	False	False	False	False	False	False	False	False	False	False	False	C.C.C	strong	True	False	False	False	False	False	False	False	כמת	RG-67572b4934	1	PIEL	hewiktionary	wikt:entry:p48929:r428233:o593:t0	0.8	SILVER	TRADITIONAL_CLASS_NOT_STATED
RT-e3ae144627	{{שרש4|ז|נ|ג|ף|קט=לא}}	זנגפ	ז	נ	ג	פ		4			False	False	False	False	False	False	False	False	False	False	False	False	False	False	False	False	False	C.N.C.C	quadriliteral	False	False	False	False	False	False	False	True	זנגפ	RG-e3ae144627	1	HITPAEL	hewiktionary	wikt:entry:p49062:r510017:o0:t0	0.8	SILVER	TRADITIONAL_CLASS_NOT_STATED
RT-d9aeada417	{{שרש3|ע|נ|ד}}	ענד	ע	נ	ד			3			False	False	False	False	False	False	False	False	False	False	True	False	False	False	False	False	False	E.N.C	guttural_containing	False	False	False	False	False	False	True	False	ענד	RG-d9aeada417	1	PAAL	hewiktionary	wikt:entry:p49243:r519265:o15:t0	0.8	SILVER	TRADITIONAL_CLASS_NOT_STATED
RT-6b82f7fd1f	{{שרש3|מ|ט|ר}}	מטר	מ	ט	ר			3			False	False	False	False	False	False	False	False	False	False	False	False	False	True	False	False	False	C.C.R	strong	True	False	False	False	False	False	False	False	מטר	RG-6b82f7fd1f	1	HIFIL	hewiktionary	wikt:entry:p49422:r285238:o0:t0	0.8	SILVER	TRADITIONAL_CLASS_NOT_STATED
RT-fa7cec1971	{{שרש3|ק|פ|ד א}}	קפד	ק	פ	ד			3			False	False	False	False	False	False	False	False	False	False	False	False	False	False	False	False	False	C.C.C	strong	True	False	False	False	False	False	False	False	קפד	RG-fa7cec1971	3	HIFIL|PIEL|PUAL	hewiktionary	wikt:entry:p49441:r409892:o680:t0|wikt:entry:p49441:r409892:o9:t0|wikt:entry:p53294:r474581:o0:t0	0.8	SILVER	TRADITIONAL_CLASS_NOT_STATED
RT-d95f6fdcaa	{{שרש3|ו|ת|ר}}	ותר	ו	ת	ר			3			False	False	True	False	False	False	False	False	False	False	False	False	False	True	False	False	True	W.C.R	initial_yod_waw	False	False	False	False	True	False	False	False	ותר	RG-d95f6fdcaa	1	PIEL	hewiktionary	wikt:entry:p49549:r522929:o0:t0	0.8	SILVER	TRADITIONAL_CLASS_NOT_STATED
RT-f97bfceef2	{{שרש3|פ|ר|ט}}	פרט	פ	ר	ט			3			False	False	False	False	False	False	False	False	False	False	False	False	False	True	False	False	False	C.R.C	strong	True	False	False	False	False	False	False	False	פרט	RG-f97bfceef2	1	PAAL	hewiktionary	wikt:conj:p14979:r327613:t0:קל עבר|wikt:entry:p49572:r518850:o23:t0	0.96	SILVER	TRADITIONAL_CLASS_NOT_STATED
RT-20746e113f	{{שרש|תרע|ת-ר־ע}}, [[גזרת השלמים]]	תרע	ת	ר	ע			3	SHLEMIM	גזרת השלמים	False	False	False	False	False	False	False	False	False	False	False	False	True	True	False	False	False	C.R.E	guttural_containing	False	False	False	False	False	False	True	False	תרע	RG-20746e113f	2	HIFIL|PAAL	hewiktionary	wikt:conj:p57558:r502622:t0:הפעיל עבר|wikt:conj:p57558:r502622:t0:קל עבר|wikt:entry:p49687:r317553:o0:t0|wikt:entry:p57559:r510281:o0:t0	0.96	SILVER	
RT-2c597d3bcd	{{שרש3|ר|ע|ל|גזרה= השלמים}}	רעל	ר	ע	ל			3			False	False	False	False	False	False	False	False	False	False	False	True	False	True	False	False	False	R.E.C	guttural_containing	False	False	False	False	False	False	True	False	רעל	RG-2c597d3bcd	1	HITPAEL	hewiktionary	wikt:conj:p45689:r452305:t0:התפעל עבר|wikt:entry:p49693:r385321:o0:t0	0.96	SILVER	TRADITIONAL_CLASS_NOT_STATED
RT-2c59ab335f	{{שרש3|ל|ט|ן|גזרה=השלמים}}	לטנ	ל	ט	נ			3			False	False	False	False	False	False	False	False	False	False	False	False	False	False	False	False	False	C.C.N	strong	True	False	False	False	False	False	False	False	לטנ	RG-2c59ab335f	1	PIEL	hewiktionary	wikt:entry:p49694:r416070:o0:t0	0.8	SILVER	TRADITIONAL_CLASS_NOT_STATED
RT-dde91870c0	"{{שרש3|ר|י|ק}}, [[נספח:גזרת נע""ו/י|גזרת נעו""י]]"	ריק	ר	י	ק			3	AYIN_WAW_YOD	"גזרת נעו""י"	False	False	False	False	True	False	False	False	False	False	False	False	False	True	False	False	True	R.Y.C	hollow_candidate	False	False	True	False	False	False	False	False	ריק	RG-dde91870c0	1	HIFIL	hewiktionary	wikt:entry:p49730:r519704:o0:t0	0.8	SILVER	
RT-9b90056740	{{שרש3|ר|ד|ף}}, [[גזרת השלמים]]	רדפ	ר	ד	פ			3	SHLEMIM	גזרת השלמים	False	False	False	False	False	False	False	False	False	False	False	False	False	True	False	False	False	R.C.C	strong	True	False	False	False	False	False	False	False	רדפ	RG-9b90056740	3	NIFAL|PAAL|PIEL	hewiktionary	wikt:entry:p49740:r520651:o0:t0|wikt:entry:p49740:r520651:o1739:t0|wikt:entry:p53413:r510582:o9:t0	0.8	SILVER	
RT-4d6702f15b	{{שרש3|נ|ס|ס}}, [[גזרת הכפולים]]	נסס	נ	ס	ס			3	AYIN_AYIN	גזרת הכפולים	True	False	False	False	False	False	False	False	False	False	False	False	False	False	True	False	True	N.C.C+GEM	geminate	False	False	False	True	False	True	False	False	נסס	RG-4d6702f15b	1	HITPAEL	hewiktionary	wikt:entry:p49741:r413453:o0:t0	0.8	SILVER	
RT-0078cb3c62	{{שרש3|ג|ד|ף|גזרה=השלמים}}	גדפ	ג	ד	פ			3			False	False	False	False	False	False	False	False	False	False	False	False	False	False	False	False	False	C.C.C	strong	True	False	False	False	False	False	False	False	גדפ	RG-0078cb3c62	1	PIEL	hewiktionary	wikt:entry:p49743:r416069:o0:t0	0.8	SILVER	TRADITIONAL_CLASS_NOT_STATED
RT-43e9a884f8	{{שרש3|פ|ז|ם}}	פזמ	פ	ז	מ			3	SHLEMIM	גזרת השלמים	False	False	False	False	False	False	False	False	False	False	False	False	False	False	False	False	False	C.C.C	strong	True	False	False	False	False	False	False	False	פזמ	RG-43e9a884f8	2	PAAL|PIEL	hewiktionary	wikt:entry:p49793:r424412:o49:t0|wikt:entry:p49793:r424412:o581:t0	0.8	SILVER	
RT-16863f671d	{{שרש3|ע|ל|ץ}}, [[גזרת השלמים]]	עלצ	ע	ל	צ			3	SHLEMIM	גזרת השלמים	False	False	False	False	False	False	False	False	False	False	True	False	False	False	False	False	False	E.C.C	guttural_containing	False	False	False	False	False	False	True	False	עלצ	RG-16863f671d	1	PAAL	hewiktionary	wikt:entry:p49794:r413457:o0:t0	0.8	SILVER	
RT-b227bbe7c1	{{שרש3|ד|ב|ב}}	דבב	ד	ב	ב			3			False	False	False	False	False	False	False	False	False	False	False	False	False	False	True	False	True	C.C.C+GEM	geminate	False	False	False	False	False	True	False	False	דבב	RG-b227bbe7c1	1	PIEL	hewiktionary	wikt:entry:p50177:r521347:o0:t0	0.8	SILVER	TRADITIONAL_CLASS_NOT_STATED
RT-ba4b823d79	{{שרש3|ח|שׁ|ד}}	חשׁד	ח	ש	ד			3			False	False	False	False	False	False	False	False	False	False	True	False	False	False	False	False	False	X.C.C	guttural_containing	False	False	False	False	False	False	True	False	חשד	RG-137840d426	1	PAAL	hewiktionary	wikt:conj:p56212:r379445:t0:קל עבר|wikt:entry:p50178:r379449:o774:t0	0.96	SILVER	TRADITIONAL_CLASS_NOT_STATED
RT-b3698da4c8	{{שרש3|ע|ר|ף|א}}	ערפ	ע	ר	פ			3			False	False	False	False	False	False	False	False	False	False	True	False	False	True	False	False	False	E.R.C	guttural_containing	False	False	False	False	False	False	True	False	ערפ	RG-b3698da4c8	1	PAAL	hewiktionary	wikt:entry:p50262:r520547:o2105:t0|wikt:entry:p50262:r520547:o3071:t0	0.96	SILVER	TRADITIONAL_CLASS_NOT_STATED
RT-f38c6f2733	{{שרש3|ח|ל|ץ|גזרה=השלמים}}	חלצ	ח	ל	צ			3			False	False	False	False	False	False	False	False	False	False	True	False	False	False	False	False	False	X.C.C	guttural_containing	False	False	False	False	False	False	True	False	חלצ	RG-f38c6f2733	2	PAAL|PIEL	hewiktionary	wikt:entry:p50298:r510308:o1282:t0|wikt:entry:p50298:r510308:o64:t0	0.8	SILVER	TRADITIONAL_CLASS_NOT_STATED
RT-8701065d88	{{שרש3|ח|צ|ץ|גזרה=הכפולים}}	חצצ	ח	צ	צ			3			False	False	False	False	False	False	False	False	False	False	True	False	False	False	True	False	True	X.C.C+GEM	geminate	False	False	False	False	False	True	True	False	חצצ	RG-8701065d88	2	PAAL|PUAL	hewiktionary	wikt:entry:p50300:r512092:o0:t0|wikt:entry:p50300:r512092:o2761:t0	0.8	SILVER	TRADITIONAL_CLASS_NOT_STATED
RT-d43e094054	{{שרש3|שׁ|ו|ה}}	שׁוה	ש	ו	ה			3			False	False	False	False	False	True	True	False	False	True	False	False	True	False	False	False	True	C.W.H	hollow_candidate	False	True	True	False	False	False	True	False	שוה	RG-1b2ac52d53	2	PAAL|PIEL	hewiktionary	wikt:entry:p50365:r511319:o1896:t0|wikt:entry:p50365:r511319:o2466:t0	0.8	SILVER	TRADITIONAL_CLASS_NOT_STATED
RT-8aa611dd88	{{שרש3|ס|ר|ק}}	סרק	ס	ר	ק			3			False	False	False	False	False	False	False	False	False	False	False	False	False	True	False	False	False	C.R.C	strong	True	False	False	False	False	False	False	False	סרק	RG-8aa611dd88	2	PAAL|PIEL	hewiktionary	wikt:entry:p50377:r521966:o1322:t0|wikt:entry:p50377:r521966:o3065:t0	0.8	SILVER	TRADITIONAL_CLASS_NOT_STATED
RT-7dac87b4a0	{{שרש3|ז|י|ף}}	זיפ	ז	י	פ			3			False	False	False	False	True	False	False	False	False	False	False	False	False	False	False	False	True	C.Y.C	hollow_candidate	False	False	True	False	False	False	False	False	זיפ	RG-7dac87b4a0	1	PIEL	hewiktionary	wikt:entry:p50385:r464641:o0:t0	0.8	SILVER	TRADITIONAL_CLASS_NOT_STATED
RT-1a0ce8ce64	{{שרש3|מ|ו|ט}}	מוט	מ	ו	ט			3			False	False	False	False	False	True	False	False	False	False	False	False	False	False	False	False	True	C.W.C	hollow_candidate	False	False	True	False	False	False	False	False	מוט	RG-1a0ce8ce64	3	HIFIL|HITPAEL|PAAL	hewiktionary	wikt:entry:p50407:r523123:o31:t0|wikt:entry:p62879:r486161:o0:t0|wikt:entry:p63216:r496703:o0:t0	0.8	SILVER	TRADITIONAL_CLASS_NOT_STATED
RT-83ff6ca1cd	{{שרש3|א|פ|ק ב}}	אפק	א	פ	ק			3			False	False	False	True	False	False	False	False	False	False	True	False	False	False	False	False	True	A.C.C	initial_alef	False	False	False	False	False	False	True	False	אפק	RG-83ff6ca1cd	1	HITPAEL	hewiktionary	wikt:entry:p50410:r478375:o0:t0	0.8	SILVER	TRADITIONAL_CLASS_NOT_STATED
RT-807e4fc384	{{שרש3|ק|ד|ר}}	קדר	ק	ד	ר			3			False	False	False	False	False	False	False	False	False	False	False	False	False	True	False	False	False	C.C.R	strong	True	False	False	False	False	False	False	False	קדר	RG-807e4fc384	1	PAAL	hewiktionary	wikt:entry:p50421:r516148:o1882:t0|wikt:entry:p50421:r516148:o2343:t0	0.96	SILVER	TRADITIONAL_CLASS_NOT_STATED
RT-8c0126852d	{{שרש3|א|ט|ר}}	אטר	א	ט	ר			3			False	False	False	True	False	False	False	False	False	False	True	False	False	True	False	False	True	A.C.R	initial_alef	False	False	False	False	False	False	True	False	אטר	RG-8c0126852d	1	PAAL	hewiktionary	wikt:entry:p50438:r503403:o0:t0	0.8	SILVER	TRADITIONAL_CLASS_NOT_STATED
RT-339decada1	{{שרש3|שׁ|ס|ע}}	שׁסע	ש	ס	ע			3			False	False	False	False	False	False	False	False	False	False	False	False	True	False	False	False	False	C.C.E	guttural_containing	False	False	False	False	False	False	True	False	שסע	RG-43425178fc	1	PIEL	hewiktionary	wikt:entry:p50458:r495220:o597:t0	0.8	SILVER	TRADITIONAL_CLASS_NOT_STATED
RT-f736c4a75a	{{שרש3|פ|ס|ג א}}	פסג	פ	ס	ג			3			False	False	False	False	False	False	False	False	False	False	False	False	False	False	False	False	False	C.C.C	strong	True	False	False	False	False	False	False	False	פסג	RG-f736c4a75a	1	PIEL	hewiktionary	wikt:entry:p50461:r318203:o0:t0|wikt:entry:p50461:r318203:o230:t0	0.96	SILVER	TRADITIONAL_CLASS_NOT_STATED
RT-07a5d675bd	"{{שרש3|פ|ו|ץ|גזרה=נעו""י}}"	פוצ	פ	ו	צ			3			False	False	False	False	False	True	False	False	False	False	False	False	False	False	False	False	True	C.W.C	hollow_candidate	False	False	True	False	False	False	False	False	פוצ	RG-07a5d675bd	1	NIFAL	hewiktionary	wikt:entry:p50472:r517637:o0:t0	0.8	SILVER	TRADITIONAL_CLASS_NOT_STATED
RT-10b562fc72	{{שרש3|פ|ז|ר}}	פזר	פ	ז	ר			3			False	False	False	False	False	False	False	False	False	False	False	False	False	True	False	False	False	C.C.R	strong	True	False	False	False	False	False	False	False	פזר	RG-10b562fc72	2	PIEL|PUAL	hewiktionary	wikt:entry:p50484:r421036:o1194:t0|wikt:entry:p50484:r421036:o16:t0	0.8	SILVER	TRADITIONAL_CLASS_NOT_STATED
RT-550c758383	{{שרש3|ב|ד|ר}}	בדר	ב	ד	ר			3			False	False	False	False	False	False	False	False	False	False	False	False	False	True	False	False	False	C.C.R	strong	True	False	False	False	False	False	False	False	בדר	RG-550c758383	2	HITPAEL|PIEL	hewiktionary	wikt:conj:p17634:r76348:t0:פיעל עבר|wikt:entry:p50486:r306707:o0:t0|wikt:entry:p53651:r424867:o0:t0	0.96	SILVER	TRADITIONAL_CLASS_NOT_STATED
RT-4d0702d548	{{שרש3|ח|מ|ק}}	חמק	ח	מ	ק			3			False	False	False	False	False	False	False	False	False	False	True	False	False	False	False	False	False	X.C.C	guttural_containing	False	False	False	False	False	False	True	False	חמק	RG-4d0702d548	1	PAAL	hewiktionary	wikt:entry:p50512:r511073:o0:t0	0.8	SILVER	TRADITIONAL_CLASS_NOT_STATED
RT-dfe309e383	{{שרש3|צ|ד|ה}}	צדה	צ	ד	ה			3			False	False	False	False	False	False	True	False	False	True	False	False	True	False	False	False	True	C.C.H	final_he	False	True	False	False	False	False	True	False	צדה	RG-dfe309e383	1	PAAL	hewiktionary	wikt:entry:p50514:r411421:o186:t0	0.8	SILVER	TRADITIONAL_CLASS_NOT_STATED
RT-430c27ab7f	{{שרש3|שׁ|ו|ע}}	שׁוע	ש	ו	ע			3			False	False	False	False	False	True	False	False	False	False	False	False	True	False	False	False	True	C.W.E	hollow_candidate	False	False	True	False	False	False	True	False	שוע	RG-31c55a91da	1	PIEL	hewiktionary	wikt:entry:p50531:r511422:o1766:t0	0.8	SILVER	TRADITIONAL_CLASS_NOT_STATED
RT-81d27a9d2a	{{שרש3|ס|ר|ג}}	סרג	ס	ר	ג			3			False	False	False	False	False	False	False	False	False	False	False	False	False	True	False	False	False	C.R.C	strong	True	False	False	False	False	False	False	False	סרג	RG-81d27a9d2a	1	PAAL	hewiktionary	wikt:entry:p50547:r522245:o14:t0	0.8	SILVER	TRADITIONAL_CLASS_NOT_STATED
RT-e3c4c8755e	{{שרש3|מ|ו|ח}}	מוח	מ	ו	ח			3			False	False	False	False	False	True	False	False	False	False	False	False	True	False	False	False	True	C.W.X	hollow_candidate	False	False	True	False	False	False	True	False	מוח	RG-e3c4c8755e	1	NIFAL	hewiktionary	wikt:entry:p50571:r516340:o0:t0	0.8	SILVER	TRADITIONAL_CLASS_NOT_STATED
RT-f88804b69c	{{שרש3|פ|ט|ם}}	פטמ	פ	ט	מ			3			False	False	False	False	False	False	False	False	False	False	False	False	False	False	False	False	False	C.C.C	strong	True	False	False	False	False	False	False	False	פטמ	RG-f88804b69c	1	PIEL	hewiktionary	wikt:entry:p50574:r489952:o658:t0	0.8	SILVER	TRADITIONAL_CLASS_NOT_STATED
RT-2cf81e1720	{{שרש3|ג|ר|ס}}	גרס	ג	ר	ס			3			False	False	False	False	False	False	False	False	False	False	False	False	False	True	False	False	False	C.R.C	strong	True	False	False	False	False	False	False	False	גרס	RG-2cf81e1720	1	PAAL	hewiktionary	wikt:entry:p50601:r518979:o0:t0	0.8	SILVER	TRADITIONAL_CLASS_NOT_STATED
RT-524b762cc2	{{שרש3|שׁ|נ|ן}}	שׁננ	ש	נ	נ			3	SHLEMIM	שלמים	False	False	False	False	False	False	False	False	False	False	False	False	False	False	True	False	True	C.N.N+GEM	geminate	False	False	False	False	False	True	False	False	שננ	RG-2bf3d74637	2	PAAL|PIEL	hewiktionary	wikt:entry:p50603:r511081:o16:t0|wikt:entry:p50603:r511081:o371:t0	0.8	SILVER	
RT-052fbd8116	{{שרש3|ר|צ|ע}}	רצע	ר	צ	ע			3			False	False	False	False	False	False	False	False	False	False	False	False	True	True	False	False	False	R.C.E	guttural_containing	False	False	False	False	False	False	True	False	רצע	RG-052fbd8116	1	PAAL	hewiktionary	wikt:entry:p50628:r342841:o0:t0	0.8	SILVER	TRADITIONAL_CLASS_NOT_STATED
RT-1e7a55b208	{{שרש3|ח|ר|ך|גזרה=השלמים}}	חרכ	ח	ר	כ			3			False	False	False	False	False	False	False	False	False	False	True	False	False	True	False	False	False	X.R.C	guttural_containing	False	False	False	False	False	False	True	False	חרכ	RG-1e7a55b208	1	PAAL	hewiktionary	wikt:entry:p50633:r445963:o1507:t0	0.8	SILVER	TRADITIONAL_CLASS_NOT_STATED
RT-226481eebc	{{שרש3|ש|ג|ב}}	שגב	ש	ג	ב			3			False	False	False	False	False	False	False	False	False	False	False	False	False	False	False	False	False	C.C.C	strong	True	False	False	False	False	False	False	False	שגב	RG-226481eebc	1	PAAL	hewiktionary	wikt:entry:p50638:r304045:o0:t0	0.8	SILVER	SHIN_SIN_UNRESOLVED|TRADITIONAL_CLASS_NOT_STATED
RT-1f3f156105	{{שרש3|ח|ט|א}}	חטא	ח	ט	א			3			False	False	False	False	False	False	False	False	True	False	True	False	True	False	False	False	True	X.C.A	final_alef	False	False	False	False	False	False	True	False	חטא	RG-1f3f156105	2	HIFIL|HITPAEL	hewiktionary	wikt:entry:p50661:r511072:o0:t0|wikt:entry:p50661:r511072:o627:t0|wikt:entry:p63355:r499246:o0:t0	0.96	SILVER	TRADITIONAL_CLASS_NOT_STATED
RT-00234933fa	{{שרש3|פ|נ|ק}}	פנק	פ	נ	ק			3			False	False	False	False	False	False	False	False	False	False	False	False	False	False	False	False	False	C.N.C	strong	True	False	False	False	False	False	False	False	פנק	RG-00234933fa	2	HITPAEL|PIEL	hewiktionary	wikt:conj:p45430:r324731:t0:פיעל עבר|wikt:entry:p50662:r308877:o0:t0|wikt:entry:p55482:r412217:o37:t0	0.96	SILVER	TRADITIONAL_CLASS_NOT_STATED
RT-605dd0e734	{{שרש3|ע|נ|ג}}	ענג	ע	נ	ג			3			False	False	False	False	False	False	False	False	False	False	True	False	False	False	False	False	False	E.N.C	guttural_containing	False	False	False	False	False	False	True	False	ענג	RG-605dd0e734	2	HITPAEL|PIEL	hewiktionary	wikt:entry:p50663:r438217:o0:t0|wikt:entry:p55481:r490154:o0:t0	0.8	SILVER	TRADITIONAL_CLASS_NOT_STATED
RT-16f461128e	{{שרש3|ס|ג|ף}}	סגפ	ס	ג	פ			3			False	False	False	False	False	False	False	False	False	False	False	False	False	False	False	False	False	C.C.C	strong	True	False	False	False	False	False	False	False	סגפ	RG-16f461128e	2	HITPAEL|PIEL	hewiktionary	wikt:conj:p56656:r385863:t0:התפעל עבר|wikt:conj:p56656:r385863:t0:פיעל עבר|wikt:entry:p50664:r302499:o0:t0|wikt:entry:p56655:r510596:o0:t0	0.96	SILVER	TRADITIONAL_CLASS_NOT_STATED
RT-e95d514710	{{שרש3|ק|ד|ח}}	קדח	ק	ד	ח			3			False	False	False	False	False	False	False	False	False	False	False	False	True	False	False	False	False	C.C.X	guttural_containing	False	False	False	False	False	False	True	False	קדח	RG-e95d514710	2	HIFIL|PAAL	hewiktionary	wikt:conj:p53069:r324120:t0:קל עבר|wikt:conj:p53070:r324122:t0:קל עבר|wikt:entry:p50701:r495710:o0:t0|wikt:entry:p50701:r495710:o831:t0|wikt:entry:p50705:r302504:o0:t0	0.9984	SILVER	TRADITIONAL_CLASS_NOT_STATED
RT-06e24f4fdc	{{שרש3|כ|פ|שׁ}}	כפשׁ	כ	פ	ש			3			False	False	False	False	False	False	False	False	False	False	False	False	False	False	False	False	False	C.C.C	strong	True	False	False	False	False	False	False	False	כפש	RG-4554d8aaf3	1	HIFIL	hewiktionary	wikt:conj:p57513:r396943:t0:הפעיל עבר|wikt:entry:p50709:r419752:o0:t0	0.96	SILVER	TRADITIONAL_CLASS_NOT_STATED
RT-d11ff200b8	{{שרש3|ק|פ|שׁ}}	קפשׁ	ק	פ	ש			3			False	False	False	False	False	False	False	False	False	False	False	False	False	False	False	False	False	C.C.C	strong	True	False	False	False	False	False	False	False	קפש	RG-2839230603	1	PAAL	hewiktionary	wikt:entry:p50710:r497204:o0:t0	0.8	SILVER	TRADITIONAL_CLASS_NOT_STATED
RT-b539fc3434	{{שרש3|ש|ר|ר}}	שרר	ש	ר	ר			3			False	False	False	False	False	False	False	False	False	False	False	False	False	True	True	False	True	C.R.R+GEM	geminate	False	False	False	False	False	True	False	False	שרר	RG-b539fc3434	1	HITPAEL	hewiktionary	wikt:entry:p50713:r396161:o0:t0	0.8	SILVER	ROOT_SHARES_ORTHOGRAPHY_WITH_OTHER_ROOT|SHIN_SIN_UNRESOLVED|TRADITIONAL_CLASS_NOT_STATED
RT-8c38df069a	{{שרש3|ס|ל|ד}}	סלד	ס	ל	ד			3			False	False	False	False	False	False	False	False	False	False	False	False	False	False	False	False	False	C.C.C	strong	True	False	False	False	False	False	False	False	סלד	RG-8c38df069a	1	PAAL	hewiktionary	wikt:entry:p50714:r500851:o0:t0	0.8	SILVER	TRADITIONAL_CLASS_NOT_STATED
RT-16270cfa0b	{{שרש3|נ|כ|ל}}	נכל	נ	כ	ל			3			True	False	False	False	False	False	False	False	False	False	False	False	False	False	False	False	True	N.C.C	initial_nun	False	False	False	True	False	False	False	False	נכל	RG-16270cfa0b	3	HITPAEL|PAAL|PIEL	hewiktionary	wikt:conj:p56678:r386094:t0:התפעל עבר|wikt:conj:p56678:r386094:t0:פיעל עבר|wikt:conj:p56678:r386094:t0:קל עבר|wikt:entry:p50732:r439531:o0:t0|wikt:entry:p56677:r513918:o0:t0|wikt:entry:p56677:r513918:o327:t0	0.96	SILVER	TRADITIONAL_CLASS_NOT_STATED
RT-b11efb35e5	{{שרש4|ס|ל|ס|ל}}	סלסל	ס	ל	ס	ל		4			False	False	False	False	False	False	False	False	False	False	False	False	False	False	False	True	False	C.C.C.C	quadriliteral	False	False	False	False	False	False	False	True	סלסל	RG-b11efb35e5	1	PIEL	hewiktionary	wikt:entry:p50733:r455850:o0:t0	0.8	SILVER	TRADITIONAL_CLASS_NOT_STATED
RT-d9549a53e8	{{שרש3|ס|מ|ר}}	סמר	ס	מ	ר			3			False	False	False	False	False	False	False	False	False	False	False	False	False	True	False	False	False	C.C.R	strong	True	False	False	False	False	False	False	False	סמר	RG-d9549a53e8	2	PAAL|PIEL	hewiktionary	wikt:entry:p50758:r500810:o14:t0|wikt:entry:p50758:r500810:o368:t0	0.8	SILVER	TRADITIONAL_CLASS_NOT_STATED
RT-f6a28b7052	{{שרש3|צ|מ|ד}}	צמד	צ	מ	ד			3			False	False	False	False	False	False	False	False	False	False	False	False	False	False	False	False	False	C.C.C	strong	True	False	False	False	False	False	False	False	צמד	RG-f6a28b7052	1	HIFIL	hewiktionary	wikt:conj:p45595:r237198:t0:הפעיל עבר|wikt:entry:p50759:r501296:o0:t0	0.96	SILVER	TRADITIONAL_CLASS_NOT_STATED
RT-e4e35167a8	{{שרש3|א|ו|ת}}	אות	א	ו	ת			3			False	False	False	True	False	True	False	False	False	False	True	False	False	False	False	False	True	A.W.C	hollow_candidate	False	False	True	False	False	False	True	False	אות	RG-e4e35167a8	1	PIEL	hewiktionary	wikt:entry:p50791:r323950:o0:t0	0.8	SILVER	TRADITIONAL_CLASS_NOT_STATED
RT-69c52549a7	{{שרש3|ר|ג|ז}}	רגז	ר	ג	ז			3			False	False	False	False	False	False	False	False	False	False	False	False	False	True	False	False	False	R.C.C	strong	True	False	False	False	False	False	False	False	רגז	RG-69c52549a7	1	PAAL	hewiktionary	wikt:entry:p50797:r503238:o1144:t0	0.8	SILVER	TRADITIONAL_CLASS_NOT_STATED
RT-15be70d155	{{שרש3|ל|ו|ה}}	לוה	ל	ו	ה			3			False	False	False	False	False	True	True	False	False	True	False	False	True	False	False	False	True	C.W.H	hollow_candidate	False	True	True	False	False	False	True	False	לוה	RG-15be70d155	2	PIEL|PUAL	hewiktionary	wikt:entry:p50856:r511402:o1820:t0|wikt:entry:p50856:r511402:o2614:t0	0.8	SILVER	TRADITIONAL_CLASS_NOT_STATED
RT-f665ff1d91	{{שרש3|ד|ל|ף}}	דלפ	ד	ל	פ			3			False	False	False	False	False	False	False	False	False	False	False	False	False	False	False	False	False	C.C.C	strong	True	False	False	False	False	False	False	False	דלפ	RG-f665ff1d91	1	PAAL	hewiktionary	wikt:entry:p50859:r492327:o0:t0	0.8	SILVER	TRADITIONAL_CLASS_NOT_STATED
RT-8a973a7a99	{{שרש3|ח|ת|ר}}	חתר	ח	ת	ר			3			False	False	False	False	False	False	False	False	False	False	True	False	False	True	False	False	False	X.C.R	guttural_containing	False	False	False	False	False	False	True	False	חתר	RG-8a973a7a99	1	PAAL	hewiktionary	wikt:conj:p57854:r445805:t0:קל עבר|wikt:entry:p50868:r500718:o0:t0	0.96	SILVER	TRADITIONAL_CLASS_NOT_STATED
RT-a022f422e9	{{שרש3|שׁ|פ|ל}}	שׁפל	ש	פ	ל			3			False	False	False	False	False	False	False	False	False	False	False	False	False	False	False	False	False	C.C.C	strong	True	False	False	False	False	False	False	False	שפל	RG-be199f4ffc	1	PAAL	hewiktionary	wikt:entry:p50882:r516355:o3317:t0	0.8	SILVER	TRADITIONAL_CLASS_NOT_STATED
RT-59849e209b	{{שרש3|פ|ג|ר}}ב	פגר	פ	ג	ר			3		ב	False	False	False	False	False	False	False	False	False	False	False	False	False	True	False	False	False	C.C.R	strong	True	False	False	False	False	False	False	False	פגר	RG-59849e209b	1	PIEL	hewiktionary	wikt:entry:p50904:r520573:o1601:t0	0.8	SILVER	TRADITIONAL_CLASS_NOT_STATED|TRADITIONAL_CLASS_UNMAPPED_LABEL
RT-85c86cf6d0	{{שרש3|ל|ח|ך}}	לחכ	ל	ח	כ			3			False	False	False	False	False	False	False	False	False	False	False	True	False	False	False	False	False	C.X.C	guttural_containing	False	False	False	False	False	False	True	False	לחכ	RG-85c86cf6d0	1	PIEL	hewiktionary	wikt:entry:p50911:r510410:o0:t0	0.8	SILVER	TRADITIONAL_CLASS_NOT_STATED
RT-4db7bc2bb6	{{שרש3|י|ע|ל}}	יעל	י	ע	ל			3			False	True	False	False	False	False	False	False	False	False	False	True	False	False	False	False	True	Y.E.C	initial_yod_waw	False	False	False	False	True	False	True	False	יעל	RG-4db7bc2bb6	1	HIFIL	hewiktionary	wikt:conj:p32454:r266371:t0:הפעיל עבר|wikt:entry:p50913:r442443:o0:t0	0.96	SILVER	TRADITIONAL_CLASS_NOT_STATED
RT-ecd00b0be7	{{שרש3|ס|ו|ה}}	סוה	ס	ו	ה			3			False	False	False	False	False	True	True	False	False	True	False	False	True	False	False	False	True	C.W.H	hollow_candidate	False	True	True	False	False	False	True	False	סוה	RG-ecd00b0be7	1	HIFIL	hewiktionary	wikt:entry:p50938:r323932:o16:t0	0.8	SILVER	TRADITIONAL_CLASS_NOT_STATED
RT-8215d11e5a	{{שרש3|ד|ה|ה}}	דהה	ד	ה	ה			3			False	False	False	False	False	False	True	False	False	True	False	True	True	False	True	False	True	C.H.H+GEM	geminate	False	True	False	False	False	True	True	False	דהה	RG-8215d11e5a	1	PAAL	hewiktionary	wikt:entry:p50951:r511435:o2:t0	0.8	SILVER	TRADITIONAL_CLASS_NOT_STATED
RT-22c497c4c0	{{שרש3|ג|א|ה}}	גאה	ג	א	ה			3			False	False	False	False	False	False	True	False	False	True	False	True	True	False	False	False	True	C.A.H	final_he	False	True	False	False	False	False	True	False	גאה	RG-22c497c4c0	1	PAAL	hewiktionary	wikt:conj:p33338:r324066:t0:קל עבר|wikt:entry:p50971:r476507:o3049:t0	0.96	SILVER	TRADITIONAL_CLASS_NOT_STATED
RT-7823f63291	{{שרש3|ז|ל|ג}}	זלג	ז	ל	ג			3			False	False	False	False	False	False	False	False	False	False	False	False	False	False	False	False	False	C.C.C	strong	True	False	False	False	False	False	False	False	זלג	RG-7823f63291	1	PAAL	hewiktionary	wikt:entry:p50990:r429013:o0:t0	0.8	SILVER	TRADITIONAL_CLASS_NOT_STATED
RT-df48ebb624	{{שרש3|ס|מ|ך}}	סמכ	ס	מ	כ			3			False	False	False	False	False	False	False	False	False	False	False	False	False	False	False	False	False	C.C.C	strong	True	False	False	False	False	False	False	False	סמכ	RG-df48ebb624	1	PAAL	hewiktionary	wikt:entry:p50995:r510607:o15:t0	0.8	SILVER	TRADITIONAL_CLASS_NOT_STATED
RT-b232beee8b	{{שרש3|ג|ח|ן}}	גחנ	ג	ח	נ			3			False	False	False	False	False	False	False	False	False	False	False	True	False	False	False	False	False	C.X.N	guttural_containing	False	False	False	False	False	False	True	False	גחנ	RG-b232beee8b	1	PAAL	hewiktionary	wikt:entry:p51023:r510143:o15:t0	0.8	SILVER	TRADITIONAL_CLASS_NOT_STATED
RT-efc77326b6	{{שרש3|נ|ג|ח}}	נגח	נ	ג	ח			3			True	False	False	False	False	False	False	False	False	False	False	False	True	False	False	False	True	N.C.X	initial_nun	False	False	False	True	False	False	True	False	נגח	RG-efc77326b6	3	HIFIL|PAAL|PIEL	hewiktionary	wikt:conj:p56645:r516312:t0:הפעיל עבר|wikt:conj:p56645:r516312:t0:פיעל עבר|wikt:conj:p56645:r516312:t0:קל עבר|wikt:entry:p51024:r502027:o16:t0|wikt:entry:p51024:r502027:o733:t0|wikt:entry:p51025:r514644:o698:t0	0.96	SILVER	TRADITIONAL_CLASS_NOT_STATED
RT-a995dd8b92	{{שרש3|ח|ב|שׁ}}	חבשׁ	ח	ב	ש			3			False	False	False	False	False	False	False	False	False	False	True	False	False	False	False	False	False	X.C.C	guttural_containing	False	False	False	False	False	False	True	False	חבש	RG-eb8597d344	2	PAAL|PUAL	hewiktionary	wikt:entry:p51128:r517203:o3550:t0|wikt:entry:p51128:r517203:o74:t0	0.8	SILVER	TRADITIONAL_CLASS_NOT_STATED
RT-a493b75f95	{{שרש3|ג|ס|ס}}	גסס	ג	ס	ס			3			False	False	False	False	False	False	False	False	False	False	False	False	False	False	True	False	True	C.C.C+GEM	geminate	False	False	False	False	False	True	False	False	גסס	RG-a493b75f95	3	HIFIL|PAAL	hewiktionary	wikt:entry:p51178:r510151:o1465:t0|wikt:entry:p52845:r510154:o0:t0|wikt:entry:p60328:r443062:o350:t0|wikt:entry:p60328:r443062:o9:t0	0.96	SILVER	TRADITIONAL_CLASS_NOT_STATED
RT-e46ff45fa3	{{שרש3|ת|ל|ה}}	תלה	ת	ל	ה			3			False	False	False	False	False	False	True	False	False	True	False	False	True	False	False	False	True	C.C.H	final_he	False	True	False	False	False	False	True	False	תלה	RG-e46ff45fa3	2	NIFAL|PAAL	hewiktionary	wikt:entry:p51244:r511428:o21:t0|wikt:entry:p51247:r510589:o0:t0	0.8	SILVER	TRADITIONAL_CLASS_NOT_STATED
RT-37cf796766	{{שרש3|מ|ח|ל}}	מחל	מ	ח	ל			3			False	False	False	False	False	False	False	False	False	False	False	True	False	False	False	False	False	C.X.C	guttural_containing	False	False	False	False	False	False	True	False	מחל	RG-37cf796766	1	PAAL	hewiktionary	wikt:entry:p51255:r512464:o153:t0	0.8	SILVER	TRADITIONAL_CLASS_NOT_STATED
RT-9bc7903bd1	{{שרש3|ט|מ|ן}}	טמנ	ט	מ	נ			3			False	False	False	False	False	False	False	False	False	False	False	False	False	False	False	False	False	C.C.N	strong	True	False	False	False	False	False	False	False	טמנ	RG-9bc7903bd1	1	PAAL	hewiktionary	wikt:entry:p51261:r446895:o0:t0	0.8	SILVER	TRADITIONAL_CLASS_NOT_STATED
RT-565280094f	{{שרש3|ח|נ|ף}}	חנפ	ח	נ	פ			3			False	False	False	False	False	False	False	False	False	False	True	False	False	False	False	False	False	X.N.C	guttural_containing	False	False	False	False	False	False	True	False	חנפ	RG-565280094f	4	HIFIL|HITPAEL|PAAL|PIEL	hewiktionary	wikt:entry:p51333:r510317:o1280:t0|wikt:entry:p51333:r510317:o2421:t0|wikt:entry:p51335:r510208:o0:t0|wikt:entry:p57482:r511497:o0:t0	0.8	SILVER	TRADITIONAL_CLASS_NOT_STATED
RT-5b9403687f	{{שרש3|ת|נ|ה}}	תנה	ת	נ	ה			3			False	False	False	False	False	False	True	False	False	True	False	False	True	False	False	False	True	C.N.H	final_he	False	True	False	False	False	False	True	False	תנה	RG-5b9403687f	1	HIFIL	hewiktionary	wikt:entry:p51344:r512107:o0:t0	0.8	SILVER	TRADITIONAL_CLASS_NOT_STATED
RT-737fc76687	{{שרש3|ז|ו|ח}}	זוח	ז	ו	ח			3			False	False	False	False	False	True	False	False	False	False	False	False	True	False	False	False	True	C.W.X	hollow_candidate	False	False	True	False	False	False	True	False	זוח	RG-737fc76687	1	PAAL	hewiktionary	wikt:conj:p64107:r516814:t0:קל עבר|wikt:entry:p51348:r510287:o0:t0	0.96	SILVER	TRADITIONAL_CLASS_NOT_STATED
RT-fa890d4ea3	{{שרש3|מ|ו|ש}}	מושׁ	מ	ו	ש			3			False	False	False	False	False	True	False	False	False	False	False	False	False	False	False	False	True	C.W.C	hollow_candidate	False	False	True	False	False	False	False	False	מוש	RG-1f2ea594b3	1	PAAL	hewiktionary	wikt:entry:p51349:r510506:o0:t0	0.8	SILVER	SHIN_SIN_FROM_FORM|TRADITIONAL_CLASS_NOT_STATED
RT-755c10b354	{{שרש3|א|ר|ה}}	ארה	א	ר	ה			3			False	False	False	True	False	False	True	False	False	True	True	False	True	True	False	False	True	A.R.H	final_he	False	True	False	False	False	False	True	False	ארה	RG-755c10b354	1	PAAL	hewiktionary	wikt:conj:p32741:r266391:t0:קל עבר|wikt:entry:p51355:r522216:o0:t0	0.96	SILVER	TRADITIONAL_CLASS_NOT_STATED
RT-73989b2915	{{שרש3|ש|פ|ץ}}	שׁפצ	ש	פ	צ			3			False	False	False	False	False	False	False	False	False	False	False	False	False	False	False	False	False	C.C.C	strong	True	False	False	False	False	False	False	False	שפצ	RG-d8d8f5091f	1	PIEL	hewiktionary	wikt:entry:p51420:r510866:o0:t0	0.8	SILVER	SHIN_SIN_FROM_FORM|TRADITIONAL_CLASS_NOT_STATED
RT-9577b26c96	{{שרש3|שׁ|פ|ת}}	שׁפת	ש	פ	ת			3			False	False	False	False	False	False	False	False	False	False	False	False	False	False	False	False	False	C.C.C	strong	True	False	False	False	False	False	False	False	שפת	RG-8fd9b4178c	1	PAAL	hewiktionary	wikt:entry:p51423:r497903:o0:t0	0.8	SILVER	TRADITIONAL_CLASS_NOT_STATED
RT-66f9ee2e25	{{שרש3|ר|ו|ה}}	רוה	ר	ו	ה			3			False	False	False	False	False	True	True	False	False	True	False	False	True	True	False	False	True	R.W.H	hollow_candidate	False	True	True	False	False	False	True	False	רוה	RG-66f9ee2e25	3	HIFIL|PAAL|PIEL	hewiktionary	wikt:entry:p51434:r510789:o0:t0|wikt:entry:p51434:r510789:o1470:t0|wikt:entry:p51435:r510247:o0:t0	0.8	SILVER	TRADITIONAL_CLASS_NOT_STATED
RT-fab8e3e944	{{שרש3|מ|ח|ה}}	מחה	מ	ח	ה			3			False	False	False	False	False	False	True	False	False	True	False	True	True	False	False	False	True	C.X.H	final_he	False	True	False	False	False	False	True	False	מחה	RG-fab8e3e944	2	NIFAL|PAAL	hewiktionary	wikt:entry:p51459:r510560:o0:t0	0.8	SILVER	TRADITIONAL_CLASS_NOT_STATED
RT-637c179ea6	מ-ח-י	מחי	מ	ח	י			3			False	False	False	False	False	False	False	True	False	False	False	True	False	False	False	False	True	C.X.Y	guttural_containing	False	False	False	False	False	False	True	False	מחי	RG-637c179ea6	1	PAAL	hewiktionary	wikt:entry:p51460:r517777:o0:t0|wikt:entry:p51460:r517777:o1770:t0	0.0	QUESTIONABLE	TRADITIONAL_CLASS_NOT_STATED
RT-2e3d4d3533	{{שרש3|מ|ח|א}}	מחא	מ	ח	א			3			False	False	False	False	False	False	False	False	True	False	False	True	True	False	False	False	True	C.X.A	final_alef	False	False	False	False	False	False	True	False	מחא	RG-2e3d4d3533	1	PAAL	hewiktionary	wikt:conj:p32450:r266369:t0:קל עבר|wikt:entry:p51461:r402567:o0:t0	0.96	SILVER	TRADITIONAL_CLASS_NOT_STATED
RT-119ff0947d	{{שרש3|פ|ל|שׁ}}	פלשׁ	פ	ל	ש			3			False	False	False	False	False	False	False	False	False	False	False	False	False	False	False	False	False	C.C.C	strong	True	False	False	False	False	False	False	False	פלש	RG-a386707534	2	HITPAEL|PAAL	hewiktionary	wikt:entry:p51489:r522331:o0:t0|wikt:entry:p51490:r522329:o31:t0	0.8	SILVER	TRADITIONAL_CLASS_NOT_STATED
RT-dfc3fe80ed	{{שרש3|פ|ל|ס}}	פלס	פ	ל	ס			3			False	False	False	False	False	False	False	False	False	False	False	False	False	False	False	False	False	C.C.C	strong	True	False	False	False	False	False	False	False	פלס	RG-dfc3fe80ed	1	PIEL	hewiktionary	wikt:entry:p51492:r519634:o1070:t0	0.8	SILVER	TRADITIONAL_CLASS_NOT_STATED
RT-ea0ec98308	{{שרש3|פ|ת|ר}}	פתר	פ	ת	ר			3			False	False	False	False	False	False	False	False	False	False	False	False	False	True	False	False	False	C.C.R	strong	True	False	False	False	False	False	False	False	פתר	RG-ea0ec98308	1	PAAL	hewiktionary	wikt:conj:p13624:r60145:t0:קל עבר|wikt:entry:p51557:r513319:o0:t0	0.96	SILVER	TRADITIONAL_CLASS_NOT_STATED
RT-f9e5b99eae	{{שרש3|ה|ד|ק}}	הדק	ה	ד	ק			3			False	False	False	False	False	False	False	False	False	False	True	False	False	False	False	False	False	H.C.C	guttural_containing	False	False	False	False	False	False	True	False	הדק	RG-f9e5b99eae	2	PIEL|PUAL	hewiktionary	wikt:entry:p51572:r510200:o2566:t0|wikt:entry:p51572:r510200:o829:t0	0.8	SILVER	TRADITIONAL_CLASS_NOT_STATED
RT-54e867abf5	{{שרש3|ס|ע|ף}}	סעפ	ס	ע	פ			3			False	False	False	False	False	False	False	False	False	False	False	True	False	False	False	False	False	C.E.C	guttural_containing	False	False	False	False	False	False	True	False	סעפ	RG-54e867abf5	1	PIEL	hewiktionary	wikt:entry:p51573:r502965:o56:t0	0.8	SILVER	TRADITIONAL_CLASS_NOT_STATED
RT-6f4b9d7c1b	{{שרש3|ה|ו|ה}}	הוה	ה	ו	ה			3			False	False	False	False	False	True	True	False	False	True	True	False	True	False	False	False	True	H.W.H	hollow_candidate	False	True	True	False	False	False	True	False	הוה	RG-6f4b9d7c1b	2	PAAL|PIEL	hewiktionary	wikt:conj:p60218:r489457:t0:פיעל עבר|wikt:conj:p60218:r489457:t0:קל עבר|wikt:entry:p51587:r510202:o1144:t0|wikt:entry:p51587:r510202:o60:t0	0.96	SILVER	TRADITIONAL_CLASS_NOT_STATED
RT-66d5608ba8	{{שרש3|ה|ס|ס}}	הסס	ה	ס	ס			3			False	False	False	False	False	False	False	False	False	False	True	False	False	False	True	False	True	H.C.C+GEM	geminate	False	False	False	False	False	True	True	False	הסס	RG-66d5608ba8	1	PIEL	hewiktionary	wikt:entry:p51598:r493627:o0:t0	0.8	SILVER	TRADITIONAL_CLASS_NOT_STATED
RT-2e77d35694	{{שרש3|ע|ג|ם}}	עגמ	ע	ג	מ			3			False	False	False	False	False	False	False	False	False	False	True	False	False	False	False	False	False	E.C.C	guttural_containing	False	False	False	False	False	False	True	False	עגמ	RG-2e77d35694	1	PAAL	hewiktionary	wikt:entry:p51610:r393612:o0:t0	0.8	SILVER	TRADITIONAL_CLASS_NOT_STATED
RT-bbd6c8bd90	{{שרש3|ע|מ|ת}}	עמת	ע	מ	ת			3			False	False	False	False	False	False	False	False	False	False	True	False	False	False	False	False	False	E.C.C	guttural_containing	False	False	False	False	False	False	True	False	עמת	RG-bbd6c8bd90	2	HITPAEL|PIEL	hewiktionary	wikt:entry:p51776:r510272:o0:t0|wikt:entry:p52833:r493082:o1381:t0	0.8	SILVER	TRADITIONAL_CLASS_NOT_STATED
RT-90a8205e3a	{{שרש3|ק|מ|ט}}	קמט	ק	מ	ט			3			False	False	False	False	False	False	False	False	False	False	False	False	False	False	False	False	False	C.C.C	strong	True	False	False	False	False	False	False	False	קמט	RG-90a8205e3a	3	PAAL|PIEL|PUAL	hewiktionary	wikt:entry:p51824:r510768:o1550:t0|wikt:entry:p51824:r510768:o1952:t0|wikt:entry:p51824:r510768:o994:t0	0.8	SILVER	TRADITIONAL_CLASS_NOT_STATED
RT-50ec4b48db	{{שרש3|ע|ו|ה}}	עוה	ע	ו	ה			3			False	False	False	False	False	True	True	False	False	True	True	False	True	False	False	False	True	E.W.H	hollow_candidate	False	True	True	False	False	False	True	False	עוה	RG-50ec4b48db	3	NIFAL|PAAL|PIEL	hewiktionary	wikt:entry:p51840:r448136:o1540:t0|wikt:entry:p51840:r448136:o50:t0|wikt:entry:p59481:r428599:o0:t0	0.8	SILVER	TRADITIONAL_CLASS_NOT_STATED
RT-632629c39a	{{שרש3|ח|פ|ז}}	חפז	ח	פ	ז			3			False	False	False	False	False	False	False	False	False	False	True	False	False	False	False	False	False	X.C.C	guttural_containing	False	False	False	False	False	False	True	False	חפז	RG-632629c39a	1	PAAL	hewiktionary	wikt:entry:p51845:r516863:o0:t0	0.8	SILVER	TRADITIONAL_CLASS_NOT_STATED
RT-a1568a4bb8	{{שרש3|פ|ח|ז}}	פחז	פ	ח	ז			3			False	False	False	False	False	False	False	False	False	False	False	True	False	False	False	False	False	C.X.C	guttural_containing	False	False	False	False	False	False	True	False	פחז	RG-a1568a4bb8	1	PAAL	hewiktionary	wikt:entry:p51846:r437060:o790:t0	0.8	SILVER	TRADITIONAL_CLASS_NOT_STATED
RT-7f0a5a2e0e	{{שרש3|ס|פ|ת}}	ספת	ס	פ	ת			3			False	False	False	False	False	False	False	False	False	False	False	False	False	False	False	False	False	C.C.C	strong	True	False	False	False	False	False	False	False	ספת	RG-7f0a5a2e0e	1	PAAL	hewiktionary	wikt:entry:p51865:r452108:o0:t0	0.8	SILVER	TRADITIONAL_CLASS_NOT_STATED
RT-4f109f9d16	{{שרש3|ס|ר|ח}}	סרח	ס	ר	ח			3			False	False	False	False	False	False	False	False	False	False	False	False	True	True	False	False	False	C.R.X	guttural_containing	False	False	False	False	False	False	True	False	סרח	RG-4f109f9d16	1	PAAL	hewiktionary	wikt:entry:p51888:r521549:o927:t0	0.8	SILVER	TRADITIONAL_CLASS_NOT_STATED
RT-1ba9e0bc20	{{שרש3|נ|א|ם}}	נאמ	נ	א	מ			3			True	False	False	False	False	False	False	False	False	False	False	True	False	False	False	False	True	N.A.C	initial_nun	False	False	False	True	False	False	True	False	נאמ	RG-1ba9e0bc20	1	PAAL	hewiktionary	wikt:entry:p51895:r440563:o82:t0	0.8	SILVER	TRADITIONAL_CLASS_NOT_STATED
RT-c558fe60f3	{{שרש3|ע|ר|ה}}	ערה	ע	ר	ה			3			False	False	False	False	False	False	True	False	False	True	True	False	True	True	False	False	True	E.R.H	final_he	False	True	False	False	False	False	True	False	ערה	RG-c558fe60f3	2	HITPAEL|PIEL	hewiktionary	wikt:conj:p43023:r396958:t0:התפעל עבר|wikt:conj:p43023:r396958:t0:פיעל עבר|wikt:entry:p51897:r336521:o0:t0|wikt:entry:p57518:r523226:o0:t0|wikt:entry:p57518:r523226:o594:t0	0.992	SILVER	TRADITIONAL_CLASS_NOT_STATED
RT-2dc3fc11a7	{{שרש3|ח|ר|ד}}	חרד	ח	ר	ד			3			False	False	False	False	False	False	False	False	False	False	True	False	False	True	False	False	False	X.R.C	guttural_containing	False	False	False	False	False	False	True	False	חרד	RG-2dc3fc11a7	1	PAAL	hewiktionary	wikt:entry:p51961:r423527:o0:t0	0.8	SILVER	TRADITIONAL_CLASS_NOT_STATED
RT-beb6667fb4	{{שרש3|מ|צ|ע}}	מצע	מ	צ	ע			3			False	False	False	False	False	False	False	False	False	False	False	False	True	False	False	False	False	C.C.E	guttural_containing	False	False	False	False	False	False	True	False	מצע	RG-beb6667fb4	1	PIEL	hewiktionary	wikt:entry:p51965:r510490:o2685:t0	0.8	SILVER	TRADITIONAL_CLASS_NOT_STATED
RT-82dea600a8	{{שרש3|ק|צ|ה}}	קצה	ק	צ	ה			3			False	False	False	False	False	False	True	False	False	True	False	False	True	False	False	False	True	C.C.H	final_he	False	True	False	False	False	False	True	False	קצה	RG-82dea600a8	1	PAAL	hewiktionary	wikt:conj:p58515:r414001:t0:קל עבר|wikt:entry:p51970:r508484:o14:t0	0.96	SILVER	TRADITIONAL_CLASS_NOT_STATED
RT-0c9789866e	{{שרש3|ע|מ|ם}}	עממ	ע	מ	מ			3			False	False	False	False	False	False	False	False	False	False	True	False	False	False	True	False	True	E.C.C+GEM	geminate	False	False	False	False	False	True	True	False	עממ	RG-0c9789866e	2	PAAL|PUAL	hewiktionary	wikt:entry:p51987:r510646:o0:t0|wikt:entry:p51987:r510646:o691:t0	0.8	SILVER	TRADITIONAL_CLASS_NOT_STATED
RT-3c953c7338	{{שרש3|מ|ת|ח}}	מתח	מ	ת	ח			3			False	False	False	False	False	False	False	False	False	False	False	False	True	False	False	False	False	C.C.X	guttural_containing	False	False	False	False	False	False	True	False	מתח	RG-3c953c7338	2	NIFAL|PAAL	hewiktionary	wikt:entry:p52071:r513757:o16:t0|wikt:entry:p57356:r511495:o0:t0	0.8	SILVER	TRADITIONAL_CLASS_NOT_STATED
RT-0b256acbc7	{{שרש3|ח|כ|ך}}	חככ	ח	כ	כ			3			False	False	False	False	False	False	False	False	False	False	True	False	False	False	True	False	True	X.C.C+GEM	geminate	False	False	False	False	False	True	True	False	חככ	RG-0b256acbc7	2	PAAL|PIEL	hewiktionary	wikt:entry:p52107:r510303:o559:t0|wikt:entry:p52107:r510303:o9:t0	0.8	SILVER	TRADITIONAL_CLASS_NOT_STATED
RT-80f2eed9d7	{{שרש3|י|שׁ|ט}}	ישׁט	י	ש	ט			3			False	True	False	False	False	False	False	False	False	False	False	False	False	False	False	False	True	Y.C.C	initial_yod_waw	False	False	False	False	True	False	False	False	ישט	RG-95e8db7b6b	1	HIFIL	hewiktionary	wikt:conj:p45570:r236841:t0:הפעיל עבר|wikt:entry:p52110:r521433:o0:t0	0.96	SILVER	TRADITIONAL_CLASS_NOT_STATED
RT-a2d4b219c3	{{שרש3|א|ר|ס א}}	ארס	א	ר	ס			3			False	False	False	True	False	False	False	False	False	False	True	False	False	True	False	False	True	A.R.C	initial_alef	False	False	False	False	False	False	True	False	ארס	RG-a2d4b219c3	1	PIEL	hewiktionary	wikt:entry:p52113:r510096:o86:t0	0.8	SILVER	TRADITIONAL_CLASS_NOT_STATED
RT-6c5f2068dc	{{שרש3|ע|כ|ר}}	עכר	ע	כ	ר			3			False	False	False	False	False	False	False	False	False	False	True	False	False	True	False	False	False	E.C.R	guttural_containing	False	False	False	False	False	False	True	False	עכר	RG-6c5f2068dc	1	PAAL	hewiktionary	wikt:entry:p52116:r510634:o0:t0	0.8	SILVER	TRADITIONAL_CLASS_NOT_STATED
RT-c727258166	{{שרש3|ז|ע|ק}}	זעק	ז	ע	ק			3			False	False	False	False	False	False	False	False	False	False	False	True	False	False	False	False	False	C.E.C	guttural_containing	False	False	False	False	False	False	True	False	זעק	RG-c727258166	1	PAAL	hewiktionary	wikt:entry:p52118:r502047:o0:t0	0.8	SILVER	TRADITIONAL_CLASS_NOT_STATED
RT-28332d10ee	{{שרש3|צ|פ|ר}}	צפר	צ	פ	ר			3			False	False	False	False	False	False	False	False	False	False	False	False	False	True	False	False	False	C.C.R	strong	True	False	False	False	False	False	False	False	צפר	RG-28332d10ee	1	PAAL	hewiktionary	wikt:entry:p52119:r512114:o502:t0	0.8	SILVER	TRADITIONAL_CLASS_NOT_STATED
RT-f2e896ede8	{{שרש3|ע|שׁ|ת}}	עשׁת	ע	ש	ת			3			False	False	False	False	False	False	False	False	False	False	True	False	False	False	False	False	False	E.C.C	guttural_containing	False	False	False	False	False	False	True	False	עשת	RG-2173396e6c	2	HITPAEL|PAAL	hewiktionary	wikt:entry:p52182:r415932:o0:t0|wikt:entry:p53632:r522086:o2286:t0	0.8	SILVER	TRADITIONAL_CLASS_NOT_STATED
RT-b24d7fc8f9	{{שרש3|י|ר|ט}}	ירט	י	ר	ט			3			False	True	False	False	False	False	False	False	False	False	False	False	False	True	False	False	True	Y.R.C	initial_yod_waw	False	False	False	False	True	False	False	False	ירט	RG-b24d7fc8f9	1	PIEL	hewiktionary	wikt:entry:p52189:r510367:o753:t0	0.8	SILVER	TRADITIONAL_CLASS_NOT_STATED
RT-d3ce852ebf	{{שרש3|ח|שׂ|ף}}, [[גזרת השלמים]]	חשׂפ	ח	ש	פ			3	SHLEMIM	גזרת השלמים	False	False	False	False	False	False	False	False	False	False	True	False	False	False	False	False	False	X.C.C	guttural_containing	False	False	False	False	False	False	True	False	חשפ	RG-4e0502dc82	1	PAAL	hewiktionary	wikt:entry:p52190:r522942:o0:t0	0.8	SILVER	
RT-dd6547c3ca	{{שרש3|ב|ז|ה}}	בזה	ב	ז	ה			3			False	False	False	False	False	False	True	False	False	True	False	False	True	False	False	False	True	C.C.H	final_he	False	True	False	False	False	False	True	False	בזה	RG-dd6547c3ca	1	PAAL	hewiktionary	wikt:entry:p52191:r520952:o1055:t0	0.8	SILVER	TRADITIONAL_CLASS_NOT_STATED
RT-f091a752db	ח-ו-ש	חושׁ	ח	ו	ש			3			False	False	False	False	False	True	False	False	False	False	True	False	False	False	False	False	True	X.W.C	hollow_candidate	False	False	True	False	False	False	True	False	חוש	RG-fef325dc95	1	PAAL	hewiktionary	wikt:entry:p52229:r489705:o1110:t0|wikt:entry:p52229:r489705:o79:t0	0.0	QUESTIONABLE	SHIN_SIN_FROM_FORM|TRADITIONAL_CLASS_NOT_STATED
RT-f32d1aa2f9	ח-ש-ש	חשׁשׁ	ח	ש	ש			3			False	False	False	False	False	False	False	False	False	False	True	False	False	False	True	False	True	X.C.C+GEM	geminate	False	False	False	False	False	True	True	False	חשש	RG-4eea8629a7	2	PAAL	hewiktionary	wikt:entry:p55209:r518482:o17:t0	0.8	QUESTIONABLE	SHIN_SIN_FROM_FORM|TRADITIONAL_CLASS_NOT_STATED
RT-1d1def4a07	{{שרש3|ע|מ|ס}}	עמס	ע	מ	ס			3			False	False	False	False	False	False	False	False	False	False	True	False	False	False	False	False	False	E.C.C	guttural_containing	False	False	False	False	False	False	True	False	עמס	RG-1d1def4a07	2	HIFIL|PAAL	hewiktionary	wikt:conj:p30473:r270882:t0:הפעיל עבר|wikt:entry:p52241:r510647:o0:t0|wikt:entry:p52320:r510234:o0:t0	0.96	SILVER	TRADITIONAL_CLASS_NOT_STATED
RT-2e56b27af7	{{שרש3|צ|ב|ט}}	צבט	צ	ב	ט			3			False	False	False	False	False	False	False	False	False	False	False	False	False	False	False	False	False	C.C.C	strong	True	False	False	False	False	False	False	False	צבט	RG-2e56b27af7	1	PAAL	hewiktionary	wikt:entry:p52243:r518470:o2:t0	0.8	SILVER	TRADITIONAL_CLASS_NOT_STATED
RT-ccf63146e5	{{שרש3|ט|ר|ד}}	טרד	ט	ר	ד			3			False	False	False	False	False	False	False	False	False	False	False	False	False	True	False	False	False	C.R.C	strong	True	False	False	False	False	False	False	False	טרד	RG-ccf63146e5	2	NIFAL|PAAL	hewiktionary	wikt:entry:p52275:r501736:o14:t0|wikt:entry:p56199:r406176:o31:t0	0.8	SILVER	TRADITIONAL_CLASS_NOT_STATED
RT-02988a28d4	{{שרש3|מ|ר|ץ}}	מרצ	מ	ר	צ			3			False	False	False	False	False	False	False	False	False	False	False	False	False	True	False	False	False	C.R.C	strong	True	False	False	False	False	False	False	False	מרצ	RG-02988a28d4	1	HIFIL	hewiktionary	wikt:conj:p32735:r318273:t0:הפעיל עבר|wikt:entry:p52283:r518280:o0:t0	0.96	SILVER	TRADITIONAL_CLASS_NOT_STATED
RT-a33bf020b8	{{שרש3|ק|ר|ד}}	קרד	ק	ר	ד			3			False	False	False	False	False	False	False	False	False	False	False	False	False	True	False	False	False	C.R.C	strong	True	False	False	False	False	False	False	False	קרד	RG-a33bf020b8	1	PIEL	hewiktionary	wikt:entry:p52284:r519506:o0:t0	0.8	SILVER	TRADITIONAL_CLASS_NOT_STATED
RT-949f84915a	{{שרש3|ע|ס|ק}}	עסק	ע	ס	ק			3			False	False	False	False	False	False	False	False	False	False	True	False	False	False	False	False	False	E.C.C	guttural_containing	False	False	False	False	False	False	True	False	עסק	RG-949f84915a	3	HITPAEL|PAAL|PIEL	hewiktionary	wikt:entry:p52323:r510277:o0:t0|wikt:entry:p52324:r511148:o0:t0|wikt:entry:p52324:r511148:o3117:t0	0.8	SILVER	TRADITIONAL_CLASS_NOT_STATED
RT-de6eb83321	{{שרש3|א|י|ב|גזרה=השלמים}}	איב	א	י	ב			3			False	False	False	True	True	False	False	False	False	False	True	False	False	False	False	False	True	A.Y.C	hollow_candidate	False	False	True	False	False	False	True	False	איב	RG-de6eb83321	1	PAAL	hewiktionary	wikt:entry:p52337:r520916:o0:t0	0.8	SILVER	TRADITIONAL_CLASS_NOT_STATED
RT-9992d24c3a	{{שרש3|שׂ|ט|ם}}	שׂטמ	ש	ט	מ			3			False	False	False	False	False	False	False	False	False	False	False	False	False	False	False	False	False	C.C.C	strong	True	False	False	False	False	False	False	False	שטמ	RG-e3c65c5206	1	PAAL	hewiktionary	wikt:entry:p52338:r510840:o21:t0	0.8	SILVER	TRADITIONAL_CLASS_NOT_STATED
RT-a9bcda5f63	{{שרש3|מ|ו|ל}}	מול	מ	ו	ל			3			False	False	False	False	False	True	False	False	False	False	False	False	False	False	False	False	True	C.W.C	hollow_candidate	False	False	True	False	False	False	False	False	מול	RG-a9bcda5f63	1	PIEL	hewiktionary	wikt:entry:p52367:r510471:o1150:t0	0.8	SILVER	TRADITIONAL_CLASS_NOT_STATED
RT-3fd46ca2aa	{{שרש3|נ|כ|ח}}	נכח	נ	כ	ח			3			True	False	False	False	False	False	False	False	False	False	False	False	True	False	False	False	True	N.C.X	initial_nun	False	False	False	True	False	False	True	False	נכח	RG-3fd46ca2aa	1	PAAL	hewiktionary	wikt:entry:p52370:r512120:o2173:t0	0.8	SILVER	TRADITIONAL_CLASS_NOT_STATED
RT-dd95bdb4d3	{{שרש3|פ|ג|ם}}	פגמ	פ	ג	מ			3			False	False	False	False	False	False	False	False	False	False	False	False	False	False	False	False	False	C.C.C	strong	True	False	False	False	False	False	False	False	פגמ	RG-dd95bdb4d3	1	PAAL	hewiktionary	wikt:entry:p52376:r511479:o1:t0	0.8	SILVER	TRADITIONAL_CLASS_NOT_STATED
RT-f79488d492	{{שרש3|ש|ק|ק}}	שׁקק	ש	ק	ק			3			False	False	False	False	False	False	False	False	False	False	False	False	False	False	True	False	True	C.C.C+GEM	geminate	False	False	False	False	False	True	False	False	שקק	RG-23e9f0dd13	2	HITPAEL|PAAL	hewiktionary	wikt:conj:p23940:r266315:t0:התפעל עבר|wikt:conj:p23940:r266315:t0:קל עבר|wikt:conj:p23941:r266316:t0:התפעל עבר|wikt:conj:p23941:r266316:t0:קל עבר|wikt:entry:p52387:r451432:o0:t0|wikt:entry:p61266:r494652:o0:t0	0.992	SILVER	SHIN_SIN_FROM_FORM|TRADITIONAL_CLASS_NOT_STATED
RT-ca07876e06	{{שרש3|א|ט|ם}}	אטמ	א	ט	מ			3			False	False	False	True	False	False	False	False	False	False	True	False	False	False	False	False	True	A.C.C	initial_alef	False	False	False	False	False	False	True	False	אטמ	RG-ca07876e06	1	PAAL	hewiktionary	wikt:entry:p52400:r511264:o0:t0	0.8	SILVER	TRADITIONAL_CLASS_NOT_STATED
RT-b19226c98f	{{שרש3|ק|נ|ן}}	קננ	ק	נ	נ			3			False	False	False	False	False	False	False	False	False	False	False	False	False	False	True	False	True	C.N.N+GEM	geminate	False	False	False	False	False	True	False	False	קננ	RG-b19226c98f	1	PIEL	hewiktionary	wikt:entry:p52412:r510774:o60:t0	0.8	SILVER	TRADITIONAL_CLASS_NOT_STATED
RT-f13e8f4691	{{שרש3|פ|ע|ר}}	פער	פ	ע	ר			3			False	False	False	False	False	False	False	False	False	False	False	True	False	True	False	False	False	C.E.R	guttural_containing	False	False	False	False	False	False	True	False	פער	RG-f13e8f4691	2	NIFAL|PAAL	hewiktionary	wikt:entry:p52418:r510574:o0:t0|wikt:entry:p52419:r510710:o0:t0	0.8	SILVER	TRADITIONAL_CLASS_NOT_STATED
RT-0f8352e1b5	{{שרש4|כ|ל|כ|ל}}	כלכל	כ	ל	כ	ל		4			False	False	False	False	False	False	False	False	False	False	False	False	False	False	False	True	False	C.C.C.C	quadriliteral	False	False	False	False	False	False	False	True	כלכל	RG-0f8352e1b5	1	PIEL	hewiktionary	wikt:entry:p52429:r518970:o2099:t0	0.8	SILVER	TRADITIONAL_CLASS_NOT_STATED
RT-c7b3ff7026	{{שרש3|ת|כ|ף}}	תכפ	ת	כ	פ			3			False	False	False	False	False	False	False	False	False	False	False	False	False	False	False	False	False	C.C.C	strong	True	False	False	False	False	False	False	False	תכפ	RG-c7b3ff7026	1	PAAL	hewiktionary	wikt:entry:p52439:r510901:o9:t0	0.8	SILVER	TRADITIONAL_CLASS_NOT_STATED
RT-143663ff45	{{שרש3|ג|ב|שׁ}}	גבשׁ	ג	ב	ש			3			False	False	False	False	False	False	False	False	False	False	False	False	False	False	False	False	False	C.C.C	strong	True	False	False	False	False	False	False	False	גבש	RG-94a42ccd1a	1	PIEL	hewiktionary	wikt:entry:p52461:r407294:o0:t0	0.8	SILVER	TRADITIONAL_CLASS_NOT_STATED
RT-4299829fa1	{{שרש3|ס|ל|ף}}	סלפ	ס	ל	פ			3			False	False	False	False	False	False	False	False	False	False	False	False	False	False	False	False	False	C.C.C	strong	True	False	False	False	False	False	False	False	סלפ	RG-4299829fa1	1	PIEL	hewiktionary	wikt:entry:p52463:r316839:o14:t0	0.8	SILVER	TRADITIONAL_CLASS_NOT_STATED
RT-ffaf72069e	{{שרש3|א|נ|ף}}	אנפ	א	נ	פ			3			False	False	False	True	False	False	False	False	False	False	True	False	False	False	False	False	True	A.N.C	initial_alef	False	False	False	False	False	False	True	False	אנפ	RG-ffaf72069e	1	PAAL	hewiktionary	wikt:entry:p52470:r486137:o0:t0	0.8	SILVER	TRADITIONAL_CLASS_NOT_STATED
RT-268e422c29	{{שרש3|ס|ב|ן}}	סבנ	ס	ב	נ			3			False	False	False	False	False	False	False	False	False	False	False	False	False	False	False	False	False	C.C.N	strong	True	False	False	False	False	False	False	False	סבנ	RG-268e422c29	1	PIEL	hewiktionary	wikt:entry:p52479:r515676:o0:t0	0.8	SILVER	TRADITIONAL_CLASS_NOT_STATED
RT-41044ae67f	{{שרש3|ל|א|ה}}	לאה	ל	א	ה			3			False	False	False	False	False	False	True	False	False	True	False	True	True	False	False	False	True	C.A.H	final_he	False	True	False	False	False	False	True	False	לאה	RG-41044ae67f	3	HIFIL|NIFAL|PAAL	hewiktionary	wikt:entry:p52485:r493314:o0:t0|wikt:entry:p53512:r512139:o0:t0|wikt:entry:p56074:r519632:o0:t0	0.8	SILVER	TRADITIONAL_CLASS_NOT_STATED
RT-d27cc4c0ab	{{שרש3|ש|פ|ח}}	שפח	ש	פ	ח			3			False	False	False	False	False	False	False	False	False	False	False	False	True	False	False	False	False	C.C.X	guttural_containing	False	False	False	False	False	False	True	False	שפח	RG-d27cc4c0ab	1	PIEL	hewiktionary	wikt:entry:p52486:r402269:o29:t0	0.8	SILVER	SHIN_SIN_UNRESOLVED|TRADITIONAL_CLASS_NOT_STATED
RT-0356879318	{{שרש3|מ|ק|ח}}	מקח	מ	ק	ח			3			False	False	False	False	False	False	False	False	False	False	False	False	True	False	False	False	False	C.C.X	guttural_containing	False	False	False	False	False	False	True	False	מקח	RG-0356879318	1	HITPAEL	hewiktionary	wikt:entry:p52487:r510267:o0:t0	0.8	SILVER	TRADITIONAL_CLASS_NOT_STATED
RT-926f3da5cc	{{שרש3|ח|ו|ב}}	חוב	ח	ו	ב			3			False	False	False	False	False	True	False	False	False	False	True	False	False	False	False	False	True	X.W.C	hollow_candidate	False	False	True	False	False	False	True	False	חוב	RG-926f3da5cc	2	PAAL|PIEL	hewiktionary	wikt:entry:p52489:r510293:o0:t0|wikt:entry:p52491:r513395:o0:t0	0.8	SILVER	TRADITIONAL_CLASS_NOT_STATED
RT-b1d454f35a	{{שרש3|ח|ב|א}}	חבא	ח	ב	א			3			False	False	False	False	False	False	False	False	True	False	True	False	True	False	False	False	True	X.C.A	final_alef	False	False	False	False	False	False	True	False	חבא	RG-b1d454f35a	1	PUAL	hewiktionary	wikt:entry:p52495:r510294:o0:t0	0.8	SILVER	TRADITIONAL_CLASS_NOT_STATED
RT-77c48697ba	{{שרש3|ב|ל|ג}}, [[גזרת השלמים]]	בלג	ב	ל	ג			3	SHLEMIM	גזרת השלמים	False	False	False	False	False	False	False	False	False	False	False	False	False	False	False	False	False	C.C.C	strong	True	False	False	False	False	False	False	False	בלג	RG-77c48697ba	1	HIFIL	hewiktionary	wikt:conj:p56233:r520828:t0:הפעיל עבר|wikt:entry:p52509:r516419:o0:t0	0.96	SILVER	
RT-0cd0324455	{{שרש3|ת|ל|ש}}	תלשׁ	ת	ל	ש			3			False	False	False	False	False	False	False	False	False	False	False	False	False	False	False	False	False	C.C.C	strong	True	False	False	False	False	False	False	False	תלש	RG-25a593ec7f	1	PAAL	hewiktionary	wikt:entry:p52530:r510903:o0:t0	0.8	SILVER	SHIN_SIN_FROM_FORM|TRADITIONAL_CLASS_NOT_STATED
RT-5a65a0c9b1	{{שרש3|ר|שׁ|ל}}	רשׁל	ר	ש	ל			3			False	False	False	False	False	False	False	False	False	False	False	False	False	True	False	False	False	R.C.C	strong	True	False	False	False	False	False	False	False	רשל	RG-d526ae0af3	2	HITPAEL|PIEL	hewiktionary	wikt:conj:p56232:r379707:t0:התפעל עבר|wikt:conj:p56232:r379707:t0:פיעל עבר|wikt:entry:p52531:r464810:o0:t0|wikt:entry:p52532:r510812:o9:t0	0.96	SILVER	TRADITIONAL_CLASS_NOT_STATED
RT-09566abc4d	{{שרש3|ז|ה|ר}}	זהר	ז	ה	ר			3			False	False	False	False	False	False	False	False	False	False	False	True	False	True	False	False	False	C.H.R	guttural_containing	False	False	False	False	False	False	True	False	זהר	RG-09566abc4d	1	HIFIL	hewiktionary	wikt:entry:p52547:r510206:o0:t0|wikt:entry:p52547:r510206:o1442:t0	0.96	SILVER	TRADITIONAL_CLASS_NOT_STATED
RT-eeaa6b0e3c	{{שרש3|ס|נ|ק}}	סנק	ס	נ	ק			3			False	False	False	False	False	False	False	False	False	False	False	False	False	False	False	False	False	C.N.C	strong	True	False	False	False	False	False	False	False	סנק	RG-eeaa6b0e3c	1	PAAL	hewiktionary	wikt:entry:p52548:r513833:o0:t0	0.8	SILVER	TRADITIONAL_CLASS_NOT_STATED
RT-bba67db429	{{שרש3|ס|ט|ר}}	סטר	ס	ט	ר			3			False	False	False	False	False	False	False	False	False	False	False	False	False	True	False	False	False	C.C.R	strong	True	False	False	False	False	False	False	False	סטר	RG-bba67db429	1	PAAL	hewiktionary	wikt:entry:p52549:r514432:o21:t0	0.8	SILVER	TRADITIONAL_CLASS_NOT_STATED
RT-88597151e9	{{שרש3|י|ב|ב}}	יבב	י	ב	ב			3			False	True	False	False	False	False	False	False	False	False	False	False	False	False	True	False	True	Y.C.C+GEM	geminate	False	False	False	False	True	True	False	False	יבב	RG-88597151e9	1	PIEL	hewiktionary	wikt:entry:p52552:r504059:o0:t0	0.8	SILVER	TRADITIONAL_CLASS_NOT_STATED
RT-05b095d528	{{שרש3|ג|ר|ד}}	גרד	ג	ר	ד			3	SHLEMIM	גזרת השלמים	False	False	False	False	False	False	False	False	False	False	False	False	False	True	False	False	False	C.R.C	strong	True	False	False	False	False	False	False	False	גרד	RG-05b095d528	2	HITPAEL|PIEL	hewiktionary	wikt:entry:p52555:r317638:o0:t0|wikt:entry:p52577:r510159:o29:t0	0.8	SILVER	
RT-f6c95f0c12	{{שרש3|ל|ת|ת}}	לתת	ל	ת	ת			3			False	False	False	False	False	False	False	False	False	False	False	False	False	False	True	False	True	C.C.C+GEM	geminate	False	False	False	False	False	True	False	False	לתת	RG-f6c95f0c12	1	PAAL	hewiktionary	wikt:entry:p52561:r510425:o14:t0	0.8	SILVER	TRADITIONAL_CLASS_NOT_STATED
RT-e5bf0887b2	{{שרש4|ק|שׁ|ק|שׁ}}	קשׁקשׁ	ק	ש	ק	ש		4			False	False	False	False	False	False	False	False	False	False	False	False	False	False	False	True	False	C.C.C.C	quadriliteral	False	False	False	False	False	False	False	True	קשקש	RG-b1633c2d50	1	PIEL	hewiktionary	wikt:entry:p52566:r512615:o1486:t0	0.8	SILVER	TRADITIONAL_CLASS_NOT_STATED
RT-af8165349c	{{שרש3|ב|ג|ר}}	בגר	ב	ג	ר			3			False	False	False	False	False	False	False	False	False	False	False	False	False	True	False	False	False	C.C.R	strong	True	False	False	False	False	False	False	False	בגר	RG-af8165349c	1	PAAL	hewiktionary	wikt:conj:p45759:r238964:t0:קל עבר|wikt:entry:p52573:r467525:o15:t0	0.96	SILVER	TRADITIONAL_CLASS_NOT_STATED
RT-becb3a7e7a	{{שרש3|נ|שׁ|א}}	נשׁא	נ	ש	א			3			True	False	False	False	False	False	False	False	True	False	False	False	True	False	False	False	True	N.C.A	initial_nun	False	False	False	True	False	False	True	False	נשא	RG-82849be53b	1	HIFIL	hewiktionary	wikt:entry:p52599:r518255:o0:t0	0.8	SILVER	ROOT_SHARES_ORTHOGRAPHY_WITH_OTHER_ROOT|TRADITIONAL_CLASS_NOT_STATED
RT-521a861be3	{{שרש4|ש|ג|ש|ג}} [[גזירת המרובעים]]	שגשג	ש	ג	ש	ג		4	QUADRILITERAL	גזירת המרובעים	False	False	False	False	False	False	False	False	False	False	False	False	False	False	False	True	False	C.C.C.C	quadriliteral	False	False	False	False	False	False	False	True	שגשג	RG-521a861be3	1	PIEL	hewiktionary	wikt:entry:p52609:r500713:o0:t0	0.8	SILVER	SHIN_SIN_UNRESOLVED
RT-a2bf8cf531	{{שרש3|ר|ק|ם}}	רקמ	ר	ק	מ			3			False	False	False	False	False	False	False	False	False	False	False	False	False	True	False	False	False	R.C.C	strong	True	False	False	False	False	False	False	False	רקמ	RG-a2bf8cf531	3	PAAL|PIEL|PUAL	hewiktionary	wikt:entry:p52618:r512127:o0:t0|wikt:entry:p52618:r512127:o1012:t0|wikt:entry:p52618:r512127:o588:t0	0.8	SILVER	TRADITIONAL_CLASS_NOT_STATED
RT-599686b89e	{{שרש3|ח|ס|ל}}	חסל	ח	ס	ל			3			False	False	False	False	False	False	False	False	False	False	True	False	False	False	False	False	False	X.C.C	guttural_containing	False	False	False	False	False	False	True	False	חסל	RG-599686b89e	1	PIEL	hewiktionary	wikt:entry:p52620:r402144:o14:t0	0.8	SILVER	TRADITIONAL_CLASS_NOT_STATED
RT-436eafbbb6	{{שרש3|כ|ת|שׁ}}	כתשׁ	כ	ת	ש			3			False	False	False	False	False	False	False	False	False	False	False	False	False	False	False	False	False	C.C.C	strong	True	False	False	False	False	False	False	False	כתש	RG-741fe48dae	1	PAAL	hewiktionary	wikt:entry:p52621:r510399:o0:t0	0.8	SILVER	TRADITIONAL_CLASS_NOT_STATED
RT-5d94311a0e	{{שרש3|כ|ר|ה}}	כרה	כ	ר	ה			3			False	False	False	False	False	False	True	False	False	True	False	False	True	True	False	False	True	C.R.H	final_he	False	True	False	False	False	False	True	False	כרה	RG-5d94311a0e	1	PAAL	hewiktionary	wikt:entry:p52625:r496108:o0:t0|wikt:entry:p52625:r496108:o1322:t0	0.96	SILVER	TRADITIONAL_CLASS_NOT_STATED
RT-e97d79c362	{{שרש3|נ|ת|ח}}	נתח	נ	ת	ח			3			True	False	False	False	False	False	False	False	False	False	False	False	True	False	False	False	True	N.C.X	initial_nun	False	False	False	True	False	False	True	False	נתח	RG-e97d79c362	1	PIEL	hewiktionary	wikt:entry:p52658:r503396:o0:t0	0.8	SILVER	TRADITIONAL_CLASS_NOT_STATED
RT-2be01686db	{{שרש3|פ|ר|שׂ}}	פרשׂ	פ	ר	ש			3			False	False	False	False	False	False	False	False	False	False	False	False	False	True	False	False	False	C.R.C	strong	True	False	False	False	False	False	False	False	פרש	RG-7cd892ceed	1	HIFIL	hewiktionary	wikt:entry:p52663:r373665:o1716:t0	0.8	SILVER	ROOT_SHARES_ORTHOGRAPHY_WITH_OTHER_ROOT|TRADITIONAL_CLASS_NOT_STATED
RT-dfd682b5ee	{{שרש4|צ|מ|צ|ם}}	צמצמ	צ	מ	צ	מ		4			False	False	False	False	False	False	False	False	False	False	False	False	False	False	False	True	False	C.C.C.C	quadriliteral	False	False	False	False	False	False	False	True	צמצמ	RG-dfd682b5ee	1	PIEL	hewiktionary	wikt:entry:p52667:r514274:o95:t0	0.8	SILVER	TRADITIONAL_CLASS_NOT_STATED
RT-24d27943db	{{שרש3|פ|ס|ע}}	פסע	פ	ס	ע			3			False	False	False	False	False	False	False	False	False	False	False	False	True	False	False	False	False	C.C.E	guttural_containing	False	False	False	False	False	False	True	False	פסע	RG-24d27943db	1	PAAL	hewiktionary	wikt:entry:p52692:r518414:o0:t0	0.8	SILVER	TRADITIONAL_CLASS_NOT_STATED
RT-a83714d606	{{שרש3|ת|ח|ם}}	תחמ	ת	ח	מ			3			False	False	False	False	False	False	False	False	False	False	False	True	False	False	False	False	False	C.X.C	guttural_containing	False	False	False	False	False	False	True	False	תחמ	RG-a83714d606	1	PAAL	hewiktionary	wikt:entry:p52700:r510895:o15:t0	0.8	SILVER	TRADITIONAL_CLASS_NOT_STATED
RT-56ef8ea7a5	{{שרש3|ס|ר|ס}}	סרס	ס	ר	ס			3			False	False	False	False	False	False	False	False	False	False	False	False	False	True	False	False	False	C.R.C	strong	True	False	False	False	False	False	False	False	סרס	RG-56ef8ea7a5	1	PIEL	hewiktionary	wikt:entry:p52714:r511448:o0:t0	0.8	SILVER	TRADITIONAL_CLASS_NOT_STATED
RT-89d1d13924	{{שרש3|ד|ע|ך}}	דעכ	ד	ע	כ			3			False	False	False	False	False	False	False	False	False	False	False	True	False	False	False	False	False	C.E.C	guttural_containing	False	False	False	False	False	False	True	False	דעכ	RG-89d1d13924	1	PAAL	hewiktionary	wikt:entry:p52733:r510184:o0:t0	0.8	SILVER	TRADITIONAL_CLASS_NOT_STATED
RT-d301c38cc1	{{שרש3|שׁ|כ|ך}}	שׁככ	ש	כ	כ			3			False	False	False	False	False	False	False	False	False	False	False	False	False	False	True	False	True	C.C.C+GEM	geminate	False	False	False	False	False	True	False	False	שככ	RG-992ed22316	2	PAAL|PIEL	hewiktionary	wikt:entry:p52734:r517102:o0:t0|wikt:entry:p52734:r517102:o953:t0	0.8	SILVER	ROOT_SHARES_ORTHOGRAPHY_WITH_OTHER_ROOT|TRADITIONAL_CLASS_NOT_STATED
RT-1a50463af6	{{שרש3|שׁ|ב|ק}}	שׁבק	ש	ב	ק			3			False	False	False	False	False	False	False	False	False	False	False	False	False	False	False	False	False	C.C.C	strong	True	False	False	False	False	False	False	False	שבק	RG-bc47b03c4a	1	PAAL	hewiktionary	wikt:entry:p52737:r472390:o0:t0	0.8	SILVER	TRADITIONAL_CLASS_NOT_STATED
RT-0e0f634816	{{שרש3|ר|ט|ן}}	רטנ	ר	ט	נ			3			False	False	False	False	False	False	False	False	False	False	False	False	False	True	False	False	False	R.C.N	strong	True	False	False	False	False	False	False	False	רטנ	RG-0e0f634816	1	PAAL	hewiktionary	wikt:entry:p52738:r510795:o0:t0	0.8	SILVER	TRADITIONAL_CLASS_NOT_STATED
RT-8bd11b618a	{{שרש3|צ|ו|ח}}	צוח	צ	ו	ח			3			False	False	False	False	False	True	False	False	False	False	False	False	True	False	False	False	True	C.W.X	hollow_candidate	False	False	True	False	False	False	True	False	צוח	RG-8bd11b618a	1	PAAL	hewiktionary	wikt:entry:p52739:r519689:o16:t0	0.8	SILVER	TRADITIONAL_CLASS_NOT_STATED
RT-d7aed3e328	{{שרש3|ר|מ|ס}}	רמס	ר	מ	ס			3			False	False	False	False	False	False	False	False	False	False	False	False	False	True	False	False	False	R.C.C	strong	True	False	False	False	False	False	False	False	רמס	RG-d7aed3e328	1	PAAL	hewiktionary	wikt:conj:p32047:r320550:t0:קל עבר|wikt:entry:p52741:r518462:o0:t0	0.96	SILVER	TRADITIONAL_CLASS_NOT_STATED
RT-9ffd6a6220	{{שרש3|ר|מ|שֹ}}	רמש	ר	מ	ש			3			False	False	False	False	False	False	False	False	False	False	False	False	False	True	False	False	False	R.C.C	strong	True	False	False	False	False	False	False	False	רמש	RG-9ffd6a6220	1	PAAL	hewiktionary	wikt:entry:p52743:r517320:o1460:t0	0.8	SILVER	SHIN_SIN_UNRESOLVED|TRADITIONAL_CLASS_NOT_STATED
RT-3c47295e43	{{שרש3|שׁ|ח|ן}}	שׁחנ	ש	ח	נ			3			False	False	False	False	False	False	False	False	False	False	False	True	False	False	False	False	False	C.X.N	guttural_containing	False	False	False	False	False	False	True	False	שחנ	RG-ff68fa598c	1	HIFIL	hewiktionary	wikt:conj:p60261:r441483:t0:הפעיל עבר|wikt:entry:p52755:r409511:o0:t0	0.96	SILVER	TRADITIONAL_CLASS_NOT_STATED
RT-1846467fb2	{{שרש3|מ|ר|ה}}	מרה	מ	ר	ה			3			False	False	False	False	False	False	True	False	False	True	False	False	True	True	False	False	True	C.R.H	final_he	False	True	False	False	False	False	True	False	מרה	RG-1846467fb2	2	HIFIL|PAAL	hewiktionary	wikt:entry:p52835:r521672:o59:t0|wikt:entry:p53383:r517326:o667:t0	0.8	SILVER	TRADITIONAL_CLASS_NOT_STATED
RT-b2a648fac6	{{שרש3|ע|ר|ץ}}	ערצ	ע	ר	צ			3			False	False	False	False	False	False	False	False	False	False	True	False	False	True	False	False	False	E.R.C	guttural_containing	False	False	False	False	False	False	True	False	ערצ	RG-b2a648fac6	1	PAAL	hewiktionary	wikt:entry:p52848:r511420:o59:t0	0.8	SILVER	TRADITIONAL_CLASS_NOT_STATED
RT-845eeb4ac7	{{שרש4|ס|ל|ע|ם}}	סלעמ	ס	ל	ע	מ		4			False	False	False	False	False	False	False	False	False	False	False	False	True	False	False	False	False	C.C.E.C	quadriliteral	False	False	False	False	False	False	True	True	סלעמ	RG-845eeb4ac7	1	PUAL	hewiktionary	wikt:entry:p52854:r502610:o1350:t0	0.8	SILVER	TRADITIONAL_CLASS_NOT_STATED
RT-9414589448	{{שרש3|ב|ח|ל א}}	בחל	ב	ח	ל			3			False	False	False	False	False	False	False	False	False	False	False	True	False	False	False	False	False	C.X.C	guttural_containing	False	False	False	False	False	False	True	False	בחל	RG-9414589448	2	PAAL|PIEL	hewiktionary	wikt:entry:p52857:r518563:o0:t0|wikt:entry:p52857:r518563:o1067:t0	0.8	SILVER	TRADITIONAL_CLASS_NOT_STATED
RT-92a9ad90f0	{{שרש3|ט|ו|ל}}	טול	ט	ו	ל			3			False	False	False	False	False	True	False	False	False	False	False	False	False	False	False	False	True	C.W.C	hollow_candidate	False	False	True	False	False	False	False	False	טול	RG-92a9ad90f0	1	PIEL	hewiktionary	wikt:entry:p52863:r475704:o15:t0	0.8	SILVER	TRADITIONAL_CLASS_NOT_STATED
RT-30dfa2a9f1	{{שרש3|פ|ג|ל}}	פגל	פ	ג	ל			3			False	False	False	False	False	False	False	False	False	False	False	False	False	False	False	False	False	C.C.C	strong	True	False	False	False	False	False	False	False	פגל	RG-30dfa2a9f1	1	PIEL	hewiktionary	wikt:entry:p52867:r443417:o0:t0	0.8	SILVER	TRADITIONAL_CLASS_NOT_STATED
RT-6d4d0f2a62	{{שרש3|צ|ב|ה}}	צבה	צ	ב	ה			3			False	False	False	False	False	False	True	False	False	True	False	False	True	False	False	False	True	C.C.H	final_he	False	True	False	False	False	False	True	False	צבה	RG-6d4d0f2a62	1	PAAL	hewiktionary	wikt:entry:p52868:r507918:o34:t0|wikt:entry:p52868:r507918:o994:t0	0.96	SILVER	TRADITIONAL_CLASS_NOT_STATED
RT-4cc0e37039	{{שרש3|כ|ת|ת}}	כתת	כ	ת	ת			3			False	False	False	False	False	False	False	False	False	False	False	False	False	False	True	False	True	C.C.C+GEM	geminate	False	False	False	False	False	True	False	False	כתת	RG-4cc0e37039	2	PIEL|PUAL	hewiktionary	wikt:entry:p52873:r523211:o0:t0|wikt:entry:p52873:r523211:o1043:t0	0.8	SILVER	TRADITIONAL_CLASS_NOT_STATED
RT-58d832b0e7	{{שרש4|ס|כ|ס|ך}} [[גזירת הכפולים]]	סכסכ	ס	כ	ס	כ		4	AYIN_AYIN	גזירת הכפולים	False	False	False	False	False	False	False	False	False	False	False	False	False	False	False	True	False	C.C.C.C	quadriliteral	False	False	False	False	False	False	False	True	סכסכ	RG-58d832b0e7	1	PIEL	hewiktionary	wikt:entry:p52877:r417869:o17:t0	0.8	SILVER	
RT-e32faeb09c	{{שרש3|א|ח|ה}}	אחה	א	ח	ה			3			False	False	False	True	False	False	True	False	False	True	True	True	True	False	False	False	True	A.X.H	final_he	False	True	False	False	False	False	True	False	אחה	RG-e32faeb09c	1	PIEL	hewiktionary	wikt:entry:p52880:r322360:o0:t0	0.8	SILVER	TRADITIONAL_CLASS_NOT_STATED
RT-081209e708	{{שרש3|ש|ז|ף}}	שׁזפ	ש	ז	פ			3			False	False	False	False	False	False	False	False	False	False	False	False	False	False	False	False	False	C.C.C	strong	True	False	False	False	False	False	False	False	שזפ	RG-4ea9302d50	1	PAAL	hewiktionary	wikt:entry:p52894:r520426:o52:t0	0.8	SILVER	SHIN_SIN_FROM_FORM|TRADITIONAL_CLASS_NOT_STATED
RT-741a5c9e09	{{שרש3|פ|צ|ל}}	פצל	פ	צ	ל			3			False	False	False	False	False	False	False	False	False	False	False	False	False	False	False	False	False	C.C.C	strong	True	False	False	False	False	False	False	False	פצל	RG-741a5c9e09	1	PIEL	hewiktionary	wikt:entry:p52895:r441071:o0:t0	0.8	SILVER	TRADITIONAL_CLASS_NOT_STATED
RT-6b4e752ef1	{{שרש4|ע|ר|ב|ל}}	ערבל	ע	ר	ב	ל		4			False	False	False	False	False	False	False	False	False	False	True	False	False	True	False	False	False	E.R.C.C	quadriliteral	False	False	False	False	False	False	True	True	ערבל	RG-6b4e752ef1	1	PIEL	hewiktionary	wikt:entry:p52897:r334894:o0:t0	0.8	SILVER	TRADITIONAL_CLASS_NOT_STATED
RT-9e0a360e6c	{{שרש3|ח|צ|ב}}	חצב	ח	צ	ב			3			False	False	False	False	False	False	False	False	False	False	True	False	False	False	False	False	False	X.C.C	guttural_containing	False	False	False	False	False	False	True	False	חצב	RG-9e0a360e6c	2	PAAL|PUAL	hewiktionary	wikt:entry:p52938:r518343:o0:t0|wikt:entry:p52938:r518343:o1743:t0	0.8	SILVER	TRADITIONAL_CLASS_NOT_STATED
RT-1d9e10df08	{{שרש3|נ|א|ה}}	נאה	נ	א	ה			3			True	False	False	False	False	False	True	False	False	True	False	True	True	False	False	False	True	N.A.H	final_he	False	True	False	True	False	False	True	False	נאה	RG-1d9e10df08	2	HITPAEL|PIEL	hewiktionary	wikt:entry:p52983:r511963:o1205:t0|wikt:entry:p58268:r410070:o0:t0	0.8	SILVER	TRADITIONAL_CLASS_NOT_STATED
RT-1f1437f43d	{{שרש3|נ|ו|ה}}	נוה	נ	ו	ה			3			True	False	False	False	False	True	True	False	False	True	False	False	True	False	False	False	True	N.W.H	hollow_candidate	False	True	True	True	False	False	True	False	נוה	RG-1f1437f43d	3	HIFIL|HITPAEL|PAAL	hewiktionary	wikt:entry:p52986:r441576:o2514:t0|wikt:entry:p58266:r410063:o0:t0|wikt:entry:p58267:r410149:o0:t0	0.8	SILVER	TRADITIONAL_CLASS_NOT_STATED
RT-1ad38ffe50	{{שרש3|שׂ|מ|ל}}	שׂמל	ש	מ	ל			3			False	False	False	False	False	False	False	False	False	False	False	False	False	False	False	False	False	C.C.C	strong	True	False	False	False	False	False	False	False	שמל	RG-79aa1d921e	1	HIFIL	hewiktionary	wikt:entry:p53098:r385417:o0:t0	0.8	SILVER	TRADITIONAL_CLASS_NOT_STATED
RT-642ba00dca	{{שרש3|ל|ט|ש}}	לטשׁ	ל	ט	ש			3			False	False	False	False	False	False	False	False	False	False	False	False	False	False	False	False	False	C.C.C	strong	True	False	False	False	False	False	False	False	לטש	RG-e0d1d16f5f	2	PAAL|PIEL	hewiktionary	wikt:entry:p53120:r512132:o0:t0|wikt:entry:p53120:r512132:o872:t0	0.8	SILVER	SHIN_SIN_FROM_FORM|TRADITIONAL_CLASS_NOT_STATED
RT-b89dc9fae4	{{שרש3|ת|פ|ח}}	תפח	ת	פ	ח			3			False	False	False	False	False	False	False	False	False	False	False	False	True	False	False	False	False	C.C.X	guttural_containing	False	False	False	False	False	False	True	False	תפח	RG-b89dc9fae4	1	PAAL	hewiktionary	wikt:entry:p53124:r510910:o83:t0	0.8	SILVER	TRADITIONAL_CLASS_NOT_STATED
RT-e6c217caee	{{שרש3|פ|ק|ם}}	פקמ	פ	ק	מ			3			False	False	False	False	False	False	False	False	False	False	False	False	False	False	False	False	False	C.C.C	strong	True	False	False	False	False	False	False	False	פקמ	RG-e6c217caee	2	PAAL|PIEL	hewiktionary	wikt:entry:p53138:r515735:o0:t0|wikt:entry:p53138:r515735:o2653:t0	0.8	SILVER	TRADITIONAL_CLASS_NOT_STATED
RT-94fdcd059a	{{שרש3|מ|ה|ה}}	מהה	מ	ה	ה			3			False	False	False	False	False	False	True	False	False	True	False	True	True	False	True	False	True	C.H.H+GEM	geminate	False	True	False	False	False	True	True	False	מהה	RG-94fdcd059a	1	NIFAL	hewiktionary	wikt:entry:p53163:r510555:o0:t0	0.8	SILVER	TRADITIONAL_CLASS_NOT_STATED
RT-d96f659bf5	{{שרש3|ז|ע|ך}}	זעכ	ז	ע	כ			3			False	False	False	False	False	False	False	False	False	False	False	True	False	False	False	False	False	C.E.C	guttural_containing	False	False	False	False	False	False	True	False	זעכ	RG-d96f659bf5	2	NIFAL|PAAL	hewiktionary	wikt:entry:p53177:r406696:o0:t0|wikt:entry:p53178:r510291:o0:t0	0.8	SILVER	TRADITIONAL_CLASS_NOT_STATED
RT-947acede0f	{{שרש3|א|נ|ח}}	אנח	א	נ	ח			3			False	False	False	True	False	False	False	False	False	False	True	False	True	False	False	False	True	A.N.X	initial_alef	False	False	False	False	False	False	True	False	אנח	RG-947acede0f	1	NIFAL	hewiktionary	wikt:entry:p53180:r520024:o0:t0	0.8	SILVER	TRADITIONAL_CLASS_NOT_STATED
RT-3b72332305	{{שרש3|ב|ע|ה|א}}	בעה	ב	ע	ה			3			False	False	False	False	False	False	True	False	False	True	False	True	True	False	False	False	True	C.E.H	final_he	False	True	False	False	False	False	True	False	בעה	RG-3b72332305	1	PAAL	hewiktionary	wikt:entry:p53185:r517225:o0:t0|wikt:entry:p53185:r517225:o1378:t0	0.96	SILVER	TRADITIONAL_CLASS_NOT_STATED
RT-1ee3242a6e	{{שרש3|ז|פ|ף}}	זפפ	ז	פ	פ			3			False	False	False	False	False	False	False	False	False	False	False	False	False	False	True	False	True	C.C.C+GEM	geminate	False	False	False	False	False	True	False	False	זפפ	RG-1ee3242a6e	2	PIEL|PUAL	hewiktionary	wikt:entry:p53198:r326454:o0:t0|wikt:entry:p53198:r326454:o657:t0	0.8	SILVER	TRADITIONAL_CLASS_NOT_STATED
RT-6c452f1fa7	{{שרש3|א|פ|ל}}	אפל	א	פ	ל			3			False	False	False	True	False	False	False	False	False	False	True	False	False	False	False	False	True	A.C.C	initial_alef	False	False	False	False	False	False	True	False	אפל	RG-6c452f1fa7	1	HIFIL	hewiktionary	wikt:entry:p53226:r510194:o0:t0|wikt:entry:p53226:r510194:o1305:t0	0.96	SILVER	TRADITIONAL_CLASS_NOT_STATED
RT-721a2321fd	{{שרש3|ש|ג|ה}}	שׁגה	ש	ג	ה			3			False	False	False	False	False	False	True	False	False	True	False	False	True	False	False	False	True	C.C.H	final_he	False	True	False	False	False	False	True	False	שגה	RG-db680e85c3	1	PAAL	hewiktionary	wikt:conj:p46465:r306333:t0:קל עבר|wikt:entry:p53241:r510821:o8:t0	0.96	SILVER	ROOT_SHARES_ORTHOGRAPHY_WITH_OTHER_ROOT|SHIN_SIN_FROM_FORM|TRADITIONAL_CLASS_NOT_STATED
RT-1faeea18e4	{{שרש3|שֹ|ג|ה}}	שׂגה	ש	ג	ה			3			False	False	False	False	False	False	True	False	False	True	False	False	True	False	False	False	True	C.C.H	final_he	False	True	False	False	False	False	True	False	שגה	RG-db680e85c3	1	PAAL	hewiktionary	wikt:entry:p53241:r510821:o1019:t0	0.8	SILVER	ROOT_SHARES_ORTHOGRAPHY_WITH_OTHER_ROOT|SHIN_SIN_FROM_FORM|TRADITIONAL_CLASS_NOT_STATED
RT-296eda3e0f	{{שרש3|ס|נ|ף}}	סנפ	ס	נ	פ			3			False	False	False	False	False	False	False	False	False	False	False	False	False	False	False	False	False	C.N.C	strong	True	False	False	False	False	False	False	False	סנפ	RG-296eda3e0f	2	HIFIL|PIEL	hewiktionary	wikt:entry:p53242:r519870:o0:t0|wikt:entry:p56380:r514826:o28:t0	0.8	SILVER	TRADITIONAL_CLASS_NOT_STATED
RT-5c44a62be4	{{שרש3|ס|י|ד}}	סיד	ס	י	ד			3			False	False	False	False	True	False	False	False	False	False	False	False	False	False	False	False	True	C.Y.C	hollow_candidate	False	False	True	False	False	False	False	False	סיד	RG-5c44a62be4	2	PAAL|PIEL	hewiktionary	wikt:entry:p53260:r512135:o1050:t0|wikt:entry:p53261:r511303:o1379:t0	0.8	SILVER	TRADITIONAL_CLASS_NOT_STATED
RT-68b67b769a	{{שרש3|י|ע|ט}}	יעט	י	ע	ט			3			False	True	False	False	False	False	False	False	False	False	False	True	False	False	False	False	True	Y.E.C	initial_yod_waw	False	False	False	False	True	False	True	False	יעט	RG-68b67b769a	1	PAAL	hewiktionary	wikt:entry:p53276:r327803:o0:t0	0.8	SILVER	TRADITIONAL_CLASS_NOT_STATED
RT-4b8e8be7db	{{שרש3|ק|ט|ט}}	קטט	ק	ט	ט			3			False	False	False	False	False	False	False	False	False	False	False	False	False	False	True	False	True	C.C.C+GEM	geminate	False	False	False	False	False	True	False	False	קטט	RG-4b8e8be7db	1	NIFAL	hewiktionary	wikt:entry:p53295:r517066:o9:t0	0.8	SILVER	TRADITIONAL_CLASS_NOT_STATED
RT-f26cb3ea22	{{שרש3|נ|ק|ט}}	נקט	נ	ק	ט			3			True	False	False	False	False	False	False	False	False	False	False	False	False	False	False	False	True	N.C.C	initial_nun	False	False	False	True	False	False	False	False	נקט	RG-f26cb3ea22	1	PAAL	hewiktionary	wikt:entry:p53295:r517066:o873:t0	0.8	SILVER	TRADITIONAL_CLASS_NOT_STATED
RT-d2a37353d2	{{שרש3|א|פ|ד}}	אפד	א	פ	ד			3			False	False	False	True	False	False	False	False	False	False	True	False	False	False	False	False	True	A.C.C	initial_alef	False	False	False	False	False	False	True	False	אפד	RG-d2a37353d2	1	PAAL	hewiktionary	wikt:entry:p53336:r499460:o0:t0	0.8	SILVER	TRADITIONAL_CLASS_NOT_STATED
RT-e11ac4a048	{{שרש3|ר|כ|ל}}	רכל	ר	כ	ל			3			False	False	False	False	False	False	False	False	False	False	False	False	False	True	False	False	False	R.C.C	strong	True	False	False	False	False	False	False	False	רכל	RG-e11ac4a048	1	PIEL	hewiktionary	wikt:entry:p53352:r415770:o0:t0	0.8	SILVER	TRADITIONAL_CLASS_NOT_STATED
RT-60d90ee5cd	{{שרש3|ז|ק|ק}}	זקק	ז	ק	ק			3			False	False	False	False	False	False	False	False	False	False	False	False	False	False	True	False	True	C.C.C+GEM	geminate	False	False	False	False	False	True	False	False	זקק	RG-60d90ee5cd	1	NIFAL	hewiktionary	wikt:entry:p53367:r511483:o0:t0	0.8	SILVER	TRADITIONAL_CLASS_NOT_STATED
RT-509a279190	{{שרש4|ש|ל|ש|ל}}	שׁלשׁל	ש	ל	ש	ל		4			False	False	False	False	False	False	False	False	False	False	False	False	False	False	False	True	False	C.C.C.C	quadriliteral	False	False	False	False	False	False	False	True	שלשל	RG-d4c3de48dd	1	PIEL	hewiktionary	wikt:entry:p53379:r511320:o0:t0	0.8	SILVER	SHIN_SIN_FROM_FORM|TRADITIONAL_CLASS_NOT_STATED
RT-82f5013a55	{{שרש3|ק|ס|ס}}	קסס	ק	ס	ס			3			False	False	False	False	False	False	False	False	False	False	False	False	False	False	True	False	True	C.C.C+GEM	geminate	False	False	False	False	False	True	False	False	קסס	RG-82f5013a55	2	PAAL|PIEL	hewiktionary	wikt:conj:p58517:r414003:t0:קל עבר|wikt:entry:p53443:r430022:o54:t0|wikt:entry:p56802:r448690:o0:t0	0.96	SILVER	TRADITIONAL_CLASS_NOT_STATED
RT-46a3549865	{{שרש3|ת|כ|ן}}\nגזרת שלמים	תכנ	ת	כ	נ			3	SHLEMIM	גזרת שלמים	False	False	False	False	False	False	False	False	False	False	False	False	False	False	False	False	False	C.C.N	strong	True	False	False	False	False	False	False	False	תכנ	RG-46a3549865	1	NIFAL	hewiktionary	wikt:entry:p53458:r510371:o19:t0	0.8	SILVER	
RT-f9c9f2372b	{{שרש4|א|ל|ת|ר}}	אלתר	א	ל	ת	ר		4			False	False	False	True	False	False	False	False	False	False	True	False	False	True	False	False	True	A.C.C.R	quadriliteral	False	False	False	False	False	False	True	True	אלתר	RG-f9c9f2372b	1	PIEL	hewiktionary	wikt:entry:p53480:r510086:o585:t0	0.8	SILVER	TRADITIONAL_CLASS_NOT_STATED
RT-822ba2b140	{{שרש3|ח|ד|ל}}	חדל	ח	ד	ל			3			False	False	False	False	False	False	False	False	False	False	True	False	False	False	False	False	False	X.C.C	guttural_containing	False	False	False	False	False	False	True	False	חדל	RG-822ba2b140	1	PAAL	hewiktionary	wikt:entry:p53494:r519193:o0:t0	0.8	SILVER	TRADITIONAL_CLASS_NOT_STATED
RT-71be556080	{{שרש3|ח|פ|ן}}	חפנ	ח	פ	נ			3			False	False	False	False	False	False	False	False	False	False	True	False	False	False	False	False	False	X.C.N	guttural_containing	False	False	False	False	False	False	True	False	חפנ	RG-71be556080	1	PAAL	hewiktionary	wikt:entry:p53513:r520872:o2000:t0	0.8	SILVER	TRADITIONAL_CLASS_NOT_STATED
RT-d673a82822	{{שרש3|ע|מ|ץ}}	עמצ	ע	מ	צ			3			False	False	False	False	False	False	False	False	False	False	True	False	False	False	False	False	False	E.C.C	guttural_containing	False	False	False	False	False	False	True	False	עמצ	RG-d673a82822	1	PIEL	hewiktionary	wikt:entry:p53515:r510648:o0:t0	0.8	SILVER	TRADITIONAL_CLASS_NOT_STATED
RT-1d4e05c65c	{{שרש3|כ|ב|ר|ב}}	כבר	כ	ב	ר			3			False	False	False	False	False	False	False	False	False	False	False	False	False	True	False	False	False	C.C.R	strong	True	False	False	False	False	False	False	False	כבר	RG-1d4e05c65c	2	HIFIL|PAAL	hewiktionary	wikt:entry:p53531:r512143:o1455:t0|wikt:entry:p53532:r510214:o0:t0	0.8	SILVER	TRADITIONAL_CLASS_NOT_STATED
RT-19c2fd990e	{{שרש3|ב|ה|ה}}	בהה	ב	ה	ה			3			False	False	False	False	False	False	True	False	False	True	False	True	True	False	True	False	True	C.H.H+GEM	geminate	False	True	False	False	False	True	True	False	בהה	RG-19c2fd990e	1	PAAL	hewiktionary	wikt:entry:p53545:r465984:o0:t0	0.8	SILVER	TRADITIONAL_CLASS_NOT_STATED
RT-78c58a161c	{{שרש4|כ|ר|כ|ב}}	כרכב	כ	ר	כ	ב		4			False	False	False	False	False	False	False	False	False	False	False	False	False	True	False	False	False	C.R.C.C	quadriliteral	False	False	False	False	False	False	False	True	כרכב	RG-78c58a161c	1	PIEL	hewiktionary	wikt:entry:p53546:r508149:o0:t0	0.8	SILVER	TRADITIONAL_CLASS_NOT_STATED
RT-937e748d29	{{שרש3|נ|ה|ל}}	נהל	נ	ה	ל			3			True	False	False	False	False	False	False	False	False	False	False	True	False	False	False	False	True	N.H.C	initial_nun	False	False	False	True	False	False	True	False	נהל	RG-937e748d29	2	HITPAEL|PIEL	hewiktionary	wikt:entry:p53557:r510274:o0:t0|wikt:entry:p53558:r516637:o0:t0	0.8	SILVER	TRADITIONAL_CLASS_NOT_STATED
RT-f83c27710e	{{שרש3|פ|ח|ס}}	פחס	פ	ח	ס			3			False	False	False	False	False	False	False	False	False	False	False	True	False	False	False	False	False	C.X.C	guttural_containing	False	False	False	False	False	False	True	False	פחס	RG-f83c27710e	1	PAAL	hewiktionary	wikt:entry:p53624:r461092:o15:t0	0.8	SILVER	TRADITIONAL_CLASS_NOT_STATED
RT-46afae83ab	{{שרש3|ז|ר|ה}}	זרה	ז	ר	ה			3			False	False	False	False	False	False	True	False	False	True	False	False	True	True	False	False	True	C.R.H	final_he	False	True	False	False	False	False	True	False	זרה	RG-46afae83ab	2	PAAL|PIEL	hewiktionary	wikt:entry:p53630:r427995:o0:t0|wikt:entry:p53630:r427995:o1400:t0	0.8	SILVER	TRADITIONAL_CLASS_NOT_STATED
RT-83a615f3ff	{{שרש3|ר|ק|ק}}	רקק	ר	ק	ק			3			False	False	False	False	False	False	False	False	False	False	False	False	False	True	True	False	True	R.C.C+GEM	geminate	False	False	False	False	False	True	False	False	רקק	RG-83a615f3ff	1	PAAL	hewiktionary	wikt:entry:p53693:r512526:o515:t0	0.8	SILVER	TRADITIONAL_CLASS_NOT_STATED
RT-1441701ca7	{{שרש3|שׁ|ב|שׁ}} שלמים	שׁבשׁ	ש	ב	ש			3	SHLEMIM	שלמים	False	False	False	False	False	False	False	False	False	False	False	False	False	False	False	False	False	C.C.C	strong	True	False	False	False	False	False	False	False	שבש	RG-72c16b4622	2	HITPAEL|PIEL	hewiktionary	wikt:entry:p53840:r501946:o0:t0|wikt:entry:p53841:r510822:o0:t0	0.8	SILVER	
RT-1fdbee8c16	{{שרש3|שׁ|ג|שׁ}}	שׁגשׁ	ש	ג	ש			3			False	False	False	False	False	False	False	False	False	False	False	False	False	False	False	False	False	C.C.C	strong	True	False	False	False	False	False	False	False	שגש	RG-5e78a6c124	2	PAAL|PIEL	hewiktionary	wikt:entry:p53854:r510823:o0:t0|wikt:entry:p53854:r510823:o394:t0	0.8	SILVER	SHIN_SIN_FROM_FORM|TRADITIONAL_CLASS_NOT_STATED
RT-acec861a8e	{{שרש3|שׁ|נ|ק}}	שׁנק	ש	נ	ק			3			False	False	False	False	False	False	False	False	False	False	False	False	False	False	False	False	False	C.N.C	strong	True	False	False	False	False	False	False	False	שנק	RG-2e03ae032d	1	HITPAEL	hewiktionary	wikt:entry:p53858:r449135:o0:t0	0.8	SILVER	TRADITIONAL_CLASS_NOT_STATED
RT-4c43d3c465	{{שרש3|ר|ת|ק}}	רתק	ר	ת	ק			3			False	False	False	False	False	False	False	False	False	False	False	False	False	True	False	False	False	R.C.C	strong	True	False	False	False	False	False	False	False	רתק	RG-4c43d3c465	3	PAAL|PIEL|PUAL	hewiktionary	wikt:entry:p53859:r510814:o0:t0|wikt:entry:p53859:r510814:o1060:t0|wikt:entry:p53859:r510814:o2158:t0	0.8	SILVER	TRADITIONAL_CLASS_NOT_STATED
RT-7853c1418e	{{שרש4|שׁ|ק|שׁ|ק}}	שׁקשׁק	ש	ק	ש	ק		4			False	False	False	False	False	False	False	False	False	False	False	False	False	False	False	True	False	C.C.C.C	quadriliteral	False	False	False	False	False	False	False	True	שקשק	RG-48b7520a7c	1	PIEL	hewiktionary	wikt:entry:p53863:r510875:o0:t0	0.8	SILVER	TRADITIONAL_CLASS_NOT_STATED
RT-cdb0bed471	{{שרש4|ש|ק|ל|ל}}	שׁקלל	ש	ק	ל	ל		4			False	False	False	False	False	False	False	False	False	False	False	False	False	False	False	False	False	C.C.C.C	quadriliteral	False	False	False	False	False	False	False	True	שקלל	RG-bb23330320	1	PIEL	hewiktionary	wikt:entry:p53867:r510876:o22:t0	0.8	SILVER	SHIN_SIN_FROM_FORM|TRADITIONAL_CLASS_NOT_STATED
RT-79a16252a7	{{שרש3|ר|כ|ן}}	רכנ	ר	כ	נ			3			False	False	False	False	False	False	False	False	False	False	False	False	False	True	False	False	False	R.C.N	strong	True	False	False	False	False	False	False	False	רכנ	RG-79a16252a7	2	HIFIL|PAAL	hewiktionary	wikt:entry:p53871:r334911:o0:t0|wikt:entry:p53872:r510799:o0:t0	0.8	SILVER	TRADITIONAL_CLASS_NOT_STATED
RT-4668601ff8	{{שרש3|א|פ|ף}}	אפפ	א	פ	פ			3			False	False	False	True	False	False	False	False	False	False	True	False	False	False	True	False	True	A.C.C+GEM	geminate	False	False	False	False	False	True	True	False	אפפ	RG-4668601ff8	1	PAAL	hewiktionary	wikt:entry:p53874:r520455:o0:t0	0.8	SILVER	TRADITIONAL_CLASS_NOT_STATED
RT-889a0249ea	{{שרש3|ג|י|ח}}	גיח	ג	י	ח			3			False	False	False	False	True	False	False	False	False	False	False	False	True	False	False	False	True	C.Y.X	hollow_candidate	False	False	True	False	False	False	True	False	גיח	RG-889a0249ea	1	PAAL	hewiktionary	wikt:conj:p32460:r266373:t0:קל עבר|wikt:entry:p53879:r510144:o535:t0|wikt:entry:p53879:r510144:o9:t0	0.992	SILVER	TRADITIONAL_CLASS_NOT_STATED
RT-e406d2f673	{{שרש3|ד|ל|ח}}	דלח	ד	ל	ח			3			False	False	False	False	False	False	False	False	False	False	False	False	True	False	False	False	False	C.C.X	guttural_containing	False	False	False	False	False	False	True	False	דלח	RG-e406d2f673	1	PAAL	hewiktionary	wikt:entry:p53897:r366722:o0:t0	0.8	SILVER	TRADITIONAL_CLASS_NOT_STATED
RT-fbd6670e98	{{שרש5|ס|נ|כ|ר|ן}}	סנכרנ	ס	נ	כ	ר	נ	5			False	False	False	False	False	False	False	False	False	False	False	False	False	True	False	False	False	C.N.C.R.N	quadriliteral	False	False	False	False	False	False	False	True	סנכרנ	RG-fbd6670e98	1	PIEL	hewiktionary	wikt:entry:p53965:r510609:o0:t0	0.8	SILVER	TRADITIONAL_CLASS_NOT_STATED|UNEXPECTED_ROOT_LENGTH
RT-610137dab8	{{שרש3|ב|א|שׁ}}	באשׁ	ב	א	ש			3			False	False	False	False	False	False	False	False	False	False	False	True	False	False	False	False	False	C.A.C	guttural_containing	False	False	False	False	False	False	True	False	באש	RG-2d1ac987f3	1	PAAL	hewiktionary	wikt:conj:p43513:r311115:t0:קל עבר|wikt:entry:p54005:r422111:o0:t0	0.96	SILVER	TRADITIONAL_CLASS_NOT_STATED
RT-a1470bcbc2	{{שרש3|ע|ת|ר}}	עתר	ע	ת	ר			3			False	False	False	False	False	False	False	False	False	False	True	False	False	True	False	False	False	E.C.R	guttural_containing	False	False	False	False	False	False	True	False	עתר	RG-a1470bcbc2	2	NIFAL|PAAL	hewiktionary	wikt:entry:p54006:r512148:o0:t0|wikt:entry:p54008:r514512:o9:t0	0.8	SILVER	TRADITIONAL_CLASS_NOT_STATED
RT-f637eb6660	{{שרש4|ב|צ|ב|ץ}}	בצבצ	ב	צ	ב	צ		4			False	False	False	False	False	False	False	False	False	False	False	False	False	False	False	True	False	C.C.C.C	quadriliteral	False	False	False	False	False	False	False	True	בצבצ	RG-f637eb6660	1	PIEL	hewiktionary	wikt:entry:p54161:r488739:o0:t0	0.8	SILVER	TRADITIONAL_CLASS_NOT_STATED
RT-bff3e88a04	{{שרש3|מ|ה|ל}}	מהל	מ	ה	ל			3			False	False	False	False	False	False	False	False	False	False	False	True	False	False	False	False	False	C.H.C	guttural_containing	False	False	False	False	False	False	True	False	מהל	RG-bff3e88a04	1	PAAL	hewiktionary	wikt:entry:p54202:r510445:o0:t0|wikt:entry:p54202:r510445:o537:t0	0.96	SILVER	TRADITIONAL_CLASS_NOT_STATED
RT-86b216b77b	{{שרש3|שׁ|י|ף}}	שׁיפ	ש	י	פ			3			False	False	False	False	True	False	False	False	False	False	False	False	False	False	False	False	True	C.Y.C	hollow_candidate	False	False	True	False	False	False	False	False	שיפ	RG-873342b309	1	PIEL	hewiktionary	wikt:entry:p54281:r517172:o0:t0	0.8	SILVER	TRADITIONAL_CLASS_NOT_STATED
RT-b6db0edbaa	{{שרש3|פ|ל|ץ}}	פלצ	פ	ל	צ			3			False	False	False	False	False	False	False	False	False	False	False	False	False	False	False	False	False	C.C.C	strong	True	False	False	False	False	False	False	False	פלצ	RG-b6db0edbaa	1	HITPAEL	hewiktionary	wikt:entry:p54292:r510278:o0:t0	0.8	SILVER	TRADITIONAL_CLASS_NOT_STATED
RT-e8df882d16	{{שרש3|צ|י|ת}}	צית	צ	י	ת			3			False	False	False	False	True	False	False	False	False	False	False	False	False	False	False	False	True	C.Y.C	hollow_candidate	False	False	True	False	False	False	False	False	צית	RG-e8df882d16	1	PIEL	hewiktionary	wikt:entry:p54302:r340222:o0:t0	0.8	SILVER	TRADITIONAL_CLASS_NOT_STATED
RT-c0ffdbeb48	{{שרש3|שׁ|א|ה}}	שׁאה	ש	א	ה			3			False	False	False	False	False	False	True	False	False	True	False	True	True	False	False	False	True	C.A.H	final_he	False	True	False	False	False	False	True	False	שאה	RG-5426a39851	2	HITPAEL|PAAL	hewiktionary	wikt:entry:p54305:r519672:o23:t0|wikt:entry:p54306:r482426:o30:t0	0.8	SILVER	TRADITIONAL_CLASS_NOT_STATED
RT-062821eb69	{{שרש3|ל|ו|ט}}	לוט	ל	ו	ט			3			False	False	False	False	False	True	False	False	False	False	False	False	False	False	False	False	True	C.W.C	hollow_candidate	False	False	True	False	False	False	False	False	לוט	RG-062821eb69	1	PAAL	hewiktionary	wikt:entry:p54366:r509379:o469:t0	0.8	SILVER	TRADITIONAL_CLASS_NOT_STATED
RT-19744939cb	{{שרש3|ב|ז|ר}}	בזר	ב	ז	ר			3			False	False	False	False	False	False	False	False	False	False	False	False	False	True	False	False	False	C.C.R	strong	True	False	False	False	False	False	False	False	בזר	RG-19744939cb	2	PAAL|PIEL	hewiktionary	wikt:entry:p54443:r510108:o0:t0|wikt:entry:p54443:r510108:o698:t0	0.8	SILVER	TRADITIONAL_CLASS_NOT_STATED
RT-96500fbad5	{{שרש3|ד|ו|ה}}	דוה	ד	ו	ה			3			False	False	False	False	False	True	True	False	False	True	False	False	True	False	False	False	True	C.W.H	hollow_candidate	False	True	True	False	False	False	True	False	דוה	RG-96500fbad5	1	PAAL	hewiktionary	wikt:entry:p54461:r510172:o0:t0	0.8	SILVER	TRADITIONAL_CLASS_NOT_STATED
RT-a5ff775f96	{{שרש3|א|ז|ק}}	אזק	א	ז	ק			3			False	False	False	True	False	False	False	False	False	False	True	False	False	False	False	False	True	A.C.C	initial_alef	False	False	False	False	False	False	True	False	אזק	RG-a5ff775f96	1	PAAL	hewiktionary	wikt:conj:p16606:r148436:t0:קל עבר|wikt:entry:p54469:r510079:o0:t0	0.96	SILVER	TRADITIONAL_CLASS_NOT_STATED
RT-62a1b37361	{{שרש3|צ|פ|ן}}	צפנ	צ	פ	נ			3			False	False	False	False	False	False	False	False	False	False	False	False	False	False	False	False	False	C.C.N	strong	True	False	False	False	False	False	False	False	צפנ	RG-62a1b37361	1	PAAL	hewiktionary	wikt:entry:p54472:r510747:o0:t0	0.8	SILVER	TRADITIONAL_CLASS_NOT_STATED
RT-6a1260cfd2	{{שרש3|פ|ו|ק}}	פוק	פ	ו	ק			3			False	False	False	False	False	True	False	False	False	False	False	False	False	False	False	False	True	C.W.C	hollow_candidate	False	False	True	False	False	False	False	False	פוק	RG-6a1260cfd2	2	HIFIL|PAAL	hewiktionary	wikt:entry:p54485:r500182:o0:t0|wikt:entry:p55836:r494633:o0:t0	0.8	SILVER	TRADITIONAL_CLASS_NOT_STATED
RT-c481527d6c	{{שרש4|פ|מ|פ|ם}}	פמפמ	פ	מ	פ	מ		4			False	False	False	False	False	False	False	False	False	False	False	False	False	False	False	True	False	C.C.C.C	quadriliteral	False	False	False	False	False	False	False	True	פמפמ	RG-c481527d6c	1	PIEL	hewiktionary	wikt:entry:p54492:r510703:o11:t0	0.8	SILVER	TRADITIONAL_CLASS_NOT_STATED
RT-d4950f1f2f	{{שרש3|ת|כ|ה}}	תכה	ת	כ	ה			3			False	False	False	False	False	False	True	False	False	True	False	False	True	False	False	False	True	C.C.H	final_he	False	True	False	False	False	False	True	False	תכה	RG-d4950f1f2f	1	PUAL	hewiktionary	wikt:entry:p54513:r448835:o0:t0	0.8	SILVER	TRADITIONAL_CLASS_NOT_STATED
RT-52a5ae4fa5	{{שרש3|ז|נ|ק}}	זנק	ז	נ	ק			3			False	False	False	False	False	False	False	False	False	False	False	False	False	False	False	False	False	C.N.C	strong	True	False	False	False	False	False	False	False	זנק	RG-52a5ae4fa5	1	PIEL	hewiktionary	wikt:entry:p54523:r510289:o0:t0	0.8	SILVER	TRADITIONAL_CLASS_NOT_STATED
RT-9e354768f9	{{שרש4|שׁ|נ|ר|ר}}	שׁנרר	ש	נ	ר	ר		4			False	False	False	False	False	False	False	False	False	False	False	False	False	True	False	False	False	C.N.R.R	quadriliteral	False	False	False	False	False	False	False	True	שנרר	RG-e1a99be3c3	1	PIEL	hewiktionary	wikt:conj:p24930:r270893:t0:פיעל עבר|wikt:entry:p54532:r503027:o611:t0	0.96	SILVER	TRADITIONAL_CLASS_NOT_STATED
RT-f60d011bc6	{{שרש3|ל|ח|ת}}	לחת	ל	ח	ת			3			False	False	False	False	False	False	False	False	False	False	False	True	False	False	False	False	False	C.X.C	guttural_containing	False	False	False	False	False	False	True	False	לחת	RG-f60d011bc6	1	HIFIL	hewiktionary	wikt:entry:p54539:r502044:o0:t0	0.8	SILVER	TRADITIONAL_CLASS_NOT_STATED
RT-b30f69f409	{{שרש3|כ|א|ה}}	כאה	כ	א	ה			3			False	False	False	False	False	False	True	False	False	True	False	True	True	False	False	False	True	C.A.H	final_he	False	True	False	False	False	False	True	False	כאה	RG-b30f69f409	2	HIFIL|NIFAL	hewiktionary	wikt:conj:p48250:r274211:t0:הפעיל עבר|wikt:conj:p48250:r274211:t0:נפעל עבר|wikt:entry:p54558:r510215:o541:t0|wikt:entry:p54559:r406952:o0:t0	0.96	SILVER	TRADITIONAL_CLASS_NOT_STATED
RT-cb5af31bd7	{{שרש3|ג|ע|ר}}	גער	ג	ע	ר			3			False	False	False	False	False	False	False	False	False	False	False	True	False	True	False	False	False	C.E.R	guttural_containing	False	False	False	False	False	False	True	False	גער	RG-cb5af31bd7	1	PAAL	hewiktionary	wikt:entry:p54703:r399326:o0:t0	0.8	SILVER	TRADITIONAL_CLASS_NOT_STATED
RT-bb1c9ec51d	{{שרש3|ג|ד|ד}}	גדד	ג	ד	ד			3			False	False	False	False	False	False	False	False	False	False	False	False	False	False	True	False	True	C.C.C+GEM	geminate	False	False	False	False	False	True	False	False	גדד	RG-bb1c9ec51d	2	PAAL	hewiktionary	wikt:entry:p54787:r512418:o24:t0|wikt:entry:p54787:r512418:o456:t0	0.8	QUESTIONABLE	TRADITIONAL_CLASS_NOT_STATED
RT-213133841d	{{שרש3|ג|ע|שׁ}}	געשׁ	ג	ע	ש			3			False	False	False	False	False	False	False	False	False	False	False	True	False	False	False	False	False	C.E.C	guttural_containing	False	False	False	False	False	False	True	False	געש	RG-93169a16f5	1	PAAL	hewiktionary	wikt:entry:p54881:r516025:o16:t0	0.8	SILVER	TRADITIONAL_CLASS_NOT_STATED
RT-37aeafcb52	{{שרש3|ר|ב|ץ}}	רבצ	ר	ב	צ			3			False	False	False	False	False	False	False	False	False	False	False	False	False	True	False	False	False	R.C.C	strong	True	False	False	False	False	False	False	False	רבצ	RG-37aeafcb52	2	HIFIL|PAAL	hewiktionary	wikt:conj:p56687:r386164:t0:הפעיל עבר|wikt:conj:p56687:r386164:t0:קל עבר|wikt:entry:p54898:r518329:o54:t0|wikt:entry:p56715:r521389:o0:t0	0.96	SILVER	TRADITIONAL_CLASS_NOT_STATED
RT-6538f730d9	{{שרש4|ח|ב|ל|ל}}	חבלל	ח	ב	ל	ל		4			False	False	False	False	False	False	False	False	False	False	True	False	False	False	False	False	False	X.C.C.C	quadriliteral	False	False	False	False	False	False	True	True	חבלל	RG-6538f730d9	1	PIEL	hewiktionary	wikt:entry:p54940:r351653:o16:t0	0.8	SILVER	TRADITIONAL_CLASS_NOT_STATED
RT-e08394f095	{{שרש3|פ|צ|ח}}	פצח	פ	צ	ח			3			False	False	False	False	False	False	False	False	False	False	False	False	True	False	False	False	False	C.C.X	guttural_containing	False	False	False	False	False	False	True	False	פצח	RG-e08394f095	2	PAAL|PIEL	hewiktionary	wikt:entry:p54953:r488895:o0:t0|wikt:entry:p54953:r488895:o1078:t0	0.8	SILVER	TRADITIONAL_CLASS_NOT_STATED
RT-21d2613cf4	{{שרש3|כ|ח|ד}}	כחד	כ	ח	ד			3			False	False	False	False	False	False	False	False	False	False	False	True	False	False	False	False	False	C.X.C	guttural_containing	False	False	False	False	False	False	True	False	כחד	RG-21d2613cf4	1	PIEL	hewiktionary	wikt:conj:p56756:r387090:t0:פיעל עבר|wikt:entry:p55087:r511913:o0:t0	0.96	SILVER	TRADITIONAL_CLASS_NOT_STATED
RT-02caa30414	{{שרש3|כ|מ|ש}}	כמשׁ	כ	מ	ש			3			False	False	False	False	False	False	False	False	False	False	False	False	False	False	False	False	False	C.C.C	strong	True	False	False	False	False	False	False	False	כמש	RG-659e22fbcf	1	PAAL	hewiktionary	wikt:entry:p55100:r510387:o62:t0	0.8	SILVER	SHIN_SIN_FROM_FORM|TRADITIONAL_CLASS_NOT_STATED
RT-3ba5425814	{{שרש3|נ|ק|ר}}	נקר	נ	ק	ר			3			True	False	False	False	False	False	False	False	False	False	False	False	False	True	False	False	True	N.C.R	initial_nun	False	False	False	True	False	False	False	False	נקר	RG-3ba5425814	1	PIEL	hewiktionary	wikt:entry:p55167:r498191:o0:t0	0.8	SILVER	TRADITIONAL_CLASS_NOT_STATED
RT-5f7ccd0fc6	{{שרש3|ש|ז|ר}}	שׁזר	ש	ז	ר			3			False	False	False	False	False	False	False	False	False	False	False	False	False	True	False	False	False	C.C.R	strong	True	False	False	False	False	False	False	False	שזר	RG-7b754bc0aa	1	PAAL	hewiktionary	wikt:entry:p55203:r360552:o42:t0	0.8	SILVER	SHIN_SIN_FROM_FORM|TRADITIONAL_CLASS_NOT_STATED
RT-f7e92227d1	{{שרש3|ג|ה|ר}}	גהר	ג	ה	ר			3			False	False	False	False	False	False	False	False	False	False	False	True	False	True	False	False	False	C.H.R	guttural_containing	False	False	False	False	False	False	True	False	גהר	RG-f7e92227d1	1	PAAL	hewiktionary	wikt:entry:p55215:r461081:o0:t0	0.8	SILVER	TRADITIONAL_CLASS_NOT_STATED
RT-3925fcf4ea	{{שרש3|ט|ר|ר}} (גזור שם)	טרר	ט	ר	ר			3		(גזור שם)	False	False	False	False	False	False	False	False	False	False	False	False	False	True	True	False	True	C.R.R+GEM	geminate	False	False	False	False	False	True	False	False	טרר	RG-3925fcf4ea	1	PIEL	hewiktionary	wikt:entry:p55287:r360185:o0:t0	0.8	SILVER	TRADITIONAL_CLASS_NOT_STATED|TRADITIONAL_CLASS_UNMAPPED_LABEL
RT-fb2a4250e6	{{שרש3|ע|ת|ק}}	עתק	ע	ת	ק			3			False	False	False	False	False	False	False	False	False	False	True	False	False	False	False	False	False	E.C.C	guttural_containing	False	False	False	False	False	False	True	False	עתק	RG-fb2a4250e6	2	NIFAL|PAAL	hewiktionary	wikt:conj:p31605:r403980:t0:קל עבר|wikt:entry:p55326:r454759:o0:t0|wikt:entry:p56092:r510570:o0:t0	0.96	SILVER	TRADITIONAL_CLASS_NOT_STATED
RT-4617c2c36f	{{שרש3|ל|ע|ב}}	לעב	ל	ע	ב			3			False	False	False	False	False	False	False	False	False	False	False	True	False	False	False	False	False	C.E.C	guttural_containing	False	False	False	False	False	False	True	False	לעב	RG-4617c2c36f	1	HIFIL	hewiktionary	wikt:entry:p55342:r511109:o0:t0	0.8	SILVER	TRADITIONAL_CLASS_NOT_STATED
RT-8ae8578f04	{{שרש3|ב|ת|ק}}	בתק	ב	ת	ק			3			False	False	False	False	False	False	False	False	False	False	False	False	False	False	False	False	False	C.C.C	strong	True	False	False	False	False	False	False	False	בתק	RG-8ae8578f04	1	PIEL	hewiktionary	wikt:entry:p55385:r363507:o0:t0	0.8	SILVER	TRADITIONAL_CLASS_NOT_STATED
RT-e85e1b613e	{{שרש3|ג|ל|שׁ}}	גלשׁ	ג	ל	ש			3			False	False	False	False	False	False	False	False	False	False	False	False	False	False	False	False	False	C.C.C	strong	True	False	False	False	False	False	False	False	גלש	RG-1778508f53	2	HITPAEL|PAAL	hewiktionary	wikt:entry:p55387:r518142:o0:t0|wikt:entry:p61680:r460864:o9:t0	0.8	SILVER	SHIN_SIN_FROM_FORM|TRADITIONAL_CLASS_NOT_STATED
RT-5e457a606e	{{שרש4|ט|ל|פ|ן}}	טלפנ	ט	ל	פ	נ		4			False	False	False	False	False	False	False	False	False	False	False	False	False	False	False	False	False	C.C.C.N	quadriliteral	False	False	False	False	False	False	False	True	טלפנ	RG-5e457a606e	1	PIEL	hewiktionary	wikt:entry:p55388:r511490:o0:t0	0.8	SILVER	TRADITIONAL_CLASS_NOT_STATED
RT-cb04cdcd88	{{שרש3|נ|ב|ע}}	נבע	נ	ב	ע			3			True	False	False	False	False	False	False	False	False	False	False	False	True	False	False	False	True	N.C.E	initial_nun	False	False	False	True	False	False	True	False	נבע	RG-cb04cdcd88	1	PAAL	hewiktionary	wikt:entry:p55393:r510537:o0:t0	0.8	SILVER	TRADITIONAL_CLASS_NOT_STATED
RT-047b228b68	{{שרש3|ב|ע|י}}	בעי	ב	ע	י			3			False	False	False	False	False	False	False	True	False	False	False	True	False	False	False	False	True	C.E.Y	guttural_containing	False	False	False	False	False	False	True	False	בעי	RG-047b228b68	1	NIFAL	hewiktionary	wikt:entry:p55394:r510538:o0:t0	0.8	SILVER	TRADITIONAL_CLASS_NOT_STATED
RT-a32b655d4b	{{שרש3|ס|מ|ם}}	סממ	ס	מ	מ			3			False	False	False	False	False	False	False	False	False	False	False	False	False	False	True	False	True	C.C.C+GEM	geminate	False	False	False	False	False	True	False	False	סממ	RG-a32b655d4b	1	PIEL	hewiktionary	wikt:entry:p55400:r363817:o0:t0	0.8	SILVER	TRADITIONAL_CLASS_NOT_STATED
RT-f7d30d2aa6	{{שרש4|ח|ר|ט|ט}}	חרטט	ח	ר	ט	ט		4			False	False	False	False	False	False	False	False	False	False	True	False	False	True	False	False	False	X.R.C.C	quadriliteral	False	False	False	False	False	False	True	True	חרטט	RG-f7d30d2aa6	1	PIEL	hewiktionary	wikt:entry:p55406:r516552:o0:t0	0.8	SILVER	TRADITIONAL_CLASS_NOT_STATED
RT-a28106462e	{{שרש3|ס|ר|ר}}	סרר	ס	ר	ר			3			False	False	False	False	False	False	False	False	False	False	False	False	False	True	True	False	True	C.R.R+GEM	geminate	False	False	False	False	False	True	False	False	סרר	RG-a28106462e	1	PAAL	hewiktionary	wikt:conj:p33021:r297839:t0:קל עבר|wikt:entry:p55416:r505235:o0:t0	0.96	SILVER	TRADITIONAL_CLASS_NOT_STATED
RT-51ac413aee	{{שרש3|ח|ר|ט}}	חרט	ח	ר	ט			3			False	False	False	False	False	False	False	False	False	False	True	False	False	True	False	False	False	X.R.C	guttural_containing	False	False	False	False	False	False	True	False	חרט	RG-51ac413aee	1	PAAL	hewiktionary	wikt:entry:p55419:r514876:o1674:t0	0.8	SILVER	TRADITIONAL_CLASS_NOT_STATED
RT-c1af000a7e	{{שרש3|ג|ר|ע}}	גרע	ג	ר	ע			3			False	False	False	False	False	False	False	False	False	False	False	False	True	True	False	False	False	C.R.E	guttural_containing	False	False	False	False	False	False	True	False	גרע	RG-c1af000a7e	2	PAAL|PIEL	hewiktionary	wikt:entry:p55420:r510164:o0:t0|wikt:entry:p55420:r510164:o973:t0	0.8	SILVER	TRADITIONAL_CLASS_NOT_STATED
RT-3e15001050	{{שרש3|כ|ע|ר}}	כער	כ	ע	ר			3			False	False	False	False	False	False	False	False	False	False	False	True	False	True	False	False	False	C.E.R	guttural_containing	False	False	False	False	False	False	True	False	כער	RG-3e15001050	1	PIEL	hewiktionary	wikt:entry:p55445:r510392:o0:t0	0.8	SILVER	TRADITIONAL_CLASS_NOT_STATED
RT-78d5c9c11a	{{שרש3|ר|ט|ט}}	רטט	ר	ט	ט			3			False	False	False	False	False	False	False	False	False	False	False	False	False	True	True	False	True	R.C.C+GEM	geminate	False	False	False	False	False	True	False	False	רטט	RG-78d5c9c11a	1	PAAL	hewiktionary	wikt:entry:p55446:r507727:o0:t0	0.8	SILVER	TRADITIONAL_CLASS_NOT_STATED
RT-d00ca3b87b	{{שרש3|ח|שׁ|ל}}	חשׁל	ח	ש	ל			3			False	False	False	False	False	False	False	False	False	False	True	False	False	False	False	False	False	X.C.C	guttural_containing	False	False	False	False	False	False	True	False	חשל	RG-167755cf22	2	PAAL|PIEL	hewiktionary	wikt:entry:p55461:r514192:o0:t0|wikt:entry:p55461:r514192:o2818:t0	0.8	SILVER	SHIN_SIN_FROM_FORM|TRADITIONAL_CLASS_NOT_STATED
RT-f2ea9f926d	{{שרש3|ל|ג|ם}}	לגמ	ל	ג	מ			3			False	False	False	False	False	False	False	False	False	False	False	False	False	False	False	False	False	C.C.C	strong	True	False	False	False	False	False	False	False	לגמ	RG-f2ea9f926d	1	PAAL	hewiktionary	wikt:entry:p55465:r443975:o0:t0	0.8	SILVER	TRADITIONAL_CLASS_NOT_STATED
RT-c8ccc36a8e	{{שרש3|נ|ח|ה}}	נחה	נ	ח	ה			3			True	False	False	False	False	False	True	False	False	True	False	True	True	False	False	False	True	N.X.H	final_he	False	True	False	True	False	False	True	False	נחה	RG-c8ccc36a8e	1	PAAL	hewiktionary	wikt:entry:p55466:r510547:o0:t0	0.8	SILVER	TRADITIONAL_CLASS_NOT_STATED
RT-0af6bcbe23	{{שרש3|ג|מ|ע}}	גמע	ג	מ	ע			3			False	False	False	False	False	False	False	False	False	False	False	False	True	False	False	False	False	C.C.E	guttural_containing	False	False	False	False	False	False	True	False	גמע	RG-0af6bcbe23	2	PAAL|PIEL	hewiktionary	wikt:entry:p55468:r510150:o0:t0|wikt:entry:p55468:r510150:o607:t0	0.8	SILVER	TRADITIONAL_CLASS_NOT_STATED
RT-f55ae1810e	{{שרש3|שׁ|נ|ס}}	שׁנס	ש	נ	ס			3			False	False	False	False	False	False	False	False	False	False	False	False	False	False	False	False	False	C.N.C	strong	True	False	False	False	False	False	False	False	שנס	RG-3b2ab0c92c	1	PIEL	hewiktionary	wikt:entry:p55478:r516867:o0:t0	0.8	SILVER	TRADITIONAL_CLASS_NOT_STATED
RT-cda154b646	{{שרש3|ח|ס|ם}}	חסמ	ח	ס	מ			3			False	False	False	False	False	False	False	False	False	False	True	False	False	False	False	False	False	X.C.C	guttural_containing	False	False	False	False	False	False	True	False	חסמ	RG-cda154b646	2	PAAL|PIEL	hewiktionary	wikt:entry:p55492:r510318:o0:t0|wikt:entry:p55492:r510318:o1026:t0	0.8	SILVER	TRADITIONAL_CLASS_NOT_STATED
RT-84b5717353	{{שרש4|פ|נ|ט|ז}}	פנטז	פ	נ	ט	ז		4			False	False	False	False	False	False	False	False	False	False	False	False	False	False	False	False	False	C.N.C.C	quadriliteral	False	False	False	False	False	False	False	True	פנטז	RG-84b5717353	1	PIEL	hewiktionary	wikt:entry:p55494:r500577:o0:t0	0.8	SILVER	TRADITIONAL_CLASS_NOT_STATED
RT-0aae7aa856	{{שרש3|שׁ|ע|ט}}	שׁעט	ש	ע	ט			3			False	False	False	False	False	False	False	False	False	False	False	True	False	False	False	False	False	C.E.C	guttural_containing	False	False	False	False	False	False	True	False	שעט	RG-81f09a7977	1	PAAL	hewiktionary	wikt:entry:p55496:r518837:o0:t0	0.8	SILVER	TRADITIONAL_CLASS_NOT_STATED
RT-367493d272	{{שרש3|ק|נ|ב}}	קנב	ק	נ	ב			3			False	False	False	False	False	False	False	False	False	False	False	False	False	False	False	False	False	C.N.C	strong	True	False	False	False	False	False	False	False	קנב	RG-367493d272	1	PIEL	hewiktionary	wikt:entry:p55497:r365627:o0:t0	0.8	SILVER	TRADITIONAL_CLASS_NOT_STATED
RT-9f57e809c5	{{שרש3|ת|ח|ב}}	תחב	ת	ח	ב			3			False	False	False	False	False	False	False	False	False	False	False	True	False	False	False	False	False	C.X.C	guttural_containing	False	False	False	False	False	False	True	False	תחב	RG-9f57e809c5	1	PAAL	hewiktionary	wikt:entry:p55501:r510896:o0:t0	0.8	SILVER	TRADITIONAL_CLASS_NOT_STATED
RT-52de2b32fa	{{שרש3|ש|ת|ע}}	שׁתע	ש	ת	ע			3			False	False	False	False	False	False	False	False	False	False	False	False	True	False	False	False	False	C.C.E	guttural_containing	False	False	False	False	False	False	True	False	שתע	RG-77f9592424	2	PAAL|PIEL	hewiktionary	wikt:entry:p55503:r521700:o0:t0|wikt:entry:p55503:r521700:o1745:t0	0.8	SILVER	SHIN_SIN_FROM_FORM|TRADITIONAL_CLASS_NOT_STATED
RT-648830acfd	{{שרש3|ד|ח|ס}}	דחס	ד	ח	ס			3			False	False	False	False	False	False	False	False	False	False	False	True	False	False	False	False	False	C.X.C	guttural_containing	False	False	False	False	False	False	True	False	דחס	RG-648830acfd	1	PAAL	hewiktionary	wikt:entry:p55504:r510175:o22:t0	0.8	SILVER	TRADITIONAL_CLASS_NOT_STATED
RT-cc85e15fbb	{{שרש4|פ|ט|פ|ט}}	פטפט	פ	ט	פ	ט		4			False	False	False	False	False	False	False	False	False	False	False	False	False	False	False	True	False	C.C.C.C	quadriliteral	False	False	False	False	False	False	False	True	פטפט	RG-cc85e15fbb	1	PIEL	hewiktionary	wikt:entry:p55508:r510692:o0:t0	0.8	SILVER	TRADITIONAL_CLASS_NOT_STATED
RT-fdbd63ec87	{{שרש3|ה|ס|ה}}	הסה	ה	ס	ה			3			False	False	False	False	False	False	True	False	False	True	True	False	True	False	False	False	True	H.C.H	final_he	False	True	False	False	False	False	True	False	הסה	RG-fdbd63ec87	1	PIEL	hewiktionary	wikt:entry:p55511:r365675:o9:t0	0.8	SILVER	TRADITIONAL_CLASS_NOT_STATED
RT-1878f87e64	{{שרש3|פ|שֹ|ק}}	פשק	פ	ש	ק			3			False	False	False	False	False	False	False	False	False	False	False	False	False	False	False	False	False	C.C.C	strong	True	False	False	False	False	False	False	False	פשק	RG-1878f87e64	1	PIEL	hewiktionary	wikt:entry:p55513:r512171:o446:t0	0.8	SILVER	SHIN_SIN_UNRESOLVED|TRADITIONAL_CLASS_NOT_STATED
RT-73d6b0dab7	{{שרש3|ד|ל|ג}}	דלג	ד	ל	ג			3			False	False	False	False	False	False	False	False	False	False	False	False	False	False	False	False	False	C.C.C	strong	True	False	False	False	False	False	False	False	דלג	RG-73d6b0dab7	2	PAAL|PIEL	hewiktionary	wikt:entry:p55516:r453596:o0:t0|wikt:entry:p55516:r453596:o326:t0	0.8	SILVER	TRADITIONAL_CLASS_NOT_STATED
RT-27ca062b38	{{שרש3|ח|ש|ה}}	חשׁה	ח	ש	ה			3			False	False	False	False	False	False	True	False	False	True	True	False	True	False	False	False	True	X.C.H	final_he	False	True	False	False	False	False	True	False	חשה	RG-5bbddd3247	1	HIFIL	hewiktionary	wikt:entry:p55521:r510211:o0:t0	0.8	SILVER	SHIN_SIN_FROM_FORM|TRADITIONAL_CLASS_NOT_STATED
RT-a34abbeea1	{{שרש3|ר|צ|ף}}	רצפ	ר	צ	פ			3			False	False	False	False	False	False	False	False	False	False	False	False	False	True	False	False	False	R.C.C	strong	True	False	False	False	False	False	False	False	רצפ	RG-a34abbeea1	3	NIFAL|PAAL|PIEL	hewiktionary	wikt:entry:p55524:r490571:o0:t0|wikt:entry:p55524:r490571:o376:t0|wikt:entry:p55529:r510583:o0:t0	0.8	SILVER	TRADITIONAL_CLASS_NOT_STATED
RT-7204cdc37c	{{שרש3|י|א|שׁ}}	יאשׁ	י	א	ש			3			False	True	False	False	False	False	False	False	False	False	False	True	False	False	False	False	True	Y.A.C	initial_yod_waw	False	False	False	False	True	False	True	False	יאש	RG-ca2e1348aa	3	HITPAEL|NIFAL|PIEL	hewiktionary	wikt:conj:p31615:r519113:t0:התפעל עבר|wikt:conj:p31615:r519113:t0:נפעל עבר|wikt:conj:p31615:r519113:t0:פיעל עבר|wikt:entry:p55525:r519118:o0:t0|wikt:entry:p55526:r519116:o1:t0|wikt:entry:p61262:r493353:o0:t0	0.96	SILVER	TRADITIONAL_CLASS_NOT_STATED
RT-922cb6c4e1	{{שרש3|ח|ר|ץ}}	חרצ	ח	ר	צ			3			False	False	False	False	False	False	False	False	False	False	True	False	False	True	False	False	False	X.R.C	guttural_containing	False	False	False	False	False	False	True	False	חרצ	RG-922cb6c4e1	1	PAAL	hewiktionary	wikt:conj:p45456:r414008:t0:קל עבר|wikt:entry:p55530:r512496:o0:t0	0.96	SILVER	TRADITIONAL_CLASS_NOT_STATED
RT-1906ffb035	{{שרש3|ג|ה|ץ}}	גהצ	ג	ה	צ			3			False	False	False	False	False	False	False	False	False	False	False	True	False	False	False	False	False	C.H.C	guttural_containing	False	False	False	False	False	False	True	False	גהצ	RG-1906ffb035	1	PIEL	hewiktionary	wikt:entry:p55532:r512169:o0:t0	0.8	SILVER	TRADITIONAL_CLASS_NOT_STATED
RT-288127f15a	{{שרש3|נ|ה|ה}}	נהה	נ	ה	ה			3			True	False	False	False	False	False	True	False	False	True	False	True	True	False	True	False	True	N.H.H+GEM	geminate	False	True	False	True	False	True	True	False	נהה	RG-288127f15a	1	PAAL	hewiktionary	wikt:entry:p55539:r461303:o0:t0|wikt:entry:p55539:r461303:o1337:t0	0.96	SILVER	TRADITIONAL_CLASS_NOT_STATED
RT-fd16f78c26	{{שרש3|שׁ|א|ף}}	שׁאפ	ש	א	פ			3			False	False	False	False	False	False	False	False	False	False	False	True	False	False	False	False	False	C.A.C	guttural_containing	False	False	False	False	False	False	True	False	שאפ	RG-6f2cfad80a	1	PAAL	hewiktionary	wikt:entry:p55545:r513133:o0:t0	0.8	SILVER	TRADITIONAL_CLASS_NOT_STATED
RT-110f1c3c61	{{שרש3|ג|ב|ל|א}}	גבל	ג	ב	ל			3			False	False	False	False	False	False	False	False	False	False	False	False	False	False	False	False	False	C.C.C	strong	True	False	False	False	False	False	False	False	גבל	RG-110f1c3c61	2	PAAL|PIEL	hewiktionary	wikt:entry:p55550:r511519:o0:t0|wikt:entry:p55550:r511519:o1325:t0|wikt:entry:p55550:r511519:o696:t0	0.96	SILVER	TRADITIONAL_CLASS_NOT_STATED
RT-7e4e414961	{{שרש4|שׁ|ר|ב|ב}}	שׁרבב	ש	ר	ב	ב		4			False	False	False	False	False	False	False	False	False	False	False	False	False	True	False	False	False	C.R.C.C	quadriliteral	False	False	False	False	False	False	False	True	שרבב	RG-e0b6f2f397	2	HITPAEL|PIEL	hewiktionary	wikt:entry:p55551:r510261:o0:t0|wikt:entry:p55552:r510878:o0:t0	0.8	SILVER	TRADITIONAL_CLASS_NOT_STATED
RT-67d87b6b86	{{שרש3|ל|ע|ג}}	לעג	ל	ע	ג			3			False	False	False	False	False	False	False	False	False	False	False	True	False	False	False	False	False	C.E.C	guttural_containing	False	False	False	False	False	False	True	False	לעג	RG-67d87b6b86	1	PAAL	hewiktionary	wikt:entry:p55560:r513638:o0:t0	0.8	SILVER	TRADITIONAL_CLASS_NOT_STATED
RT-38002cc810	{{שרש3|א|כ|ן}}	אכנ	א	כ	נ			3			False	False	False	True	False	False	False	False	False	False	True	False	False	False	False	False	True	A.C.N	initial_alef	False	False	False	False	False	False	True	False	אכנ	RG-38002cc810	1	PIEL	hewiktionary	wikt:entry:p55562:r487168:o1024:t0	0.8	SILVER	TRADITIONAL_CLASS_NOT_STATED
RT-3657329068	{{שרש4|כ|ד|ר|ר}}	כדרר	כ	ד	ר	ר		4			False	False	False	False	False	False	False	False	False	False	False	False	False	True	False	False	False	C.C.R.R	quadriliteral	False	False	False	False	False	False	False	True	כדרר	RG-3657329068	1	PIEL	hewiktionary	wikt:entry:p55564:r413513:o0:t0	0.8	SILVER	TRADITIONAL_CLASS_NOT_STATED
RT-ac4a1c0dda	{{שרש3|ג|ז|ז}}	גזז	ג	ז	ז			3			False	False	False	False	False	False	False	False	False	False	False	False	False	False	True	False	True	C.C.C+GEM	geminate	False	False	False	False	False	True	False	False	גזז	RG-ac4a1c0dda	1	PAAL	hewiktionary	wikt:entry:p55565:r522223:o0:t0	0.8	SILVER	TRADITIONAL_CLASS_NOT_STATED
RT-76e053d821	{{שרש3|ח|ל|ן}}	חלנ	ח	ל	נ			3			False	False	False	False	False	False	False	False	False	False	True	False	False	False	False	False	False	X.C.N	guttural_containing	False	False	False	False	False	False	True	False	חלנ	RG-76e053d821	1	PIEL	hewiktionary	wikt:entry:p55566:r510311:o1:t0	0.8	SILVER	TRADITIONAL_CLASS_NOT_STATED
RT-eaf2849b74	{{שרש3|פ|ד|ח}}	פדח	פ	ד	ח			3			False	False	False	False	False	False	False	False	False	False	False	False	True	False	False	False	False	C.C.X	guttural_containing	False	False	False	False	False	False	True	False	פדח	RG-eaf2849b74	1	PIEL	hewiktionary	wikt:entry:p55576:r510677:o1:t0	0.8	SILVER	TRADITIONAL_CLASS_NOT_STATED
RT-cb6a6fd0d3	{{שרש3|מ|ח|שׁ}}	מחשׁ	מ	ח	ש			3			False	False	False	False	False	False	False	False	False	False	False	True	False	False	False	False	False	C.X.C	guttural_containing	False	False	False	False	False	False	True	False	מחש	RG-8de3345c07	1	HIFIL	hewiktionary	wikt:entry:p55598:r392962:o0:t0	0.8	SILVER	TRADITIONAL_CLASS_NOT_STATED
RT-32ec0d1953	{{שרש3|מ|ח|ז}}	מחז	מ	ח	ז			3			False	False	False	False	False	False	False	False	False	False	False	True	False	False	False	False	False	C.X.C	guttural_containing	False	False	False	False	False	False	True	False	מחז	RG-32ec0d1953	1	HIFIL	hewiktionary	wikt:entry:p55599:r455888:o0:t0	0.8	SILVER	TRADITIONAL_CLASS_NOT_STATED
RT-d407431423	{{שרש3|כ|ס|ס}}	כסס	כ	ס	ס			3			False	False	False	False	False	False	False	False	False	False	False	False	False	False	True	False	True	C.C.C+GEM	geminate	False	False	False	False	False	True	False	False	כסס	RG-d407431423	1	PAAL	hewiktionary	wikt:entry:p55606:r431282:o0:t0	0.8	SILVER	TRADITIONAL_CLASS_NOT_STATED
RT-7408c9e3f6	{{שרש3|שׂ|ר|ך}}	שׂרכ	ש	ר	כ			3			False	False	False	False	False	False	False	False	False	False	False	False	False	True	False	False	False	C.R.C	strong	True	False	False	False	False	False	False	False	שרכ	RG-05a70a5bda	2	PAAL|PIEL	hewiktionary	wikt:entry:p55607:r500011:o486:t0|wikt:entry:p55607:r500011:o9:t0	0.8	SILVER	TRADITIONAL_CLASS_NOT_STATED
RT-66a3c466d7	{{שרש3|ע|פ|שׁ}}	עפשׁ	ע	פ	ש			3			False	False	False	False	False	False	False	False	False	False	True	False	False	False	False	False	False	E.C.C	guttural_containing	False	False	False	False	False	False	True	False	עפש	RG-18c6eb8494	1	PIEL	hewiktionary	wikt:entry:p55608:r366606:o0:t0	0.8	SILVER	TRADITIONAL_CLASS_NOT_STATED
RT-4c0d146e15	{{שרש3|ר|ק|ב}}	רקב	ר	ק	ב			3			False	False	False	False	False	False	False	False	False	False	False	False	False	True	False	False	False	R.C.C	strong	True	False	False	False	False	False	False	False	רקב	RG-4c0d146e15	1	PAAL	hewiktionary	wikt:entry:p55609:r512640:o0:t0	0.8	SILVER	TRADITIONAL_CLASS_NOT_STATED
RT-a533f6d0a3	{{שרש3|ח|ב|ב}}	חבב	ח	ב	ב			3			False	False	False	False	False	False	False	False	False	False	True	False	False	False	True	False	True	X.C.C+GEM	geminate	False	False	False	False	False	True	True	False	חבב	RG-a533f6d0a3	1	PIEL	hewiktionary	wikt:entry:p55610:r449331:o60:t0	0.8	SILVER	TRADITIONAL_CLASS_NOT_STATED
RT-f183f627c9	{{שרש3|פ|ת|ת}}	פתת	פ	ת	ת			3			False	False	False	False	False	False	False	False	False	False	False	False	False	False	True	False	True	C.C.C+GEM	geminate	False	False	False	False	False	True	False	False	פתת	RG-f183f627c9	1	PAAL	hewiktionary	wikt:entry:p55618:r399084:o0:t0	0.8	SILVER	TRADITIONAL_CLASS_NOT_STATED
RT-63550b681a	{{שרש3|שׁ|א|ט}}	שׁאט	ש	א	ט			3			False	False	False	False	False	False	False	False	False	False	False	True	False	False	False	False	False	C.A.C	guttural_containing	False	False	False	False	False	False	True	False	שאט	RG-8e7dfae21c	1	PAAL	hewiktionary	wikt:entry:p55628:r507822:o9:t0	0.8	SILVER	TRADITIONAL_CLASS_NOT_STATED
RT-1bd7afff5f	{{שרש3|פ|צ|ר}}	פצר	פ	צ	ר			3			False	False	False	False	False	False	False	False	False	False	False	False	False	True	False	False	False	C.C.R	strong	True	False	False	False	False	False	False	False	פצר	RG-1bd7afff5f	2	HIFIL|PAAL	hewiktionary	wikt:entry:p55634:r396042:o0:t0|wikt:entry:p55635:r510713:o0:t0	0.8	SILVER	TRADITIONAL_CLASS_NOT_STATED
RT-0478ac0c9d	{{שרש4|ז|ג|ז|ג}}	זגזג	ז	ג	ז	ג		4			False	False	False	False	False	False	False	False	False	False	False	False	False	False	False	True	False	C.C.C.C	quadriliteral	False	False	False	False	False	False	False	True	זגזג	RG-0478ac0c9d	1	PIEL	hewiktionary	wikt:entry:p55806:r430423:o0:t0|wikt:entry:p55806:r430423:o1699:t0	0.96	SILVER	TRADITIONAL_CLASS_NOT_STATED
RT-8499dc8587	{{שרש3|ר|ע|ד}}	רעד	ר	ע	ד			3			False	False	False	False	False	False	False	False	False	False	False	True	False	True	False	False	False	R.E.C	guttural_containing	False	False	False	False	False	False	True	False	רעד	RG-8499dc8587	1	PAAL	hewiktionary	wikt:entry:p55825:r410714:o0:t0	0.8	SILVER	TRADITIONAL_CLASS_NOT_STATED
RT-048e0bab91	{{שרש3|נ|פ|ק}}	נפק	נ	פ	ק			3			True	False	False	False	False	False	False	False	False	False	False	False	False	False	False	False	True	N.C.C	initial_nun	False	False	False	True	False	False	False	False	נפק	RG-048e0bab91	1	PIEL	hewiktionary	wikt:entry:p55834:r436997:o0:t0	0.8	SILVER	TRADITIONAL_CLASS_NOT_STATED
RT-512717bb30	{{שרש3|שׁ|א|ב}}	שׁאב	ש	א	ב			3			False	False	False	False	False	False	False	False	False	False	False	True	False	False	False	False	False	C.A.C	guttural_containing	False	False	False	False	False	False	True	False	שאב	RG-248a6e98fb	1	PAAL	hewiktionary	wikt:entry:p55837:r521547:o0:t0	0.8	SILVER	TRADITIONAL_CLASS_NOT_STATED
RT-1e774de745	{{שרש3|ג|ח|ך}}	גחכ	ג	ח	כ			3			False	False	False	False	False	False	False	False	False	False	False	True	False	False	False	False	False	C.X.C	guttural_containing	False	False	False	False	False	False	True	False	גחכ	RG-1e774de745	1	PIEL	hewiktionary	wikt:entry:p55858:r521949:o0:t0	0.8	SILVER	TRADITIONAL_CLASS_NOT_STATED
RT-fd977e1cf9	{{שרש3|ע|ר|ל}}	ערל	ע	ר	ל			3			False	False	False	False	False	False	False	False	False	False	True	False	False	True	False	False	False	E.R.C	guttural_containing	False	False	False	False	False	False	True	False	ערל	RG-fd977e1cf9	1	PAAL	hewiktionary	wikt:entry:p55887:r523181:o2026:t0	0.8	SILVER	TRADITIONAL_CLASS_NOT_STATED
RT-67649397ed	{{שרש4|ר|ט|פ|ש}}	רטפשׁ	ר	ט	פ	ש		4			False	False	False	False	False	False	False	False	False	False	False	False	False	True	False	False	False	R.C.C.C	quadriliteral	False	False	False	False	False	False	False	True	רטפש	RG-4d374e0f7e	1	PUAL	hewiktionary	wikt:entry:p55892:r503876:o0:t0	0.8	SILVER	SHIN_SIN_FROM_FORM|TRADITIONAL_CLASS_NOT_STATED
RT-ec2a80155a	{{שרש3|ע|ד|ה}}	עדה	ע	ד	ה			3			False	False	False	False	False	False	True	False	False	True	True	False	True	False	False	False	True	E.C.H	final_he	False	True	False	False	False	False	True	False	עדה	RG-ec2a80155a	1	PAAL	hewiktionary	wikt:entry:p55904:r519266:o1702:t0|wikt:entry:p55904:r519266:o2520:t0	0.96	SILVER	TRADITIONAL_CLASS_NOT_STATED
RT-cf7e01d3f6	{{שרש3|ס|ח|ב}}	סחב	ס	ח	ב			3			False	False	False	False	False	False	False	False	False	False	False	True	False	False	False	False	False	C.X.C	guttural_containing	False	False	False	False	False	False	True	False	סחב	RG-cf7e01d3f6	1	PAAL	hewiktionary	wikt:entry:p55907:r428061:o0:t0	0.8	SILVER	TRADITIONAL_CLASS_NOT_STATED
RT-6408c78cb2	{{שרש3|נ|ת|שׁ}}	נתשׁ	נ	ת	ש			3			True	False	False	False	False	False	False	False	False	False	False	False	False	False	False	False	True	N.C.C	initial_nun	False	False	False	True	False	False	False	False	נתש	RG-b60b2691c3	2	NIFAL|PAAL	hewiktionary	wikt:entry:p55908:r510590:o0:t0|wikt:entry:p55908:r510590:o794:t0	0.8	SILVER	TRADITIONAL_CLASS_NOT_STATED
RT-395426c947	{{שרש3|כ|פ|ת}}	כפת	כ	פ	ת			3			False	False	False	False	False	False	False	False	False	False	False	False	False	False	False	False	False	C.C.C	strong	True	False	False	False	False	False	False	False	כפת	RG-395426c947	1	PAAL	hewiktionary	wikt:entry:p55909:r451939:o16:t0	0.8	SILVER	TRADITIONAL_CLASS_NOT_STATED
RT-bffb813d7c	{{שרש3|א|ל|ץ}}	אלצ	א	ל	צ			3			False	False	False	True	False	False	False	False	False	False	True	False	False	False	False	False	True	A.C.C	initial_alef	False	False	False	False	False	False	True	False	אלצ	RG-bffb813d7c	1	PIEL	hewiktionary	wikt:entry:p55914:r510085:o0:t0	0.8	SILVER	TRADITIONAL_CLASS_NOT_STATED
RT-03ba1b9a32	{{שרש3|כ|מ|ן}}	כמנ	כ	מ	נ			3			False	False	False	False	False	False	False	False	False	False	False	False	False	False	False	False	False	C.C.N	strong	True	False	False	False	False	False	False	False	כמנ	RG-03ba1b9a32	1	HIFIL	hewiktionary	wikt:conj:p55895:r384664:t0:הפעיל עבר|wikt:entry:p55917:r430931:o0:t0	0.96	SILVER	TRADITIONAL_CLASS_NOT_STATED
RT-b4b09c5f50	{{שרש3|שׁ|ל|ה}}	שׁלה	ש	ל	ה			3			False	False	False	False	False	False	True	False	False	True	False	False	True	False	False	False	True	C.C.H	final_he	False	True	False	False	False	False	True	False	שלה	RG-e3cda32ae1	2	PAAL|PIEL	hewiktionary	wikt:entry:p55939:r510850:o106:t0|wikt:entry:p55939:r510850:o106:t1	0.96	QUESTIONABLE	SHIN_SIN_FROM_FORM|TRADITIONAL_CLASS_NOT_STATED
RT-d678515145	{{שרש3|ל|פ|ף}}	לפפ	ל	פ	פ			3			False	False	False	False	False	False	False	False	False	False	False	False	False	False	True	False	True	C.C.C+GEM	geminate	False	False	False	False	False	True	False	False	לפפ	RG-d678515145	1	PIEL	hewiktionary	wikt:entry:p55943:r513532:o21:t0	0.8	SILVER	TRADITIONAL_CLASS_NOT_STATED
RT-0fa8543c38	{{שרש3|ק|ר|ץ}}	קרצ	ק	ר	צ			3			False	False	False	False	False	False	False	False	False	False	False	False	False	True	False	False	False	C.R.C	strong	True	False	False	False	False	False	False	False	קרצ	RG-0fa8543c38	3	HIFIL|PAAL|PUAL	hewiktionary	wikt:entry:p55954:r511316:o1693:t0|wikt:entry:p55954:r511316:o4610:t0|wikt:entry:p55954:r511316:o50:t0|wikt:entry:p56034:r464587:o0:t0	0.96	SILVER	TRADITIONAL_CLASS_NOT_STATED
RT-902ca6f512	{{שרש3|צ|מ|ק}}	צמק	צ	מ	ק			3			False	False	False	False	False	False	False	False	False	False	False	False	False	False	False	False	False	C.C.C	strong	True	False	False	False	False	False	False	False	צמק	RG-902ca6f512	2	PAAL|PIEL	hewiktionary	wikt:entry:p55967:r510739:o0:t0|wikt:entry:p55967:r510739:o406:t0	0.8	SILVER	TRADITIONAL_CLASS_NOT_STATED
RT-2dcadc48ea	{{שרש3|פ|ל|ה}}	פלה	פ	ל	ה			3			False	False	False	False	False	False	True	False	False	True	False	False	True	False	False	False	True	C.C.H	final_he	False	True	False	False	False	False	True	False	פלה	RG-2dcadc48ea	2	HIFIL|PIEL	hewiktionary	wikt:entry:p55970:r478202:o0:t0|wikt:entry:p62644:r503022:o18:t0	0.8	SILVER	TRADITIONAL_CLASS_NOT_STATED
RT-def1eca1d9	{{שרש3|י|נ|ן}}	יננ	י	נ	נ			3			False	True	False	False	False	False	False	False	False	False	False	False	False	False	True	False	True	Y.N.N+GEM	geminate	False	False	False	False	True	True	False	False	יננ	RG-def1eca1d9	1	PIEL	hewiktionary	wikt:entry:p55983:r426319:o22:t0	0.8	SILVER	TRADITIONAL_CLASS_NOT_STATED
RT-c3c52e5393	{{שרש3|ר|כ|שׁ}}	רכשׁ	ר	כ	ש			3			False	False	False	False	False	False	False	False	False	False	False	False	False	True	False	False	False	R.C.C	strong	True	False	False	False	False	False	False	False	רכש	RG-b167e78722	1	PAAL	hewiktionary	wikt:entry:p55992:r510802:o0:t0	0.8	SILVER	TRADITIONAL_CLASS_NOT_STATED
RT-aed2b60452	{{שרש3|ח|ר|ת}}	חרת	ח	ר	ת			3			False	False	False	False	False	False	False	False	False	False	True	False	False	True	False	False	False	X.R.C	guttural_containing	False	False	False	False	False	False	True	False	חרת	RG-aed2b60452	1	PAAL	hewiktionary	wikt:entry:p56107:r510329:o0:t0	0.8	SILVER	TRADITIONAL_CLASS_NOT_STATED
RT-3af8cdeab7	{{שרש3|ז|ב|ח}}	זבח	ז	ב	ח			3			False	False	False	False	False	False	False	False	False	False	False	False	True	False	False	False	False	C.C.X	guttural_containing	False	False	False	False	False	False	True	False	זבח	RG-3af8cdeab7	2	PAAL|PIEL	hewiktionary	wikt:conj:p17694:r76755:t0:פיעל עבר|wikt:conj:p17694:r76755:t0:קל עבר|wikt:entry:p56108:r513366:o0:t0|wikt:entry:p56108:r513366:o2096:t0	0.96	SILVER	TRADITIONAL_CLASS_NOT_STATED
RT-b54ccef32c	{{שרש3|ס|א|ן}}	סאנ	ס	א	נ			3			False	False	False	False	False	False	False	False	False	False	False	True	False	False	False	False	False	C.A.N	guttural_containing	False	False	False	False	False	False	True	False	סאנ	RG-b54ccef32c	1	PAAL	hewiktionary	wikt:entry:p56126:r417953:o0:t0	0.8	SILVER	TRADITIONAL_CLASS_NOT_STATED
RT-d6c5bdad67	{{שרש3|א|ב|ס}}	אבס	א	ב	ס			3			False	False	False	True	False	False	False	False	False	False	True	False	False	False	False	False	True	A.C.C	initial_alef	False	False	False	False	False	False	True	False	אבס	RG-d6c5bdad67	1	PAAL	hewiktionary	wikt:entry:p56127:r460620:o0:t0	0.8	SILVER	TRADITIONAL_CLASS_NOT_STATED
RT-25af95dfe2	{{שרש3|ב|ס|ה}}	בסה	ב	ס	ה			3			False	False	False	False	False	False	True	False	False	True	False	False	True	False	False	False	True	C.C.H	final_he	False	True	False	False	False	False	True	False	בסה	RG-25af95dfe2	1	PAAL	hewiktionary	wikt:entry:p56130:r496377:o0:t0	0.8	SILVER	TRADITIONAL_CLASS_NOT_STATED
RT-8fa5f005ca	{{שרש4|א|ו|ר|ר}}	אורר	א	ו	ר	ר		4			False	False	False	True	False	True	False	False	False	False	True	False	False	True	False	False	True	A.W.R.R	quadriliteral	False	False	False	False	False	False	True	True	אורר	RG-8fa5f005ca	1	PIEL	hewiktionary	wikt:conj:p38347:r377779:t0:פיעל עבר|wikt:entry:p56131:r510077:o0:t0	0.96	SILVER	TRADITIONAL_CLASS_NOT_STATED
RT-a8437e4139	{{שרש3|א|ז|ר}}	אזר	א	ז	ר			3			False	False	False	True	False	False	False	False	False	False	True	False	False	True	False	False	True	A.C.R	initial_alef	False	False	False	False	False	False	True	False	אזר	RG-a8437e4139	2	PAAL|PIEL	hewiktionary	wikt:entry:p56134:r501224:o0:t0|wikt:entry:p56134:r501224:o850:t0	0.8	SILVER	TRADITIONAL_CLASS_NOT_STATED
RT-5f60d7e122	{{שרש3|ג|ד|ע}}	גדע	ג	ד	ע			3			False	False	False	False	False	False	False	False	False	False	False	False	True	False	False	False	False	C.C.E	guttural_containing	False	False	False	False	False	False	True	False	גדע	RG-5f60d7e122	2	PAAL|PIEL	hewiktionary	wikt:entry:p56137:r510139:o0:t0|wikt:entry:p56137:r510139:o602:t0	0.8	SILVER	TRADITIONAL_CLASS_NOT_STATED
RT-9fccd31f23	{{שרש3|ב|ט|ש}}	בטשׁ	ב	ט	ש			3			False	False	False	False	False	False	False	False	False	False	False	False	False	False	False	False	False	C.C.C	strong	True	False	False	False	False	False	False	False	בטש	RG-5a68c617b7	1	PAAL	hewiktionary	wikt:entry:p56139:r510110:o0:t0	0.8	SILVER	SHIN_SIN_FROM_FORM|TRADITIONAL_CLASS_NOT_STATED
RT-ba49b60353	{{שרש3|ב|ל|ף}}	בלפ	ב	ל	פ			3			False	False	False	False	False	False	False	False	False	False	False	False	False	False	False	False	False	C.C.C	strong	True	False	False	False	False	False	False	False	בלפ	RG-ba49b60353	1	PIEL	hewiktionary	wikt:entry:p56150:r478636:o2:t0	0.8	SILVER	TRADITIONAL_CLASS_NOT_STATED
RT-d821034dc0	{{שרש3|ר|ע|ץ}}	רעצ	ר	ע	צ			3			False	False	False	False	False	False	False	False	False	False	False	True	False	True	False	False	False	R.E.C	guttural_containing	False	False	False	False	False	False	True	False	רעצ	RG-d821034dc0	1	PAAL	hewiktionary	wikt:entry:p56155:r510805:o0:t0	0.8	SILVER	TRADITIONAL_CLASS_NOT_STATED
RT-ebf1afcd02	{{שרש3|א|ל|ח}}	אלח	א	ל	ח			3			False	False	False	True	False	False	False	False	False	False	True	False	True	False	False	False	True	A.C.X	initial_alef	False	False	False	False	False	False	True	False	אלח	RG-ebf1afcd02	1	NIFAL	hewiktionary	wikt:entry:p56165:r408664:o0:t0	0.8	SILVER	TRADITIONAL_CLASS_NOT_STATED
RT-162126504c	{{שרש3|ג|ל|ע}}	גלע	ג	ל	ע			3			False	False	False	False	False	False	False	False	False	False	False	False	True	False	False	False	False	C.C.E	guttural_containing	False	False	False	False	False	False	True	False	גלע	RG-162126504c	1	HITPAEL	hewiktionary	wikt:conj:p56169:r378388:t0:התפעל עבר|wikt:entry:p56176:r521975:o0:t0	0.96	SILVER	TRADITIONAL_CLASS_NOT_STATED
RT-4ec67261db	{{שרש3|ג|ל|ף}}	גלפ	ג	ל	פ			3			False	False	False	False	False	False	False	False	False	False	False	False	False	False	False	False	False	C.C.C	strong	True	False	False	False	False	False	False	False	גלפ	RG-4ec67261db	1	PIEL	hewiktionary	wikt:entry:p56188:r497703:o16:t0	0.8	SILVER	TRADITIONAL_CLASS_NOT_STATED
RT-2029699c21	{{שרש3|ב|ה|ל}}	בהל	ב	ה	ל			3			False	False	False	False	False	False	False	False	False	False	False	True	False	False	False	False	False	C.H.C	guttural_containing	False	False	False	False	False	False	True	False	בהל	RG-2029699c21	2	HIFIL|PIEL	hewiktionary	wikt:conj:p56205:r434102:t0:הפעיל עבר|wikt:conj:p56205:r434102:t0:פיעל עבר|wikt:entry:p56203:r456586:o0:t0|wikt:entry:p59273:r522481:o0:t0	0.96	SILVER	TRADITIONAL_CLASS_NOT_STATED
RT-b22616692c	{{שרש3|ב|י|ץ}}	ביצ	ב	י	צ			3			False	False	False	False	True	False	False	False	False	False	False	False	False	False	False	False	True	C.Y.C	hollow_candidate	False	False	True	False	False	False	False	False	ביצ	RG-b22616692c	1	PIEL	hewiktionary	wikt:entry:p56206:r379557:o2:t0	0.8	SILVER	TRADITIONAL_CLASS_NOT_STATED
RT-6f1a0f16c0	{{שרש3|י|ק|ע}}	יקע	י	ק	ע			3			False	True	False	False	False	False	False	False	False	False	False	False	True	False	False	False	True	Y.C.E	initial_yod_waw	False	False	False	False	True	False	True	False	יקע	RG-6f1a0f16c0	1	HIFIL	hewiktionary	wikt:entry:p56228:r474844:o0:t0	0.8	SILVER	TRADITIONAL_CLASS_NOT_STATED
RT-bf89e1fa68	{{שרש3|שׁ|ג|ח}}	שׁגח	ש	ג	ח			3			False	False	False	False	False	False	False	False	False	False	False	False	True	False	False	False	False	C.C.X	guttural_containing	False	False	False	False	False	False	True	False	שגח	RG-fc4a3fce89	1	HIFIL	hewiktionary	wikt:conj:p56229:r379691:t0:הפעיל עבר|wikt:entry:p56231:r518881:o0:t0	0.96	SILVER	TRADITIONAL_CLASS_NOT_STATED
RT-3f905dc399	{{שרש4|ק|ע|ק|ע}}	קעקע	ק	ע	ק	ע		4			False	False	False	False	False	False	False	False	False	False	False	True	False	False	False	True	False	C.E.C.E	quadriliteral	False	False	False	False	False	False	True	True	קעקע	RG-3f905dc399	2	PIEL	hewiktionary	wikt:entry:p56236:r507870:o0:t0|wikt:entry:p56236:r507870:o1010:t0|wikt:entry:p56236:r507870:o527:t0	0.96	QUESTIONABLE	TRADITIONAL_CLASS_NOT_STATED
RT-f7f37feb7f	{{שרש4|א|פ|ס|ן}}	אפסנ	א	פ	ס	נ		4			False	False	False	True	False	False	False	False	False	False	True	False	False	False	False	False	True	A.C.C.N	quadriliteral	False	False	False	False	False	False	True	True	אפסנ	RG-f7f37feb7f	1	PIEL	hewiktionary	wikt:entry:p56238:r429759:o0:t0	0.8	SILVER	TRADITIONAL_CLASS_NOT_STATED
RT-21a2f1186e	{{שרש4|א|כ|ס|ן}}	אכסנ	א	כ	ס	נ		4			False	False	False	True	False	False	False	False	False	False	True	False	False	False	False	False	True	A.C.C.N	quadriliteral	False	False	False	False	False	False	True	True	אכסנ	RG-21a2f1186e	2	HITPAEL|PIEL	hewiktionary	wikt:entry:p56239:r400756:o22:t0|wikt:entry:p58182:r408657:o0:t0	0.8	SILVER	TRADITIONAL_CLASS_NOT_STATED
RT-7284aa7816	{{שרש3|ב|ח|שׁ}}	בחשׁ	ב	ח	ש			3			False	False	False	False	False	False	False	False	False	False	False	True	False	False	False	False	False	C.X.C	guttural_containing	False	False	False	False	False	False	True	False	בחש	RG-72625f06b0	1	PAAL	hewiktionary	wikt:entry:p56249:r409765:o51:t0	0.8	SILVER	TRADITIONAL_CLASS_NOT_STATED
RT-ba71723eec	{{שרש3|ס|פ|ד}}	ספד	ס	פ	ד			3			False	False	False	False	False	False	False	False	False	False	False	False	False	False	False	False	False	C.C.C	strong	True	False	False	False	False	False	False	False	ספד	RG-ba71723eec	1	PAAL	hewiktionary	wikt:conj:p56256:r380187:t0:קל עבר|wikt:entry:p56254:r500708:o0:t0	0.96	SILVER	TRADITIONAL_CLASS_NOT_STATED
RT-ca32bffe80	{{שרש3|ג|ז|ל}}	גזל	ג	ז	ל			3			False	False	False	False	False	False	False	False	False	False	False	False	False	False	False	False	False	C.C.C	strong	True	False	False	False	False	False	False	False	גזל	RG-ca32bffe80	1	PAAL	hewiktionary	wikt:conj:p56275:r413993:t0:קל עבר|wikt:entry:p56273:r420916:o0:t0	0.96	SILVER	TRADITIONAL_CLASS_NOT_STATED
RT-4435a5e63a	{{שרש3|י|ח|ם}}	יחמ	י	ח	מ			3			False	True	False	False	False	False	False	False	False	False	False	True	False	False	False	False	True	Y.X.C	initial_yod_waw	False	False	False	False	True	False	True	False	יחמ	RG-4435a5e63a	1	PIEL	hewiktionary	wikt:entry:p56283:r510361:o46:t0	0.8	SILVER	TRADITIONAL_CLASS_NOT_STATED
RT-e4f12f61be	{{שרש3|ח|ב|ט}}	חבט	ח	ב	ט			3			False	False	False	False	False	False	False	False	False	False	True	False	False	False	False	False	False	X.C.C	guttural_containing	False	False	False	False	False	False	True	False	חבט	RG-e4f12f61be	1	PAAL	hewiktionary	wikt:conj:p56288:r445806:t0:קל עבר|wikt:entry:p56287:r511273:o14:t0	0.96	SILVER	TRADITIONAL_CLASS_NOT_STATED
RT-74766b96b0	{{שרש3|ד|מ|ע א}}	דמע	ד	מ	ע			3			False	False	False	False	False	False	False	False	False	False	False	False	True	False	False	False	False	C.C.E	guttural_containing	False	False	False	False	False	False	True	False	דמע	RG-74766b96b0	2	PAAL|PIEL	hewiktionary	wikt:entry:p56291:r516466:o0:t0|wikt:entry:p56291:r516466:o700:t0	0.8	SILVER	TRADITIONAL_CLASS_NOT_STATED
RT-5c051c11ac	{{שרש3|ג|נ|ח}}	גנח	ג	נ	ח			3			False	False	False	False	False	False	False	False	False	False	False	False	True	False	False	False	False	C.N.X	guttural_containing	False	False	False	False	False	False	True	False	גנח	RG-5c051c11ac	1	PAAL	hewiktionary	wikt:entry:p56294:r409851:o0:t0	0.8	SILVER	TRADITIONAL_CLASS_NOT_STATED
RT-b727a4a80e	{{שרש3|ק|ל|שׁ}}	קלשׁ	ק	ל	ש			3			False	False	False	False	False	False	False	False	False	False	False	False	False	False	False	False	False	C.C.C	strong	True	False	False	False	False	False	False	False	קלש	RG-4bd0ecd0d7	1	PAAL	hewiktionary	wikt:entry:p56298:r510769:o0:t0	0.8	SILVER	TRADITIONAL_CLASS_NOT_STATED
RT-125f11f995	{{שרש3|ד|ח|ק}}	דחק	ד	ח	ק			3			False	False	False	False	False	False	False	False	False	False	False	True	False	False	False	False	False	C.X.C	guttural_containing	False	False	False	False	False	False	True	False	דחק	RG-125f11f995	1	PAAL	hewiktionary	wikt:entry:p56299:r521870:o22:t0	0.8	SILVER	TRADITIONAL_CLASS_NOT_STATED
RT-852d7416bf	ע-ב-ה	עבה	ע	ב	ה			3			False	False	False	False	False	False	True	False	False	True	True	False	True	False	False	False	True	E.C.H	final_he	False	True	False	False	False	False	True	False	עבה	RG-852d7416bf	3	HITPAEL|PAAL|PIEL	hewiktionary	wikt:entry:p62536:r516788:o1714:t0|wikt:entry:p62536:r516788:o2134:t0	0.8	SILVER	TRADITIONAL_CLASS_NOT_STATED
RT-30a6f47f0e	ס-ט-ה	סטה	ס	ט	ה			3			False	False	False	False	False	False	True	False	False	True	False	False	True	False	False	False	True	C.C.H	final_he	False	True	False	False	False	False	True	False	סטה	RG-30a6f47f0e	1	PAAL	hewiktionary	wikt:entry:p22315:r493224:o1383:t0|wikt:entry:p56321:r409073:o0:t0	0.0	QUESTIONABLE	TRADITIONAL_CLASS_NOT_STATED
RT-7d1cd9893a	{{שרש4|ל|ס|ט|ם}}	לסטמ	ל	ס	ט	מ		4			False	False	False	False	False	False	False	False	False	False	False	False	False	False	False	False	False	C.C.C.C	quadriliteral	False	False	False	False	False	False	False	True	לסטמ	RG-7d1cd9893a	1	PIEL	hewiktionary	wikt:conj:p32168:r383292:t0:פיעל עבר|wikt:entry:p56467:r410439:o1:t0	0.96	SILVER	TRADITIONAL_CLASS_NOT_STATED
RT-f97f3c797f	{{שרש4|מ|ס|ט|ל}}	מסטל	מ	ס	ט	ל		4			False	False	False	False	False	False	False	False	False	False	False	False	False	False	False	False	False	C.C.C.C	quadriliteral	False	False	False	False	False	False	False	True	מסטל	RG-f97f3c797f	1	PIEL	hewiktionary	wikt:entry:p56474:r510477:o0:t0	0.8	SILVER	TRADITIONAL_CLASS_NOT_STATED
RT-87d36b71a1	{{שרש4|ג|ע|ג|ע ב}}	געגע	ג	ע	ג	ע		4			False	False	False	False	False	False	False	False	False	False	False	True	False	False	False	True	False	C.E.C.E	quadriliteral	False	False	False	False	False	False	True	True	געגע	RG-87d36b71a1	1	PIEL	hewiktionary	wikt:entry:p56477:r510156:o65:t0	0.8	SILVER	TRADITIONAL_CLASS_NOT_STATED
RT-17ebedb8c4	{{שרש3|צ|נ|ח}}	צנח	צ	נ	ח			3			False	False	False	False	False	False	False	False	False	False	False	False	True	False	False	False	False	C.N.X	guttural_containing	False	False	False	False	False	False	True	False	צנח	RG-17ebedb8c4	1	PAAL	hewiktionary	wikt:entry:p56510:r510740:o0:t0	0.8	SILVER	TRADITIONAL_CLASS_NOT_STATED
RT-1b470d25d8	{{שרש3|י|ג|ע}}	יגע	י	ג	ע			3			False	True	False	False	False	False	False	False	False	False	False	False	True	False	False	False	True	Y.C.E	initial_yod_waw	False	False	False	False	True	False	True	False	יגע	RG-1b470d25d8	1	PAAL	hewiktionary	wikt:entry:p56525:r513065:o29:t0	0.8	SILVER	TRADITIONAL_CLASS_NOT_STATED
RT-f3444774e3	{{שרש3|ס|י|ט}}	סיט	ס	י	ט			3			False	False	False	False	True	False	False	False	False	False	False	False	False	False	False	False	True	C.Y.C	hollow_candidate	False	False	True	False	False	False	False	False	סיט	RG-f3444774e3	1	PIEL	hewiktionary	wikt:entry:p56545:r510603:o318:t0	0.8	SILVER	TRADITIONAL_CLASS_NOT_STATED
RT-f72f591371	{{שרש3|נ|ס|ר}}	נסר	נ	ס	ר			3			True	False	False	False	False	False	False	False	False	False	False	False	False	True	False	False	True	N.C.R	initial_nun	False	False	False	True	False	False	False	False	נסר	RG-f72f591371	1	PIEL	hewiktionary	wikt:conj:p56556:r384547:t0:פיעל עבר|wikt:entry:p56554:r502010:o0:t0	0.96	SILVER	TRADITIONAL_CLASS_NOT_STATED
RT-cc0fbbb806	{{שרש4|פ|ק|ש|ש}}	פקשׁשׁ	פ	ק	ש	ש		4			False	False	False	False	False	False	False	False	False	False	False	False	False	False	False	False	False	C.C.C.C	quadriliteral	False	False	False	False	False	False	False	True	פקשש	RG-bf3b31e565	1	HITPAEL	hewiktionary	wikt:entry:p56558:r384666:o9:t0	0.8	SILVER	SHIN_SIN_FROM_FORM|TRADITIONAL_CLASS_NOT_STATED
RT-b010fd2371	{{שרש3|ט|ו|ה}}	טוה	ט	ו	ה			3			False	False	False	False	False	True	True	False	False	True	False	False	True	False	False	False	True	C.W.H	hollow_candidate	False	True	True	False	False	False	True	False	טוה	RG-b010fd2371	1	PAAL	hewiktionary	wikt:conj:p56562:r384591:t0:קל עבר|wikt:entry:p56561:r484082:o0:t0	0.96	SILVER	TRADITIONAL_CLASS_NOT_STATED
RT-25f97b0a59	{{שרש3|ב|ה|ם}}	בהמ	ב	ה	מ			3			False	False	False	False	False	False	False	False	False	False	False	True	False	False	False	False	False	C.H.C	guttural_containing	False	False	False	False	False	False	True	False	בהמ	RG-25f97b0a59	1	HITPAEL	hewiktionary	wikt:conj:p56622:r385498:t0:התפעל עבר|wikt:entry:p56624:r510262:o0:t0	0.96	SILVER	TRADITIONAL_CLASS_NOT_STATED
RT-84e78dee6f	{{שרש4|ה|ב|ה|ב}}	הבהב	ה	ב	ה	ב		4			False	False	False	False	False	False	True	False	False	False	True	False	True	False	False	True	True	H.C.H.C	quadriliteral	False	False	False	False	False	False	True	True	הבהב	RG-84e78dee6f	1	PIEL	hewiktionary	wikt:entry:p56640:r510196:o60:t0	0.8	SILVER	TRADITIONAL_CLASS_NOT_STATED
RT-fdf5c74c2d	{{שרש4|נ|מ|נ|ם}}	נמנמ	נ	מ	נ	מ		4			True	False	False	False	False	False	False	False	False	False	False	False	False	False	False	True	True	N.C.N.C	quadriliteral	False	False	False	True	False	False	False	True	נמנמ	RG-fdf5c74c2d	1	PIEL	hewiktionary	wikt:conj:p58037:r406954:t0:פיעל עבר|wikt:entry:p56653:r510561:o0:t0	0.96	SILVER	TRADITIONAL_CLASS_NOT_STATED
RT-ce88620ebe	{{שרש3|ע|כ|ל}}	עכל	ע	כ	ל			3			False	False	False	False	False	False	False	False	False	False	True	False	False	False	False	False	False	E.C.C	guttural_containing	False	False	False	False	False	False	True	False	עכל	RG-ce88620ebe	1	PIEL	hewiktionary	wikt:conj:p56661:r385884:t0:פיעל עבר|wikt:entry:p56659:r510635:o21:t0	0.96	SILVER	TRADITIONAL_CLASS_NOT_STATED
RT-af2e21e2d1	{{שרש3|פ|שׁ|ח}}	פשׁח	פ	ש	ח			3			False	False	False	False	False	False	False	False	False	False	False	False	True	False	False	False	False	C.C.X	guttural_containing	False	False	False	False	False	False	True	False	פשח	RG-ef354e9640	2	PAAL|PIEL	hewiktionary	wikt:conj:p58543:r414471:t0:פיעל עבר|wikt:conj:p58543:r414471:t0:קל עבר|wikt:entry:p56662:r510725:o0:t0|wikt:entry:p56662:r510725:o417:t0	0.96	SILVER	TRADITIONAL_CLASS_NOT_STATED
RT-66438b41e1	{{שרש4|ה|ר|ה|ר}}	הרהר	ה	ר	ה	ר		4			False	False	False	False	False	False	True	False	False	False	True	False	True	True	False	True	True	H.R.H.R	quadriliteral	False	False	False	False	False	False	True	True	הרהר	RG-66438b41e1	1	PIEL	hewiktionary	wikt:entry:p56673:r445286:o0:t0	0.8	SILVER	TRADITIONAL_CLASS_NOT_STATED
RT-6ad331ef73	{{שרש4|ט|פ|ט|ף}}	טפטפ	ט	פ	ט	פ		4			False	False	False	False	False	False	False	False	False	False	False	False	False	False	False	True	False	C.C.C.C	quadriliteral	False	False	False	False	False	False	False	True	טפטפ	RG-6ad331ef73	1	PIEL	hewiktionary	wikt:entry:p56699:r519577:o66:t0	0.8	SILVER	TRADITIONAL_CLASS_NOT_STATED
RT-8c50a9739e	נ-שׂ-ק	נשׂק	נ	ש	ק			3			True	False	False	False	False	False	False	False	False	False	False	False	False	False	False	False	True	N.C.C	initial_nun	False	False	False	True	False	False	False	False	נשק	RG-5c69d95447	1	HIFIL	hewiktionary	wikt:conj:p56705:r386329:t0:הפעיל עבר|wikt:entry:p55519:r457688:o0:t0|wikt:entry:p56703:r437349:o2331:t0	0.0	QUESTIONABLE	ROOT_SHARES_ORTHOGRAPHY_WITH_OTHER_ROOT|TRADITIONAL_CLASS_NOT_STATED
RT-f24de6c110	{{שרש4|ת|מ|ר|ן}}	תמרנ	ת	מ	ר	נ		4			False	False	False	False	False	False	False	False	False	False	False	False	False	True	False	False	False	C.C.R.N	quadriliteral	False	False	False	False	False	False	False	True	תמרנ	RG-f24de6c110	1	PIEL	hewiktionary	wikt:entry:p56737:r522601:o0:t0	0.8	SILVER	TRADITIONAL_CLASS_NOT_STATED
RT-1a96641ab4	{{שרש3|י|ע|ף}}	יעפ	י	ע	פ			3			False	True	False	False	False	False	False	False	False	False	False	True	False	False	False	False	True	Y.E.C	initial_yod_waw	False	False	False	False	True	False	True	False	יעפ	RG-1a96641ab4	1	PAAL	hewiktionary	wikt:conj:p33581:r380362:t0:קל עבר|wikt:entry:p56770:r509494:o504:t0	0.96	SILVER	TRADITIONAL_CLASS_NOT_STATED
RT-ecb7dfc298	{{שרש3|שׁ|ס|ף}}	שׁספ	ש	ס	פ			3			False	False	False	False	False	False	False	False	False	False	False	False	False	False	False	False	False	C.C.C	strong	True	False	False	False	False	False	False	False	שספ	RG-491f7a5c01	1	PIEL	hewiktionary	wikt:entry:p56813:r510859:o0:t0	0.8	SILVER	TRADITIONAL_CLASS_NOT_STATED
RT-f93197a1d7	{{שרש3|ל|כ|ד}}	לכד	ל	כ	ד			3			False	False	False	False	False	False	False	False	False	False	False	False	False	False	False	False	False	C.C.C	strong	True	False	False	False	False	False	False	False	לכד	RG-f93197a1d7	3	HITPAEL|PAAL|PIEL	hewiktionary	wikt:conj:p56872:r388447:t0:התפעל עבר|wikt:conj:p56872:r388447:t0:פיעל עבר|wikt:entry:p56869:r512182:o0:t0|wikt:entry:p56869:r512182:o975:t0|wikt:entry:p56870:r510268:o0:t0	0.96	SILVER	TRADITIONAL_CLASS_NOT_STATED
RT-b6126052c6	{{שרש4|מ|ל|כ|ד}}	מלכד	מ	ל	כ	ד		4			False	False	False	False	False	False	False	False	False	False	False	False	False	False	False	False	False	C.C.C.C	quadriliteral	False	False	False	False	False	False	False	True	מלכד	RG-b6126052c6	1	PIEL	hewiktionary	wikt:entry:p56871:r510472:o0:t0	0.8	SILVER	TRADITIONAL_CLASS_NOT_STATED
RT-39f701c28d	{{שרש3|שׁ|ת|ת}}	שׁתת	ש	ת	ת			3			False	False	False	False	False	False	False	False	False	False	False	False	False	False	True	False	True	C.C.C+GEM	geminate	False	False	False	False	False	True	False	False	שתת	RG-9bf5b2d005	1	PAAL	hewiktionary	wikt:entry:p56916:r510886:o0:t0	0.8	SILVER	TRADITIONAL_CLASS_NOT_STATED
RT-8146323dd4	{{שרש3|ע|ל|ב}}	עלב	ע	ל	ב			3			False	False	False	False	False	False	False	False	False	False	True	False	False	False	False	False	False	E.C.C	guttural_containing	False	False	False	False	False	False	True	False	עלב	RG-8146323dd4	1	PAAL	hewiktionary	wikt:conj:p56936:r389145:t0:קל עבר|wikt:entry:p56935:r510637:o14:t0	0.96	SILVER	TRADITIONAL_CLASS_NOT_STATED
RT-34ecb12e60	{{שרש3|ד|ג|ה}}	דגה	ד	ג	ה			3			False	False	False	False	False	False	True	False	False	True	False	False	True	False	False	False	True	C.C.H	final_he	False	True	False	False	False	False	True	False	דגה	RG-34ecb12e60	1	PAAL	hewiktionary	wikt:entry:p56950:r478752:o856:t0	0.8	SILVER	TRADITIONAL_CLASS_NOT_STATED
RT-89e8de30e4	{{שרש3|ג|ב|ב ב}}	גבב	ג	ב	ב			3			False	False	False	False	False	False	False	False	False	False	False	False	False	False	True	False	True	C.C.C+GEM	geminate	False	False	False	False	False	True	False	False	גבב	RG-89e8de30e4	1	PIEL	hewiktionary	wikt:entry:p56973:r509369:o15:t0	0.8	SILVER	TRADITIONAL_CLASS_NOT_STATED
RT-f200d31c68	{{שרש3|מ|ל|ג|א}}	מלג	מ	ל	ג			3			False	False	False	False	False	False	False	False	False	False	False	False	False	False	False	False	False	C.C.C	strong	True	False	False	False	False	False	False	False	מלג	RG-f200d31c68	1	PAAL	hewiktionary	wikt:entry:p57017:r510467:o0:t0	0.8	SILVER	TRADITIONAL_CLASS_NOT_STATED
RT-15a709e3f3	{{שרש3|ב|י|ל}}	ביל	ב	י	ל			3			False	False	False	False	True	False	False	False	False	False	False	False	False	False	False	False	True	C.Y.C	hollow_candidate	False	False	True	False	False	False	False	False	ביל	RG-15a709e3f3	1	PIEL	hewiktionary	wikt:entry:p57020:r440048:o22:t0	0.8	SILVER	TRADITIONAL_CLASS_NOT_STATED
RT-39ef5d00e7	{{שרש3|ז|ל|ף}}	זלפ	ז	ל	פ			3			False	False	False	False	False	False	False	False	False	False	False	False	False	False	False	False	False	C.C.C	strong	True	False	False	False	False	False	False	False	זלפ	RG-39ef5d00e7	2	PAAL|PIEL	hewiktionary	wikt:entry:p57022:r456168:o0:t0|wikt:entry:p57022:r456168:o955:t0	0.8	SILVER	TRADITIONAL_CLASS_NOT_STATED
RT-0c7256c985	{{שרש3|ה|ג|ר}}	הגר	ה	ג	ר			3			False	False	False	False	False	False	False	False	False	False	True	False	False	True	False	False	False	H.C.R	guttural_containing	False	False	False	False	False	False	True	False	הגר	RG-0c7256c985	1	PIEL	hewiktionary	wikt:entry:p57025:r513940:o59:t0	0.8	SILVER	TRADITIONAL_CLASS_NOT_STATED
RT-4630f2cb07	{{שרש3|מ|ר|ט}}	מרט	מ	ר	ט			3			False	False	False	False	False	False	False	False	False	False	False	False	False	True	False	False	False	C.R.C	strong	True	False	False	False	False	False	False	False	מרט	RG-4630f2cb07	1	PAAL	hewiktionary	wikt:entry:p57040:r493660:o0:t0	0.8	SILVER	TRADITIONAL_CLASS_NOT_STATED
RT-d5b5cc21d6	{{שרש3|ב|י|ם}}	בימ	ב	י	מ			3			False	False	False	False	True	False	False	False	False	False	False	False	False	False	False	False	True	C.Y.C	hollow_candidate	False	False	True	False	False	False	False	False	בימ	RG-d5b5cc21d6	1	PIEL	hewiktionary	wikt:entry:p57041:r441539:o0:t0	0.8	SILVER	TRADITIONAL_CLASS_NOT_STATED
RT-29965d3c66	{{שרש3|ק|שׁ|ח}}	קשׁח	ק	ש	ח			3			False	False	False	False	False	False	False	False	False	False	False	False	True	False	False	False	False	C.C.X	guttural_containing	False	False	False	False	False	False	True	False	קשח	RG-eb3348f2e1	1	HIFIL	hewiktionary	wikt:conj:p57042:r390122:t0:הפעיל עבר|wikt:entry:p57045:r510244:o0:t0	0.96	SILVER	TRADITIONAL_CLASS_NOT_STATED
RT-005d099ee4	{{שרש3|מ|שׁ|שׁ}}	משׁשׁ	מ	ש	ש			3			False	False	False	False	False	False	False	False	False	False	False	False	False	False	True	False	True	C.C.C+GEM	geminate	False	False	False	False	False	True	False	False	משש	RG-c829c3cd88	1	PIEL	hewiktionary	wikt:entry:p57057:r510521:o0:t0	0.8	SILVER	TRADITIONAL_CLASS_NOT_STATED
RT-1735166480	{{שרש3|ט|פ|ף}}	טפפ	ט	פ	פ			3			False	False	False	False	False	False	False	False	False	False	False	False	False	False	True	False	True	C.C.C+GEM	geminate	False	False	False	False	False	True	False	False	טפפ	RG-1735166480	1	PAAL	hewiktionary	wikt:entry:p57097:r510348:o0:t0	0.8	SILVER	TRADITIONAL_CLASS_NOT_STATED
RT-fca73dc95b	{{שרש3|ע|כ|ס}}	עכס	ע	כ	ס			3			False	False	False	False	False	False	False	False	False	False	True	False	False	False	False	False	False	E.C.C	guttural_containing	False	False	False	False	False	False	True	False	עכס	RG-fca73dc95b	1	PIEL	hewiktionary	wikt:entry:p57098:r522494:o0:t0	0.8	SILVER	TRADITIONAL_CLASS_NOT_STATED
RT-a604820614	{{שרש3|ק|י|א}}	קיא	ק	י	א			3			False	False	False	False	True	False	False	False	True	False	False	False	True	False	False	False	True	C.Y.A	hollow_candidate	False	False	True	False	False	False	True	False	קיא	RG-a604820614	2	HIFIL|PAAL	hewiktionary	wikt:conj:p32173:r266348:t0:הפעיל עבר|wikt:entry:p57104:r518334:o0:t0|wikt:entry:p60956:r476775:o0:t0	0.96	SILVER	TRADITIONAL_CLASS_NOT_STATED
RT-783b47d43e	{{שרש3|ק|י|ה}}	קיה	ק	י	ה			3			False	False	False	False	True	False	True	False	False	True	False	False	True	False	False	False	True	C.Y.H	hollow_candidate	False	True	True	False	False	False	True	False	קיה	RG-783b47d43e	1	PAAL	hewiktionary	wikt:entry:p57106:r390827:o0:t0	0.8	SILVER	TRADITIONAL_CLASS_NOT_STATED
RT-e4b54354ea	{{שרש3|ח|ת|ה}}	חתה	ח	ת	ה			3			False	False	False	False	False	False	True	False	False	True	True	False	True	False	False	False	True	X.C.H	final_he	False	True	False	False	False	False	True	False	חתה	RG-e4b54354ea	2	PAAL|PIEL	hewiktionary	wikt:entry:p57112:r449721:o481:t0|wikt:entry:p57112:r449721:o63:t0	0.8	SILVER	TRADITIONAL_CLASS_NOT_STATED
RT-97117719e0	{{שרש3|שׁ|ק|ף}}	שׁקפ	ש	ק	פ			3			False	False	False	False	False	False	False	False	False	False	False	False	False	False	False	False	False	C.C.C	strong	True	False	False	False	False	False	False	False	שקפ	RG-0e400e974c	1	HIFIL	hewiktionary	wikt:entry:p57114:r390911:o0:t0	0.8	SILVER	TRADITIONAL_CLASS_NOT_STATED
RT-2a1afc9c58	{{שרש4|שׁ|כ|ל|ל}}	שׁכלל	ש	כ	ל	ל		4			False	False	False	False	False	False	False	False	False	False	False	False	False	False	False	False	False	C.C.C.C	quadriliteral	False	False	False	False	False	False	False	True	שכלל	RG-b6cad51295	1	PIEL	hewiktionary	wikt:entry:p57137:r510847:o23:t0|wikt:full:p23750:r508928:t0:נסתר_עבר	0.96	QUESTIONABLE	TRADITIONAL_CLASS_NOT_STATED
RT-1ca7ab8546	{{שרש3|ח|י|ג}} שלמים	חיג	ח	י	ג			3	SHLEMIM	שלמים	False	False	False	False	True	False	False	False	False	False	True	False	False	False	False	False	True	X.Y.C	hollow_candidate	False	False	True	False	False	False	True	False	חיג	RG-1ca7ab8546	1	PIEL	hewiktionary	wikt:conj:p32104:r370599:t0:פיעל עבר|wikt:entry:p57176:r391690:o0:t0	0.96	SILVER	
RT-14cdad3aa5	{{שרש3|ס|ג|ה}}	סגה	ס	ג	ה			3			False	False	False	False	False	False	True	False	False	True	False	False	True	False	False	False	True	C.C.H	final_he	False	True	False	False	False	False	True	False	סגה	RG-14cdad3aa5	1	PAAL	hewiktionary	wikt:entry:p57180:r448229:o0:t0	0.8	SILVER	TRADITIONAL_CLASS_NOT_STATED
RT-e4d5efe2ce	{{שרש4|ג|מ|ג|ם}}	גמגמ	ג	מ	ג	מ		4			False	False	False	False	False	False	False	False	False	False	False	False	False	False	False	True	False	C.C.C.C	quadriliteral	False	False	False	False	False	False	False	True	גמגמ	RG-e4d5efe2ce	1	PIEL	hewiktionary	wikt:entry:p57187:r406628:o0:t0	0.8	SILVER	TRADITIONAL_CLASS_NOT_STATED
RT-c32105e195	{{שרש4|שׂ|ר|ט|ט}}	שׂרטט	ש	ר	ט	ט		4			False	False	False	False	False	False	False	False	False	False	False	False	False	True	False	False	False	C.R.C.C	quadriliteral	False	False	False	False	False	False	False	True	שרטט	RG-12221146e8	1	PIEL	hewiktionary	wikt:entry:p57213:r513442:o0:t0	0.8	SILVER	TRADITIONAL_CLASS_NOT_STATED
RT-9c5da05cdf	{{שרש4|ה|ד|ה|ד}}	הדהד	ה	ד	ה	ד		4			False	False	False	False	False	False	True	False	False	False	True	False	True	False	False	True	True	H.C.H.C	quadriliteral	False	False	False	False	False	False	True	True	הדהד	RG-9c5da05cdf	1	PIEL	hewiktionary	wikt:entry:p57230:r502440:o0:t0	0.8	SILVER	TRADITIONAL_CLASS_NOT_STATED
RT-04054237be	{{שרש3|ר|ת|ע}}	רתע	ר	ת	ע			3			False	False	False	False	False	False	False	False	False	False	False	False	True	True	False	False	False	R.C.E	guttural_containing	False	False	False	False	False	False	True	False	רתע	RG-04054237be	1	HIFIL	hewiktionary	wikt:entry:p57301:r520580:o70:t0	0.8	SILVER	TRADITIONAL_CLASS_NOT_STATED
RT-8cc3444dab	{{שרש4|ת|ע|ת|ע}}	תעתע	ת	ע	ת	ע		4			False	False	False	False	False	False	False	False	False	False	False	True	False	False	False	True	False	C.E.C.E	quadriliteral	False	False	False	False	False	False	True	True	תעתע	RG-8cc3444dab	1	PIEL	hewiktionary	wikt:entry:p57321:r471338:o0:t0	0.8	SILVER	TRADITIONAL_CLASS_NOT_STATED
RT-808404c5fd	{{שרש4|פ|ק|פ|ק}}	פקפק	פ	ק	פ	ק		4			False	False	False	False	False	False	False	False	False	False	False	False	False	False	False	True	False	C.C.C.C	quadriliteral	False	False	False	False	False	False	False	True	פקפק	RG-808404c5fd	1	PIEL	hewiktionary	wikt:conj:p32731:r278618:t0:פיעל עבר|wikt:entry:p57461:r522630:o0:t0	0.96	SILVER	TRADITIONAL_CLASS_NOT_STATED
RT-1b9610e414	{{שרש3|שׁ|מ|ת}}	שׁמת	ש	מ	ת			3			False	False	False	False	False	False	False	False	False	False	False	False	False	False	False	False	False	C.C.C	strong	True	False	False	False	False	False	False	False	שמת	RG-2916b8333b	1	PIEL	hewiktionary	wikt:entry:p57552:r510858:o21:t0	0.8	SILVER	TRADITIONAL_CLASS_NOT_STATED
RT-a414998d31	{{שרש3|פ|ק|ר}}	פקר	פ	ק	ר			3			False	False	False	False	False	False	False	False	False	False	False	False	False	True	False	False	False	C.C.R	strong	True	False	False	False	False	False	False	False	פקר	RG-a414998d31	2	HIFIL|PAAL	hewiktionary	wikt:conj:p57602:r398015:t0:הפעיל עבר|wikt:conj:p57602:r398015:t0:קל עבר|wikt:entry:p57601:r418725:o0:t0|wikt:entry:p58827:r500331:o0:t0	0.96	SILVER	TRADITIONAL_CLASS_NOT_STATED
RT-e53ebf1657	{{שרש3|צ|ל|ה א}}	צלה	צ	ל	ה			3			False	False	False	False	False	False	True	False	False	True	False	False	True	False	False	False	True	C.C.H	final_he	False	True	False	False	False	False	True	False	צלה	RG-e53ebf1657	2	PAAL|PIEL	hewiktionary	wikt:entry:p57633:r500042:o0:t0|wikt:entry:p57633:r500042:o717:t0	0.8	SILVER	TRADITIONAL_CLASS_NOT_STATED
RT-036d3c8101	{{שרש3|ת|ר|ץ}}	תרצ	ת	ר	צ			3			False	False	False	False	False	False	False	False	False	False	False	False	False	True	False	False	False	C.R.C	strong	True	False	False	False	False	False	False	False	תרצ	RG-036d3c8101	1	PIEL	hewiktionary	wikt:entry:p57667:r413131:o0:t0	0.8	SILVER	TRADITIONAL_CLASS_NOT_STATED
RT-b600d653cc	{{שרש3|נ|ק|ז}}	נקז	נ	ק	ז			3			True	False	False	False	False	False	False	False	False	False	False	False	False	False	False	False	True	N.C.C	initial_nun	False	False	False	True	False	False	False	False	נקז	RG-b600d653cc	1	PIEL	hewiktionary	wikt:conj:p57712:r400449:t0:פיעל עבר|wikt:entry:p57711:r512410:o24:t0	0.96	SILVER	TRADITIONAL_CLASS_NOT_STATED
RT-647751c903	{{שרש4|א|שׁ|פ|ז}}	אשׁפז	א	ש	פ	ז		4			False	False	False	True	False	False	False	False	False	False	True	False	False	False	False	False	True	A.C.C.C	quadriliteral	False	False	False	False	False	False	True	True	אשפז	RG-cb93f19725	1	PIEL	hewiktionary	wikt:entry:p57719:r484284:o0:t0	0.8	SILVER	TRADITIONAL_CLASS_NOT_STATED
RT-18080bb1b0	{{שרש3|כ|ו|ץ}}	כוצ	כ	ו	צ			3			False	False	False	False	False	True	False	False	False	False	False	False	False	False	False	False	True	C.W.C	hollow_candidate	False	False	True	False	False	False	False	False	כוצ	RG-18080bb1b0	1	PIEL	hewiktionary	wikt:entry:p57728:r513349:o0:t0	0.8	SILVER	TRADITIONAL_CLASS_NOT_STATED
RT-2d30fb5f34	{{שרש3|ק|צ|ע}}	קצע	ק	צ	ע			3			False	False	False	False	False	False	False	False	False	False	False	False	True	False	False	False	False	C.C.E	guttural_containing	False	False	False	False	False	False	True	False	קצע	RG-2d30fb5f34	3	HIFIL|PIEL	hewiktionary	wikt:conj:p60226:r441280:t0:הפעיל עבר|wikt:conj:p60226:r441280:t0:פיעל עבר|wikt:conj:p60226:r441280:t0:קל עבר|wikt:entry:p57786:r509769:o0:t0|wikt:entry:p57786:r509769:o889:t0|wikt:entry:p57788:r521128:o0:t0	0.96	SILVER	TRADITIONAL_CLASS_NOT_STATED
RT-288b0f3c18	{{שרש3|י|ב|א}}	יבא	י	ב	א			3			False	True	False	False	False	False	False	False	True	False	False	False	True	False	False	False	True	Y.C.A	initial_yod_waw	False	False	False	False	True	False	True	False	יבא	RG-288b0f3c18	1	PIEL	hewiktionary	wikt:entry:p57791:r402272:o0:t0	0.8	SILVER	TRADITIONAL_CLASS_NOT_STATED
RT-5c885f9ab4	{{שרש3|ת|ו|י}}	תוי	ת	ו	י			3			False	False	False	False	False	True	False	True	False	False	False	False	False	False	False	False	True	C.W.Y	hollow_candidate	False	False	True	False	False	False	False	False	תוי	RG-5c885f9ab4	1	HIFIL	hewiktionary	wikt:entry:p57834:r493237:o0:t0	0.8	SILVER	TRADITIONAL_CLASS_NOT_STATED
RT-74cd744057	{{שרש3|מ|ח|ץ}}	מחצ	מ	ח	צ			3			False	False	False	False	False	False	False	False	False	False	False	True	False	False	False	False	False	C.X.C	guttural_containing	False	False	False	False	False	False	True	False	מחצ	RG-74cd744057	1	PAAL	hewiktionary	wikt:entry:p57877:r418886:o14:t0	0.8	SILVER	TRADITIONAL_CLASS_NOT_STATED
RT-6e8fe90ff3	{{שרש3|ח|ד|ה}}	חדה	ח	ד	ה			3			False	False	False	False	False	False	True	False	False	True	True	False	True	False	False	False	True	X.C.H	final_he	False	True	False	False	False	False	True	False	חדה	RG-6e8fe90ff3	2	PAAL|PIEL	hewiktionary	wikt:entry:p58049:r435623:o395:t0|wikt:entry:p58049:r435623:o60:t0	0.8	SILVER	TRADITIONAL_CLASS_NOT_STATED
RT-c9d6ecc9d1	{{שרש4|ט|מ|ט|ם}}	טמטמ	ט	מ	ט	מ		4			False	False	False	False	False	False	False	False	False	False	False	False	False	False	False	True	False	C.C.C.C	quadriliteral	False	False	False	False	False	False	False	True	טמטמ	RG-c9d6ecc9d1	1	PIEL	hewiktionary	wikt:conj:p32374:r407199:t0:פיעל עבר|wikt:entry:p58056:r513427:o0:t0	0.96	SILVER	TRADITIONAL_CLASS_NOT_STATED
RT-558d505bc6	{{שרש4|מ|צ|מ|ץ}}	מצמצ	מ	צ	מ	צ		4			False	False	False	False	False	False	False	False	False	False	False	False	False	False	False	True	False	C.C.C.C	quadriliteral	False	False	False	False	False	False	False	True	מצמצ	RG-558d505bc6	1	PIEL	hewiktionary	wikt:entry:p58061:r521531:o0:t0	0.8	SILVER	TRADITIONAL_CLASS_NOT_STATED
RT-bf52f4cbbc	{{שרש4|ת|ס|כ|ל}}	תסכל	ת	ס	כ	ל		4			False	False	False	False	False	False	False	False	False	False	False	False	False	False	False	False	False	C.C.C.C	quadriliteral	False	False	False	False	False	False	False	True	תסכל	RG-bf52f4cbbc	1	PIEL	hewiktionary	wikt:entry:p58062:r433425:o9:t0	0.8	SILVER	TRADITIONAL_CLASS_NOT_STATED
RT-d3366e65b5	{{שרש3|נ|ס|ח}}	נסח	נ	ס	ח			3			True	False	False	False	False	False	False	False	False	False	False	False	True	False	False	False	True	N.C.X	initial_nun	False	False	False	True	False	False	True	False	נסח	RG-d3366e65b5	3	HIFIL|NIFAL|PIEL	hewiktionary	wikt:entry:p58071:r510567:o1204:t0|wikt:entry:p58071:r510567:o478:t0|wikt:entry:p60840:r512201:o411:t0	0.8	SILVER	TRADITIONAL_CLASS_NOT_STATED
RT-666631aca3	{{שרש3|ע|ט|נ}},	עטנ	ע	ט	נ			3			False	False	False	False	False	False	False	False	False	False	True	False	False	False	False	False	False	E.C.N	guttural_containing	False	False	False	False	False	False	True	False	עטנ	RG-666631aca3	1	PAAL	hewiktionary	wikt:entry:p58138:r408224:o0:t0	0.8	SILVER	TRADITIONAL_CLASS_NOT_STATED
RT-32967a2e1c	{{שרש3|מ|ל|ץ}}	מלצ	מ	ל	צ			3			False	False	False	False	False	False	False	False	False	False	False	False	False	False	False	False	False	C.C.C	strong	True	False	False	False	False	False	False	False	מלצ	RG-32967a2e1c	1	NIFAL	hewiktionary	wikt:entry:p58145:r421887:o0:t0	0.8	SILVER	TRADITIONAL_CLASS_NOT_STATED
RT-b850bdf69f	{{שרש3|ק|שׁ|ט}}	קשׁט	ק	ש	ט			3			False	False	False	False	False	False	False	False	False	False	False	False	False	False	False	False	False	C.C.C	strong	True	False	False	False	False	False	False	False	קשט	RG-dbe3b15891	1	PAAL	hewiktionary	wikt:entry:p58286:r512760:o17:t0	0.8	SILVER	TRADITIONAL_CLASS_NOT_STATED
RT-e6d8db9b15	{{שרש3|צ|ע|ד}}	צעד	צ	ע	ד			3			False	False	False	False	False	False	False	False	False	False	False	True	False	False	False	False	False	C.E.C	guttural_containing	False	False	False	False	False	False	True	False	צעד	RG-e6d8db9b15	1	PAAL	hewiktionary	wikt:entry:p58310:r511503:o0:t0	0.8	SILVER	TRADITIONAL_CLASS_NOT_STATED
RT-dda947b043	{{שרש3|ר|ת|ף}}	רתפ	ר	ת	פ			3			False	False	False	False	False	False	False	False	False	False	False	False	False	True	False	False	False	R.C.C	strong	True	False	False	False	False	False	False	False	רתפ	RG-dda947b043	1	PIEL	hewiktionary	wikt:entry:p58336:r411436:o0:t0	0.8	SILVER	TRADITIONAL_CLASS_NOT_STATED
RT-88ef5a483c	{{שרש4|פ|ר|ש|ז}}	פרשׁז	פ	ר	ש	ז		4			False	False	False	False	False	False	False	False	False	False	False	False	False	True	False	False	False	C.R.C.C	quadriliteral	False	False	False	False	False	False	False	True	פרשז	RG-db5463fc83	1	PIEL	hewiktionary	wikt:entry:p58424:r482004:o0:t0	0.8	SILVER	SHIN_SIN_FROM_FORM|TRADITIONAL_CLASS_NOT_STATED
RT-9e2fc6038e	{{שרש3|ע|שׁ|שׁ}}	עשׁשׁ	ע	ש	ש			3			False	False	False	False	False	False	False	False	False	False	True	False	False	False	True	False	True	E.C.C+GEM	geminate	False	False	False	False	False	True	True	False	עשש	RG-7f0739e62a	1	PAAL	hewiktionary	wikt:entry:p58439:r444445:o0:t0	0.8	SILVER	TRADITIONAL_CLASS_NOT_STATED
RT-2ad61e82d7	{{שרש4|מ|ל|מ|ל}}	מלמל	מ	ל	מ	ל		4			False	False	False	False	False	False	False	False	False	False	False	False	False	False	False	True	False	C.C.C.C	quadriliteral	False	False	False	False	False	False	False	True	מלמל	RG-2ad61e82d7	1	PIEL	hewiktionary	wikt:entry:p58523:r414069:o0:t0	0.8	SILVER	TRADITIONAL_CLASS_NOT_STATED
RT-2e66d82bcf	{{שרש4|ב|ר|ז|ג}}	ברזג	ב	ר	ז	ג		4			False	False	False	False	False	False	False	False	False	False	False	False	False	True	False	False	False	C.R.C.C	quadriliteral	False	False	False	False	False	False	False	True	ברזג	RG-2e66d82bcf	1	PIEL	hewiktionary	wikt:entry:p58532:r432062:o0:t0	0.8	SILVER	TRADITIONAL_CLASS_NOT_STATED
RT-ccc6ba1ffc	{{שרש3|י|מ|ר}}	ימר	י	מ	ר			3			False	True	False	False	False	False	False	False	False	False	False	False	False	True	False	False	True	Y.C.R	initial_yod_waw	False	False	False	False	True	False	False	False	ימר	RG-ccc6ba1ffc	1	HITPAEL	hewiktionary	wikt:entry:p58552:r501447:o0:t0	0.8	SILVER	TRADITIONAL_CLASS_NOT_STATED
RT-56c342f18a	{{שרש3|ת|מ|ר|א}}	תמר	ת	מ	ר			3			False	False	False	False	False	False	False	False	False	False	False	False	False	True	False	False	False	C.C.R	strong	True	False	False	False	False	False	False	False	תמר	RG-56c342f18a	3	HIFIL|HITPAEL|HUFAL	hewiktionary	wikt:conj:p56193:r378729:t0:הופעל עבר|wikt:conj:p56193:r378729:t0:הפעיל עבר|wikt:conj:p56193:r378729:t0:התפעל עבר|wikt:entry:p58553:r414584:o0:t0|wikt:entry:p58553:r414584:o667:t0|wikt:entry:p58554:r414592:o0:t0|wikt:entry:p58554:r414592:o322:t0	0.992	SILVER	TRADITIONAL_CLASS_NOT_STATED
RT-2911cb550b	{{שרש4|מ|ז|מ|ז}}	מזמז	מ	ז	מ	ז		4			False	False	False	False	False	False	False	False	False	False	False	False	False	False	False	True	False	C.C.C.C	quadriliteral	False	False	False	False	False	False	False	True	מזמז	RG-2911cb550b	2	HITPAEL|PIEL	hewiktionary	wikt:entry:p58558:r513901:o0:t0|wikt:entry:p58559:r513900:o0:t0	0.8	SILVER	TRADITIONAL_CLASS_NOT_STATED
RT-1278ce0786	{{שרש3|מ|ז|ז}}	מזז	מ	ז	ז			3			False	False	False	False	False	False	False	False	False	False	False	False	False	False	True	False	True	C.C.C+GEM	geminate	False	False	False	False	False	True	False	False	מזז	RG-1278ce0786	1	PUAL	hewiktionary	wikt:entry:p58560:r448644:o66:t0	0.8	SILVER	TRADITIONAL_CLASS_NOT_STATED
RT-5e92455390	{{שרש3|א|ב|ב|גזרה=השלמים}}	אבב	א	ב	ב			3			False	False	False	True	False	False	False	False	False	False	True	False	False	False	True	False	True	A.C.C+GEM	geminate	False	False	False	False	False	True	True	False	אבב	RG-5e92455390	1	HIFIL	hewiktionary	wikt:entry:p58648:r416459:o0:t0	0.8	SILVER	TRADITIONAL_CLASS_NOT_STATED
RT-77f91135b5	{{שרש3|ג|ר|ז}}	גרז	ג	ר	ז			3			False	False	False	False	False	False	False	False	False	False	False	False	False	True	False	False	False	C.R.C	strong	True	False	False	False	False	False	False	False	גרז	RG-77f91135b5	1	NIFAL	hewiktionary	wikt:entry:p58782:r459347:o0:t0	0.8	SILVER	TRADITIONAL_CLASS_NOT_STATED
RT-862eb6a051	{{שרש3|י|פ|ח}}	יפח	י	פ	ח			3			False	True	False	False	False	False	False	False	False	False	False	False	True	False	False	False	True	Y.C.X	initial_yod_waw	False	False	False	False	True	False	True	False	יפח	RG-862eb6a051	1	PAAL	hewiktionary	wikt:entry:p59010:r497206:o0:t0	0.8	QUESTIONABLE	TRADITIONAL_CLASS_NOT_STATED
RT-5abaf78876	{{שרש3|צ|ר|ט}}	צרט	צ	ר	ט			3			False	False	False	False	False	False	False	False	False	False	False	False	False	True	False	False	False	C.R.C	strong	True	False	False	False	False	False	False	False	צרט	RG-5abaf78876	1	HIFIL	hewiktionary	wikt:entry:p59474:r436814:o0:t0	0.8	SILVER	TRADITIONAL_CLASS_NOT_STATED
RT-7d9029cfdd	{{שרש4|מ|מ|שׁ|ק}}	ממשׁק	מ	מ	ש	ק		4			False	False	False	False	False	False	False	False	False	False	False	False	False	False	False	False	False	C.C.C.C	quadriliteral	False	False	False	False	False	False	False	True	ממשק	RG-ade4bcb2d6	1	HITPAEL	hewiktionary	wikt:entry:p59643:r431929:o0:t0	0.8	SILVER	TRADITIONAL_CLASS_NOT_STATED
RT-44aca3df67	{{שרש3|פ|שׁ|ר}}	פשׁר	פ	ש	ר			3			False	False	False	False	False	False	False	False	False	False	False	False	False	True	False	False	False	C.C.R	strong	True	False	False	False	False	False	False	False	פשר	RG-c0521981ad	1	HITPAEL	hewiktionary	wikt:entry:p59655:r432296:o9:t0	0.8	SILVER	TRADITIONAL_CLASS_NOT_STATED
RT-ba870756ab	{{שרש3|ד|ה|ם}}	דהמ	ד	ה	מ			3			False	False	False	False	False	False	False	False	False	False	False	True	False	False	False	False	False	C.H.C	guttural_containing	False	False	False	False	False	False	True	False	דהמ	RG-ba870756ab	1	NIFAL	hewiktionary	wikt:entry:p59663:r518268:o0:t0	0.8	SILVER	TRADITIONAL_CLASS_NOT_STATED
RT-10e7fa085e	{{שרש4|ש|נ|מ|ך}}	שׁנמכ	ש	נ	מ	כ		4			False	False	False	False	False	False	False	False	False	False	False	False	False	False	False	False	False	C.N.C.C	quadriliteral	False	False	False	False	False	False	False	True	שנמכ	RG-d7d89d66e5	1	HITPAEL	hewiktionary	wikt:entry:p59890:r437244:o0:t0	0.8	SILVER	SHIN_SIN_FROM_FORM|TRADITIONAL_CLASS_NOT_STATED
RT-bba2b2b7a9	{{שרש4|ס|מ|פ|ת}}	סמפת	ס	מ	פ	ת		4			False	False	False	False	False	False	False	False	False	False	False	False	False	False	False	False	False	C.C.C.C	quadriliteral	False	False	False	False	False	False	False	True	סמפת	RG-bba2b2b7a9	1	PIEL	hewiktionary	wikt:entry:p60066:r439901:o0:t0	0.8	SILVER	TRADITIONAL_CLASS_NOT_STATED
RT-13bcd679c3	{{שרש3|ח|ר|ם}}	חרמ	ח	ר	מ			3			False	False	False	False	False	False	False	False	False	False	True	False	False	True	False	False	False	X.R.C	guttural_containing	False	False	False	False	False	False	True	False	חרמ	RG-13bcd679c3	1	HIFIL	hewiktionary	wikt:entry:p60172:r518245:o0:t0	0.8	SILVER	TRADITIONAL_CLASS_NOT_STATED
RT-c5703d8ce4	שׂ-כ-ה	שׂכה	ש	כ	ה			3			False	False	False	False	False	False	True	False	False	True	False	False	True	False	False	False	True	C.C.H	final_he	False	True	False	False	False	False	True	False	שכה	RG-d600c8e86d	1	PAAL	hewiktionary	wikt:entry:p60178:r512197:o317:t0|wikt:entry:p60178:r512197:o9:t0|wikt:entry:p8948:r508064:o3195:t0	0.0	QUESTIONABLE	TRADITIONAL_CLASS_NOT_STATED
RT-ed0e7fddc7	שׂ-כ-כ	שׂככ	ש	כ	כ			3			False	False	False	False	False	False	False	False	False	False	False	False	False	False	True	False	True	C.C.C+GEM	geminate	False	False	False	False	False	True	False	False	שככ	RG-992ed22316	1	PAAL	hewiktionary	wikt:entry:p60178:r512197:o317:t0|wikt:entry:p60178:r512197:o9:t0|wikt:entry:p8948:r508064:o3195:t0	0.0	QUESTIONABLE	ROOT_SHARES_ORTHOGRAPHY_WITH_OTHER_ROOT|TRADITIONAL_CLASS_NOT_STATED
RT-077e75f3fc	{{שרש3|ר|ק|ח}}	רקח	ר	ק	ח			3			False	False	False	False	False	False	False	False	False	False	False	False	True	True	False	False	False	R.C.X	guttural_containing	False	False	False	False	False	False	True	False	רקח	RG-077e75f3fc	2	HIFIL|PAAL	hewiktionary	wikt:entry:p60245:r510249:o1:t0|wikt:entry:p62118:r480220:o21:t0	0.8	SILVER	TRADITIONAL_CLASS_NOT_STATED
RT-07d0fc6dcb	{{שרש3|ז|ר|ב}}	זרב	ז	ר	ב			3			False	False	False	False	False	False	False	False	False	False	False	False	False	True	False	False	False	C.R.C	strong	True	False	False	False	False	False	False	False	זרב	RG-07d0fc6dcb	1	PUAL	hewiktionary	wikt:entry:p60288:r468922:o0:t0	0.8	SILVER	TRADITIONAL_CLASS_NOT_STATED
RT-74b9710732	{{שרש3|כ|ת|ם}}	כתמ	כ	ת	מ			3			False	False	False	False	False	False	False	False	False	False	False	False	False	False	False	False	False	C.C.C	strong	True	False	False	False	False	False	False	False	כתמ	RG-74b9710732	1	NIFAL	hewiktionary	wikt:entry:p60321:r510559:o22:t0	0.8	SILVER	TRADITIONAL_CLASS_NOT_STATED
RT-083e94346d	{{שרש3|כ|ל|ב| ב}}	כלב	כ	ל	ב			3			False	False	False	False	False	False	False	False	False	False	False	False	False	False	False	False	False	C.C.C	strong	True	False	False	False	False	False	False	False	כלב	RG-083e94346d	1	HIFIL	hewiktionary	wikt:entry:p60785:r510222:o1:t0	0.8	SILVER	TRADITIONAL_CLASS_NOT_STATED
RT-8bd957cd70	{{שרש3|ב|שׂ|ם}}	בשׂמ	ב	ש	מ			3			False	False	False	False	False	False	False	False	False	False	False	False	False	False	False	False	False	C.C.C	strong	True	False	False	False	False	False	False	False	בשמ	RG-b708811965	1	HITPAEL	hewiktionary	wikt:entry:p61217:r510263:o0:t0	0.8	SILVER	TRADITIONAL_CLASS_NOT_STATED
RT-47abea61b2	{{שרש4|כ|שׁ|כ|שׁ}}	כשׁכשׁ	כ	ש	כ	ש		4			False	False	False	False	False	False	False	False	False	False	False	False	False	False	False	True	False	C.C.C.C	quadriliteral	False	False	False	False	False	False	False	True	כשכש	RG-67dbabc335	1	PIEL	hewiktionary	wikt:entry:p61289:r456622:o22:t0	0.8	SILVER	TRADITIONAL_CLASS_NOT_STATED
RT-88f07d286f	{{שרש4|ל|כ|ל|ך}}, [[גזרת המרובעים]]	לכלכ	ל	כ	ל	כ		4	QUADRILITERAL	גזרת המרובעים	False	False	False	False	False	False	False	False	False	False	False	False	False	False	False	True	False	C.C.C.C	quadriliteral	False	False	False	False	False	False	False	True	לכלכ	RG-88f07d286f	1	PIEL	hewiktionary	wikt:entry:p61346:r512467:o0:t0	0.8	SILVER	
RT-c086b31ab1	{{שרש4|צ|מ|ר|ר}}	צמרר	צ	מ	ר	ר		4			False	False	False	False	False	False	False	False	False	False	False	False	False	True	False	False	False	C.C.R.R	quadriliteral	False	False	False	False	False	False	False	True	צמרר	RG-c086b31ab1	1	PIEL	hewiktionary	wikt:entry:p61355:r510741:o0:t0	0.8	SILVER	TRADITIONAL_CLASS_NOT_STATED
RT-02740e1547	{{שרש3|ק|מ|ר}}	קמר	ק	מ	ר			3			False	False	False	False	False	False	False	False	False	False	False	False	False	True	False	False	False	C.C.R	strong	True	False	False	False	False	False	False	False	קמר	RG-02740e1547	1	PAAL	hewiktionary	wikt:entry:p61357:r510773:o15:t0	0.8	SILVER	TRADITIONAL_CLASS_NOT_STATED
RT-bfd8cdfeeb	{{שרש3|צ|ו|ק}}	צוק	צ	ו	ק			3			False	False	False	False	False	True	False	False	False	False	False	False	False	False	False	False	True	C.W.C	hollow_candidate	False	False	True	False	False	False	False	False	צוק	RG-bfd8cdfeeb	1	HIFIL	hewiktionary	wikt:conj:p32448:r272511:t0:הפעיל עבר|wikt:entry:p62090:r510242:o0:t0	0.96	SILVER	TRADITIONAL_CLASS_NOT_STATED
RT-177ccd388a	{{שרש3|שׂ|ק|ד}}	שׂקד	ש	ק	ד			3			False	False	False	False	False	False	False	False	False	False	False	False	False	False	False	False	False	C.C.C	strong	True	False	False	False	False	False	False	False	שקד	RG-5c027d1016	1	NIFAL	hewiktionary	wikt:entry:p62206:r467899:o0:t0	0.8	SILVER	TRADITIONAL_CLASS_NOT_STATED
RT-a182a308db	{{שרש4|י|פ|י|ף}}	יפיפ	י	פ	י	פ		4			False	True	False	False	False	False	False	True	False	False	False	False	False	False	False	True	True	Y.C.Y.C	quadriliteral	False	False	False	False	True	False	False	True	יפיפ	RG-a182a308db	1	PAAL	hewiktionary	wikt:entry:p62356:r493290:o0:t0	0.8	SILVER	TRADITIONAL_CLASS_NOT_STATED
RT-180846f196	{{שרש3|שׁ|ס|ה}}	שׁסה	ש	ס	ה			3			False	False	False	False	False	False	True	False	False	True	False	False	True	False	False	False	True	C.C.H	final_he	False	True	False	False	False	False	True	False	שסה	RG-3c9808bdf2	2	PAAL|PIEL	hewiktionary	wikt:entry:p62507:r510862:o0:t0|wikt:entry:p62507:r510862:o682:t0	0.8	SILVER	TRADITIONAL_CLASS_NOT_STATED
RT-7f116fe503	{{שרש3|ק|ז|ז}}	קזז	ק	ז	ז			3			False	False	False	False	False	False	False	False	False	False	False	False	False	False	True	False	True	C.C.C+GEM	geminate	False	False	False	False	False	True	False	False	קזז	RG-7f116fe503	1	PIEL	hewiktionary	wikt:entry:p62565:r510758:o0:t0	0.8	SILVER	TRADITIONAL_CLASS_NOT_STATED
RT-4dbf11feae	{{שרש3|כ|ס|ח}}	כסח	כ	ס	ח			3			False	False	False	False	False	False	False	False	False	False	False	False	True	False	False	False	False	C.C.X	guttural_containing	False	False	False	False	False	False	True	False	כסח	RG-4dbf11feae	2	PAAL|PIEL	hewiktionary	wikt:entry:p62803:r483442:o15:t0|wikt:entry:p62803:r483442:o626:t0	0.8	SILVER	TRADITIONAL_CLASS_NOT_STATED
RT-a3417e4028	{{שרש3|שׂ|ר|ע}}	שׂרע	ש	ר	ע			3			False	False	False	False	False	False	False	False	False	False	False	False	True	True	False	False	False	C.R.E	guttural_containing	False	False	False	False	False	False	True	False	שרע	RG-c186c46ff9	1	HITPAEL	hewiktionary	wikt:entry:p62967:r489230:o0:t0	0.8	SILVER	TRADITIONAL_CLASS_NOT_STATED
RT-cb6680ad86	{{שרש3|ר|ו|ע}}	רוע	ר	ו	ע			3			False	False	False	False	False	True	False	False	False	False	False	False	True	True	False	False	True	R.W.E	hollow_candidate	False	False	True	False	False	False	True	False	רוע	RG-cb6680ad86	1	HIFIL	hewiktionary	wikt:conj:p43311:r431911:t0:הפעיל עבר|wikt:entry:p62980:r489448:o0:t0	0.96	SILVER	TRADITIONAL_CLASS_NOT_STATED
RT-c6bfb22072	{{שרש4|ס|נ|ת|ז}}	סנתז	ס	נ	ת	ז		4			False	False	False	False	False	False	False	False	False	False	False	False	False	False	False	False	False	C.N.C.C	quadriliteral	False	False	False	False	False	False	False	True	סנתז	RG-c6bfb22072	1	PIEL	hewiktionary	wikt:entry:p63036:r491370:o0:t0	0.8	SILVER	TRADITIONAL_CLASS_NOT_STATED
RT-3a31a91ff7	{{שרש4|ח|ל|ח|ל}}	חלחל	ח	ל	ח	ל		4			False	False	False	False	False	False	False	False	False	False	True	False	True	False	False	True	False	X.C.X.C	quadriliteral	False	False	False	False	False	False	True	True	חלחל	RG-3a31a91ff7	2	HITPAEL|PIEL	hewiktionary	wikt:entry:p63188:r511393:o0:t0|wikt:entry:p63189:r494070:o0:t0	0.8	SILVER	TRADITIONAL_CLASS_NOT_STATED
RT-c8f8ef349c	{{שרש3|פ|נ|ם}}	פנמ	פ	נ	מ			3			False	False	False	False	False	False	False	False	False	False	False	False	False	False	False	False	False	C.N.C	strong	True	False	False	False	False	False	False	False	פנמ	RG-c8f8ef349c	1	HIFIL	hewiktionary	wikt:conj:p32107:r265066:t0:הפעיל עבר|wikt:entry:p63222:r494500:o0:t0	0.96	SILVER	TRADITIONAL_CLASS_NOT_STATED
RT-eb6402ee33	{{שרש4|ד|שׁ|ד|שׁ}}	דשׁדשׁ	ד	ש	ד	ש		4			False	False	False	False	False	False	False	False	False	False	False	False	False	False	False	True	False	C.C.C.C	quadriliteral	False	False	False	False	False	False	False	True	דשדש	RG-fb6ae48fa6	1	PIEL	hewiktionary	wikt:entry:p63370:r500747:o0:t0	0.8	SILVER	TRADITIONAL_CLASS_NOT_STATED
RT-4d052ac13b	{{שרש3|צ|נ|ע}}	צנע	צ	נ	ע			3			False	False	False	False	False	False	False	False	False	False	False	False	True	False	False	False	False	C.N.E	guttural_containing	False	False	False	False	False	False	True	False	צנע	RG-4d052ac13b	1	HIFIL	hewiktionary	wikt:entry:p63390:r519496:o0:t0	0.8	SILVER	TRADITIONAL_CLASS_NOT_STATED
RT-b6532552ab	{{שרש3|צ|ל|ק}}	צלק	צ	ל	ק			3			False	False	False	False	False	False	False	False	False	False	False	False	False	False	False	False	False	C.C.C	strong	True	False	False	False	False	False	False	False	צלק	RG-b6532552ab	1	PIEL	hewiktionary	wikt:entry:p63398:r500424:o0:t0	0.8	SILVER	TRADITIONAL_CLASS_NOT_STATED
RT-fa33aa0a11	{{שרש3|ת|ע|ה}}	תעה	ת	ע	ה			3			False	False	False	False	False	False	True	False	False	True	False	True	True	False	False	False	True	C.E.H	final_he	False	True	False	False	False	False	True	False	תעה	RG-fa33aa0a11	1	PAAL	hewiktionary	wikt:entry:p63412:r500630:o42:t0	0.8	SILVER	TRADITIONAL_CLASS_NOT_STATED
RT-ba7a43cc5e	{{שרש3|ד|ר|ג}}	דרג	ד	ר	ג			3			False	False	False	False	False	False	False	False	False	False	False	False	False	True	False	False	False	C.R.C	strong	True	False	False	False	False	False	False	False	דרג	RG-ba7a43cc5e	1	PIEL	hewiktionary	wikt:entry:p63438:r514813:o0:t0	0.8	SILVER	TRADITIONAL_CLASS_NOT_STATED
RT-649db91160	{{שרש3|שׁ|מ|ט}}	שׁמט	ש	מ	ט			3			False	False	False	False	False	False	False	False	False	False	False	False	False	False	False	False	False	C.C.C	strong	True	False	False	False	False	False	False	False	שמט	RG-aa40c31653	1	PAAL	hewiktionary	wikt:entry:p63464:r501693:o37:t0	0.8	SILVER	TRADITIONAL_CLASS_NOT_STATED
RT-69438fd26c	{{שרש3|נ|ת|ץ}}	נתצ	נ	ת	צ			3			True	False	False	False	False	False	False	False	False	False	False	False	False	False	False	False	True	N.C.C	initial_nun	False	False	False	True	False	False	False	False	נתצ	RG-69438fd26c	1	PIEL	hewiktionary	wikt:entry:p63627:r507405:o21:t0	0.8	SILVER	TRADITIONAL_CLASS_NOT_STATED
RT-d7db40f0ac	{{שרש3|פ|ר|ז|גזרה=השלמים}}	פרז	פ	ר	ז			3			False	False	False	False	False	False	False	False	False	False	False	False	False	True	False	False	False	C.R.C	strong	True	False	False	False	False	False	False	False	פרז	RG-d7db40f0ac	1	HIFIL	hewiktionary	wikt:entry:p64129:r517672:o11:t0	0.8	SILVER	TRADITIONAL_CLASS_NOT_STATED
RT-ab45007cdc	{{שרש3|ר|ד|ם}}	רדמ	ר	ד	מ			3			False	False	False	False	False	False	False	False	False	False	False	False	False	True	False	False	False	R.C.C	strong	True	False	False	False	False	False	False	False	רדמ	RG-ab45007cdc	1	NIFAL	hewiktionary	wikt:entry:p64154:r518828:o0:t0	0.8	SILVER	TRADITIONAL_CLASS_NOT_STATED
RT-52cb551672	{{שרש4|ת|כ|נ|ן}} {{גזרה|מרובעים}}	תכננ	ת	כ	נ	נ		4			False	False	False	False	False	False	False	False	False	False	False	False	False	False	False	False	False	C.C.N.N	quadriliteral	False	False	False	False	False	False	False	True	תכננ	RG-52cb551672	1	PIEL	hewiktionary	wikt:entry:p64221:r521628:o0:t0	0.8	SILVER	TRADITIONAL_CLASS_NOT_STATED
