root_id	root_raw	root_normalized	radical_1	radical_2	radical_3	radical_4	radical_5	root_length	traditional_class	traditional_class_raw	r1_is_nun	r1_is_yod	r1_is_waw	r1_is_alef	r2_is_yod	r2_is_waw	r3_is_he	r3_is_yod	r3_is_alef	rfinal_is_he	r1_is_guttural	r2_is_guttural	r3_is_guttural	has_resh	is_geminate	is_reduplicated_quadriliteral	has_weak_radical	structural_signature	structural_class	sc_strong	sc_final_he	sc_hollow_candidate	sc_initial_nun	sc_initial_yod_waw	sc_geminate	sc_guttural_containing	sc_quadriliteral	root_orthographic	orthographic_root_group_id	n_lexemes	binyanim	source_primary	source_ids	confidence	quality_tier	quality_flags
SYN-RT-4b918b4f1f	ב-ג-ז	בגז	ב	ג	ז			3			False	False	False	False	False	False	False	False	False	False	False	False	False	False	False	False	False	C.C.C	strong	True	False	False	False	False	False	False	False	בגז	SYN-RG-42830d10f9	7	HIFIL|HITPAEL|HUFAL|NIFAL|PAAL|PIEL|PUAL	synthetic_v1	synthetic_v1:root:בגז	1.0	GOLD	SYNTHETIC
SYN-RT-d80447359c	ב-ג-ל	בגל	ב	ג	ל			3			False	False	False	False	False	False	False	False	False	False	False	False	False	False	False	False	False	C.C.C	strong	True	False	False	False	False	False	False	False	בגל	SYN-RG-46b35e8325	7	HIFIL|HITPAEL|HUFAL|NIFAL|PAAL|PIEL|PUAL	synthetic_v1	synthetic_v1:root:בגל	1.0	GOLD	SYNTHETIC
SYN-RT-7f09df643b	ב-ג-פ	בגפ	ב	ג	פ			3			False	False	False	False	False	False	False	False	False	False	False	False	False	False	False	False	False	C.C.C	strong	True	False	False	False	False	False	False	False	בגפ	SYN-RG-e3fa10450a	7	HIFIL|HITPAEL|HUFAL|NIFAL|PAAL|PIEL|PUAL	synthetic_v1	synthetic_v1:root:בגפ	1.0	GOLD	SYNTHETIC
SYN-RT-92e344ef0c	ב-ג-ק	בגק	ב	ג	ק			3			False	False	False	False	False	False	False	False	False	False	False	False	False	False	False	False	False	C.C.C	strong	True	False	False	False	False	False	False	False	בגק	SYN-RG-aae758fc40	7	HIFIL|HITPAEL|HUFAL|NIFAL|PAAL|PIEL|PUAL	synthetic_v1	synthetic_v1:root:בגק	1.0	GOLD	SYNTHETIC
SYN-RT-dbfaa7703a	ב-ג-שׁ	בגשׁ	ב	ג	ש			3			False	False	False	False	False	False	False	False	False	False	False	False	False	False	False	False	False	C.C.C	strong	True	False	False	False	False	False	False	False	בגש	SYN-RG-b0026e937b	7	HIFIL|HITPAEL|HUFAL|NIFAL|PAAL|PIEL|PUAL	synthetic_v1	synthetic_v1:root:בגשׁ	1.0	GOLD	SYNTHETIC
SYN-RT-a306470cc2	ב-ד-ל	בדל	ב	ד	ל			3			False	False	False	False	False	False	False	False	False	False	False	False	False	False	False	False	False	C.C.C	strong	True	False	False	False	False	False	False	False	בדל	SYN-RG-9bd80e0705	7	HIFIL|HITPAEL|HUFAL|NIFAL|PAAL|PIEL|PUAL	synthetic_v1	synthetic_v1:root:בדל	1.0	GOLD	SYNTHETIC
SYN-RT-be428f7c1d	ב-ד-צ	בדצ	ב	ד	צ			3			False	False	False	False	False	False	False	False	False	False	False	False	False	False	False	False	False	C.C.C	strong	True	False	False	False	False	False	False	False	בדצ	SYN-RG-434305c9a2	7	HIFIL|HITPAEL|HUFAL|NIFAL|PAAL|PIEL|PUAL	synthetic_v1	synthetic_v1:root:בדצ	1.0	GOLD	SYNTHETIC
SYN-RT-06d364d37d	ב-ד-ק	בדק	ב	ד	ק			3			False	False	False	False	False	False	False	False	False	False	False	False	False	False	False	False	False	C.C.C	strong	True	False	False	False	False	False	False	False	בדק	SYN-RG-36d7c8da81	7	HIFIL|HITPAEL|HUFAL|NIFAL|PAAL|PIEL|PUAL	synthetic_v1	synthetic_v1:root:בדק	1.0	GOLD	SYNTHETIC
SYN-RT-a0399e8622	ב-ז-ד	בזד	ב	ז	ד			3			False	False	False	False	False	False	False	False	False	False	False	False	False	False	False	False	False	C.C.C	strong	True	False	False	False	False	False	False	False	בזד	SYN-RG-b5843eea4a	7	HIFIL|HITPAEL|HUFAL|NIFAL|PAAL|PIEL|PUAL	synthetic_v1	synthetic_v1:root:בזד	1.0	GOLD	SYNTHETIC
SYN-RT-1c185e4123	ב-ז-ט	בזט	ב	ז	ט			3			False	False	False	False	False	False	False	False	False	False	False	False	False	False	False	False	False	C.C.C	strong	True	False	False	False	False	False	False	False	בזט	SYN-RG-6779829137	7	HIFIL|HITPAEL|HUFAL|NIFAL|PAAL|PIEL|PUAL	synthetic_v1	synthetic_v1:root:בזט	1.0	GOLD	SYNTHETIC
SYN-RT-dc4517ea8b	ב-ז-צ	בזצ	ב	ז	צ			3			False	False	False	False	False	False	False	False	False	False	False	False	False	False	False	False	False	C.C.C	strong	True	False	False	False	False	False	False	False	בזצ	SYN-RG-477206ba8f	7	HIFIL|HITPAEL|HUFAL|NIFAL|PAAL|PIEL|PUAL	synthetic_v1	synthetic_v1:root:בזצ	1.0	GOLD	SYNTHETIC
SYN-RT-69664069bb	ב-ט-ק	בטק	ב	ט	ק			3			False	False	False	False	False	False	False	False	False	False	False	False	False	False	False	False	False	C.C.C	strong	True	False	False	False	False	False	False	False	בטק	SYN-RG-580d5fb25b	7	HIFIL|HITPAEL|HUFAL|NIFAL|PAAL|PIEL|PUAL	synthetic_v1	synthetic_v1:root:בטק	1.0	GOLD	SYNTHETIC
SYN-RT-56007fff3c	ב-כ-ז	בכז	ב	כ	ז			3			False	False	False	False	False	False	False	False	False	False	False	False	False	False	False	False	False	C.C.C	strong	True	False	False	False	False	False	False	False	בכז	SYN-RG-e54ede5933	7	HIFIL|HITPAEL|HUFAL|NIFAL|PAAL|PIEL|PUAL	synthetic_v1	synthetic_v1:root:בכז	1.0	GOLD	SYNTHETIC
SYN-RT-0a6b5a7e2e	ב-כ-ט	בכט	ב	כ	ט			3			False	False	False	False	False	False	False	False	False	False	False	False	False	False	False	False	False	C.C.C	strong	True	False	False	False	False	False	False	False	בכט	SYN-RG-0f37ee12b8	7	HIFIL|HITPAEL|HUFAL|NIFAL|PAAL|PIEL|PUAL	synthetic_v1	synthetic_v1:root:בכט	1.0	GOLD	SYNTHETIC
SYN-RT-7d09db3664	ב-כ-מ	בכמ	ב	כ	מ			3			False	False	False	False	False	False	False	False	False	False	False	False	False	False	False	False	False	C.C.C	strong	True	False	False	False	False	False	False	False	בכמ	SYN-RG-a49042d7fd	7	HIFIL|HITPAEL|HUFAL|NIFAL|PAAL|PIEL|PUAL	synthetic_v1	synthetic_v1:root:בכמ	1.0	GOLD	SYNTHETIC
SYN-RT-35a042d667	ב-כ-ר	בכר	ב	כ	ר			3			False	False	False	False	False	False	False	False	False	False	False	False	False	True	False	False	False	C.C.R	strong	True	False	False	False	False	False	False	False	בכר	SYN-RG-11c72b4478	7	HIFIL|HITPAEL|HUFAL|NIFAL|PAAL|PIEL|PUAL	synthetic_v1	synthetic_v1:root:בכר	1.0	GOLD	SYNTHETIC
SYN-RT-d1a6cdb047	ב-כ-שׁ	בכשׁ	ב	כ	ש			3			False	False	False	False	False	False	False	False	False	False	False	False	False	False	False	False	False	C.C.C	strong	True	False	False	False	False	False	False	False	בכש	SYN-RG-2e4c043d0f	7	HIFIL|HITPAEL|HUFAL|NIFAL|PAAL|PIEL|PUAL	synthetic_v1	synthetic_v1:root:בכשׁ	1.0	GOLD	SYNTHETIC
SYN-RT-044d327fd3	ב-ל-ג	בלג	ב	ל	ג			3			False	False	False	False	False	False	False	False	False	False	False	False	False	False	False	False	False	C.C.C	strong	True	False	False	False	False	False	False	False	בלג	SYN-RG-77c48697ba	7	HIFIL|HITPAEL|HUFAL|NIFAL|PAAL|PIEL|PUAL	synthetic_v1	synthetic_v1:root:בלג	1.0	GOLD	SYNTHETIC
SYN-RT-5f9505dfce	ב-ל-פ	בלפ	ב	ל	פ			3			False	False	False	False	False	False	False	False	False	False	False	False	False	False	False	False	False	C.C.C	strong	True	False	False	False	False	False	False	False	בלפ	SYN-RG-ba49b60353	7	HIFIL|HITPAEL|HUFAL|NIFAL|PAAL|PIEL|PUAL	synthetic_v1	synthetic_v1:root:בלפ	1.0	GOLD	SYNTHETIC
SYN-RT-dfa47a3c6d	ב-מ-ט	במט	ב	מ	ט			3			False	False	False	False	False	False	False	False	False	False	False	False	False	False	False	False	False	C.C.C	strong	True	False	False	False	False	False	False	False	במט	SYN-RG-8d34feb5f9	7	HIFIL|HITPAEL|HUFAL|NIFAL|PAAL|PIEL|PUAL	synthetic_v1	synthetic_v1:root:במט	1.0	GOLD	SYNTHETIC
SYN-RT-da831a9ef9	ב-מ-נ	במנ	ב	מ	נ			3			False	False	False	False	False	False	False	False	False	False	False	False	False	False	False	False	False	C.C.N	strong	True	False	False	False	False	False	False	False	במנ	SYN-RG-98c121f3d0	7	HIFIL|HITPAEL|HUFAL|NIFAL|PAAL|PIEL|PUAL	synthetic_v1	synthetic_v1:root:במנ	1.0	GOLD	SYNTHETIC
SYN-RT-9d267eec2a	ב-מ-ס	במס	ב	מ	ס			3			False	False	False	False	False	False	False	False	False	False	False	False	False	False	False	False	False	C.C.C	strong	True	False	False	False	False	False	False	False	במס	SYN-RG-5a3724d384	7	HIFIL|HITPAEL|HUFAL|NIFAL|PAAL|PIEL|PUAL	synthetic_v1	synthetic_v1:root:במס	1.0	GOLD	SYNTHETIC
SYN-RT-3f5ece0406	ב-מ-ק	במק	ב	מ	ק			3			False	False	False	False	False	False	False	False	False	False	False	False	False	False	False	False	False	C.C.C	strong	True	False	False	False	False	False	False	False	במק	SYN-RG-d161bfea1b	7	HIFIL|HITPAEL|HUFAL|NIFAL|PAAL|PIEL|PUAL	synthetic_v1	synthetic_v1:root:במק	1.0	GOLD	SYNTHETIC
SYN-RT-6ffa7e0905	ב-נ-ז	בנז	ב	נ	ז			3			False	False	False	False	False	False	False	False	False	False	False	False	False	False	False	False	False	C.N.C	strong	True	False	False	False	False	False	False	False	בנז	SYN-RG-563255783c	7	HIFIL|HITPAEL|HUFAL|NIFAL|PAAL|PIEL|PUAL	synthetic_v1	synthetic_v1:root:בנז	1.0	GOLD	SYNTHETIC
SYN-RT-7264afc254	ב-נ-ט	בנט	ב	נ	ט			3			False	False	False	False	False	False	False	False	False	False	False	False	False	False	False	False	False	C.N.C	strong	True	False	False	False	False	False	False	False	בנט	SYN-RG-486f64d7ea	7	HIFIL|HITPAEL|HUFAL|NIFAL|PAAL|PIEL|PUAL	synthetic_v1	synthetic_v1:root:בנט	1.0	GOLD	SYNTHETIC
SYN-RT-f1176c71a6	ב-נ-מ	בנמ	ב	נ	מ			3			False	False	False	False	False	False	False	False	False	False	False	False	False	False	False	False	False	C.N.C	strong	True	False	False	False	False	False	False	False	בנמ	SYN-RG-6cac59be58	7	HIFIL|HITPAEL|HUFAL|NIFAL|PAAL|PIEL|PUAL	synthetic_v1	synthetic_v1:root:בנמ	1.0	GOLD	SYNTHETIC
SYN-RT-0595ce0dd4	ב-נ-פ	בנפ	ב	נ	פ			3			False	False	False	False	False	False	False	False	False	False	False	False	False	False	False	False	False	C.N.C	strong	True	False	False	False	False	False	False	False	בנפ	SYN-RG-de9e1e902e	7	HIFIL|HITPAEL|HUFAL|NIFAL|PAAL|PIEL|PUAL	synthetic_v1	synthetic_v1:root:בנפ	1.0	GOLD	SYNTHETIC
SYN-RT-8bd083e6e7	ב-ס-ז	בסז	ב	ס	ז			3			False	False	False	False	False	False	False	False	False	False	False	False	False	False	False	False	False	C.C.C	strong	True	False	False	False	False	False	False	False	בסז	SYN-RG-9d4d08abe2	7	HIFIL|HITPAEL|HUFAL|NIFAL|PAAL|PIEL|PUAL	synthetic_v1	synthetic_v1:root:בסז	1.0	GOLD	SYNTHETIC
SYN-RT-36a257db0a	ב-ס-מ	בסמ	ב	ס	מ			3			False	False	False	False	False	False	False	False	False	False	False	False	False	False	False	False	False	C.C.C	strong	True	False	False	False	False	False	False	False	בסמ	SYN-RG-d2ecb0f819	7	HIFIL|HITPAEL|HUFAL|NIFAL|PAAL|PIEL|PUAL	synthetic_v1	synthetic_v1:root:בסמ	1.0	GOLD	SYNTHETIC
SYN-RT-9cd94e880c	ב-ס-צ	בסצ	ב	ס	צ			3			False	False	False	False	False	False	False	False	False	False	False	False	False	False	False	False	False	C.C.C	strong	True	False	False	False	False	False	False	False	בסצ	SYN-RG-db9feb3807	7	HIFIL|HITPAEL|HUFAL|NIFAL|PAAL|PIEL|PUAL	synthetic_v1	synthetic_v1:root:בסצ	1.0	GOLD	SYNTHETIC
SYN-RT-a586a79430	ב-ס-ר	בסר	ב	ס	ר			3			False	False	False	False	False	False	False	False	False	False	False	False	False	True	False	False	False	C.C.R	strong	True	False	False	False	False	False	False	False	בסר	SYN-RG-ef3af0a3ad	7	HIFIL|HITPAEL|HUFAL|NIFAL|PAAL|PIEL|PUAL	synthetic_v1	synthetic_v1:root:בסר	1.0	GOLD	SYNTHETIC
SYN-RT-21e3cc00b7	ב-ס-ת	בסת	ב	ס	ת			3			False	False	False	False	False	False	False	False	False	False	False	False	False	False	False	False	False	C.C.C	strong	True	False	False	False	False	False	False	False	בסת	SYN-RG-89d2d0af9e	7	HIFIL|HITPAEL|HUFAL|NIFAL|PAAL|PIEL|PUAL	synthetic_v1	synthetic_v1:root:בסת	1.0	GOLD	SYNTHETIC
SYN-RT-8f7f677103	ב-פ-ד	בפד	ב	פ	ד			3			False	False	False	False	False	False	False	False	False	False	False	False	False	False	False	False	False	C.C.C	strong	True	False	False	False	False	False	False	False	בפד	SYN-RG-e900bc96a7	7	HIFIL|HITPAEL|HUFAL|NIFAL|PAAL|PIEL|PUAL	synthetic_v1	synthetic_v1:root:בפד	1.0	GOLD	SYNTHETIC
SYN-RT-442343e94e	ב-צ-ל	בצל	ב	צ	ל			3			False	False	False	False	False	False	False	False	False	False	False	False	False	False	False	False	False	C.C.C	strong	True	False	False	False	False	False	False	False	בצל	SYN-RG-46683c8832	7	HIFIL|HITPAEL|HUFAL|NIFAL|PAAL|PIEL|PUAL	synthetic_v1	synthetic_v1:root:בצל	1.0	GOLD	SYNTHETIC
SYN-RT-9464be8e5d	ב-צ-נ	בצנ	ב	צ	נ			3			False	False	False	False	False	False	False	False	False	False	False	False	False	False	False	False	False	C.C.N	strong	True	False	False	False	False	False	False	False	בצנ	SYN-RG-18d6e9cab0	7	HIFIL|HITPAEL|HUFAL|NIFAL|PAAL|PIEL|PUAL	synthetic_v1	synthetic_v1:root:בצנ	1.0	GOLD	SYNTHETIC
SYN-RT-80122e31aa	ב-צ-ס	בצס	ב	צ	ס			3			False	False	False	False	False	False	False	False	False	False	False	False	False	False	False	False	False	C.C.C	strong	True	False	False	False	False	False	False	False	בצס	SYN-RG-994dcc5f59	7	HIFIL|HITPAEL|HUFAL|NIFAL|PAAL|PIEL|PUAL	synthetic_v1	synthetic_v1:root:בצס	1.0	GOLD	SYNTHETIC
SYN-RT-d4482bf525	ב-צ-ק	בצק	ב	צ	ק			3			False	False	False	False	False	False	False	False	False	False	False	False	False	False	False	False	False	C.C.C	strong	True	False	False	False	False	False	False	False	בצק	SYN-RG-c60a533238	7	HIFIL|HITPAEL|HUFAL|NIFAL|PAAL|PIEL|PUAL	synthetic_v1	synthetic_v1:root:בצק	1.0	GOLD	SYNTHETIC
SYN-RT-d1652d5889	ב-ק-ז	בקז	ב	ק	ז			3			False	False	False	False	False	False	False	False	False	False	False	False	False	False	False	False	False	C.C.C	strong	True	False	False	False	False	False	False	False	בקז	SYN-RG-50d20f6118	7	HIFIL|HITPAEL|HUFAL|NIFAL|PAAL|PIEL|PUAL	synthetic_v1	synthetic_v1:root:בקז	1.0	GOLD	SYNTHETIC
SYN-RT-097927ab01	ב-ק-ט	בקט	ב	ק	ט			3			False	False	False	False	False	False	False	False	False	False	False	False	False	False	False	False	False	C.C.C	strong	True	False	False	False	False	False	False	False	בקט	SYN-RG-4daf2022db	7	HIFIL|HITPAEL|HUFAL|NIFAL|PAAL|PIEL|PUAL	synthetic_v1	synthetic_v1:root:בקט	1.0	GOLD	SYNTHETIC
SYN-RT-77918680b7	ב-ק-כ	בקכ	ב	ק	כ			3			False	False	False	False	False	False	False	False	False	False	False	False	False	False	False	False	False	C.C.C	strong	True	False	False	False	False	False	False	False	בקכ	SYN-RG-cd0f6bfeeb	7	HIFIL|HITPAEL|HUFAL|NIFAL|PAAL|PIEL|PUAL	synthetic_v1	synthetic_v1:root:בקכ	1.0	GOLD	SYNTHETIC
SYN-RT-68b78dc524	ב-ק-מ	בקמ	ב	ק	מ			3			False	False	False	False	False	False	False	False	False	False	False	False	False	False	False	False	False	C.C.C	strong	True	False	False	False	False	False	False	False	בקמ	SYN-RG-e36b811165	7	HIFIL|HITPAEL|HUFAL|NIFAL|PAAL|PIEL|PUAL	synthetic_v1	synthetic_v1:root:בקמ	1.0	GOLD	SYNTHETIC
SYN-RT-6ef21e51be	ב-ק-נ	בקנ	ב	ק	נ			3			False	False	False	False	False	False	False	False	False	False	False	False	False	False	False	False	False	C.C.N	strong	True	False	False	False	False	False	False	False	בקנ	SYN-RG-20c754e849	7	HIFIL|HITPAEL|HUFAL|NIFAL|PAAL|PIEL|PUAL	synthetic_v1	synthetic_v1:root:בקנ	1.0	GOLD	SYNTHETIC
SYN-RT-f480155faa	ב-ק-ת	בקת	ב	ק	ת			3			False	False	False	False	False	False	False	False	False	False	False	False	False	False	False	False	False	C.C.C	strong	True	False	False	False	False	False	False	False	בקת	SYN-RG-486bae101f	7	HIFIL|HITPAEL|HUFAL|NIFAL|PAAL|PIEL|PUAL	synthetic_v1	synthetic_v1:root:בקת	1.0	GOLD	SYNTHETIC
SYN-RT-e9d8dd2990	ב-ר-ג	ברג	ב	ר	ג			3			False	False	False	False	False	False	False	False	False	False	False	False	False	True	False	False	False	C.R.C	strong	True	False	False	False	False	False	False	False	ברג	SYN-RG-d57db6b0cc	7	HIFIL|HITPAEL|HUFAL|NIFAL|PAAL|PIEL|PUAL	synthetic_v1	synthetic_v1:root:ברג	1.0	GOLD	SYNTHETIC
SYN-RT-0ea02317e8	ב-ר-ל	ברל	ב	ר	ל			3			False	False	False	False	False	False	False	False	False	False	False	False	False	True	False	False	False	C.R.C	strong	True	False	False	False	False	False	False	False	ברל	SYN-RG-91d1c585ff	7	HIFIL|HITPAEL|HUFAL|NIFAL|PAAL|PIEL|PUAL	synthetic_v1	synthetic_v1:root:ברל	1.0	GOLD	SYNTHETIC
SYN-RT-170d9483a1	ב-ר-נ	ברנ	ב	ר	נ			3			False	False	False	False	False	False	False	False	False	False	False	False	False	True	False	False	False	C.R.N	strong	True	False	False	False	False	False	False	False	ברנ	SYN-RG-d58cdfd99f	7	HIFIL|HITPAEL|HUFAL|NIFAL|PAAL|PIEL|PUAL	synthetic_v1	synthetic_v1:root:ברנ	1.0	GOLD	SYNTHETIC
SYN-RT-919c3ff989	ב-שׁ-ג	בשׁג	ב	ש	ג			3			False	False	False	False	False	False	False	False	False	False	False	False	False	False	False	False	False	C.C.C	strong	True	False	False	False	False	False	False	False	בשג	SYN-RG-16fdde8cf9	7	HIFIL|HITPAEL|HUFAL|NIFAL|PAAL|PIEL|PUAL	synthetic_v1	synthetic_v1:root:בשׁג	1.0	GOLD	SYNTHETIC
SYN-RT-3851527299	ב-שׁ-ד	בשׁד	ב	ש	ד			3			False	False	False	False	False	False	False	False	False	False	False	False	False	False	False	False	False	C.C.C	strong	True	False	False	False	False	False	False	False	בשד	SYN-RG-29feab87e7	7	HIFIL|HITPAEL|HUFAL|NIFAL|PAAL|PIEL|PUAL	synthetic_v1	synthetic_v1:root:בשׁד	1.0	GOLD	SYNTHETIC
SYN-RT-72cf54c266	ב-שׁ-ת	בשׁת	ב	ש	ת			3			False	False	False	False	False	False	False	False	False	False	False	False	False	False	False	False	False	C.C.C	strong	True	False	False	False	False	False	False	False	בשת	SYN-RG-d821dd1a47	7	HIFIL|HITPAEL|HUFAL|NIFAL|PAAL|PIEL|PUAL	synthetic_v1	synthetic_v1:root:בשׁת	1.0	GOLD	SYNTHETIC
SYN-RT-f41231f894	ב-ת-ג	בתג	ב	ת	ג			3			False	False	False	False	False	False	False	False	False	False	False	False	False	False	False	False	False	C.C.C	strong	True	False	False	False	False	False	False	False	בתג	SYN-RG-f83ed0c69c	7	HIFIL|HITPAEL|HUFAL|NIFAL|PAAL|PIEL|PUAL	synthetic_v1	synthetic_v1:root:בתג	1.0	GOLD	SYNTHETIC
SYN-RT-6ea68ebc5e	ב-ת-מ	בתמ	ב	ת	מ			3			False	False	False	False	False	False	False	False	False	False	False	False	False	False	False	False	False	C.C.C	strong	True	False	False	False	False	False	False	False	בתמ	SYN-RG-d2b279fc1e	7	HIFIL|HITPAEL|HUFAL|NIFAL|PAAL|PIEL|PUAL	synthetic_v1	synthetic_v1:root:בתמ	1.0	GOLD	SYNTHETIC
SYN-RT-f71087fc92	ב-ת-ס	בתס	ב	ת	ס			3			False	False	False	False	False	False	False	False	False	False	False	False	False	False	False	False	False	C.C.C	strong	True	False	False	False	False	False	False	False	בתס	SYN-RG-048514f1ca	7	HIFIL|HITPAEL|HUFAL|NIFAL|PAAL|PIEL|PUAL	synthetic_v1	synthetic_v1:root:בתס	1.0	GOLD	SYNTHETIC
SYN-RT-49dd86518c	ב-ת-פ	בתפ	ב	ת	פ			3			False	False	False	False	False	False	False	False	False	False	False	False	False	False	False	False	False	C.C.C	strong	True	False	False	False	False	False	False	False	בתפ	SYN-RG-2f705b1283	7	HIFIL|HITPAEL|HUFAL|NIFAL|PAAL|PIEL|PUAL	synthetic_v1	synthetic_v1:root:בתפ	1.0	GOLD	SYNTHETIC
SYN-RT-ed3885830d	ב-ת-ק	בתק	ב	ת	ק			3			False	False	False	False	False	False	False	False	False	False	False	False	False	False	False	False	False	C.C.C	strong	True	False	False	False	False	False	False	False	בתק	SYN-RG-8ae8578f04	7	HIFIL|HITPAEL|HUFAL|NIFAL|PAAL|PIEL|PUAL	synthetic_v1	synthetic_v1:root:בתק	1.0	GOLD	SYNTHETIC
SYN-RT-2884f48bc0	ב-ת-ר	בתר	ב	ת	ר			3			False	False	False	False	False	False	False	False	False	False	False	False	False	True	False	False	False	C.C.R	strong	True	False	False	False	False	False	False	False	בתר	SYN-RG-68c3d6407e	7	HIFIL|HITPAEL|HUFAL|NIFAL|PAAL|PIEL|PUAL	synthetic_v1	synthetic_v1:root:בתר	1.0	GOLD	SYNTHETIC
SYN-RT-69abc2e9fb	ג-ב-מ	גבמ	ג	ב	מ			3			False	False	False	False	False	False	False	False	False	False	False	False	False	False	False	False	False	C.C.C	strong	True	False	False	False	False	False	False	False	גבמ	SYN-RG-bbfbe99751	7	HIFIL|HITPAEL|HUFAL|NIFAL|PAAL|PIEL|PUAL	synthetic_v1	synthetic_v1:root:גבמ	1.0	GOLD	SYNTHETIC
SYN-RT-13e583ebc6	ג-ב-נ	גבנ	ג	ב	נ			3			False	False	False	False	False	False	False	False	False	False	False	False	False	False	False	False	False	C.C.N	strong	True	False	False	False	False	False	False	False	גבנ	SYN-RG-3e4b110e88	7	HIFIL|HITPAEL|HUFAL|NIFAL|PAAL|PIEL|PUAL	synthetic_v1	synthetic_v1:root:גבנ	1.0	GOLD	SYNTHETIC
SYN-RT-dd210012dd	ג-ב-ק	גבק	ג	ב	ק			3			False	False	False	False	False	False	False	False	False	False	False	False	False	False	False	False	False	C.C.C	strong	True	False	False	False	False	False	False	False	גבק	SYN-RG-596509680b	7	HIFIL|HITPAEL|HUFAL|NIFAL|PAAL|PIEL|PUAL	synthetic_v1	synthetic_v1:root:גבק	1.0	GOLD	SYNTHETIC
SYN-RT-c6d6132b3a	ג-ב-ר	גבר	ג	ב	ר			3			False	False	False	False	False	False	False	False	False	False	False	False	False	True	False	False	False	C.C.R	strong	True	False	False	False	False	False	False	False	גבר	SYN-RG-d417a7c63f	7	HIFIL|HITPAEL|HUFAL|NIFAL|PAAL|PIEL|PUAL	synthetic_v1	synthetic_v1:root:גבר	1.0	GOLD	SYNTHETIC
SYN-RT-f30e3d7dfd	ג-ד-כ	גדכ	ג	ד	כ			3			False	False	False	False	False	False	False	False	False	False	False	False	False	False	False	False	False	C.C.C	strong	True	False	False	False	False	False	False	False	גדכ	SYN-RG-56cf9cebab	7	HIFIL|HITPAEL|HUFAL|NIFAL|PAAL|PIEL|PUAL	synthetic_v1	synthetic_v1:root:גדכ	1.0	GOLD	SYNTHETIC
SYN-RT-a06a1b8fec	ג-ד-ל	גדל	ג	ד	ל			3			False	False	False	False	False	False	False	False	False	False	False	False	False	False	False	False	False	C.C.C	strong	True	False	False	False	False	False	False	False	גדל	SYN-RG-c7e99cff77	7	HIFIL|HITPAEL|HUFAL|NIFAL|PAAL|PIEL|PUAL	synthetic_v1	synthetic_v1:root:גדל	1.0	GOLD	SYNTHETIC
SYN-RT-af79b54312	ג-ד-מ	גדמ	ג	ד	מ			3			False	False	False	False	False	False	False	False	False	False	False	False	False	False	False	False	False	C.C.C	strong	True	False	False	False	False	False	False	False	גדמ	SYN-RG-0e94abdd35	7	HIFIL|HITPAEL|HUFAL|NIFAL|PAAL|PIEL|PUAL	synthetic_v1	synthetic_v1:root:גדמ	1.0	GOLD	SYNTHETIC
SYN-RT-0fd72b2c44	ג-ד-ס	גדס	ג	ד	ס			3			False	False	False	False	False	False	False	False	False	False	False	False	False	False	False	False	False	C.C.C	strong	True	False	False	False	False	False	False	False	גדס	SYN-RG-b96d57dfbc	7	HIFIL|HITPAEL|HUFAL|NIFAL|PAAL|PIEL|PUAL	synthetic_v1	synthetic_v1:root:גדס	1.0	GOLD	SYNTHETIC
SYN-RT-67728fe9ca	ג-ד-ק	גדק	ג	ד	ק			3			False	False	False	False	False	False	False	False	False	False	False	False	False	False	False	False	False	C.C.C	strong	True	False	False	False	False	False	False	False	גדק	SYN-RG-5279b96dc8	7	HIFIL|HITPAEL|HUFAL|NIFAL|PAAL|PIEL|PUAL	synthetic_v1	synthetic_v1:root:גדק	1.0	GOLD	SYNTHETIC
SYN-RT-39ff04f66b	ג-ד-שׁ	גדשׁ	ג	ד	ש			3			False	False	False	False	False	False	False	False	False	False	False	False	False	False	False	False	False	C.C.C	strong	True	False	False	False	False	False	False	False	גדש	SYN-RG-7fbcb40be5	7	HIFIL|HITPAEL|HUFAL|NIFAL|PAAL|PIEL|PUAL	synthetic_v1	synthetic_v1:root:גדשׁ	1.0	GOLD	SYNTHETIC
SYN-RT-efd5c8ea5e	ג-ז-ד	גזד	ג	ז	ד			3			False	False	False	False	False	False	False	False	False	False	False	False	False	False	False	False	False	C.C.C	strong	True	False	False	False	False	False	False	False	גזד	SYN-RG-2436ddddc3	7	HIFIL|HITPAEL|HUFAL|NIFAL|PAAL|PIEL|PUAL	synthetic_v1	synthetic_v1:root:גזד	1.0	GOLD	SYNTHETIC
SYN-RT-37e20a02b7	ג-ז-ט	גזט	ג	ז	ט			3			False	False	False	False	False	False	False	False	False	False	False	False	False	False	False	False	False	C.C.C	strong	True	False	False	False	False	False	False	False	גזט	SYN-RG-b498c895e5	7	HIFIL|HITPAEL|HUFAL|NIFAL|PAAL|PIEL|PUAL	synthetic_v1	synthetic_v1:root:גזט	1.0	GOLD	SYNTHETIC
SYN-RT-f7388ba19a	ג-ז-ל	גזל	ג	ז	ל			3			False	False	False	False	False	False	False	False	False	False	False	False	False	False	False	False	False	C.C.C	strong	True	False	False	False	False	False	False	False	גזל	SYN-RG-ca32bffe80	7	HIFIL|HITPAEL|HUFAL|NIFAL|PAAL|PIEL|PUAL	synthetic_v1	synthetic_v1:root:גזל	1.0	GOLD	SYNTHETIC
SYN-RT-3cc48cca9e	ג-ז-ס	גזס	ג	ז	ס			3			False	False	False	False	False	False	False	False	False	False	False	False	False	False	False	False	False	C.C.C	strong	True	False	False	False	False	False	False	False	גזס	SYN-RG-2f19ed7c9a	7	HIFIL|HITPAEL|HUFAL|NIFAL|PAAL|PIEL|PUAL	synthetic_v1	synthetic_v1:root:גזס	1.0	GOLD	SYNTHETIC
SYN-RT-b96743db38	ג-ז-פ	גזפ	ג	ז	פ			3			False	False	False	False	False	False	False	False	False	False	False	False	False	False	False	False	False	C.C.C	strong	True	False	False	False	False	False	False	False	גזפ	SYN-RG-8c4fcd4dd8	7	HIFIL|HITPAEL|HUFAL|NIFAL|PAAL|PIEL|PUAL	synthetic_v1	synthetic_v1:root:גזפ	1.0	GOLD	SYNTHETIC
SYN-RT-552f5e6eaf	ג-ז-ק	גזק	ג	ז	ק			3			False	False	False	False	False	False	False	False	False	False	False	False	False	False	False	False	False	C.C.C	strong	True	False	False	False	False	False	False	False	גזק	SYN-RG-4af05013ab	7	HIFIL|HITPAEL|HUFAL|NIFAL|PAAL|PIEL|PUAL	synthetic_v1	synthetic_v1:root:גזק	1.0	GOLD	SYNTHETIC
SYN-RT-03e3e18a59	ג-ט-ל	גטל	ג	ט	ל			3			False	False	False	False	False	False	False	False	False	False	False	False	False	False	False	False	False	C.C.C	strong	True	False	False	False	False	False	False	False	גטל	SYN-RG-f3830a0b79	7	HIFIL|HITPAEL|HUFAL|NIFAL|PAAL|PIEL|PUAL	synthetic_v1	synthetic_v1:root:גטל	1.0	GOLD	SYNTHETIC
SYN-RT-0f0bdf99e0	ג-ט-פ	גטפ	ג	ט	פ			3			False	False	False	False	False	False	False	False	False	False	False	False	False	False	False	False	False	C.C.C	strong	True	False	False	False	False	False	False	False	גטפ	SYN-RG-0f93ee5d34	7	HIFIL|HITPAEL|HUFAL|NIFAL|PAAL|PIEL|PUAL	synthetic_v1	synthetic_v1:root:גטפ	1.0	GOLD	SYNTHETIC
SYN-RT-89c6edc78a	ג-ט-ק	גטק	ג	ט	ק			3			False	False	False	False	False	False	False	False	False	False	False	False	False	False	False	False	False	C.C.C	strong	True	False	False	False	False	False	False	False	גטק	SYN-RG-4a1c3c5007	7	HIFIL|HITPAEL|HUFAL|NIFAL|PAAL|PIEL|PUAL	synthetic_v1	synthetic_v1:root:גטק	1.0	GOLD	SYNTHETIC
SYN-RT-8deab36cfa	ג-כ-נ	גכנ	ג	כ	נ			3			False	False	False	False	False	False	False	False	False	False	False	False	False	False	False	False	False	C.C.N	strong	True	False	False	False	False	False	False	False	גכנ	SYN-RG-6e32f950df	7	HIFIL|HITPAEL|HUFAL|NIFAL|PAAL|PIEL|PUAL	synthetic_v1	synthetic_v1:root:גכנ	1.0	GOLD	SYNTHETIC
SYN-RT-1505d34567	ג-כ-פ	גכפ	ג	כ	פ			3			False	False	False	False	False	False	False	False	False	False	False	False	False	False	False	False	False	C.C.C	strong	True	False	False	False	False	False	False	False	גכפ	SYN-RG-5ddf4a49ee	7	HIFIL|HITPAEL|HUFAL|NIFAL|PAAL|PIEL|PUAL	synthetic_v1	synthetic_v1:root:גכפ	1.0	GOLD	SYNTHETIC
SYN-RT-0f4c902a7f	ג-כ-שׁ	גכשׁ	ג	כ	ש			3			False	False	False	False	False	False	False	False	False	False	False	False	False	False	False	False	False	C.C.C	strong	True	False	False	False	False	False	False	False	גכש	SYN-RG-fceb40a5e5	7	HIFIL|HITPAEL|HUFAL|NIFAL|PAAL|PIEL|PUAL	synthetic_v1	synthetic_v1:root:גכשׁ	1.0	GOLD	SYNTHETIC
SYN-RT-f2c92865be	ג-כ-ת	גכת	ג	כ	ת			3			False	False	False	False	False	False	False	False	False	False	False	False	False	False	False	False	False	C.C.C	strong	True	False	False	False	False	False	False	False	גכת	SYN-RG-5b612db7f2	7	HIFIL|HITPAEL|HUFAL|NIFAL|PAAL|PIEL|PUAL	synthetic_v1	synthetic_v1:root:גכת	1.0	GOLD	SYNTHETIC
SYN-RT-831f48ea0d	ג-ל-ט	גלט	ג	ל	ט			3			False	False	False	False	False	False	False	False	False	False	False	False	False	False	False	False	False	C.C.C	strong	True	False	False	False	False	False	False	False	גלט	SYN-RG-75a62178f0	7	HIFIL|HITPAEL|HUFAL|NIFAL|PAAL|PIEL|PUAL	synthetic_v1	synthetic_v1:root:גלט	1.0	GOLD	SYNTHETIC
SYN-RT-0a43a07e4f	ג-ל-נ	גלנ	ג	ל	נ			3			False	False	False	False	False	False	False	False	False	False	False	False	False	False	False	False	False	C.C.N	strong	True	False	False	False	False	False	False	False	גלנ	SYN-RG-8e2136e81d	7	HIFIL|HITPAEL|HUFAL|NIFAL|PAAL|PIEL|PUAL	synthetic_v1	synthetic_v1:root:גלנ	1.0	GOLD	SYNTHETIC
SYN-RT-d2be54cc0d	ג-ל-פ	גלפ	ג	ל	פ			3			False	False	False	False	False	False	False	False	False	False	False	False	False	False	False	False	False	C.C.C	strong	True	False	False	False	False	False	False	False	גלפ	SYN-RG-4ec67261db	7	HIFIL|HITPAEL|HUFAL|NIFAL|PAAL|PIEL|PUAL	synthetic_v1	synthetic_v1:root:גלפ	1.0	GOLD	SYNTHETIC
SYN-RT-5f10616bcc	ג-מ-ד	גמד	ג	מ	ד			3			False	False	False	False	False	False	False	False	False	False	False	False	False	False	False	False	False	C.C.C	strong	True	False	False	False	False	False	False	False	גמד	SYN-RG-0da5083513	7	HIFIL|HITPAEL|HUFAL|NIFAL|PAAL|PIEL|PUAL	synthetic_v1	synthetic_v1:root:גמד	1.0	GOLD	SYNTHETIC
SYN-RT-b11de191b8	ג-מ-ז	גמז	ג	מ	ז			3			False	False	False	False	False	False	False	False	False	False	False	False	False	False	False	False	False	C.C.C	strong	True	False	False	False	False	False	False	False	גמז	SYN-RG-be2e170116	7	HIFIL|HITPAEL|HUFAL|NIFAL|PAAL|PIEL|PUAL	synthetic_v1	synthetic_v1:root:גמז	1.0	GOLD	SYNTHETIC
SYN-RT-00adfbe9d4	ג-מ-כ	גמכ	ג	מ	כ			3			False	False	False	False	False	False	False	False	False	False	False	False	False	False	False	False	False	C.C.C	strong	True	False	False	False	False	False	False	False	גמכ	SYN-RG-173445f228	7	HIFIL|HITPAEL|HUFAL|NIFAL|PAAL|PIEL|PUAL	synthetic_v1	synthetic_v1:root:גמכ	1.0	GOLD	SYNTHETIC
SYN-RT-6aac933af6	ג-מ-ס	גמס	ג	מ	ס			3			False	False	False	False	False	False	False	False	False	False	False	False	False	False	False	False	False	C.C.C	strong	True	False	False	False	False	False	False	False	גמס	SYN-RG-d9a4a4bfc8	7	HIFIL|HITPAEL|HUFAL|NIFAL|PAAL|PIEL|PUAL	synthetic_v1	synthetic_v1:root:גמס	1.0	GOLD	SYNTHETIC
SYN-RT-c4a861a244	ג-מ-ר	גמר	ג	מ	ר			3			False	False	False	False	False	False	False	False	False	False	False	False	False	True	False	False	False	C.C.R	strong	True	False	False	False	False	False	False	False	גמר	SYN-RG-dcbb8b3392	7	HIFIL|HITPAEL|HUFAL|NIFAL|PAAL|PIEL|PUAL	synthetic_v1	synthetic_v1:root:גמר	1.0	GOLD	SYNTHETIC
SYN-RT-6c9f7c3800	ג-נ-ד	גנד	ג	נ	ד			3			False	False	False	False	False	False	False	False	False	False	False	False	False	False	False	False	False	C.N.C	strong	True	False	False	False	False	False	False	False	גנד	SYN-RG-b0c6f63e4b	7	HIFIL|HITPAEL|HUFAL|NIFAL|PAAL|PIEL|PUAL	synthetic_v1	synthetic_v1:root:גנד	1.0	GOLD	SYNTHETIC
SYN-RT-250163e289	ג-נ-ט	גנט	ג	נ	ט			3			False	False	False	False	False	False	False	False	False	False	False	False	False	False	False	False	False	C.N.C	strong	True	False	False	False	False	False	False	False	גנט	SYN-RG-b291473859	7	HIFIL|HITPAEL|HUFAL|NIFAL|PAAL|PIEL|PUAL	synthetic_v1	synthetic_v1:root:גנט	1.0	GOLD	SYNTHETIC
SYN-RT-cd962dce2e	ג-נ-כ	גנכ	ג	נ	כ			3			False	False	False	False	False	False	False	False	False	False	False	False	False	False	False	False	False	C.N.C	strong	True	False	False	False	False	False	False	False	גנכ	SYN-RG-d67055c31a	7	HIFIL|HITPAEL|HUFAL|NIFAL|PAAL|PIEL|PUAL	synthetic_v1	synthetic_v1:root:גנכ	1.0	GOLD	SYNTHETIC
SYN-RT-3a4eb674a2	ג-נ-מ	גנמ	ג	נ	מ			3			False	False	False	False	False	False	False	False	False	False	False	False	False	False	False	False	False	C.N.C	strong	True	False	False	False	False	False	False	False	גנמ	SYN-RG-ec755c44a7	7	HIFIL|HITPAEL|HUFAL|NIFAL|PAAL|PIEL|PUAL	synthetic_v1	synthetic_v1:root:גנמ	1.0	GOLD	SYNTHETIC
SYN-RT-9bac6e507f	ג-נ-ס	גנס	ג	נ	ס			3			False	False	False	False	False	False	False	False	False	False	False	False	False	False	False	False	False	C.N.C	strong	True	False	False	False	False	False	False	False	גנס	SYN-RG-5797bb9212	7	HIFIL|HITPAEL|HUFAL|NIFAL|PAAL|PIEL|PUAL	synthetic_v1	synthetic_v1:root:גנס	1.0	GOLD	SYNTHETIC
SYN-RT-88da2a872f	ג-נ-פ	גנפ	ג	נ	פ			3			False	False	False	False	False	False	False	False	False	False	False	False	False	False	False	False	False	C.N.C	strong	True	False	False	False	False	False	False	False	גנפ	SYN-RG-809356b8e2	7	HIFIL|HITPAEL|HUFAL|NIFAL|PAAL|PIEL|PUAL	synthetic_v1	synthetic_v1:root:גנפ	1.0	GOLD	SYNTHETIC
SYN-RT-ec9b3f32b9	ג-נ-שׁ	גנשׁ	ג	נ	ש			3			False	False	False	False	False	False	False	False	False	False	False	False	False	False	False	False	False	C.N.C	strong	True	False	False	False	False	False	False	False	גנש	SYN-RG-71e5ef24d4	7	HIFIL|HITPAEL|HUFAL|NIFAL|PAAL|PIEL|PUAL	synthetic_v1	synthetic_v1:root:גנשׁ	1.0	GOLD	SYNTHETIC
SYN-RT-2004a7c1d8	ג-ס-נ	גסנ	ג	ס	נ			3			False	False	False	False	False	False	False	False	False	False	False	False	False	False	False	False	False	C.C.N	strong	True	False	False	False	False	False	False	False	גסנ	SYN-RG-cc213e27a9	7	HIFIL|HITPAEL|HUFAL|NIFAL|PAAL|PIEL|PUAL	synthetic_v1	synthetic_v1:root:גסנ	1.0	GOLD	SYNTHETIC
SYN-RT-633fb56182	ג-ס-פ	גספ	ג	ס	פ			3			False	False	False	False	False	False	False	False	False	False	False	False	False	False	False	False	False	C.C.C	strong	True	False	False	False	False	False	False	False	גספ	SYN-RG-0fed8646aa	7	HIFIL|HITPAEL|HUFAL|NIFAL|PAAL|PIEL|PUAL	synthetic_v1	synthetic_v1:root:גספ	1.0	GOLD	SYNTHETIC
SYN-RT-49f57f5e83	ג-ס-צ	גסצ	ג	ס	צ			3			False	False	False	False	False	False	False	False	False	False	False	False	False	False	False	False	False	C.C.C	strong	True	False	False	False	False	False	False	False	גסצ	SYN-RG-6f0f91dd9b	7	HIFIL|HITPAEL|HUFAL|NIFAL|PAAL|PIEL|PUAL	synthetic_v1	synthetic_v1:root:גסצ	1.0	GOLD	SYNTHETIC
SYN-RT-386d549abd	ג-ס-ת	גסת	ג	ס	ת			3			False	False	False	False	False	False	False	False	False	False	False	False	False	False	False	False	False	C.C.C	strong	True	False	False	False	False	False	False	False	גסת	SYN-RG-75f2f82c57	7	HIFIL|HITPAEL|HUFAL|NIFAL|PAAL|PIEL|PUAL	synthetic_v1	synthetic_v1:root:גסת	1.0	GOLD	SYNTHETIC
SYN-RT-f5555ed5ae	ג-פ-ק	גפק	ג	פ	ק			3			False	False	False	False	False	False	False	False	False	False	False	False	False	False	False	False	False	C.C.C	strong	True	False	False	False	False	False	False	False	גפק	SYN-RG-840dafb905	7	HIFIL|HITPAEL|HUFAL|NIFAL|PAAL|PIEL|PUAL	synthetic_v1	synthetic_v1:root:גפק	1.0	GOLD	SYNTHETIC
SYN-RT-5766238360	ג-פ-ר	גפר	ג	פ	ר			3			False	False	False	False	False	False	False	False	False	False	False	False	False	True	False	False	False	C.C.R	strong	True	False	False	False	False	False	False	False	גפר	SYN-RG-570a7cc007	7	HIFIL|HITPAEL|HUFAL|NIFAL|PAAL|PIEL|PUAL	synthetic_v1	synthetic_v1:root:גפר	1.0	GOLD	SYNTHETIC
SYN-RT-c5b203d826	ג-פ-שׁ	גפשׁ	ג	פ	ש			3			False	False	False	False	False	False	False	False	False	False	False	False	False	False	False	False	False	C.C.C	strong	True	False	False	False	False	False	False	False	גפש	SYN-RG-037e4bc173	7	HIFIL|HITPAEL|HUFAL|NIFAL|PAAL|PIEL|PUAL	synthetic_v1	synthetic_v1:root:גפשׁ	1.0	GOLD	SYNTHETIC
SYN-RT-52b719f6b1	ג-צ-ט	גצט	ג	צ	ט			3			False	False	False	False	False	False	False	False	False	False	False	False	False	False	False	False	False	C.C.C	strong	True	False	False	False	False	False	False	False	גצט	SYN-RG-b2d2213c48	7	HIFIL|HITPAEL|HUFAL|NIFAL|PAAL|PIEL|PUAL	synthetic_v1	synthetic_v1:root:גצט	1.0	GOLD	SYNTHETIC
SYN-RT-4999286564	ג-צ-ת	גצת	ג	צ	ת			3			False	False	False	False	False	False	False	False	False	False	False	False	False	False	False	False	False	C.C.C	strong	True	False	False	False	False	False	False	False	גצת	SYN-RG-764a154077	7	HIFIL|HITPAEL|HUFAL|NIFAL|PAAL|PIEL|PUAL	synthetic_v1	synthetic_v1:root:גצת	1.0	GOLD	SYNTHETIC
SYN-RT-a8b04f1268	ג-ק-נ	גקנ	ג	ק	נ			3			False	False	False	False	False	False	False	False	False	False	False	False	False	False	False	False	False	C.C.N	strong	True	False	False	False	False	False	False	False	גקנ	SYN-RG-b48ef0bdeb	7	HIFIL|HITPAEL|HUFAL|NIFAL|PAAL|PIEL|PUAL	synthetic_v1	synthetic_v1:root:גקנ	1.0	GOLD	SYNTHETIC
SYN-RT-ca7be1b862	ג-ק-צ	גקצ	ג	ק	צ			3			False	False	False	False	False	False	False	False	False	False	False	False	False	False	False	False	False	C.C.C	strong	True	False	False	False	False	False	False	False	גקצ	SYN-RG-a4929d509a	7	HIFIL|HITPAEL|HUFAL|NIFAL|PAAL|PIEL|PUAL	synthetic_v1	synthetic_v1:root:גקצ	1.0	GOLD	SYNTHETIC
SYN-RT-fbb530c4ff	ג-ר-כ	גרכ	ג	ר	כ			3			False	False	False	False	False	False	False	False	False	False	False	False	False	True	False	False	False	C.R.C	strong	True	False	False	False	False	False	False	False	גרכ	SYN-RG-86c1f3213d	7	HIFIL|HITPAEL|HUFAL|NIFAL|PAAL|PIEL|PUAL	synthetic_v1	synthetic_v1:root:גרכ	1.0	GOLD	SYNTHETIC
SYN-RT-777d659267	ג-ר-מ	גרמ	ג	ר	מ			3			False	False	False	False	False	False	False	False	False	False	False	False	False	True	False	False	False	C.R.C	strong	True	False	False	False	False	False	False	False	גרמ	SYN-RG-16d1f529a9	7	HIFIL|HITPAEL|HUFAL|NIFAL|PAAL|PIEL|PUAL	synthetic_v1	synthetic_v1:root:גרמ	1.0	GOLD	SYNTHETIC
SYN-RT-0bd4814f6f	ג-ר-ס	גרס	ג	ר	ס			3			False	False	False	False	False	False	False	False	False	False	False	False	False	True	False	False	False	C.R.C	strong	True	False	False	False	False	False	False	False	גרס	SYN-RG-2cf81e1720	7	HIFIL|HITPAEL|HUFAL|NIFAL|PAAL|PIEL|PUAL	synthetic_v1	synthetic_v1:root:גרס	1.0	GOLD	SYNTHETIC
SYN-RT-60fd7c5040	ג-שׁ-ב	גשׁב	ג	ש	ב			3			False	False	False	False	False	False	False	False	False	False	False	False	False	False	False	False	False	C.C.C	strong	True	False	False	False	False	False	False	False	גשב	SYN-RG-a50ccd8341	7	HIFIL|HITPAEL|HUFAL|NIFAL|PAAL|PIEL|PUAL	synthetic_v1	synthetic_v1:root:גשׁב	1.0	GOLD	SYNTHETIC
SYN-RT-24384b496e	ג-שׁ-ז	גשׁז	ג	ש	ז			3			False	False	False	False	False	False	False	False	False	False	False	False	False	False	False	False	False	C.C.C	strong	True	False	False	False	False	False	False	False	גשז	SYN-RG-a2a49d57ce	7	HIFIL|HITPAEL|HUFAL|NIFAL|PAAL|PIEL|PUAL	synthetic_v1	synthetic_v1:root:גשׁז	1.0	GOLD	SYNTHETIC
SYN-RT-eedd9cd697	ג-שׁ-ס	גשׁס	ג	ש	ס			3			False	False	False	False	False	False	False	False	False	False	False	False	False	False	False	False	False	C.C.C	strong	True	False	False	False	False	False	False	False	גשס	SYN-RG-308f742e56	7	HIFIL|HITPAEL|HUFAL|NIFAL|PAAL|PIEL|PUAL	synthetic_v1	synthetic_v1:root:גשׁס	1.0	GOLD	SYNTHETIC
SYN-RT-210c6585ca	ג-שׁ-פ	גשׁפ	ג	ש	פ			3			False	False	False	False	False	False	False	False	False	False	False	False	False	False	False	False	False	C.C.C	strong	True	False	False	False	False	False	False	False	גשפ	SYN-RG-1ad5f937a3	7	HIFIL|HITPAEL|HUFAL|NIFAL|PAAL|PIEL|PUAL	synthetic_v1	synthetic_v1:root:גשׁפ	1.0	GOLD	SYNTHETIC
SYN-RT-6eac523de2	ג-שׁ-ר	גשׁר	ג	ש	ר			3			False	False	False	False	False	False	False	False	False	False	False	False	False	True	False	False	False	C.C.R	strong	True	False	False	False	False	False	False	False	גשר	SYN-RG-0b473d9f38	7	HIFIL|HITPAEL|HUFAL|NIFAL|PAAL|PIEL|PUAL	synthetic_v1	synthetic_v1:root:גשׁר	1.0	GOLD	SYNTHETIC
SYN-RT-39cdee13e5	ג-ת-ב	גתב	ג	ת	ב			3			False	False	False	False	False	False	False	False	False	False	False	False	False	False	False	False	False	C.C.C	strong	True	False	False	False	False	False	False	False	גתב	SYN-RG-58dc2397ae	7	HIFIL|HITPAEL|HUFAL|NIFAL|PAAL|PIEL|PUAL	synthetic_v1	synthetic_v1:root:גתב	1.0	GOLD	SYNTHETIC
SYN-RT-89ea2f8b0b	ג-ת-מ	גתמ	ג	ת	מ			3			False	False	False	False	False	False	False	False	False	False	False	False	False	False	False	False	False	C.C.C	strong	True	False	False	False	False	False	False	False	גתמ	SYN-RG-7e45a248d4	7	HIFIL|HITPAEL|HUFAL|NIFAL|PAAL|PIEL|PUAL	synthetic_v1	synthetic_v1:root:גתמ	1.0	GOLD	SYNTHETIC
SYN-RT-120dba999f	ג-ת-צ	גתצ	ג	ת	צ			3			False	False	False	False	False	False	False	False	False	False	False	False	False	False	False	False	False	C.C.C	strong	True	False	False	False	False	False	False	False	גתצ	SYN-RG-f172a6e0a5	7	HIFIL|HITPAEL|HUFAL|NIFAL|PAAL|PIEL|PUAL	synthetic_v1	synthetic_v1:root:גתצ	1.0	GOLD	SYNTHETIC
SYN-RT-1788e632bd	ד-ב-ג	דבג	ד	ב	ג			3			False	False	False	False	False	False	False	False	False	False	False	False	False	False	False	False	False	C.C.C	strong	True	False	False	False	False	False	False	False	דבג	SYN-RG-21be1b9345	7	HIFIL|HITPAEL|HUFAL|NIFAL|PAAL|PIEL|PUAL	synthetic_v1	synthetic_v1:root:דבג	1.0	GOLD	SYNTHETIC
SYN-RT-7ea8712656	ד-ב-ז	דבז	ד	ב	ז			3			False	False	False	False	False	False	False	False	False	False	False	False	False	False	False	False	False	C.C.C	strong	True	False	False	False	False	False	False	False	דבז	SYN-RG-2475df0d02	7	HIFIL|HITPAEL|HUFAL|NIFAL|PAAL|PIEL|PUAL	synthetic_v1	synthetic_v1:root:דבז	1.0	GOLD	SYNTHETIC
SYN-RT-d02501358f	ד-ב-ט	דבט	ד	ב	ט			3			False	False	False	False	False	False	False	False	False	False	False	False	False	False	False	False	False	C.C.C	strong	True	False	False	False	False	False	False	False	דבט	SYN-RG-cac71e7220	7	HIFIL|HITPAEL|HUFAL|NIFAL|PAAL|PIEL|PUAL	synthetic_v1	synthetic_v1:root:דבט	1.0	GOLD	SYNTHETIC
SYN-RT-ae7932b5c3	ד-ב-ס	דבס	ד	ב	ס			3			False	False	False	False	False	False	False	False	False	False	False	False	False	False	False	False	False	C.C.C	strong	True	False	False	False	False	False	False	False	דבס	SYN-RG-2e4df562d7	7	HIFIL|HITPAEL|HUFAL|NIFAL|PAAL|PIEL|PUAL	synthetic_v1	synthetic_v1:root:דבס	1.0	GOLD	SYNTHETIC
SYN-RT-3c9d563884	ד-ב-שׁ	דבשׁ	ד	ב	ש			3			False	False	False	False	False	False	False	False	False	False	False	False	False	False	False	False	False	C.C.C	strong	True	False	False	False	False	False	False	False	דבש	SYN-RG-8f297e0f06	7	HIFIL|HITPAEL|HUFAL|NIFAL|PAAL|PIEL|PUAL	synthetic_v1	synthetic_v1:root:דבשׁ	1.0	GOLD	SYNTHETIC
SYN-RT-b4ccccff46	ד-ג-ז	דגז	ד	ג	ז			3			False	False	False	False	False	False	False	False	False	False	False	False	False	False	False	False	False	C.C.C	strong	True	False	False	False	False	False	False	False	דגז	SYN-RG-e0b01b96dc	7	HIFIL|HITPAEL|HUFAL|NIFAL|PAAL|PIEL|PUAL	synthetic_v1	synthetic_v1:root:דגז	1.0	GOLD	SYNTHETIC
SYN-RT-986636d719	ד-ג-ט	דגט	ד	ג	ט			3			False	False	False	False	False	False	False	False	False	False	False	False	False	False	False	False	False	C.C.C	strong	True	False	False	False	False	False	False	False	דגט	SYN-RG-7c22d5946c	7	HIFIL|HITPAEL|HUFAL|NIFAL|PAAL|PIEL|PUAL	synthetic_v1	synthetic_v1:root:דגט	1.0	GOLD	SYNTHETIC
SYN-RT-e350cf02fd	ד-ג-נ	דגנ	ד	ג	נ			3			False	False	False	False	False	False	False	False	False	False	False	False	False	False	False	False	False	C.C.N	strong	True	False	False	False	False	False	False	False	דגנ	SYN-RG-40d090a1f3	7	HIFIL|HITPAEL|HUFAL|NIFAL|PAAL|PIEL|PUAL	synthetic_v1	synthetic_v1:root:דגנ	1.0	GOLD	SYNTHETIC
SYN-RT-f481506c98	ד-ג-ס	דגס	ד	ג	ס			3			False	False	False	False	False	False	False	False	False	False	False	False	False	False	False	False	False	C.C.C	strong	True	False	False	False	False	False	False	False	דגס	SYN-RG-8579a1b3b7	7	HIFIL|HITPAEL|HUFAL|NIFAL|PAAL|PIEL|PUAL	synthetic_v1	synthetic_v1:root:דגס	1.0	GOLD	SYNTHETIC
SYN-RT-2c91e8df58	ד-ג-פ	דגפ	ד	ג	פ			3			False	False	False	False	False	False	False	False	False	False	False	False	False	False	False	False	False	C.C.C	strong	True	False	False	False	False	False	False	False	דגפ	SYN-RG-207b3a44d9	7	HIFIL|HITPAEL|HUFAL|NIFAL|PAAL|PIEL|PUAL	synthetic_v1	synthetic_v1:root:דגפ	1.0	GOLD	SYNTHETIC
SYN-RT-5d338b1c85	ד-ג-צ	דגצ	ד	ג	צ			3			False	False	False	False	False	False	False	False	False	False	False	False	False	False	False	False	False	C.C.C	strong	True	False	False	False	False	False	False	False	דגצ	SYN-RG-160b58b86d	7	HIFIL|HITPAEL|HUFAL|NIFAL|PAAL|PIEL|PUAL	synthetic_v1	synthetic_v1:root:דגצ	1.0	GOLD	SYNTHETIC
SYN-RT-ad94ddbf9b	ד-ג-שׁ	דגשׁ	ד	ג	ש			3			False	False	False	False	False	False	False	False	False	False	False	False	False	False	False	False	False	C.C.C	strong	True	False	False	False	False	False	False	False	דגש	SYN-RG-65c3c53d57	7	HIFIL|HITPAEL|HUFAL|NIFAL|PAAL|PIEL|PUAL	synthetic_v1	synthetic_v1:root:דגשׁ	1.0	GOLD	SYNTHETIC
SYN-RT-93c87612c1	ד-ג-ת	דגת	ד	ג	ת			3			False	False	False	False	False	False	False	False	False	False	False	False	False	False	False	False	False	C.C.C	strong	True	False	False	False	False	False	False	False	דגת	SYN-RG-ab92b9255b	7	HIFIL|HITPAEL|HUFAL|NIFAL|PAAL|PIEL|PUAL	synthetic_v1	synthetic_v1:root:דגת	1.0	GOLD	SYNTHETIC
SYN-RT-6ca2252674	ד-ז-ט	דזט	ד	ז	ט			3			False	False	False	False	False	False	False	False	False	False	False	False	False	False	False	False	False	C.C.C	strong	True	False	False	False	False	False	False	False	דזט	SYN-RG-8d10f58c65	7	HIFIL|HITPAEL|HUFAL|NIFAL|PAAL|PIEL|PUAL	synthetic_v1	synthetic_v1:root:דזט	1.0	GOLD	SYNTHETIC
SYN-RT-c38bccec2b	ד-ז-ל	דזל	ד	ז	ל			3			False	False	False	False	False	False	False	False	False	False	False	False	False	False	False	False	False	C.C.C	strong	True	False	False	False	False	False	False	False	דזל	SYN-RG-b212493080	7	HIFIL|HITPAEL|HUFAL|NIFAL|PAAL|PIEL|PUAL	synthetic_v1	synthetic_v1:root:דזל	1.0	GOLD	SYNTHETIC
SYN-RT-e43c137b50	ד-ז-נ	דזנ	ד	ז	נ			3			False	False	False	False	False	False	False	False	False	False	False	False	False	False	False	False	False	C.C.N	strong	True	False	False	False	False	False	False	False	דזנ	SYN-RG-0f5727f247	7	HIFIL|HITPAEL|HUFAL|NIFAL|PAAL|PIEL|PUAL	synthetic_v1	synthetic_v1:root:דזנ	1.0	GOLD	SYNTHETIC
SYN-RT-ced2a5596a	ד-ט-ל	דטל	ד	ט	ל			3			False	False	False	False	False	False	False	False	False	False	False	False	False	False	False	False	False	C.C.C	strong	True	False	False	False	False	False	False	False	דטל	SYN-RG-57d4042251	7	HIFIL|HITPAEL|HUFAL|NIFAL|PAAL|PIEL|PUAL	synthetic_v1	synthetic_v1:root:דטל	1.0	GOLD	SYNTHETIC
SYN-RT-b44b56b823	ד-ט-מ	דטמ	ד	ט	מ			3			False	False	False	False	False	False	False	False	False	False	False	False	False	False	False	False	False	C.C.C	strong	True	False	False	False	False	False	False	False	דטמ	SYN-RG-bfef240725	7	HIFIL|HITPAEL|HUFAL|NIFAL|PAAL|PIEL|PUAL	synthetic_v1	synthetic_v1:root:דטמ	1.0	GOLD	SYNTHETIC
SYN-RT-908b87f998	ד-ט-נ	דטנ	ד	ט	נ			3			False	False	False	False	False	False	False	False	False	False	False	False	False	False	False	False	False	C.C.N	strong	True	False	False	False	False	False	False	False	דטנ	SYN-RG-6e6f6b73bd	7	HIFIL|HITPAEL|HUFAL|NIFAL|PAAL|PIEL|PUAL	synthetic_v1	synthetic_v1:root:דטנ	1.0	GOLD	SYNTHETIC
SYN-RT-7eeccf02cb	ד-ט-שׁ	דטשׁ	ד	ט	ש			3			False	False	False	False	False	False	False	False	False	False	False	False	False	False	False	False	False	C.C.C	strong	True	False	False	False	False	False	False	False	דטש	SYN-RG-ea9685da9b	7	HIFIL|HITPAEL|HUFAL|NIFAL|PAAL|PIEL|PUAL	synthetic_v1	synthetic_v1:root:דטשׁ	1.0	GOLD	SYNTHETIC
SYN-RT-b369dd789f	ד-ט-ת	דטת	ד	ט	ת			3			False	False	False	False	False	False	False	False	False	False	False	False	False	False	False	False	False	C.C.C	strong	True	False	False	False	False	False	False	False	דטת	SYN-RG-f3cfd9f22e	7	HIFIL|HITPAEL|HUFAL|NIFAL|PAAL|PIEL|PUAL	synthetic_v1	synthetic_v1:root:דטת	1.0	GOLD	SYNTHETIC
SYN-RT-34b42f2358	ד-כ-ג	דכג	ד	כ	ג			3			False	False	False	False	False	False	False	False	False	False	False	False	False	False	False	False	False	C.C.C	strong	True	False	False	False	False	False	False	False	דכג	SYN-RG-58aec9d9ac	7	HIFIL|HITPAEL|HUFAL|NIFAL|PAAL|PIEL|PUAL	synthetic_v1	synthetic_v1:root:דכג	1.0	GOLD	SYNTHETIC
SYN-RT-caa8ed48b9	ד-כ-נ	דכנ	ד	כ	נ			3			False	False	False	False	False	False	False	False	False	False	False	False	False	False	False	False	False	C.C.N	strong	True	False	False	False	False	False	False	False	דכנ	SYN-RG-337d7a6c7c	7	HIFIL|HITPAEL|HUFAL|NIFAL|PAAL|PIEL|PUAL	synthetic_v1	synthetic_v1:root:דכנ	1.0	GOLD	SYNTHETIC
SYN-RT-3100bdd473	ד-כ-ס	דכס	ד	כ	ס			3			False	False	False	False	False	False	False	False	False	False	False	False	False	False	False	False	False	C.C.C	strong	True	False	False	False	False	False	False	False	דכס	SYN-RG-3001a9e4ec	7	HIFIL|HITPAEL|HUFAL|NIFAL|PAAL|PIEL|PUAL	synthetic_v1	synthetic_v1:root:דכס	1.0	GOLD	SYNTHETIC
SYN-RT-71e5688547	ד-כ-ק	דכק	ד	כ	ק			3			False	False	False	False	False	False	False	False	False	False	False	False	False	False	False	False	False	C.C.C	strong	True	False	False	False	False	False	False	False	דכק	SYN-RG-90f3a3b052	7	HIFIL|HITPAEL|HUFAL|NIFAL|PAAL|PIEL|PUAL	synthetic_v1	synthetic_v1:root:דכק	1.0	GOLD	SYNTHETIC
SYN-RT-f370baf6b2	ד-כ-ת	דכת	ד	כ	ת			3			False	False	False	False	False	False	False	False	False	False	False	False	False	False	False	False	False	C.C.C	strong	True	False	False	False	False	False	False	False	דכת	SYN-RG-6883d6def6	7	HIFIL|HITPAEL|HUFAL|NIFAL|PAAL|PIEL|PUAL	synthetic_v1	synthetic_v1:root:דכת	1.0	GOLD	SYNTHETIC
SYN-RT-1b040feed8	ד-ל-פ	דלפ	ד	ל	פ			3			False	False	False	False	False	False	False	False	False	False	False	False	False	False	False	False	False	C.C.C	strong	True	False	False	False	False	False	False	False	דלפ	SYN-RG-f665ff1d91	7	HIFIL|HITPAEL|HUFAL|NIFAL|PAAL|PIEL|PUAL	synthetic_v1	synthetic_v1:root:דלפ	1.0	GOLD	SYNTHETIC
SYN-RT-afcb3d185c	ד-ל-ת	דלת	ד	ל	ת			3			False	False	False	False	False	False	False	False	False	False	False	False	False	False	False	False	False	C.C.C	strong	True	False	False	False	False	False	False	False	דלת	SYN-RG-90146042a2	7	HIFIL|HITPAEL|HUFAL|NIFAL|PAAL|PIEL|PUAL	synthetic_v1	synthetic_v1:root:דלת	1.0	GOLD	SYNTHETIC
SYN-RT-739627855e	ד-מ-ב	דמב	ד	מ	ב			3			False	False	False	False	False	False	False	False	False	False	False	False	False	False	False	False	False	C.C.C	strong	True	False	False	False	False	False	False	False	דמב	SYN-RG-ec819654a6	7	HIFIL|HITPAEL|HUFAL|NIFAL|PAAL|PIEL|PUAL	synthetic_v1	synthetic_v1:root:דמב	1.0	GOLD	SYNTHETIC
SYN-RT-6c90520c72	ד-מ-ז	דמז	ד	מ	ז			3			False	False	False	False	False	False	False	False	False	False	False	False	False	False	False	False	False	C.C.C	strong	True	False	False	False	False	False	False	False	דמז	SYN-RG-c6a1d9af1c	7	HIFIL|HITPAEL|HUFAL|NIFAL|PAAL|PIEL|PUAL	synthetic_v1	synthetic_v1:root:דמז	1.0	GOLD	SYNTHETIC
SYN-RT-63ab24aa2c	ד-מ-ל	דמל	ד	מ	ל			3			False	False	False	False	False	False	False	False	False	False	False	False	False	False	False	False	False	C.C.C	strong	True	False	False	False	False	False	False	False	דמל	SYN-RG-1ce4b43b4c	7	HIFIL|HITPAEL|HUFAL|NIFAL|PAAL|PIEL|PUAL	synthetic_v1	synthetic_v1:root:דמל	1.0	GOLD	SYNTHETIC
SYN-RT-66044bba4b	ד-מ-פ	דמפ	ד	מ	פ			3			False	False	False	False	False	False	False	False	False	False	False	False	False	False	False	False	False	C.C.C	strong	True	False	False	False	False	False	False	False	דמפ	SYN-RG-32e2665777	7	HIFIL|HITPAEL|HUFAL|NIFAL|PAAL|PIEL|PUAL	synthetic_v1	synthetic_v1:root:דמפ	1.0	GOLD	SYNTHETIC
SYN-RT-a7bcd82a09	ד-מ-ר	דמר	ד	מ	ר			3			False	False	False	False	False	False	False	False	False	False	False	False	False	True	False	False	False	C.C.R	strong	True	False	False	False	False	False	False	False	דמר	SYN-RG-3825cb8b4e	7	HIFIL|HITPAEL|HUFAL|NIFAL|PAAL|PIEL|PUAL	synthetic_v1	synthetic_v1:root:דמר	1.0	GOLD	SYNTHETIC
SYN-RT-1d41ee8fe3	ד-מ-ת	דמת	ד	מ	ת			3			False	False	False	False	False	False	False	False	False	False	False	False	False	False	False	False	False	C.C.C	strong	True	False	False	False	False	False	False	False	דמת	SYN-RG-7ff73f6a5e	7	HIFIL|HITPAEL|HUFAL|NIFAL|PAAL|PIEL|PUAL	synthetic_v1	synthetic_v1:root:דמת	1.0	GOLD	SYNTHETIC
SYN-RT-7a4f477837	ד-נ-ג	דנג	ד	נ	ג			3			False	False	False	False	False	False	False	False	False	False	False	False	False	False	False	False	False	C.N.C	strong	True	False	False	False	False	False	False	False	דנג	SYN-RG-acc11837e5	7	HIFIL|HITPAEL|HUFAL|NIFAL|PAAL|PIEL|PUAL	synthetic_v1	synthetic_v1:root:דנג	1.0	GOLD	SYNTHETIC
SYN-RT-7ef3ec2129	ד-נ-ל	דנל	ד	נ	ל			3			False	False	False	False	False	False	False	False	False	False	False	False	False	False	False	False	False	C.N.C	strong	True	False	False	False	False	False	False	False	דנל	SYN-RG-38358eddc0	7	HIFIL|HITPAEL|HUFAL|NIFAL|PAAL|PIEL|PUAL	synthetic_v1	synthetic_v1:root:דנל	1.0	GOLD	SYNTHETIC
SYN-RT-7214f04079	ד-נ-מ	דנמ	ד	נ	מ			3			False	False	False	False	False	False	False	False	False	False	False	False	False	False	False	False	False	C.N.C	strong	True	False	False	False	False	False	False	False	דנמ	SYN-RG-dd5e368a63	7	HIFIL|HITPAEL|HUFAL|NIFAL|PAAL|PIEL|PUAL	synthetic_v1	synthetic_v1:root:דנמ	1.0	GOLD	SYNTHETIC
SYN-RT-4c86bebfce	ד-נ-ק	דנק	ד	נ	ק			3			False	False	False	False	False	False	False	False	False	False	False	False	False	False	False	False	False	C.N.C	strong	True	False	False	False	False	False	False	False	דנק	SYN-RG-cb36c724ea	7	HIFIL|HITPAEL|HUFAL|NIFAL|PAAL|PIEL|PUAL	synthetic_v1	synthetic_v1:root:דנק	1.0	GOLD	SYNTHETIC
SYN-RT-f33608a133	ד-ס-ז	דסז	ד	ס	ז			3			False	False	False	False	False	False	False	False	False	False	False	False	False	False	False	False	False	C.C.C	strong	True	False	False	False	False	False	False	False	דסז	SYN-RG-17c6564931	7	HIFIL|HITPAEL|HUFAL|NIFAL|PAAL|PIEL|PUAL	synthetic_v1	synthetic_v1:root:דסז	1.0	GOLD	SYNTHETIC
SYN-RT-243c55aa21	ד-ס-כ	דסכ	ד	ס	כ			3			False	False	False	False	False	False	False	False	False	False	False	False	False	False	False	False	False	C.C.C	strong	True	False	False	False	False	False	False	False	דסכ	SYN-RG-bc3559824b	7	HIFIL|HITPAEL|HUFAL|NIFAL|PAAL|PIEL|PUAL	synthetic_v1	synthetic_v1:root:דסכ	1.0	GOLD	SYNTHETIC
SYN-RT-6367c9453f	ד-ס-ל	דסל	ד	ס	ל			3			False	False	False	False	False	False	False	False	False	False	False	False	False	False	False	False	False	C.C.C	strong	True	False	False	False	False	False	False	False	דסל	SYN-RG-f21621f02a	7	HIFIL|HITPAEL|HUFAL|NIFAL|PAAL|PIEL|PUAL	synthetic_v1	synthetic_v1:root:דסל	1.0	GOLD	SYNTHETIC
SYN-RT-73c675b4c9	ד-ס-נ	דסנ	ד	ס	נ			3			False	False	False	False	False	False	False	False	False	False	False	False	False	False	False	False	False	C.C.N	strong	True	False	False	False	False	False	False	False	דסנ	SYN-RG-1134bbe3dd	7	HIFIL|HITPAEL|HUFAL|NIFAL|PAAL|PIEL|PUAL	synthetic_v1	synthetic_v1:root:דסנ	1.0	GOLD	SYNTHETIC
SYN-RT-0f42121b00	ד-ס-צ	דסצ	ד	ס	צ			3			False	False	False	False	False	False	False	False	False	False	False	False	False	False	False	False	False	C.C.C	strong	True	False	False	False	False	False	False	False	דסצ	SYN-RG-02ec32639a	7	HIFIL|HITPAEL|HUFAL|NIFAL|PAAL|PIEL|PUAL	synthetic_v1	synthetic_v1:root:דסצ	1.0	GOLD	SYNTHETIC
SYN-RT-10b73d69c8	ד-ס-שׁ	דסשׁ	ד	ס	ש			3			False	False	False	False	False	False	False	False	False	False	False	False	False	False	False	False	False	C.C.C	strong	True	False	False	False	False	False	False	False	דסש	SYN-RG-5c44fcc6c9	7	HIFIL|HITPAEL|HUFAL|NIFAL|PAAL|PIEL|PUAL	synthetic_v1	synthetic_v1:root:דסשׁ	1.0	GOLD	SYNTHETIC
SYN-RT-765d5a24ea	ד-פ-ג	דפג	ד	פ	ג			3			False	False	False	False	False	False	False	False	False	False	False	False	False	False	False	False	False	C.C.C	strong	True	False	False	False	False	False	False	False	דפג	SYN-RG-0226cfaee1	7	HIFIL|HITPAEL|HUFAL|NIFAL|PAAL|PIEL|PUAL	synthetic_v1	synthetic_v1:root:דפג	1.0	GOLD	SYNTHETIC
SYN-RT-a32563dbd1	ד-צ-כ	דצכ	ד	צ	כ			3			False	False	False	False	False	False	False	False	False	False	False	False	False	False	False	False	False	C.C.C	strong	True	False	False	False	False	False	False	False	דצכ	SYN-RG-c7a0b19371	7	HIFIL|HITPAEL|HUFAL|NIFAL|PAAL|PIEL|PUAL	synthetic_v1	synthetic_v1:root:דצכ	1.0	GOLD	SYNTHETIC
SYN-RT-e839ff1c5f	ד-צ-ס	דצס	ד	צ	ס			3			False	False	False	False	False	False	False	False	False	False	False	False	False	False	False	False	False	C.C.C	strong	True	False	False	False	False	False	False	False	דצס	SYN-RG-e4d8cac530	7	HIFIL|HITPAEL|HUFAL|NIFAL|PAAL|PIEL|PUAL	synthetic_v1	synthetic_v1:root:דצס	1.0	GOLD	SYNTHETIC
SYN-RT-9c98f7217a	ד-צ-פ	דצפ	ד	צ	פ			3			False	False	False	False	False	False	False	False	False	False	False	False	False	False	False	False	False	C.C.C	strong	True	False	False	False	False	False	False	False	דצפ	SYN-RG-4bf7505110	7	HIFIL|HITPAEL|HUFAL|NIFAL|PAAL|PIEL|PUAL	synthetic_v1	synthetic_v1:root:דצפ	1.0	GOLD	SYNTHETIC
SYN-RT-88a4af1262	ד-צ-ר	דצר	ד	צ	ר			3			False	False	False	False	False	False	False	False	False	False	False	False	False	True	False	False	False	C.C.R	strong	True	False	False	False	False	False	False	False	דצר	SYN-RG-dcb7a10df1	7	HIFIL|HITPAEL|HUFAL|NIFAL|PAAL|PIEL|PUAL	synthetic_v1	synthetic_v1:root:דצר	1.0	GOLD	SYNTHETIC
SYN-RT-1547fa95a5	ד-ק-ז	דקז	ד	ק	ז			3			False	False	False	False	False	False	False	False	False	False	False	False	False	False	False	False	False	C.C.C	strong	True	False	False	False	False	False	False	False	דקז	SYN-RG-0a01e3076c	7	HIFIL|HITPAEL|HUFAL|NIFAL|PAAL|PIEL|PUAL	synthetic_v1	synthetic_v1:root:דקז	1.0	GOLD	SYNTHETIC
SYN-RT-946e4dd3ff	ד-ר-ז	דרז	ד	ר	ז			3			False	False	False	False	False	False	False	False	False	False	False	False	False	True	False	False	False	C.R.C	strong	True	False	False	False	False	False	False	False	דרז	SYN-RG-92f31977ef	7	HIFIL|HITPAEL|HUFAL|NIFAL|PAAL|PIEL|PUAL	synthetic_v1	synthetic_v1:root:דרז	1.0	GOLD	SYNTHETIC
SYN-RT-4c52e0aeac	ד-ר-ט	דרט	ד	ר	ט			3			False	False	False	False	False	False	False	False	False	False	False	False	False	True	False	False	False	C.R.C	strong	True	False	False	False	False	False	False	False	דרט	SYN-RG-925b879f89	7	HIFIL|HITPAEL|HUFAL|NIFAL|PAAL|PIEL|PUAL	synthetic_v1	synthetic_v1:root:דרט	1.0	GOLD	SYNTHETIC
SYN-RT-f907396af3	ד-ר-ס	דרס	ד	ר	ס			3			False	False	False	False	False	False	False	False	False	False	False	False	False	True	False	False	False	C.R.C	strong	True	False	False	False	False	False	False	False	דרס	SYN-RG-6990c28288	7	HIFIL|HITPAEL|HUFAL|NIFAL|PAAL|PIEL|PUAL	synthetic_v1	synthetic_v1:root:דרס	1.0	GOLD	SYNTHETIC
SYN-RT-417daacbe9	ד-ר-פ	דרפ	ד	ר	פ			3			False	False	False	False	False	False	False	False	False	False	False	False	False	True	False	False	False	C.R.C	strong	True	False	False	False	False	False	False	False	דרפ	SYN-RG-cb730e8224	7	HIFIL|HITPAEL|HUFAL|NIFAL|PAAL|PIEL|PUAL	synthetic_v1	synthetic_v1:root:דרפ	1.0	GOLD	SYNTHETIC
SYN-RT-75c1900575	ד-שׁ-ג	דשׁג	ד	ש	ג			3			False	False	False	False	False	False	False	False	False	False	False	False	False	False	False	False	False	C.C.C	strong	True	False	False	False	False	False	False	False	דשג	SYN-RG-c7afb616ae	7	HIFIL|HITPAEL|HUFAL|NIFAL|PAAL|PIEL|PUAL	synthetic_v1	synthetic_v1:root:דשׁג	1.0	GOLD	SYNTHETIC
SYN-RT-bd0a0752a8	ד-שׁ-ל	דשׁל	ד	ש	ל			3			False	False	False	False	False	False	False	False	False	False	False	False	False	False	False	False	False	C.C.C	strong	True	False	False	False	False	False	False	False	דשל	SYN-RG-5bf11a4ccc	7	HIFIL|HITPAEL|HUFAL|NIFAL|PAAL|PIEL|PUAL	synthetic_v1	synthetic_v1:root:דשׁל	1.0	GOLD	SYNTHETIC
SYN-RT-568157f93b	ד-שׁ-נ	דשׁנ	ד	ש	נ			3			False	False	False	False	False	False	False	False	False	False	False	False	False	False	False	False	False	C.C.N	strong	True	False	False	False	False	False	False	False	דשנ	SYN-RG-cd8f85eee4	7	HIFIL|HITPAEL|HUFAL|NIFAL|PAAL|PIEL|PUAL	synthetic_v1	synthetic_v1:root:דשׁנ	1.0	GOLD	SYNTHETIC
SYN-RT-7834a1175a	ד-שׁ-פ	דשׁפ	ד	ש	פ			3			False	False	False	False	False	False	False	False	False	False	False	False	False	False	False	False	False	C.C.C	strong	True	False	False	False	False	False	False	False	דשפ	SYN-RG-3ecc3737d5	7	HIFIL|HITPAEL|HUFAL|NIFAL|PAAL|PIEL|PUAL	synthetic_v1	synthetic_v1:root:דשׁפ	1.0	GOLD	SYNTHETIC
SYN-RT-69b2cf9c20	ד-שׁ-ר	דשׁר	ד	ש	ר			3			False	False	False	False	False	False	False	False	False	False	False	False	False	True	False	False	False	C.C.R	strong	True	False	False	False	False	False	False	False	דשר	SYN-RG-d243ea1a5a	7	HIFIL|HITPAEL|HUFAL|NIFAL|PAAL|PIEL|PUAL	synthetic_v1	synthetic_v1:root:דשׁר	1.0	GOLD	SYNTHETIC
SYN-RT-36c26b9159	ד-שׁ-ת	דשׁת	ד	ש	ת			3			False	False	False	False	False	False	False	False	False	False	False	False	False	False	False	False	False	C.C.C	strong	True	False	False	False	False	False	False	False	דשת	SYN-RG-3253359494	7	HIFIL|HITPAEL|HUFAL|NIFAL|PAAL|PIEL|PUAL	synthetic_v1	synthetic_v1:root:דשׁת	1.0	GOLD	SYNTHETIC
SYN-RT-c6eb0ca159	ד-ת-ג	דתג	ד	ת	ג			3			False	False	False	False	False	False	False	False	False	False	False	False	False	False	False	False	False	C.C.C	strong	True	False	False	False	False	False	False	False	דתג	SYN-RG-c5876427cf	7	HIFIL|HITPAEL|HUFAL|NIFAL|PAAL|PIEL|PUAL	synthetic_v1	synthetic_v1:root:דתג	1.0	GOLD	SYNTHETIC
SYN-RT-ec6a1798fc	ד-ת-נ	דתנ	ד	ת	נ			3			False	False	False	False	False	False	False	False	False	False	False	False	False	False	False	False	False	C.C.N	strong	True	False	False	False	False	False	False	False	דתנ	SYN-RG-91cf1e350b	7	HIFIL|HITPAEL|HUFAL|NIFAL|PAAL|PIEL|PUAL	synthetic_v1	synthetic_v1:root:דתנ	1.0	GOLD	SYNTHETIC
SYN-RT-30900bae89	ד-ת-פ	דתפ	ד	ת	פ			3			False	False	False	False	False	False	False	False	False	False	False	False	False	False	False	False	False	C.C.C	strong	True	False	False	False	False	False	False	False	דתפ	SYN-RG-f505f71525	7	HIFIL|HITPAEL|HUFAL|NIFAL|PAAL|PIEL|PUAL	synthetic_v1	synthetic_v1:root:דתפ	1.0	GOLD	SYNTHETIC
SYN-RT-5d125e641a	ד-ת-צ	דתצ	ד	ת	צ			3			False	False	False	False	False	False	False	False	False	False	False	False	False	False	False	False	False	C.C.C	strong	True	False	False	False	False	False	False	False	דתצ	SYN-RG-a2a31bc028	7	HIFIL|HITPAEL|HUFAL|NIFAL|PAAL|PIEL|PUAL	synthetic_v1	synthetic_v1:root:דתצ	1.0	GOLD	SYNTHETIC
SYN-RT-86c99d3ed7	ד-ת-ק	דתק	ד	ת	ק			3			False	False	False	False	False	False	False	False	False	False	False	False	False	False	False	False	False	C.C.C	strong	True	False	False	False	False	False	False	False	דתק	SYN-RG-b18074ff69	7	HIFIL|HITPAEL|HUFAL|NIFAL|PAAL|PIEL|PUAL	synthetic_v1	synthetic_v1:root:דתק	1.0	GOLD	SYNTHETIC
SYN-RT-23281cc22e	ד-ת-שׁ	דתשׁ	ד	ת	ש			3			False	False	False	False	False	False	False	False	False	False	False	False	False	False	False	False	False	C.C.C	strong	True	False	False	False	False	False	False	False	דתש	SYN-RG-29d86b4686	7	HIFIL|HITPAEL|HUFAL|NIFAL|PAAL|PIEL|PUAL	synthetic_v1	synthetic_v1:root:דתשׁ	1.0	GOLD	SYNTHETIC
SYN-RT-9b0e2ab7ef	ז-ב-ג	זבג	ז	ב	ג			3			False	False	False	False	False	False	False	False	False	False	False	False	False	False	False	False	False	C.C.C	strong	True	False	False	False	False	False	False	False	זבג	SYN-RG-0c5694eb3c	7	HIFIL|HITPAEL|HUFAL|NIFAL|PAAL|PIEL|PUAL	synthetic_v1	synthetic_v1:root:זבג	1.0	GOLD	SYNTHETIC
SYN-RT-25b72f59ec	ז-ב-כ	זבכ	ז	ב	כ			3			False	False	False	False	False	False	False	False	False	False	False	False	False	False	False	False	False	C.C.C	strong	True	False	False	False	False	False	False	False	זבכ	SYN-RG-0b4ec0146d	7	HIFIL|HITPAEL|HUFAL|NIFAL|PAAL|PIEL|PUAL	synthetic_v1	synthetic_v1:root:זבכ	1.0	GOLD	SYNTHETIC
SYN-RT-0f0a8473f1	ז-ב-מ	זבמ	ז	ב	מ			3			False	False	False	False	False	False	False	False	False	False	False	False	False	False	False	False	False	C.C.C	strong	True	False	False	False	False	False	False	False	זבמ	SYN-RG-189f447e30	7	HIFIL|HITPAEL|HUFAL|NIFAL|PAAL|PIEL|PUAL	synthetic_v1	synthetic_v1:root:זבמ	1.0	GOLD	SYNTHETIC
SYN-RT-6b37d7c18f	ז-ב-נ	זבנ	ז	ב	נ			3			False	False	False	False	False	False	False	False	False	False	False	False	False	False	False	False	False	C.C.N	strong	True	False	False	False	False	False	False	False	זבנ	SYN-RG-40a4a79f06	7	HIFIL|HITPAEL|HUFAL|NIFAL|PAAL|PIEL|PUAL	synthetic_v1	synthetic_v1:root:זבנ	1.0	GOLD	SYNTHETIC
SYN-RT-4f707cd6d4	ז-ב-שׁ	זבשׁ	ז	ב	ש			3			False	False	False	False	False	False	False	False	False	False	False	False	False	False	False	False	False	C.C.C	strong	True	False	False	False	False	False	False	False	זבש	SYN-RG-6099f414c2	7	HIFIL|HITPAEL|HUFAL|NIFAL|PAAL|PIEL|PUAL	synthetic_v1	synthetic_v1:root:זבשׁ	1.0	GOLD	SYNTHETIC
SYN-RT-3d820a3188	ז-ג-ד	זגד	ז	ג	ד			3			False	False	False	False	False	False	False	False	False	False	False	False	False	False	False	False	False	C.C.C	strong	True	False	False	False	False	False	False	False	זגד	SYN-RG-b4028a2a6b	7	HIFIL|HITPAEL|HUFAL|NIFAL|PAAL|PIEL|PUAL	synthetic_v1	synthetic_v1:root:זגד	1.0	GOLD	SYNTHETIC
SYN-RT-26ca2a16a1	ז-ג-כ	זגכ	ז	ג	כ			3			False	False	False	False	False	False	False	False	False	False	False	False	False	False	False	False	False	C.C.C	strong	True	False	False	False	False	False	False	False	זגכ	SYN-RG-30208a5c18	7	HIFIL|HITPAEL|HUFAL|NIFAL|PAAL|PIEL|PUAL	synthetic_v1	synthetic_v1:root:זגכ	1.0	GOLD	SYNTHETIC
SYN-RT-cbc52dd100	ז-ג-ל	זגל	ז	ג	ל			3			False	False	False	False	False	False	False	False	False	False	False	False	False	False	False	False	False	C.C.C	strong	True	False	False	False	False	False	False	False	זגל	SYN-RG-f28fce71e9	7	HIFIL|HITPAEL|HUFAL|NIFAL|PAAL|PIEL|PUAL	synthetic_v1	synthetic_v1:root:זגל	1.0	GOLD	SYNTHETIC
SYN-RT-230ce44b96	ז-ג-נ	זגנ	ז	ג	נ			3			False	False	False	False	False	False	False	False	False	False	False	False	False	False	False	False	False	C.C.N	strong	True	False	False	False	False	False	False	False	זגנ	SYN-RG-3b3c9c6cd0	7	HIFIL|HITPAEL|HUFAL|NIFAL|PAAL|PIEL|PUAL	synthetic_v1	synthetic_v1:root:זגנ	1.0	GOLD	SYNTHETIC
SYN-RT-b3b7cfbd75	ז-ג-ס	זגס	ז	ג	ס			3			False	False	False	False	False	False	False	False	False	False	False	False	False	False	False	False	False	C.C.C	strong	True	False	False	False	False	False	False	False	זגס	SYN-RG-c95baf3b09	7	HIFIL|HITPAEL|HUFAL|NIFAL|PAAL|PIEL|PUAL	synthetic_v1	synthetic_v1:root:זגס	1.0	GOLD	SYNTHETIC
SYN-RT-86c2ac01b7	ז-ד-ק	זדק	ז	ד	ק			3			False	False	False	False	False	False	False	False	False	False	False	False	False	False	False	False	False	C.C.C	strong	True	False	False	False	False	False	False	False	זדק	SYN-RG-534b600f6a	7	HIFIL|HITPAEL|HUFAL|NIFAL|PAAL|PIEL|PUAL	synthetic_v1	synthetic_v1:root:זדק	1.0	GOLD	SYNTHETIC
SYN-RT-d893825e34	ז-ד-ר	זדר	ז	ד	ר			3			False	False	False	False	False	False	False	False	False	False	False	False	False	True	False	False	False	C.C.R	strong	True	False	False	False	False	False	False	False	זדר	SYN-RG-885a7d5b4a	7	HIFIL|HITPAEL|HUFAL|NIFAL|PAAL|PIEL|PUAL	synthetic_v1	synthetic_v1:root:זדר	1.0	GOLD	SYNTHETIC
SYN-RT-4d64eecf45	ז-ט-ל	זטל	ז	ט	ל			3			False	False	False	False	False	False	False	False	False	False	False	False	False	False	False	False	False	C.C.C	strong	True	False	False	False	False	False	False	False	זטל	SYN-RG-0a51690bea	7	HIFIL|HITPAEL|HUFAL|NIFAL|PAAL|PIEL|PUAL	synthetic_v1	synthetic_v1:root:זטל	1.0	GOLD	SYNTHETIC
SYN-RT-5a0a2c8439	ז-ט-ס	זטס	ז	ט	ס			3			False	False	False	False	False	False	False	False	False	False	False	False	False	False	False	False	False	C.C.C	strong	True	False	False	False	False	False	False	False	זטס	SYN-RG-dec1d2eb4b	7	HIFIL|HITPAEL|HUFAL|NIFAL|PAAL|PIEL|PUAL	synthetic_v1	synthetic_v1:root:זטס	1.0	GOLD	SYNTHETIC
SYN-RT-89789492db	ז-ט-שׁ	זטשׁ	ז	ט	ש			3			False	False	False	False	False	False	False	False	False	False	False	False	False	False	False	False	False	C.C.C	strong	True	False	False	False	False	False	False	False	זטש	SYN-RG-324dc0e2f1	7	HIFIL|HITPAEL|HUFAL|NIFAL|PAAL|PIEL|PUAL	synthetic_v1	synthetic_v1:root:זטשׁ	1.0	GOLD	SYNTHETIC
SYN-RT-69d592377a	ז-כ-ב	זכב	ז	כ	ב			3			False	False	False	False	False	False	False	False	False	False	False	False	False	False	False	False	False	C.C.C	strong	True	False	False	False	False	False	False	False	זכב	SYN-RG-1d7b62c152	7	HIFIL|HITPAEL|HUFAL|NIFAL|PAAL|PIEL|PUAL	synthetic_v1	synthetic_v1:root:זכב	1.0	GOLD	SYNTHETIC
SYN-RT-826041f7e3	ז-כ-ד	זכד	ז	כ	ד			3			False	False	False	False	False	False	False	False	False	False	False	False	False	False	False	False	False	C.C.C	strong	True	False	False	False	False	False	False	False	זכד	SYN-RG-8109bd7b08	7	HIFIL|HITPAEL|HUFAL|NIFAL|PAAL|PIEL|PUAL	synthetic_v1	synthetic_v1:root:זכד	1.0	GOLD	SYNTHETIC
SYN-RT-ee3db88408	ז-כ-ט	זכט	ז	כ	ט			3			False	False	False	False	False	False	False	False	False	False	False	False	False	False	False	False	False	C.C.C	strong	True	False	False	False	False	False	False	False	זכט	SYN-RG-0273acd6d9	7	HIFIL|HITPAEL|HUFAL|NIFAL|PAAL|PIEL|PUAL	synthetic_v1	synthetic_v1:root:זכט	1.0	GOLD	SYNTHETIC
SYN-RT-8b7f466720	ז-כ-מ	זכמ	ז	כ	מ			3			False	False	False	False	False	False	False	False	False	False	False	False	False	False	False	False	False	C.C.C	strong	True	False	False	False	False	False	False	False	זכמ	SYN-RG-49df57b016	7	HIFIL|HITPAEL|HUFAL|NIFAL|PAAL|PIEL|PUAL	synthetic_v1	synthetic_v1:root:זכמ	1.0	GOLD	SYNTHETIC
SYN-RT-462de2ec8f	ז-כ-נ	זכנ	ז	כ	נ			3			False	False	False	False	False	False	False	False	False	False	False	False	False	False	False	False	False	C.C.N	strong	True	False	False	False	False	False	False	False	זכנ	SYN-RG-81ea587b4d	7	HIFIL|HITPAEL|HUFAL|NIFAL|PAAL|PIEL|PUAL	synthetic_v1	synthetic_v1:root:זכנ	1.0	GOLD	SYNTHETIC
SYN-RT-5b6f94762c	ז-כ-ס	זכס	ז	כ	ס			3			False	False	False	False	False	False	False	False	False	False	False	False	False	False	False	False	False	C.C.C	strong	True	False	False	False	False	False	False	False	זכס	SYN-RG-7ebc2a6abe	7	HIFIL|HITPAEL|HUFAL|NIFAL|PAAL|PIEL|PUAL	synthetic_v1	synthetic_v1:root:זכס	1.0	GOLD	SYNTHETIC
SYN-RT-59339a2c9a	ז-כ-צ	זכצ	ז	כ	צ			3			False	False	False	False	False	False	False	False	False	False	False	False	False	False	False	False	False	C.C.C	strong	True	False	False	False	False	False	False	False	זכצ	SYN-RG-16b4252bc5	7	HIFIL|HITPAEL|HUFAL|NIFAL|PAAL|PIEL|PUAL	synthetic_v1	synthetic_v1:root:זכצ	1.0	GOLD	SYNTHETIC
SYN-RT-ab82ea62f2	ז-כ-שׁ	זכשׁ	ז	כ	ש			3			False	False	False	False	False	False	False	False	False	False	False	False	False	False	False	False	False	C.C.C	strong	True	False	False	False	False	False	False	False	זכש	SYN-RG-422664dd4f	7	HIFIL|HITPAEL|HUFAL|NIFAL|PAAL|PIEL|PUAL	synthetic_v1	synthetic_v1:root:זכשׁ	1.0	GOLD	SYNTHETIC
SYN-RT-fe8142047f	ז-ל-כ	זלכ	ז	ל	כ			3			False	False	False	False	False	False	False	False	False	False	False	False	False	False	False	False	False	C.C.C	strong	True	False	False	False	False	False	False	False	זלכ	SYN-RG-7e6e2b5c13	7	HIFIL|HITPAEL|HUFAL|NIFAL|PAAL|PIEL|PUAL	synthetic_v1	synthetic_v1:root:זלכ	1.0	GOLD	SYNTHETIC
SYN-RT-c15880724e	ז-ל-ר	זלר	ז	ל	ר			3			False	False	False	False	False	False	False	False	False	False	False	False	False	True	False	False	False	C.C.R	strong	True	False	False	False	False	False	False	False	זלר	SYN-RG-2b1887f939	7	HIFIL|HITPAEL|HUFAL|NIFAL|PAAL|PIEL|PUAL	synthetic_v1	synthetic_v1:root:זלר	1.0	GOLD	SYNTHETIC
SYN-RT-54703fdc55	ז-מ-ל	זמל	ז	מ	ל			3			False	False	False	False	False	False	False	False	False	False	False	False	False	False	False	False	False	C.C.C	strong	True	False	False	False	False	False	False	False	זמל	SYN-RG-f391cc799d	7	HIFIL|HITPAEL|HUFAL|NIFAL|PAAL|PIEL|PUAL	synthetic_v1	synthetic_v1:root:זמל	1.0	GOLD	SYNTHETIC
SYN-RT-380bc0fc0b	ז-מ-ת	זמת	ז	מ	ת			3			False	False	False	False	False	False	False	False	False	False	False	False	False	False	False	False	False	C.C.C	strong	True	False	False	False	False	False	False	False	זמת	SYN-RG-d1bbc74fcb	7	HIFIL|HITPAEL|HUFAL|NIFAL|PAAL|PIEL|PUAL	synthetic_v1	synthetic_v1:root:זמת	1.0	GOLD	SYNTHETIC
SYN-RT-8bb350d57a	ז-נ-ב	זנב	ז	נ	ב			3			False	False	False	False	False	False	False	False	False	False	False	False	False	False	False	False	False	C.N.C	strong	True	False	False	False	False	False	False	False	זנב	SYN-RG-a292cf1d4d	7	HIFIL|HITPAEL|HUFAL|NIFAL|PAAL|PIEL|PUAL	synthetic_v1	synthetic_v1:root:זנב	1.0	GOLD	SYNTHETIC
SYN-RT-57939cbefe	ז-נ-ט	זנט	ז	נ	ט			3			False	False	False	False	False	False	False	False	False	False	False	False	False	False	False	False	False	C.N.C	strong	True	False	False	False	False	False	False	False	זנט	SYN-RG-b63b106cd4	7	HIFIL|HITPAEL|HUFAL|NIFAL|PAAL|PIEL|PUAL	synthetic_v1	synthetic_v1:root:זנט	1.0	GOLD	SYNTHETIC
SYN-RT-9ec275d004	ז-נ-ס	זנס	ז	נ	ס			3			False	False	False	False	False	False	False	False	False	False	False	False	False	False	False	False	False	C.N.C	strong	True	False	False	False	False	False	False	False	זנס	SYN-RG-682727cab9	7	HIFIL|HITPAEL|HUFAL|NIFAL|PAAL|PIEL|PUAL	synthetic_v1	synthetic_v1:root:זנס	1.0	GOLD	SYNTHETIC
SYN-RT-edf5576f15	ז-נ-ק	זנק	ז	נ	ק			3			False	False	False	False	False	False	False	False	False	False	False	False	False	False	False	False	False	C.N.C	strong	True	False	False	False	False	False	False	False	זנק	SYN-RG-52a5ae4fa5	7	HIFIL|HITPAEL|HUFAL|NIFAL|PAAL|PIEL|PUAL	synthetic_v1	synthetic_v1:root:זנק	1.0	GOLD	SYNTHETIC
SYN-RT-f2cd151d35	ז-נ-ר	זנר	ז	נ	ר			3			False	False	False	False	False	False	False	False	False	False	False	False	False	True	False	False	False	C.N.R	strong	True	False	False	False	False	False	False	False	זנר	SYN-RG-dfcaf8fbde	7	HIFIL|HITPAEL|HUFAL|NIFAL|PAAL|PIEL|PUAL	synthetic_v1	synthetic_v1:root:זנר	1.0	GOLD	SYNTHETIC
SYN-RT-b5a60bc7c1	ז-נ-שׁ	זנשׁ	ז	נ	ש			3			False	False	False	False	False	False	False	False	False	False	False	False	False	False	False	False	False	C.N.C	strong	True	False	False	False	False	False	False	False	זנש	SYN-RG-1d26bd6968	7	HIFIL|HITPAEL|HUFAL|NIFAL|PAAL|PIEL|PUAL	synthetic_v1	synthetic_v1:root:זנשׁ	1.0	GOLD	SYNTHETIC
SYN-RT-dabda8d537	ז-ס-ט	זסט	ז	ס	ט			3			False	False	False	False	False	False	False	False	False	False	False	False	False	False	False	False	False	C.C.C	strong	True	False	False	False	False	False	False	False	זסט	SYN-RG-e5837a28ce	7	HIFIL|HITPAEL|HUFAL|NIFAL|PAAL|PIEL|PUAL	synthetic_v1	synthetic_v1:root:זסט	1.0	GOLD	SYNTHETIC
SYN-RT-f15521db8e	ז-ס-מ	זסמ	ז	ס	מ			3			False	False	False	False	False	False	False	False	False	False	False	False	False	False	False	False	False	C.C.C	strong	True	False	False	False	False	False	False	False	זסמ	SYN-RG-8f9d72ad81	7	HIFIL|HITPAEL|HUFAL|NIFAL|PAAL|PIEL|PUAL	synthetic_v1	synthetic_v1:root:זסמ	1.0	GOLD	SYNTHETIC
SYN-RT-6dd8754c51	ז-ס-נ	זסנ	ז	ס	נ			3			False	False	False	False	False	False	False	False	False	False	False	False	False	False	False	False	False	C.C.N	strong	True	False	False	False	False	False	False	False	זסנ	SYN-RG-55f8f0d21b	7	HIFIL|HITPAEL|HUFAL|NIFAL|PAAL|PIEL|PUAL	synthetic_v1	synthetic_v1:root:זסנ	1.0	GOLD	SYNTHETIC
SYN-RT-936344f3f9	ז-ס-פ	זספ	ז	ס	פ			3			False	False	False	False	False	False	False	False	False	False	False	False	False	False	False	False	False	C.C.C	strong	True	False	False	False	False	False	False	False	זספ	SYN-RG-34eb9751f5	7	HIFIL|HITPAEL|HUFAL|NIFAL|PAAL|PIEL|PUAL	synthetic_v1	synthetic_v1:root:זספ	1.0	GOLD	SYNTHETIC
SYN-RT-c38789c1f7	ז-ס-צ	זסצ	ז	ס	צ			3			False	False	False	False	False	False	False	False	False	False	False	False	False	False	False	False	False	C.C.C	strong	True	False	False	False	False	False	False	False	זסצ	SYN-RG-c10112792b	7	HIFIL|HITPAEL|HUFAL|NIFAL|PAAL|PIEL|PUAL	synthetic_v1	synthetic_v1:root:זסצ	1.0	GOLD	SYNTHETIC
SYN-RT-5cd9c37732	ז-ס-ר	זסר	ז	ס	ר			3			False	False	False	False	False	False	False	False	False	False	False	False	False	True	False	False	False	C.C.R	strong	True	False	False	False	False	False	False	False	זסר	SYN-RG-efac52382f	7	HIFIL|HITPAEL|HUFAL|NIFAL|PAAL|PIEL|PUAL	synthetic_v1	synthetic_v1:root:זסר	1.0	GOLD	SYNTHETIC
SYN-RT-e3b022f89d	ז-פ-ר	זפר	ז	פ	ר			3			False	False	False	False	False	False	False	False	False	False	False	False	False	True	False	False	False	C.C.R	strong	True	False	False	False	False	False	False	False	זפר	SYN-RG-45428259ac	7	HIFIL|HITPAEL|HUFAL|NIFAL|PAAL|PIEL|PUAL	synthetic_v1	synthetic_v1:root:זפר	1.0	GOLD	SYNTHETIC
SYN-RT-5c2c2af675	ז-פ-שׁ	זפשׁ	ז	פ	ש			3			False	False	False	False	False	False	False	False	False	False	False	False	False	False	False	False	False	C.C.C	strong	True	False	False	False	False	False	False	False	זפש	SYN-RG-25cd3242ba	7	HIFIL|HITPAEL|HUFAL|NIFAL|PAAL|PIEL|PUAL	synthetic_v1	synthetic_v1:root:זפשׁ	1.0	GOLD	SYNTHETIC
SYN-RT-de2fd4ae16	ז-צ-ג	זצג	ז	צ	ג			3			False	False	False	False	False	False	False	False	False	False	False	False	False	False	False	False	False	C.C.C	strong	True	False	False	False	False	False	False	False	זצג	SYN-RG-d88233a6c7	7	HIFIL|HITPAEL|HUFAL|NIFAL|PAAL|PIEL|PUAL	synthetic_v1	synthetic_v1:root:זצג	1.0	GOLD	SYNTHETIC
SYN-RT-2f0ca0ce22	ז-צ-ט	זצט	ז	צ	ט			3			False	False	False	False	False	False	False	False	False	False	False	False	False	False	False	False	False	C.C.C	strong	True	False	False	False	False	False	False	False	זצט	SYN-RG-382c823b31	7	HIFIL|HITPAEL|HUFAL|NIFAL|PAAL|PIEL|PUAL	synthetic_v1	synthetic_v1:root:זצט	1.0	GOLD	SYNTHETIC
SYN-RT-e5c06a654f	ז-צ-מ	זצמ	ז	צ	מ			3			False	False	False	False	False	False	False	False	False	False	False	False	False	False	False	False	False	C.C.C	strong	True	False	False	False	False	False	False	False	זצמ	SYN-RG-2b5ae44f2b	7	HIFIL|HITPAEL|HUFAL|NIFAL|PAAL|PIEL|PUAL	synthetic_v1	synthetic_v1:root:זצמ	1.0	GOLD	SYNTHETIC
SYN-RT-117f0a4fc6	ז-צ-ר	זצר	ז	צ	ר			3			False	False	False	False	False	False	False	False	False	False	False	False	False	True	False	False	False	C.C.R	strong	True	False	False	False	False	False	False	False	זצר	SYN-RG-15a4fc273b	7	HIFIL|HITPAEL|HUFAL|NIFAL|PAAL|PIEL|PUAL	synthetic_v1	synthetic_v1:root:זצר	1.0	GOLD	SYNTHETIC
SYN-RT-4dc4f38827	ז-צ-שׁ	זצשׁ	ז	צ	ש			3			False	False	False	False	False	False	False	False	False	False	False	False	False	False	False	False	False	C.C.C	strong	True	False	False	False	False	False	False	False	זצש	SYN-RG-68539b4d1a	7	HIFIL|HITPAEL|HUFAL|NIFAL|PAAL|PIEL|PUAL	synthetic_v1	synthetic_v1:root:זצשׁ	1.0	GOLD	SYNTHETIC
SYN-RT-d0551e2eee	ז-ק-ל	זקל	ז	ק	ל			3			False	False	False	False	False	False	False	False	False	False	False	False	False	False	False	False	False	C.C.C	strong	True	False	False	False	False	False	False	False	זקל	SYN-RG-7947d65f6f	7	HIFIL|HITPAEL|HUFAL|NIFAL|PAAL|PIEL|PUAL	synthetic_v1	synthetic_v1:root:זקל	1.0	GOLD	SYNTHETIC
SYN-RT-4d08a3996f	ז-ק-נ	זקנ	ז	ק	נ			3			False	False	False	False	False	False	False	False	False	False	False	False	False	False	False	False	False	C.C.N	strong	True	False	False	False	False	False	False	False	זקנ	SYN-RG-33f0868692	7	HIFIL|HITPAEL|HUFAL|NIFAL|PAAL|PIEL|PUAL	synthetic_v1	synthetic_v1:root:זקנ	1.0	GOLD	SYNTHETIC
SYN-RT-98e469ef54	ז-ק-צ	זקצ	ז	ק	צ			3			False	False	False	False	False	False	False	False	False	False	False	False	False	False	False	False	False	C.C.C	strong	True	False	False	False	False	False	False	False	זקצ	SYN-RG-9efd313e1e	7	HIFIL|HITPAEL|HUFAL|NIFAL|PAAL|PIEL|PUAL	synthetic_v1	synthetic_v1:root:זקצ	1.0	GOLD	SYNTHETIC
SYN-RT-c776c79d4d	ז-ר-מ	זרמ	ז	ר	מ			3			False	False	False	False	False	False	False	False	False	False	False	False	False	True	False	False	False	C.R.C	strong	True	False	False	False	False	False	False	False	זרמ	SYN-RG-6913c86988	7	HIFIL|HITPAEL|HUFAL|NIFAL|PAAL|PIEL|PUAL	synthetic_v1	synthetic_v1:root:זרמ	1.0	GOLD	SYNTHETIC
SYN-RT-5cb3dd2a39	ז-ר-נ	זרנ	ז	ר	נ			3			False	False	False	False	False	False	False	False	False	False	False	False	False	True	False	False	False	C.R.N	strong	True	False	False	False	False	False	False	False	זרנ	SYN-RG-f147bd504e	7	HIFIL|HITPAEL|HUFAL|NIFAL|PAAL|PIEL|PUAL	synthetic_v1	synthetic_v1:root:זרנ	1.0	GOLD	SYNTHETIC
SYN-RT-8a1626782d	ז-ר-צ	זרצ	ז	ר	צ			3			False	False	False	False	False	False	False	False	False	False	False	False	False	True	False	False	False	C.R.C	strong	True	False	False	False	False	False	False	False	זרצ	SYN-RG-06b579c59e	7	HIFIL|HITPAEL|HUFAL|NIFAL|PAAL|PIEL|PUAL	synthetic_v1	synthetic_v1:root:זרצ	1.0	GOLD	SYNTHETIC
SYN-RT-c862553277	ז-ר-ק	זרק	ז	ר	ק			3			False	False	False	False	False	False	False	False	False	False	False	False	False	True	False	False	False	C.R.C	strong	True	False	False	False	False	False	False	False	זרק	SYN-RG-7f2272995b	7	HIFIL|HITPAEL|HUFAL|NIFAL|PAAL|PIEL|PUAL	synthetic_v1	synthetic_v1:root:זרק	1.0	GOLD	SYNTHETIC
SYN-RT-5f276bc8a2	ז-שׁ-ג	זשׁג	ז	ש	ג			3			False	False	False	False	False	False	False	False	False	False	False	False	False	False	False	False	False	C.C.C	strong	True	False	False	False	False	False	False	False	זשג	SYN-RG-0bb757fc58	7	HIFIL|HITPAEL|HUFAL|NIFAL|PAAL|PIEL|PUAL	synthetic_v1	synthetic_v1:root:זשׁג	1.0	GOLD	SYNTHETIC
SYN-RT-a82e8f8df9	ז-שׁ-ט	זשׁט	ז	ש	ט			3			False	False	False	False	False	False	False	False	False	False	False	False	False	False	False	False	False	C.C.C	strong	True	False	False	False	False	False	False	False	זשט	SYN-RG-c6cb81df40	7	HIFIL|HITPAEL|HUFAL|NIFAL|PAAL|PIEL|PUAL	synthetic_v1	synthetic_v1:root:זשׁט	1.0	GOLD	SYNTHETIC
SYN-RT-c14dc34848	ז-שׁ-כ	זשׁכ	ז	ש	כ			3			False	False	False	False	False	False	False	False	False	False	False	False	False	False	False	False	False	C.C.C	strong	True	False	False	False	False	False	False	False	זשכ	SYN-RG-de245d2541	7	HIFIL|HITPAEL|HUFAL|NIFAL|PAAL|PIEL|PUAL	synthetic_v1	synthetic_v1:root:זשׁכ	1.0	GOLD	SYNTHETIC
SYN-RT-ecd069c6b6	ז-שׁ-מ	זשׁמ	ז	ש	מ			3			False	False	False	False	False	False	False	False	False	False	False	False	False	False	False	False	False	C.C.C	strong	True	False	False	False	False	False	False	False	זשמ	SYN-RG-7acf1e73c3	7	HIFIL|HITPAEL|HUFAL|NIFAL|PAAL|PIEL|PUAL	synthetic_v1	synthetic_v1:root:זשׁמ	1.0	GOLD	SYNTHETIC
SYN-RT-3b1bd33e95	ז-שׁ-ס	זשׁס	ז	ש	ס			3			False	False	False	False	False	False	False	False	False	False	False	False	False	False	False	False	False	C.C.C	strong	True	False	False	False	False	False	False	False	זשס	SYN-RG-b42c5c4de5	7	HIFIL|HITPAEL|HUFAL|NIFAL|PAAL|PIEL|PUAL	synthetic_v1	synthetic_v1:root:זשׁס	1.0	GOLD	SYNTHETIC
SYN-RT-4730d8f37d	ז-ת-כ	זתכ	ז	ת	כ			3			False	False	False	False	False	False	False	False	False	False	False	False	False	False	False	False	False	C.C.C	strong	True	False	False	False	False	False	False	False	זתכ	SYN-RG-15f8d6c600	7	HIFIL|HITPAEL|HUFAL|NIFAL|PAAL|PIEL|PUAL	synthetic_v1	synthetic_v1:root:זתכ	1.0	GOLD	SYNTHETIC
SYN-RT-3b04cfc9ab	ז-ת-נ	זתנ	ז	ת	נ			3			False	False	False	False	False	False	False	False	False	False	False	False	False	False	False	False	False	C.C.N	strong	True	False	False	False	False	False	False	False	זתנ	SYN-RG-8b6610ce2b	7	HIFIL|HITPAEL|HUFAL|NIFAL|PAAL|PIEL|PUAL	synthetic_v1	synthetic_v1:root:זתנ	1.0	GOLD	SYNTHETIC
SYN-RT-6370fdcd7d	ט-ב-ד	טבד	ט	ב	ד			3			False	False	False	False	False	False	False	False	False	False	False	False	False	False	False	False	False	C.C.C	strong	True	False	False	False	False	False	False	False	טבד	SYN-RG-b4cc359e4a	7	HIFIL|HITPAEL|HUFAL|NIFAL|PAAL|PIEL|PUAL	synthetic_v1	synthetic_v1:root:טבד	1.0	GOLD	SYNTHETIC
SYN-RT-40f9be860c	ט-ב-מ	טבמ	ט	ב	מ			3			False	False	False	False	False	False	False	False	False	False	False	False	False	False	False	False	False	C.C.C	strong	True	False	False	False	False	False	False	False	טבמ	SYN-RG-5468fbafb4	7	HIFIL|HITPAEL|HUFAL|NIFAL|PAAL|PIEL|PUAL	synthetic_v1	synthetic_v1:root:טבמ	1.0	GOLD	SYNTHETIC
SYN-RT-f911a6728f	ט-ב-נ	טבנ	ט	ב	נ			3			False	False	False	False	False	False	False	False	False	False	False	False	False	False	False	False	False	C.C.N	strong	True	False	False	False	False	False	False	False	טבנ	SYN-RG-6d5a9dc921	7	HIFIL|HITPAEL|HUFAL|NIFAL|PAAL|PIEL|PUAL	synthetic_v1	synthetic_v1:root:טבנ	1.0	GOLD	SYNTHETIC
SYN-RT-c466c66fd5	ט-ב-ס	טבס	ט	ב	ס			3			False	False	False	False	False	False	False	False	False	False	False	False	False	False	False	False	False	C.C.C	strong	True	False	False	False	False	False	False	False	טבס	SYN-RG-abb09e911e	7	HIFIL|HITPAEL|HUFAL|NIFAL|PAAL|PIEL|PUAL	synthetic_v1	synthetic_v1:root:טבס	1.0	GOLD	SYNTHETIC
SYN-RT-a23c22a166	ט-ב-ת	טבת	ט	ב	ת			3			False	False	False	False	False	False	False	False	False	False	False	False	False	False	False	False	False	C.C.C	strong	True	False	False	False	False	False	False	False	טבת	SYN-RG-6663b1b9aa	7	HIFIL|HITPAEL|HUFAL|NIFAL|PAAL|PIEL|PUAL	synthetic_v1	synthetic_v1:root:טבת	1.0	GOLD	SYNTHETIC
SYN-RT-51c77f9479	ט-ג-ז	טגז	ט	ג	ז			3			False	False	False	False	False	False	False	False	False	False	False	False	False	False	False	False	False	C.C.C	strong	True	False	False	False	False	False	False	False	טגז	SYN-RG-e1b26f9be0	7	HIFIL|HITPAEL|HUFAL|NIFAL|PAAL|PIEL|PUAL	synthetic_v1	synthetic_v1:root:טגז	1.0	GOLD	SYNTHETIC
SYN-RT-5a69ea549e	ט-ג-כ	טגכ	ט	ג	כ			3			False	False	False	False	False	False	False	False	False	False	False	False	False	False	False	False	False	C.C.C	strong	True	False	False	False	False	False	False	False	טגכ	SYN-RG-e9e920dfda	7	HIFIL|HITPAEL|HUFAL|NIFAL|PAAL|PIEL|PUAL	synthetic_v1	synthetic_v1:root:טגכ	1.0	GOLD	SYNTHETIC
SYN-RT-35233be72b	ט-ג-ל	טגל	ט	ג	ל			3			False	False	False	False	False	False	False	False	False	False	False	False	False	False	False	False	False	C.C.C	strong	True	False	False	False	False	False	False	False	טגל	SYN-RG-9527fedd8a	7	HIFIL|HITPAEL|HUFAL|NIFAL|PAAL|PIEL|PUAL	synthetic_v1	synthetic_v1:root:טגל	1.0	GOLD	SYNTHETIC
SYN-RT-641dea6ce0	ט-ג-פ	טגפ	ט	ג	פ			3			False	False	False	False	False	False	False	False	False	False	False	False	False	False	False	False	False	C.C.C	strong	True	False	False	False	False	False	False	False	טגפ	SYN-RG-7d78b271fd	7	HIFIL|HITPAEL|HUFAL|NIFAL|PAAL|PIEL|PUAL	synthetic_v1	synthetic_v1:root:טגפ	1.0	GOLD	SYNTHETIC
SYN-RT-7d0d326214	ט-ג-שׁ	טגשׁ	ט	ג	ש			3			False	False	False	False	False	False	False	False	False	False	False	False	False	False	False	False	False	C.C.C	strong	True	False	False	False	False	False	False	False	טגש	SYN-RG-346631d00d	7	HIFIL|HITPAEL|HUFAL|NIFAL|PAAL|PIEL|PUAL	synthetic_v1	synthetic_v1:root:טגשׁ	1.0	GOLD	SYNTHETIC
SYN-RT-63dc051ecf	ט-ד-ל	טדל	ט	ד	ל			3			False	False	False	False	False	False	False	False	False	False	False	False	False	False	False	False	False	C.C.C	strong	True	False	False	False	False	False	False	False	טדל	SYN-RG-c071bb86c9	7	HIFIL|HITPAEL|HUFAL|NIFAL|PAAL|PIEL|PUAL	synthetic_v1	synthetic_v1:root:טדל	1.0	GOLD	SYNTHETIC
SYN-RT-78f73ee7aa	ט-ד-ס	טדס	ט	ד	ס			3			False	False	False	False	False	False	False	False	False	False	False	False	False	False	False	False	False	C.C.C	strong	True	False	False	False	False	False	False	False	טדס	SYN-RG-496d210282	7	HIFIL|HITPAEL|HUFAL|NIFAL|PAAL|PIEL|PUAL	synthetic_v1	synthetic_v1:root:טדס	1.0	GOLD	SYNTHETIC
SYN-RT-260ee5e7aa	ט-ז-ל	טזל	ט	ז	ל			3			False	False	False	False	False	False	False	False	False	False	False	False	False	False	False	False	False	C.C.C	strong	True	False	False	False	False	False	False	False	טזל	SYN-RG-a171a521b7	7	HIFIL|HITPAEL|HUFAL|NIFAL|PAAL|PIEL|PUAL	synthetic_v1	synthetic_v1:root:טזל	1.0	GOLD	SYNTHETIC
SYN-RT-b700152a20	ט-ז-ס	טזס	ט	ז	ס			3			False	False	False	False	False	False	False	False	False	False	False	False	False	False	False	False	False	C.C.C	strong	True	False	False	False	False	False	False	False	טזס	SYN-RG-b27e037bf8	7	HIFIL|HITPAEL|HUFAL|NIFAL|PAAL|PIEL|PUAL	synthetic_v1	synthetic_v1:root:טזס	1.0	GOLD	SYNTHETIC
SYN-RT-42d545de8a	ט-ז-פ	טזפ	ט	ז	פ			3			False	False	False	False	False	False	False	False	False	False	False	False	False	False	False	False	False	C.C.C	strong	True	False	False	False	False	False	False	False	טזפ	SYN-RG-ac39716aaf	7	HIFIL|HITPAEL|HUFAL|NIFAL|PAAL|PIEL|PUAL	synthetic_v1	synthetic_v1:root:טזפ	1.0	GOLD	SYNTHETIC
SYN-RT-40dc6dc7d9	ט-ז-ר	טזר	ט	ז	ר			3			False	False	False	False	False	False	False	False	False	False	False	False	False	True	False	False	False	C.C.R	strong	True	False	False	False	False	False	False	False	טזר	SYN-RG-168c2c8991	7	HIFIL|HITPAEL|HUFAL|NIFAL|PAAL|PIEL|PUAL	synthetic_v1	synthetic_v1:root:טזר	1.0	GOLD	SYNTHETIC
SYN-RT-7c6460c992	ט-כ-ז	טכז	ט	כ	ז			3			False	False	False	False	False	False	False	False	False	False	False	False	False	False	False	False	False	C.C.C	strong	True	False	False	False	False	False	False	False	טכז	SYN-RG-7c78e2a02b	7	HIFIL|HITPAEL|HUFAL|NIFAL|PAAL|PIEL|PUAL	synthetic_v1	synthetic_v1:root:טכז	1.0	GOLD	SYNTHETIC
SYN-RT-9581f04dd2	ט-כ-נ	טכנ	ט	כ	נ			3			False	False	False	False	False	False	False	False	False	False	False	False	False	False	False	False	False	C.C.N	strong	True	False	False	False	False	False	False	False	טכנ	SYN-RG-33ef06ae31	7	HIFIL|HITPAEL|HUFAL|NIFAL|PAAL|PIEL|PUAL	synthetic_v1	synthetic_v1:root:טכנ	1.0	GOLD	SYNTHETIC
SYN-RT-fc6f46c29f	ט-כ-ס	טכס	ט	כ	ס			3			False	False	False	False	False	False	False	False	False	False	False	False	False	False	False	False	False	C.C.C	strong	True	False	False	False	False	False	False	False	טכס	SYN-RG-e15fe3e5bc	7	HIFIL|HITPAEL|HUFAL|NIFAL|PAAL|PIEL|PUAL	synthetic_v1	synthetic_v1:root:טכס	1.0	GOLD	SYNTHETIC
SYN-RT-507b510c43	ט-כ-ק	טכק	ט	כ	ק			3			False	False	False	False	False	False	False	False	False	False	False	False	False	False	False	False	False	C.C.C	strong	True	False	False	False	False	False	False	False	טכק	SYN-RG-f02111c4d8	7	HIFIL|HITPAEL|HUFAL|NIFAL|PAAL|PIEL|PUAL	synthetic_v1	synthetic_v1:root:טכק	1.0	GOLD	SYNTHETIC
SYN-RT-f30b7c8ba5	ט-כ-ר	טכר	ט	כ	ר			3			False	False	False	False	False	False	False	False	False	False	False	False	False	True	False	False	False	C.C.R	strong	True	False	False	False	False	False	False	False	טכר	SYN-RG-d44840772d	7	HIFIL|HITPAEL|HUFAL|NIFAL|PAAL|PIEL|PUAL	synthetic_v1	synthetic_v1:root:טכר	1.0	GOLD	SYNTHETIC
SYN-RT-c5570c25c5	ט-ל-ד	טלד	ט	ל	ד			3			False	False	False	False	False	False	False	False	False	False	False	False	False	False	False	False	False	C.C.C	strong	True	False	False	False	False	False	False	False	טלד	SYN-RG-595814fa0b	7	HIFIL|HITPAEL|HUFAL|NIFAL|PAAL|PIEL|PUAL	synthetic_v1	synthetic_v1:root:טלד	1.0	GOLD	SYNTHETIC
SYN-RT-f87823a59c	ט-ל-כ	טלכ	ט	ל	כ			3			False	False	False	False	False	False	False	False	False	False	False	False	False	False	False	False	False	C.C.C	strong	True	False	False	False	False	False	False	False	טלכ	SYN-RG-5f0168ccb3	7	HIFIL|HITPAEL|HUFAL|NIFAL|PAAL|PIEL|PUAL	synthetic_v1	synthetic_v1:root:טלכ	1.0	GOLD	SYNTHETIC
SYN-RT-e0115719a6	ט-ל-נ	טלנ	ט	ל	נ			3			False	False	False	False	False	False	False	False	False	False	False	False	False	False	False	False	False	C.C.N	strong	True	False	False	False	False	False	False	False	טלנ	SYN-RG-b2841654ff	7	HIFIL|HITPAEL|HUFAL|NIFAL|PAAL|PIEL|PUAL	synthetic_v1	synthetic_v1:root:טלנ	1.0	GOLD	SYNTHETIC
SYN-RT-8eb4eca687	ט-ל-ק	טלק	ט	ל	ק			3			False	False	False	False	False	False	False	False	False	False	False	False	False	False	False	False	False	C.C.C	strong	True	False	False	False	False	False	False	False	טלק	SYN-RG-963a6d35aa	7	HIFIL|HITPAEL|HUFAL|NIFAL|PAAL|PIEL|PUAL	synthetic_v1	synthetic_v1:root:טלק	1.0	GOLD	SYNTHETIC
SYN-RT-0545b9d74a	ט-ל-ת	טלת	ט	ל	ת			3			False	False	False	False	False	False	False	False	False	False	False	False	False	False	False	False	False	C.C.C	strong	True	False	False	False	False	False	False	False	טלת	SYN-RG-86d608032c	7	HIFIL|HITPAEL|HUFAL|NIFAL|PAAL|PIEL|PUAL	synthetic_v1	synthetic_v1:root:טלת	1.0	GOLD	SYNTHETIC
SYN-RT-e834087a0e	ט-מ-ד	טמד	ט	מ	ד			3			False	False	False	False	False	False	False	False	False	False	False	False	False	False	False	False	False	C.C.C	strong	True	False	False	False	False	False	False	False	טמד	SYN-RG-0ac696a19c	7	HIFIL|HITPAEL|HUFAL|NIFAL|PAAL|PIEL|PUAL	synthetic_v1	synthetic_v1:root:טמד	1.0	GOLD	SYNTHETIC
SYN-RT-408649ea79	ט-מ-ל	טמל	ט	מ	ל			3			False	False	False	False	False	False	False	False	False	False	False	False	False	False	False	False	False	C.C.C	strong	True	False	False	False	False	False	False	False	טמל	SYN-RG-568d0d71bc	7	HIFIL|HITPAEL|HUFAL|NIFAL|PAAL|PIEL|PUAL	synthetic_v1	synthetic_v1:root:טמל	1.0	GOLD	SYNTHETIC
SYN-RT-7f30e07739	ט-מ-ס	טמס	ט	מ	ס			3			False	False	False	False	False	False	False	False	False	False	False	False	False	False	False	False	False	C.C.C	strong	True	False	False	False	False	False	False	False	טמס	SYN-RG-989c36bf7c	7	HIFIL|HITPAEL|HUFAL|NIFAL|PAAL|PIEL|PUAL	synthetic_v1	synthetic_v1:root:טמס	1.0	GOLD	SYNTHETIC
SYN-RT-c031d03bdc	ט-נ-ד	טנד	ט	נ	ד			3			False	False	False	False	False	False	False	False	False	False	False	False	False	False	False	False	False	C.N.C	strong	True	False	False	False	False	False	False	False	טנד	SYN-RG-c73f4ee0bf	7	HIFIL|HITPAEL|HUFAL|NIFAL|PAAL|PIEL|PUAL	synthetic_v1	synthetic_v1:root:טנד	1.0	GOLD	SYNTHETIC
SYN-RT-dac307efa4	ט-נ-ל	טנל	ט	נ	ל			3			False	False	False	False	False	False	False	False	False	False	False	False	False	False	False	False	False	C.N.C	strong	True	False	False	False	False	False	False	False	טנל	SYN-RG-235c77f228	7	HIFIL|HITPAEL|HUFAL|NIFAL|PAAL|PIEL|PUAL	synthetic_v1	synthetic_v1:root:טנל	1.0	GOLD	SYNTHETIC
SYN-RT-17e1d87ccb	ט-נ-ר	טנר	ט	נ	ר			3			False	False	False	False	False	False	False	False	False	False	False	False	False	True	False	False	False	C.N.R	strong	True	False	False	False	False	False	False	False	טנר	SYN-RG-70dcde6860	7	HIFIL|HITPAEL|HUFAL|NIFAL|PAAL|PIEL|PUAL	synthetic_v1	synthetic_v1:root:טנר	1.0	GOLD	SYNTHETIC
SYN-RT-b65ce4c477	ט-נ-שׁ	טנשׁ	ט	נ	ש			3			False	False	False	False	False	False	False	False	False	False	False	False	False	False	False	False	False	C.N.C	strong	True	False	False	False	False	False	False	False	טנש	SYN-RG-7478411033	7	HIFIL|HITPAEL|HUFAL|NIFAL|PAAL|PIEL|PUAL	synthetic_v1	synthetic_v1:root:טנשׁ	1.0	GOLD	SYNTHETIC
SYN-RT-b58f5eade3	ט-ס-ב	טסב	ט	ס	ב			3			False	False	False	False	False	False	False	False	False	False	False	False	False	False	False	False	False	C.C.C	strong	True	False	False	False	False	False	False	False	טסב	SYN-RG-ab25f7ebe3	7	HIFIL|HITPAEL|HUFAL|NIFAL|PAAL|PIEL|PUAL	synthetic_v1	synthetic_v1:root:טסב	1.0	GOLD	SYNTHETIC
SYN-RT-9d340ff720	ט-ס-ד	טסד	ט	ס	ד			3			False	False	False	False	False	False	False	False	False	False	False	False	False	False	False	False	False	C.C.C	strong	True	False	False	False	False	False	False	False	טסד	SYN-RG-eb496fdff5	7	HIFIL|HITPAEL|HUFAL|NIFAL|PAAL|PIEL|PUAL	synthetic_v1	synthetic_v1:root:טסד	1.0	GOLD	SYNTHETIC
SYN-RT-728e633480	ט-ס-צ	טסצ	ט	ס	צ			3			False	False	False	False	False	False	False	False	False	False	False	False	False	False	False	False	False	C.C.C	strong	True	False	False	False	False	False	False	False	טסצ	SYN-RG-eeed0bd195	7	HIFIL|HITPAEL|HUFAL|NIFAL|PAAL|PIEL|PUAL	synthetic_v1	synthetic_v1:root:טסצ	1.0	GOLD	SYNTHETIC
SYN-RT-46c6a144f6	ט-ס-ר	טסר	ט	ס	ר			3			False	False	False	False	False	False	False	False	False	False	False	False	False	True	False	False	False	C.C.R	strong	True	False	False	False	False	False	False	False	טסר	SYN-RG-06ea1715c0	7	HIFIL|HITPAEL|HUFAL|NIFAL|PAAL|PIEL|PUAL	synthetic_v1	synthetic_v1:root:טסר	1.0	GOLD	SYNTHETIC
SYN-RT-49f5c7d716	ט-פ-ב	טפב	ט	פ	ב			3			False	False	False	False	False	False	False	False	False	False	False	False	False	False	False	False	False	C.C.C	strong	True	False	False	False	False	False	False	False	טפב	SYN-RG-2859b86e91	7	HIFIL|HITPAEL|HUFAL|NIFAL|PAAL|PIEL|PUAL	synthetic_v1	synthetic_v1:root:טפב	1.0	GOLD	SYNTHETIC
SYN-RT-4769bbae89	ט-פ-ג	טפג	ט	פ	ג			3			False	False	False	False	False	False	False	False	False	False	False	False	False	False	False	False	False	C.C.C	strong	True	False	False	False	False	False	False	False	טפג	SYN-RG-79975074ce	7	HIFIL|HITPAEL|HUFAL|NIFAL|PAAL|PIEL|PUAL	synthetic_v1	synthetic_v1:root:טפג	1.0	GOLD	SYNTHETIC
SYN-RT-ca767fecbc	ט-פ-ד	טפד	ט	פ	ד			3			False	False	False	False	False	False	False	False	False	False	False	False	False	False	False	False	False	C.C.C	strong	True	False	False	False	False	False	False	False	טפד	SYN-RG-de2e960ea3	7	HIFIL|HITPAEL|HUFAL|NIFAL|PAAL|PIEL|PUAL	synthetic_v1	synthetic_v1:root:טפד	1.0	GOLD	SYNTHETIC
SYN-RT-b4b8a741cd	ט-פ-כ	טפכ	ט	פ	כ			3			False	False	False	False	False	False	False	False	False	False	False	False	False	False	False	False	False	C.C.C	strong	True	False	False	False	False	False	False	False	טפכ	SYN-RG-8e39f24eef	7	HIFIL|HITPAEL|HUFAL|NIFAL|PAAL|PIEL|PUAL	synthetic_v1	synthetic_v1:root:טפכ	1.0	GOLD	SYNTHETIC
SYN-RT-26f9ef31f8	ט-פ-נ	טפנ	ט	פ	נ			3			False	False	False	False	False	False	False	False	False	False	False	False	False	False	False	False	False	C.C.N	strong	True	False	False	False	False	False	False	False	טפנ	SYN-RG-d8b0775e51	7	HIFIL|HITPAEL|HUFAL|NIFAL|PAAL|PIEL|PUAL	synthetic_v1	synthetic_v1:root:טפנ	1.0	GOLD	SYNTHETIC
SYN-RT-03a0ab1bdc	ט-פ-ר	טפר	ט	פ	ר			3			False	False	False	False	False	False	False	False	False	False	False	False	False	True	False	False	False	C.C.R	strong	True	False	False	False	False	False	False	False	טפר	SYN-RG-31ea23dbea	7	HIFIL|HITPAEL|HUFAL|NIFAL|PAAL|PIEL|PUAL	synthetic_v1	synthetic_v1:root:טפר	1.0	GOLD	SYNTHETIC
SYN-RT-6f345a377b	ט-צ-כ	טצכ	ט	צ	כ			3			False	False	False	False	False	False	False	False	False	False	False	False	False	False	False	False	False	C.C.C	strong	True	False	False	False	False	False	False	False	טצכ	SYN-RG-249c18203f	7	HIFIL|HITPAEL|HUFAL|NIFAL|PAAL|PIEL|PUAL	synthetic_v1	synthetic_v1:root:טצכ	1.0	GOLD	SYNTHETIC
SYN-RT-5cfc97dc49	ט-צ-ל	טצל	ט	צ	ל			3			False	False	False	False	False	False	False	False	False	False	False	False	False	False	False	False	False	C.C.C	strong	True	False	False	False	False	False	False	False	טצל	SYN-RG-5297c06b37	7	HIFIL|HITPAEL|HUFAL|NIFAL|PAAL|PIEL|PUAL	synthetic_v1	synthetic_v1:root:טצל	1.0	GOLD	SYNTHETIC
SYN-RT-47166b8bbe	ט-צ-מ	טצמ	ט	צ	מ			3			False	False	False	False	False	False	False	False	False	False	False	False	False	False	False	False	False	C.C.C	strong	True	False	False	False	False	False	False	False	טצמ	SYN-RG-ef35a7ddd5	7	HIFIL|HITPAEL|HUFAL|NIFAL|PAAL|PIEL|PUAL	synthetic_v1	synthetic_v1:root:טצמ	1.0	GOLD	SYNTHETIC
SYN-RT-5de2ae1b0f	ט-צ-ס	טצס	ט	צ	ס			3			False	False	False	False	False	False	False	False	False	False	False	False	False	False	False	False	False	C.C.C	strong	True	False	False	False	False	False	False	False	טצס	SYN-RG-1988101bc6	7	HIFIL|HITPAEL|HUFAL|NIFAL|PAAL|PIEL|PUAL	synthetic_v1	synthetic_v1:root:טצס	1.0	GOLD	SYNTHETIC
SYN-RT-814e99ee0f	ט-צ-ק	טצק	ט	צ	ק			3			False	False	False	False	False	False	False	False	False	False	False	False	False	False	False	False	False	C.C.C	strong	True	False	False	False	False	False	False	False	טצק	SYN-RG-6a4b618d06	7	HIFIL|HITPAEL|HUFAL|NIFAL|PAAL|PIEL|PUAL	synthetic_v1	synthetic_v1:root:טצק	1.0	GOLD	SYNTHETIC
SYN-RT-29f1d2639e	ט-צ-ר	טצר	ט	צ	ר			3			False	False	False	False	False	False	False	False	False	False	False	False	False	True	False	False	False	C.C.R	strong	True	False	False	False	False	False	False	False	טצר	SYN-RG-1af2047157	7	HIFIL|HITPAEL|HUFAL|NIFAL|PAAL|PIEL|PUAL	synthetic_v1	synthetic_v1:root:טצר	1.0	GOLD	SYNTHETIC
SYN-RT-a4f40c2de2	ט-ק-ב	טקב	ט	ק	ב			3			False	False	False	False	False	False	False	False	False	False	False	False	False	False	False	False	False	C.C.C	strong	True	False	False	False	False	False	False	False	טקב	SYN-RG-73a384fee8	7	HIFIL|HITPAEL|HUFAL|NIFAL|PAAL|PIEL|PUAL	synthetic_v1	synthetic_v1:root:טקב	1.0	GOLD	SYNTHETIC
SYN-RT-062f9659a2	ט-ק-ס	טקס	ט	ק	ס			3			False	False	False	False	False	False	False	False	False	False	False	False	False	False	False	False	False	C.C.C	strong	True	False	False	False	False	False	False	False	טקס	SYN-RG-8b58d895f2	7	HIFIL|HITPAEL|HUFAL|NIFAL|PAAL|PIEL|PUAL	synthetic_v1	synthetic_v1:root:טקס	1.0	GOLD	SYNTHETIC
SYN-RT-4409377b5f	ט-ר-ב	טרב	ט	ר	ב			3			False	False	False	False	False	False	False	False	False	False	False	False	False	True	False	False	False	C.R.C	strong	True	False	False	False	False	False	False	False	טרב	SYN-RG-8ac9b91611	7	HIFIL|HITPAEL|HUFAL|NIFAL|PAAL|PIEL|PUAL	synthetic_v1	synthetic_v1:root:טרב	1.0	GOLD	SYNTHETIC
SYN-RT-d1b0634831	ט-ר-ל	טרל	ט	ר	ל			3			False	False	False	False	False	False	False	False	False	False	False	False	False	True	False	False	False	C.R.C	strong	True	False	False	False	False	False	False	False	טרל	SYN-RG-79f214ee68	7	HIFIL|HITPAEL|HUFAL|NIFAL|PAAL|PIEL|PUAL	synthetic_v1	synthetic_v1:root:טרל	1.0	GOLD	SYNTHETIC
SYN-RT-c804b6905b	ט-ר-נ	טרנ	ט	ר	נ			3			False	False	False	False	False	False	False	False	False	False	False	False	False	True	False	False	False	C.R.N	strong	True	False	False	False	False	False	False	False	טרנ	SYN-RG-885da62612	7	HIFIL|HITPAEL|HUFAL|NIFAL|PAAL|PIEL|PUAL	synthetic_v1	synthetic_v1:root:טרנ	1.0	GOLD	SYNTHETIC
SYN-RT-9bb28c2499	ט-שׁ-ז	טשׁז	ט	ש	ז			3			False	False	False	False	False	False	False	False	False	False	False	False	False	False	False	False	False	C.C.C	strong	True	False	False	False	False	False	False	False	טשז	SYN-RG-7b43da7aa6	7	HIFIL|HITPAEL|HUFAL|NIFAL|PAAL|PIEL|PUAL	synthetic_v1	synthetic_v1:root:טשׁז	1.0	GOLD	SYNTHETIC
SYN-RT-9439fab9f1	ט-ת-ב	טתב	ט	ת	ב			3			False	False	False	False	False	False	False	False	False	False	False	False	False	False	False	False	False	C.C.C	strong	True	False	False	False	False	False	False	False	טתב	SYN-RG-dd14341054	7	HIFIL|HITPAEL|HUFAL|NIFAL|PAAL|PIEL|PUAL	synthetic_v1	synthetic_v1:root:טתב	1.0	GOLD	SYNTHETIC
SYN-RT-9d1a6bcaf7	ט-ת-כ	טתכ	ט	ת	כ			3			False	False	False	False	False	False	False	False	False	False	False	False	False	False	False	False	False	C.C.C	strong	True	False	False	False	False	False	False	False	טתכ	SYN-RG-d2a63d3bd6	7	HIFIL|HITPAEL|HUFAL|NIFAL|PAAL|PIEL|PUAL	synthetic_v1	synthetic_v1:root:טתכ	1.0	GOLD	SYNTHETIC
SYN-RT-c1c0e8e222	ט-ת-פ	טתפ	ט	ת	פ			3			False	False	False	False	False	False	False	False	False	False	False	False	False	False	False	False	False	C.C.C	strong	True	False	False	False	False	False	False	False	טתפ	SYN-RG-01f9a35e65	7	HIFIL|HITPAEL|HUFAL|NIFAL|PAAL|PIEL|PUAL	synthetic_v1	synthetic_v1:root:טתפ	1.0	GOLD	SYNTHETIC
SYN-RT-3d5848db4e	ט-ת-צ	טתצ	ט	ת	צ			3			False	False	False	False	False	False	False	False	False	False	False	False	False	False	False	False	False	C.C.C	strong	True	False	False	False	False	False	False	False	טתצ	SYN-RG-e685826a45	7	HIFIL|HITPAEL|HUFAL|NIFAL|PAAL|PIEL|PUAL	synthetic_v1	synthetic_v1:root:טתצ	1.0	GOLD	SYNTHETIC
SYN-RT-bc4a782511	ט-ת-שׁ	טתשׁ	ט	ת	ש			3			False	False	False	False	False	False	False	False	False	False	False	False	False	False	False	False	False	C.C.C	strong	True	False	False	False	False	False	False	False	טתש	SYN-RG-bb67a0ff81	7	HIFIL|HITPAEL|HUFAL|NIFAL|PAAL|PIEL|PUAL	synthetic_v1	synthetic_v1:root:טתשׁ	1.0	GOLD	SYNTHETIC
SYN-RT-7e68ffc65b	כ-ב-ל	כבל	כ	ב	ל			3			False	False	False	False	False	False	False	False	False	False	False	False	False	False	False	False	False	C.C.C	strong	True	False	False	False	False	False	False	False	כבל	SYN-RG-829845c283	7	HIFIL|HITPAEL|HUFAL|NIFAL|PAAL|PIEL|PUAL	synthetic_v1	synthetic_v1:root:כבל	1.0	GOLD	SYNTHETIC
SYN-RT-46fbb4ae0d	כ-ב-מ	כבמ	כ	ב	מ			3			False	False	False	False	False	False	False	False	False	False	False	False	False	False	False	False	False	C.C.C	strong	True	False	False	False	False	False	False	False	כבמ	SYN-RG-f9790e732f	7	HIFIL|HITPAEL|HUFAL|NIFAL|PAAL|PIEL|PUAL	synthetic_v1	synthetic_v1:root:כבמ	1.0	GOLD	SYNTHETIC
SYN-RT-f3e8079f8c	כ-ב-צ	כבצ	כ	ב	צ			3			False	False	False	False	False	False	False	False	False	False	False	False	False	False	False	False	False	C.C.C	strong	True	False	False	False	False	False	False	False	כבצ	SYN-RG-f117d02856	7	HIFIL|HITPAEL|HUFAL|NIFAL|PAAL|PIEL|PUAL	synthetic_v1	synthetic_v1:root:כבצ	1.0	GOLD	SYNTHETIC
SYN-RT-e6b089ce97	כ-ב-ר	כבר	כ	ב	ר			3			False	False	False	False	False	False	False	False	False	False	False	False	False	True	False	False	False	C.C.R	strong	True	False	False	False	False	False	False	False	כבר	SYN-RG-1d4e05c65c	7	HIFIL|HITPAEL|HUFAL|NIFAL|PAAL|PIEL|PUAL	synthetic_v1	synthetic_v1:root:כבר	1.0	GOLD	SYNTHETIC
SYN-RT-225b452a2d	כ-ג-ד	כגד	כ	ג	ד			3			False	False	False	False	False	False	False	False	False	False	False	False	False	False	False	False	False	C.C.C	strong	True	False	False	False	False	False	False	False	כגד	SYN-RG-ab019a5207	7	HIFIL|HITPAEL|HUFAL|NIFAL|PAAL|PIEL|PUAL	synthetic_v1	synthetic_v1:root:כגד	1.0	GOLD	SYNTHETIC
SYN-RT-45004f9f06	כ-ג-צ	כגצ	כ	ג	צ			3			False	False	False	False	False	False	False	False	False	False	False	False	False	False	False	False	False	C.C.C	strong	True	False	False	False	False	False	False	False	כגצ	SYN-RG-d38b2790df	7	HIFIL|HITPAEL|HUFAL|NIFAL|PAAL|PIEL|PUAL	synthetic_v1	synthetic_v1:root:כגצ	1.0	GOLD	SYNTHETIC
SYN-RT-88603da10c	כ-ג-שׁ	כגשׁ	כ	ג	ש			3			False	False	False	False	False	False	False	False	False	False	False	False	False	False	False	False	False	C.C.C	strong	True	False	False	False	False	False	False	False	כגש	SYN-RG-108a15d42f	7	HIFIL|HITPAEL|HUFAL|NIFAL|PAAL|PIEL|PUAL	synthetic_v1	synthetic_v1:root:כגשׁ	1.0	GOLD	SYNTHETIC
SYN-RT-29347e0ae5	כ-ד-ב	כדב	כ	ד	ב			3			False	False	False	False	False	False	False	False	False	False	False	False	False	False	False	False	False	C.C.C	strong	True	False	False	False	False	False	False	False	כדב	SYN-RG-8a8fd9f0e5	7	HIFIL|HITPAEL|HUFAL|NIFAL|PAAL|PIEL|PUAL	synthetic_v1	synthetic_v1:root:כדב	1.0	GOLD	SYNTHETIC
SYN-RT-967df438b3	כ-ד-ג	כדג	כ	ד	ג			3			False	False	False	False	False	False	False	False	False	False	False	False	False	False	False	False	False	C.C.C	strong	True	False	False	False	False	False	False	False	כדג	SYN-RG-72b74964af	7	HIFIL|HITPAEL|HUFAL|NIFAL|PAAL|PIEL|PUAL	synthetic_v1	synthetic_v1:root:כדג	1.0	GOLD	SYNTHETIC
SYN-RT-c64c2464a0	כ-ד-ז	כדז	כ	ד	ז			3			False	False	False	False	False	False	False	False	False	False	False	False	False	False	False	False	False	C.C.C	strong	True	False	False	False	False	False	False	False	כדז	SYN-RG-b6a030a152	7	HIFIL|HITPAEL|HUFAL|NIFAL|PAAL|PIEL|PUAL	synthetic_v1	synthetic_v1:root:כדז	1.0	GOLD	SYNTHETIC
SYN-RT-19b268af6f	כ-ד-פ	כדפ	כ	ד	פ			3			False	False	False	False	False	False	False	False	False	False	False	False	False	False	False	False	False	C.C.C	strong	True	False	False	False	False	False	False	False	כדפ	SYN-RG-94f4954e4f	7	HIFIL|HITPAEL|HUFAL|NIFAL|PAAL|PIEL|PUAL	synthetic_v1	synthetic_v1:root:כדפ	1.0	GOLD	SYNTHETIC
SYN-RT-551d362d7d	כ-ד-צ	כדצ	כ	ד	צ			3			False	False	False	False	False	False	False	False	False	False	False	False	False	False	False	False	False	C.C.C	strong	True	False	False	False	False	False	False	False	כדצ	SYN-RG-866cabb73b	7	HIFIL|HITPAEL|HUFAL|NIFAL|PAAL|PIEL|PUAL	synthetic_v1	synthetic_v1:root:כדצ	1.0	GOLD	SYNTHETIC
SYN-RT-cc596ab5a2	כ-ד-ק	כדק	כ	ד	ק			3			False	False	False	False	False	False	False	False	False	False	False	False	False	False	False	False	False	C.C.C	strong	True	False	False	False	False	False	False	False	כדק	SYN-RG-73eed8d37d	7	HIFIL|HITPAEL|HUFAL|NIFAL|PAAL|PIEL|PUAL	synthetic_v1	synthetic_v1:root:כדק	1.0	GOLD	SYNTHETIC
SYN-RT-cef506d351	כ-ד-ר	כדר	כ	ד	ר			3			False	False	False	False	False	False	False	False	False	False	False	False	False	True	False	False	False	C.C.R	strong	True	False	False	False	False	False	False	False	כדר	SYN-RG-3a195d8a93	7	HIFIL|HITPAEL|HUFAL|NIFAL|PAAL|PIEL|PUAL	synthetic_v1	synthetic_v1:root:כדר	1.0	GOLD	SYNTHETIC
SYN-RT-8e7ee340e6	כ-ז-ג	כזג	כ	ז	ג			3			False	False	False	False	False	False	False	False	False	False	False	False	False	False	False	False	False	C.C.C	strong	True	False	False	False	False	False	False	False	כזג	SYN-RG-f31075c827	7	HIFIL|HITPAEL|HUFAL|NIFAL|PAAL|PIEL|PUAL	synthetic_v1	synthetic_v1:root:כזג	1.0	GOLD	SYNTHETIC
SYN-RT-6e5cec0d95	כ-ז-ד	כזד	כ	ז	ד			3			False	False	False	False	False	False	False	False	False	False	False	False	False	False	False	False	False	C.C.C	strong	True	False	False	False	False	False	False	False	כזד	SYN-RG-17d819ff34	7	HIFIL|HITPAEL|HUFAL|NIFAL|PAAL|PIEL|PUAL	synthetic_v1	synthetic_v1:root:כזד	1.0	GOLD	SYNTHETIC
SYN-RT-4f8283edab	כ-ז-ט	כזט	כ	ז	ט			3			False	False	False	False	False	False	False	False	False	False	False	False	False	False	False	False	False	C.C.C	strong	True	False	False	False	False	False	False	False	כזט	SYN-RG-450df04fc3	7	HIFIL|HITPAEL|HUFAL|NIFAL|PAAL|PIEL|PUAL	synthetic_v1	synthetic_v1:root:כזט	1.0	GOLD	SYNTHETIC
SYN-RT-f3e959ca57	כ-ז-ל	כזל	כ	ז	ל			3			False	False	False	False	False	False	False	False	False	False	False	False	False	False	False	False	False	C.C.C	strong	True	False	False	False	False	False	False	False	כזל	SYN-RG-fdc34077e9	7	HIFIL|HITPAEL|HUFAL|NIFAL|PAAL|PIEL|PUAL	synthetic_v1	synthetic_v1:root:כזל	1.0	GOLD	SYNTHETIC
SYN-RT-2fff3ee017	כ-ז-צ	כזצ	כ	ז	צ			3			False	False	False	False	False	False	False	False	False	False	False	False	False	False	False	False	False	C.C.C	strong	True	False	False	False	False	False	False	False	כזצ	SYN-RG-ddbd87faa2	7	HIFIL|HITPAEL|HUFAL|NIFAL|PAAL|PIEL|PUAL	synthetic_v1	synthetic_v1:root:כזצ	1.0	GOLD	SYNTHETIC
SYN-RT-97a8d924de	כ-ז-ר	כזר	כ	ז	ר			3			False	False	False	False	False	False	False	False	False	False	False	False	False	True	False	False	False	C.C.R	strong	True	False	False	False	False	False	False	False	כזר	SYN-RG-79c3622977	7	HIFIL|HITPAEL|HUFAL|NIFAL|PAAL|PIEL|PUAL	synthetic_v1	synthetic_v1:root:כזר	1.0	GOLD	SYNTHETIC
SYN-RT-041489b8d6	כ-ז-שׁ	כזשׁ	כ	ז	ש			3			False	False	False	False	False	False	False	False	False	False	False	False	False	False	False	False	False	C.C.C	strong	True	False	False	False	False	False	False	False	כזש	SYN-RG-e6e82c805c	7	HIFIL|HITPAEL|HUFAL|NIFAL|PAAL|PIEL|PUAL	synthetic_v1	synthetic_v1:root:כזשׁ	1.0	GOLD	SYNTHETIC
SYN-RT-afff48802a	כ-ט-פ	כטפ	כ	ט	פ			3			False	False	False	False	False	False	False	False	False	False	False	False	False	False	False	False	False	C.C.C	strong	True	False	False	False	False	False	False	False	כטפ	SYN-RG-1c3c9f37cd	7	HIFIL|HITPAEL|HUFAL|NIFAL|PAAL|PIEL|PUAL	synthetic_v1	synthetic_v1:root:כטפ	1.0	GOLD	SYNTHETIC
SYN-RT-b27d89c91b	כ-ט-ת	כטת	כ	ט	ת			3			False	False	False	False	False	False	False	False	False	False	False	False	False	False	False	False	False	C.C.C	strong	True	False	False	False	False	False	False	False	כטת	SYN-RG-9cd93a5a43	7	HIFIL|HITPAEL|HUFAL|NIFAL|PAAL|PIEL|PUAL	synthetic_v1	synthetic_v1:root:כטת	1.0	GOLD	SYNTHETIC
SYN-RT-f8502c3e92	כ-ל-ב	כלב	כ	ל	ב			3			False	False	False	False	False	False	False	False	False	False	False	False	False	False	False	False	False	C.C.C	strong	True	False	False	False	False	False	False	False	כלב	SYN-RG-083e94346d	7	HIFIL|HITPAEL|HUFAL|NIFAL|PAAL|PIEL|PUAL	synthetic_v1	synthetic_v1:root:כלב	1.0	GOLD	SYNTHETIC
SYN-RT-d1b6747f7a	כ-ל-ז	כלז	כ	ל	ז			3			False	False	False	False	False	False	False	False	False	False	False	False	False	False	False	False	False	C.C.C	strong	True	False	False	False	False	False	False	False	כלז	SYN-RG-bc04e0c708	7	HIFIL|HITPAEL|HUFAL|NIFAL|PAAL|PIEL|PUAL	synthetic_v1	synthetic_v1:root:כלז	1.0	GOLD	SYNTHETIC
SYN-RT-85eab35b1a	כ-ל-ט	כלט	כ	ל	ט			3			False	False	False	False	False	False	False	False	False	False	False	False	False	False	False	False	False	C.C.C	strong	True	False	False	False	False	False	False	False	כלט	SYN-RG-de07d63574	7	HIFIL|HITPAEL|HUFAL|NIFAL|PAAL|PIEL|PUAL	synthetic_v1	synthetic_v1:root:כלט	1.0	GOLD	SYNTHETIC
SYN-RT-dec9b2f5e4	כ-ל-מ	כלמ	כ	ל	מ			3			False	False	False	False	False	False	False	False	False	False	False	False	False	False	False	False	False	C.C.C	strong	True	False	False	False	False	False	False	False	כלמ	SYN-RG-a95c8c6d30	7	HIFIL|HITPAEL|HUFAL|NIFAL|PAAL|PIEL|PUAL	synthetic_v1	synthetic_v1:root:כלמ	1.0	GOLD	SYNTHETIC
SYN-RT-b6b065f721	כ-ל-נ	כלנ	כ	ל	נ			3			False	False	False	False	False	False	False	False	False	False	False	False	False	False	False	False	False	C.C.N	strong	True	False	False	False	False	False	False	False	כלנ	SYN-RG-e3c454a531	7	HIFIL|HITPAEL|HUFAL|NIFAL|PAAL|PIEL|PUAL	synthetic_v1	synthetic_v1:root:כלנ	1.0	GOLD	SYNTHETIC
SYN-RT-0a2f69b947	כ-ל-ת	כלת	כ	ל	ת			3			False	False	False	False	False	False	False	False	False	False	False	False	False	False	False	False	False	C.C.C	strong	True	False	False	False	False	False	False	False	כלת	SYN-RG-1dc24f5147	7	HIFIL|HITPAEL|HUFAL|NIFAL|PAAL|PIEL|PUAL	synthetic_v1	synthetic_v1:root:כלת	1.0	GOLD	SYNTHETIC
SYN-RT-146a059c5f	כ-מ-ב	כמב	כ	מ	ב			3			False	False	False	False	False	False	False	False	False	False	False	False	False	False	False	False	False	C.C.C	strong	True	False	False	False	False	False	False	False	כמב	SYN-RG-661657ded5	7	HIFIL|HITPAEL|HUFAL|NIFAL|PAAL|PIEL|PUAL	synthetic_v1	synthetic_v1:root:כמב	1.0	GOLD	SYNTHETIC
SYN-RT-8b87328011	כ-מ-ז	כמז	כ	מ	ז			3			False	False	False	False	False	False	False	False	False	False	False	False	False	False	False	False	False	C.C.C	strong	True	False	False	False	False	False	False	False	כמז	SYN-RG-b2f157c7ed	7	HIFIL|HITPAEL|HUFAL|NIFAL|PAAL|PIEL|PUAL	synthetic_v1	synthetic_v1:root:כמז	1.0	GOLD	SYNTHETIC
SYN-RT-25660d3978	כ-מ-ל	כמל	כ	מ	ל			3			False	False	False	False	False	False	False	False	False	False	False	False	False	False	False	False	False	C.C.C	strong	True	False	False	False	False	False	False	False	כמל	SYN-RG-687c0d63c0	7	HIFIL|HITPAEL|HUFAL|NIFAL|PAAL|PIEL|PUAL	synthetic_v1	synthetic_v1:root:כמל	1.0	GOLD	SYNTHETIC
SYN-RT-57f9eb9e18	כ-מ-פ	כמפ	כ	מ	פ			3			False	False	False	False	False	False	False	False	False	False	False	False	False	False	False	False	False	C.C.C	strong	True	False	False	False	False	False	False	False	כמפ	SYN-RG-fbf8088156	7	HIFIL|HITPAEL|HUFAL|NIFAL|PAAL|PIEL|PUAL	synthetic_v1	synthetic_v1:root:כמפ	1.0	GOLD	SYNTHETIC
SYN-RT-9abcfce119	כ-מ-ק	כמק	כ	מ	ק			3			False	False	False	False	False	False	False	False	False	False	False	False	False	False	False	False	False	C.C.C	strong	True	False	False	False	False	False	False	False	כמק	SYN-RG-f4b8d8ac55	7	HIFIL|HITPAEL|HUFAL|NIFAL|PAAL|PIEL|PUAL	synthetic_v1	synthetic_v1:root:כמק	1.0	GOLD	SYNTHETIC
SYN-RT-632c1f3519	כ-מ-ר	כמר	כ	מ	ר			3			False	False	False	False	False	False	False	False	False	False	False	False	False	True	False	False	False	C.C.R	strong	True	False	False	False	False	False	False	False	כמר	SYN-RG-5a8a301268	7	HIFIL|HITPAEL|HUFAL|NIFAL|PAAL|PIEL|PUAL	synthetic_v1	synthetic_v1:root:כמר	1.0	GOLD	SYNTHETIC
SYN-RT-70c90ba026	כ-נ-מ	כנמ	כ	נ	מ			3			False	False	False	False	False	False	False	False	False	False	False	False	False	False	False	False	False	C.N.C	strong	True	False	False	False	False	False	False	False	כנמ	SYN-RG-081574f48a	7	HIFIL|HITPAEL|HUFAL|NIFAL|PAAL|PIEL|PUAL	synthetic_v1	synthetic_v1:root:כנמ	1.0	GOLD	SYNTHETIC
SYN-RT-b6c5e6f0f2	כ-נ-צ	כנצ	כ	נ	צ			3			False	False	False	False	False	False	False	False	False	False	False	False	False	False	False	False	False	C.N.C	strong	True	False	False	False	False	False	False	False	כנצ	SYN-RG-ff6079c29a	7	HIFIL|HITPAEL|HUFAL|NIFAL|PAAL|PIEL|PUAL	synthetic_v1	synthetic_v1:root:כנצ	1.0	GOLD	SYNTHETIC
SYN-RT-909f7f984b	כ-נ-ק	כנק	כ	נ	ק			3			False	False	False	False	False	False	False	False	False	False	False	False	False	False	False	False	False	C.N.C	strong	True	False	False	False	False	False	False	False	כנק	SYN-RG-549d170ba5	7	HIFIL|HITPAEL|HUFAL|NIFAL|PAAL|PIEL|PUAL	synthetic_v1	synthetic_v1:root:כנק	1.0	GOLD	SYNTHETIC
SYN-RT-f0132296f0	כ-ס-ב	כסב	כ	ס	ב			3			False	False	False	False	False	False	False	False	False	False	False	False	False	False	False	False	False	C.C.C	strong	True	False	False	False	False	False	False	False	כסב	SYN-RG-f98ebba648	7	HIFIL|HITPAEL|HUFAL|NIFAL|PAAL|PIEL|PUAL	synthetic_v1	synthetic_v1:root:כסב	1.0	GOLD	SYNTHETIC
SYN-RT-85e97b0423	כ-ס-ז	כסז	כ	ס	ז			3			False	False	False	False	False	False	False	False	False	False	False	False	False	False	False	False	False	C.C.C	strong	True	False	False	False	False	False	False	False	כסז	SYN-RG-e7c0145149	7	HIFIL|HITPAEL|HUFAL|NIFAL|PAAL|PIEL|PUAL	synthetic_v1	synthetic_v1:root:כסז	1.0	GOLD	SYNTHETIC
SYN-RT-8df0352185	כ-ס-ל	כסל	כ	ס	ל			3			False	False	False	False	False	False	False	False	False	False	False	False	False	False	False	False	False	C.C.C	strong	True	False	False	False	False	False	False	False	כסל	SYN-RG-61d4b49c47	7	HIFIL|HITPAEL|HUFAL|NIFAL|PAAL|PIEL|PUAL	synthetic_v1	synthetic_v1:root:כסל	1.0	GOLD	SYNTHETIC
SYN-RT-7e056ce878	כ-ס-ת	כסת	כ	ס	ת			3			False	False	False	False	False	False	False	False	False	False	False	False	False	False	False	False	False	C.C.C	strong	True	False	False	False	False	False	False	False	כסת	SYN-RG-7ea2f306f1	7	HIFIL|HITPAEL|HUFAL|NIFAL|PAAL|PIEL|PUAL	synthetic_v1	synthetic_v1:root:כסת	1.0	GOLD	SYNTHETIC
SYN-RT-d093173843	כ-פ-ז	כפז	כ	פ	ז			3			False	False	False	False	False	False	False	False	False	False	False	False	False	False	False	False	False	C.C.C	strong	True	False	False	False	False	False	False	False	כפז	SYN-RG-e66a04d42b	7	HIFIL|HITPAEL|HUFAL|NIFAL|PAAL|PIEL|PUAL	synthetic_v1	synthetic_v1:root:כפז	1.0	GOLD	SYNTHETIC
SYN-RT-82740f4c1d	כ-פ-ל	כפל	כ	פ	ל			3			False	False	False	False	False	False	False	False	False	False	False	False	False	False	False	False	False	C.C.C	strong	True	False	False	False	False	False	False	False	כפל	SYN-RG-e62573ece4	7	HIFIL|HITPAEL|HUFAL|NIFAL|PAAL|PIEL|PUAL	synthetic_v1	synthetic_v1:root:כפל	1.0	GOLD	SYNTHETIC
SYN-RT-21ca80f46d	כ-פ-שׁ	כפשׁ	כ	פ	ש			3			False	False	False	False	False	False	False	False	False	False	False	False	False	False	False	False	False	C.C.C	strong	True	False	False	False	False	False	False	False	כפש	SYN-RG-4554d8aaf3	7	HIFIL|HITPAEL|HUFAL|NIFAL|PAAL|PIEL|PUAL	synthetic_v1	synthetic_v1:root:כפשׁ	1.0	GOLD	SYNTHETIC
SYN-RT-b9030a9237	כ-צ-ב	כצב	כ	צ	ב			3			False	False	False	False	False	False	False	False	False	False	False	False	False	False	False	False	False	C.C.C	strong	True	False	False	False	False	False	False	False	כצב	SYN-RG-b64c87d439	7	HIFIL|HITPAEL|HUFAL|NIFAL|PAAL|PIEL|PUAL	synthetic_v1	synthetic_v1:root:כצב	1.0	GOLD	SYNTHETIC
SYN-RT-9857a25272	כ-צ-ל	כצל	כ	צ	ל			3			False	False	False	False	False	False	False	False	False	False	False	False	False	False	False	False	False	C.C.C	strong	True	False	False	False	False	False	False	False	כצל	SYN-RG-e80a25a155	7	HIFIL|HITPAEL|HUFAL|NIFAL|PAAL|PIEL|PUAL	synthetic_v1	synthetic_v1:root:כצל	1.0	GOLD	SYNTHETIC
SYN-RT-ec4195334f	כ-צ-ס	כצס	כ	צ	ס			3			False	False	False	False	False	False	False	False	False	False	False	False	False	False	False	False	False	C.C.C	strong	True	False	False	False	False	False	False	False	כצס	SYN-RG-4628c862f0	7	HIFIL|HITPAEL|HUFAL|NIFAL|PAAL|PIEL|PUAL	synthetic_v1	synthetic_v1:root:כצס	1.0	GOLD	SYNTHETIC
SYN-RT-9ae77b59a1	כ-צ-ר	כצר	כ	צ	ר			3			False	False	False	False	False	False	False	False	False	False	False	False	False	True	False	False	False	C.C.R	strong	True	False	False	False	False	False	False	False	כצר	SYN-RG-f485be3009	7	HIFIL|HITPAEL|HUFAL|NIFAL|PAAL|PIEL|PUAL	synthetic_v1	synthetic_v1:root:כצר	1.0	GOLD	SYNTHETIC
SYN-RT-9cffa17c74	כ-צ-שׁ	כצשׁ	כ	צ	ש			3			False	False	False	False	False	False	False	False	False	False	False	False	False	False	False	False	False	C.C.C	strong	True	False	False	False	False	False	False	False	כצש	SYN-RG-2e76d2bac0	7	HIFIL|HITPAEL|HUFAL|NIFAL|PAAL|PIEL|PUAL	synthetic_v1	synthetic_v1:root:כצשׁ	1.0	GOLD	SYNTHETIC
SYN-RT-e46fcb9f06	כ-צ-ת	כצת	כ	צ	ת			3			False	False	False	False	False	False	False	False	False	False	False	False	False	False	False	False	False	C.C.C	strong	True	False	False	False	False	False	False	False	כצת	SYN-RG-4165498e48	7	HIFIL|HITPAEL|HUFAL|NIFAL|PAAL|PIEL|PUAL	synthetic_v1	synthetic_v1:root:כצת	1.0	GOLD	SYNTHETIC
SYN-RT-e54a317486	כ-ק-ד	כקד	כ	ק	ד			3			False	False	False	False	False	False	False	False	False	False	False	False	False	False	False	False	False	C.C.C	strong	True	False	False	False	False	False	False	False	כקד	SYN-RG-42e47be265	7	HIFIL|HITPAEL|HUFAL|NIFAL|PAAL|PIEL|PUAL	synthetic_v1	synthetic_v1:root:כקד	1.0	GOLD	SYNTHETIC
SYN-RT-711c898ccd	כ-ק-ט	כקט	כ	ק	ט			3			False	False	False	False	False	False	False	False	False	False	False	False	False	False	False	False	False	C.C.C	strong	True	False	False	False	False	False	False	False	כקט	SYN-RG-88e0b68811	7	HIFIL|HITPAEL|HUFAL|NIFAL|PAAL|PIEL|PUAL	synthetic_v1	synthetic_v1:root:כקט	1.0	GOLD	SYNTHETIC
SYN-RT-3a3e812469	כ-ק-מ	כקמ	כ	ק	מ			3			False	False	False	False	False	False	False	False	False	False	False	False	False	False	False	False	False	C.C.C	strong	True	False	False	False	False	False	False	False	כקמ	SYN-RG-c51ba40f91	7	HIFIL|HITPAEL|HUFAL|NIFAL|PAAL|PIEL|PUAL	synthetic_v1	synthetic_v1:root:כקמ	1.0	GOLD	SYNTHETIC
SYN-RT-553edc2e73	כ-ק-נ	כקנ	כ	ק	נ			3			False	False	False	False	False	False	False	False	False	False	False	False	False	False	False	False	False	C.C.N	strong	True	False	False	False	False	False	False	False	כקנ	SYN-RG-dc25533f21	7	HIFIL|HITPAEL|HUFAL|NIFAL|PAAL|PIEL|PUAL	synthetic_v1	synthetic_v1:root:כקנ	1.0	GOLD	SYNTHETIC
SYN-RT-3f17d7f58b	כ-ק-פ	כקפ	כ	ק	פ			3			False	False	False	False	False	False	False	False	False	False	False	False	False	False	False	False	False	C.C.C	strong	True	False	False	False	False	False	False	False	כקפ	SYN-RG-f16faff6ee	7	HIFIL|HITPAEL|HUFAL|NIFAL|PAAL|PIEL|PUAL	synthetic_v1	synthetic_v1:root:כקפ	1.0	GOLD	SYNTHETIC
SYN-RT-bd2e7e7f8d	כ-ק-שׁ	כקשׁ	כ	ק	ש			3			False	False	False	False	False	False	False	False	False	False	False	False	False	False	False	False	False	C.C.C	strong	True	False	False	False	False	False	False	False	כקש	SYN-RG-75a249c960	7	HIFIL|HITPAEL|HUFAL|NIFAL|PAAL|PIEL|PUAL	synthetic_v1	synthetic_v1:root:כקשׁ	1.0	GOLD	SYNTHETIC
SYN-RT-611e59a288	כ-ר-ט	כרט	כ	ר	ט			3			False	False	False	False	False	False	False	False	False	False	False	False	False	True	False	False	False	C.R.C	strong	True	False	False	False	False	False	False	False	כרט	SYN-RG-5ea8b64d79	7	HIFIL|HITPAEL|HUFAL|NIFAL|PAAL|PIEL|PUAL	synthetic_v1	synthetic_v1:root:כרט	1.0	GOLD	SYNTHETIC
SYN-RT-2cdf930a87	כ-שׁ-ט	כשׁט	כ	ש	ט			3			False	False	False	False	False	False	False	False	False	False	False	False	False	False	False	False	False	C.C.C	strong	True	False	False	False	False	False	False	False	כשט	SYN-RG-b761ea67dc	7	HIFIL|HITPAEL|HUFAL|NIFAL|PAAL|PIEL|PUAL	synthetic_v1	synthetic_v1:root:כשׁט	1.0	GOLD	SYNTHETIC
SYN-RT-64e211c843	כ-שׁ-מ	כשׁמ	כ	ש	מ			3			False	False	False	False	False	False	False	False	False	False	False	False	False	False	False	False	False	C.C.C	strong	True	False	False	False	False	False	False	False	כשמ	SYN-RG-18f70df1d3	7	HIFIL|HITPAEL|HUFAL|NIFAL|PAAL|PIEL|PUAL	synthetic_v1	synthetic_v1:root:כשׁמ	1.0	GOLD	SYNTHETIC
SYN-RT-4fbd0a0748	כ-שׁ-ת	כשׁת	כ	ש	ת			3			False	False	False	False	False	False	False	False	False	False	False	False	False	False	False	False	False	C.C.C	strong	True	False	False	False	False	False	False	False	כשת	SYN-RG-5e0724ca0f	7	HIFIL|HITPAEL|HUFAL|NIFAL|PAAL|PIEL|PUAL	synthetic_v1	synthetic_v1:root:כשׁת	1.0	GOLD	SYNTHETIC
SYN-RT-5931905d65	כ-ת-ב	כתב	כ	ת	ב			3			False	False	False	False	False	False	False	False	False	False	False	False	False	False	False	False	False	C.C.C	strong	True	False	False	False	False	False	False	False	כתב	SYN-RG-635e64bd0f	7	HIFIL|HITPAEL|HUFAL|NIFAL|PAAL|PIEL|PUAL	synthetic_v1	synthetic_v1:root:כתב	1.0	GOLD	SYNTHETIC
SYN-RT-a45df2b04c	כ-ת-ט	כתט	כ	ת	ט			3			False	False	False	False	False	False	False	False	False	False	False	False	False	False	False	False	False	C.C.C	strong	True	False	False	False	False	False	False	False	כתט	SYN-RG-8af6db1ba1	7	HIFIL|HITPAEL|HUFAL|NIFAL|PAAL|PIEL|PUAL	synthetic_v1	synthetic_v1:root:כתט	1.0	GOLD	SYNTHETIC
SYN-RT-7b9bab0671	כ-ת-ל	כתל	כ	ת	ל			3			False	False	False	False	False	False	False	False	False	False	False	False	False	False	False	False	False	C.C.C	strong	True	False	False	False	False	False	False	False	כתל	SYN-RG-d77f7e2e2f	7	HIFIL|HITPAEL|HUFAL|NIFAL|PAAL|PIEL|PUAL	synthetic_v1	synthetic_v1:root:כתל	1.0	GOLD	SYNTHETIC
SYN-RT-d77c7dbb0f	כ-ת-מ	כתמ	כ	ת	מ			3			False	False	False	False	False	False	False	False	False	False	False	False	False	False	False	False	False	C.C.C	strong	True	False	False	False	False	False	False	False	כתמ	SYN-RG-74b9710732	7	HIFIL|HITPAEL|HUFAL|NIFAL|PAAL|PIEL|PUAL	synthetic_v1	synthetic_v1:root:כתמ	1.0	GOLD	SYNTHETIC
SYN-RT-bdb30e8a85	כ-ת-צ	כתצ	כ	ת	צ			3			False	False	False	False	False	False	False	False	False	False	False	False	False	False	False	False	False	C.C.C	strong	True	False	False	False	False	False	False	False	כתצ	SYN-RG-4f8300f8fe	7	HIFIL|HITPAEL|HUFAL|NIFAL|PAAL|PIEL|PUAL	synthetic_v1	synthetic_v1:root:כתצ	1.0	GOLD	SYNTHETIC
SYN-RT-138d160df6	כ-ת-ר	כתר	כ	ת	ר			3			False	False	False	False	False	False	False	False	False	False	False	False	False	True	False	False	False	C.C.R	strong	True	False	False	False	False	False	False	False	כתר	SYN-RG-a6043b4eca	7	HIFIL|HITPAEL|HUFAL|NIFAL|PAAL|PIEL|PUAL	synthetic_v1	synthetic_v1:root:כתר	1.0	GOLD	SYNTHETIC
SYN-RT-59e7c6c958	ל-ב-ג	לבג	ל	ב	ג			3			False	False	False	False	False	False	False	False	False	False	False	False	False	False	False	False	False	C.C.C	strong	True	False	False	False	False	False	False	False	לבג	SYN-RG-e15d361a7b	7	HIFIL|HITPAEL|HUFAL|NIFAL|PAAL|PIEL|PUAL	synthetic_v1	synthetic_v1:root:לבג	1.0	GOLD	SYNTHETIC
SYN-RT-5308716f65	ל-ב-ט	לבט	ל	ב	ט			3			False	False	False	False	False	False	False	False	False	False	False	False	False	False	False	False	False	C.C.C	strong	True	False	False	False	False	False	False	False	לבט	SYN-RG-3cf9ff8482	7	HIFIL|HITPAEL|HUFAL|NIFAL|PAAL|PIEL|PUAL	synthetic_v1	synthetic_v1:root:לבט	1.0	GOLD	SYNTHETIC
SYN-RT-1e34ae469b	ל-ב-כ	לבכ	ל	ב	כ			3			False	False	False	False	False	False	False	False	False	False	False	False	False	False	False	False	False	C.C.C	strong	True	False	False	False	False	False	False	False	לבכ	SYN-RG-52c3130c91	7	HIFIL|HITPAEL|HUFAL|NIFAL|PAAL|PIEL|PUAL	synthetic_v1	synthetic_v1:root:לבכ	1.0	GOLD	SYNTHETIC
SYN-RT-656160fef5	ל-ב-נ	לבנ	ל	ב	נ			3			False	False	False	False	False	False	False	False	False	False	False	False	False	False	False	False	False	C.C.N	strong	True	False	False	False	False	False	False	False	לבנ	SYN-RG-e4a4d22b23	7	HIFIL|HITPAEL|HUFAL|NIFAL|PAAL|PIEL|PUAL	synthetic_v1	synthetic_v1:root:לבנ	1.0	GOLD	SYNTHETIC
SYN-RT-109151424e	ל-ב-ס	לבס	ל	ב	ס			3			False	False	False	False	False	False	False	False	False	False	False	False	False	False	False	False	False	C.C.C	strong	True	False	False	False	False	False	False	False	לבס	SYN-RG-92f195cbcf	7	HIFIL|HITPAEL|HUFAL|NIFAL|PAAL|PIEL|PUAL	synthetic_v1	synthetic_v1:root:לבס	1.0	GOLD	SYNTHETIC
SYN-RT-ef4e9816e4	ל-ב-שׁ	לבשׁ	ל	ב	ש			3			False	False	False	False	False	False	False	False	False	False	False	False	False	False	False	False	False	C.C.C	strong	True	False	False	False	False	False	False	False	לבש	SYN-RG-9e1a0d49b4	7	HIFIL|HITPAEL|HUFAL|NIFAL|PAAL|PIEL|PUAL	synthetic_v1	synthetic_v1:root:לבשׁ	1.0	GOLD	SYNTHETIC
SYN-RT-ecba91b47d	ל-ג-ס	לגס	ל	ג	ס			3			False	False	False	False	False	False	False	False	False	False	False	False	False	False	False	False	False	C.C.C	strong	True	False	False	False	False	False	False	False	לגס	SYN-RG-4802dc4eba	7	HIFIL|HITPAEL|HUFAL|NIFAL|PAAL|PIEL|PUAL	synthetic_v1	synthetic_v1:root:לגס	1.0	GOLD	SYNTHETIC
SYN-RT-638e102a0a	ל-ז-ג	לזג	ל	ז	ג			3			False	False	False	False	False	False	False	False	False	False	False	False	False	False	False	False	False	C.C.C	strong	True	False	False	False	False	False	False	False	לזג	SYN-RG-d9213980bd	7	HIFIL|HITPAEL|HUFAL|NIFAL|PAAL|PIEL|PUAL	synthetic_v1	synthetic_v1:root:לזג	1.0	GOLD	SYNTHETIC
SYN-RT-2953cefc2b	ל-ז-ד	לזד	ל	ז	ד			3			False	False	False	False	False	False	False	False	False	False	False	False	False	False	False	False	False	C.C.C	strong	True	False	False	False	False	False	False	False	לזד	SYN-RG-84d664dcc9	7	HIFIL|HITPAEL|HUFAL|NIFAL|PAAL|PIEL|PUAL	synthetic_v1	synthetic_v1:root:לזד	1.0	GOLD	SYNTHETIC
SYN-RT-b08bbb3671	ל-ז-ט	לזט	ל	ז	ט			3			False	False	False	False	False	False	False	False	False	False	False	False	False	False	False	False	False	C.C.C	strong	True	False	False	False	False	False	False	False	לזט	SYN-RG-14c3e376ef	7	HIFIL|HITPAEL|HUFAL|NIFAL|PAAL|PIEL|PUAL	synthetic_v1	synthetic_v1:root:לזט	1.0	GOLD	SYNTHETIC
SYN-RT-1239d0c91a	ל-ז-כ	לזכ	ל	ז	כ			3			False	False	False	False	False	False	False	False	False	False	False	False	False	False	False	False	False	C.C.C	strong	True	False	False	False	False	False	False	False	לזכ	SYN-RG-bd715217f0	7	HIFIL|HITPAEL|HUFAL|NIFAL|PAAL|PIEL|PUAL	synthetic_v1	synthetic_v1:root:לזכ	1.0	GOLD	SYNTHETIC
SYN-RT-3faa456a1f	ל-ז-פ	לזפ	ל	ז	פ			3			False	False	False	False	False	False	False	False	False	False	False	False	False	False	False	False	False	C.C.C	strong	True	False	False	False	False	False	False	False	לזפ	SYN-RG-c653142124	7	HIFIL|HITPAEL|HUFAL|NIFAL|PAAL|PIEL|PUAL	synthetic_v1	synthetic_v1:root:לזפ	1.0	GOLD	SYNTHETIC
SYN-RT-b4cddd0f40	ל-ז-ר	לזר	ל	ז	ר			3			False	False	False	False	False	False	False	False	False	False	False	False	False	True	False	False	False	C.C.R	strong	True	False	False	False	False	False	False	False	לזר	SYN-RG-9ba5e2ce4e	7	HIFIL|HITPAEL|HUFAL|NIFAL|PAAL|PIEL|PUAL	synthetic_v1	synthetic_v1:root:לזר	1.0	GOLD	SYNTHETIC
SYN-RT-e6bfdc3a00	ל-ז-שׁ	לזשׁ	ל	ז	ש			3			False	False	False	False	False	False	False	False	False	False	False	False	False	False	False	False	False	C.C.C	strong	True	False	False	False	False	False	False	False	לזש	SYN-RG-4fa38fa5ea	7	HIFIL|HITPAEL|HUFAL|NIFAL|PAAL|PIEL|PUAL	synthetic_v1	synthetic_v1:root:לזשׁ	1.0	GOLD	SYNTHETIC
SYN-RT-f6edda3011	ל-ז-ת	לזת	ל	ז	ת			3			False	False	False	False	False	False	False	False	False	False	False	False	False	False	False	False	False	C.C.C	strong	True	False	False	False	False	False	False	False	לזת	SYN-RG-3fc7b0374f	7	HIFIL|HITPAEL|HUFAL|NIFAL|PAAL|PIEL|PUAL	synthetic_v1	synthetic_v1:root:לזת	1.0	GOLD	SYNTHETIC
SYN-RT-a017f503d9	ל-ט-ג	לטג	ל	ט	ג			3			False	False	False	False	False	False	False	False	False	False	False	False	False	False	False	False	False	C.C.C	strong	True	False	False	False	False	False	False	False	לטג	SYN-RG-815adb2694	7	HIFIL|HITPAEL|HUFAL|NIFAL|PAAL|PIEL|PUAL	synthetic_v1	synthetic_v1:root:לטג	1.0	GOLD	SYNTHETIC
SYN-RT-20091daeab	ל-ט-נ	לטנ	ל	ט	נ			3			False	False	False	False	False	False	False	False	False	False	False	False	False	False	False	False	False	C.C.N	strong	True	False	False	False	False	False	False	False	לטנ	SYN-RG-2c59ab335f	7	HIFIL|HITPAEL|HUFAL|NIFAL|PAAL|PIEL|PUAL	synthetic_v1	synthetic_v1:root:לטנ	1.0	GOLD	SYNTHETIC
SYN-RT-0295dfd074	ל-ט-ס	לטס	ל	ט	ס			3			False	False	False	False	False	False	False	False	False	False	False	False	False	False	False	False	False	C.C.C	strong	True	False	False	False	False	False	False	False	לטס	SYN-RG-5c30fdbdfd	7	HIFIL|HITPAEL|HUFAL|NIFAL|PAAL|PIEL|PUAL	synthetic_v1	synthetic_v1:root:לטס	1.0	GOLD	SYNTHETIC
SYN-RT-4d66d6f89c	ל-ט-צ	לטצ	ל	ט	צ			3			False	False	False	False	False	False	False	False	False	False	False	False	False	False	False	False	False	C.C.C	strong	True	False	False	False	False	False	False	False	לטצ	SYN-RG-15aea33ca1	7	HIFIL|HITPAEL|HUFAL|NIFAL|PAAL|PIEL|PUAL	synthetic_v1	synthetic_v1:root:לטצ	1.0	GOLD	SYNTHETIC
SYN-RT-a8db5617c4	ל-ט-שׁ	לטשׁ	ל	ט	ש			3			False	False	False	False	False	False	False	False	False	False	False	False	False	False	False	False	False	C.C.C	strong	True	False	False	False	False	False	False	False	לטש	SYN-RG-e0d1d16f5f	7	HIFIL|HITPAEL|HUFAL|NIFAL|PAAL|PIEL|PUAL	synthetic_v1	synthetic_v1:root:לטשׁ	1.0	GOLD	SYNTHETIC
SYN-RT-0c336a13c5	ל-ט-ת	לטת	ל	ט	ת			3			False	False	False	False	False	False	False	False	False	False	False	False	False	False	False	False	False	C.C.C	strong	True	False	False	False	False	False	False	False	לטת	SYN-RG-08ae5f105e	7	HIFIL|HITPAEL|HUFAL|NIFAL|PAAL|PIEL|PUAL	synthetic_v1	synthetic_v1:root:לטת	1.0	GOLD	SYNTHETIC
SYN-RT-cc1a883823	ל-כ-ט	לכט	ל	כ	ט			3			False	False	False	False	False	False	False	False	False	False	False	False	False	False	False	False	False	C.C.C	strong	True	False	False	False	False	False	False	False	לכט	SYN-RG-0f325035c8	7	HIFIL|HITPAEL|HUFAL|NIFAL|PAAL|PIEL|PUAL	synthetic_v1	synthetic_v1:root:לכט	1.0	GOLD	SYNTHETIC
SYN-RT-5f35a52d8d	ל-מ-ג	למג	ל	מ	ג			3			False	False	False	False	False	False	False	False	False	False	False	False	False	False	False	False	False	C.C.C	strong	True	False	False	False	False	False	False	False	למג	SYN-RG-489023d75a	7	HIFIL|HITPAEL|HUFAL|NIFAL|PAAL|PIEL|PUAL	synthetic_v1	synthetic_v1:root:למג	1.0	GOLD	SYNTHETIC
SYN-RT-30eac73094	ל-מ-ד	למד	ל	מ	ד			3			False	False	False	False	False	False	False	False	False	False	False	False	False	False	False	False	False	C.C.C	strong	True	False	False	False	False	False	False	False	למד	SYN-RG-da5b6dfc42	7	HIFIL|HITPAEL|HUFAL|NIFAL|PAAL|PIEL|PUAL	synthetic_v1	synthetic_v1:root:למד	1.0	GOLD	SYNTHETIC
SYN-RT-5cc132261d	ל-מ-ז	למז	ל	מ	ז			3			False	False	False	False	False	False	False	False	False	False	False	False	False	False	False	False	False	C.C.C	strong	True	False	False	False	False	False	False	False	למז	SYN-RG-9e3a5f2763	7	HIFIL|HITPAEL|HUFAL|NIFAL|PAAL|PIEL|PUAL	synthetic_v1	synthetic_v1:root:למז	1.0	GOLD	SYNTHETIC
SYN-RT-a5d9f96f0c	ל-מ-ט	למט	ל	מ	ט			3			False	False	False	False	False	False	False	False	False	False	False	False	False	False	False	False	False	C.C.C	strong	True	False	False	False	False	False	False	False	למט	SYN-RG-9e11beb3a5	7	HIFIL|HITPAEL|HUFAL|NIFAL|PAAL|PIEL|PUAL	synthetic_v1	synthetic_v1:root:למט	1.0	GOLD	SYNTHETIC
SYN-RT-435478e7ad	ל-מ-כ	למכ	ל	מ	כ			3			False	False	False	False	False	False	False	False	False	False	False	False	False	False	False	False	False	C.C.C	strong	True	False	False	False	False	False	False	False	למכ	SYN-RG-489147c0c4	7	HIFIL|HITPAEL|HUFAL|NIFAL|PAAL|PIEL|PUAL	synthetic_v1	synthetic_v1:root:למכ	1.0	GOLD	SYNTHETIC
SYN-RT-7042a2f9a1	ל-מ-ס	למס	ל	מ	ס			3			False	False	False	False	False	False	False	False	False	False	False	False	False	False	False	False	False	C.C.C	strong	True	False	False	False	False	False	False	False	למס	SYN-RG-6cb1c201f0	7	HIFIL|HITPAEL|HUFAL|NIFAL|PAAL|PIEL|PUAL	synthetic_v1	synthetic_v1:root:למס	1.0	GOLD	SYNTHETIC
SYN-RT-564c9afe57	ל-מ-צ	למצ	ל	מ	צ			3			False	False	False	False	False	False	False	False	False	False	False	False	False	False	False	False	False	C.C.C	strong	True	False	False	False	False	False	False	False	למצ	SYN-RG-0161d9e64e	7	HIFIL|HITPAEL|HUFAL|NIFAL|PAAL|PIEL|PUAL	synthetic_v1	synthetic_v1:root:למצ	1.0	GOLD	SYNTHETIC
SYN-RT-606ccc7270	ל-נ-ז	לנז	ל	נ	ז			3			False	False	False	False	False	False	False	False	False	False	False	False	False	False	False	False	False	C.N.C	strong	True	False	False	False	False	False	False	False	לנז	SYN-RG-a844657a29	7	HIFIL|HITPAEL|HUFAL|NIFAL|PAAL|PIEL|PUAL	synthetic_v1	synthetic_v1:root:לנז	1.0	GOLD	SYNTHETIC
SYN-RT-1698ac80fb	ל-נ-פ	לנפ	ל	נ	פ			3			False	False	False	False	False	False	False	False	False	False	False	False	False	False	False	False	False	C.N.C	strong	True	False	False	False	False	False	False	False	לנפ	SYN-RG-24a35b1d49	7	HIFIL|HITPAEL|HUFAL|NIFAL|PAAL|PIEL|PUAL	synthetic_v1	synthetic_v1:root:לנפ	1.0	GOLD	SYNTHETIC
SYN-RT-a993189ff6	ל-נ-ק	לנק	ל	נ	ק			3			False	False	False	False	False	False	False	False	False	False	False	False	False	False	False	False	False	C.N.C	strong	True	False	False	False	False	False	False	False	לנק	SYN-RG-c069c5c81f	7	HIFIL|HITPAEL|HUFAL|NIFAL|PAAL|PIEL|PUAL	synthetic_v1	synthetic_v1:root:לנק	1.0	GOLD	SYNTHETIC
SYN-RT-fe2a74bcb8	ל-ס-ג	לסג	ל	ס	ג			3			False	False	False	False	False	False	False	False	False	False	False	False	False	False	False	False	False	C.C.C	strong	True	False	False	False	False	False	False	False	לסג	SYN-RG-a13da4079f	7	HIFIL|HITPAEL|HUFAL|NIFAL|PAAL|PIEL|PUAL	synthetic_v1	synthetic_v1:root:לסג	1.0	GOLD	SYNTHETIC
SYN-RT-e990b661d7	ל-ס-ט	לסט	ל	ס	ט			3			False	False	False	False	False	False	False	False	False	False	False	False	False	False	False	False	False	C.C.C	strong	True	False	False	False	False	False	False	False	לסט	SYN-RG-c4a9fe39e0	7	HIFIL|HITPAEL|HUFAL|NIFAL|PAAL|PIEL|PUAL	synthetic_v1	synthetic_v1:root:לסט	1.0	GOLD	SYNTHETIC
SYN-RT-ae0f44d529	ל-ס-פ	לספ	ל	ס	פ			3			False	False	False	False	False	False	False	False	False	False	False	False	False	False	False	False	False	C.C.C	strong	True	False	False	False	False	False	False	False	לספ	SYN-RG-7e7c92a595	7	HIFIL|HITPAEL|HUFAL|NIFAL|PAAL|PIEL|PUAL	synthetic_v1	synthetic_v1:root:לספ	1.0	GOLD	SYNTHETIC
SYN-RT-4226ef20d8	ל-פ-ג	לפג	ל	פ	ג			3			False	False	False	False	False	False	False	False	False	False	False	False	False	False	False	False	False	C.C.C	strong	True	False	False	False	False	False	False	False	לפג	SYN-RG-a32ea1fee9	7	HIFIL|HITPAEL|HUFAL|NIFAL|PAAL|PIEL|PUAL	synthetic_v1	synthetic_v1:root:לפג	1.0	GOLD	SYNTHETIC
SYN-RT-8173f7bde8	ל-פ-ז	לפז	ל	פ	ז			3			False	False	False	False	False	False	False	False	False	False	False	False	False	False	False	False	False	C.C.C	strong	True	False	False	False	False	False	False	False	לפז	SYN-RG-efa187cb07	7	HIFIL|HITPAEL|HUFAL|NIFAL|PAAL|PIEL|PUAL	synthetic_v1	synthetic_v1:root:לפז	1.0	GOLD	SYNTHETIC
SYN-RT-932f3f2172	ל-פ-כ	לפכ	ל	פ	כ			3			False	False	False	False	False	False	False	False	False	False	False	False	False	False	False	False	False	C.C.C	strong	True	False	False	False	False	False	False	False	לפכ	SYN-RG-6d097edc53	7	HIFIL|HITPAEL|HUFAL|NIFAL|PAAL|PIEL|PUAL	synthetic_v1	synthetic_v1:root:לפכ	1.0	GOLD	SYNTHETIC
SYN-RT-5888b79617	ל-פ-מ	לפמ	ל	פ	מ			3			False	False	False	False	False	False	False	False	False	False	False	False	False	False	False	False	False	C.C.C	strong	True	False	False	False	False	False	False	False	לפמ	SYN-RG-9f3847aabd	7	HIFIL|HITPAEL|HUFAL|NIFAL|PAAL|PIEL|PUAL	synthetic_v1	synthetic_v1:root:לפמ	1.0	GOLD	SYNTHETIC
SYN-RT-df3aea3290	ל-פ-ר	לפר	ל	פ	ר			3			False	False	False	False	False	False	False	False	False	False	False	False	False	True	False	False	False	C.C.R	strong	True	False	False	False	False	False	False	False	לפר	SYN-RG-5b7627f843	7	HIFIL|HITPAEL|HUFAL|NIFAL|PAAL|PIEL|PUAL	synthetic_v1	synthetic_v1:root:לפר	1.0	GOLD	SYNTHETIC
SYN-RT-cfe6504085	ל-פ-שׁ	לפשׁ	ל	פ	ש			3			False	False	False	False	False	False	False	False	False	False	False	False	False	False	False	False	False	C.C.C	strong	True	False	False	False	False	False	False	False	לפש	SYN-RG-3a751eacbe	7	HIFIL|HITPAEL|HUFAL|NIFAL|PAAL|PIEL|PUAL	synthetic_v1	synthetic_v1:root:לפשׁ	1.0	GOLD	SYNTHETIC
SYN-RT-0b5ea5ab6b	ל-צ-ג	לצג	ל	צ	ג			3			False	False	False	False	False	False	False	False	False	False	False	False	False	False	False	False	False	C.C.C	strong	True	False	False	False	False	False	False	False	לצג	SYN-RG-251c30b5e1	7	HIFIL|HITPAEL|HUFAL|NIFAL|PAAL|PIEL|PUAL	synthetic_v1	synthetic_v1:root:לצג	1.0	GOLD	SYNTHETIC
SYN-RT-73672c71d1	ל-צ-פ	לצפ	ל	צ	פ			3			False	False	False	False	False	False	False	False	False	False	False	False	False	False	False	False	False	C.C.C	strong	True	False	False	False	False	False	False	False	לצפ	SYN-RG-322b777ef0	7	HIFIL|HITPAEL|HUFAL|NIFAL|PAAL|PIEL|PUAL	synthetic_v1	synthetic_v1:root:לצפ	1.0	GOLD	SYNTHETIC
SYN-RT-7531f1d475	ל-צ-ת	לצת	ל	צ	ת			3			False	False	False	False	False	False	False	False	False	False	False	False	False	False	False	False	False	C.C.C	strong	True	False	False	False	False	False	False	False	לצת	SYN-RG-500abcd145	7	HIFIL|HITPAEL|HUFAL|NIFAL|PAAL|PIEL|PUAL	synthetic_v1	synthetic_v1:root:לצת	1.0	GOLD	SYNTHETIC
SYN-RT-c3c62844af	ל-ק-ג	לקג	ל	ק	ג			3			False	False	False	False	False	False	False	False	False	False	False	False	False	False	False	False	False	C.C.C	strong	True	False	False	False	False	False	False	False	לקג	SYN-RG-667d6c1712	7	HIFIL|HITPAEL|HUFAL|NIFAL|PAAL|PIEL|PUAL	synthetic_v1	synthetic_v1:root:לקג	1.0	GOLD	SYNTHETIC
SYN-RT-022b3d0c52	ל-ק-ד	לקד	ל	ק	ד			3			False	False	False	False	False	False	False	False	False	False	False	False	False	False	False	False	False	C.C.C	strong	True	False	False	False	False	False	False	False	לקד	SYN-RG-849a3986a6	7	HIFIL|HITPAEL|HUFAL|NIFAL|PAAL|PIEL|PUAL	synthetic_v1	synthetic_v1:root:לקד	1.0	GOLD	SYNTHETIC
SYN-RT-0f6d4e8fb1	ל-ק-ט	לקט	ל	ק	ט			3			False	False	False	False	False	False	False	False	False	False	False	False	False	False	False	False	False	C.C.C	strong	True	False	False	False	False	False	False	False	לקט	SYN-RG-a40d68e1d5	7	HIFIL|HITPAEL|HUFAL|NIFAL|PAAL|PIEL|PUAL	synthetic_v1	synthetic_v1:root:לקט	1.0	GOLD	SYNTHETIC
SYN-RT-b41e00c2d3	ל-ק-מ	לקמ	ל	ק	מ			3			False	False	False	False	False	False	False	False	False	False	False	False	False	False	False	False	False	C.C.C	strong	True	False	False	False	False	False	False	False	לקמ	SYN-RG-cd6c86140f	7	HIFIL|HITPAEL|HUFAL|NIFAL|PAAL|PIEL|PUAL	synthetic_v1	synthetic_v1:root:לקמ	1.0	GOLD	SYNTHETIC
SYN-RT-0b0805d3a3	ל-ק-צ	לקצ	ל	ק	צ			3			False	False	False	False	False	False	False	False	False	False	False	False	False	False	False	False	False	C.C.C	strong	True	False	False	False	False	False	False	False	לקצ	SYN-RG-8dcde37f49	7	HIFIL|HITPAEL|HUFAL|NIFAL|PAAL|PIEL|PUAL	synthetic_v1	synthetic_v1:root:לקצ	1.0	GOLD	SYNTHETIC
SYN-RT-65cff33cb7	ל-ק-ר	לקר	ל	ק	ר			3			False	False	False	False	False	False	False	False	False	False	False	False	False	True	False	False	False	C.C.R	strong	True	False	False	False	False	False	False	False	לקר	SYN-RG-5c543f7706	7	HIFIL|HITPAEL|HUFAL|NIFAL|PAAL|PIEL|PUAL	synthetic_v1	synthetic_v1:root:לקר	1.0	GOLD	SYNTHETIC
SYN-RT-e83832e67c	ל-ר-ט	לרט	ל	ר	ט			3			False	False	False	False	False	False	False	False	False	False	False	False	False	True	False	False	False	C.R.C	strong	True	False	False	False	False	False	False	False	לרט	SYN-RG-e749dc2d80	7	HIFIL|HITPAEL|HUFAL|NIFAL|PAAL|PIEL|PUAL	synthetic_v1	synthetic_v1:root:לרט	1.0	GOLD	SYNTHETIC
SYN-RT-ed60b2e540	ל-ר-ס	לרס	ל	ר	ס			3			False	False	False	False	False	False	False	False	False	False	False	False	False	True	False	False	False	C.R.C	strong	True	False	False	False	False	False	False	False	לרס	SYN-RG-4152e78515	7	HIFIL|HITPAEL|HUFAL|NIFAL|PAAL|PIEL|PUAL	synthetic_v1	synthetic_v1:root:לרס	1.0	GOLD	SYNTHETIC
SYN-RT-974de923bc	ל-ר-ת	לרת	ל	ר	ת			3			False	False	False	False	False	False	False	False	False	False	False	False	False	True	False	False	False	C.R.C	strong	True	False	False	False	False	False	False	False	לרת	SYN-RG-19595492e4	7	HIFIL|HITPAEL|HUFAL|NIFAL|PAAL|PIEL|PUAL	synthetic_v1	synthetic_v1:root:לרת	1.0	GOLD	SYNTHETIC
SYN-RT-2af2fa0b92	ל-שׁ-ד	לשׁד	ל	ש	ד			3			False	False	False	False	False	False	False	False	False	False	False	False	False	False	False	False	False	C.C.C	strong	True	False	False	False	False	False	False	False	לשד	SYN-RG-629e097af1	7	HIFIL|HITPAEL|HUFAL|NIFAL|PAAL|PIEL|PUAL	synthetic_v1	synthetic_v1:root:לשׁד	1.0	GOLD	SYNTHETIC
SYN-RT-fc8f63d54a	ל-שׁ-ז	לשׁז	ל	ש	ז			3			False	False	False	False	False	False	False	False	False	False	False	False	False	False	False	False	False	C.C.C	strong	True	False	False	False	False	False	False	False	לשז	SYN-RG-0bdd53636b	7	HIFIL|HITPAEL|HUFAL|NIFAL|PAAL|PIEL|PUAL	synthetic_v1	synthetic_v1:root:לשׁז	1.0	GOLD	SYNTHETIC
SYN-RT-0f24fa4635	ל-שׁ-מ	לשׁמ	ל	ש	מ			3			False	False	False	False	False	False	False	False	False	False	False	False	False	False	False	False	False	C.C.C	strong	True	False	False	False	False	False	False	False	לשמ	SYN-RG-e4a31dd020	7	HIFIL|HITPAEL|HUFAL|NIFAL|PAAL|PIEL|PUAL	synthetic_v1	synthetic_v1:root:לשׁמ	1.0	GOLD	SYNTHETIC
SYN-RT-217ce186f6	ל-שׁ-פ	לשׁפ	ל	ש	פ			3			False	False	False	False	False	False	False	False	False	False	False	False	False	False	False	False	False	C.C.C	strong	True	False	False	False	False	False	False	False	לשפ	SYN-RG-37de20110b	7	HIFIL|HITPAEL|HUFAL|NIFAL|PAAL|PIEL|PUAL	synthetic_v1	synthetic_v1:root:לשׁפ	1.0	GOLD	SYNTHETIC
SYN-RT-cd5929a3b9	ל-שׁ-ק	לשׁק	ל	ש	ק			3			False	False	False	False	False	False	False	False	False	False	False	False	False	False	False	False	False	C.C.C	strong	True	False	False	False	False	False	False	False	לשק	SYN-RG-9a9a99f301	7	HIFIL|HITPAEL|HUFAL|NIFAL|PAAL|PIEL|PUAL	synthetic_v1	synthetic_v1:root:לשׁק	1.0	GOLD	SYNTHETIC
SYN-RT-d7cd2a870e	ל-ת-ב	לתב	ל	ת	ב			3			False	False	False	False	False	False	False	False	False	False	False	False	False	False	False	False	False	C.C.C	strong	True	False	False	False	False	False	False	False	לתב	SYN-RG-ae190b9fdb	7	HIFIL|HITPAEL|HUFAL|NIFAL|PAAL|PIEL|PUAL	synthetic_v1	synthetic_v1:root:לתב	1.0	GOLD	SYNTHETIC
SYN-RT-b6f43c45f6	ל-ת-ג	לתג	ל	ת	ג			3			False	False	False	False	False	False	False	False	False	False	False	False	False	False	False	False	False	C.C.C	strong	True	False	False	False	False	False	False	False	לתג	SYN-RG-5cf07b2b03	7	HIFIL|HITPAEL|HUFAL|NIFAL|PAAL|PIEL|PUAL	synthetic_v1	synthetic_v1:root:לתג	1.0	GOLD	SYNTHETIC
SYN-RT-7853aa5d01	ל-ת-ד	לתד	ל	ת	ד			3			False	False	False	False	False	False	False	False	False	False	False	False	False	False	False	False	False	C.C.C	strong	True	False	False	False	False	False	False	False	לתד	SYN-RG-02b958026e	7	HIFIL|HITPAEL|HUFAL|NIFAL|PAAL|PIEL|PUAL	synthetic_v1	synthetic_v1:root:לתד	1.0	GOLD	SYNTHETIC
SYN-RT-d775e59f06	ל-ת-ז	לתז	ל	ת	ז			3			False	False	False	False	False	False	False	False	False	False	False	False	False	False	False	False	False	C.C.C	strong	True	False	False	False	False	False	False	False	לתז	SYN-RG-506e1ece0a	7	HIFIL|HITPAEL|HUFAL|NIFAL|PAAL|PIEL|PUAL	synthetic_v1	synthetic_v1:root:לתז	1.0	GOLD	SYNTHETIC
SYN-RT-beddaba023	ל-ת-כ	לתכ	ל	ת	כ			3			False	False	False	False	False	False	False	False	False	False	False	False	False	False	False	False	False	C.C.C	strong	True	False	False	False	False	False	False	False	לתכ	SYN-RG-d7fe6fdac4	7	HIFIL|HITPAEL|HUFAL|NIFAL|PAAL|PIEL|PUAL	synthetic_v1	synthetic_v1:root:לתכ	1.0	GOLD	SYNTHETIC
SYN-RT-85aac3526a	ל-ת-שׁ	לתשׁ	ל	ת	ש			3			False	False	False	False	False	False	False	False	False	False	False	False	False	False	False	False	False	C.C.C	strong	True	False	False	False	False	False	False	False	לתש	SYN-RG-ed031cec52	7	HIFIL|HITPAEL|HUFAL|NIFAL|PAAL|PIEL|PUAL	synthetic_v1	synthetic_v1:root:לתשׁ	1.0	GOLD	SYNTHETIC
SYN-RT-14b8f82714	מ-ב-ד	מבד	מ	ב	ד			3			False	False	False	False	False	False	False	False	False	False	False	False	False	False	False	False	False	C.C.C	strong	True	False	False	False	False	False	False	False	מבד	SYN-RG-ceebcf62a4	7	HIFIL|HITPAEL|HUFAL|NIFAL|PAAL|PIEL|PUAL	synthetic_v1	synthetic_v1:root:מבד	1.0	GOLD	SYNTHETIC
SYN-RT-332122b96d	מ-ב-ט	מבט	מ	ב	ט			3			False	False	False	False	False	False	False	False	False	False	False	False	False	False	False	False	False	C.C.C	strong	True	False	False	False	False	False	False	False	מבט	SYN-RG-46cac5f54a	7	HIFIL|HITPAEL|HUFAL|NIFAL|PAAL|PIEL|PUAL	synthetic_v1	synthetic_v1:root:מבט	1.0	GOLD	SYNTHETIC
SYN-RT-07897e50b1	מ-ב-צ	מבצ	מ	ב	צ			3			False	False	False	False	False	False	False	False	False	False	False	False	False	False	False	False	False	C.C.C	strong	True	False	False	False	False	False	False	False	מבצ	SYN-RG-ae1e545198	7	HIFIL|HITPAEL|HUFAL|NIFAL|PAAL|PIEL|PUAL	synthetic_v1	synthetic_v1:root:מבצ	1.0	GOLD	SYNTHETIC
SYN-RT-d91859a2f8	מ-ב-ק	מבק	מ	ב	ק			3			False	False	False	False	False	False	False	False	False	False	False	False	False	False	False	False	False	C.C.C	strong	True	False	False	False	False	False	False	False	מבק	SYN-RG-983ac93239	7	HIFIL|HITPAEL|HUFAL|NIFAL|PAAL|PIEL|PUAL	synthetic_v1	synthetic_v1:root:מבק	1.0	GOLD	SYNTHETIC
SYN-RT-c9df903e1e	מ-ב-ת	מבת	מ	ב	ת			3			False	False	False	False	False	False	False	False	False	False	False	False	False	False	False	False	False	C.C.C	strong	True	False	False	False	False	False	False	False	מבת	SYN-RG-6e4fa5004e	7	HIFIL|HITPAEL|HUFAL|NIFAL|PAAL|PIEL|PUAL	synthetic_v1	synthetic_v1:root:מבת	1.0	GOLD	SYNTHETIC
SYN-RT-f243fdfcb5	מ-ג-ד	מגד	מ	ג	ד			3			False	False	False	False	False	False	False	False	False	False	False	False	False	False	False	False	False	C.C.C	strong	True	False	False	False	False	False	False	False	מגד	SYN-RG-a0a89aca77	7	HIFIL|HITPAEL|HUFAL|NIFAL|PAAL|PIEL|PUAL	synthetic_v1	synthetic_v1:root:מגד	1.0	GOLD	SYNTHETIC
SYN-RT-b16d3ebb98	מ-ג-ז	מגז	מ	ג	ז			3			False	False	False	False	False	False	False	False	False	False	False	False	False	False	False	False	False	C.C.C	strong	True	False	False	False	False	False	False	False	מגז	SYN-RG-8e6c2d8d4b	7	HIFIL|HITPAEL|HUFAL|NIFAL|PAAL|PIEL|PUAL	synthetic_v1	synthetic_v1:root:מגז	1.0	GOLD	SYNTHETIC
SYN-RT-33a708ec5d	מ-ג-ט	מגט	מ	ג	ט			3			False	False	False	False	False	False	False	False	False	False	False	False	False	False	False	False	False	C.C.C	strong	True	False	False	False	False	False	False	False	מגט	SYN-RG-bddbe7d08c	7	HIFIL|HITPAEL|HUFAL|NIFAL|PAAL|PIEL|PUAL	synthetic_v1	synthetic_v1:root:מגט	1.0	GOLD	SYNTHETIC
SYN-RT-f7138e12ec	מ-ג-צ	מגצ	מ	ג	צ			3			False	False	False	False	False	False	False	False	False	False	False	False	False	False	False	False	False	C.C.C	strong	True	False	False	False	False	False	False	False	מגצ	SYN-RG-e2a31f729c	7	HIFIL|HITPAEL|HUFAL|NIFAL|PAAL|PIEL|PUAL	synthetic_v1	synthetic_v1:root:מגצ	1.0	GOLD	SYNTHETIC
SYN-RT-0373bdc454	מ-ג-ת	מגת	מ	ג	ת			3			False	False	False	False	False	False	False	False	False	False	False	False	False	False	False	False	False	C.C.C	strong	True	False	False	False	False	False	False	False	מגת	SYN-RG-06612780aa	7	HIFIL|HITPAEL|HUFAL|NIFAL|PAAL|PIEL|PUAL	synthetic_v1	synthetic_v1:root:מגת	1.0	GOLD	SYNTHETIC
SYN-RT-7bbbc89044	מ-ד-ז	מדז	מ	ד	ז			3			False	False	False	False	False	False	False	False	False	False	False	False	False	False	False	False	False	C.C.C	strong	True	False	False	False	False	False	False	False	מדז	SYN-RG-e549800213	7	HIFIL|HITPAEL|HUFAL|NIFAL|PAAL|PIEL|PUAL	synthetic_v1	synthetic_v1:root:מדז	1.0	GOLD	SYNTHETIC
SYN-RT-afb754cb0a	מ-ד-ט	מדט	מ	ד	ט			3			False	False	False	False	False	False	False	False	False	False	False	False	False	False	False	False	False	C.C.C	strong	True	False	False	False	False	False	False	False	מדט	SYN-RG-9de3cc146f	7	HIFIL|HITPAEL|HUFAL|NIFAL|PAAL|PIEL|PUAL	synthetic_v1	synthetic_v1:root:מדט	1.0	GOLD	SYNTHETIC
SYN-RT-d06dde4a88	מ-ד-כ	מדכ	מ	ד	כ			3			False	False	False	False	False	False	False	False	False	False	False	False	False	False	False	False	False	C.C.C	strong	True	False	False	False	False	False	False	False	מדכ	SYN-RG-bbe95f7b37	7	HIFIL|HITPAEL|HUFAL|NIFAL|PAAL|PIEL|PUAL	synthetic_v1	synthetic_v1:root:מדכ	1.0	GOLD	SYNTHETIC
SYN-RT-54bc950224	מ-ד-נ	מדנ	מ	ד	נ			3			False	False	False	False	False	False	False	False	False	False	False	False	False	False	False	False	False	C.C.N	strong	True	False	False	False	False	False	False	False	מדנ	SYN-RG-ddb18a5d0f	7	HIFIL|HITPAEL|HUFAL|NIFAL|PAAL|PIEL|PUAL	synthetic_v1	synthetic_v1:root:מדנ	1.0	GOLD	SYNTHETIC
SYN-RT-4f1c7f00f8	מ-ד-צ	מדצ	מ	ד	צ			3			False	False	False	False	False	False	False	False	False	False	False	False	False	False	False	False	False	C.C.C	strong	True	False	False	False	False	False	False	False	מדצ	SYN-RG-f6fa02b311	7	HIFIL|HITPAEL|HUFAL|NIFAL|PAAL|PIEL|PUAL	synthetic_v1	synthetic_v1:root:מדצ	1.0	GOLD	SYNTHETIC
SYN-RT-e11c675171	מ-ז-ד	מזד	מ	ז	ד			3			False	False	False	False	False	False	False	False	False	False	False	False	False	False	False	False	False	C.C.C	strong	True	False	False	False	False	False	False	False	מזד	SYN-RG-2085341599	7	HIFIL|HITPAEL|HUFAL|NIFAL|PAAL|PIEL|PUAL	synthetic_v1	synthetic_v1:root:מזד	1.0	GOLD	SYNTHETIC
SYN-RT-2ad8aa4ee3	מ-ז-ט	מזט	מ	ז	ט			3			False	False	False	False	False	False	False	False	False	False	False	False	False	False	False	False	False	C.C.C	strong	True	False	False	False	False	False	False	False	מזט	SYN-RG-71e08cb138	7	HIFIL|HITPAEL|HUFAL|NIFAL|PAAL|PIEL|PUAL	synthetic_v1	synthetic_v1:root:מזט	1.0	GOLD	SYNTHETIC
SYN-RT-2b0ad02f13	מ-ז-ס	מזס	מ	ז	ס			3			False	False	False	False	False	False	False	False	False	False	False	False	False	False	False	False	False	C.C.C	strong	True	False	False	False	False	False	False	False	מזס	SYN-RG-ba17144671	7	HIFIL|HITPAEL|HUFAL|NIFAL|PAAL|PIEL|PUAL	synthetic_v1	synthetic_v1:root:מזס	1.0	GOLD	SYNTHETIC
SYN-RT-e1e0243b04	מ-ז-פ	מזפ	מ	ז	פ			3			False	False	False	False	False	False	False	False	False	False	False	False	False	False	False	False	False	C.C.C	strong	True	False	False	False	False	False	False	False	מזפ	SYN-RG-4eae975ce1	7	HIFIL|HITPAEL|HUFAL|NIFAL|PAAL|PIEL|PUAL	synthetic_v1	synthetic_v1:root:מזפ	1.0	GOLD	SYNTHETIC
SYN-RT-b433168b11	מ-ז-צ	מזצ	מ	ז	צ			3			False	False	False	False	False	False	False	False	False	False	False	False	False	False	False	False	False	C.C.C	strong	True	False	False	False	False	False	False	False	מזצ	SYN-RG-ff56b87f47	7	HIFIL|HITPAEL|HUFAL|NIFAL|PAAL|PIEL|PUAL	synthetic_v1	synthetic_v1:root:מזצ	1.0	GOLD	SYNTHETIC
SYN-RT-46c4251179	מ-ז-ר	מזר	מ	ז	ר			3			False	False	False	False	False	False	False	False	False	False	False	False	False	True	False	False	False	C.C.R	strong	True	False	False	False	False	False	False	False	מזר	SYN-RG-9fb26be18d	7	HIFIL|HITPAEL|HUFAL|NIFAL|PAAL|PIEL|PUAL	synthetic_v1	synthetic_v1:root:מזר	1.0	GOLD	SYNTHETIC
SYN-RT-b581aad792	מ-ט-ב	מטב	מ	ט	ב			3			False	False	False	False	False	False	False	False	False	False	False	False	False	False	False	False	False	C.C.C	strong	True	False	False	False	False	False	False	False	מטב	SYN-RG-bbb65fbf67	7	HIFIL|HITPAEL|HUFAL|NIFAL|PAAL|PIEL|PUAL	synthetic_v1	synthetic_v1:root:מטב	1.0	GOLD	SYNTHETIC
SYN-RT-410699e505	מ-ט-ל	מטל	מ	ט	ל			3			False	False	False	False	False	False	False	False	False	False	False	False	False	False	False	False	False	C.C.C	strong	True	False	False	False	False	False	False	False	מטל	SYN-RG-89de42c38e	7	HIFIL|HITPAEL|HUFAL|NIFAL|PAAL|PIEL|PUAL	synthetic_v1	synthetic_v1:root:מטל	1.0	GOLD	SYNTHETIC
SYN-RT-6c14147771	מ-ט-נ	מטנ	מ	ט	נ			3			False	False	False	False	False	False	False	False	False	False	False	False	False	False	False	False	False	C.C.N	strong	True	False	False	False	False	False	False	False	מטנ	SYN-RG-ae2a905629	7	HIFIL|HITPAEL|HUFAL|NIFAL|PAAL|PIEL|PUAL	synthetic_v1	synthetic_v1:root:מטנ	1.0	GOLD	SYNTHETIC
SYN-RT-587eec2186	מ-ט-צ	מטצ	מ	ט	צ			3			False	False	False	False	False	False	False	False	False	False	False	False	False	False	False	False	False	C.C.C	strong	True	False	False	False	False	False	False	False	מטצ	SYN-RG-a05fcbf266	7	HIFIL|HITPAEL|HUFAL|NIFAL|PAAL|PIEL|PUAL	synthetic_v1	synthetic_v1:root:מטצ	1.0	GOLD	SYNTHETIC
SYN-RT-9d4a6e299b	מ-ט-שׁ	מטשׁ	מ	ט	ש			3			False	False	False	False	False	False	False	False	False	False	False	False	False	False	False	False	False	C.C.C	strong	True	False	False	False	False	False	False	False	מטש	SYN-RG-556eb07de0	7	HIFIL|HITPAEL|HUFAL|NIFAL|PAAL|PIEL|PUAL	synthetic_v1	synthetic_v1:root:מטשׁ	1.0	GOLD	SYNTHETIC
SYN-RT-ac28815f93	מ-כ-ג	מכג	מ	כ	ג			3			False	False	False	False	False	False	False	False	False	False	False	False	False	False	False	False	False	C.C.C	strong	True	False	False	False	False	False	False	False	מכג	SYN-RG-3363c7b597	7	HIFIL|HITPAEL|HUFAL|NIFAL|PAAL|PIEL|PUAL	synthetic_v1	synthetic_v1:root:מכג	1.0	GOLD	SYNTHETIC
SYN-RT-e1289a48cd	מ-כ-ד	מכד	מ	כ	ד			3			False	False	False	False	False	False	False	False	False	False	False	False	False	False	False	False	False	C.C.C	strong	True	False	False	False	False	False	False	False	מכד	SYN-RG-d8020b4674	7	HIFIL|HITPAEL|HUFAL|NIFAL|PAAL|PIEL|PUAL	synthetic_v1	synthetic_v1:root:מכד	1.0	GOLD	SYNTHETIC
SYN-RT-39bf2aae6c	מ-כ-ט	מכט	מ	כ	ט			3			False	False	False	False	False	False	False	False	False	False	False	False	False	False	False	False	False	C.C.C	strong	True	False	False	False	False	False	False	False	מכט	SYN-RG-fc6b17e7cf	7	HIFIL|HITPAEL|HUFAL|NIFAL|PAAL|PIEL|PUAL	synthetic_v1	synthetic_v1:root:מכט	1.0	GOLD	SYNTHETIC
SYN-RT-2ff21491d1	מ-כ-ל	מכל	מ	כ	ל			3			False	False	False	False	False	False	False	False	False	False	False	False	False	False	False	False	False	C.C.C	strong	True	False	False	False	False	False	False	False	מכל	SYN-RG-741a81c22e	7	HIFIL|HITPAEL|HUFAL|NIFAL|PAAL|PIEL|PUAL	synthetic_v1	synthetic_v1:root:מכל	1.0	GOLD	SYNTHETIC
SYN-RT-b7b76ba43b	מ-כ-נ	מכנ	מ	כ	נ			3			False	False	False	False	False	False	False	False	False	False	False	False	False	False	False	False	False	C.C.N	strong	True	False	False	False	False	False	False	False	מכנ	SYN-RG-786b58ff93	7	HIFIL|HITPAEL|HUFAL|NIFAL|PAAL|PIEL|PUAL	synthetic_v1	synthetic_v1:root:מכנ	1.0	GOLD	SYNTHETIC
SYN-RT-f7008f95db	מ-כ-פ	מכפ	מ	כ	פ			3			False	False	False	False	False	False	False	False	False	False	False	False	False	False	False	False	False	C.C.C	strong	True	False	False	False	False	False	False	False	מכפ	SYN-RG-5f27194bb8	7	HIFIL|HITPAEL|HUFAL|NIFAL|PAAL|PIEL|PUAL	synthetic_v1	synthetic_v1:root:מכפ	1.0	GOLD	SYNTHETIC
SYN-RT-3275907c74	מ-כ-צ	מכצ	מ	כ	צ			3			False	False	False	False	False	False	False	False	False	False	False	False	False	False	False	False	False	C.C.C	strong	True	False	False	False	False	False	False	False	מכצ	SYN-RG-2c378d19c6	7	HIFIL|HITPAEL|HUFAL|NIFAL|PAAL|PIEL|PUAL	synthetic_v1	synthetic_v1:root:מכצ	1.0	GOLD	SYNTHETIC
SYN-RT-af6b40aaad	מ-כ-שׁ	מכשׁ	מ	כ	ש			3			False	False	False	False	False	False	False	False	False	False	False	False	False	False	False	False	False	C.C.C	strong	True	False	False	False	False	False	False	False	מכש	SYN-RG-d84e4d8f52	7	HIFIL|HITPAEL|HUFAL|NIFAL|PAAL|PIEL|PUAL	synthetic_v1	synthetic_v1:root:מכשׁ	1.0	GOLD	SYNTHETIC
SYN-RT-e738115824	מ-ל-ב	מלב	מ	ל	ב			3			False	False	False	False	False	False	False	False	False	False	False	False	False	False	False	False	False	C.C.C	strong	True	False	False	False	False	False	False	False	מלב	SYN-RG-de0cad7cb5	7	HIFIL|HITPAEL|HUFAL|NIFAL|PAAL|PIEL|PUAL	synthetic_v1	synthetic_v1:root:מלב	1.0	GOLD	SYNTHETIC
SYN-RT-3397fa66c0	מ-ל-ד	מלד	מ	ל	ד			3			False	False	False	False	False	False	False	False	False	False	False	False	False	False	False	False	False	C.C.C	strong	True	False	False	False	False	False	False	False	מלד	SYN-RG-42eb03ec38	7	HIFIL|HITPAEL|HUFAL|NIFAL|PAAL|PIEL|PUAL	synthetic_v1	synthetic_v1:root:מלד	1.0	GOLD	SYNTHETIC
SYN-RT-f9acb662d1	מ-ל-פ	מלפ	מ	ל	פ			3			False	False	False	False	False	False	False	False	False	False	False	False	False	False	False	False	False	C.C.C	strong	True	False	False	False	False	False	False	False	מלפ	SYN-RG-2fb7210263	7	HIFIL|HITPAEL|HUFAL|NIFAL|PAAL|PIEL|PUAL	synthetic_v1	synthetic_v1:root:מלפ	1.0	GOLD	SYNTHETIC
SYN-RT-0a409e17ea	מ-ל-צ	מלצ	מ	ל	צ			3			False	False	False	False	False	False	False	False	False	False	False	False	False	False	False	False	False	C.C.C	strong	True	False	False	False	False	False	False	False	מלצ	SYN-RG-32967a2e1c	7	HIFIL|HITPAEL|HUFAL|NIFAL|PAAL|PIEL|PUAL	synthetic_v1	synthetic_v1:root:מלצ	1.0	GOLD	SYNTHETIC
SYN-RT-59603b4878	מ-ל-ר	מלר	מ	ל	ר			3			False	False	False	False	False	False	False	False	False	False	False	False	False	True	False	False	False	C.C.R	strong	True	False	False	False	False	False	False	False	מלר	SYN-RG-34f606fea3	7	HIFIL|HITPAEL|HUFAL|NIFAL|PAAL|PIEL|PUAL	synthetic_v1	synthetic_v1:root:מלר	1.0	GOLD	SYNTHETIC
SYN-RT-32d1b1ced8	מ-ל-שׁ	מלשׁ	מ	ל	ש			3			False	False	False	False	False	False	False	False	False	False	False	False	False	False	False	False	False	C.C.C	strong	True	False	False	False	False	False	False	False	מלש	SYN-RG-e398526c30	7	HIFIL|HITPAEL|HUFAL|NIFAL|PAAL|PIEL|PUAL	synthetic_v1	synthetic_v1:root:מלשׁ	1.0	GOLD	SYNTHETIC
SYN-RT-6393efcb8d	מ-נ-ב	מנב	מ	נ	ב			3			False	False	False	False	False	False	False	False	False	False	False	False	False	False	False	False	False	C.N.C	strong	True	False	False	False	False	False	False	False	מנב	SYN-RG-242f517802	7	HIFIL|HITPAEL|HUFAL|NIFAL|PAAL|PIEL|PUAL	synthetic_v1	synthetic_v1:root:מנב	1.0	GOLD	SYNTHETIC
SYN-RT-28a551bf92	מ-נ-ק	מנק	מ	נ	ק			3			False	False	False	False	False	False	False	False	False	False	False	False	False	False	False	False	False	C.N.C	strong	True	False	False	False	False	False	False	False	מנק	SYN-RG-97f61765d5	7	HIFIL|HITPAEL|HUFAL|NIFAL|PAAL|PIEL|PUAL	synthetic_v1	synthetic_v1:root:מנק	1.0	GOLD	SYNTHETIC
SYN-RT-bb5f08121f	מ-ס-ב	מסב	מ	ס	ב			3			False	False	False	False	False	False	False	False	False	False	False	False	False	False	False	False	False	C.C.C	strong	True	False	False	False	False	False	False	False	מסב	SYN-RG-dc3f87c163	7	HIFIL|HITPAEL|HUFAL|NIFAL|PAAL|PIEL|PUAL	synthetic_v1	synthetic_v1:root:מסב	1.0	GOLD	SYNTHETIC
SYN-RT-813e4641bd	מ-ס-ג	מסג	מ	ס	ג			3			False	False	False	False	False	False	False	False	False	False	False	False	False	False	False	False	False	C.C.C	strong	True	False	False	False	False	False	False	False	מסג	SYN-RG-8d0370566f	7	HIFIL|HITPAEL|HUFAL|NIFAL|PAAL|PIEL|PUAL	synthetic_v1	synthetic_v1:root:מסג	1.0	GOLD	SYNTHETIC
SYN-RT-bb4c08cb6b	מ-ס-צ	מסצ	מ	ס	צ			3			False	False	False	False	False	False	False	False	False	False	False	False	False	False	False	False	False	C.C.C	strong	True	False	False	False	False	False	False	False	מסצ	SYN-RG-1c654599b6	7	HIFIL|HITPAEL|HUFAL|NIFAL|PAAL|PIEL|PUAL	synthetic_v1	synthetic_v1:root:מסצ	1.0	GOLD	SYNTHETIC
SYN-RT-29f9858ffa	מ-ס-ק	מסק	מ	ס	ק			3			False	False	False	False	False	False	False	False	False	False	False	False	False	False	False	False	False	C.C.C	strong	True	False	False	False	False	False	False	False	מסק	SYN-RG-f789f9199d	7	HIFIL|HITPAEL|HUFAL|NIFAL|PAAL|PIEL|PUAL	synthetic_v1	synthetic_v1:root:מסק	1.0	GOLD	SYNTHETIC
SYN-RT-da084f0ef8	מ-ס-ר	מסר	מ	ס	ר			3			False	False	False	False	False	False	False	False	False	False	False	False	False	True	False	False	False	C.C.R	strong	True	False	False	False	False	False	False	False	מסר	SYN-RG-4dc8dd9cfc	7	HIFIL|HITPAEL|HUFAL|NIFAL|PAAL|PIEL|PUAL	synthetic_v1	synthetic_v1:root:מסר	1.0	GOLD	SYNTHETIC
SYN-RT-3f83471ba6	מ-פ-ז	מפז	מ	פ	ז			3			False	False	False	False	False	False	False	False	False	False	False	False	False	False	False	False	False	C.C.C	strong	True	False	False	False	False	False	False	False	מפז	SYN-RG-d5f4b4d132	7	HIFIL|HITPAEL|HUFAL|NIFAL|PAAL|PIEL|PUAL	synthetic_v1	synthetic_v1:root:מפז	1.0	GOLD	SYNTHETIC
SYN-RT-42ac1e833c	מ-פ-ט	מפט	מ	פ	ט			3			False	False	False	False	False	False	False	False	False	False	False	False	False	False	False	False	False	C.C.C	strong	True	False	False	False	False	False	False	False	מפט	SYN-RG-bcede81dc3	7	HIFIL|HITPAEL|HUFAL|NIFAL|PAAL|PIEL|PUAL	synthetic_v1	synthetic_v1:root:מפט	1.0	GOLD	SYNTHETIC
SYN-RT-10ef1fc33c	מ-פ-כ	מפכ	מ	פ	כ			3			False	False	False	False	False	False	False	False	False	False	False	False	False	False	False	False	False	C.C.C	strong	True	False	False	False	False	False	False	False	מפכ	SYN-RG-83c457fdc9	7	HIFIL|HITPAEL|HUFAL|NIFAL|PAAL|PIEL|PUAL	synthetic_v1	synthetic_v1:root:מפכ	1.0	GOLD	SYNTHETIC
SYN-RT-81b032fbf5	מ-פ-נ	מפנ	מ	פ	נ			3			False	False	False	False	False	False	False	False	False	False	False	False	False	False	False	False	False	C.C.N	strong	True	False	False	False	False	False	False	False	מפנ	SYN-RG-5430c2e1de	7	HIFIL|HITPAEL|HUFAL|NIFAL|PAAL|PIEL|PUAL	synthetic_v1	synthetic_v1:root:מפנ	1.0	GOLD	SYNTHETIC
SYN-RT-abf474f1d4	מ-צ-ד	מצד	מ	צ	ד			3			False	False	False	False	False	False	False	False	False	False	False	False	False	False	False	False	False	C.C.C	strong	True	False	False	False	False	False	False	False	מצד	SYN-RG-a9c0142cad	7	HIFIL|HITPAEL|HUFAL|NIFAL|PAAL|PIEL|PUAL	synthetic_v1	synthetic_v1:root:מצד	1.0	GOLD	SYNTHETIC
SYN-RT-888f9ca70a	מ-צ-כ	מצכ	מ	צ	כ			3			False	False	False	False	False	False	False	False	False	False	False	False	False	False	False	False	False	C.C.C	strong	True	False	False	False	False	False	False	False	מצכ	SYN-RG-4160bf35d2	7	HIFIL|HITPAEL|HUFAL|NIFAL|PAAL|PIEL|PUAL	synthetic_v1	synthetic_v1:root:מצכ	1.0	GOLD	SYNTHETIC
SYN-RT-3cbf6fac41	מ-צ-ר	מצר	מ	צ	ר			3			False	False	False	False	False	False	False	False	False	False	False	False	False	True	False	False	False	C.C.R	strong	True	False	False	False	False	False	False	False	מצר	SYN-RG-d45be934aa	7	HIFIL|HITPAEL|HUFAL|NIFAL|PAAL|PIEL|PUAL	synthetic_v1	synthetic_v1:root:מצר	1.0	GOLD	SYNTHETIC
SYN-RT-1b4a21679d	מ-צ-ת	מצת	מ	צ	ת			3			False	False	False	False	False	False	False	False	False	False	False	False	False	False	False	False	False	C.C.C	strong	True	False	False	False	False	False	False	False	מצת	SYN-RG-f64d194c92	7	HIFIL|HITPAEL|HUFAL|NIFAL|PAAL|PIEL|PUAL	synthetic_v1	synthetic_v1:root:מצת	1.0	GOLD	SYNTHETIC
SYN-RT-89908846f9	מ-ק-ג	מקג	מ	ק	ג			3			False	False	False	False	False	False	False	False	False	False	False	False	False	False	False	False	False	C.C.C	strong	True	False	False	False	False	False	False	False	מקג	SYN-RG-06af460498	7	HIFIL|HITPAEL|HUFAL|NIFAL|PAAL|PIEL|PUAL	synthetic_v1	synthetic_v1:root:מקג	1.0	GOLD	SYNTHETIC
SYN-RT-a1e185cad0	מ-ק-נ	מקנ	מ	ק	נ			3			False	False	False	False	False	False	False	False	False	False	False	False	False	False	False	False	False	C.C.N	strong	True	False	False	False	False	False	False	False	מקנ	SYN-RG-2397ee3473	7	HIFIL|HITPAEL|HUFAL|NIFAL|PAAL|PIEL|PUAL	synthetic_v1	synthetic_v1:root:מקנ	1.0	GOLD	SYNTHETIC
SYN-RT-03cfa9a7c4	מ-ק-פ	מקפ	מ	ק	פ			3			False	False	False	False	False	False	False	False	False	False	False	False	False	False	False	False	False	C.C.C	strong	True	False	False	False	False	False	False	False	מקפ	SYN-RG-63b53f6ebb	7	HIFIL|HITPAEL|HUFAL|NIFAL|PAAL|PIEL|PUAL	synthetic_v1	synthetic_v1:root:מקפ	1.0	GOLD	SYNTHETIC
SYN-RT-a60f87bb64	מ-ק-ת	מקת	מ	ק	ת			3			False	False	False	False	False	False	False	False	False	False	False	False	False	False	False	False	False	C.C.C	strong	True	False	False	False	False	False	False	False	מקת	SYN-RG-75d01d7cd2	7	HIFIL|HITPAEL|HUFAL|NIFAL|PAAL|PIEL|PUAL	synthetic_v1	synthetic_v1:root:מקת	1.0	GOLD	SYNTHETIC
SYN-RT-fa645f580e	מ-ר-ט	מרט	מ	ר	ט			3			False	False	False	False	False	False	False	False	False	False	False	False	False	True	False	False	False	C.R.C	strong	True	False	False	False	False	False	False	False	מרט	SYN-RG-4630f2cb07	7	HIFIL|HITPAEL|HUFAL|NIFAL|PAAL|PIEL|PUAL	synthetic_v1	synthetic_v1:root:מרט	1.0	GOLD	SYNTHETIC
SYN-RT-c1fad37b2f	מ-ר-ק	מרק	מ	ר	ק			3			False	False	False	False	False	False	False	False	False	False	False	False	False	True	False	False	False	C.R.C	strong	True	False	False	False	False	False	False	False	מרק	SYN-RG-a043bb77f2	7	HIFIL|HITPAEL|HUFAL|NIFAL|PAAL|PIEL|PUAL	synthetic_v1	synthetic_v1:root:מרק	1.0	GOLD	SYNTHETIC
SYN-RT-6e5a9c73ef	מ-ר-שׁ	מרשׁ	מ	ר	ש			3			False	False	False	False	False	False	False	False	False	False	False	False	False	True	False	False	False	C.R.C	strong	True	False	False	False	False	False	False	False	מרש	SYN-RG-cd6617c6a0	7	HIFIL|HITPAEL|HUFAL|NIFAL|PAAL|PIEL|PUAL	synthetic_v1	synthetic_v1:root:מרשׁ	1.0	GOLD	SYNTHETIC
SYN-RT-2df68d4ea0	מ-שׁ-ג	משׁג	מ	ש	ג			3			False	False	False	False	False	False	False	False	False	False	False	False	False	False	False	False	False	C.C.C	strong	True	False	False	False	False	False	False	False	משג	SYN-RG-25b0a4a14f	7	HIFIL|HITPAEL|HUFAL|NIFAL|PAAL|PIEL|PUAL	synthetic_v1	synthetic_v1:root:משׁג	1.0	GOLD	SYNTHETIC
SYN-RT-3eadeee6bf	מ-שׁ-ס	משׁס	מ	ש	ס			3			False	False	False	False	False	False	False	False	False	False	False	False	False	False	False	False	False	C.C.C	strong	True	False	False	False	False	False	False	False	משס	SYN-RG-678f2df539	7	HIFIL|HITPAEL|HUFAL|NIFAL|PAAL|PIEL|PUAL	synthetic_v1	synthetic_v1:root:משׁס	1.0	GOLD	SYNTHETIC
SYN-RT-ea8f76d1ff	מ-שׁ-ת	משׁת	מ	ש	ת			3			False	False	False	False	False	False	False	False	False	False	False	False	False	False	False	False	False	C.C.C	strong	True	False	False	False	False	False	False	False	משת	SYN-RG-0eebc00165	7	HIFIL|HITPAEL|HUFAL|NIFAL|PAAL|PIEL|PUAL	synthetic_v1	synthetic_v1:root:משׁת	1.0	GOLD	SYNTHETIC
SYN-RT-aec10d2a45	מ-ת-ג	מתג	מ	ת	ג			3			False	False	False	False	False	False	False	False	False	False	False	False	False	False	False	False	False	C.C.C	strong	True	False	False	False	False	False	False	False	מתג	SYN-RG-c550d78e48	7	HIFIL|HITPAEL|HUFAL|NIFAL|PAAL|PIEL|PUAL	synthetic_v1	synthetic_v1:root:מתג	1.0	GOLD	SYNTHETIC
SYN-RT-0053a30c45	מ-ת-ז	מתז	מ	ת	ז			3			False	False	False	False	False	False	False	False	False	False	False	False	False	False	False	False	False	C.C.C	strong	True	False	False	False	False	False	False	False	מתז	SYN-RG-e2f3e60135	7	HIFIL|HITPAEL|HUFAL|NIFAL|PAAL|PIEL|PUAL	synthetic_v1	synthetic_v1:root:מתז	1.0	GOLD	SYNTHETIC
SYN-RT-270fbc5e88	מ-ת-נ	מתנ	מ	ת	נ			3			False	False	False	False	False	False	False	False	False	False	False	False	False	False	False	False	False	C.C.N	strong	True	False	False	False	False	False	False	False	מתנ	SYN-RG-16b4292b07	7	HIFIL|HITPAEL|HUFAL|NIFAL|PAAL|PIEL|PUAL	synthetic_v1	synthetic_v1:root:מתנ	1.0	GOLD	SYNTHETIC
SYN-RT-2875a5a256	נ-ב-ד	נבד	נ	ב	ד			3			True	False	False	False	False	False	False	False	False	False	False	False	False	False	False	False	True	N.C.C	initial_nun	False	False	False	True	False	False	False	False	נבד	SYN-RG-449287dda5	7	HIFIL|HITPAEL|HUFAL|NIFAL|PAAL|PIEL|PUAL	synthetic_v1	synthetic_v1:root:נבד	1.0	GOLD	SYNTHETIC
SYN-RT-eebaf03c57	נ-ב-שׁ	נבשׁ	נ	ב	ש			3			True	False	False	False	False	False	False	False	False	False	False	False	False	False	False	False	True	N.C.C	initial_nun	False	False	False	True	False	False	False	False	נבש	SYN-RG-05081204a0	7	HIFIL|HITPAEL|HUFAL|NIFAL|PAAL|PIEL|PUAL	synthetic_v1	synthetic_v1:root:נבשׁ	1.0	GOLD	SYNTHETIC
SYN-RT-b389e510cf	נ-ג-ל	נגל	נ	ג	ל			3			True	False	False	False	False	False	False	False	False	False	False	False	False	False	False	False	True	N.C.C	initial_nun	False	False	False	True	False	False	False	False	נגל	SYN-RG-466678ff24	7	HIFIL|HITPAEL|HUFAL|NIFAL|PAAL|PIEL|PUAL	synthetic_v1	synthetic_v1:root:נגל	1.0	GOLD	SYNTHETIC
SYN-RT-96f6f0af0f	נ-ג-שׁ	נגשׁ	נ	ג	ש			3			True	False	False	False	False	False	False	False	False	False	False	False	False	False	False	False	True	N.C.C	initial_nun	False	False	False	True	False	False	False	False	נגש	SYN-RG-92bb2e3a3b	7	HIFIL|HITPAEL|HUFAL|NIFAL|PAAL|PIEL|PUAL	synthetic_v1	synthetic_v1:root:נגשׁ	1.0	GOLD	SYNTHETIC
SYN-RT-28c5be41e1	נ-ג-ת	נגת	נ	ג	ת			3			True	False	False	False	False	False	False	False	False	False	False	False	False	False	False	False	True	N.C.C	initial_nun	False	False	False	True	False	False	False	False	נגת	SYN-RG-ac23aa8264	7	HIFIL|HITPAEL|HUFAL|NIFAL|PAAL|PIEL|PUAL	synthetic_v1	synthetic_v1:root:נגת	1.0	GOLD	SYNTHETIC
SYN-RT-09df9e9e67	נ-ד-כ	נדכ	נ	ד	כ			3			True	False	False	False	False	False	False	False	False	False	False	False	False	False	False	False	True	N.C.C	initial_nun	False	False	False	True	False	False	False	False	נדכ	SYN-RG-c837d7aea1	7	HIFIL|HITPAEL|HUFAL|NIFAL|PAAL|PIEL|PUAL	synthetic_v1	synthetic_v1:root:נדכ	1.0	GOLD	SYNTHETIC
SYN-RT-6406063c9f	נ-ד-פ	נדפ	נ	ד	פ			3			True	False	False	False	False	False	False	False	False	False	False	False	False	False	False	False	True	N.C.C	initial_nun	False	False	False	True	False	False	False	False	נדפ	SYN-RG-6d6532aefd	7	HIFIL|HITPAEL|HUFAL|NIFAL|PAAL|PIEL|PUAL	synthetic_v1	synthetic_v1:root:נדפ	1.0	GOLD	SYNTHETIC
SYN-RT-033243b7f7	נ-ד-ק	נדק	נ	ד	ק			3			True	False	False	False	False	False	False	False	False	False	False	False	False	False	False	False	True	N.C.C	initial_nun	False	False	False	True	False	False	False	False	נדק	SYN-RG-a0c76d37ee	7	HIFIL|HITPAEL|HUFAL|NIFAL|PAAL|PIEL|PUAL	synthetic_v1	synthetic_v1:root:נדק	1.0	GOLD	SYNTHETIC
SYN-RT-dc7475fc33	נ-ד-ר	נדר	נ	ד	ר			3			True	False	False	False	False	False	False	False	False	False	False	False	False	True	False	False	True	N.C.R	initial_nun	False	False	False	True	False	False	False	False	נדר	SYN-RG-e6091bc9d4	7	HIFIL|HITPAEL|HUFAL|NIFAL|PAAL|PIEL|PUAL	synthetic_v1	synthetic_v1:root:נדר	1.0	GOLD	SYNTHETIC
SYN-RT-2c28fd0326	נ-ז-כ	נזכ	נ	ז	כ			3			True	False	False	False	False	False	False	False	False	False	False	False	False	False	False	False	True	N.C.C	initial_nun	False	False	False	True	False	False	False	False	נזכ	SYN-RG-54c91fc2c9	7	HIFIL|HITPAEL|HUFAL|NIFAL|PAAL|PIEL|PUAL	synthetic_v1	synthetic_v1:root:נזכ	1.0	GOLD	SYNTHETIC
SYN-RT-63b48d20ec	נ-ז-ס	נזס	נ	ז	ס			3			True	False	False	False	False	False	False	False	False	False	False	False	False	False	False	False	True	N.C.C	initial_nun	False	False	False	True	False	False	False	False	נזס	SYN-RG-01ed2716f4	7	HIFIL|HITPAEL|HUFAL|NIFAL|PAAL|PIEL|PUAL	synthetic_v1	synthetic_v1:root:נזס	1.0	GOLD	SYNTHETIC
SYN-RT-7eea5e15bf	נ-ז-פ	נזפ	נ	ז	פ			3			True	False	False	False	False	False	False	False	False	False	False	False	False	False	False	False	True	N.C.C	initial_nun	False	False	False	True	False	False	False	False	נזפ	SYN-RG-524bb255a3	7	HIFIL|HITPAEL|HUFAL|NIFAL|PAAL|PIEL|PUAL	synthetic_v1	synthetic_v1:root:נזפ	1.0	GOLD	SYNTHETIC
SYN-RT-523badc508	נ-ז-צ	נזצ	נ	ז	צ			3			True	False	False	False	False	False	False	False	False	False	False	False	False	False	False	False	True	N.C.C	initial_nun	False	False	False	True	False	False	False	False	נזצ	SYN-RG-3453a3f5f8	7	HIFIL|HITPAEL|HUFAL|NIFAL|PAAL|PIEL|PUAL	synthetic_v1	synthetic_v1:root:נזצ	1.0	GOLD	SYNTHETIC
SYN-RT-ccab6124f3	נ-ז-ק	נזק	נ	ז	ק			3			True	False	False	False	False	False	False	False	False	False	False	False	False	False	False	False	True	N.C.C	initial_nun	False	False	False	True	False	False	False	False	נזק	SYN-RG-d863081d22	7	HIFIL|HITPAEL|HUFAL|NIFAL|PAAL|PIEL|PUAL	synthetic_v1	synthetic_v1:root:נזק	1.0	GOLD	SYNTHETIC
SYN-RT-c03e0e8c17	נ-ז-ת	נזת	נ	ז	ת			3			True	False	False	False	False	False	False	False	False	False	False	False	False	False	False	False	True	N.C.C	initial_nun	False	False	False	True	False	False	False	False	נזת	SYN-RG-3d99894707	7	HIFIL|HITPAEL|HUFAL|NIFAL|PAAL|PIEL|PUAL	synthetic_v1	synthetic_v1:root:נזת	1.0	GOLD	SYNTHETIC
SYN-RT-1ed3b66f56	נ-ט-צ	נטצ	נ	ט	צ			3			True	False	False	False	False	False	False	False	False	False	False	False	False	False	False	False	True	N.C.C	initial_nun	False	False	False	True	False	False	False	False	נטצ	SYN-RG-4dcdd93345	7	HIFIL|HITPAEL|HUFAL|NIFAL|PAAL|PIEL|PUAL	synthetic_v1	synthetic_v1:root:נטצ	1.0	GOLD	SYNTHETIC
SYN-RT-a3c4fdd26b	נ-ט-ק	נטק	נ	ט	ק			3			True	False	False	False	False	False	False	False	False	False	False	False	False	False	False	False	True	N.C.C	initial_nun	False	False	False	True	False	False	False	False	נטק	SYN-RG-a20f59cd5f	7	HIFIL|HITPAEL|HUFAL|NIFAL|PAAL|PIEL|PUAL	synthetic_v1	synthetic_v1:root:נטק	1.0	GOLD	SYNTHETIC
SYN-RT-37b0e9a1a0	נ-כ-ל	נכל	נ	כ	ל			3			True	False	False	False	False	False	False	False	False	False	False	False	False	False	False	False	True	N.C.C	initial_nun	False	False	False	True	False	False	False	False	נכל	SYN-RG-16270cfa0b	7	HIFIL|HITPAEL|HUFAL|NIFAL|PAAL|PIEL|PUAL	synthetic_v1	synthetic_v1:root:נכל	1.0	GOLD	SYNTHETIC
SYN-RT-ed468fdb63	נ-כ-צ	נכצ	נ	כ	צ			3			True	False	False	False	False	False	False	False	False	False	False	False	False	False	False	False	True	N.C.C	initial_nun	False	False	False	True	False	False	False	False	נכצ	SYN-RG-7b74159648	7	HIFIL|HITPAEL|HUFAL|NIFAL|PAAL|PIEL|PUAL	synthetic_v1	synthetic_v1:root:נכצ	1.0	GOLD	SYNTHETIC
SYN-RT-bbfd96b5a3	נ-כ-ק	נכק	נ	כ	ק			3			True	False	False	False	False	False	False	False	False	False	False	False	False	False	False	False	True	N.C.C	initial_nun	False	False	False	True	False	False	False	False	נכק	SYN-RG-a435158e91	7	HIFIL|HITPAEL|HUFAL|NIFAL|PAAL|PIEL|PUAL	synthetic_v1	synthetic_v1:root:נכק	1.0	GOLD	SYNTHETIC
SYN-RT-dd82365557	נ-כ-ר	נכר	נ	כ	ר			3			True	False	False	False	False	False	False	False	False	False	False	False	False	True	False	False	True	N.C.R	initial_nun	False	False	False	True	False	False	False	False	נכר	SYN-RG-56389ab281	7	HIFIL|HITPAEL|HUFAL|NIFAL|PAAL|PIEL|PUAL	synthetic_v1	synthetic_v1:root:נכר	1.0	GOLD	SYNTHETIC
SYN-RT-f21b1278b3	נ-כ-שׁ	נכשׁ	נ	כ	ש			3			True	False	False	False	False	False	False	False	False	False	False	False	False	False	False	False	True	N.C.C	initial_nun	False	False	False	True	False	False	False	False	נכש	SYN-RG-527684be64	7	HIFIL|HITPAEL|HUFAL|NIFAL|PAAL|PIEL|PUAL	synthetic_v1	synthetic_v1:root:נכשׁ	1.0	GOLD	SYNTHETIC
SYN-RT-55582be4c7	נ-ל-ג	נלג	נ	ל	ג			3			True	False	False	False	False	False	False	False	False	False	False	False	False	False	False	False	True	N.C.C	initial_nun	False	False	False	True	False	False	False	False	נלג	SYN-RG-87a77f4601	7	HIFIL|HITPAEL|HUFAL|NIFAL|PAAL|PIEL|PUAL	synthetic_v1	synthetic_v1:root:נלג	1.0	GOLD	SYNTHETIC
SYN-RT-175aa03c3c	נ-ל-ט	נלט	נ	ל	ט			3			True	False	False	False	False	False	False	False	False	False	False	False	False	False	False	False	True	N.C.C	initial_nun	False	False	False	True	False	False	False	False	נלט	SYN-RG-7b4503ef8a	7	HIFIL|HITPAEL|HUFAL|NIFAL|PAAL|PIEL|PUAL	synthetic_v1	synthetic_v1:root:נלט	1.0	GOLD	SYNTHETIC
SYN-RT-d4247b4fed	נ-ל-מ	נלמ	נ	ל	מ			3			True	False	False	False	False	False	False	False	False	False	False	False	False	False	False	False	True	N.C.C	initial_nun	False	False	False	True	False	False	False	False	נלמ	SYN-RG-33def4a944	7	HIFIL|HITPAEL|HUFAL|NIFAL|PAAL|PIEL|PUAL	synthetic_v1	synthetic_v1:root:נלמ	1.0	GOLD	SYNTHETIC
SYN-RT-0004d51e0d	נ-ל-ס	נלס	נ	ל	ס			3			True	False	False	False	False	False	False	False	False	False	False	False	False	False	False	False	True	N.C.C	initial_nun	False	False	False	True	False	False	False	False	נלס	SYN-RG-2e08ebb8b1	7	HIFIL|HITPAEL|HUFAL|NIFAL|PAAL|PIEL|PUAL	synthetic_v1	synthetic_v1:root:נלס	1.0	GOLD	SYNTHETIC
SYN-RT-ed99a96ca5	נ-ל-ק	נלק	נ	ל	ק			3			True	False	False	False	False	False	False	False	False	False	False	False	False	False	False	False	True	N.C.C	initial_nun	False	False	False	True	False	False	False	False	נלק	SYN-RG-0e9d733ffd	7	HIFIL|HITPAEL|HUFAL|NIFAL|PAAL|PIEL|PUAL	synthetic_v1	synthetic_v1:root:נלק	1.0	GOLD	SYNTHETIC
SYN-RT-f49859d649	נ-ל-ר	נלר	נ	ל	ר			3			True	False	False	False	False	False	False	False	False	False	False	False	False	True	False	False	True	N.C.R	initial_nun	False	False	False	True	False	False	False	False	נלר	SYN-RG-44c313d515	7	HIFIL|HITPAEL|HUFAL|NIFAL|PAAL|PIEL|PUAL	synthetic_v1	synthetic_v1:root:נלר	1.0	GOLD	SYNTHETIC
SYN-RT-3b5ff23a65	נ-ל-שׁ	נלשׁ	נ	ל	ש			3			True	False	False	False	False	False	False	False	False	False	False	False	False	False	False	False	True	N.C.C	initial_nun	False	False	False	True	False	False	False	False	נלש	SYN-RG-b4cf8df899	7	HIFIL|HITPAEL|HUFAL|NIFAL|PAAL|PIEL|PUAL	synthetic_v1	synthetic_v1:root:נלשׁ	1.0	GOLD	SYNTHETIC
SYN-RT-4d331b46e5	נ-ל-ת	נלת	נ	ל	ת			3			True	False	False	False	False	False	False	False	False	False	False	False	False	False	False	False	True	N.C.C	initial_nun	False	False	False	True	False	False	False	False	נלת	SYN-RG-1c56c7170f	7	HIFIL|HITPAEL|HUFAL|NIFAL|PAAL|PIEL|PUAL	synthetic_v1	synthetic_v1:root:נלת	1.0	GOLD	SYNTHETIC
SYN-RT-ac4650f3c8	נ-מ-ז	נמז	נ	מ	ז			3			True	False	False	False	False	False	False	False	False	False	False	False	False	False	False	False	True	N.C.C	initial_nun	False	False	False	True	False	False	False	False	נמז	SYN-RG-6ae4565020	7	HIFIL|HITPAEL|HUFAL|NIFAL|PAAL|PIEL|PUAL	synthetic_v1	synthetic_v1:root:נמז	1.0	GOLD	SYNTHETIC
SYN-RT-edb55f68f2	נ-מ-ט	נמט	נ	מ	ט			3			True	False	False	False	False	False	False	False	False	False	False	False	False	False	False	False	True	N.C.C	initial_nun	False	False	False	True	False	False	False	False	נמט	SYN-RG-36ef9ccbf0	7	HIFIL|HITPAEL|HUFAL|NIFAL|PAAL|PIEL|PUAL	synthetic_v1	synthetic_v1:root:נמט	1.0	GOLD	SYNTHETIC
SYN-RT-70d2d02672	נ-מ-ל	נמל	נ	מ	ל			3			True	False	False	False	False	False	False	False	False	False	False	False	False	False	False	False	True	N.C.C	initial_nun	False	False	False	True	False	False	False	False	נמל	SYN-RG-a77c873676	7	HIFIL|HITPAEL|HUFAL|NIFAL|PAAL|PIEL|PUAL	synthetic_v1	synthetic_v1:root:נמל	1.0	GOLD	SYNTHETIC
SYN-RT-e2d0fcc5d5	נ-מ-פ	נמפ	נ	מ	פ			3			True	False	False	False	False	False	False	False	False	False	False	False	False	False	False	False	True	N.C.C	initial_nun	False	False	False	True	False	False	False	False	נמפ	SYN-RG-adb96f3235	7	HIFIL|HITPAEL|HUFAL|NIFAL|PAAL|PIEL|PUAL	synthetic_v1	synthetic_v1:root:נמפ	1.0	GOLD	SYNTHETIC
SYN-RT-d60f1b1819	נ-מ-ר	נמר	נ	מ	ר			3			True	False	False	False	False	False	False	False	False	False	False	False	False	True	False	False	True	N.C.R	initial_nun	False	False	False	True	False	False	False	False	נמר	SYN-RG-5919e85bdb	7	HIFIL|HITPAEL|HUFAL|NIFAL|PAAL|PIEL|PUAL	synthetic_v1	synthetic_v1:root:נמר	1.0	GOLD	SYNTHETIC
SYN-RT-18b87afe2e	נ-ס-ג	נסג	נ	ס	ג			3			True	False	False	False	False	False	False	False	False	False	False	False	False	False	False	False	True	N.C.C	initial_nun	False	False	False	True	False	False	False	False	נסג	SYN-RG-d1f411cb99	7	HIFIL|HITPAEL|HUFAL|NIFAL|PAAL|PIEL|PUAL	synthetic_v1	synthetic_v1:root:נסג	1.0	GOLD	SYNTHETIC
SYN-RT-3bba61dea0	נ-ס-ז	נסז	נ	ס	ז			3			True	False	False	False	False	False	False	False	False	False	False	False	False	False	False	False	True	N.C.C	initial_nun	False	False	False	True	False	False	False	False	נסז	SYN-RG-3dbcfdb353	7	HIFIL|HITPAEL|HUFAL|NIFAL|PAAL|PIEL|PUAL	synthetic_v1	synthetic_v1:root:נסז	1.0	GOLD	SYNTHETIC
SYN-RT-fba334d8e6	נ-ס-ט	נסט	נ	ס	ט			3			True	False	False	False	False	False	False	False	False	False	False	False	False	False	False	False	True	N.C.C	initial_nun	False	False	False	True	False	False	False	False	נסט	SYN-RG-0b32e27851	7	HIFIL|HITPAEL|HUFAL|NIFAL|PAAL|PIEL|PUAL	synthetic_v1	synthetic_v1:root:נסט	1.0	GOLD	SYNTHETIC
SYN-RT-c6237341a2	נ-ס-ל	נסל	נ	ס	ל			3			True	False	False	False	False	False	False	False	False	False	False	False	False	False	False	False	True	N.C.C	initial_nun	False	False	False	True	False	False	False	False	נסל	SYN-RG-da41e05e89	7	HIFIL|HITPAEL|HUFAL|NIFAL|PAAL|PIEL|PUAL	synthetic_v1	synthetic_v1:root:נסל	1.0	GOLD	SYNTHETIC
SYN-RT-1d3cbf702d	נ-פ-ז	נפז	נ	פ	ז			3			True	False	False	False	False	False	False	False	False	False	False	False	False	False	False	False	True	N.C.C	initial_nun	False	False	False	True	False	False	False	False	נפז	SYN-RG-a97c3aae1f	7	HIFIL|HITPAEL|HUFAL|NIFAL|PAAL|PIEL|PUAL	synthetic_v1	synthetic_v1:root:נפז	1.0	GOLD	SYNTHETIC
SYN-RT-ca4512bfc3	נ-פ-ט	נפט	נ	פ	ט			3			True	False	False	False	False	False	False	False	False	False	False	False	False	False	False	False	True	N.C.C	initial_nun	False	False	False	True	False	False	False	False	נפט	SYN-RG-0a0b1af817	7	HIFIL|HITPAEL|HUFAL|NIFAL|PAAL|PIEL|PUAL	synthetic_v1	synthetic_v1:root:נפט	1.0	GOLD	SYNTHETIC
SYN-RT-3592ec4b06	נ-פ-ס	נפס	נ	פ	ס			3			True	False	False	False	False	False	False	False	False	False	False	False	False	False	False	False	True	N.C.C	initial_nun	False	False	False	True	False	False	False	False	נפס	SYN-RG-b2f0808527	7	HIFIL|HITPAEL|HUFAL|NIFAL|PAAL|PIEL|PUAL	synthetic_v1	synthetic_v1:root:נפס	1.0	GOLD	SYNTHETIC
SYN-RT-6d55b30e38	נ-פ-צ	נפצ	נ	פ	צ			3			True	False	False	False	False	False	False	False	False	False	False	False	False	False	False	False	True	N.C.C	initial_nun	False	False	False	True	False	False	False	False	נפצ	SYN-RG-93d49bd5fb	7	HIFIL|HITPAEL|HUFAL|NIFAL|PAAL|PIEL|PUAL	synthetic_v1	synthetic_v1:root:נפצ	1.0	GOLD	SYNTHETIC
SYN-RT-98be6a85b1	נ-צ-ב	נצב	נ	צ	ב			3			True	False	False	False	False	False	False	False	False	False	False	False	False	False	False	False	True	N.C.C	initial_nun	False	False	False	True	False	False	False	False	נצב	SYN-RG-5373afda74	7	HIFIL|HITPAEL|HUFAL|NIFAL|PAAL|PIEL|PUAL	synthetic_v1	synthetic_v1:root:נצב	1.0	GOLD	SYNTHETIC
SYN-RT-957ad60751	נ-צ-ט	נצט	נ	צ	ט			3			True	False	False	False	False	False	False	False	False	False	False	False	False	False	False	False	True	N.C.C	initial_nun	False	False	False	True	False	False	False	False	נצט	SYN-RG-821f627f0c	7	HIFIL|HITPAEL|HUFAL|NIFAL|PAAL|PIEL|PUAL	synthetic_v1	synthetic_v1:root:נצט	1.0	GOLD	SYNTHETIC
SYN-RT-cc1a57592d	נ-צ-ל	נצל	נ	צ	ל			3			True	False	False	False	False	False	False	False	False	False	False	False	False	False	False	False	True	N.C.C	initial_nun	False	False	False	True	False	False	False	False	נצל	SYN-RG-53a7b36033	7	HIFIL|HITPAEL|HUFAL|NIFAL|PAAL|PIEL|PUAL	synthetic_v1	synthetic_v1:root:נצל	1.0	GOLD	SYNTHETIC
SYN-RT-ad0dba5870	נ-ק-שׁ	נקשׁ	נ	ק	ש			3			True	False	False	False	False	False	False	False	False	False	False	False	False	False	False	False	True	N.C.C	initial_nun	False	False	False	True	False	False	False	False	נקש	SYN-RG-ebe70929b6	7	HIFIL|HITPAEL|HUFAL|NIFAL|PAAL|PIEL|PUAL	synthetic_v1	synthetic_v1:root:נקשׁ	1.0	GOLD	SYNTHETIC
SYN-RT-1ac7452193	נ-ר-ג	נרג	נ	ר	ג			3			True	False	False	False	False	False	False	False	False	False	False	False	False	True	False	False	True	N.R.C	initial_nun	False	False	False	True	False	False	False	False	נרג	SYN-RG-322f2eecca	7	HIFIL|HITPAEL|HUFAL|NIFAL|PAAL|PIEL|PUAL	synthetic_v1	synthetic_v1:root:נרג	1.0	GOLD	SYNTHETIC
SYN-RT-de2ca63f72	נ-ר-ד	נרד	נ	ר	ד			3			True	False	False	False	False	False	False	False	False	False	False	False	False	True	False	False	True	N.R.C	initial_nun	False	False	False	True	False	False	False	False	נרד	SYN-RG-32824c11bf	7	HIFIL|HITPAEL|HUFAL|NIFAL|PAAL|PIEL|PUAL	synthetic_v1	synthetic_v1:root:נרד	1.0	GOLD	SYNTHETIC
SYN-RT-921ebef15c	נ-ר-ז	נרז	נ	ר	ז			3			True	False	False	False	False	False	False	False	False	False	False	False	False	True	False	False	True	N.R.C	initial_nun	False	False	False	True	False	False	False	False	נרז	SYN-RG-ead74ed8aa	7	HIFIL|HITPAEL|HUFAL|NIFAL|PAAL|PIEL|PUAL	synthetic_v1	synthetic_v1:root:נרז	1.0	GOLD	SYNTHETIC
SYN-RT-05e2603689	נ-ר-ס	נרס	נ	ר	ס			3			True	False	False	False	False	False	False	False	False	False	False	False	False	True	False	False	True	N.R.C	initial_nun	False	False	False	True	False	False	False	False	נרס	SYN-RG-acebef2ce9	7	HIFIL|HITPAEL|HUFAL|NIFAL|PAAL|PIEL|PUAL	synthetic_v1	synthetic_v1:root:נרס	1.0	GOLD	SYNTHETIC
SYN-RT-a2f8ea4571	נ-ר-פ	נרפ	נ	ר	פ			3			True	False	False	False	False	False	False	False	False	False	False	False	False	True	False	False	True	N.R.C	initial_nun	False	False	False	True	False	False	False	False	נרפ	SYN-RG-6f6826e469	7	HIFIL|HITPAEL|HUFAL|NIFAL|PAAL|PIEL|PUAL	synthetic_v1	synthetic_v1:root:נרפ	1.0	GOLD	SYNTHETIC
SYN-RT-facb7e9629	נ-ר-צ	נרצ	נ	ר	צ			3			True	False	False	False	False	False	False	False	False	False	False	False	False	True	False	False	True	N.R.C	initial_nun	False	False	False	True	False	False	False	False	נרצ	SYN-RG-7b6d73006d	7	HIFIL|HITPAEL|HUFAL|NIFAL|PAAL|PIEL|PUAL	synthetic_v1	synthetic_v1:root:נרצ	1.0	GOLD	SYNTHETIC
SYN-RT-76ba23031c	נ-שׁ-ג	נשׁג	נ	ש	ג			3			True	False	False	False	False	False	False	False	False	False	False	False	False	False	False	False	True	N.C.C	initial_nun	False	False	False	True	False	False	False	False	נשג	SYN-RG-01ff4d881f	7	HIFIL|HITPAEL|HUFAL|NIFAL|PAAL|PIEL|PUAL	synthetic_v1	synthetic_v1:root:נשׁג	1.0	GOLD	SYNTHETIC
SYN-RT-48627ce0db	נ-שׁ-ל	נשׁל	נ	ש	ל			3			True	False	False	False	False	False	False	False	False	False	False	False	False	False	False	False	True	N.C.C	initial_nun	False	False	False	True	False	False	False	False	נשל	SYN-RG-a7a8b62244	7	HIFIL|HITPAEL|HUFAL|NIFAL|PAAL|PIEL|PUAL	synthetic_v1	synthetic_v1:root:נשׁל	1.0	GOLD	SYNTHETIC
SYN-RT-0e733f4a32	נ-שׁ-מ	נשׁמ	נ	ש	מ			3			True	False	False	False	False	False	False	False	False	False	False	False	False	False	False	False	True	N.C.C	initial_nun	False	False	False	True	False	False	False	False	נשמ	SYN-RG-162fb9f3f8	7	HIFIL|HITPAEL|HUFAL|NIFAL|PAAL|PIEL|PUAL	synthetic_v1	synthetic_v1:root:נשׁמ	1.0	GOLD	SYNTHETIC
SYN-RT-3722a72037	נ-שׁ-פ	נשׁפ	נ	ש	פ			3			True	False	False	False	False	False	False	False	False	False	False	False	False	False	False	False	True	N.C.C	initial_nun	False	False	False	True	False	False	False	False	נשפ	SYN-RG-2c58c2e96b	7	HIFIL|HITPAEL|HUFAL|NIFAL|PAAL|PIEL|PUAL	synthetic_v1	synthetic_v1:root:נשׁפ	1.0	GOLD	SYNTHETIC
SYN-RT-7ee24786b3	נ-ת-ג	נתג	נ	ת	ג			3			True	False	False	False	False	False	False	False	False	False	False	False	False	False	False	False	True	N.C.C	initial_nun	False	False	False	True	False	False	False	False	נתג	SYN-RG-ab4ee781f9	7	HIFIL|HITPAEL|HUFAL|NIFAL|PAAL|PIEL|PUAL	synthetic_v1	synthetic_v1:root:נתג	1.0	GOLD	SYNTHETIC
SYN-RT-aa3b5f7dd1	נ-ת-ט	נתט	נ	ת	ט			3			True	False	False	False	False	False	False	False	False	False	False	False	False	False	False	False	True	N.C.C	initial_nun	False	False	False	True	False	False	False	False	נתט	SYN-RG-92a0ddb92f	7	HIFIL|HITPAEL|HUFAL|NIFAL|PAAL|PIEL|PUAL	synthetic_v1	synthetic_v1:root:נתט	1.0	GOLD	SYNTHETIC
SYN-RT-9ad8c87ad2	נ-ת-צ	נתצ	נ	ת	צ			3			True	False	False	False	False	False	False	False	False	False	False	False	False	False	False	False	True	N.C.C	initial_nun	False	False	False	True	False	False	False	False	נתצ	SYN-RG-69438fd26c	7	HIFIL|HITPAEL|HUFAL|NIFAL|PAAL|PIEL|PUAL	synthetic_v1	synthetic_v1:root:נתצ	1.0	GOLD	SYNTHETIC
SYN-RT-4a6191eee6	נ-ת-ק	נתק	נ	ת	ק			3			True	False	False	False	False	False	False	False	False	False	False	False	False	False	False	False	True	N.C.C	initial_nun	False	False	False	True	False	False	False	False	נתק	SYN-RG-0bf391bc3c	7	HIFIL|HITPAEL|HUFAL|NIFAL|PAAL|PIEL|PUAL	synthetic_v1	synthetic_v1:root:נתק	1.0	GOLD	SYNTHETIC
SYN-RT-fc0b34397f	נ-ת-ר	נתר	נ	ת	ר			3			True	False	False	False	False	False	False	False	False	False	False	False	False	True	False	False	True	N.C.R	initial_nun	False	False	False	True	False	False	False	False	נתר	SYN-RG-641b86259c	7	HIFIL|HITPAEL|HUFAL|NIFAL|PAAL|PIEL|PUAL	synthetic_v1	synthetic_v1:root:נתר	1.0	GOLD	SYNTHETIC
SYN-RT-3eb1da9b4f	ס-ב-ט	סבט	ס	ב	ט			3			False	False	False	False	False	False	False	False	False	False	False	False	False	False	False	False	False	C.C.C	strong	True	False	False	False	False	False	False	False	סבט	SYN-RG-55a5fdba6b	7	HIFIL|HITPAEL|HUFAL|NIFAL|PAAL|PIEL|PUAL	synthetic_v1	synthetic_v1:root:סבט	1.0	GOLD	SYNTHETIC
SYN-RT-0873cf4e51	ס-ב-מ	סבמ	ס	ב	מ			3			False	False	False	False	False	False	False	False	False	False	False	False	False	False	False	False	False	C.C.C	strong	True	False	False	False	False	False	False	False	סבמ	SYN-RG-18e0cf9734	7	HIFIL|HITPAEL|HUFAL|NIFAL|PAAL|PIEL|PUAL	synthetic_v1	synthetic_v1:root:סבמ	1.0	GOLD	SYNTHETIC
SYN-RT-316844e118	ס-ב-ק	סבק	ס	ב	ק			3			False	False	False	False	False	False	False	False	False	False	False	False	False	False	False	False	False	C.C.C	strong	True	False	False	False	False	False	False	False	סבק	SYN-RG-69d7ef9c4a	7	HIFIL|HITPAEL|HUFAL|NIFAL|PAAL|PIEL|PUAL	synthetic_v1	synthetic_v1:root:סבק	1.0	GOLD	SYNTHETIC
SYN-RT-1438954d87	ס-ב-ת	סבת	ס	ב	ת			3			False	False	False	False	False	False	False	False	False	False	False	False	False	False	False	False	False	C.C.C	strong	True	False	False	False	False	False	False	False	סבת	SYN-RG-db53a53f17	7	HIFIL|HITPAEL|HUFAL|NIFAL|PAAL|PIEL|PUAL	synthetic_v1	synthetic_v1:root:סבת	1.0	GOLD	SYNTHETIC
SYN-RT-450f618c45	ס-ג-כ	סגכ	ס	ג	כ			3			False	False	False	False	False	False	False	False	False	False	False	False	False	False	False	False	False	C.C.C	strong	True	False	False	False	False	False	False	False	סגכ	SYN-RG-bf5d6bd924	7	HIFIL|HITPAEL|HUFAL|NIFAL|PAAL|PIEL|PUAL	synthetic_v1	synthetic_v1:root:סגכ	1.0	GOLD	SYNTHETIC
SYN-RT-2b0dd2ebf9	ס-ג-נ	סגנ	ס	ג	נ			3			False	False	False	False	False	False	False	False	False	False	False	False	False	False	False	False	False	C.C.N	strong	True	False	False	False	False	False	False	False	סגנ	SYN-RG-8c31287ef8	7	HIFIL|HITPAEL|HUFAL|NIFAL|PAAL|PIEL|PUAL	synthetic_v1	synthetic_v1:root:סגנ	1.0	GOLD	SYNTHETIC
SYN-RT-141769d8d7	ס-ג-צ	סגצ	ס	ג	צ			3			False	False	False	False	False	False	False	False	False	False	False	False	False	False	False	False	False	C.C.C	strong	True	False	False	False	False	False	False	False	סגצ	SYN-RG-1db3b3c12d	7	HIFIL|HITPAEL|HUFAL|NIFAL|PAAL|PIEL|PUAL	synthetic_v1	synthetic_v1:root:סגצ	1.0	GOLD	SYNTHETIC
SYN-RT-c6d3368b98	ס-ג-ק	סגק	ס	ג	ק			3			False	False	False	False	False	False	False	False	False	False	False	False	False	False	False	False	False	C.C.C	strong	True	False	False	False	False	False	False	False	סגק	SYN-RG-b71fd7963f	7	HIFIL|HITPAEL|HUFAL|NIFAL|PAAL|PIEL|PUAL	synthetic_v1	synthetic_v1:root:סגק	1.0	GOLD	SYNTHETIC
SYN-RT-1c12bf65bb	ס-ג-ר	סגר	ס	ג	ר			3			False	False	False	False	False	False	False	False	False	False	False	False	False	True	False	False	False	C.C.R	strong	True	False	False	False	False	False	False	False	סגר	SYN-RG-23bab882bc	7	HIFIL|HITPAEL|HUFAL|NIFAL|PAAL|PIEL|PUAL	synthetic_v1	synthetic_v1:root:סגר	1.0	GOLD	SYNTHETIC
SYN-RT-0269731da1	ס-ד-ז	סדז	ס	ד	ז			3			False	False	False	False	False	False	False	False	False	False	False	False	False	False	False	False	False	C.C.C	strong	True	False	False	False	False	False	False	False	סדז	SYN-RG-926db41679	7	HIFIL|HITPAEL|HUFAL|NIFAL|PAAL|PIEL|PUAL	synthetic_v1	synthetic_v1:root:סדז	1.0	GOLD	SYNTHETIC
SYN-RT-cfecb1214e	ס-ד-כ	סדכ	ס	ד	כ			3			False	False	False	False	False	False	False	False	False	False	False	False	False	False	False	False	False	C.C.C	strong	True	False	False	False	False	False	False	False	סדכ	SYN-RG-2402c0847a	7	HIFIL|HITPAEL|HUFAL|NIFAL|PAAL|PIEL|PUAL	synthetic_v1	synthetic_v1:root:סדכ	1.0	GOLD	SYNTHETIC
SYN-RT-abae9c8fe8	ס-ד-פ	סדפ	ס	ד	פ			3			False	False	False	False	False	False	False	False	False	False	False	False	False	False	False	False	False	C.C.C	strong	True	False	False	False	False	False	False	False	סדפ	SYN-RG-a0336642d0	7	HIFIL|HITPAEL|HUFAL|NIFAL|PAAL|PIEL|PUAL	synthetic_v1	synthetic_v1:root:סדפ	1.0	GOLD	SYNTHETIC
SYN-RT-2c760f4feb	ס-ד-ק	סדק	ס	ד	ק			3			False	False	False	False	False	False	False	False	False	False	False	False	False	False	False	False	False	C.C.C	strong	True	False	False	False	False	False	False	False	סדק	SYN-RG-ef98637757	7	HIFIL|HITPAEL|HUFAL|NIFAL|PAAL|PIEL|PUAL	synthetic_v1	synthetic_v1:root:סדק	1.0	GOLD	SYNTHETIC
SYN-RT-dd1ee69ea5	ס-ז-ל	סזל	ס	ז	ל			3			False	False	False	False	False	False	False	False	False	False	False	False	False	False	False	False	False	C.C.C	strong	True	False	False	False	False	False	False	False	סזל	SYN-RG-e433919211	7	HIFIL|HITPAEL|HUFAL|NIFAL|PAAL|PIEL|PUAL	synthetic_v1	synthetic_v1:root:סזל	1.0	GOLD	SYNTHETIC
SYN-RT-5a35e8db5d	ס-ז-צ	סזצ	ס	ז	צ			3			False	False	False	False	False	False	False	False	False	False	False	False	False	False	False	False	False	C.C.C	strong	True	False	False	False	False	False	False	False	סזצ	SYN-RG-d61fbe3b7d	7	HIFIL|HITPAEL|HUFAL|NIFAL|PAAL|PIEL|PUAL	synthetic_v1	synthetic_v1:root:סזצ	1.0	GOLD	SYNTHETIC
SYN-RT-71862e754b	ס-ז-ק	סזק	ס	ז	ק			3			False	False	False	False	False	False	False	False	False	False	False	False	False	False	False	False	False	C.C.C	strong	True	False	False	False	False	False	False	False	סזק	SYN-RG-e9303a2e98	7	HIFIL|HITPAEL|HUFAL|NIFAL|PAAL|PIEL|PUAL	synthetic_v1	synthetic_v1:root:סזק	1.0	GOLD	SYNTHETIC
SYN-RT-ce9424803d	ס-ז-ר	סזר	ס	ז	ר			3			False	False	False	False	False	False	False	False	False	False	False	False	False	True	False	False	False	C.C.R	strong	True	False	False	False	False	False	False	False	סזר	SYN-RG-f77ec2ceb9	7	HIFIL|HITPAEL|HUFAL|NIFAL|PAAL|PIEL|PUAL	synthetic_v1	synthetic_v1:root:סזר	1.0	GOLD	SYNTHETIC
SYN-RT-e04659c9d1	ס-ט-נ	סטנ	ס	ט	נ			3			False	False	False	False	False	False	False	False	False	False	False	False	False	False	False	False	False	C.C.N	strong	True	False	False	False	False	False	False	False	סטנ	SYN-RG-eebb65233d	7	HIFIL|HITPAEL|HUFAL|NIFAL|PAAL|PIEL|PUAL	synthetic_v1	synthetic_v1:root:סטנ	1.0	GOLD	SYNTHETIC
SYN-RT-3f7c5a7a57	ס-ט-ר	סטר	ס	ט	ר			3			False	False	False	False	False	False	False	False	False	False	False	False	False	True	False	False	False	C.C.R	strong	True	False	False	False	False	False	False	False	סטר	SYN-RG-bba67db429	7	HIFIL|HITPAEL|HUFAL|NIFAL|PAAL|PIEL|PUAL	synthetic_v1	synthetic_v1:root:סטר	1.0	GOLD	SYNTHETIC
SYN-RT-767baee173	ס-ט-ת	סטת	ס	ט	ת			3			False	False	False	False	False	False	False	False	False	False	False	False	False	False	False	False	False	C.C.C	strong	True	False	False	False	False	False	False	False	סטת	SYN-RG-5ce1e7cad5	7	HIFIL|HITPAEL|HUFAL|NIFAL|PAAL|PIEL|PUAL	synthetic_v1	synthetic_v1:root:סטת	1.0	GOLD	SYNTHETIC
SYN-RT-884eef2cc7	ס-כ-ב	סכב	ס	כ	ב			3			False	False	False	False	False	False	False	False	False	False	False	False	False	False	False	False	False	C.C.C	strong	True	False	False	False	False	False	False	False	סכב	SYN-RG-9cb8d8c14f	7	HIFIL|HITPAEL|HUFAL|NIFAL|PAAL|PIEL|PUAL	synthetic_v1	synthetic_v1:root:סכב	1.0	GOLD	SYNTHETIC
SYN-RT-0d5d76ed20	ס-כ-ז	סכז	ס	כ	ז			3			False	False	False	False	False	False	False	False	False	False	False	False	False	False	False	False	False	C.C.C	strong	True	False	False	False	False	False	False	False	סכז	SYN-RG-b7f42d55c1	7	HIFIL|HITPAEL|HUFAL|NIFAL|PAAL|PIEL|PUAL	synthetic_v1	synthetic_v1:root:סכז	1.0	GOLD	SYNTHETIC
SYN-RT-014e9a0537	ס-כ-נ	סכנ	ס	כ	נ			3			False	False	False	False	False	False	False	False	False	False	False	False	False	False	False	False	False	C.C.N	strong	True	False	False	False	False	False	False	False	סכנ	SYN-RG-c6aa377276	7	HIFIL|HITPAEL|HUFAL|NIFAL|PAAL|PIEL|PUAL	synthetic_v1	synthetic_v1:root:סכנ	1.0	GOLD	SYNTHETIC
SYN-RT-f345b91864	ס-כ-פ	סכפ	ס	כ	פ			3			False	False	False	False	False	False	False	False	False	False	False	False	False	False	False	False	False	C.C.C	strong	True	False	False	False	False	False	False	False	סכפ	SYN-RG-bc3c44c99f	7	HIFIL|HITPAEL|HUFAL|NIFAL|PAAL|PIEL|PUAL	synthetic_v1	synthetic_v1:root:סכפ	1.0	GOLD	SYNTHETIC
SYN-RT-b8f4c968e1	ס-ל-ג	סלג	ס	ל	ג			3			False	False	False	False	False	False	False	False	False	False	False	False	False	False	False	False	False	C.C.C	strong	True	False	False	False	False	False	False	False	סלג	SYN-RG-3074704388	7	HIFIL|HITPAEL|HUFAL|NIFAL|PAAL|PIEL|PUAL	synthetic_v1	synthetic_v1:root:סלג	1.0	GOLD	SYNTHETIC
SYN-RT-120d31b7be	ס-ל-נ	סלנ	ס	ל	נ			3			False	False	False	False	False	False	False	False	False	False	False	False	False	False	False	False	False	C.C.N	strong	True	False	False	False	False	False	False	False	סלנ	SYN-RG-6f5111d065	7	HIFIL|HITPAEL|HUFAL|NIFAL|PAAL|PIEL|PUAL	synthetic_v1	synthetic_v1:root:סלנ	1.0	GOLD	SYNTHETIC
SYN-RT-58e184c9d3	ס-מ-ב	סמב	ס	מ	ב			3			False	False	False	False	False	False	False	False	False	False	False	False	False	False	False	False	False	C.C.C	strong	True	False	False	False	False	False	False	False	סמב	SYN-RG-58f2cf30ee	7	HIFIL|HITPAEL|HUFAL|NIFAL|PAAL|PIEL|PUAL	synthetic_v1	synthetic_v1:root:סמב	1.0	GOLD	SYNTHETIC
SYN-RT-2da173ef27	ס-מ-ג	סמג	ס	מ	ג			3			False	False	False	False	False	False	False	False	False	False	False	False	False	False	False	False	False	C.C.C	strong	True	False	False	False	False	False	False	False	סמג	SYN-RG-1a44fe81ca	7	HIFIL|HITPAEL|HUFAL|NIFAL|PAAL|PIEL|PUAL	synthetic_v1	synthetic_v1:root:סמג	1.0	GOLD	SYNTHETIC
SYN-RT-0a05aebebb	ס-מ-ד	סמד	ס	מ	ד			3			False	False	False	False	False	False	False	False	False	False	False	False	False	False	False	False	False	C.C.C	strong	True	False	False	False	False	False	False	False	סמד	SYN-RG-2d4445f63e	7	HIFIL|HITPAEL|HUFAL|NIFAL|PAAL|PIEL|PUAL	synthetic_v1	synthetic_v1:root:סמד	1.0	GOLD	SYNTHETIC
SYN-RT-4ccd9cf17f	ס-מ-נ	סמנ	ס	מ	נ			3			False	False	False	False	False	False	False	False	False	False	False	False	False	False	False	False	False	C.C.N	strong	True	False	False	False	False	False	False	False	סמנ	SYN-RG-0eb95646ba	7	HIFIL|HITPAEL|HUFAL|NIFAL|PAAL|PIEL|PUAL	synthetic_v1	synthetic_v1:root:סמנ	1.0	GOLD	SYNTHETIC
SYN-RT-31940adfd2	ס-מ-ת	סמת	ס	מ	ת			3			False	False	False	False	False	False	False	False	False	False	False	False	False	False	False	False	False	C.C.C	strong	True	False	False	False	False	False	False	False	סמת	SYN-RG-aeb386664b	7	HIFIL|HITPAEL|HUFAL|NIFAL|PAAL|PIEL|PUAL	synthetic_v1	synthetic_v1:root:סמת	1.0	GOLD	SYNTHETIC
SYN-RT-bd073d6659	ס-נ-ט	סנט	ס	נ	ט			3			False	False	False	False	False	False	False	False	False	False	False	False	False	False	False	False	False	C.N.C	strong	True	False	False	False	False	False	False	False	סנט	SYN-RG-0d40fcd6a9	7	HIFIL|HITPAEL|HUFAL|NIFAL|PAAL|PIEL|PUAL	synthetic_v1	synthetic_v1:root:סנט	1.0	GOLD	SYNTHETIC
SYN-RT-1686e83184	ס-פ-ב	ספב	ס	פ	ב			3			False	False	False	False	False	False	False	False	False	False	False	False	False	False	False	False	False	C.C.C	strong	True	False	False	False	False	False	False	False	ספב	SYN-RG-16cc10b15c	7	HIFIL|HITPAEL|HUFAL|NIFAL|PAAL|PIEL|PUAL	synthetic_v1	synthetic_v1:root:ספב	1.0	GOLD	SYNTHETIC
SYN-RT-a8a8c23017	ס-פ-ג	ספג	ס	פ	ג			3			False	False	False	False	False	False	False	False	False	False	False	False	False	False	False	False	False	C.C.C	strong	True	False	False	False	False	False	False	False	ספג	SYN-RG-9c52a5ba2e	7	HIFIL|HITPAEL|HUFAL|NIFAL|PAAL|PIEL|PUAL	synthetic_v1	synthetic_v1:root:ספג	1.0	GOLD	SYNTHETIC
SYN-RT-3f9a6c1673	ס-פ-מ	ספמ	ס	פ	מ			3			False	False	False	False	False	False	False	False	False	False	False	False	False	False	False	False	False	C.C.C	strong	True	False	False	False	False	False	False	False	ספמ	SYN-RG-da0fc74292	7	HIFIL|HITPAEL|HUFAL|NIFAL|PAAL|PIEL|PUAL	synthetic_v1	synthetic_v1:root:ספמ	1.0	GOLD	SYNTHETIC
SYN-RT-5267a5cd02	ס-פ-נ	ספנ	ס	פ	נ			3			False	False	False	False	False	False	False	False	False	False	False	False	False	False	False	False	False	C.C.N	strong	True	False	False	False	False	False	False	False	ספנ	SYN-RG-738a42c9bc	7	HIFIL|HITPAEL|HUFAL|NIFAL|PAAL|PIEL|PUAL	synthetic_v1	synthetic_v1:root:ספנ	1.0	GOLD	SYNTHETIC
SYN-RT-94ae8683de	ס-צ-ט	סצט	ס	צ	ט			3			False	False	False	False	False	False	False	False	False	False	False	False	False	False	False	False	False	C.C.C	strong	True	False	False	False	False	False	False	False	סצט	SYN-RG-cb21255c54	7	HIFIL|HITPAEL|HUFAL|NIFAL|PAAL|PIEL|PUAL	synthetic_v1	synthetic_v1:root:סצט	1.0	GOLD	SYNTHETIC
SYN-RT-1e61ca4300	ס-צ-מ	סצמ	ס	צ	מ			3			False	False	False	False	False	False	False	False	False	False	False	False	False	False	False	False	False	C.C.C	strong	True	False	False	False	False	False	False	False	סצמ	SYN-RG-f292641d9a	7	HIFIL|HITPAEL|HUFAL|NIFAL|PAAL|PIEL|PUAL	synthetic_v1	synthetic_v1:root:סצמ	1.0	GOLD	SYNTHETIC
SYN-RT-4fe8328258	ס-צ-ת	סצת	ס	צ	ת			3			False	False	False	False	False	False	False	False	False	False	False	False	False	False	False	False	False	C.C.C	strong	True	False	False	False	False	False	False	False	סצת	SYN-RG-739552ef06	7	HIFIL|HITPAEL|HUFAL|NIFAL|PAAL|PIEL|PUAL	synthetic_v1	synthetic_v1:root:סצת	1.0	GOLD	SYNTHETIC
SYN-RT-4f2389cd71	ס-ק-ב	סקב	ס	ק	ב			3			False	False	False	False	False	False	False	False	False	False	False	False	False	False	False	False	False	C.C.C	strong	True	False	False	False	False	False	False	False	סקב	SYN-RG-5adbd0d724	7	HIFIL|HITPAEL|HUFAL|NIFAL|PAAL|PIEL|PUAL	synthetic_v1	synthetic_v1:root:סקב	1.0	GOLD	SYNTHETIC
SYN-RT-63dca91bed	ס-ק-ד	סקד	ס	ק	ד			3			False	False	False	False	False	False	False	False	False	False	False	False	False	False	False	False	False	C.C.C	strong	True	False	False	False	False	False	False	False	סקד	SYN-RG-a49a342a08	7	HIFIL|HITPAEL|HUFAL|NIFAL|PAAL|PIEL|PUAL	synthetic_v1	synthetic_v1:root:סקד	1.0	GOLD	SYNTHETIC
SYN-RT-39685d824f	ס-ק-כ	סקכ	ס	ק	כ			3			False	False	False	False	False	False	False	False	False	False	False	False	False	False	False	False	False	C.C.C	strong	True	False	False	False	False	False	False	False	סקכ	SYN-RG-87bab0c4f7	7	HIFIL|HITPAEL|HUFAL|NIFAL|PAAL|PIEL|PUAL	synthetic_v1	synthetic_v1:root:סקכ	1.0	GOLD	SYNTHETIC
SYN-RT-2a661e5144	ס-ק-מ	סקמ	ס	ק	מ			3			False	False	False	False	False	False	False	False	False	False	False	False	False	False	False	False	False	C.C.C	strong	True	False	False	False	False	False	False	False	סקמ	SYN-RG-5616b0bee1	7	HIFIL|HITPAEL|HUFAL|NIFAL|PAAL|PIEL|PUAL	synthetic_v1	synthetic_v1:root:סקמ	1.0	GOLD	SYNTHETIC
SYN-RT-07f87bd83d	ס-ק-צ	סקצ	ס	ק	צ			3			False	False	False	False	False	False	False	False	False	False	False	False	False	False	False	False	False	C.C.C	strong	True	False	False	False	False	False	False	False	סקצ	SYN-RG-24ea5dbfa2	7	HIFIL|HITPAEL|HUFAL|NIFAL|PAAL|PIEL|PUAL	synthetic_v1	synthetic_v1:root:סקצ	1.0	GOLD	SYNTHETIC
SYN-RT-b91b2fbe37	ס-ר-ב	סרב	ס	ר	ב			3			False	False	False	False	False	False	False	False	False	False	False	False	False	True	False	False	False	C.R.C	strong	True	False	False	False	False	False	False	False	סרב	SYN-RG-8ebb3b54e2	7	HIFIL|HITPAEL|HUFAL|NIFAL|PAAL|PIEL|PUAL	synthetic_v1	synthetic_v1:root:סרב	1.0	GOLD	SYNTHETIC
SYN-RT-9f712c27fb	ס-ר-ג	סרג	ס	ר	ג			3			False	False	False	False	False	False	False	False	False	False	False	False	False	True	False	False	False	C.R.C	strong	True	False	False	False	False	False	False	False	סרג	SYN-RG-81d27a9d2a	7	HIFIL|HITPAEL|HUFAL|NIFAL|PAAL|PIEL|PUAL	synthetic_v1	synthetic_v1:root:סרג	1.0	GOLD	SYNTHETIC
SYN-RT-4f84e131f0	ס-ר-ט	סרט	ס	ר	ט			3			False	False	False	False	False	False	False	False	False	False	False	False	False	True	False	False	False	C.R.C	strong	True	False	False	False	False	False	False	False	סרט	SYN-RG-965a12b93b	7	HIFIL|HITPAEL|HUFAL|NIFAL|PAAL|PIEL|PUAL	synthetic_v1	synthetic_v1:root:סרט	1.0	GOLD	SYNTHETIC
SYN-RT-c9c7adb76a	ס-ר-מ	סרמ	ס	ר	מ			3			False	False	False	False	False	False	False	False	False	False	False	False	False	True	False	False	False	C.R.C	strong	True	False	False	False	False	False	False	False	סרמ	SYN-RG-61d5af02a0	7	HIFIL|HITPAEL|HUFAL|NIFAL|PAAL|PIEL|PUAL	synthetic_v1	synthetic_v1:root:סרמ	1.0	GOLD	SYNTHETIC
SYN-RT-32d1952c28	ס-ר-שׁ	סרשׁ	ס	ר	ש			3			False	False	False	False	False	False	False	False	False	False	False	False	False	True	False	False	False	C.R.C	strong	True	False	False	False	False	False	False	False	סרש	SYN-RG-c2db0b393f	7	HIFIL|HITPAEL|HUFAL|NIFAL|PAAL|PIEL|PUAL	synthetic_v1	synthetic_v1:root:סרשׁ	1.0	GOLD	SYNTHETIC
SYN-RT-edfdd610fe	ס-שׁ-ד	סשׁד	ס	ש	ד			3			False	False	False	False	False	False	False	False	False	False	False	False	False	False	False	False	False	C.C.C	strong	True	False	False	False	False	False	False	False	סשד	SYN-RG-818a464476	7	HIFIL|HITPAEL|HUFAL|NIFAL|PAAL|PIEL|PUAL	synthetic_v1	synthetic_v1:root:סשׁד	1.0	GOLD	SYNTHETIC
SYN-RT-fa08417a42	ס-שׁ-כ	סשׁכ	ס	ש	כ			3			False	False	False	False	False	False	False	False	False	False	False	False	False	False	False	False	False	C.C.C	strong	True	False	False	False	False	False	False	False	סשכ	SYN-RG-bde0466b7c	7	HIFIL|HITPAEL|HUFAL|NIFAL|PAAL|PIEL|PUAL	synthetic_v1	synthetic_v1:root:סשׁכ	1.0	GOLD	SYNTHETIC
SYN-RT-2546bb7af3	ס-שׁ-ל	סשׁל	ס	ש	ל			3			False	False	False	False	False	False	False	False	False	False	False	False	False	False	False	False	False	C.C.C	strong	True	False	False	False	False	False	False	False	סשל	SYN-RG-e2293cf280	7	HIFIL|HITPAEL|HUFAL|NIFAL|PAAL|PIEL|PUAL	synthetic_v1	synthetic_v1:root:סשׁל	1.0	GOLD	SYNTHETIC
SYN-RT-284625c241	ס-שׁ-צ	סשׁצ	ס	ש	צ			3			False	False	False	False	False	False	False	False	False	False	False	False	False	False	False	False	False	C.C.C	strong	True	False	False	False	False	False	False	False	סשצ	SYN-RG-2ad9c7e21a	7	HIFIL|HITPAEL|HUFAL|NIFAL|PAAL|PIEL|PUAL	synthetic_v1	synthetic_v1:root:סשׁצ	1.0	GOLD	SYNTHETIC
SYN-RT-6366a7b480	ס-שׁ-ק	סשׁק	ס	ש	ק			3			False	False	False	False	False	False	False	False	False	False	False	False	False	False	False	False	False	C.C.C	strong	True	False	False	False	False	False	False	False	סשק	SYN-RG-d5fac67f63	7	HIFIL|HITPAEL|HUFAL|NIFAL|PAAL|PIEL|PUAL	synthetic_v1	synthetic_v1:root:סשׁק	1.0	GOLD	SYNTHETIC
SYN-RT-0ec3c9cb25	ס-שׁ-ת	סשׁת	ס	ש	ת			3			False	False	False	False	False	False	False	False	False	False	False	False	False	False	False	False	False	C.C.C	strong	True	False	False	False	False	False	False	False	סשת	SYN-RG-769789964c	7	HIFIL|HITPAEL|HUFAL|NIFAL|PAAL|PIEL|PUAL	synthetic_v1	synthetic_v1:root:סשׁת	1.0	GOLD	SYNTHETIC
SYN-RT-2cdd840b4a	ס-ת-כ	סתכ	ס	ת	כ			3			False	False	False	False	False	False	False	False	False	False	False	False	False	False	False	False	False	C.C.C	strong	True	False	False	False	False	False	False	False	סתכ	SYN-RG-a163c364a3	7	HIFIL|HITPAEL|HUFAL|NIFAL|PAAL|PIEL|PUAL	synthetic_v1	synthetic_v1:root:סתכ	1.0	GOLD	SYNTHETIC
SYN-RT-8b82f4d3db	ס-ת-ל	סתל	ס	ת	ל			3			False	False	False	False	False	False	False	False	False	False	False	False	False	False	False	False	False	C.C.C	strong	True	False	False	False	False	False	False	False	סתל	SYN-RG-a1ddba2320	7	HIFIL|HITPAEL|HUFAL|NIFAL|PAAL|PIEL|PUAL	synthetic_v1	synthetic_v1:root:סתל	1.0	GOLD	SYNTHETIC
SYN-RT-d74680914b	ס-ת-נ	סתנ	ס	ת	נ			3			False	False	False	False	False	False	False	False	False	False	False	False	False	False	False	False	False	C.C.N	strong	True	False	False	False	False	False	False	False	סתנ	SYN-RG-74fa30b99d	7	HIFIL|HITPAEL|HUFAL|NIFAL|PAAL|PIEL|PUAL	synthetic_v1	synthetic_v1:root:סתנ	1.0	GOLD	SYNTHETIC
SYN-RT-14740ed99c	ס-ת-צ	סתצ	ס	ת	צ			3			False	False	False	False	False	False	False	False	False	False	False	False	False	False	False	False	False	C.C.C	strong	True	False	False	False	False	False	False	False	סתצ	SYN-RG-ef14376c0e	7	HIFIL|HITPAEL|HUFAL|NIFAL|PAAL|PIEL|PUAL	synthetic_v1	synthetic_v1:root:סתצ	1.0	GOLD	SYNTHETIC
SYN-RT-2d5bb590a0	פ-ב-ט	פבט	פ	ב	ט			3			False	False	False	False	False	False	False	False	False	False	False	False	False	False	False	False	False	C.C.C	strong	True	False	False	False	False	False	False	False	פבט	SYN-RG-752b7375f7	7	HIFIL|HITPAEL|HUFAL|NIFAL|PAAL|PIEL|PUAL	synthetic_v1	synthetic_v1:root:פבט	1.0	GOLD	SYNTHETIC
SYN-RT-77d12f8463	פ-ב-ס	פבס	פ	ב	ס			3			False	False	False	False	False	False	False	False	False	False	False	False	False	False	False	False	False	C.C.C	strong	True	False	False	False	False	False	False	False	פבס	SYN-RG-c00761646c	7	HIFIL|HITPAEL|HUFAL|NIFAL|PAAL|PIEL|PUAL	synthetic_v1	synthetic_v1:root:פבס	1.0	GOLD	SYNTHETIC
SYN-RT-9758bc68df	פ-ב-ת	פבת	פ	ב	ת			3			False	False	False	False	False	False	False	False	False	False	False	False	False	False	False	False	False	C.C.C	strong	True	False	False	False	False	False	False	False	פבת	SYN-RG-c2b0afe0c0	7	HIFIL|HITPAEL|HUFAL|NIFAL|PAAL|PIEL|PUAL	synthetic_v1	synthetic_v1:root:פבת	1.0	GOLD	SYNTHETIC
SYN-RT-caed4450f5	פ-ג-ב	פגב	פ	ג	ב			3			False	False	False	False	False	False	False	False	False	False	False	False	False	False	False	False	False	C.C.C	strong	True	False	False	False	False	False	False	False	פגב	SYN-RG-4589036629	7	HIFIL|HITPAEL|HUFAL|NIFAL|PAAL|PIEL|PUAL	synthetic_v1	synthetic_v1:root:פגב	1.0	GOLD	SYNTHETIC
SYN-RT-9aea65be7c	פ-ג-מ	פגמ	פ	ג	מ			3			False	False	False	False	False	False	False	False	False	False	False	False	False	False	False	False	False	C.C.C	strong	True	False	False	False	False	False	False	False	פגמ	SYN-RG-dd95bdb4d3	7	HIFIL|HITPAEL|HUFAL|NIFAL|PAAL|PIEL|PUAL	synthetic_v1	synthetic_v1:root:פגמ	1.0	GOLD	SYNTHETIC
SYN-RT-18bc7488bd	פ-ג-נ	פגנ	פ	ג	נ			3			False	False	False	False	False	False	False	False	False	False	False	False	False	False	False	False	False	C.C.N	strong	True	False	False	False	False	False	False	False	פגנ	SYN-RG-6af2f2d058	7	HIFIL|HITPAEL|HUFAL|NIFAL|PAAL|PIEL|PUAL	synthetic_v1	synthetic_v1:root:פגנ	1.0	GOLD	SYNTHETIC
SYN-RT-7b9eb3110c	פ-ג-ס	פגס	פ	ג	ס			3			False	False	False	False	False	False	False	False	False	False	False	False	False	False	False	False	False	C.C.C	strong	True	False	False	False	False	False	False	False	פגס	SYN-RG-91e4192724	7	HIFIL|HITPAEL|HUFAL|NIFAL|PAAL|PIEL|PUAL	synthetic_v1	synthetic_v1:root:פגס	1.0	GOLD	SYNTHETIC
SYN-RT-1d9c055cec	פ-ג-ר	פגר	פ	ג	ר			3			False	False	False	False	False	False	False	False	False	False	False	False	False	True	False	False	False	C.C.R	strong	True	False	False	False	False	False	False	False	פגר	SYN-RG-59849e209b	7	HIFIL|HITPAEL|HUFAL|NIFAL|PAAL|PIEL|PUAL	synthetic_v1	synthetic_v1:root:פגר	1.0	GOLD	SYNTHETIC
SYN-RT-4df4db4215	פ-ג-ת	פגת	פ	ג	ת			3			False	False	False	False	False	False	False	False	False	False	False	False	False	False	False	False	False	C.C.C	strong	True	False	False	False	False	False	False	False	פגת	SYN-RG-531f8eefc9	7	HIFIL|HITPAEL|HUFAL|NIFAL|PAAL|PIEL|PUAL	synthetic_v1	synthetic_v1:root:פגת	1.0	GOLD	SYNTHETIC
SYN-RT-32876967bb	פ-ד-ב	פדב	פ	ד	ב			3			False	False	False	False	False	False	False	False	False	False	False	False	False	False	False	False	False	C.C.C	strong	True	False	False	False	False	False	False	False	פדב	SYN-RG-547c8b53d2	7	HIFIL|HITPAEL|HUFAL|NIFAL|PAAL|PIEL|PUAL	synthetic_v1	synthetic_v1:root:פדב	1.0	GOLD	SYNTHETIC
SYN-RT-c62d709769	פ-ד-ל	פדל	פ	ד	ל			3			False	False	False	False	False	False	False	False	False	False	False	False	False	False	False	False	False	C.C.C	strong	True	False	False	False	False	False	False	False	פדל	SYN-RG-c74f25819a	7	HIFIL|HITPAEL|HUFAL|NIFAL|PAAL|PIEL|PUAL	synthetic_v1	synthetic_v1:root:פדל	1.0	GOLD	SYNTHETIC
SYN-RT-36effeeee5	פ-ד-שׁ	פדשׁ	פ	ד	ש			3			False	False	False	False	False	False	False	False	False	False	False	False	False	False	False	False	False	C.C.C	strong	True	False	False	False	False	False	False	False	פדש	SYN-RG-1628a5de94	7	HIFIL|HITPAEL|HUFAL|NIFAL|PAAL|PIEL|PUAL	synthetic_v1	synthetic_v1:root:פדשׁ	1.0	GOLD	SYNTHETIC
SYN-RT-7ab49bbb1d	פ-ז-נ	פזנ	פ	ז	נ			3			False	False	False	False	False	False	False	False	False	False	False	False	False	False	False	False	False	C.C.N	strong	True	False	False	False	False	False	False	False	פזנ	SYN-RG-3883be8fae	7	HIFIL|HITPAEL|HUFAL|NIFAL|PAAL|PIEL|PUAL	synthetic_v1	synthetic_v1:root:פזנ	1.0	GOLD	SYNTHETIC
SYN-RT-10d6486812	פ-ט-ג	פטג	פ	ט	ג			3			False	False	False	False	False	False	False	False	False	False	False	False	False	False	False	False	False	C.C.C	strong	True	False	False	False	False	False	False	False	פטג	SYN-RG-15ed160d39	7	HIFIL|HITPAEL|HUFAL|NIFAL|PAAL|PIEL|PUAL	synthetic_v1	synthetic_v1:root:פטג	1.0	GOLD	SYNTHETIC
SYN-RT-f922ac01ba	פ-ט-ד	פטד	פ	ט	ד			3			False	False	False	False	False	False	False	False	False	False	False	False	False	False	False	False	False	C.C.C	strong	True	False	False	False	False	False	False	False	פטד	SYN-RG-c0dd9dbbf5	7	HIFIL|HITPAEL|HUFAL|NIFAL|PAAL|PIEL|PUAL	synthetic_v1	synthetic_v1:root:פטד	1.0	GOLD	SYNTHETIC
SYN-RT-f0da0ea34d	פ-ט-ז	פטז	פ	ט	ז			3			False	False	False	False	False	False	False	False	False	False	False	False	False	False	False	False	False	C.C.C	strong	True	False	False	False	False	False	False	False	פטז	SYN-RG-12ab4af2ac	7	HIFIL|HITPAEL|HUFAL|NIFAL|PAAL|PIEL|PUAL	synthetic_v1	synthetic_v1:root:פטז	1.0	GOLD	SYNTHETIC
SYN-RT-7296bcf377	פ-ט-מ	פטמ	פ	ט	מ			3			False	False	False	False	False	False	False	False	False	False	False	False	False	False	False	False	False	C.C.C	strong	True	False	False	False	False	False	False	False	פטמ	SYN-RG-f88804b69c	7	HIFIL|HITPAEL|HUFAL|NIFAL|PAAL|PIEL|PUAL	synthetic_v1	synthetic_v1:root:פטמ	1.0	GOLD	SYNTHETIC
SYN-RT-9be0e9aec0	פ-ט-ס	פטס	פ	ט	ס			3			False	False	False	False	False	False	False	False	False	False	False	False	False	False	False	False	False	C.C.C	strong	True	False	False	False	False	False	False	False	פטס	SYN-RG-72381dc648	7	HIFIL|HITPAEL|HUFAL|NIFAL|PAAL|PIEL|PUAL	synthetic_v1	synthetic_v1:root:פטס	1.0	GOLD	SYNTHETIC
SYN-RT-4c74bd0b1f	פ-ט-צ	פטצ	פ	ט	צ			3			False	False	False	False	False	False	False	False	False	False	False	False	False	False	False	False	False	C.C.C	strong	True	False	False	False	False	False	False	False	פטצ	SYN-RG-6fd39b0dd0	7	HIFIL|HITPAEL|HUFAL|NIFAL|PAAL|PIEL|PUAL	synthetic_v1	synthetic_v1:root:פטצ	1.0	GOLD	SYNTHETIC
SYN-RT-35a3f8d391	פ-כ-ב	פכב	פ	כ	ב			3			False	False	False	False	False	False	False	False	False	False	False	False	False	False	False	False	False	C.C.C	strong	True	False	False	False	False	False	False	False	פכב	SYN-RG-abcdf13857	7	HIFIL|HITPAEL|HUFAL|NIFAL|PAAL|PIEL|PUAL	synthetic_v1	synthetic_v1:root:פכב	1.0	GOLD	SYNTHETIC
SYN-RT-263e978145	פ-כ-ג	פכג	פ	כ	ג			3			False	False	False	False	False	False	False	False	False	False	False	False	False	False	False	False	False	C.C.C	strong	True	False	False	False	False	False	False	False	פכג	SYN-RG-6655fc0754	7	HIFIL|HITPAEL|HUFAL|NIFAL|PAAL|PIEL|PUAL	synthetic_v1	synthetic_v1:root:פכג	1.0	GOLD	SYNTHETIC
SYN-RT-b33e23d0e5	פ-כ-ז	פכז	פ	כ	ז			3			False	False	False	False	False	False	False	False	False	False	False	False	False	False	False	False	False	C.C.C	strong	True	False	False	False	False	False	False	False	פכז	SYN-RG-8cfd822eac	7	HIFIL|HITPAEL|HUFAL|NIFAL|PAAL|PIEL|PUAL	synthetic_v1	synthetic_v1:root:פכז	1.0	GOLD	SYNTHETIC
SYN-RT-27b969b396	פ-כ-ק	פכק	פ	כ	ק			3			False	False	False	False	False	False	False	False	False	False	False	False	False	False	False	False	False	C.C.C	strong	True	False	False	False	False	False	False	False	פכק	SYN-RG-748c050389	7	HIFIL|HITPAEL|HUFAL|NIFAL|PAAL|PIEL|PUAL	synthetic_v1	synthetic_v1:root:פכק	1.0	GOLD	SYNTHETIC
SYN-RT-c83165fc7f	פ-ל-ד	פלד	פ	ל	ד			3			False	False	False	False	False	False	False	False	False	False	False	False	False	False	False	False	False	C.C.C	strong	True	False	False	False	False	False	False	False	פלד	SYN-RG-ac464c04f2	7	HIFIL|HITPAEL|HUFAL|NIFAL|PAAL|PIEL|PUAL	synthetic_v1	synthetic_v1:root:פלד	1.0	GOLD	SYNTHETIC
SYN-RT-b5a933d2e7	פ-ל-מ	פלמ	פ	ל	מ			3			False	False	False	False	False	False	False	False	False	False	False	False	False	False	False	False	False	C.C.C	strong	True	False	False	False	False	False	False	False	פלמ	SYN-RG-11a4c21903	7	HIFIL|HITPAEL|HUFAL|NIFAL|PAAL|PIEL|PUAL	synthetic_v1	synthetic_v1:root:פלמ	1.0	GOLD	SYNTHETIC
SYN-RT-29c6113e3b	פ-ל-צ	פלצ	פ	ל	צ			3			False	False	False	False	False	False	False	False	False	False	False	False	False	False	False	False	False	C.C.C	strong	True	False	False	False	False	False	False	False	פלצ	SYN-RG-b6db0edbaa	7	HIFIL|HITPAEL|HUFAL|NIFAL|PAAL|PIEL|PUAL	synthetic_v1	synthetic_v1:root:פלצ	1.0	GOLD	SYNTHETIC
SYN-RT-d34af69ea5	פ-מ-ב	פמב	פ	מ	ב			3			False	False	False	False	False	False	False	False	False	False	False	False	False	False	False	False	False	C.C.C	strong	True	False	False	False	False	False	False	False	פמב	SYN-RG-0d9cb38b47	7	HIFIL|HITPAEL|HUFAL|NIFAL|PAAL|PIEL|PUAL	synthetic_v1	synthetic_v1:root:פמב	1.0	GOLD	SYNTHETIC
SYN-RT-0ef1987cdd	פ-מ-ג	פמג	פ	מ	ג			3			False	False	False	False	False	False	False	False	False	False	False	False	False	False	False	False	False	C.C.C	strong	True	False	False	False	False	False	False	False	פמג	SYN-RG-34e498c059	7	HIFIL|HITPAEL|HUFAL|NIFAL|PAAL|PIEL|PUAL	synthetic_v1	synthetic_v1:root:פמג	1.0	GOLD	SYNTHETIC
SYN-RT-a512af5a62	פ-מ-ט	פמט	פ	מ	ט			3			False	False	False	False	False	False	False	False	False	False	False	False	False	False	False	False	False	C.C.C	strong	True	False	False	False	False	False	False	False	פמט	SYN-RG-ad320c067d	7	HIFIL|HITPAEL|HUFAL|NIFAL|PAAL|PIEL|PUAL	synthetic_v1	synthetic_v1:root:פמט	1.0	GOLD	SYNTHETIC
SYN-RT-a5572c542b	פ-מ-צ	פמצ	פ	מ	צ			3			False	False	False	False	False	False	False	False	False	False	False	False	False	False	False	False	False	C.C.C	strong	True	False	False	False	False	False	False	False	פמצ	SYN-RG-0afba617a2	7	HIFIL|HITPAEL|HUFAL|NIFAL|PAAL|PIEL|PUAL	synthetic_v1	synthetic_v1:root:פמצ	1.0	GOLD	SYNTHETIC
SYN-RT-6cf564a816	פ-מ-ר	פמר	פ	מ	ר			3			False	False	False	False	False	False	False	False	False	False	False	False	False	True	False	False	False	C.C.R	strong	True	False	False	False	False	False	False	False	פמר	SYN-RG-86f103dc13	7	HIFIL|HITPAEL|HUFAL|NIFAL|PAAL|PIEL|PUAL	synthetic_v1	synthetic_v1:root:פמר	1.0	GOLD	SYNTHETIC
SYN-RT-6cdb6a3f50	פ-מ-ת	פמת	פ	מ	ת			3			False	False	False	False	False	False	False	False	False	False	False	False	False	False	False	False	False	C.C.C	strong	True	False	False	False	False	False	False	False	פמת	SYN-RG-1a3d866ea7	7	HIFIL|HITPAEL|HUFAL|NIFAL|PAAL|PIEL|PUAL	synthetic_v1	synthetic_v1:root:פמת	1.0	GOLD	SYNTHETIC
SYN-RT-7d6be653e7	פ-נ-ב	פנב	פ	נ	ב			3			False	False	False	False	False	False	False	False	False	False	False	False	False	False	False	False	False	C.N.C	strong	True	False	False	False	False	False	False	False	פנב	SYN-RG-414dfd39c2	7	HIFIL|HITPAEL|HUFAL|NIFAL|PAAL|PIEL|PUAL	synthetic_v1	synthetic_v1:root:פנב	1.0	GOLD	SYNTHETIC
SYN-RT-bcb431b220	פ-נ-ג	פנג	פ	נ	ג			3			False	False	False	False	False	False	False	False	False	False	False	False	False	False	False	False	False	C.N.C	strong	True	False	False	False	False	False	False	False	פנג	SYN-RG-ebc865a4f6	7	HIFIL|HITPAEL|HUFAL|NIFAL|PAAL|PIEL|PUAL	synthetic_v1	synthetic_v1:root:פנג	1.0	GOLD	SYNTHETIC
SYN-RT-01e76756ce	פ-נ-ז	פנז	פ	נ	ז			3			False	False	False	False	False	False	False	False	False	False	False	False	False	False	False	False	False	C.N.C	strong	True	False	False	False	False	False	False	False	פנז	SYN-RG-5b1d8a1fcd	7	HIFIL|HITPAEL|HUFAL|NIFAL|PAAL|PIEL|PUAL	synthetic_v1	synthetic_v1:root:פנז	1.0	GOLD	SYNTHETIC
SYN-RT-5a72486e67	פ-נ-ל	פנל	פ	נ	ל			3			False	False	False	False	False	False	False	False	False	False	False	False	False	False	False	False	False	C.N.C	strong	True	False	False	False	False	False	False	False	פנל	SYN-RG-cae0eb2de1	7	HIFIL|HITPAEL|HUFAL|NIFAL|PAAL|PIEL|PUAL	synthetic_v1	synthetic_v1:root:פנל	1.0	GOLD	SYNTHETIC
SYN-RT-60ff8a2f35	פ-נ-ס	פנס	פ	נ	ס			3			False	False	False	False	False	False	False	False	False	False	False	False	False	False	False	False	False	C.N.C	strong	True	False	False	False	False	False	False	False	פנס	SYN-RG-5161c789bc	7	HIFIL|HITPAEL|HUFAL|NIFAL|PAAL|PIEL|PUAL	synthetic_v1	synthetic_v1:root:פנס	1.0	GOLD	SYNTHETIC
SYN-RT-532bc6ef1b	פ-נ-ק	פנק	פ	נ	ק			3			False	False	False	False	False	False	False	False	False	False	False	False	False	False	False	False	False	C.N.C	strong	True	False	False	False	False	False	False	False	פנק	SYN-RG-00234933fa	7	HIFIL|HITPAEL|HUFAL|NIFAL|PAAL|PIEL|PUAL	synthetic_v1	synthetic_v1:root:פנק	1.0	GOLD	SYNTHETIC
SYN-RT-87073d052f	פ-ס-ב	פסב	פ	ס	ב			3			False	False	False	False	False	False	False	False	False	False	False	False	False	False	False	False	False	C.C.C	strong	True	False	False	False	False	False	False	False	פסב	SYN-RG-55751f83e6	7	HIFIL|HITPAEL|HUFAL|NIFAL|PAAL|PIEL|PUAL	synthetic_v1	synthetic_v1:root:פסב	1.0	GOLD	SYNTHETIC
SYN-RT-dd7b0e6f0b	פ-ס-ד	פסד	פ	ס	ד			3			False	False	False	False	False	False	False	False	False	False	False	False	False	False	False	False	False	C.C.C	strong	True	False	False	False	False	False	False	False	פסד	SYN-RG-65ef2ccb91	7	HIFIL|HITPAEL|HUFAL|NIFAL|PAAL|PIEL|PUAL	synthetic_v1	synthetic_v1:root:פסד	1.0	GOLD	SYNTHETIC
SYN-RT-e8407442c2	פ-ס-צ	פסצ	פ	ס	צ			3			False	False	False	False	False	False	False	False	False	False	False	False	False	False	False	False	False	C.C.C	strong	True	False	False	False	False	False	False	False	פסצ	SYN-RG-731cb16d97	7	HIFIL|HITPAEL|HUFAL|NIFAL|PAAL|PIEL|PUAL	synthetic_v1	synthetic_v1:root:פסצ	1.0	GOLD	SYNTHETIC
SYN-RT-1f010f8ff5	פ-צ-ב	פצב	פ	צ	ב			3			False	False	False	False	False	False	False	False	False	False	False	False	False	False	False	False	False	C.C.C	strong	True	False	False	False	False	False	False	False	פצב	SYN-RG-ede02f03ee	7	HIFIL|HITPAEL|HUFAL|NIFAL|PAAL|PIEL|PUAL	synthetic_v1	synthetic_v1:root:פצב	1.0	GOLD	SYNTHETIC
SYN-RT-87d2fde1eb	פ-צ-ג	פצג	פ	צ	ג			3			False	False	False	False	False	False	False	False	False	False	False	False	False	False	False	False	False	C.C.C	strong	True	False	False	False	False	False	False	False	פצג	SYN-RG-5c3247f6ab	7	HIFIL|HITPAEL|HUFAL|NIFAL|PAAL|PIEL|PUAL	synthetic_v1	synthetic_v1:root:פצג	1.0	GOLD	SYNTHETIC
SYN-RT-4ee5fbac79	פ-צ-ט	פצט	פ	צ	ט			3			False	False	False	False	False	False	False	False	False	False	False	False	False	False	False	False	False	C.C.C	strong	True	False	False	False	False	False	False	False	פצט	SYN-RG-a9f99601e6	7	HIFIL|HITPAEL|HUFAL|NIFAL|PAAL|PIEL|PUAL	synthetic_v1	synthetic_v1:root:פצט	1.0	GOLD	SYNTHETIC
SYN-RT-753b598250	פ-צ-ל	פצל	פ	צ	ל			3			False	False	False	False	False	False	False	False	False	False	False	False	False	False	False	False	False	C.C.C	strong	True	False	False	False	False	False	False	False	פצל	SYN-RG-741a5c9e09	7	HIFIL|HITPAEL|HUFAL|NIFAL|PAAL|PIEL|PUAL	synthetic_v1	synthetic_v1:root:פצל	1.0	GOLD	SYNTHETIC
SYN-RT-d5459dd562	פ-ק-ב	פקב	פ	ק	ב			3			False	False	False	False	False	False	False	False	False	False	False	False	False	False	False	False	False	C.C.C	strong	True	False	False	False	False	False	False	False	פקב	SYN-RG-8f2a6457df	7	HIFIL|HITPAEL|HUFAL|NIFAL|PAAL|PIEL|PUAL	synthetic_v1	synthetic_v1:root:פקב	1.0	GOLD	SYNTHETIC
SYN-RT-8507ae3b91	פ-ק-ל	פקל	פ	ק	ל			3			False	False	False	False	False	False	False	False	False	False	False	False	False	False	False	False	False	C.C.C	strong	True	False	False	False	False	False	False	False	פקל	SYN-RG-dce7f68b62	7	HIFIL|HITPAEL|HUFAL|NIFAL|PAAL|PIEL|PUAL	synthetic_v1	synthetic_v1:root:פקל	1.0	GOLD	SYNTHETIC
SYN-RT-f686bae068	פ-ק-מ	פקמ	פ	ק	מ			3			False	False	False	False	False	False	False	False	False	False	False	False	False	False	False	False	False	C.C.C	strong	True	False	False	False	False	False	False	False	פקמ	SYN-RG-e6c217caee	7	HIFIL|HITPAEL|HUFAL|NIFAL|PAAL|PIEL|PUAL	synthetic_v1	synthetic_v1:root:פקמ	1.0	GOLD	SYNTHETIC
SYN-RT-05a3c62d60	פ-ק-נ	פקנ	פ	ק	נ			3			False	False	False	False	False	False	False	False	False	False	False	False	False	False	False	False	False	C.C.N	strong	True	False	False	False	False	False	False	False	פקנ	SYN-RG-658403b9d0	7	HIFIL|HITPAEL|HUFAL|NIFAL|PAAL|PIEL|PUAL	synthetic_v1	synthetic_v1:root:פקנ	1.0	GOLD	SYNTHETIC
SYN-RT-cbf1c8e47a	פ-ק-שׁ	פקשׁ	פ	ק	ש			3			False	False	False	False	False	False	False	False	False	False	False	False	False	False	False	False	False	C.C.C	strong	True	False	False	False	False	False	False	False	פקש	SYN-RG-3328e8ed30	7	HIFIL|HITPAEL|HUFAL|NIFAL|PAAL|PIEL|PUAL	synthetic_v1	synthetic_v1:root:פקשׁ	1.0	GOLD	SYNTHETIC
SYN-RT-9737af26bb	פ-ר-כ	פרכ	פ	ר	כ			3			False	False	False	False	False	False	False	False	False	False	False	False	False	True	False	False	False	C.R.C	strong	True	False	False	False	False	False	False	False	פרכ	SYN-RG-462580c951	7	HIFIL|HITPAEL|HUFAL|NIFAL|PAAL|PIEL|PUAL	synthetic_v1	synthetic_v1:root:פרכ	1.0	GOLD	SYNTHETIC
SYN-RT-991db688ab	פ-ר-צ	פרצ	פ	ר	צ			3			False	False	False	False	False	False	False	False	False	False	False	False	False	True	False	False	False	C.R.C	strong	True	False	False	False	False	False	False	False	פרצ	SYN-RG-c437ec1e04	7	HIFIL|HITPAEL|HUFAL|NIFAL|PAAL|PIEL|PUAL	synthetic_v1	synthetic_v1:root:פרצ	1.0	GOLD	SYNTHETIC
SYN-RT-0750e94b8d	פ-ר-ת	פרת	פ	ר	ת			3			False	False	False	False	False	False	False	False	False	False	False	False	False	True	False	False	False	C.R.C	strong	True	False	False	False	False	False	False	False	פרת	SYN-RG-485d506f53	7	HIFIL|HITPAEL|HUFAL|NIFAL|PAAL|PIEL|PUAL	synthetic_v1	synthetic_v1:root:פרת	1.0	GOLD	SYNTHETIC
SYN-RT-2e2ccf0e2b	פ-שׁ-ד	פשׁד	פ	ש	ד			3			False	False	False	False	False	False	False	False	False	False	False	False	False	False	False	False	False	C.C.C	strong	True	False	False	False	False	False	False	False	פשד	SYN-RG-48b0164bb0	7	HIFIL|HITPAEL|HUFAL|NIFAL|PAAL|PIEL|PUAL	synthetic_v1	synthetic_v1:root:פשׁד	1.0	GOLD	SYNTHETIC
SYN-RT-b0547ff5ae	פ-שׁ-ל	פשׁל	פ	ש	ל			3			False	False	False	False	False	False	False	False	False	False	False	False	False	False	False	False	False	C.C.C	strong	True	False	False	False	False	False	False	False	פשל	SYN-RG-160fa5c674	7	HIFIL|HITPAEL|HUFAL|NIFAL|PAAL|PIEL|PUAL	synthetic_v1	synthetic_v1:root:פשׁל	1.0	GOLD	SYNTHETIC
SYN-RT-a3a73e4c74	פ-שׁ-ק	פשׁק	פ	ש	ק			3			False	False	False	False	False	False	False	False	False	False	False	False	False	False	False	False	False	C.C.C	strong	True	False	False	False	False	False	False	False	פשק	SYN-RG-1878f87e64	7	HIFIL|HITPAEL|HUFAL|NIFAL|PAAL|PIEL|PUAL	synthetic_v1	synthetic_v1:root:פשׁק	1.0	GOLD	SYNTHETIC
SYN-RT-0f8f93cb55	פ-שׁ-ר	פשׁר	פ	ש	ר			3			False	False	False	False	False	False	False	False	False	False	False	False	False	True	False	False	False	C.C.R	strong	True	False	False	False	False	False	False	False	פשר	SYN-RG-c0521981ad	7	HIFIL|HITPAEL|HUFAL|NIFAL|PAAL|PIEL|PUAL	synthetic_v1	synthetic_v1:root:פשׁר	1.0	GOLD	SYNTHETIC
SYN-RT-bf2c66779c	פ-ת-ד	פתד	פ	ת	ד			3			False	False	False	False	False	False	False	False	False	False	False	False	False	False	False	False	False	C.C.C	strong	True	False	False	False	False	False	False	False	פתד	SYN-RG-6ae715b974	7	HIFIL|HITPAEL|HUFAL|NIFAL|PAAL|PIEL|PUAL	synthetic_v1	synthetic_v1:root:פתד	1.0	GOLD	SYNTHETIC
SYN-RT-9b230e428a	פ-ת-ז	פתז	פ	ת	ז			3			False	False	False	False	False	False	False	False	False	False	False	False	False	False	False	False	False	C.C.C	strong	True	False	False	False	False	False	False	False	פתז	SYN-RG-4ae8247a8a	7	HIFIL|HITPAEL|HUFAL|NIFAL|PAAL|PIEL|PUAL	synthetic_v1	synthetic_v1:root:פתז	1.0	GOLD	SYNTHETIC
SYN-RT-9c10331172	צ-ב-ג	צבג	צ	ב	ג			3			False	False	False	False	False	False	False	False	False	False	False	False	False	False	False	False	False	C.C.C	strong	True	False	False	False	False	False	False	False	צבג	SYN-RG-bd6ddb43fe	7	HIFIL|HITPAEL|HUFAL|NIFAL|PAAL|PIEL|PUAL	synthetic_v1	synthetic_v1:root:צבג	1.0	GOLD	SYNTHETIC
SYN-RT-0197015024	צ-ב-ט	צבט	צ	ב	ט			3			False	False	False	False	False	False	False	False	False	False	False	False	False	False	False	False	False	C.C.C	strong	True	False	False	False	False	False	False	False	צבט	SYN-RG-2e56b27af7	7	HIFIL|HITPAEL|HUFAL|NIFAL|PAAL|PIEL|PUAL	synthetic_v1	synthetic_v1:root:צבט	1.0	GOLD	SYNTHETIC
SYN-RT-1ef27482a1	צ-ב-מ	צבמ	צ	ב	מ			3			False	False	False	False	False	False	False	False	False	False	False	False	False	False	False	False	False	C.C.C	strong	True	False	False	False	False	False	False	False	צבמ	SYN-RG-a434e2b100	7	HIFIL|HITPAEL|HUFAL|NIFAL|PAAL|PIEL|PUAL	synthetic_v1	synthetic_v1:root:צבמ	1.0	GOLD	SYNTHETIC
SYN-RT-cb46642068	צ-ג-ל	צגל	צ	ג	ל			3			False	False	False	False	False	False	False	False	False	False	False	False	False	False	False	False	False	C.C.C	strong	True	False	False	False	False	False	False	False	צגל	SYN-RG-dca8dbc06f	7	HIFIL|HITPAEL|HUFAL|NIFAL|PAAL|PIEL|PUAL	synthetic_v1	synthetic_v1:root:צגל	1.0	GOLD	SYNTHETIC
SYN-RT-953db93f12	צ-ג-פ	צגפ	צ	ג	פ			3			False	False	False	False	False	False	False	False	False	False	False	False	False	False	False	False	False	C.C.C	strong	True	False	False	False	False	False	False	False	צגפ	SYN-RG-1a424424bd	7	HIFIL|HITPAEL|HUFAL|NIFAL|PAAL|PIEL|PUAL	synthetic_v1	synthetic_v1:root:צגפ	1.0	GOLD	SYNTHETIC
SYN-RT-29d7cc1074	צ-ג-ת	צגת	צ	ג	ת			3			False	False	False	False	False	False	False	False	False	False	False	False	False	False	False	False	False	C.C.C	strong	True	False	False	False	False	False	False	False	צגת	SYN-RG-06e2539f8c	7	HIFIL|HITPAEL|HUFAL|NIFAL|PAAL|PIEL|PUAL	synthetic_v1	synthetic_v1:root:צגת	1.0	GOLD	SYNTHETIC
SYN-RT-d68ec29687	צ-ד-ב	צדב	צ	ד	ב			3			False	False	False	False	False	False	False	False	False	False	False	False	False	False	False	False	False	C.C.C	strong	True	False	False	False	False	False	False	False	צדב	SYN-RG-44ca66da55	7	HIFIL|HITPAEL|HUFAL|NIFAL|PAAL|PIEL|PUAL	synthetic_v1	synthetic_v1:root:צדב	1.0	GOLD	SYNTHETIC
SYN-RT-9d637cf220	צ-ד-ט	צדט	צ	ד	ט			3			False	False	False	False	False	False	False	False	False	False	False	False	False	False	False	False	False	C.C.C	strong	True	False	False	False	False	False	False	False	צדט	SYN-RG-c1b02c4865	7	HIFIL|HITPAEL|HUFAL|NIFAL|PAAL|PIEL|PUAL	synthetic_v1	synthetic_v1:root:צדט	1.0	GOLD	SYNTHETIC
SYN-RT-9c4d3970ca	צ-ד-כ	צדכ	צ	ד	כ			3			False	False	False	False	False	False	False	False	False	False	False	False	False	False	False	False	False	C.C.C	strong	True	False	False	False	False	False	False	False	צדכ	SYN-RG-bb1775a05d	7	HIFIL|HITPAEL|HUFAL|NIFAL|PAAL|PIEL|PUAL	synthetic_v1	synthetic_v1:root:צדכ	1.0	GOLD	SYNTHETIC
SYN-RT-f56f51b031	צ-ד-ל	צדל	צ	ד	ל			3			False	False	False	False	False	False	False	False	False	False	False	False	False	False	False	False	False	C.C.C	strong	True	False	False	False	False	False	False	False	צדל	SYN-RG-94278492ea	7	HIFIL|HITPAEL|HUFAL|NIFAL|PAAL|PIEL|PUAL	synthetic_v1	synthetic_v1:root:צדל	1.0	GOLD	SYNTHETIC
SYN-RT-7f4a4fd432	צ-ד-ר	צדר	צ	ד	ר			3			False	False	False	False	False	False	False	False	False	False	False	False	False	True	False	False	False	C.C.R	strong	True	False	False	False	False	False	False	False	צדר	SYN-RG-79a47608ec	7	HIFIL|HITPAEL|HUFAL|NIFAL|PAAL|PIEL|PUAL	synthetic_v1	synthetic_v1:root:צדר	1.0	GOLD	SYNTHETIC
SYN-RT-b55624ab2c	צ-ד-שׁ	צדשׁ	צ	ד	ש			3			False	False	False	False	False	False	False	False	False	False	False	False	False	False	False	False	False	C.C.C	strong	True	False	False	False	False	False	False	False	צדש	SYN-RG-16053c06ae	7	HIFIL|HITPAEL|HUFAL|NIFAL|PAAL|PIEL|PUAL	synthetic_v1	synthetic_v1:root:צדשׁ	1.0	GOLD	SYNTHETIC
SYN-RT-c0915e11f1	צ-ז-ב	צזב	צ	ז	ב			3			False	False	False	False	False	False	False	False	False	False	False	False	False	False	False	False	False	C.C.C	strong	True	False	False	False	False	False	False	False	צזב	SYN-RG-a608525875	7	HIFIL|HITPAEL|HUFAL|NIFAL|PAAL|PIEL|PUAL	synthetic_v1	synthetic_v1:root:צזב	1.0	GOLD	SYNTHETIC
SYN-RT-47eceb95d2	צ-ז-ג	צזג	צ	ז	ג			3			False	False	False	False	False	False	False	False	False	False	False	False	False	False	False	False	False	C.C.C	strong	True	False	False	False	False	False	False	False	צזג	SYN-RG-ca8e5e8eea	7	HIFIL|HITPAEL|HUFAL|NIFAL|PAAL|PIEL|PUAL	synthetic_v1	synthetic_v1:root:צזג	1.0	GOLD	SYNTHETIC
SYN-RT-a36351b9d8	צ-ז-ד	צזד	צ	ז	ד			3			False	False	False	False	False	False	False	False	False	False	False	False	False	False	False	False	False	C.C.C	strong	True	False	False	False	False	False	False	False	צזד	SYN-RG-c9e09d8bc7	7	HIFIL|HITPAEL|HUFAL|NIFAL|PAAL|PIEL|PUAL	synthetic_v1	synthetic_v1:root:צזד	1.0	GOLD	SYNTHETIC
SYN-RT-8f1d004f50	צ-ז-מ	צזמ	צ	ז	מ			3			False	False	False	False	False	False	False	False	False	False	False	False	False	False	False	False	False	C.C.C	strong	True	False	False	False	False	False	False	False	צזמ	SYN-RG-36472c2a8c	7	HIFIL|HITPAEL|HUFAL|NIFAL|PAAL|PIEL|PUAL	synthetic_v1	synthetic_v1:root:צזמ	1.0	GOLD	SYNTHETIC
SYN-RT-55bd005c30	צ-ז-שׁ	צזשׁ	צ	ז	ש			3			False	False	False	False	False	False	False	False	False	False	False	False	False	False	False	False	False	C.C.C	strong	True	False	False	False	False	False	False	False	צזש	SYN-RG-a46071b9c7	7	HIFIL|HITPAEL|HUFAL|NIFAL|PAAL|PIEL|PUAL	synthetic_v1	synthetic_v1:root:צזשׁ	1.0	GOLD	SYNTHETIC
SYN-RT-5cc33c0805	צ-ט-מ	צטמ	צ	ט	מ			3			False	False	False	False	False	False	False	False	False	False	False	False	False	False	False	False	False	C.C.C	strong	True	False	False	False	False	False	False	False	צטמ	SYN-RG-ef6ee0de9f	7	HIFIL|HITPAEL|HUFAL|NIFAL|PAAL|PIEL|PUAL	synthetic_v1	synthetic_v1:root:צטמ	1.0	GOLD	SYNTHETIC
SYN-RT-b3c86cec2f	צ-ט-נ	צטנ	צ	ט	נ			3			False	False	False	False	False	False	False	False	False	False	False	False	False	False	False	False	False	C.C.N	strong	True	False	False	False	False	False	False	False	צטנ	SYN-RG-2904100beb	7	HIFIL|HITPAEL|HUFAL|NIFAL|PAAL|PIEL|PUAL	synthetic_v1	synthetic_v1:root:צטנ	1.0	GOLD	SYNTHETIC
SYN-RT-5a1b0dcb9f	צ-ט-ס	צטס	צ	ט	ס			3			False	False	False	False	False	False	False	False	False	False	False	False	False	False	False	False	False	C.C.C	strong	True	False	False	False	False	False	False	False	צטס	SYN-RG-a2eca9a015	7	HIFIL|HITPAEL|HUFAL|NIFAL|PAAL|PIEL|PUAL	synthetic_v1	synthetic_v1:root:צטס	1.0	GOLD	SYNTHETIC
SYN-RT-b874272065	צ-ט-שׁ	צטשׁ	צ	ט	ש			3			False	False	False	False	False	False	False	False	False	False	False	False	False	False	False	False	False	C.C.C	strong	True	False	False	False	False	False	False	False	צטש	SYN-RG-338010eac0	7	HIFIL|HITPAEL|HUFAL|NIFAL|PAAL|PIEL|PUAL	synthetic_v1	synthetic_v1:root:צטשׁ	1.0	GOLD	SYNTHETIC
SYN-RT-7c90897681	צ-כ-ט	צכט	צ	כ	ט			3			False	False	False	False	False	False	False	False	False	False	False	False	False	False	False	False	False	C.C.C	strong	True	False	False	False	False	False	False	False	צכט	SYN-RG-442f0ff9de	7	HIFIL|HITPAEL|HUFAL|NIFAL|PAAL|PIEL|PUAL	synthetic_v1	synthetic_v1:root:צכט	1.0	GOLD	SYNTHETIC
SYN-RT-246b397e75	צ-כ-ל	צכל	צ	כ	ל			3			False	False	False	False	False	False	False	False	False	False	False	False	False	False	False	False	False	C.C.C	strong	True	False	False	False	False	False	False	False	צכל	SYN-RG-326139ae4b	7	HIFIL|HITPAEL|HUFAL|NIFAL|PAAL|PIEL|PUAL	synthetic_v1	synthetic_v1:root:צכל	1.0	GOLD	SYNTHETIC
SYN-RT-b77415d488	צ-כ-ק	צכק	צ	כ	ק			3			False	False	False	False	False	False	False	False	False	False	False	False	False	False	False	False	False	C.C.C	strong	True	False	False	False	False	False	False	False	צכק	SYN-RG-6ec302df9a	7	HIFIL|HITPAEL|HUFAL|NIFAL|PAAL|PIEL|PUAL	synthetic_v1	synthetic_v1:root:צכק	1.0	GOLD	SYNTHETIC
SYN-RT-8153b3550a	צ-כ-שׁ	צכשׁ	צ	כ	ש			3			False	False	False	False	False	False	False	False	False	False	False	False	False	False	False	False	False	C.C.C	strong	True	False	False	False	False	False	False	False	צכש	SYN-RG-4d4628922d	7	HIFIL|HITPAEL|HUFAL|NIFAL|PAAL|PIEL|PUAL	synthetic_v1	synthetic_v1:root:צכשׁ	1.0	GOLD	SYNTHETIC
SYN-RT-65a687de14	צ-ל-ט	צלט	צ	ל	ט			3			False	False	False	False	False	False	False	False	False	False	False	False	False	False	False	False	False	C.C.C	strong	True	False	False	False	False	False	False	False	צלט	SYN-RG-86f65099c1	7	HIFIL|HITPAEL|HUFAL|NIFAL|PAAL|PIEL|PUAL	synthetic_v1	synthetic_v1:root:צלט	1.0	GOLD	SYNTHETIC
SYN-RT-f8a89b4c39	צ-ל-מ	צלמ	צ	ל	מ			3			False	False	False	False	False	False	False	False	False	False	False	False	False	False	False	False	False	C.C.C	strong	True	False	False	False	False	False	False	False	צלמ	SYN-RG-574c2a29c4	7	HIFIL|HITPAEL|HUFAL|NIFAL|PAAL|PIEL|PUAL	synthetic_v1	synthetic_v1:root:צלמ	1.0	GOLD	SYNTHETIC
SYN-RT-d74380327a	צ-ל-פ	צלפ	צ	ל	פ			3			False	False	False	False	False	False	False	False	False	False	False	False	False	False	False	False	False	C.C.C	strong	True	False	False	False	False	False	False	False	צלפ	SYN-RG-48bc52e5f7	7	HIFIL|HITPAEL|HUFAL|NIFAL|PAAL|PIEL|PUAL	synthetic_v1	synthetic_v1:root:צלפ	1.0	GOLD	SYNTHETIC
SYN-RT-f823ecabb4	צ-ל-ר	צלר	צ	ל	ר			3			False	False	False	False	False	False	False	False	False	False	False	False	False	True	False	False	False	C.C.R	strong	True	False	False	False	False	False	False	False	צלר	SYN-RG-a808ba2d41	7	HIFIL|HITPAEL|HUFAL|NIFAL|PAAL|PIEL|PUAL	synthetic_v1	synthetic_v1:root:צלר	1.0	GOLD	SYNTHETIC
SYN-RT-5834698366	צ-מ-ב	צמב	צ	מ	ב			3			False	False	False	False	False	False	False	False	False	False	False	False	False	False	False	False	False	C.C.C	strong	True	False	False	False	False	False	False	False	צמב	SYN-RG-642fbaf803	7	HIFIL|HITPAEL|HUFAL|NIFAL|PAAL|PIEL|PUAL	synthetic_v1	synthetic_v1:root:צמב	1.0	GOLD	SYNTHETIC
SYN-RT-67a2cafb25	צ-מ-ק	צמק	צ	מ	ק			3			False	False	False	False	False	False	False	False	False	False	False	False	False	False	False	False	False	C.C.C	strong	True	False	False	False	False	False	False	False	צמק	SYN-RG-902ca6f512	7	HIFIL|HITPAEL|HUFAL|NIFAL|PAAL|PIEL|PUAL	synthetic_v1	synthetic_v1:root:צמק	1.0	GOLD	SYNTHETIC
SYN-RT-9672bf447d	צ-נ-ד	צנד	צ	נ	ד			3			False	False	False	False	False	False	False	False	False	False	False	False	False	False	False	False	False	C.N.C	strong	True	False	False	False	False	False	False	False	צנד	SYN-RG-c47ed13522	7	HIFIL|HITPAEL|HUFAL|NIFAL|PAAL|PIEL|PUAL	synthetic_v1	synthetic_v1:root:צנד	1.0	GOLD	SYNTHETIC
SYN-RT-ddea42a7e8	צ-נ-כ	צנכ	צ	נ	כ			3			False	False	False	False	False	False	False	False	False	False	False	False	False	False	False	False	False	C.N.C	strong	True	False	False	False	False	False	False	False	צנכ	SYN-RG-b0bfb8f2e9	7	HIFIL|HITPAEL|HUFAL|NIFAL|PAAL|PIEL|PUAL	synthetic_v1	synthetic_v1:root:צנכ	1.0	GOLD	SYNTHETIC
SYN-RT-bc62249cf7	צ-נ-ל	צנל	צ	נ	ל			3			False	False	False	False	False	False	False	False	False	False	False	False	False	False	False	False	False	C.N.C	strong	True	False	False	False	False	False	False	False	צנל	SYN-RG-731c49da47	7	HIFIL|HITPAEL|HUFAL|NIFAL|PAAL|PIEL|PUAL	synthetic_v1	synthetic_v1:root:צנל	1.0	GOLD	SYNTHETIC
SYN-RT-82720cd3dd	צ-נ-מ	צנמ	צ	נ	מ			3			False	False	False	False	False	False	False	False	False	False	False	False	False	False	False	False	False	C.N.C	strong	True	False	False	False	False	False	False	False	צנמ	SYN-RG-be039ebec0	7	HIFIL|HITPAEL|HUFAL|NIFAL|PAAL|PIEL|PUAL	synthetic_v1	synthetic_v1:root:צנמ	1.0	GOLD	SYNTHETIC
SYN-RT-e43a18bdb1	צ-נ-ת	צנת	צ	נ	ת			3			False	False	False	False	False	False	False	False	False	False	False	False	False	False	False	False	False	C.N.C	strong	True	False	False	False	False	False	False	False	צנת	SYN-RG-a226b854ac	7	HIFIL|HITPAEL|HUFAL|NIFAL|PAAL|PIEL|PUAL	synthetic_v1	synthetic_v1:root:צנת	1.0	GOLD	SYNTHETIC
SYN-RT-d90c34bed2	צ-ס-ד	צסד	צ	ס	ד			3			False	False	False	False	False	False	False	False	False	False	False	False	False	False	False	False	False	C.C.C	strong	True	False	False	False	False	False	False	False	צסד	SYN-RG-96119baa66	7	HIFIL|HITPAEL|HUFAL|NIFAL|PAAL|PIEL|PUAL	synthetic_v1	synthetic_v1:root:צסד	1.0	GOLD	SYNTHETIC
SYN-RT-ea825b7d1f	צ-ס-ט	צסט	צ	ס	ט			3			False	False	False	False	False	False	False	False	False	False	False	False	False	False	False	False	False	C.C.C	strong	True	False	False	False	False	False	False	False	צסט	SYN-RG-dd32cb8e51	7	HIFIL|HITPAEL|HUFAL|NIFAL|PAAL|PIEL|PUAL	synthetic_v1	synthetic_v1:root:צסט	1.0	GOLD	SYNTHETIC
SYN-RT-02b538b5f3	צ-פ-ג	צפג	צ	פ	ג			3			False	False	False	False	False	False	False	False	False	False	False	False	False	False	False	False	False	C.C.C	strong	True	False	False	False	False	False	False	False	צפג	SYN-RG-10e24aff1a	7	HIFIL|HITPAEL|HUFAL|NIFAL|PAAL|PIEL|PUAL	synthetic_v1	synthetic_v1:root:צפג	1.0	GOLD	SYNTHETIC
SYN-RT-e5edde7504	צ-פ-מ	צפמ	צ	פ	מ			3			False	False	False	False	False	False	False	False	False	False	False	False	False	False	False	False	False	C.C.C	strong	True	False	False	False	False	False	False	False	צפמ	SYN-RG-0f8fb3b575	7	HIFIL|HITPAEL|HUFAL|NIFAL|PAAL|PIEL|PUAL	synthetic_v1	synthetic_v1:root:צפמ	1.0	GOLD	SYNTHETIC
SYN-RT-73e8adeeb5	צ-ק-ב	צקב	צ	ק	ב			3			False	False	False	False	False	False	False	False	False	False	False	False	False	False	False	False	False	C.C.C	strong	True	False	False	False	False	False	False	False	צקב	SYN-RG-4b40c6a2ee	7	HIFIL|HITPAEL|HUFAL|NIFAL|PAAL|PIEL|PUAL	synthetic_v1	synthetic_v1:root:צקב	1.0	GOLD	SYNTHETIC
SYN-RT-e9f201a779	צ-ק-ג	צקג	צ	ק	ג			3			False	False	False	False	False	False	False	False	False	False	False	False	False	False	False	False	False	C.C.C	strong	True	False	False	False	False	False	False	False	צקג	SYN-RG-9931232773	7	HIFIL|HITPAEL|HUFAL|NIFAL|PAAL|PIEL|PUAL	synthetic_v1	synthetic_v1:root:צקג	1.0	GOLD	SYNTHETIC
SYN-RT-017fb9a8d4	צ-ק-כ	צקכ	צ	ק	כ			3			False	False	False	False	False	False	False	False	False	False	False	False	False	False	False	False	False	C.C.C	strong	True	False	False	False	False	False	False	False	צקכ	SYN-RG-73374d076f	7	HIFIL|HITPAEL|HUFAL|NIFAL|PAAL|PIEL|PUAL	synthetic_v1	synthetic_v1:root:צקכ	1.0	GOLD	SYNTHETIC
SYN-RT-e910eca627	צ-ק-מ	צקמ	צ	ק	מ			3			False	False	False	False	False	False	False	False	False	False	False	False	False	False	False	False	False	C.C.C	strong	True	False	False	False	False	False	False	False	צקמ	SYN-RG-b1ddc49606	7	HIFIL|HITPAEL|HUFAL|NIFAL|PAAL|PIEL|PUAL	synthetic_v1	synthetic_v1:root:צקמ	1.0	GOLD	SYNTHETIC
SYN-RT-5637de598f	צ-ק-נ	צקנ	צ	ק	נ			3			False	False	False	False	False	False	False	False	False	False	False	False	False	False	False	False	False	C.C.N	strong	True	False	False	False	False	False	False	False	צקנ	SYN-RG-0cd6d7d1c3	7	HIFIL|HITPAEL|HUFAL|NIFAL|PAAL|PIEL|PUAL	synthetic_v1	synthetic_v1:root:צקנ	1.0	GOLD	SYNTHETIC
SYN-RT-8b2f1c93f0	צ-ק-פ	צקפ	צ	ק	פ			3			False	False	False	False	False	False	False	False	False	False	False	False	False	False	False	False	False	C.C.C	strong	True	False	False	False	False	False	False	False	צקפ	SYN-RG-fe5b0efc45	7	HIFIL|HITPAEL|HUFAL|NIFAL|PAAL|PIEL|PUAL	synthetic_v1	synthetic_v1:root:צקפ	1.0	GOLD	SYNTHETIC
SYN-RT-a8fbccd218	צ-ק-שׁ	צקשׁ	צ	ק	ש			3			False	False	False	False	False	False	False	False	False	False	False	False	False	False	False	False	False	C.C.C	strong	True	False	False	False	False	False	False	False	צקש	SYN-RG-0c2b234601	7	HIFIL|HITPAEL|HUFAL|NIFAL|PAAL|PIEL|PUAL	synthetic_v1	synthetic_v1:root:צקשׁ	1.0	GOLD	SYNTHETIC
SYN-RT-a7e9502242	צ-ר-ב	צרב	צ	ר	ב			3			False	False	False	False	False	False	False	False	False	False	False	False	False	True	False	False	False	C.R.C	strong	True	False	False	False	False	False	False	False	צרב	SYN-RG-0cc396aa1c	7	HIFIL|HITPAEL|HUFAL|NIFAL|PAAL|PIEL|PUAL	synthetic_v1	synthetic_v1:root:צרב	1.0	GOLD	SYNTHETIC
SYN-RT-7ad784deb9	צ-ר-ג	צרג	צ	ר	ג			3			False	False	False	False	False	False	False	False	False	False	False	False	False	True	False	False	False	C.R.C	strong	True	False	False	False	False	False	False	False	צרג	SYN-RG-d562bc0148	7	HIFIL|HITPAEL|HUFAL|NIFAL|PAAL|PIEL|PUAL	synthetic_v1	synthetic_v1:root:צרג	1.0	GOLD	SYNTHETIC
SYN-RT-4cf84dcc54	צ-ר-ד	צרד	צ	ר	ד			3			False	False	False	False	False	False	False	False	False	False	False	False	False	True	False	False	False	C.R.C	strong	True	False	False	False	False	False	False	False	צרד	SYN-RG-f089d05306	7	HIFIL|HITPAEL|HUFAL|NIFAL|PAAL|PIEL|PUAL	synthetic_v1	synthetic_v1:root:צרד	1.0	GOLD	SYNTHETIC
SYN-RT-ec01bd0994	צ-ר-פ	צרפ	צ	ר	פ			3			False	False	False	False	False	False	False	False	False	False	False	False	False	True	False	False	False	C.R.C	strong	True	False	False	False	False	False	False	False	צרפ	SYN-RG-a79ea71a53	7	HIFIL|HITPAEL|HUFAL|NIFAL|PAAL|PIEL|PUAL	synthetic_v1	synthetic_v1:root:צרפ	1.0	GOLD	SYNTHETIC
SYN-RT-9e2768267c	צ-ר-שׁ	צרשׁ	צ	ר	ש			3			False	False	False	False	False	False	False	False	False	False	False	False	False	True	False	False	False	C.R.C	strong	True	False	False	False	False	False	False	False	צרש	SYN-RG-bf7a4e047d	7	HIFIL|HITPAEL|HUFAL|NIFAL|PAAL|PIEL|PUAL	synthetic_v1	synthetic_v1:root:צרשׁ	1.0	GOLD	SYNTHETIC
SYN-RT-60bdc569c1	צ-ר-ת	צרת	צ	ר	ת			3			False	False	False	False	False	False	False	False	False	False	False	False	False	True	False	False	False	C.R.C	strong	True	False	False	False	False	False	False	False	צרת	SYN-RG-1a2de00ea5	7	HIFIL|HITPAEL|HUFAL|NIFAL|PAAL|PIEL|PUAL	synthetic_v1	synthetic_v1:root:צרת	1.0	GOLD	SYNTHETIC
SYN-RT-b6ea19052c	צ-שׁ-ז	צשׁז	צ	ש	ז			3			False	False	False	False	False	False	False	False	False	False	False	False	False	False	False	False	False	C.C.C	strong	True	False	False	False	False	False	False	False	צשז	SYN-RG-0cda7ff9da	7	HIFIL|HITPAEL|HUFAL|NIFAL|PAAL|PIEL|PUAL	synthetic_v1	synthetic_v1:root:צשׁז	1.0	GOLD	SYNTHETIC
SYN-RT-51bde392de	צ-שׁ-ט	צשׁט	צ	ש	ט			3			False	False	False	False	False	False	False	False	False	False	False	False	False	False	False	False	False	C.C.C	strong	True	False	False	False	False	False	False	False	צשט	SYN-RG-486e97b38c	7	HIFIL|HITPAEL|HUFAL|NIFAL|PAAL|PIEL|PUAL	synthetic_v1	synthetic_v1:root:צשׁט	1.0	GOLD	SYNTHETIC
SYN-RT-dcdce79d41	צ-שׁ-כ	צשׁכ	צ	ש	כ			3			False	False	False	False	False	False	False	False	False	False	False	False	False	False	False	False	False	C.C.C	strong	True	False	False	False	False	False	False	False	צשכ	SYN-RG-3a071c93cc	7	HIFIL|HITPAEL|HUFAL|NIFAL|PAAL|PIEL|PUAL	synthetic_v1	synthetic_v1:root:צשׁכ	1.0	GOLD	SYNTHETIC
SYN-RT-9731aad56d	צ-שׁ-נ	צשׁנ	צ	ש	נ			3			False	False	False	False	False	False	False	False	False	False	False	False	False	False	False	False	False	C.C.N	strong	True	False	False	False	False	False	False	False	צשנ	SYN-RG-0314585930	7	HIFIL|HITPAEL|HUFAL|NIFAL|PAAL|PIEL|PUAL	synthetic_v1	synthetic_v1:root:צשׁנ	1.0	GOLD	SYNTHETIC
SYN-RT-5f0904970b	צ-שׁ-ס	צשׁס	צ	ש	ס			3			False	False	False	False	False	False	False	False	False	False	False	False	False	False	False	False	False	C.C.C	strong	True	False	False	False	False	False	False	False	צשס	SYN-RG-65aa37dba5	7	HIFIL|HITPAEL|HUFAL|NIFAL|PAAL|PIEL|PUAL	synthetic_v1	synthetic_v1:root:צשׁס	1.0	GOLD	SYNTHETIC
SYN-RT-db9fbf92b2	צ-ת-ט	צתט	צ	ת	ט			3			False	False	False	False	False	False	False	False	False	False	False	False	False	False	False	False	False	C.C.C	strong	True	False	False	False	False	False	False	False	צתט	SYN-RG-fd1ee89610	7	HIFIL|HITPAEL|HUFAL|NIFAL|PAAL|PIEL|PUAL	synthetic_v1	synthetic_v1:root:צתט	1.0	GOLD	SYNTHETIC
SYN-RT-00b486e905	צ-ת-ל	צתל	צ	ת	ל			3			False	False	False	False	False	False	False	False	False	False	False	False	False	False	False	False	False	C.C.C	strong	True	False	False	False	False	False	False	False	צתל	SYN-RG-11ee7a0e23	7	HIFIL|HITPAEL|HUFAL|NIFAL|PAAL|PIEL|PUAL	synthetic_v1	synthetic_v1:root:צתל	1.0	GOLD	SYNTHETIC
SYN-RT-3f5d255436	צ-ת-ס	צתס	צ	ת	ס			3			False	False	False	False	False	False	False	False	False	False	False	False	False	False	False	False	False	C.C.C	strong	True	False	False	False	False	False	False	False	צתס	SYN-RG-f20087e3d8	7	HIFIL|HITPAEL|HUFAL|NIFAL|PAAL|PIEL|PUAL	synthetic_v1	synthetic_v1:root:צתס	1.0	GOLD	SYNTHETIC
SYN-RT-ec3506240e	ק-ב-ג	קבג	ק	ב	ג			3			False	False	False	False	False	False	False	False	False	False	False	False	False	False	False	False	False	C.C.C	strong	True	False	False	False	False	False	False	False	קבג	SYN-RG-8338fd6abc	7	HIFIL|HITPAEL|HUFAL|NIFAL|PAAL|PIEL|PUAL	synthetic_v1	synthetic_v1:root:קבג	1.0	GOLD	SYNTHETIC
SYN-RT-6a4090ddeb	ק-ב-ט	קבט	ק	ב	ט			3			False	False	False	False	False	False	False	False	False	False	False	False	False	False	False	False	False	C.C.C	strong	True	False	False	False	False	False	False	False	קבט	SYN-RG-88ddd85333	7	HIFIL|HITPAEL|HUFAL|NIFAL|PAAL|PIEL|PUAL	synthetic_v1	synthetic_v1:root:קבט	1.0	GOLD	SYNTHETIC
SYN-RT-84f718637c	ק-ב-ל	קבל	ק	ב	ל			3			False	False	False	False	False	False	False	False	False	False	False	False	False	False	False	False	False	C.C.C	strong	True	False	False	False	False	False	False	False	קבל	SYN-RG-fba16578b6	7	HIFIL|HITPAEL|HUFAL|NIFAL|PAAL|PIEL|PUAL	synthetic_v1	synthetic_v1:root:קבל	1.0	GOLD	SYNTHETIC
SYN-RT-2a41517e2c	ק-ב-נ	קבנ	ק	ב	נ			3			False	False	False	False	False	False	False	False	False	False	False	False	False	False	False	False	False	C.C.N	strong	True	False	False	False	False	False	False	False	קבנ	SYN-RG-88675ae5f8	7	HIFIL|HITPAEL|HUFAL|NIFAL|PAAL|PIEL|PUAL	synthetic_v1	synthetic_v1:root:קבנ	1.0	GOLD	SYNTHETIC
SYN-RT-b50463918e	ק-ב-ר	קבר	ק	ב	ר			3			False	False	False	False	False	False	False	False	False	False	False	False	False	True	False	False	False	C.C.R	strong	True	False	False	False	False	False	False	False	קבר	SYN-RG-55b998ab2a	7	HIFIL|HITPAEL|HUFAL|NIFAL|PAAL|PIEL|PUAL	synthetic_v1	synthetic_v1:root:קבר	1.0	GOLD	SYNTHETIC
SYN-RT-ba0d76883b	ק-ג-ד	קגד	ק	ג	ד			3			False	False	False	False	False	False	False	False	False	False	False	False	False	False	False	False	False	C.C.C	strong	True	False	False	False	False	False	False	False	קגד	SYN-RG-82f11be83a	7	HIFIL|HITPAEL|HUFAL|NIFAL|PAAL|PIEL|PUAL	synthetic_v1	synthetic_v1:root:קגד	1.0	GOLD	SYNTHETIC
SYN-RT-8dffd779ca	ק-ג-ס	קגס	ק	ג	ס			3			False	False	False	False	False	False	False	False	False	False	False	False	False	False	False	False	False	C.C.C	strong	True	False	False	False	False	False	False	False	קגס	SYN-RG-54e2172f4d	7	HIFIL|HITPAEL|HUFAL|NIFAL|PAAL|PIEL|PUAL	synthetic_v1	synthetic_v1:root:קגס	1.0	GOLD	SYNTHETIC
SYN-RT-0db67b634c	ק-ג-פ	קגפ	ק	ג	פ			3			False	False	False	False	False	False	False	False	False	False	False	False	False	False	False	False	False	C.C.C	strong	True	False	False	False	False	False	False	False	קגפ	SYN-RG-435a120220	7	HIFIL|HITPAEL|HUFAL|NIFAL|PAAL|PIEL|PUAL	synthetic_v1	synthetic_v1:root:קגפ	1.0	GOLD	SYNTHETIC
SYN-RT-c2032db353	ק-ג-צ	קגצ	ק	ג	צ			3			False	False	False	False	False	False	False	False	False	False	False	False	False	False	False	False	False	C.C.C	strong	True	False	False	False	False	False	False	False	קגצ	SYN-RG-6a0e81515f	7	HIFIL|HITPAEL|HUFAL|NIFAL|PAAL|PIEL|PUAL	synthetic_v1	synthetic_v1:root:קגצ	1.0	GOLD	SYNTHETIC
SYN-RT-8639e2903f	ק-ג-ר	קגר	ק	ג	ר			3			False	False	False	False	False	False	False	False	False	False	False	False	False	True	False	False	False	C.C.R	strong	True	False	False	False	False	False	False	False	קגר	SYN-RG-a5f018b537	7	HIFIL|HITPAEL|HUFAL|NIFAL|PAAL|PIEL|PUAL	synthetic_v1	synthetic_v1:root:קגר	1.0	GOLD	SYNTHETIC
SYN-RT-73d11725a3	ק-ד-ג	קדג	ק	ד	ג			3			False	False	False	False	False	False	False	False	False	False	False	False	False	False	False	False	False	C.C.C	strong	True	False	False	False	False	False	False	False	קדג	SYN-RG-1e842c6756	7	HIFIL|HITPAEL|HUFAL|NIFAL|PAAL|PIEL|PUAL	synthetic_v1	synthetic_v1:root:קדג	1.0	GOLD	SYNTHETIC
SYN-RT-5c5b7e6114	ק-ד-שׁ	קדשׁ	ק	ד	ש			3			False	False	False	False	False	False	False	False	False	False	False	False	False	False	False	False	False	C.C.C	strong	True	False	False	False	False	False	False	False	קדש	SYN-RG-4886146c75	7	HIFIL|HITPAEL|HUFAL|NIFAL|PAAL|PIEL|PUAL	synthetic_v1	synthetic_v1:root:קדשׁ	1.0	GOLD	SYNTHETIC
SYN-RT-f1d0d2914f	ק-ד-ת	קדת	ק	ד	ת			3			False	False	False	False	False	False	False	False	False	False	False	False	False	False	False	False	False	C.C.C	strong	True	False	False	False	False	False	False	False	קדת	SYN-RG-6d5d719159	7	HIFIL|HITPAEL|HUFAL|NIFAL|PAAL|PIEL|PUAL	synthetic_v1	synthetic_v1:root:קדת	1.0	GOLD	SYNTHETIC
SYN-RT-4daadf672f	ק-ז-ט	קזט	ק	ז	ט			3			False	False	False	False	False	False	False	False	False	False	False	False	False	False	False	False	False	C.C.C	strong	True	False	False	False	False	False	False	False	קזט	SYN-RG-95d5bdbf4d	7	HIFIL|HITPAEL|HUFAL|NIFAL|PAAL|PIEL|PUAL	synthetic_v1	synthetic_v1:root:קזט	1.0	GOLD	SYNTHETIC
SYN-RT-a9a3493614	ק-ז-מ	קזמ	ק	ז	מ			3			False	False	False	False	False	False	False	False	False	False	False	False	False	False	False	False	False	C.C.C	strong	True	False	False	False	False	False	False	False	קזמ	SYN-RG-d2caaa3f0b	7	HIFIL|HITPAEL|HUFAL|NIFAL|PAAL|PIEL|PUAL	synthetic_v1	synthetic_v1:root:קזמ	1.0	GOLD	SYNTHETIC
SYN-RT-c940b75bfa	ק-ז-נ	קזנ	ק	ז	נ			3			False	False	False	False	False	False	False	False	False	False	False	False	False	False	False	False	False	C.C.N	strong	True	False	False	False	False	False	False	False	קזנ	SYN-RG-9c7397d05e	7	HIFIL|HITPAEL|HUFAL|NIFAL|PAAL|PIEL|PUAL	synthetic_v1	synthetic_v1:root:קזנ	1.0	GOLD	SYNTHETIC
SYN-RT-15dc3f33b5	ק-ז-צ	קזצ	ק	ז	צ			3			False	False	False	False	False	False	False	False	False	False	False	False	False	False	False	False	False	C.C.C	strong	True	False	False	False	False	False	False	False	קזצ	SYN-RG-2a2fc5dde4	7	HIFIL|HITPAEL|HUFAL|NIFAL|PAAL|PIEL|PUAL	synthetic_v1	synthetic_v1:root:קזצ	1.0	GOLD	SYNTHETIC
SYN-RT-bc72dc1d9f	ק-ט-ג	קטג	ק	ט	ג			3			False	False	False	False	False	False	False	False	False	False	False	False	False	False	False	False	False	C.C.C	strong	True	False	False	False	False	False	False	False	קטג	SYN-RG-f1a64effc7	7	HIFIL|HITPAEL|HUFAL|NIFAL|PAAL|PIEL|PUAL	synthetic_v1	synthetic_v1:root:קטג	1.0	GOLD	SYNTHETIC
SYN-RT-32c9d27a06	ק-ט-ד	קטד	ק	ט	ד			3			False	False	False	False	False	False	False	False	False	False	False	False	False	False	False	False	False	C.C.C	strong	True	False	False	False	False	False	False	False	קטד	SYN-RG-c23e320e7a	7	HIFIL|HITPAEL|HUFAL|NIFAL|PAAL|PIEL|PUAL	synthetic_v1	synthetic_v1:root:קטד	1.0	GOLD	SYNTHETIC
SYN-RT-3835a86f6f	ק-ט-פ	קטפ	ק	ט	פ			3			False	False	False	False	False	False	False	False	False	False	False	False	False	False	False	False	False	C.C.C	strong	True	False	False	False	False	False	False	False	קטפ	SYN-RG-f7b1886ea5	7	HIFIL|HITPAEL|HUFAL|NIFAL|PAAL|PIEL|PUAL	synthetic_v1	synthetic_v1:root:קטפ	1.0	GOLD	SYNTHETIC
SYN-RT-874613a54b	ק-כ-ט	קכט	ק	כ	ט			3			False	False	False	False	False	False	False	False	False	False	False	False	False	False	False	False	False	C.C.C	strong	True	False	False	False	False	False	False	False	קכט	SYN-RG-f83569637c	7	HIFIL|HITPAEL|HUFAL|NIFAL|PAAL|PIEL|PUAL	synthetic_v1	synthetic_v1:root:קכט	1.0	GOLD	SYNTHETIC
SYN-RT-3d95b653d4	ק-כ-ר	קכר	ק	כ	ר			3			False	False	False	False	False	False	False	False	False	False	False	False	False	True	False	False	False	C.C.R	strong	True	False	False	False	False	False	False	False	קכר	SYN-RG-4dc16a1b1e	7	HIFIL|HITPAEL|HUFAL|NIFAL|PAAL|PIEL|PUAL	synthetic_v1	synthetic_v1:root:קכר	1.0	GOLD	SYNTHETIC
SYN-RT-73b1abd980	ק-ל-ב	קלב	ק	ל	ב			3			False	False	False	False	False	False	False	False	False	False	False	False	False	False	False	False	False	C.C.C	strong	True	False	False	False	False	False	False	False	קלב	SYN-RG-5346287f9c	7	HIFIL|HITPAEL|HUFAL|NIFAL|PAAL|PIEL|PUAL	synthetic_v1	synthetic_v1:root:קלב	1.0	GOLD	SYNTHETIC
SYN-RT-f7208ebdd4	ק-ל-ד	קלד	ק	ל	ד			3			False	False	False	False	False	False	False	False	False	False	False	False	False	False	False	False	False	C.C.C	strong	True	False	False	False	False	False	False	False	קלד	SYN-RG-250e46a35b	7	HIFIL|HITPAEL|HUFAL|NIFAL|PAAL|PIEL|PUAL	synthetic_v1	synthetic_v1:root:קלד	1.0	GOLD	SYNTHETIC
SYN-RT-3dc1c8f25e	ק-ל-ז	קלז	ק	ל	ז			3			False	False	False	False	False	False	False	False	False	False	False	False	False	False	False	False	False	C.C.C	strong	True	False	False	False	False	False	False	False	קלז	SYN-RG-d35ca63151	7	HIFIL|HITPAEL|HUFAL|NIFAL|PAAL|PIEL|PUAL	synthetic_v1	synthetic_v1:root:קלז	1.0	GOLD	SYNTHETIC
SYN-RT-a00fec6f02	ק-ל-ט	קלט	ק	ל	ט			3			False	False	False	False	False	False	False	False	False	False	False	False	False	False	False	False	False	C.C.C	strong	True	False	False	False	False	False	False	False	קלט	SYN-RG-aff48f8711	7	HIFIL|HITPAEL|HUFAL|NIFAL|PAAL|PIEL|PUAL	synthetic_v1	synthetic_v1:root:קלט	1.0	GOLD	SYNTHETIC
SYN-RT-f369d26d76	ק-ל-ס	קלס	ק	ל	ס			3			False	False	False	False	False	False	False	False	False	False	False	False	False	False	False	False	False	C.C.C	strong	True	False	False	False	False	False	False	False	קלס	SYN-RG-272ffcbdd1	7	HIFIL|HITPAEL|HUFAL|NIFAL|PAAL|PIEL|PUAL	synthetic_v1	synthetic_v1:root:קלס	1.0	GOLD	SYNTHETIC
SYN-RT-8e3aff235d	ק-ל-שׁ	קלשׁ	ק	ל	ש			3			False	False	False	False	False	False	False	False	False	False	False	False	False	False	False	False	False	C.C.C	strong	True	False	False	False	False	False	False	False	קלש	SYN-RG-4bd0ecd0d7	7	HIFIL|HITPAEL|HUFAL|NIFAL|PAAL|PIEL|PUAL	synthetic_v1	synthetic_v1:root:קלשׁ	1.0	GOLD	SYNTHETIC
SYN-RT-f5a5edd859	ק-ל-ת	קלת	ק	ל	ת			3			False	False	False	False	False	False	False	False	False	False	False	False	False	False	False	False	False	C.C.C	strong	True	False	False	False	False	False	False	False	קלת	SYN-RG-e3706281f5	7	HIFIL|HITPAEL|HUFAL|NIFAL|PAAL|PIEL|PUAL	synthetic_v1	synthetic_v1:root:קלת	1.0	GOLD	SYNTHETIC
SYN-RT-8550a8a176	ק-מ-ב	קמב	ק	מ	ב			3			False	False	False	False	False	False	False	False	False	False	False	False	False	False	False	False	False	C.C.C	strong	True	False	False	False	False	False	False	False	קמב	SYN-RG-eef636d11f	7	HIFIL|HITPAEL|HUFAL|NIFAL|PAAL|PIEL|PUAL	synthetic_v1	synthetic_v1:root:קמב	1.0	GOLD	SYNTHETIC
SYN-RT-95fc561e69	ק-מ-ג	קמג	ק	מ	ג			3			False	False	False	False	False	False	False	False	False	False	False	False	False	False	False	False	False	C.C.C	strong	True	False	False	False	False	False	False	False	קמג	SYN-RG-50a54df5ee	7	HIFIL|HITPAEL|HUFAL|NIFAL|PAAL|PIEL|PUAL	synthetic_v1	synthetic_v1:root:קמג	1.0	GOLD	SYNTHETIC
SYN-RT-3090ff57a0	ק-מ-ל	קמל	ק	מ	ל			3			False	False	False	False	False	False	False	False	False	False	False	False	False	False	False	False	False	C.C.C	strong	True	False	False	False	False	False	False	False	קמל	SYN-RG-323850812f	7	HIFIL|HITPAEL|HUFAL|NIFAL|PAAL|PIEL|PUAL	synthetic_v1	synthetic_v1:root:קמל	1.0	GOLD	SYNTHETIC
SYN-RT-1cf0eea440	ק-נ-ב	קנב	ק	נ	ב			3			False	False	False	False	False	False	False	False	False	False	False	False	False	False	False	False	False	C.N.C	strong	True	False	False	False	False	False	False	False	קנב	SYN-RG-367493d272	7	HIFIL|HITPAEL|HUFAL|NIFAL|PAAL|PIEL|PUAL	synthetic_v1	synthetic_v1:root:קנב	1.0	GOLD	SYNTHETIC
SYN-RT-4cc88b3077	ק-נ-כ	קנכ	ק	נ	כ			3			False	False	False	False	False	False	False	False	False	False	False	False	False	False	False	False	False	C.N.C	strong	True	False	False	False	False	False	False	False	קנכ	SYN-RG-baaa07a1ca	7	HIFIL|HITPAEL|HUFAL|NIFAL|PAAL|PIEL|PUAL	synthetic_v1	synthetic_v1:root:קנכ	1.0	GOLD	SYNTHETIC
SYN-RT-db1d85e588	ק-נ-ל	קנל	ק	נ	ל			3			False	False	False	False	False	False	False	False	False	False	False	False	False	False	False	False	False	C.N.C	strong	True	False	False	False	False	False	False	False	קנל	SYN-RG-a45b0f732f	7	HIFIL|HITPAEL|HUFAL|NIFAL|PAAL|PIEL|PUAL	synthetic_v1	synthetic_v1:root:קנל	1.0	GOLD	SYNTHETIC
SYN-RT-ce1423e1e0	ק-נ-פ	קנפ	ק	נ	פ			3			False	False	False	False	False	False	False	False	False	False	False	False	False	False	False	False	False	C.N.C	strong	True	False	False	False	False	False	False	False	קנפ	SYN-RG-18a32561fd	7	HIFIL|HITPAEL|HUFAL|NIFAL|PAAL|PIEL|PUAL	synthetic_v1	synthetic_v1:root:קנפ	1.0	GOLD	SYNTHETIC
SYN-RT-365e9e953a	ק-נ-צ	קנצ	ק	נ	צ			3			False	False	False	False	False	False	False	False	False	False	False	False	False	False	False	False	False	C.N.C	strong	True	False	False	False	False	False	False	False	קנצ	SYN-RG-8c36b48bd5	7	HIFIL|HITPAEL|HUFAL|NIFAL|PAAL|PIEL|PUAL	synthetic_v1	synthetic_v1:root:קנצ	1.0	GOLD	SYNTHETIC
SYN-RT-29fb749f92	ק-נ-שׁ	קנשׁ	ק	נ	ש			3			False	False	False	False	False	False	False	False	False	False	False	False	False	False	False	False	False	C.N.C	strong	True	False	False	False	False	False	False	False	קנש	SYN-RG-15d7f11dbb	7	HIFIL|HITPAEL|HUFAL|NIFAL|PAAL|PIEL|PUAL	synthetic_v1	synthetic_v1:root:קנשׁ	1.0	GOLD	SYNTHETIC
SYN-RT-ba2cbf12d5	ק-ס-ב	קסב	ק	ס	ב			3			False	False	False	False	False	False	False	False	False	False	False	False	False	False	False	False	False	C.C.C	strong	True	False	False	False	False	False	False	False	קסב	SYN-RG-7534a495d4	7	HIFIL|HITPAEL|HUFAL|NIFAL|PAAL|PIEL|PUAL	synthetic_v1	synthetic_v1:root:קסב	1.0	GOLD	SYNTHETIC
SYN-RT-23cf95a2b4	ק-ס-ג	קסג	ק	ס	ג			3			False	False	False	False	False	False	False	False	False	False	False	False	False	False	False	False	False	C.C.C	strong	True	False	False	False	False	False	False	False	קסג	SYN-RG-06d0a827d4	7	HIFIL|HITPAEL|HUFAL|NIFAL|PAAL|PIEL|PUAL	synthetic_v1	synthetic_v1:root:קסג	1.0	GOLD	SYNTHETIC
SYN-RT-ae5793c830	ק-ס-ד	קסד	ק	ס	ד			3			False	False	False	False	False	False	False	False	False	False	False	False	False	False	False	False	False	C.C.C	strong	True	False	False	False	False	False	False	False	קסד	SYN-RG-1d94ba5bd4	7	HIFIL|HITPAEL|HUFAL|NIFAL|PAAL|PIEL|PUAL	synthetic_v1	synthetic_v1:root:קסד	1.0	GOLD	SYNTHETIC
SYN-RT-bd951edb36	ק-ס-ט	קסט	ק	ס	ט			3			False	False	False	False	False	False	False	False	False	False	False	False	False	False	False	False	False	C.C.C	strong	True	False	False	False	False	False	False	False	קסט	SYN-RG-9319fd6dfe	7	HIFIL|HITPAEL|HUFAL|NIFAL|PAAL|PIEL|PUAL	synthetic_v1	synthetic_v1:root:קסט	1.0	GOLD	SYNTHETIC
SYN-RT-65039a9bd7	ק-פ-ל	קפל	ק	פ	ל			3			False	False	False	False	False	False	False	False	False	False	False	False	False	False	False	False	False	C.C.C	strong	True	False	False	False	False	False	False	False	קפל	SYN-RG-4b75360216	7	HIFIL|HITPAEL|HUFAL|NIFAL|PAAL|PIEL|PUAL	synthetic_v1	synthetic_v1:root:קפל	1.0	GOLD	SYNTHETIC
SYN-RT-5e3c4b7673	ק-פ-מ	קפמ	ק	פ	מ			3			False	False	False	False	False	False	False	False	False	False	False	False	False	False	False	False	False	C.C.C	strong	True	False	False	False	False	False	False	False	קפמ	SYN-RG-078f8270cc	7	HIFIL|HITPAEL|HUFAL|NIFAL|PAAL|PIEL|PUAL	synthetic_v1	synthetic_v1:root:קפמ	1.0	GOLD	SYNTHETIC
SYN-RT-137cc85276	ק-פ-צ	קפצ	ק	פ	צ			3			False	False	False	False	False	False	False	False	False	False	False	False	False	False	False	False	False	C.C.C	strong	True	False	False	False	False	False	False	False	קפצ	SYN-RG-66c83bee0a	7	HIFIL|HITPAEL|HUFAL|NIFAL|PAAL|PIEL|PUAL	synthetic_v1	synthetic_v1:root:קפצ	1.0	GOLD	SYNTHETIC
SYN-RT-eed2e00cfa	ק-פ-ר	קפר	ק	פ	ר			3			False	False	False	False	False	False	False	False	False	False	False	False	False	True	False	False	False	C.C.R	strong	True	False	False	False	False	False	False	False	קפר	SYN-RG-a6dfc2258b	7	HIFIL|HITPAEL|HUFAL|NIFAL|PAAL|PIEL|PUAL	synthetic_v1	synthetic_v1:root:קפר	1.0	GOLD	SYNTHETIC
SYN-RT-449dddf0a6	ק-פ-ת	קפת	ק	פ	ת			3			False	False	False	False	False	False	False	False	False	False	False	False	False	False	False	False	False	C.C.C	strong	True	False	False	False	False	False	False	False	קפת	SYN-RG-ce146dfe9e	7	HIFIL|HITPAEL|HUFAL|NIFAL|PAAL|PIEL|PUAL	synthetic_v1	synthetic_v1:root:קפת	1.0	GOLD	SYNTHETIC
SYN-RT-dc7c29f03b	ק-צ-ג	קצג	ק	צ	ג			3			False	False	False	False	False	False	False	False	False	False	False	False	False	False	False	False	False	C.C.C	strong	True	False	False	False	False	False	False	False	קצג	SYN-RG-ce67047803	7	HIFIL|HITPAEL|HUFAL|NIFAL|PAAL|PIEL|PUAL	synthetic_v1	synthetic_v1:root:קצג	1.0	GOLD	SYNTHETIC
SYN-RT-68619797bf	ק-צ-ל	קצל	ק	צ	ל			3			False	False	False	False	False	False	False	False	False	False	False	False	False	False	False	False	False	C.C.C	strong	True	False	False	False	False	False	False	False	קצל	SYN-RG-f0039db4ea	7	HIFIL|HITPAEL|HUFAL|NIFAL|PAAL|PIEL|PUAL	synthetic_v1	synthetic_v1:root:קצל	1.0	GOLD	SYNTHETIC
SYN-RT-7816fe8d88	ק-צ-שׁ	קצשׁ	ק	צ	ש			3			False	False	False	False	False	False	False	False	False	False	False	False	False	False	False	False	False	C.C.C	strong	True	False	False	False	False	False	False	False	קצש	SYN-RG-34ab538658	7	HIFIL|HITPAEL|HUFAL|NIFAL|PAAL|PIEL|PUAL	synthetic_v1	synthetic_v1:root:קצשׁ	1.0	GOLD	SYNTHETIC
SYN-RT-e835ac8950	ק-ר-נ	קרנ	ק	ר	נ			3			False	False	False	False	False	False	False	False	False	False	False	False	False	True	False	False	False	C.R.N	strong	True	False	False	False	False	False	False	False	קרנ	SYN-RG-df08a760ea	7	HIFIL|HITPAEL|HUFAL|NIFAL|PAAL|PIEL|PUAL	synthetic_v1	synthetic_v1:root:קרנ	1.0	GOLD	SYNTHETIC
SYN-RT-e69f268aa6	ק-ר-ס	קרס	ק	ר	ס			3			False	False	False	False	False	False	False	False	False	False	False	False	False	True	False	False	False	C.R.C	strong	True	False	False	False	False	False	False	False	קרס	SYN-RG-5543213385	7	HIFIL|HITPAEL|HUFAL|NIFAL|PAAL|PIEL|PUAL	synthetic_v1	synthetic_v1:root:קרס	1.0	GOLD	SYNTHETIC
SYN-RT-6bb8436e75	ק-ר-ת	קרת	ק	ר	ת			3			False	False	False	False	False	False	False	False	False	False	False	False	False	True	False	False	False	C.R.C	strong	True	False	False	False	False	False	False	False	קרת	SYN-RG-9ad46648a8	7	HIFIL|HITPAEL|HUFAL|NIFAL|PAAL|PIEL|PUAL	synthetic_v1	synthetic_v1:root:קרת	1.0	GOLD	SYNTHETIC
SYN-RT-66ae311b7b	ק-שׁ-ג	קשׁג	ק	ש	ג			3			False	False	False	False	False	False	False	False	False	False	False	False	False	False	False	False	False	C.C.C	strong	True	False	False	False	False	False	False	False	קשג	SYN-RG-b6dca55018	7	HIFIL|HITPAEL|HUFAL|NIFAL|PAAL|PIEL|PUAL	synthetic_v1	synthetic_v1:root:קשׁג	1.0	GOLD	SYNTHETIC
SYN-RT-b8e0c0bfd5	ק-שׁ-כ	קשׁכ	ק	ש	כ			3			False	False	False	False	False	False	False	False	False	False	False	False	False	False	False	False	False	C.C.C	strong	True	False	False	False	False	False	False	False	קשכ	SYN-RG-343095b813	7	HIFIL|HITPAEL|HUFAL|NIFAL|PAAL|PIEL|PUAL	synthetic_v1	synthetic_v1:root:קשׁכ	1.0	GOLD	SYNTHETIC
SYN-RT-bb12dba3cb	ק-שׁ-מ	קשׁמ	ק	ש	מ			3			False	False	False	False	False	False	False	False	False	False	False	False	False	False	False	False	False	C.C.C	strong	True	False	False	False	False	False	False	False	קשמ	SYN-RG-e030aa9a67	7	HIFIL|HITPAEL|HUFAL|NIFAL|PAAL|PIEL|PUAL	synthetic_v1	synthetic_v1:root:קשׁמ	1.0	GOLD	SYNTHETIC
SYN-RT-e1750916e4	ק-ת-ב	קתב	ק	ת	ב			3			False	False	False	False	False	False	False	False	False	False	False	False	False	False	False	False	False	C.C.C	strong	True	False	False	False	False	False	False	False	קתב	SYN-RG-4968727734	7	HIFIL|HITPAEL|HUFAL|NIFAL|PAAL|PIEL|PUAL	synthetic_v1	synthetic_v1:root:קתב	1.0	GOLD	SYNTHETIC
SYN-RT-0171669005	ק-ת-ג	קתג	ק	ת	ג			3			False	False	False	False	False	False	False	False	False	False	False	False	False	False	False	False	False	C.C.C	strong	True	False	False	False	False	False	False	False	קתג	SYN-RG-60a42bcb99	7	HIFIL|HITPAEL|HUFAL|NIFAL|PAAL|PIEL|PUAL	synthetic_v1	synthetic_v1:root:קתג	1.0	GOLD	SYNTHETIC
SYN-RT-8cc9ab6555	ק-ת-ז	קתז	ק	ת	ז			3			False	False	False	False	False	False	False	False	False	False	False	False	False	False	False	False	False	C.C.C	strong	True	False	False	False	False	False	False	False	קתז	SYN-RG-dcd333f8e3	7	HIFIL|HITPAEL|HUFAL|NIFAL|PAAL|PIEL|PUAL	synthetic_v1	synthetic_v1:root:קתז	1.0	GOLD	SYNTHETIC
SYN-RT-70921ba01a	ק-ת-ט	קתט	ק	ת	ט			3			False	False	False	False	False	False	False	False	False	False	False	False	False	False	False	False	False	C.C.C	strong	True	False	False	False	False	False	False	False	קתט	SYN-RG-8438658181	7	HIFIL|HITPAEL|HUFAL|NIFAL|PAAL|PIEL|PUAL	synthetic_v1	synthetic_v1:root:קתט	1.0	GOLD	SYNTHETIC
SYN-RT-89b799b463	ק-ת-כ	קתכ	ק	ת	כ			3			False	False	False	False	False	False	False	False	False	False	False	False	False	False	False	False	False	C.C.C	strong	True	False	False	False	False	False	False	False	קתכ	SYN-RG-ad09962e8f	7	HIFIL|HITPAEL|HUFAL|NIFAL|PAAL|PIEL|PUAL	synthetic_v1	synthetic_v1:root:קתכ	1.0	GOLD	SYNTHETIC
SYN-RT-31bc6334f0	ק-ת-ל	קתל	ק	ת	ל			3			False	False	False	False	False	False	False	False	False	False	False	False	False	False	False	False	False	C.C.C	strong	True	False	False	False	False	False	False	False	קתל	SYN-RG-8964e0b002	7	HIFIL|HITPAEL|HUFAL|NIFAL|PAAL|PIEL|PUAL	synthetic_v1	synthetic_v1:root:קתל	1.0	GOLD	SYNTHETIC
SYN-RT-4dbb679287	ק-ת-נ	קתנ	ק	ת	נ			3			False	False	False	False	False	False	False	False	False	False	False	False	False	False	False	False	False	C.C.N	strong	True	False	False	False	False	False	False	False	קתנ	SYN-RG-56eee2d34c	7	HIFIL|HITPAEL|HUFAL|NIFAL|PAAL|PIEL|PUAL	synthetic_v1	synthetic_v1:root:קתנ	1.0	GOLD	SYNTHETIC
SYN-RT-dd83f2dcef	ק-ת-ס	קתס	ק	ת	ס			3			False	False	False	False	False	False	False	False	False	False	False	False	False	False	False	False	False	C.C.C	strong	True	False	False	False	False	False	False	False	קתס	SYN-RG-176d59ea79	7	HIFIL|HITPAEL|HUFAL|NIFAL|PAAL|PIEL|PUAL	synthetic_v1	synthetic_v1:root:קתס	1.0	GOLD	SYNTHETIC
SYN-RT-bb06488d7f	ר-ב-ד	רבד	ר	ב	ד			3			False	False	False	False	False	False	False	False	False	False	False	False	False	True	False	False	False	R.C.C	strong	True	False	False	False	False	False	False	False	רבד	SYN-RG-a634130cb4	7	HIFIL|HITPAEL|HUFAL|NIFAL|PAAL|PIEL|PUAL	synthetic_v1	synthetic_v1:root:רבד	1.0	GOLD	SYNTHETIC
SYN-RT-49d73ebce7	ר-ב-ז	רבז	ר	ב	ז			3			False	False	False	False	False	False	False	False	False	False	False	False	False	True	False	False	False	R.C.C	strong	True	False	False	False	False	False	False	False	רבז	SYN-RG-4cc5aeb095	7	HIFIL|HITPAEL|HUFAL|NIFAL|PAAL|PIEL|PUAL	synthetic_v1	synthetic_v1:root:רבז	1.0	GOLD	SYNTHETIC
SYN-RT-8bad337356	ר-ב-ל	רבל	ר	ב	ל			3			False	False	False	False	False	False	False	False	False	False	False	False	False	True	False	False	False	R.C.C	strong	True	False	False	False	False	False	False	False	רבל	SYN-RG-f85a803aff	7	HIFIL|HITPAEL|HUFAL|NIFAL|PAAL|PIEL|PUAL	synthetic_v1	synthetic_v1:root:רבל	1.0	GOLD	SYNTHETIC
SYN-RT-dbe64287eb	ר-ב-מ	רבמ	ר	ב	מ			3			False	False	False	False	False	False	False	False	False	False	False	False	False	True	False	False	False	R.C.C	strong	True	False	False	False	False	False	False	False	רבמ	SYN-RG-1e52002df3	7	HIFIL|HITPAEL|HUFAL|NIFAL|PAAL|PIEL|PUAL	synthetic_v1	synthetic_v1:root:רבמ	1.0	GOLD	SYNTHETIC
SYN-RT-9e05fd4295	ר-ב-פ	רבפ	ר	ב	פ			3			False	False	False	False	False	False	False	False	False	False	False	False	False	True	False	False	False	R.C.C	strong	True	False	False	False	False	False	False	False	רבפ	SYN-RG-d4f49efcd2	7	HIFIL|HITPAEL|HUFAL|NIFAL|PAAL|PIEL|PUAL	synthetic_v1	synthetic_v1:root:רבפ	1.0	GOLD	SYNTHETIC
SYN-RT-3c0e98e57e	ר-ב-צ	רבצ	ר	ב	צ			3			False	False	False	False	False	False	False	False	False	False	False	False	False	True	False	False	False	R.C.C	strong	True	False	False	False	False	False	False	False	רבצ	SYN-RG-37aeafcb52	7	HIFIL|HITPAEL|HUFAL|NIFAL|PAAL|PIEL|PUAL	synthetic_v1	synthetic_v1:root:רבצ	1.0	GOLD	SYNTHETIC
SYN-RT-c092f680db	ר-ב-ק	רבק	ר	ב	ק			3			False	False	False	False	False	False	False	False	False	False	False	False	False	True	False	False	False	R.C.C	strong	True	False	False	False	False	False	False	False	רבק	SYN-RG-1b65070519	7	HIFIL|HITPAEL|HUFAL|NIFAL|PAAL|PIEL|PUAL	synthetic_v1	synthetic_v1:root:רבק	1.0	GOLD	SYNTHETIC
SYN-RT-fc3900ee1e	ר-ב-שׁ	רבשׁ	ר	ב	ש			3			False	False	False	False	False	False	False	False	False	False	False	False	False	True	False	False	False	R.C.C	strong	True	False	False	False	False	False	False	False	רבש	SYN-RG-6bdef179ee	7	HIFIL|HITPAEL|HUFAL|NIFAL|PAAL|PIEL|PUAL	synthetic_v1	synthetic_v1:root:רבשׁ	1.0	GOLD	SYNTHETIC
SYN-RT-b92f62a86c	ר-ב-ת	רבת	ר	ב	ת			3			False	False	False	False	False	False	False	False	False	False	False	False	False	True	False	False	False	R.C.C	strong	True	False	False	False	False	False	False	False	רבת	SYN-RG-e96ce0f3f8	7	HIFIL|HITPAEL|HUFAL|NIFAL|PAAL|PIEL|PUAL	synthetic_v1	synthetic_v1:root:רבת	1.0	GOLD	SYNTHETIC
SYN-RT-f728b9df4d	ר-ג-כ	רגכ	ר	ג	כ			3			False	False	False	False	False	False	False	False	False	False	False	False	False	True	False	False	False	R.C.C	strong	True	False	False	False	False	False	False	False	רגכ	SYN-RG-3753c9c6c8	7	HIFIL|HITPAEL|HUFAL|NIFAL|PAAL|PIEL|PUAL	synthetic_v1	synthetic_v1:root:רגכ	1.0	GOLD	SYNTHETIC
SYN-RT-6642f1e259	ר-ג-נ	רגנ	ר	ג	נ			3			False	False	False	False	False	False	False	False	False	False	False	False	False	True	False	False	False	R.C.N	strong	True	False	False	False	False	False	False	False	רגנ	SYN-RG-fef19b28c4	7	HIFIL|HITPAEL|HUFAL|NIFAL|PAAL|PIEL|PUAL	synthetic_v1	synthetic_v1:root:רגנ	1.0	GOLD	SYNTHETIC
SYN-RT-9d5fdf62d2	ר-ג-פ	רגפ	ר	ג	פ			3			False	False	False	False	False	False	False	False	False	False	False	False	False	True	False	False	False	R.C.C	strong	True	False	False	False	False	False	False	False	רגפ	SYN-RG-9150a9a5df	7	HIFIL|HITPAEL|HUFAL|NIFAL|PAAL|PIEL|PUAL	synthetic_v1	synthetic_v1:root:רגפ	1.0	GOLD	SYNTHETIC
SYN-RT-053ad5a04a	ר-ד-ז	רדז	ר	ד	ז			3			False	False	False	False	False	False	False	False	False	False	False	False	False	True	False	False	False	R.C.C	strong	True	False	False	False	False	False	False	False	רדז	SYN-RG-4dc96bba8b	7	HIFIL|HITPAEL|HUFAL|NIFAL|PAAL|PIEL|PUAL	synthetic_v1	synthetic_v1:root:רדז	1.0	GOLD	SYNTHETIC
SYN-RT-4e10b0471d	ר-ד-ט	רדט	ר	ד	ט			3			False	False	False	False	False	False	False	False	False	False	False	False	False	True	False	False	False	R.C.C	strong	True	False	False	False	False	False	False	False	רדט	SYN-RG-c8739e80b5	7	HIFIL|HITPAEL|HUFAL|NIFAL|PAAL|PIEL|PUAL	synthetic_v1	synthetic_v1:root:רדט	1.0	GOLD	SYNTHETIC
SYN-RT-8a35dc068a	ר-ד-ל	רדל	ר	ד	ל			3			False	False	False	False	False	False	False	False	False	False	False	False	False	True	False	False	False	R.C.C	strong	True	False	False	False	False	False	False	False	רדל	SYN-RG-68f102b965	7	HIFIL|HITPAEL|HUFAL|NIFAL|PAAL|PIEL|PUAL	synthetic_v1	synthetic_v1:root:רדל	1.0	GOLD	SYNTHETIC
SYN-RT-9d6d89e559	ר-ז-ד	רזד	ר	ז	ד			3			False	False	False	False	False	False	False	False	False	False	False	False	False	True	False	False	False	R.C.C	strong	True	False	False	False	False	False	False	False	רזד	SYN-RG-e04c18bb74	7	HIFIL|HITPAEL|HUFAL|NIFAL|PAAL|PIEL|PUAL	synthetic_v1	synthetic_v1:root:רזד	1.0	GOLD	SYNTHETIC
SYN-RT-a165e0e785	ר-ז-ל	רזל	ר	ז	ל			3			False	False	False	False	False	False	False	False	False	False	False	False	False	True	False	False	False	R.C.C	strong	True	False	False	False	False	False	False	False	רזל	SYN-RG-32cf69ac11	7	HIFIL|HITPAEL|HUFAL|NIFAL|PAAL|PIEL|PUAL	synthetic_v1	synthetic_v1:root:רזל	1.0	GOLD	SYNTHETIC
SYN-RT-c0387d6576	ר-ז-מ	רזמ	ר	ז	מ			3			False	False	False	False	False	False	False	False	False	False	False	False	False	True	False	False	False	R.C.C	strong	True	False	False	False	False	False	False	False	רזמ	SYN-RG-76525dddc6	7	HIFIL|HITPAEL|HUFAL|NIFAL|PAAL|PIEL|PUAL	synthetic_v1	synthetic_v1:root:רזמ	1.0	GOLD	SYNTHETIC
SYN-RT-a2fb718bef	ר-ז-ס	רזס	ר	ז	ס			3			False	False	False	False	False	False	False	False	False	False	False	False	False	True	False	False	False	R.C.C	strong	True	False	False	False	False	False	False	False	רזס	SYN-RG-53d4c43a30	7	HIFIL|HITPAEL|HUFAL|NIFAL|PAAL|PIEL|PUAL	synthetic_v1	synthetic_v1:root:רזס	1.0	GOLD	SYNTHETIC
SYN-RT-8c275a8b40	ר-ז-פ	רזפ	ר	ז	פ			3			False	False	False	False	False	False	False	False	False	False	False	False	False	True	False	False	False	R.C.C	strong	True	False	False	False	False	False	False	False	רזפ	SYN-RG-c06caffa2b	7	HIFIL|HITPAEL|HUFAL|NIFAL|PAAL|PIEL|PUAL	synthetic_v1	synthetic_v1:root:רזפ	1.0	GOLD	SYNTHETIC
SYN-RT-0ce1c3415c	ר-ז-צ	רזצ	ר	ז	צ			3			False	False	False	False	False	False	False	False	False	False	False	False	False	True	False	False	False	R.C.C	strong	True	False	False	False	False	False	False	False	רזצ	SYN-RG-c0e13ea6f3	7	HIFIL|HITPAEL|HUFAL|NIFAL|PAAL|PIEL|PUAL	synthetic_v1	synthetic_v1:root:רזצ	1.0	GOLD	SYNTHETIC
SYN-RT-082af48092	ר-ט-ג	רטג	ר	ט	ג			3			False	False	False	False	False	False	False	False	False	False	False	False	False	True	False	False	False	R.C.C	strong	True	False	False	False	False	False	False	False	רטג	SYN-RG-679b2e9643	7	HIFIL|HITPAEL|HUFAL|NIFAL|PAAL|PIEL|PUAL	synthetic_v1	synthetic_v1:root:רטג	1.0	GOLD	SYNTHETIC
SYN-RT-257683a18d	ר-ט-ד	רטד	ר	ט	ד			3			False	False	False	False	False	False	False	False	False	False	False	False	False	True	False	False	False	R.C.C	strong	True	False	False	False	False	False	False	False	רטד	SYN-RG-c615a1d20f	7	HIFIL|HITPAEL|HUFAL|NIFAL|PAAL|PIEL|PUAL	synthetic_v1	synthetic_v1:root:רטד	1.0	GOLD	SYNTHETIC
SYN-RT-ab77044445	ר-ט-מ	רטמ	ר	ט	מ			3			False	False	False	False	False	False	False	False	False	False	False	False	False	True	False	False	False	R.C.C	strong	True	False	False	False	False	False	False	False	רטמ	SYN-RG-3ce29da4c3	7	HIFIL|HITPAEL|HUFAL|NIFAL|PAAL|PIEL|PUAL	synthetic_v1	synthetic_v1:root:רטמ	1.0	GOLD	SYNTHETIC
SYN-RT-31174d820c	ר-ט-נ	רטנ	ר	ט	נ			3			False	False	False	False	False	False	False	False	False	False	False	False	False	True	False	False	False	R.C.N	strong	True	False	False	False	False	False	False	False	רטנ	SYN-RG-0e0f634816	7	HIFIL|HITPAEL|HUFAL|NIFAL|PAAL|PIEL|PUAL	synthetic_v1	synthetic_v1:root:רטנ	1.0	GOLD	SYNTHETIC
SYN-RT-2caaea43d2	ר-ט-ס	רטס	ר	ט	ס			3			False	False	False	False	False	False	False	False	False	False	False	False	False	True	False	False	False	R.C.C	strong	True	False	False	False	False	False	False	False	רטס	SYN-RG-27e8665489	7	HIFIL|HITPAEL|HUFAL|NIFAL|PAAL|PIEL|PUAL	synthetic_v1	synthetic_v1:root:רטס	1.0	GOLD	SYNTHETIC
SYN-RT-7bf350ee2e	ר-ט-ת	רטת	ר	ט	ת			3			False	False	False	False	False	False	False	False	False	False	False	False	False	True	False	False	False	R.C.C	strong	True	False	False	False	False	False	False	False	רטת	SYN-RG-60e2645651	7	HIFIL|HITPAEL|HUFAL|NIFAL|PAAL|PIEL|PUAL	synthetic_v1	synthetic_v1:root:רטת	1.0	GOLD	SYNTHETIC
SYN-RT-90c7a112c1	ר-כ-ד	רכד	ר	כ	ד			3			False	False	False	False	False	False	False	False	False	False	False	False	False	True	False	False	False	R.C.C	strong	True	False	False	False	False	False	False	False	רכד	SYN-RG-89d57c3cf6	7	HIFIL|HITPAEL|HUFAL|NIFAL|PAAL|PIEL|PUAL	synthetic_v1	synthetic_v1:root:רכד	1.0	GOLD	SYNTHETIC
SYN-RT-8b410b25bf	ר-כ-ז	רכז	ר	כ	ז			3			False	False	False	False	False	False	False	False	False	False	False	False	False	True	False	False	False	R.C.C	strong	True	False	False	False	False	False	False	False	רכז	SYN-RG-293478c6b8	7	HIFIL|HITPAEL|HUFAL|NIFAL|PAAL|PIEL|PUAL	synthetic_v1	synthetic_v1:root:רכז	1.0	GOLD	SYNTHETIC
SYN-RT-aaf1ad53c0	ר-כ-ס	רכס	ר	כ	ס			3			False	False	False	False	False	False	False	False	False	False	False	False	False	True	False	False	False	R.C.C	strong	True	False	False	False	False	False	False	False	רכס	SYN-RG-f41517fa35	7	HIFIL|HITPAEL|HUFAL|NIFAL|PAAL|PIEL|PUAL	synthetic_v1	synthetic_v1:root:רכס	1.0	GOLD	SYNTHETIC
SYN-RT-a3f287694e	ר-כ-צ	רכצ	ר	כ	צ			3			False	False	False	False	False	False	False	False	False	False	False	False	False	True	False	False	False	R.C.C	strong	True	False	False	False	False	False	False	False	רכצ	SYN-RG-514d9f3965	7	HIFIL|HITPAEL|HUFAL|NIFAL|PAAL|PIEL|PUAL	synthetic_v1	synthetic_v1:root:רכצ	1.0	GOLD	SYNTHETIC
SYN-RT-04aebb57b9	ר-ל-ב	רלב	ר	ל	ב			3			False	False	False	False	False	False	False	False	False	False	False	False	False	True	False	False	False	R.C.C	strong	True	False	False	False	False	False	False	False	רלב	SYN-RG-780ca63fe2	7	HIFIL|HITPAEL|HUFAL|NIFAL|PAAL|PIEL|PUAL	synthetic_v1	synthetic_v1:root:רלב	1.0	GOLD	SYNTHETIC
SYN-RT-7524fbbd5d	ר-ל-ג	רלג	ר	ל	ג			3			False	False	False	False	False	False	False	False	False	False	False	False	False	True	False	False	False	R.C.C	strong	True	False	False	False	False	False	False	False	רלג	SYN-RG-1af31c60b0	7	HIFIL|HITPAEL|HUFAL|NIFAL|PAAL|PIEL|PUAL	synthetic_v1	synthetic_v1:root:רלג	1.0	GOLD	SYNTHETIC
SYN-RT-a659753a63	ר-ל-ד	רלד	ר	ל	ד			3			False	False	False	False	False	False	False	False	False	False	False	False	False	True	False	False	False	R.C.C	strong	True	False	False	False	False	False	False	False	רלד	SYN-RG-3f82124853	7	HIFIL|HITPAEL|HUFAL|NIFAL|PAAL|PIEL|PUAL	synthetic_v1	synthetic_v1:root:רלד	1.0	GOLD	SYNTHETIC
SYN-RT-458dfca535	ר-ל-ז	רלז	ר	ל	ז			3			False	False	False	False	False	False	False	False	False	False	False	False	False	True	False	False	False	R.C.C	strong	True	False	False	False	False	False	False	False	רלז	SYN-RG-b4289fd27a	7	HIFIL|HITPAEL|HUFAL|NIFAL|PAAL|PIEL|PUAL	synthetic_v1	synthetic_v1:root:רלז	1.0	GOLD	SYNTHETIC
SYN-RT-6316467edc	ר-מ-ב	רמב	ר	מ	ב			3			False	False	False	False	False	False	False	False	False	False	False	False	False	True	False	False	False	R.C.C	strong	True	False	False	False	False	False	False	False	רמב	SYN-RG-dca014f36d	7	HIFIL|HITPAEL|HUFAL|NIFAL|PAAL|PIEL|PUAL	synthetic_v1	synthetic_v1:root:רמב	1.0	GOLD	SYNTHETIC
SYN-RT-3f6d5dbcf1	ר-מ-ט	רמט	ר	מ	ט			3			False	False	False	False	False	False	False	False	False	False	False	False	False	True	False	False	False	R.C.C	strong	True	False	False	False	False	False	False	False	רמט	SYN-RG-6830551fb0	7	HIFIL|HITPAEL|HUFAL|NIFAL|PAAL|PIEL|PUAL	synthetic_v1	synthetic_v1:root:רמט	1.0	GOLD	SYNTHETIC
SYN-RT-8ef3a6ae65	ר-מ-ס	רמס	ר	מ	ס			3			False	False	False	False	False	False	False	False	False	False	False	False	False	True	False	False	False	R.C.C	strong	True	False	False	False	False	False	False	False	רמס	SYN-RG-d7aed3e328	7	HIFIL|HITPAEL|HUFAL|NIFAL|PAAL|PIEL|PUAL	synthetic_v1	synthetic_v1:root:רמס	1.0	GOLD	SYNTHETIC
SYN-RT-38361f355c	ר-מ-ת	רמת	ר	מ	ת			3			False	False	False	False	False	False	False	False	False	False	False	False	False	True	False	False	False	R.C.C	strong	True	False	False	False	False	False	False	False	רמת	SYN-RG-461ab2fe08	7	HIFIL|HITPAEL|HUFAL|NIFAL|PAAL|PIEL|PUAL	synthetic_v1	synthetic_v1:root:רמת	1.0	GOLD	SYNTHETIC
SYN-RT-9758882662	ר-נ-ד	רנד	ר	נ	ד			3			False	False	False	False	False	False	False	False	False	False	False	False	False	True	False	False	False	R.N.C	strong	True	False	False	False	False	False	False	False	רנד	SYN-RG-a7adb39eb2	7	HIFIL|HITPAEL|HUFAL|NIFAL|PAAL|PIEL|PUAL	synthetic_v1	synthetic_v1:root:רנד	1.0	GOLD	SYNTHETIC
SYN-RT-b0069a6284	ר-נ-ל	רנל	ר	נ	ל			3			False	False	False	False	False	False	False	False	False	False	False	False	False	True	False	False	False	R.N.C	strong	True	False	False	False	False	False	False	False	רנל	SYN-RG-dc95bb78a5	7	HIFIL|HITPAEL|HUFAL|NIFAL|PAAL|PIEL|PUAL	synthetic_v1	synthetic_v1:root:רנל	1.0	GOLD	SYNTHETIC
SYN-RT-f2c62af60b	ר-נ-צ	רנצ	ר	נ	צ			3			False	False	False	False	False	False	False	False	False	False	False	False	False	True	False	False	False	R.N.C	strong	True	False	False	False	False	False	False	False	רנצ	SYN-RG-4a1626893e	7	HIFIL|HITPAEL|HUFAL|NIFAL|PAAL|PIEL|PUAL	synthetic_v1	synthetic_v1:root:רנצ	1.0	GOLD	SYNTHETIC
SYN-RT-ea6fae3730	ר-נ-ק	רנק	ר	נ	ק			3			False	False	False	False	False	False	False	False	False	False	False	False	False	True	False	False	False	R.N.C	strong	True	False	False	False	False	False	False	False	רנק	SYN-RG-8016461faa	7	HIFIL|HITPAEL|HUFAL|NIFAL|PAAL|PIEL|PUAL	synthetic_v1	synthetic_v1:root:רנק	1.0	GOLD	SYNTHETIC
SYN-RT-bb5c3888b3	ר-נ-שׁ	רנשׁ	ר	נ	ש			3			False	False	False	False	False	False	False	False	False	False	False	False	False	True	False	False	False	R.N.C	strong	True	False	False	False	False	False	False	False	רנש	SYN-RG-5b0ddc242e	7	HIFIL|HITPAEL|HUFAL|NIFAL|PAAL|PIEL|PUAL	synthetic_v1	synthetic_v1:root:רנשׁ	1.0	GOLD	SYNTHETIC
SYN-RT-1d4dfe3ee2	ר-ס-ג	רסג	ר	ס	ג			3			False	False	False	False	False	False	False	False	False	False	False	False	False	True	False	False	False	R.C.C	strong	True	False	False	False	False	False	False	False	רסג	SYN-RG-8019922968	7	HIFIL|HITPAEL|HUFAL|NIFAL|PAAL|PIEL|PUAL	synthetic_v1	synthetic_v1:root:רסג	1.0	GOLD	SYNTHETIC
SYN-RT-af04e84efe	ר-ס-נ	רסנ	ר	ס	נ			3			False	False	False	False	False	False	False	False	False	False	False	False	False	True	False	False	False	R.C.N	strong	True	False	False	False	False	False	False	False	רסנ	SYN-RG-28a12572b5	7	HIFIL|HITPAEL|HUFAL|NIFAL|PAAL|PIEL|PUAL	synthetic_v1	synthetic_v1:root:רסנ	1.0	GOLD	SYNTHETIC
SYN-RT-ce655c8ade	ר-ס-פ	רספ	ר	ס	פ			3			False	False	False	False	False	False	False	False	False	False	False	False	False	True	False	False	False	R.C.C	strong	True	False	False	False	False	False	False	False	רספ	SYN-RG-b0b909b872	7	HIFIL|HITPAEL|HUFAL|NIFAL|PAAL|PIEL|PUAL	synthetic_v1	synthetic_v1:root:רספ	1.0	GOLD	SYNTHETIC
SYN-RT-d5fd95acf5	ר-ס-צ	רסצ	ר	ס	צ			3			False	False	False	False	False	False	False	False	False	False	False	False	False	True	False	False	False	R.C.C	strong	True	False	False	False	False	False	False	False	רסצ	SYN-RG-fe6d79174b	7	HIFIL|HITPAEL|HUFAL|NIFAL|PAAL|PIEL|PUAL	synthetic_v1	synthetic_v1:root:רסצ	1.0	GOLD	SYNTHETIC
SYN-RT-8e311623e2	ר-ס-שׁ	רסשׁ	ר	ס	ש			3			False	False	False	False	False	False	False	False	False	False	False	False	False	True	False	False	False	R.C.C	strong	True	False	False	False	False	False	False	False	רסש	SYN-RG-0a2b393129	7	HIFIL|HITPAEL|HUFAL|NIFAL|PAAL|PIEL|PUAL	synthetic_v1	synthetic_v1:root:רסשׁ	1.0	GOLD	SYNTHETIC
SYN-RT-48e2a8e0e9	ר-פ-ז	רפז	ר	פ	ז			3			False	False	False	False	False	False	False	False	False	False	False	False	False	True	False	False	False	R.C.C	strong	True	False	False	False	False	False	False	False	רפז	SYN-RG-d778ed9d29	7	HIFIL|HITPAEL|HUFAL|NIFAL|PAAL|PIEL|PUAL	synthetic_v1	synthetic_v1:root:רפז	1.0	GOLD	SYNTHETIC
SYN-RT-5914f0e78e	ר-פ-שׁ	רפשׁ	ר	פ	ש			3			False	False	False	False	False	False	False	False	False	False	False	False	False	True	False	False	False	R.C.C	strong	True	False	False	False	False	False	False	False	רפש	SYN-RG-bd4d9bf9f6	7	HIFIL|HITPAEL|HUFAL|NIFAL|PAAL|PIEL|PUAL	synthetic_v1	synthetic_v1:root:רפשׁ	1.0	GOLD	SYNTHETIC
SYN-RT-a50465328a	ר-צ-ל	רצל	ר	צ	ל			3			False	False	False	False	False	False	False	False	False	False	False	False	False	True	False	False	False	R.C.C	strong	True	False	False	False	False	False	False	False	רצל	SYN-RG-131f6a9928	7	HIFIL|HITPAEL|HUFAL|NIFAL|PAAL|PIEL|PUAL	synthetic_v1	synthetic_v1:root:רצל	1.0	GOLD	SYNTHETIC
SYN-RT-a16523df16	ר-צ-פ	רצפ	ר	צ	פ			3			False	False	False	False	False	False	False	False	False	False	False	False	False	True	False	False	False	R.C.C	strong	True	False	False	False	False	False	False	False	רצפ	SYN-RG-a34abbeea1	7	HIFIL|HITPAEL|HUFAL|NIFAL|PAAL|PIEL|PUAL	synthetic_v1	synthetic_v1:root:רצפ	1.0	GOLD	SYNTHETIC
SYN-RT-ea17ac7c09	ר-צ-שׁ	רצשׁ	ר	צ	ש			3			False	False	False	False	False	False	False	False	False	False	False	False	False	True	False	False	False	R.C.C	strong	True	False	False	False	False	False	False	False	רצש	SYN-RG-2243d7ad3d	7	HIFIL|HITPAEL|HUFAL|NIFAL|PAAL|PIEL|PUAL	synthetic_v1	synthetic_v1:root:רצשׁ	1.0	GOLD	SYNTHETIC
SYN-RT-cb06da5bbe	ר-ק-ל	רקל	ר	ק	ל			3			False	False	False	False	False	False	False	False	False	False	False	False	False	True	False	False	False	R.C.C	strong	True	False	False	False	False	False	False	False	רקל	SYN-RG-5d8537b9a2	7	HIFIL|HITPAEL|HUFAL|NIFAL|PAAL|PIEL|PUAL	synthetic_v1	synthetic_v1:root:רקל	1.0	GOLD	SYNTHETIC
SYN-RT-445be326de	ר-ק-מ	רקמ	ר	ק	מ			3			False	False	False	False	False	False	False	False	False	False	False	False	False	True	False	False	False	R.C.C	strong	True	False	False	False	False	False	False	False	רקמ	SYN-RG-a2bf8cf531	7	HIFIL|HITPAEL|HUFAL|NIFAL|PAAL|PIEL|PUAL	synthetic_v1	synthetic_v1:root:רקמ	1.0	GOLD	SYNTHETIC
SYN-RT-ddd5a4cf69	ר-ק-פ	רקפ	ר	ק	פ			3			False	False	False	False	False	False	False	False	False	False	False	False	False	True	False	False	False	R.C.C	strong	True	False	False	False	False	False	False	False	רקפ	SYN-RG-b69449423b	7	HIFIL|HITPAEL|HUFAL|NIFAL|PAAL|PIEL|PUAL	synthetic_v1	synthetic_v1:root:רקפ	1.0	GOLD	SYNTHETIC
SYN-RT-70054583af	ר-ק-ת	רקת	ר	ק	ת			3			False	False	False	False	False	False	False	False	False	False	False	False	False	True	False	False	False	R.C.C	strong	True	False	False	False	False	False	False	False	רקת	SYN-RG-dc667fff42	7	HIFIL|HITPAEL|HUFAL|NIFAL|PAAL|PIEL|PUAL	synthetic_v1	synthetic_v1:root:רקת	1.0	GOLD	SYNTHETIC
SYN-RT-c5916d0b9c	ר-שׁ-ט	רשׁט	ר	ש	ט			3			False	False	False	False	False	False	False	False	False	False	False	False	False	True	False	False	False	R.C.C	strong	True	False	False	False	False	False	False	False	רשט	SYN-RG-c94f928f69	7	HIFIL|HITPAEL|HUFAL|NIFAL|PAAL|PIEL|PUAL	synthetic_v1	synthetic_v1:root:רשׁט	1.0	GOLD	SYNTHETIC
SYN-RT-31740aac67	ר-שׁ-נ	רשׁנ	ר	ש	נ			3			False	False	False	False	False	False	False	False	False	False	False	False	False	True	False	False	False	R.C.N	strong	True	False	False	False	False	False	False	False	רשנ	SYN-RG-840731d3d0	7	HIFIL|HITPAEL|HUFAL|NIFAL|PAAL|PIEL|PUAL	synthetic_v1	synthetic_v1:root:רשׁנ	1.0	GOLD	SYNTHETIC
SYN-RT-02a62e2032	ר-ת-צ	רתצ	ר	ת	צ			3			False	False	False	False	False	False	False	False	False	False	False	False	False	True	False	False	False	R.C.C	strong	True	False	False	False	False	False	False	False	רתצ	SYN-RG-3969053e8d	7	HIFIL|HITPAEL|HUFAL|NIFAL|PAAL|PIEL|PUAL	synthetic_v1	synthetic_v1:root:רתצ	1.0	GOLD	SYNTHETIC
SYN-RT-06117462dc	שׁ-ב-ג	שׁבג	ש	ב	ג			3			False	False	False	False	False	False	False	False	False	False	False	False	False	False	False	False	False	C.C.C	strong	True	False	False	False	False	False	False	False	שבג	SYN-RG-58c80d5970	7	HIFIL|HITPAEL|HUFAL|NIFAL|PAAL|PIEL|PUAL	synthetic_v1	synthetic_v1:root:שׁבג	1.0	GOLD	SYNTHETIC
SYN-RT-d8f5814ef6	שׁ-ב-ד	שׁבד	ש	ב	ד			3			False	False	False	False	False	False	False	False	False	False	False	False	False	False	False	False	False	C.C.C	strong	True	False	False	False	False	False	False	False	שבד	SYN-RG-3ec143b81e	7	HIFIL|HITPAEL|HUFAL|NIFAL|PAAL|PIEL|PUAL	synthetic_v1	synthetic_v1:root:שׁבד	1.0	GOLD	SYNTHETIC
SYN-RT-3269391d06	שׁ-ב-ל	שׁבל	ש	ב	ל			3			False	False	False	False	False	False	False	False	False	False	False	False	False	False	False	False	False	C.C.C	strong	True	False	False	False	False	False	False	False	שבל	SYN-RG-8081bdbbad	7	HIFIL|HITPAEL|HUFAL|NIFAL|PAAL|PIEL|PUAL	synthetic_v1	synthetic_v1:root:שׁבל	1.0	GOLD	SYNTHETIC
SYN-RT-b72e6919e1	שׁ-ב-צ	שׁבצ	ש	ב	צ			3			False	False	False	False	False	False	False	False	False	False	False	False	False	False	False	False	False	C.C.C	strong	True	False	False	False	False	False	False	False	שבצ	SYN-RG-7846e71192	7	HIFIL|HITPAEL|HUFAL|NIFAL|PAAL|PIEL|PUAL	synthetic_v1	synthetic_v1:root:שׁבצ	1.0	GOLD	SYNTHETIC
SYN-RT-692153d30f	שׁ-ג-ב	שׁגב	ש	ג	ב			3			False	False	False	False	False	False	False	False	False	False	False	False	False	False	False	False	False	C.C.C	strong	True	False	False	False	False	False	False	False	שגב	SYN-RG-226481eebc	7	HIFIL|HITPAEL|HUFAL|NIFAL|PAAL|PIEL|PUAL	synthetic_v1	synthetic_v1:root:שׁגב	1.0	GOLD	SYNTHETIC
SYN-RT-6ee6b19c4c	שׁ-ג-ז	שׁגז	ש	ג	ז			3			False	False	False	False	False	False	False	False	False	False	False	False	False	False	False	False	False	C.C.C	strong	True	False	False	False	False	False	False	False	שגז	SYN-RG-4ee420d377	7	HIFIL|HITPAEL|HUFAL|NIFAL|PAAL|PIEL|PUAL	synthetic_v1	synthetic_v1:root:שׁגז	1.0	GOLD	SYNTHETIC
SYN-RT-1b9237d599	שׁ-ג-כ	שׁגכ	ש	ג	כ			3			False	False	False	False	False	False	False	False	False	False	False	False	False	False	False	False	False	C.C.C	strong	True	False	False	False	False	False	False	False	שגכ	SYN-RG-be183c530c	7	HIFIL|HITPAEL|HUFAL|NIFAL|PAAL|PIEL|PUAL	synthetic_v1	synthetic_v1:root:שׁגכ	1.0	GOLD	SYNTHETIC
SYN-RT-d179007967	שׁ-ג-ל	שׁגל	ש	ג	ל			3			False	False	False	False	False	False	False	False	False	False	False	False	False	False	False	False	False	C.C.C	strong	True	False	False	False	False	False	False	False	שגל	SYN-RG-f3286d73e3	7	HIFIL|HITPAEL|HUFAL|NIFAL|PAAL|PIEL|PUAL	synthetic_v1	synthetic_v1:root:שׁגל	1.0	GOLD	SYNTHETIC
SYN-RT-80e57a0592	שׁ-ג-מ	שׁגמ	ש	ג	מ			3			False	False	False	False	False	False	False	False	False	False	False	False	False	False	False	False	False	C.C.C	strong	True	False	False	False	False	False	False	False	שגמ	SYN-RG-b8b7a1692b	7	HIFIL|HITPAEL|HUFAL|NIFAL|PAAL|PIEL|PUAL	synthetic_v1	synthetic_v1:root:שׁגמ	1.0	GOLD	SYNTHETIC
SYN-RT-44853978fe	שׁ-ג-פ	שׁגפ	ש	ג	פ			3			False	False	False	False	False	False	False	False	False	False	False	False	False	False	False	False	False	C.C.C	strong	True	False	False	False	False	False	False	False	שגפ	SYN-RG-4ebce4288d	7	HIFIL|HITPAEL|HUFAL|NIFAL|PAAL|PIEL|PUAL	synthetic_v1	synthetic_v1:root:שׁגפ	1.0	GOLD	SYNTHETIC
SYN-RT-9f1db31bc0	שׁ-ד-ל	שׁדל	ש	ד	ל			3			False	False	False	False	False	False	False	False	False	False	False	False	False	False	False	False	False	C.C.C	strong	True	False	False	False	False	False	False	False	שדל	SYN-RG-83a53a750b	7	HIFIL|HITPAEL|HUFAL|NIFAL|PAAL|PIEL|PUAL	synthetic_v1	synthetic_v1:root:שׁדל	1.0	GOLD	SYNTHETIC
SYN-RT-d1b73ff071	שׁ-ד-מ	שׁדמ	ש	ד	מ			3			False	False	False	False	False	False	False	False	False	False	False	False	False	False	False	False	False	C.C.C	strong	True	False	False	False	False	False	False	False	שדמ	SYN-RG-b01837d17e	7	HIFIL|HITPAEL|HUFAL|NIFAL|PAAL|PIEL|PUAL	synthetic_v1	synthetic_v1:root:שׁדמ	1.0	GOLD	SYNTHETIC
SYN-RT-49ff4d1138	שׁ-ד-נ	שׁדנ	ש	ד	נ			3			False	False	False	False	False	False	False	False	False	False	False	False	False	False	False	False	False	C.C.N	strong	True	False	False	False	False	False	False	False	שדנ	SYN-RG-590e3aa0c6	7	HIFIL|HITPAEL|HUFAL|NIFAL|PAAL|PIEL|PUAL	synthetic_v1	synthetic_v1:root:שׁדנ	1.0	GOLD	SYNTHETIC
SYN-RT-5e09b2a0af	שׁ-ד-פ	שׁדפ	ש	ד	פ			3			False	False	False	False	False	False	False	False	False	False	False	False	False	False	False	False	False	C.C.C	strong	True	False	False	False	False	False	False	False	שדפ	SYN-RG-e9f5380a17	7	HIFIL|HITPAEL|HUFAL|NIFAL|PAAL|PIEL|PUAL	synthetic_v1	synthetic_v1:root:שׁדפ	1.0	GOLD	SYNTHETIC
SYN-RT-afe6adb980	שׁ-ד-ק	שׁדק	ש	ד	ק			3			False	False	False	False	False	False	False	False	False	False	False	False	False	False	False	False	False	C.C.C	strong	True	False	False	False	False	False	False	False	שדק	SYN-RG-05815fe333	7	HIFIL|HITPAEL|HUFAL|NIFAL|PAAL|PIEL|PUAL	synthetic_v1	synthetic_v1:root:שׁדק	1.0	GOLD	SYNTHETIC
SYN-RT-d9e39aa3a5	שׁ-ד-ר	שׁדר	ש	ד	ר			3			False	False	False	False	False	False	False	False	False	False	False	False	False	True	False	False	False	C.C.R	strong	True	False	False	False	False	False	False	False	שדר	SYN-RG-1daad9d644	7	HIFIL|HITPAEL|HUFAL|NIFAL|PAAL|PIEL|PUAL	synthetic_v1	synthetic_v1:root:שׁדר	1.0	GOLD	SYNTHETIC
SYN-RT-559656dba1	שׁ-ז-ב	שׁזב	ש	ז	ב			3			False	False	False	False	False	False	False	False	False	False	False	False	False	False	False	False	False	C.C.C	strong	True	False	False	False	False	False	False	False	שזב	SYN-RG-38f213dfc6	7	HIFIL|HITPAEL|HUFAL|NIFAL|PAAL|PIEL|PUAL	synthetic_v1	synthetic_v1:root:שׁזב	1.0	GOLD	SYNTHETIC
SYN-RT-b0e1a4a17b	שׁ-ז-ס	שׁזס	ש	ז	ס			3			False	False	False	False	False	False	False	False	False	False	False	False	False	False	False	False	False	C.C.C	strong	True	False	False	False	False	False	False	False	שזס	SYN-RG-4b91105a9a	7	HIFIL|HITPAEL|HUFAL|NIFAL|PAAL|PIEL|PUAL	synthetic_v1	synthetic_v1:root:שׁזס	1.0	GOLD	SYNTHETIC
SYN-RT-e4305485b5	שׁ-ט-ד	שׁטד	ש	ט	ד			3			False	False	False	False	False	False	False	False	False	False	False	False	False	False	False	False	False	C.C.C	strong	True	False	False	False	False	False	False	False	שטד	SYN-RG-c2eefe20c8	7	HIFIL|HITPAEL|HUFAL|NIFAL|PAAL|PIEL|PUAL	synthetic_v1	synthetic_v1:root:שׁטד	1.0	GOLD	SYNTHETIC
SYN-RT-da20819585	שׁ-ט-ז	שׁטז	ש	ט	ז			3			False	False	False	False	False	False	False	False	False	False	False	False	False	False	False	False	False	C.C.C	strong	True	False	False	False	False	False	False	False	שטז	SYN-RG-87aef1d48e	7	HIFIL|HITPAEL|HUFAL|NIFAL|PAAL|PIEL|PUAL	synthetic_v1	synthetic_v1:root:שׁטז	1.0	GOLD	SYNTHETIC
SYN-RT-e06b21d5a3	שׁ-ט-פ	שׁטפ	ש	ט	פ			3			False	False	False	False	False	False	False	False	False	False	False	False	False	False	False	False	False	C.C.C	strong	True	False	False	False	False	False	False	False	שטפ	SYN-RG-8ed5e9717c	7	HIFIL|HITPAEL|HUFAL|NIFAL|PAAL|PIEL|PUAL	synthetic_v1	synthetic_v1:root:שׁטפ	1.0	GOLD	SYNTHETIC
SYN-RT-db1a8d1be2	שׁ-כ-נ	שׁכנ	ש	כ	נ			3			False	False	False	False	False	False	False	False	False	False	False	False	False	False	False	False	False	C.C.N	strong	True	False	False	False	False	False	False	False	שכנ	SYN-RG-2ddf1bd202	7	HIFIL|HITPAEL|HUFAL|NIFAL|PAAL|PIEL|PUAL	synthetic_v1	synthetic_v1:root:שׁכנ	1.0	GOLD	SYNTHETIC
SYN-RT-ecc43efbb4	שׁ-כ-פ	שׁכפ	ש	כ	פ			3			False	False	False	False	False	False	False	False	False	False	False	False	False	False	False	False	False	C.C.C	strong	True	False	False	False	False	False	False	False	שכפ	SYN-RG-5c99d965e1	7	HIFIL|HITPAEL|HUFAL|NIFAL|PAAL|PIEL|PUAL	synthetic_v1	synthetic_v1:root:שׁכפ	1.0	GOLD	SYNTHETIC
SYN-RT-352d043e20	שׁ-כ-ק	שׁכק	ש	כ	ק			3			False	False	False	False	False	False	False	False	False	False	False	False	False	False	False	False	False	C.C.C	strong	True	False	False	False	False	False	False	False	שכק	SYN-RG-8607868f20	7	HIFIL|HITPAEL|HUFAL|NIFAL|PAAL|PIEL|PUAL	synthetic_v1	synthetic_v1:root:שׁכק	1.0	GOLD	SYNTHETIC
SYN-RT-149ec865d9	שׁ-כ-ר	שׁכר	ש	כ	ר			3			False	False	False	False	False	False	False	False	False	False	False	False	False	True	False	False	False	C.C.R	strong	True	False	False	False	False	False	False	False	שכר	SYN-RG-a85b86545c	7	HIFIL|HITPAEL|HUFAL|NIFAL|PAAL|PIEL|PUAL	synthetic_v1	synthetic_v1:root:שׁכר	1.0	GOLD	SYNTHETIC
SYN-RT-387b7c6bd1	שׁ-ל-ד	שׁלד	ש	ל	ד			3			False	False	False	False	False	False	False	False	False	False	False	False	False	False	False	False	False	C.C.C	strong	True	False	False	False	False	False	False	False	שלד	SYN-RG-f848c939a0	7	HIFIL|HITPAEL|HUFAL|NIFAL|PAAL|PIEL|PUAL	synthetic_v1	synthetic_v1:root:שׁלד	1.0	GOLD	SYNTHETIC
SYN-RT-f908c917f9	שׁ-ל-ט	שׁלט	ש	ל	ט			3			False	False	False	False	False	False	False	False	False	False	False	False	False	False	False	False	False	C.C.C	strong	True	False	False	False	False	False	False	False	שלט	SYN-RG-b7be9562d9	7	HIFIL|HITPAEL|HUFAL|NIFAL|PAAL|PIEL|PUAL	synthetic_v1	synthetic_v1:root:שׁלט	1.0	GOLD	SYNTHETIC
SYN-RT-45dd5df160	שׁ-ל-כ	שׁלכ	ש	ל	כ			3			False	False	False	False	False	False	False	False	False	False	False	False	False	False	False	False	False	C.C.C	strong	True	False	False	False	False	False	False	False	שלכ	SYN-RG-e2f0fc31dc	7	HIFIL|HITPAEL|HUFAL|NIFAL|PAAL|PIEL|PUAL	synthetic_v1	synthetic_v1:root:שׁלכ	1.0	GOLD	SYNTHETIC
SYN-RT-2fd029a305	שׁ-ל-מ	שׁלמ	ש	ל	מ			3			False	False	False	False	False	False	False	False	False	False	False	False	False	False	False	False	False	C.C.C	strong	True	False	False	False	False	False	False	False	שלמ	SYN-RG-7196b0368d	7	HIFIL|HITPAEL|HUFAL|NIFAL|PAAL|PIEL|PUAL	synthetic_v1	synthetic_v1:root:שׁלמ	1.0	GOLD	SYNTHETIC
SYN-RT-bce4987bdf	שׁ-ל-נ	שׁלנ	ש	ל	נ			3			False	False	False	False	False	False	False	False	False	False	False	False	False	False	False	False	False	C.C.N	strong	True	False	False	False	False	False	False	False	שלנ	SYN-RG-3dc6ea3398	7	HIFIL|HITPAEL|HUFAL|NIFAL|PAAL|PIEL|PUAL	synthetic_v1	synthetic_v1:root:שׁלנ	1.0	GOLD	SYNTHETIC
SYN-RT-816e84b629	שׁ-ל-ס	שׁלס	ש	ל	ס			3			False	False	False	False	False	False	False	False	False	False	False	False	False	False	False	False	False	C.C.C	strong	True	False	False	False	False	False	False	False	שלס	SYN-RG-83b9733822	7	HIFIL|HITPAEL|HUFAL|NIFAL|PAAL|PIEL|PUAL	synthetic_v1	synthetic_v1:root:שׁלס	1.0	GOLD	SYNTHETIC
SYN-RT-37d460838e	שׁ-ל-צ	שׁלצ	ש	ל	צ			3			False	False	False	False	False	False	False	False	False	False	False	False	False	False	False	False	False	C.C.C	strong	True	False	False	False	False	False	False	False	שלצ	SYN-RG-07028a3c04	7	HIFIL|HITPAEL|HUFAL|NIFAL|PAAL|PIEL|PUAL	synthetic_v1	synthetic_v1:root:שׁלצ	1.0	GOLD	SYNTHETIC
SYN-RT-85f1132593	שׁ-ל-ק	שׁלק	ש	ל	ק			3			False	False	False	False	False	False	False	False	False	False	False	False	False	False	False	False	False	C.C.C	strong	True	False	False	False	False	False	False	False	שלק	SYN-RG-7ac8265a67	7	HIFIL|HITPAEL|HUFAL|NIFAL|PAAL|PIEL|PUAL	synthetic_v1	synthetic_v1:root:שׁלק	1.0	GOLD	SYNTHETIC
SYN-RT-83c9ea94d0	שׁ-מ-ל	שׁמל	ש	מ	ל			3			False	False	False	False	False	False	False	False	False	False	False	False	False	False	False	False	False	C.C.C	strong	True	False	False	False	False	False	False	False	שמל	SYN-RG-79aa1d921e	7	HIFIL|HITPAEL|HUFAL|NIFAL|PAAL|PIEL|PUAL	synthetic_v1	synthetic_v1:root:שׁמל	1.0	GOLD	SYNTHETIC
SYN-RT-1b296e4430	שׁ-מ-נ	שׁמנ	ש	מ	נ			3			False	False	False	False	False	False	False	False	False	False	False	False	False	False	False	False	False	C.C.N	strong	True	False	False	False	False	False	False	False	שמנ	SYN-RG-fab9d06f35	7	HIFIL|HITPAEL|HUFAL|NIFAL|PAAL|PIEL|PUAL	synthetic_v1	synthetic_v1:root:שׁמנ	1.0	GOLD	SYNTHETIC
SYN-RT-b247aa8610	שׁ-מ-ס	שׁמס	ש	מ	ס			3			False	False	False	False	False	False	False	False	False	False	False	False	False	False	False	False	False	C.C.C	strong	True	False	False	False	False	False	False	False	שמס	SYN-RG-c158aea2ba	7	HIFIL|HITPAEL|HUFAL|NIFAL|PAAL|PIEL|PUAL	synthetic_v1	synthetic_v1:root:שׁמס	1.0	GOLD	SYNTHETIC
SYN-RT-2ee6697837	שׁ-מ-ת	שׁמת	ש	מ	ת			3			False	False	False	False	False	False	False	False	False	False	False	False	False	False	False	False	False	C.C.C	strong	True	False	False	False	False	False	False	False	שמת	SYN-RG-2916b8333b	7	HIFIL|HITPAEL|HUFAL|NIFAL|PAAL|PIEL|PUAL	synthetic_v1	synthetic_v1:root:שׁמת	1.0	GOLD	SYNTHETIC
SYN-RT-feae5bb5cf	שׁ-נ-ג	שׁנג	ש	נ	ג			3			False	False	False	False	False	False	False	False	False	False	False	False	False	False	False	False	False	C.N.C	strong	True	False	False	False	False	False	False	False	שנג	SYN-RG-314cbc76b4	7	HIFIL|HITPAEL|HUFAL|NIFAL|PAAL|PIEL|PUAL	synthetic_v1	synthetic_v1:root:שׁנג	1.0	GOLD	SYNTHETIC
SYN-RT-6b7b9be566	שׁ-נ-ל	שׁנל	ש	נ	ל			3			False	False	False	False	False	False	False	False	False	False	False	False	False	False	False	False	False	C.N.C	strong	True	False	False	False	False	False	False	False	שנל	SYN-RG-1e8dc88261	7	HIFIL|HITPAEL|HUFAL|NIFAL|PAAL|PIEL|PUAL	synthetic_v1	synthetic_v1:root:שׁנל	1.0	GOLD	SYNTHETIC
SYN-RT-fe28423385	שׁ-נ-ס	שׁנס	ש	נ	ס			3			False	False	False	False	False	False	False	False	False	False	False	False	False	False	False	False	False	C.N.C	strong	True	False	False	False	False	False	False	False	שנס	SYN-RG-3b2ab0c92c	7	HIFIL|HITPAEL|HUFAL|NIFAL|PAAL|PIEL|PUAL	synthetic_v1	synthetic_v1:root:שׁנס	1.0	GOLD	SYNTHETIC
SYN-RT-e604e010c9	שׁ-נ-ק	שׁנק	ש	נ	ק			3			False	False	False	False	False	False	False	False	False	False	False	False	False	False	False	False	False	C.N.C	strong	True	False	False	False	False	False	False	False	שנק	SYN-RG-2e03ae032d	7	HIFIL|HITPAEL|HUFAL|NIFAL|PAAL|PIEL|PUAL	synthetic_v1	synthetic_v1:root:שׁנק	1.0	GOLD	SYNTHETIC
SYN-RT-ba44c8d567	שׁ-ס-ב	שׁסב	ש	ס	ב			3			False	False	False	False	False	False	False	False	False	False	False	False	False	False	False	False	False	C.C.C	strong	True	False	False	False	False	False	False	False	שסב	SYN-RG-f9eaeb4d99	7	HIFIL|HITPAEL|HUFAL|NIFAL|PAAL|PIEL|PUAL	synthetic_v1	synthetic_v1:root:שׁסב	1.0	GOLD	SYNTHETIC
SYN-RT-b76102faea	שׁ-ס-ז	שׁסז	ש	ס	ז			3			False	False	False	False	False	False	False	False	False	False	False	False	False	False	False	False	False	C.C.C	strong	True	False	False	False	False	False	False	False	שסז	SYN-RG-772e76440a	7	HIFIL|HITPAEL|HUFAL|NIFAL|PAAL|PIEL|PUAL	synthetic_v1	synthetic_v1:root:שׁסז	1.0	GOLD	SYNTHETIC
SYN-RT-b2f34883dc	שׁ-ס-כ	שׁסכ	ש	ס	כ			3			False	False	False	False	False	False	False	False	False	False	False	False	False	False	False	False	False	C.C.C	strong	True	False	False	False	False	False	False	False	שסכ	SYN-RG-87ec721958	7	HIFIL|HITPAEL|HUFAL|NIFAL|PAAL|PIEL|PUAL	synthetic_v1	synthetic_v1:root:שׁסכ	1.0	GOLD	SYNTHETIC
SYN-RT-ecedbbecd9	שׁ-ס-פ	שׁספ	ש	ס	פ			3			False	False	False	False	False	False	False	False	False	False	False	False	False	False	False	False	False	C.C.C	strong	True	False	False	False	False	False	False	False	שספ	SYN-RG-491f7a5c01	7	HIFIL|HITPAEL|HUFAL|NIFAL|PAAL|PIEL|PUAL	synthetic_v1	synthetic_v1:root:שׁספ	1.0	GOLD	SYNTHETIC
SYN-RT-6e9aee69f9	שׁ-פ-ג	שׁפג	ש	פ	ג			3			False	False	False	False	False	False	False	False	False	False	False	False	False	False	False	False	False	C.C.C	strong	True	False	False	False	False	False	False	False	שפג	SYN-RG-a3206ee001	7	HIFIL|HITPAEL|HUFAL|NIFAL|PAAL|PIEL|PUAL	synthetic_v1	synthetic_v1:root:שׁפג	1.0	GOLD	SYNTHETIC
SYN-RT-f7c6effdfb	שׁ-פ-מ	שׁפמ	ש	פ	מ			3			False	False	False	False	False	False	False	False	False	False	False	False	False	False	False	False	False	C.C.C	strong	True	False	False	False	False	False	False	False	שפמ	SYN-RG-077922fdb2	7	HIFIL|HITPAEL|HUFAL|NIFAL|PAAL|PIEL|PUAL	synthetic_v1	synthetic_v1:root:שׁפמ	1.0	GOLD	SYNTHETIC
SYN-RT-a06270a98f	שׁ-פ-ק	שׁפק	ש	פ	ק			3			False	False	False	False	False	False	False	False	False	False	False	False	False	False	False	False	False	C.C.C	strong	True	False	False	False	False	False	False	False	שפק	SYN-RG-c08309d361	7	HIFIL|HITPAEL|HUFAL|NIFAL|PAAL|PIEL|PUAL	synthetic_v1	synthetic_v1:root:שׁפק	1.0	GOLD	SYNTHETIC
SYN-RT-f3a53edfa2	שׁ-פ-ת	שׁפת	ש	פ	ת			3			False	False	False	False	False	False	False	False	False	False	False	False	False	False	False	False	False	C.C.C	strong	True	False	False	False	False	False	False	False	שפת	SYN-RG-8fd9b4178c	7	HIFIL|HITPAEL|HUFAL|NIFAL|PAAL|PIEL|PUAL	synthetic_v1	synthetic_v1:root:שׁפת	1.0	GOLD	SYNTHETIC
SYN-RT-4675a7f827	שׁ-צ-ב	שׁצב	ש	צ	ב			3			False	False	False	False	False	False	False	False	False	False	False	False	False	False	False	False	False	C.C.C	strong	True	False	False	False	False	False	False	False	שצב	SYN-RG-8af58f0f1d	7	HIFIL|HITPAEL|HUFAL|NIFAL|PAAL|PIEL|PUAL	synthetic_v1	synthetic_v1:root:שׁצב	1.0	GOLD	SYNTHETIC
SYN-RT-d6c41399e4	שׁ-צ-נ	שׁצנ	ש	צ	נ			3			False	False	False	False	False	False	False	False	False	False	False	False	False	False	False	False	False	C.C.N	strong	True	False	False	False	False	False	False	False	שצנ	SYN-RG-c880a92d2b	7	HIFIL|HITPAEL|HUFAL|NIFAL|PAAL|PIEL|PUAL	synthetic_v1	synthetic_v1:root:שׁצנ	1.0	GOLD	SYNTHETIC
SYN-RT-128bad4e03	שׁ-צ-ר	שׁצר	ש	צ	ר			3			False	False	False	False	False	False	False	False	False	False	False	False	False	True	False	False	False	C.C.R	strong	True	False	False	False	False	False	False	False	שצר	SYN-RG-245e79d37f	7	HIFIL|HITPAEL|HUFAL|NIFAL|PAAL|PIEL|PUAL	synthetic_v1	synthetic_v1:root:שׁצר	1.0	GOLD	SYNTHETIC
SYN-RT-ee59dacf69	שׁ-ק-צ	שׁקצ	ש	ק	צ			3			False	False	False	False	False	False	False	False	False	False	False	False	False	False	False	False	False	C.C.C	strong	True	False	False	False	False	False	False	False	שקצ	SYN-RG-7076fabf31	7	HIFIL|HITPAEL|HUFAL|NIFAL|PAAL|PIEL|PUAL	synthetic_v1	synthetic_v1:root:שׁקצ	1.0	GOLD	SYNTHETIC
SYN-RT-0f548e4f96	שׁ-ק-ר	שׁקר	ש	ק	ר			3			False	False	False	False	False	False	False	False	False	False	False	False	False	True	False	False	False	C.C.R	strong	True	False	False	False	False	False	False	False	שקר	SYN-RG-305df84e1a	7	HIFIL|HITPAEL|HUFAL|NIFAL|PAAL|PIEL|PUAL	synthetic_v1	synthetic_v1:root:שׁקר	1.0	GOLD	SYNTHETIC
SYN-RT-b74492dfe3	שׁ-ר-ג	שׁרג	ש	ר	ג			3			False	False	False	False	False	False	False	False	False	False	False	False	False	True	False	False	False	C.R.C	strong	True	False	False	False	False	False	False	False	שרג	SYN-RG-450206ceb9	7	HIFIL|HITPAEL|HUFAL|NIFAL|PAAL|PIEL|PUAL	synthetic_v1	synthetic_v1:root:שׁרג	1.0	GOLD	SYNTHETIC
SYN-RT-823e9963fd	שׁ-ר-פ	שׁרפ	ש	ר	פ			3			False	False	False	False	False	False	False	False	False	False	False	False	False	True	False	False	False	C.R.C	strong	True	False	False	False	False	False	False	False	שרפ	SYN-RG-41b2829b3c	7	HIFIL|HITPAEL|HUFAL|NIFAL|PAAL|PIEL|PUAL	synthetic_v1	synthetic_v1:root:שׁרפ	1.0	GOLD	SYNTHETIC
SYN-RT-660c6b0736	שׁ-ר-ק	שׁרק	ש	ר	ק			3			False	False	False	False	False	False	False	False	False	False	False	False	False	True	False	False	False	C.R.C	strong	True	False	False	False	False	False	False	False	שרק	SYN-RG-88afe39dc9	7	HIFIL|HITPAEL|HUFAL|NIFAL|PAAL|PIEL|PUAL	synthetic_v1	synthetic_v1:root:שׁרק	1.0	GOLD	SYNTHETIC
SYN-RT-7c4c7c7856	שׁ-ת-ד	שׁתד	ש	ת	ד			3			False	False	False	False	False	False	False	False	False	False	False	False	False	False	False	False	False	C.C.C	strong	True	False	False	False	False	False	False	False	שתד	SYN-RG-e81c5dae27	7	HIFIL|HITPAEL|HUFAL|NIFAL|PAAL|PIEL|PUAL	synthetic_v1	synthetic_v1:root:שׁתד	1.0	GOLD	SYNTHETIC
SYN-RT-2bf33d3f8b	שׁ-ת-ז	שׁתז	ש	ת	ז			3			False	False	False	False	False	False	False	False	False	False	False	False	False	False	False	False	False	C.C.C	strong	True	False	False	False	False	False	False	False	שתז	SYN-RG-d7b768eb68	7	HIFIL|HITPAEL|HUFAL|NIFAL|PAAL|PIEL|PUAL	synthetic_v1	synthetic_v1:root:שׁתז	1.0	GOLD	SYNTHETIC
SYN-RT-792403a67f	שׁ-ת-ט	שׁתט	ש	ת	ט			3			False	False	False	False	False	False	False	False	False	False	False	False	False	False	False	False	False	C.C.C	strong	True	False	False	False	False	False	False	False	שתט	SYN-RG-8a8bdf0b5d	7	HIFIL|HITPAEL|HUFAL|NIFAL|PAAL|PIEL|PUAL	synthetic_v1	synthetic_v1:root:שׁתט	1.0	GOLD	SYNTHETIC
SYN-RT-8eb852f69d	שׁ-ת-כ	שׁתכ	ש	ת	כ			3			False	False	False	False	False	False	False	False	False	False	False	False	False	False	False	False	False	C.C.C	strong	True	False	False	False	False	False	False	False	שתכ	SYN-RG-451d0aa879	7	HIFIL|HITPAEL|HUFAL|NIFAL|PAAL|PIEL|PUAL	synthetic_v1	synthetic_v1:root:שׁתכ	1.0	GOLD	SYNTHETIC
SYN-RT-0f8d7d99cd	שׁ-ת-מ	שׁתמ	ש	ת	מ			3			False	False	False	False	False	False	False	False	False	False	False	False	False	False	False	False	False	C.C.C	strong	True	False	False	False	False	False	False	False	שתמ	SYN-RG-52cde5a450	7	HIFIL|HITPAEL|HUFAL|NIFAL|PAAL|PIEL|PUAL	synthetic_v1	synthetic_v1:root:שׁתמ	1.0	GOLD	SYNTHETIC
SYN-RT-56a6181191	שׁ-ת-ס	שׁתס	ש	ת	ס			3			False	False	False	False	False	False	False	False	False	False	False	False	False	False	False	False	False	C.C.C	strong	True	False	False	False	False	False	False	False	שתס	SYN-RG-f14f6d2500	7	HIFIL|HITPAEL|HUFAL|NIFAL|PAAL|PIEL|PUAL	synthetic_v1	synthetic_v1:root:שׁתס	1.0	GOLD	SYNTHETIC
SYN-RT-af7dfa9315	שׁ-ת-צ	שׁתצ	ש	ת	צ			3			False	False	False	False	False	False	False	False	False	False	False	False	False	False	False	False	False	C.C.C	strong	True	False	False	False	False	False	False	False	שתצ	SYN-RG-b6db17d01b	7	HIFIL|HITPAEL|HUFAL|NIFAL|PAAL|PIEL|PUAL	synthetic_v1	synthetic_v1:root:שׁתצ	1.0	GOLD	SYNTHETIC
SYN-RT-a42984a59f	ת-ב-כ	תבכ	ת	ב	כ			3			False	False	False	False	False	False	False	False	False	False	False	False	False	False	False	False	False	C.C.C	strong	True	False	False	False	False	False	False	False	תבכ	SYN-RG-d3b3a06e2f	7	HIFIL|HITPAEL|HUFAL|NIFAL|PAAL|PIEL|PUAL	synthetic_v1	synthetic_v1:root:תבכ	1.0	GOLD	SYNTHETIC
SYN-RT-f8051e1f72	ת-ב-מ	תבמ	ת	ב	מ			3			False	False	False	False	False	False	False	False	False	False	False	False	False	False	False	False	False	C.C.C	strong	True	False	False	False	False	False	False	False	תבמ	SYN-RG-39840ba241	7	HIFIL|HITPAEL|HUFAL|NIFAL|PAAL|PIEL|PUAL	synthetic_v1	synthetic_v1:root:תבמ	1.0	GOLD	SYNTHETIC
SYN-RT-b76f980315	ת-ב-פ	תבפ	ת	ב	פ			3			False	False	False	False	False	False	False	False	False	False	False	False	False	False	False	False	False	C.C.C	strong	True	False	False	False	False	False	False	False	תבפ	SYN-RG-b3bb9589a2	7	HIFIL|HITPAEL|HUFAL|NIFAL|PAAL|PIEL|PUAL	synthetic_v1	synthetic_v1:root:תבפ	1.0	GOLD	SYNTHETIC
SYN-RT-f29fe18b68	ת-ג-ב	תגב	ת	ג	ב			3			False	False	False	False	False	False	False	False	False	False	False	False	False	False	False	False	False	C.C.C	strong	True	False	False	False	False	False	False	False	תגב	SYN-RG-16e85faed3	7	HIFIL|HITPAEL|HUFAL|NIFAL|PAAL|PIEL|PUAL	synthetic_v1	synthetic_v1:root:תגב	1.0	GOLD	SYNTHETIC
SYN-RT-e98919370a	ת-ג-ד	תגד	ת	ג	ד			3			False	False	False	False	False	False	False	False	False	False	False	False	False	False	False	False	False	C.C.C	strong	True	False	False	False	False	False	False	False	תגד	SYN-RG-fc27924216	7	HIFIL|HITPAEL|HUFAL|NIFAL|PAAL|PIEL|PUAL	synthetic_v1	synthetic_v1:root:תגד	1.0	GOLD	SYNTHETIC
SYN-RT-810205cbde	ת-ג-נ	תגנ	ת	ג	נ			3			False	False	False	False	False	False	False	False	False	False	False	False	False	False	False	False	False	C.C.N	strong	True	False	False	False	False	False	False	False	תגנ	SYN-RG-9bb92629d2	7	HIFIL|HITPAEL|HUFAL|NIFAL|PAAL|PIEL|PUAL	synthetic_v1	synthetic_v1:root:תגנ	1.0	GOLD	SYNTHETIC
SYN-RT-a5f926a3a5	ת-ג-ק	תגק	ת	ג	ק			3			False	False	False	False	False	False	False	False	False	False	False	False	False	False	False	False	False	C.C.C	strong	True	False	False	False	False	False	False	False	תגק	SYN-RG-3f7f358094	7	HIFIL|HITPAEL|HUFAL|NIFAL|PAAL|PIEL|PUAL	synthetic_v1	synthetic_v1:root:תגק	1.0	GOLD	SYNTHETIC
SYN-RT-ecad29951e	ת-ג-ר	תגר	ת	ג	ר			3			False	False	False	False	False	False	False	False	False	False	False	False	False	True	False	False	False	C.C.R	strong	True	False	False	False	False	False	False	False	תגר	SYN-RG-5553ea97a1	7	HIFIL|HITPAEL|HUFAL|NIFAL|PAAL|PIEL|PUAL	synthetic_v1	synthetic_v1:root:תגר	1.0	GOLD	SYNTHETIC
SYN-RT-aec62d5e01	ת-ד-ז	תדז	ת	ד	ז			3			False	False	False	False	False	False	False	False	False	False	False	False	False	False	False	False	False	C.C.C	strong	True	False	False	False	False	False	False	False	תדז	SYN-RG-622c7b6a4b	7	HIFIL|HITPAEL|HUFAL|NIFAL|PAAL|PIEL|PUAL	synthetic_v1	synthetic_v1:root:תדז	1.0	GOLD	SYNTHETIC
SYN-RT-f77af1486b	ת-ד-מ	תדמ	ת	ד	מ			3			False	False	False	False	False	False	False	False	False	False	False	False	False	False	False	False	False	C.C.C	strong	True	False	False	False	False	False	False	False	תדמ	SYN-RG-7c3943408c	7	HIFIL|HITPAEL|HUFAL|NIFAL|PAAL|PIEL|PUAL	synthetic_v1	synthetic_v1:root:תדמ	1.0	GOLD	SYNTHETIC
SYN-RT-c13ee18346	ת-ד-ס	תדס	ת	ד	ס			3			False	False	False	False	False	False	False	False	False	False	False	False	False	False	False	False	False	C.C.C	strong	True	False	False	False	False	False	False	False	תדס	SYN-RG-5cd0a14d4e	7	HIFIL|HITPAEL|HUFAL|NIFAL|PAAL|PIEL|PUAL	synthetic_v1	synthetic_v1:root:תדס	1.0	GOLD	SYNTHETIC
SYN-RT-6faf45a98c	ת-ד-פ	תדפ	ת	ד	פ			3			False	False	False	False	False	False	False	False	False	False	False	False	False	False	False	False	False	C.C.C	strong	True	False	False	False	False	False	False	False	תדפ	SYN-RG-65fc350c09	7	HIFIL|HITPAEL|HUFAL|NIFAL|PAAL|PIEL|PUAL	synthetic_v1	synthetic_v1:root:תדפ	1.0	GOLD	SYNTHETIC
SYN-RT-edebed47d6	ת-ד-ק	תדק	ת	ד	ק			3			False	False	False	False	False	False	False	False	False	False	False	False	False	False	False	False	False	C.C.C	strong	True	False	False	False	False	False	False	False	תדק	SYN-RG-313a2bcd59	7	HIFIL|HITPAEL|HUFAL|NIFAL|PAAL|PIEL|PUAL	synthetic_v1	synthetic_v1:root:תדק	1.0	GOLD	SYNTHETIC
SYN-RT-614ea49f33	ת-ד-ר	תדר	ת	ד	ר			3			False	False	False	False	False	False	False	False	False	False	False	False	False	True	False	False	False	C.C.R	strong	True	False	False	False	False	False	False	False	תדר	SYN-RG-5208cbfe30	7	HIFIL|HITPAEL|HUFAL|NIFAL|PAAL|PIEL|PUAL	synthetic_v1	synthetic_v1:root:תדר	1.0	GOLD	SYNTHETIC
SYN-RT-002588e3da	ת-ד-שׁ	תדשׁ	ת	ד	ש			3			False	False	False	False	False	False	False	False	False	False	False	False	False	False	False	False	False	C.C.C	strong	True	False	False	False	False	False	False	False	תדש	SYN-RG-a964dd84fd	7	HIFIL|HITPAEL|HUFAL|NIFAL|PAAL|PIEL|PUAL	synthetic_v1	synthetic_v1:root:תדשׁ	1.0	GOLD	SYNTHETIC
SYN-RT-4abecebb34	ת-ז-ד	תזד	ת	ז	ד			3			False	False	False	False	False	False	False	False	False	False	False	False	False	False	False	False	False	C.C.C	strong	True	False	False	False	False	False	False	False	תזד	SYN-RG-60ea71d4e6	7	HIFIL|HITPAEL|HUFAL|NIFAL|PAAL|PIEL|PUAL	synthetic_v1	synthetic_v1:root:תזד	1.0	GOLD	SYNTHETIC
SYN-RT-e8afaf9532	ת-ז-כ	תזכ	ת	ז	כ			3			False	False	False	False	False	False	False	False	False	False	False	False	False	False	False	False	False	C.C.C	strong	True	False	False	False	False	False	False	False	תזכ	SYN-RG-abac94de74	7	HIFIL|HITPAEL|HUFAL|NIFAL|PAAL|PIEL|PUAL	synthetic_v1	synthetic_v1:root:תזכ	1.0	GOLD	SYNTHETIC
SYN-RT-6b4fefbff5	ת-ז-מ	תזמ	ת	ז	מ			3			False	False	False	False	False	False	False	False	False	False	False	False	False	False	False	False	False	C.C.C	strong	True	False	False	False	False	False	False	False	תזמ	SYN-RG-0fc094c1ec	7	HIFIL|HITPAEL|HUFAL|NIFAL|PAAL|PIEL|PUAL	synthetic_v1	synthetic_v1:root:תזמ	1.0	GOLD	SYNTHETIC
SYN-RT-e48e44fe90	ת-ז-צ	תזצ	ת	ז	צ			3			False	False	False	False	False	False	False	False	False	False	False	False	False	False	False	False	False	C.C.C	strong	True	False	False	False	False	False	False	False	תזצ	SYN-RG-25854bfe42	7	HIFIL|HITPAEL|HUFAL|NIFAL|PAAL|PIEL|PUAL	synthetic_v1	synthetic_v1:root:תזצ	1.0	GOLD	SYNTHETIC
SYN-RT-fae203837b	ת-ט-ב	תטב	ת	ט	ב			3			False	False	False	False	False	False	False	False	False	False	False	False	False	False	False	False	False	C.C.C	strong	True	False	False	False	False	False	False	False	תטב	SYN-RG-fb97d01303	7	HIFIL|HITPAEL|HUFAL|NIFAL|PAAL|PIEL|PUAL	synthetic_v1	synthetic_v1:root:תטב	1.0	GOLD	SYNTHETIC
SYN-RT-682445684c	ת-ט-מ	תטמ	ת	ט	מ			3			False	False	False	False	False	False	False	False	False	False	False	False	False	False	False	False	False	C.C.C	strong	True	False	False	False	False	False	False	False	תטמ	SYN-RG-ca982397a2	7	HIFIL|HITPAEL|HUFAL|NIFAL|PAAL|PIEL|PUAL	synthetic_v1	synthetic_v1:root:תטמ	1.0	GOLD	SYNTHETIC
SYN-RT-02ab1e5e80	ת-כ-מ	תכמ	ת	כ	מ			3			False	False	False	False	False	False	False	False	False	False	False	False	False	False	False	False	False	C.C.C	strong	True	False	False	False	False	False	False	False	תכמ	SYN-RG-e984c4b6e2	7	HIFIL|HITPAEL|HUFAL|NIFAL|PAAL|PIEL|PUAL	synthetic_v1	synthetic_v1:root:תכמ	1.0	GOLD	SYNTHETIC
SYN-RT-ce630fc21a	ת-כ-ס	תכס	ת	כ	ס			3			False	False	False	False	False	False	False	False	False	False	False	False	False	False	False	False	False	C.C.C	strong	True	False	False	False	False	False	False	False	תכס	SYN-RG-149134a59e	7	HIFIL|HITPAEL|HUFAL|NIFAL|PAAL|PIEL|PUAL	synthetic_v1	synthetic_v1:root:תכס	1.0	GOLD	SYNTHETIC
SYN-RT-93f0153d0d	ת-כ-פ	תכפ	ת	כ	פ			3			False	False	False	False	False	False	False	False	False	False	False	False	False	False	False	False	False	C.C.C	strong	True	False	False	False	False	False	False	False	תכפ	SYN-RG-c7b3ff7026	7	HIFIL|HITPAEL|HUFAL|NIFAL|PAAL|PIEL|PUAL	synthetic_v1	synthetic_v1:root:תכפ	1.0	GOLD	SYNTHETIC
SYN-RT-85cca44da8	ת-כ-ר	תכר	ת	כ	ר			3			False	False	False	False	False	False	False	False	False	False	False	False	False	True	False	False	False	C.C.R	strong	True	False	False	False	False	False	False	False	תכר	SYN-RG-234436647d	7	HIFIL|HITPAEL|HUFAL|NIFAL|PAAL|PIEL|PUAL	synthetic_v1	synthetic_v1:root:תכר	1.0	GOLD	SYNTHETIC
SYN-RT-d9dd105409	ת-ל-ט	תלט	ת	ל	ט			3			False	False	False	False	False	False	False	False	False	False	False	False	False	False	False	False	False	C.C.C	strong	True	False	False	False	False	False	False	False	תלט	SYN-RG-527fb0c821	7	HIFIL|HITPAEL|HUFAL|NIFAL|PAAL|PIEL|PUAL	synthetic_v1	synthetic_v1:root:תלט	1.0	GOLD	SYNTHETIC
SYN-RT-b609966a73	ת-ל-כ	תלכ	ת	ל	כ			3			False	False	False	False	False	False	False	False	False	False	False	False	False	False	False	False	False	C.C.C	strong	True	False	False	False	False	False	False	False	תלכ	SYN-RG-f11a05887c	7	HIFIL|HITPAEL|HUFAL|NIFAL|PAAL|PIEL|PUAL	synthetic_v1	synthetic_v1:root:תלכ	1.0	GOLD	SYNTHETIC
SYN-RT-bf4b653e0f	ת-ל-נ	תלנ	ת	ל	נ			3			False	False	False	False	False	False	False	False	False	False	False	False	False	False	False	False	False	C.C.N	strong	True	False	False	False	False	False	False	False	תלנ	SYN-RG-ffe03b5091	7	HIFIL|HITPAEL|HUFAL|NIFAL|PAAL|PIEL|PUAL	synthetic_v1	synthetic_v1:root:תלנ	1.0	GOLD	SYNTHETIC
SYN-RT-66ba5de1bb	ת-ל-צ	תלצ	ת	ל	צ			3			False	False	False	False	False	False	False	False	False	False	False	False	False	False	False	False	False	C.C.C	strong	True	False	False	False	False	False	False	False	תלצ	SYN-RG-ed491d816f	7	HIFIL|HITPAEL|HUFAL|NIFAL|PAAL|PIEL|PUAL	synthetic_v1	synthetic_v1:root:תלצ	1.0	GOLD	SYNTHETIC
SYN-RT-2024275c2a	ת-מ-ג	תמג	ת	מ	ג			3			False	False	False	False	False	False	False	False	False	False	False	False	False	False	False	False	False	C.C.C	strong	True	False	False	False	False	False	False	False	תמג	SYN-RG-8f3fdbc86d	7	HIFIL|HITPAEL|HUFAL|NIFAL|PAAL|PIEL|PUAL	synthetic_v1	synthetic_v1:root:תמג	1.0	GOLD	SYNTHETIC
SYN-RT-d69f51bfe5	ת-מ-ל	תמל	ת	מ	ל			3			False	False	False	False	False	False	False	False	False	False	False	False	False	False	False	False	False	C.C.C	strong	True	False	False	False	False	False	False	False	תמל	SYN-RG-6df3f7d4d2	7	HIFIL|HITPAEL|HUFAL|NIFAL|PAAL|PIEL|PUAL	synthetic_v1	synthetic_v1:root:תמל	1.0	GOLD	SYNTHETIC
SYN-RT-d27254c9e9	ת-מ-נ	תמנ	ת	מ	נ			3			False	False	False	False	False	False	False	False	False	False	False	False	False	False	False	False	False	C.C.N	strong	True	False	False	False	False	False	False	False	תמנ	SYN-RG-1394f68881	7	HIFIL|HITPAEL|HUFAL|NIFAL|PAAL|PIEL|PUAL	synthetic_v1	synthetic_v1:root:תמנ	1.0	GOLD	SYNTHETIC
SYN-RT-6e9c196d84	ת-מ-ס	תמס	ת	מ	ס			3			False	False	False	False	False	False	False	False	False	False	False	False	False	False	False	False	False	C.C.C	strong	True	False	False	False	False	False	False	False	תמס	SYN-RG-1a80a3f113	7	HIFIL|HITPAEL|HUFAL|NIFAL|PAAL|PIEL|PUAL	synthetic_v1	synthetic_v1:root:תמס	1.0	GOLD	SYNTHETIC
SYN-RT-442ddad7c6	ת-מ-ר	תמר	ת	מ	ר			3			False	False	False	False	False	False	False	False	False	False	False	False	False	True	False	False	False	C.C.R	strong	True	False	False	False	False	False	False	False	תמר	SYN-RG-56c342f18a	7	HIFIL|HITPAEL|HUFAL|NIFAL|PAAL|PIEL|PUAL	synthetic_v1	synthetic_v1:root:תמר	1.0	GOLD	SYNTHETIC
SYN-RT-a6e4bac2db	ת-נ-ב	תנב	ת	נ	ב			3			False	False	False	False	False	False	False	False	False	False	False	False	False	False	False	False	False	C.N.C	strong	True	False	False	False	False	False	False	False	תנב	SYN-RG-37100c91e9	7	HIFIL|HITPAEL|HUFAL|NIFAL|PAAL|PIEL|PUAL	synthetic_v1	synthetic_v1:root:תנב	1.0	GOLD	SYNTHETIC
SYN-RT-22e8f313e8	ת-נ-ג	תנג	ת	נ	ג			3			False	False	False	False	False	False	False	False	False	False	False	False	False	False	False	False	False	C.N.C	strong	True	False	False	False	False	False	False	False	תנג	SYN-RG-8016e49bbf	7	HIFIL|HITPAEL|HUFAL|NIFAL|PAAL|PIEL|PUAL	synthetic_v1	synthetic_v1:root:תנג	1.0	GOLD	SYNTHETIC
SYN-RT-811d2cc845	ת-נ-ד	תנד	ת	נ	ד			3			False	False	False	False	False	False	False	False	False	False	False	False	False	False	False	False	False	C.N.C	strong	True	False	False	False	False	False	False	False	תנד	SYN-RG-0160475643	7	HIFIL|HITPAEL|HUFAL|NIFAL|PAAL|PIEL|PUAL	synthetic_v1	synthetic_v1:root:תנד	1.0	GOLD	SYNTHETIC
SYN-RT-7beeeb609d	ת-נ-ז	תנז	ת	נ	ז			3			False	False	False	False	False	False	False	False	False	False	False	False	False	False	False	False	False	C.N.C	strong	True	False	False	False	False	False	False	False	תנז	SYN-RG-9ff85f82b9	7	HIFIL|HITPAEL|HUFAL|NIFAL|PAAL|PIEL|PUAL	synthetic_v1	synthetic_v1:root:תנז	1.0	GOLD	SYNTHETIC
SYN-RT-1a5ddde2a1	ת-נ-כ	תנכ	ת	נ	כ			3			False	False	False	False	False	False	False	False	False	False	False	False	False	False	False	False	False	C.N.C	strong	True	False	False	False	False	False	False	False	תנכ	SYN-RG-afa832f257	7	HIFIL|HITPAEL|HUFAL|NIFAL|PAAL|PIEL|PUAL	synthetic_v1	synthetic_v1:root:תנכ	1.0	GOLD	SYNTHETIC
SYN-RT-89237e2231	ת-נ-צ	תנצ	ת	נ	צ			3			False	False	False	False	False	False	False	False	False	False	False	False	False	False	False	False	False	C.N.C	strong	True	False	False	False	False	False	False	False	תנצ	SYN-RG-d40d3861e0	7	HIFIL|HITPAEL|HUFAL|NIFAL|PAAL|PIEL|PUAL	synthetic_v1	synthetic_v1:root:תנצ	1.0	GOLD	SYNTHETIC
SYN-RT-9219aa2704	ת-נ-שׁ	תנשׁ	ת	נ	ש			3			False	False	False	False	False	False	False	False	False	False	False	False	False	False	False	False	False	C.N.C	strong	True	False	False	False	False	False	False	False	תנש	SYN-RG-84d6fb23ed	7	HIFIL|HITPAEL|HUFAL|NIFAL|PAAL|PIEL|PUAL	synthetic_v1	synthetic_v1:root:תנשׁ	1.0	GOLD	SYNTHETIC
SYN-RT-3d1014f96c	ת-ס-ז	תסז	ת	ס	ז			3			False	False	False	False	False	False	False	False	False	False	False	False	False	False	False	False	False	C.C.C	strong	True	False	False	False	False	False	False	False	תסז	SYN-RG-65f0418820	7	HIFIL|HITPAEL|HUFAL|NIFAL|PAAL|PIEL|PUAL	synthetic_v1	synthetic_v1:root:תסז	1.0	GOLD	SYNTHETIC
SYN-RT-17385690da	ת-ס-נ	תסנ	ת	ס	נ			3			False	False	False	False	False	False	False	False	False	False	False	False	False	False	False	False	False	C.C.N	strong	True	False	False	False	False	False	False	False	תסנ	SYN-RG-4420ea8274	7	HIFIL|HITPAEL|HUFAL|NIFAL|PAAL|PIEL|PUAL	synthetic_v1	synthetic_v1:root:תסנ	1.0	GOLD	SYNTHETIC
SYN-RT-df17d5d251	ת-ס-פ	תספ	ת	ס	פ			3			False	False	False	False	False	False	False	False	False	False	False	False	False	False	False	False	False	C.C.C	strong	True	False	False	False	False	False	False	False	תספ	SYN-RG-2dbbbe0ccb	7	HIFIL|HITPAEL|HUFAL|NIFAL|PAAL|PIEL|PUAL	synthetic_v1	synthetic_v1:root:תספ	1.0	GOLD	SYNTHETIC
SYN-RT-a4739eb766	ת-ס-שׁ	תסשׁ	ת	ס	ש			3			False	False	False	False	False	False	False	False	False	False	False	False	False	False	False	False	False	C.C.C	strong	True	False	False	False	False	False	False	False	תסש	SYN-RG-649bc0f770	7	HIFIL|HITPAEL|HUFAL|NIFAL|PAAL|PIEL|PUAL	synthetic_v1	synthetic_v1:root:תסשׁ	1.0	GOLD	SYNTHETIC
SYN-RT-3654445758	ת-פ-ט	תפט	ת	פ	ט			3			False	False	False	False	False	False	False	False	False	False	False	False	False	False	False	False	False	C.C.C	strong	True	False	False	False	False	False	False	False	תפט	SYN-RG-41000277b3	7	HIFIL|HITPAEL|HUFAL|NIFAL|PAAL|PIEL|PUAL	synthetic_v1	synthetic_v1:root:תפט	1.0	GOLD	SYNTHETIC
SYN-RT-21f76d1260	ת-פ-כ	תפכ	ת	פ	כ			3			False	False	False	False	False	False	False	False	False	False	False	False	False	False	False	False	False	C.C.C	strong	True	False	False	False	False	False	False	False	תפכ	SYN-RG-b4876ec3f2	7	HIFIL|HITPAEL|HUFAL|NIFAL|PAAL|PIEL|PUAL	synthetic_v1	synthetic_v1:root:תפכ	1.0	GOLD	SYNTHETIC
SYN-RT-e94146064b	ת-פ-ס	תפס	ת	פ	ס			3			False	False	False	False	False	False	False	False	False	False	False	False	False	False	False	False	False	C.C.C	strong	True	False	False	False	False	False	False	False	תפס	SYN-RG-ad569a68d9	7	HIFIL|HITPAEL|HUFAL|NIFAL|PAAL|PIEL|PUAL	synthetic_v1	synthetic_v1:root:תפס	1.0	GOLD	SYNTHETIC
SYN-RT-c382494521	ת-פ-צ	תפצ	ת	פ	צ			3			False	False	False	False	False	False	False	False	False	False	False	False	False	False	False	False	False	C.C.C	strong	True	False	False	False	False	False	False	False	תפצ	SYN-RG-fa292ad2b7	7	HIFIL|HITPAEL|HUFAL|NIFAL|PAAL|PIEL|PUAL	synthetic_v1	synthetic_v1:root:תפצ	1.0	GOLD	SYNTHETIC
SYN-RT-51454d76f3	ת-פ-ק	תפק	ת	פ	ק			3			False	False	False	False	False	False	False	False	False	False	False	False	False	False	False	False	False	C.C.C	strong	True	False	False	False	False	False	False	False	תפק	SYN-RG-03cbe80ce3	7	HIFIL|HITPAEL|HUFAL|NIFAL|PAAL|PIEL|PUAL	synthetic_v1	synthetic_v1:root:תפק	1.0	GOLD	SYNTHETIC
SYN-RT-ab1ca81a0c	ת-פ-ר	תפר	ת	פ	ר			3			False	False	False	False	False	False	False	False	False	False	False	False	False	True	False	False	False	C.C.R	strong	True	False	False	False	False	False	False	False	תפר	SYN-RG-44b2efc88c	7	HIFIL|HITPAEL|HUFAL|NIFAL|PAAL|PIEL|PUAL	synthetic_v1	synthetic_v1:root:תפר	1.0	GOLD	SYNTHETIC
SYN-RT-1fd11ee8cd	ת-צ-ט	תצט	ת	צ	ט			3			False	False	False	False	False	False	False	False	False	False	False	False	False	False	False	False	False	C.C.C	strong	True	False	False	False	False	False	False	False	תצט	SYN-RG-622813e9ee	7	HIFIL|HITPAEL|HUFAL|NIFAL|PAAL|PIEL|PUAL	synthetic_v1	synthetic_v1:root:תצט	1.0	GOLD	SYNTHETIC
SYN-RT-e45f734cb7	ת-צ-מ	תצמ	ת	צ	מ			3			False	False	False	False	False	False	False	False	False	False	False	False	False	False	False	False	False	C.C.C	strong	True	False	False	False	False	False	False	False	תצמ	SYN-RG-081d06a285	7	HIFIL|HITPAEL|HUFAL|NIFAL|PAAL|PIEL|PUAL	synthetic_v1	synthetic_v1:root:תצמ	1.0	GOLD	SYNTHETIC
SYN-RT-76f62008e5	ת-צ-נ	תצנ	ת	צ	נ			3			False	False	False	False	False	False	False	False	False	False	False	False	False	False	False	False	False	C.C.N	strong	True	False	False	False	False	False	False	False	תצנ	SYN-RG-eafd87969e	7	HIFIL|HITPAEL|HUFAL|NIFAL|PAAL|PIEL|PUAL	synthetic_v1	synthetic_v1:root:תצנ	1.0	GOLD	SYNTHETIC
SYN-RT-aa7c407fdc	ת-צ-ר	תצר	ת	צ	ר			3			False	False	False	False	False	False	False	False	False	False	False	False	False	True	False	False	False	C.C.R	strong	True	False	False	False	False	False	False	False	תצר	SYN-RG-3e0af1ee2b	7	HIFIL|HITPAEL|HUFAL|NIFAL|PAAL|PIEL|PUAL	synthetic_v1	synthetic_v1:root:תצר	1.0	GOLD	SYNTHETIC
SYN-RT-df92e5721b	ת-ק-ל	תקל	ת	ק	ל			3			False	False	False	False	False	False	False	False	False	False	False	False	False	False	False	False	False	C.C.C	strong	True	False	False	False	False	False	False	False	תקל	SYN-RG-4ee804ee77	7	HIFIL|HITPAEL|HUFAL|NIFAL|PAAL|PIEL|PUAL	synthetic_v1	synthetic_v1:root:תקל	1.0	GOLD	SYNTHETIC
SYN-RT-d16bf0db8e	ת-ק-מ	תקמ	ת	ק	מ			3			False	False	False	False	False	False	False	False	False	False	False	False	False	False	False	False	False	C.C.C	strong	True	False	False	False	False	False	False	False	תקמ	SYN-RG-9926ca7bb2	7	HIFIL|HITPAEL|HUFAL|NIFAL|PAAL|PIEL|PUAL	synthetic_v1	synthetic_v1:root:תקמ	1.0	GOLD	SYNTHETIC
SYN-RT-13bca7e73d	ת-ק-ס	תקס	ת	ק	ס			3			False	False	False	False	False	False	False	False	False	False	False	False	False	False	False	False	False	C.C.C	strong	True	False	False	False	False	False	False	False	תקס	SYN-RG-edd55f18c1	7	HIFIL|HITPAEL|HUFAL|NIFAL|PAAL|PIEL|PUAL	synthetic_v1	synthetic_v1:root:תקס	1.0	GOLD	SYNTHETIC
SYN-RT-69050210aa	ת-ק-פ	תקפ	ת	ק	פ			3			False	False	False	False	False	False	False	False	False	False	False	False	False	False	False	False	False	C.C.C	strong	True	False	False	False	False	False	False	False	תקפ	SYN-RG-806ceb6018	7	HIFIL|HITPAEL|HUFAL|NIFAL|PAAL|PIEL|PUAL	synthetic_v1	synthetic_v1:root:תקפ	1.0	GOLD	SYNTHETIC
SYN-RT-0bfbbd9e4c	ת-ק-ר	תקר	ת	ק	ר			3			False	False	False	False	False	False	False	False	False	False	False	False	False	True	False	False	False	C.C.R	strong	True	False	False	False	False	False	False	False	תקר	SYN-RG-e46ec4dfd7	7	HIFIL|HITPAEL|HUFAL|NIFAL|PAAL|PIEL|PUAL	synthetic_v1	synthetic_v1:root:תקר	1.0	GOLD	SYNTHETIC
SYN-RT-f672626437	ת-ר-ד	תרד	ת	ר	ד			3			False	False	False	False	False	False	False	False	False	False	False	False	False	True	False	False	False	C.R.C	strong	True	False	False	False	False	False	False	False	תרד	SYN-RG-cce5c2ea1a	7	HIFIL|HITPAEL|HUFAL|NIFAL|PAAL|PIEL|PUAL	synthetic_v1	synthetic_v1:root:תרד	1.0	GOLD	SYNTHETIC
SYN-RT-9b8c414fdd	ת-ר-מ	תרמ	ת	ר	מ			3			False	False	False	False	False	False	False	False	False	False	False	False	False	True	False	False	False	C.R.C	strong	True	False	False	False	False	False	False	False	תרמ	SYN-RG-c17af85e34	7	HIFIL|HITPAEL|HUFAL|NIFAL|PAAL|PIEL|PUAL	synthetic_v1	synthetic_v1:root:תרמ	1.0	GOLD	SYNTHETIC
SYN-RT-867988dbdc	ת-ר-נ	תרנ	ת	ר	נ			3			False	False	False	False	False	False	False	False	False	False	False	False	False	True	False	False	False	C.R.N	strong	True	False	False	False	False	False	False	False	תרנ	SYN-RG-59fef7b92a	7	HIFIL|HITPAEL|HUFAL|NIFAL|PAAL|PIEL|PUAL	synthetic_v1	synthetic_v1:root:תרנ	1.0	GOLD	SYNTHETIC
SYN-RT-25445308b5	ת-ר-צ	תרצ	ת	ר	צ			3			False	False	False	False	False	False	False	False	False	False	False	False	False	True	False	False	False	C.R.C	strong	True	False	False	False	False	False	False	False	תרצ	SYN-RG-036d3c8101	7	HIFIL|HITPAEL|HUFAL|NIFAL|PAAL|PIEL|PUAL	synthetic_v1	synthetic_v1:root:תרצ	1.0	GOLD	SYNTHETIC
SYN-RT-40d4a8cc61	ת-ר-ק	תרק	ת	ר	ק			3			False	False	False	False	False	False	False	False	False	False	False	False	False	True	False	False	False	C.R.C	strong	True	False	False	False	False	False	False	False	תרק	SYN-RG-3f21397b48	7	HIFIL|HITPAEL|HUFAL|NIFAL|PAAL|PIEL|PUAL	synthetic_v1	synthetic_v1:root:תרק	1.0	GOLD	SYNTHETIC
SYN-RT-9b84ea8775	ת-ר-שׁ	תרשׁ	ת	ר	ש			3			False	False	False	False	False	False	False	False	False	False	False	False	False	True	False	False	False	C.R.C	strong	True	False	False	False	False	False	False	False	תרש	SYN-RG-ca187e8b3e	7	HIFIL|HITPAEL|HUFAL|NIFAL|PAAL|PIEL|PUAL	synthetic_v1	synthetic_v1:root:תרשׁ	1.0	GOLD	SYNTHETIC
SYN-RT-452ed028c7	ת-שׁ-ב	תשׁב	ת	ש	ב			3			False	False	False	False	False	False	False	False	False	False	False	False	False	False	False	False	False	C.C.C	strong	True	False	False	False	False	False	False	False	תשב	SYN-RG-dc54968d95	7	HIFIL|HITPAEL|HUFAL|NIFAL|PAAL|PIEL|PUAL	synthetic_v1	synthetic_v1:root:תשׁב	1.0	GOLD	SYNTHETIC
SYN-RT-3da82849b8	ת-שׁ-כ	תשׁכ	ת	ש	כ			3			False	False	False	False	False	False	False	False	False	False	False	False	False	False	False	False	False	C.C.C	strong	True	False	False	False	False	False	False	False	תשכ	SYN-RG-1832eb94d4	7	HIFIL|HITPAEL|HUFAL|NIFAL|PAAL|PIEL|PUAL	synthetic_v1	synthetic_v1:root:תשׁכ	1.0	GOLD	SYNTHETIC
SYN-RT-b4f2365f3b	ת-שׁ-ל	תשׁל	ת	ש	ל			3			False	False	False	False	False	False	False	False	False	False	False	False	False	False	False	False	False	C.C.C	strong	True	False	False	False	False	False	False	False	תשל	SYN-RG-ba62ac9ebc	7	HIFIL|HITPAEL|HUFAL|NIFAL|PAAL|PIEL|PUAL	synthetic_v1	synthetic_v1:root:תשׁל	1.0	GOLD	SYNTHETIC
SYN-RT-c57aed2365	ת-שׁ-ק	תשׁק	ת	ש	ק			3			False	False	False	False	False	False	False	False	False	False	False	False	False	False	False	False	False	C.C.C	strong	True	False	False	False	False	False	False	False	תשק	SYN-RG-f26f2e5946	7	HIFIL|HITPAEL|HUFAL|NIFAL|PAAL|PIEL|PUAL	synthetic_v1	synthetic_v1:root:תשׁק	1.0	GOLD	SYNTHETIC
