pair_id	partition
LX-001c057dd4:PST.3MSG>PST.1PL	train
LX-001c057dd4:PST.3MSG>PST.1SG	train
LX-001c057dd4:PST.3MSG>PST.2FPL	train
LX-001c057dd4:PST.3MSG>PST.2FSG	train
LX-001c057dd4:PST.3MSG>PST.2MPL	train
LX-001c057dd4:PST.3MSG>PST.2MSG	train
LX-001c057dd4:PST.3MSG>PST.3FSG	train
LX-001c057dd4:PST.3MSG>PST.3PL	train
LX-01501bd7f5:PST.3MSG>PST.1PL	train
LX-01501bd7f5:PST.3MSG>PST.1SG	train
LX-01501bd7f5:PST.3MSG>PST.2FPL	train
LX-01501bd7f5:PST.3MSG>PST.2FSG	train
LX-01501bd7f5:PST.3MSG>PST.2MPL	train
LX-01501bd7f5:PST.3MSG>PST.2MSG	train
LX-01501bd7f5:PST.3MSG>PST.3FSG	train
LX-01501bd7f5:PST.3MSG>PST.3PL	train
LX-0367ea8cfa:PST.3MSG>PST.1PL	train
LX-0367ea8cfa:PST.3MSG>PST.1SG	train
LX-0367ea8cfa:PST.3MSG>PST.2FPL	train
LX-0367ea8cfa:PST.3MSG>PST.2FSG	train
LX-0367ea8cfa:PST.3MSG>PST.2MPL	train
LX-0367ea8cfa:PST.3MSG>PST.2MSG	train
LX-0367ea8cfa:PST.3MSG>PST.3FSG	train
LX-0367ea8cfa:PST.3MSG>PST.3PL	train
LX-03b4b36136:PST.3MSG>PST.1PL	train
LX-03b4b36136:PST.3MSG>PST.1SG	train
LX-03b4b36136:PST.3MSG>PST.2FPL	train
LX-03b4b36136:PST.3MSG>PST.2FSG	train
LX-03b4b36136:PST.3MSG>PST.2MPL	train
LX-03b4b36136:PST.3MSG>PST.2MSG	train
LX-03b4b36136:PST.3MSG>PST.3FSG	train
LX-03b4b36136:PST.3MSG>PST.3PL	train
LX-03d434e912:PST.3MSG>PST.1PL	train
LX-03d434e912:PST.3MSG>PST.1SG	train
LX-03d434e912:PST.3MSG>PST.2FPL	train
LX-03d434e912:PST.3MSG>PST.2FSG	train
LX-03d434e912:PST.3MSG>PST.2MPL	train
LX-03d434e912:PST.3MSG>PST.2MSG	train
LX-03d434e912:PST.3MSG>PST.3FSG	train
LX-03d434e912:PST.3MSG>PST.3PL	train
LX-04041d6ade:PST.3MSG>PST.1PL	train
LX-04041d6ade:PST.3MSG>PST.1SG	train
LX-04041d6ade:PST.3MSG>PST.2FPL	train
LX-04041d6ade:PST.3MSG>PST.2FSG	train
LX-04041d6ade:PST.3MSG>PST.2MPL	train
LX-04041d6ade:PST.3MSG>PST.2MSG	train
LX-04041d6ade:PST.3MSG>PST.3FSG	train
LX-04041d6ade:PST.3MSG>PST.3PL	train
LX-042da2e637:PST.3MSG>PST.1PL	train
LX-042da2e637:PST.3MSG>PST.1SG	train
LX-042da2e637:PST.3MSG>PST.2FPL	train
LX-042da2e637:PST.3MSG>PST.2FSG	train
LX-042da2e637:PST.3MSG>PST.2MPL	train
LX-042da2e637:PST.3MSG>PST.2MSG	train
LX-042da2e637:PST.3MSG>PST.3FSG	train
LX-042da2e637:PST.3MSG>PST.3PL	train
LX-060a887b96:PST.3MSG>PST.1PL	train
LX-060a887b96:PST.3MSG>PST.1SG	train
LX-060a887b96:PST.3MSG>PST.2FPL	train
LX-060a887b96:PST.3MSG>PST.2FSG	train
LX-060a887b96:PST.3MSG>PST.2MPL	train
LX-060a887b96:PST.3MSG>PST.2MSG	train
LX-060a887b96:PST.3MSG>PST.3FSG	train
LX-060a887b96:PST.3MSG>PST.3PL	train
LX-0a7c205c5f:PST.3MSG>PST.1PL	train
LX-0a7c205c5f:PST.3MSG>PST.1SG	train
LX-0a7c205c5f:PST.3MSG>PST.2FPL	train
LX-0a7c205c5f:PST.3MSG>PST.2FSG	train
LX-0a7c205c5f:PST.3MSG>PST.2MPL	train
LX-0a7c205c5f:PST.3MSG>PST.2MSG	train
LX-0a7c205c5f:PST.3MSG>PST.3FSG	train
LX-0a7c205c5f:PST.3MSG>PST.3PL	train
LX-0b66ab3ba7:PST.3MSG>PST.1PL	train
LX-0b66ab3ba7:PST.3MSG>PST.1SG	train
LX-0b66ab3ba7:PST.3MSG>PST.2FPL	train
LX-0b66ab3ba7:PST.3MSG>PST.2FSG	train
LX-0b66ab3ba7:PST.3MSG>PST.2MPL	train
LX-0b66ab3ba7:PST.3MSG>PST.2MSG	train
LX-0b66ab3ba7:PST.3MSG>PST.3FSG	train
LX-0b66ab3ba7:PST.3MSG>PST.3PL	train
LX-0c0a81e9f3:PST.3MSG>PST.1PL	train
LX-0c0a81e9f3:PST.3MSG>PST.1SG	train
LX-0c0a81e9f3:PST.3MSG>PST.2FPL	train
LX-0c0a81e9f3:PST.3MSG>PST.2FSG	train
LX-0c0a81e9f3:PST.3MSG>PST.2MPL	train
LX-0c0a81e9f3:PST.3MSG>PST.2MSG	train
LX-0c0a81e9f3:PST.3MSG>PST.3FSG	train
LX-0c0a81e9f3:PST.3MSG>PST.3PL	train
LX-0c9db8c268:PST.3MSG>PST.1PL	train
LX-0c9db8c268:PST.3MSG>PST.1SG	train
LX-0c9db8c268:PST.3MSG>PST.2FPL	train
LX-0c9db8c268:PST.3MSG>PST.2FSG	train
LX-0c9db8c268:PST.3MSG>PST.2MPL	train
LX-0c9db8c268:PST.3MSG>PST.2MSG	train
LX-0c9db8c268:PST.3MSG>PST.3FSG	train
LX-0c9db8c268:PST.3MSG>PST.3PL	train
LX-0d9e372cdb:PST.3MSG>PST.1PL	train
LX-0d9e372cdb:PST.3MSG>PST.1SG	train
LX-0d9e372cdb:PST.3MSG>PST.2FPL	train
LX-0d9e372cdb:PST.3MSG>PST.2FSG	train
LX-0d9e372cdb:PST.3MSG>PST.2MPL	train
LX-0d9e372cdb:PST.3MSG>PST.2MSG	train
LX-0d9e372cdb:PST.3MSG>PST.3FSG	train
LX-0d9e372cdb:PST.3MSG>PST.3PL	train
LX-0dd13b0a79:PST.3MSG>PST.1PL	train
LX-0dd13b0a79:PST.3MSG>PST.1SG	train
LX-0dd13b0a79:PST.3MSG>PST.2FPL	train
LX-0dd13b0a79:PST.3MSG>PST.2FSG	train
LX-0dd13b0a79:PST.3MSG>PST.2MPL	train
LX-0dd13b0a79:PST.3MSG>PST.2MSG	train
LX-0dd13b0a79:PST.3MSG>PST.3FSG	train
LX-0dd13b0a79:PST.3MSG>PST.3PL	train
LX-0ddcd20481:PST.3MSG>PST.1PL	train
LX-0ddcd20481:PST.3MSG>PST.1SG	train
LX-0ddcd20481:PST.3MSG>PST.2FPL	train
LX-0ddcd20481:PST.3MSG>PST.2FSG	train
LX-0ddcd20481:PST.3MSG>PST.2MPL	train
LX-0ddcd20481:PST.3MSG>PST.2MSG	train
LX-0ddcd20481:PST.3MSG>PST.3FSG	train
LX-0ddcd20481:PST.3MSG>PST.3PL	train
LX-0fc1f0960a:PST.3MSG>PST.1PL	train
LX-0fc1f0960a:PST.3MSG>PST.1SG	train
LX-0fc1f0960a:PST.3MSG>PST.2FPL	train
LX-0fc1f0960a:PST.3MSG>PST.2FSG	train
LX-0fc1f0960a:PST.3MSG>PST.2MPL	train
LX-0fc1f0960a:PST.3MSG>PST.2MSG	train
LX-0fc1f0960a:PST.3MSG>PST.3FSG	train
LX-0fc1f0960a:PST.3MSG>PST.3PL	train
LX-0fcb10ec41:PST.3MSG>PST.1PL	train
LX-0fcb10ec41:PST.3MSG>PST.1SG	train
LX-0fcb10ec41:PST.3MSG>PST.2FPL	train
LX-0fcb10ec41:PST.3MSG>PST.2FSG	train
LX-0fcb10ec41:PST.3MSG>PST.2MPL	train
LX-0fcb10ec41:PST.3MSG>PST.2MSG	train
LX-0fcb10ec41:PST.3MSG>PST.3FSG	train
LX-0fcb10ec41:PST.3MSG>PST.3PL	train
LX-1027ba49a0:PST.3MSG>PST.1PL	train
LX-1027ba49a0:PST.3MSG>PST.1SG	train
LX-1027ba49a0:PST.3MSG>PST.2FPL	train
LX-1027ba49a0:PST.3MSG>PST.2FSG	train
LX-1027ba49a0:PST.3MSG>PST.2MPL	train
LX-1027ba49a0:PST.3MSG>PST.2MSG	train
LX-1027ba49a0:PST.3MSG>PST.3FSG	train
LX-1027ba49a0:PST.3MSG>PST.3PL	train
LX-108b21f90e:PST.3MSG>PST.1PL	train
LX-108b21f90e:PST.3MSG>PST.1SG	train
LX-108b21f90e:PST.3MSG>PST.2FPL	train
LX-108b21f90e:PST.3MSG>PST.2FSG	train
LX-108b21f90e:PST.3MSG>PST.2MPL	train
LX-108b21f90e:PST.3MSG>PST.2MSG	train
LX-108b21f90e:PST.3MSG>PST.3FSG	train
LX-108b21f90e:PST.3MSG>PST.3PL	train
LX-12a61c52bf:PST.3MSG>PST.1PL	train
LX-12a61c52bf:PST.3MSG>PST.1SG	train
LX-12a61c52bf:PST.3MSG>PST.2FPL	train
LX-12a61c52bf:PST.3MSG>PST.2FSG	train
LX-12a61c52bf:PST.3MSG>PST.2MPL	train
LX-12a61c52bf:PST.3MSG>PST.2MSG	train
LX-12a61c52bf:PST.3MSG>PST.3FSG	train
LX-12a61c52bf:PST.3MSG>PST.3PL	train
LX-143e308fa6:PST.3MSG>PST.1PL	train
LX-143e308fa6:PST.3MSG>PST.1SG	train
LX-143e308fa6:PST.3MSG>PST.2FPL	train
LX-143e308fa6:PST.3MSG>PST.2FSG	train
LX-143e308fa6:PST.3MSG>PST.2MPL	train
LX-143e308fa6:PST.3MSG>PST.2MSG	train
LX-143e308fa6:PST.3MSG>PST.3FSG	train
LX-143e308fa6:PST.3MSG>PST.3PL	train
LX-18e2949f94:PST.3MSG>PST.1PL	train
LX-18e2949f94:PST.3MSG>PST.1SG	train
LX-18e2949f94:PST.3MSG>PST.2FPL	train
LX-18e2949f94:PST.3MSG>PST.2FSG	train
LX-18e2949f94:PST.3MSG>PST.2MPL	train
LX-18e2949f94:PST.3MSG>PST.2MSG	train
LX-18e2949f94:PST.3MSG>PST.3FSG	train
LX-18e2949f94:PST.3MSG>PST.3PL	train
LX-1a8bb53e56:PST.3MSG>PST.1PL	train
LX-1a8bb53e56:PST.3MSG>PST.1SG	train
LX-1a8bb53e56:PST.3MSG>PST.2FPL	train
LX-1a8bb53e56:PST.3MSG>PST.2FSG	train
LX-1a8bb53e56:PST.3MSG>PST.2MPL	train
LX-1a8bb53e56:PST.3MSG>PST.2MSG	train
LX-1a8bb53e56:PST.3MSG>PST.3FSG	train
LX-1a8bb53e56:PST.3MSG>PST.3PL	train
LX-1a98c1f4d3:PST.3MSG>PST.1PL	train
LX-1a98c1f4d3:PST.3MSG>PST.1SG	train
LX-1a98c1f4d3:PST.3MSG>PST.2FPL	train
LX-1a98c1f4d3:PST.3MSG>PST.2FSG	train
LX-1a98c1f4d3:PST.3MSG>PST.2MPL	train
LX-1a98c1f4d3:PST.3MSG>PST.2MSG	train
LX-1a98c1f4d3:PST.3MSG>PST.3FSG	train
LX-1a98c1f4d3:PST.3MSG>PST.3PL	train
LX-1be7b2b6f9:PST.3MSG>PST.1PL	train
LX-1be7b2b6f9:PST.3MSG>PST.1SG	train
LX-1be7b2b6f9:PST.3MSG>PST.2FPL	train
LX-1be7b2b6f9:PST.3MSG>PST.2FSG	train
LX-1be7b2b6f9:PST.3MSG>PST.2MPL	train
LX-1be7b2b6f9:PST.3MSG>PST.2MSG	train
LX-1be7b2b6f9:PST.3MSG>PST.3FSG	train
LX-1be7b2b6f9:PST.3MSG>PST.3PL	train
LX-1c6c2f2853:PST.3MSG>PST.1PL	train
LX-1c6c2f2853:PST.3MSG>PST.1SG	train
LX-1c6c2f2853:PST.3MSG>PST.2FPL	train
LX-1c6c2f2853:PST.3MSG>PST.2FSG	train
LX-1c6c2f2853:PST.3MSG>PST.2MPL	train
LX-1c6c2f2853:PST.3MSG>PST.2MSG	train
LX-1c6c2f2853:PST.3MSG>PST.3FSG	train
LX-1c6c2f2853:PST.3MSG>PST.3PL	train
LX-1d3a030898:PST.3MSG>PST.1PL	train
LX-1d3a030898:PST.3MSG>PST.1SG	train
LX-1d3a030898:PST.3MSG>PST.2FPL	train
LX-1d3a030898:PST.3MSG>PST.2FSG	train
LX-1d3a030898:PST.3MSG>PST.2MPL	train
LX-1d3a030898:PST.3MSG>PST.2MSG	train
LX-1d3a030898:PST.3MSG>PST.3FSG	train
LX-1d3a030898:PST.3MSG>PST.3PL	train
LX-1e667b6cf8:PST.3MSG>PST.1PL	train
LX-1e667b6cf8:PST.3MSG>PST.1SG	train
LX-1e667b6cf8:PST.3MSG>PST.2FPL	train
LX-1e667b6cf8:PST.3MSG>PST.2FSG	train
LX-1e667b6cf8:PST.3MSG>PST.2MPL	train
LX-1e667b6cf8:PST.3MSG>PST.2MSG	train
LX-1e667b6cf8:PST.3MSG>PST.3FSG	train
LX-1e667b6cf8:PST.3MSG>PST.3PL	train
LX-221b7aaaa0:PST.3MSG>PST.1PL	train
LX-221b7aaaa0:PST.3MSG>PST.1SG	train
LX-221b7aaaa0:PST.3MSG>PST.2FPL	train
LX-221b7aaaa0:PST.3MSG>PST.2FSG	train
LX-221b7aaaa0:PST.3MSG>PST.2MPL	train
LX-221b7aaaa0:PST.3MSG>PST.2MSG	train
LX-221b7aaaa0:PST.3MSG>PST.3FSG	train
LX-221b7aaaa0:PST.3MSG>PST.3PL	train
LX-25abec0cbb:PST.3MSG>PST.1PL	train
LX-25abec0cbb:PST.3MSG>PST.1SG	train
LX-25abec0cbb:PST.3MSG>PST.2FPL	train
LX-25abec0cbb:PST.3MSG>PST.2FSG	train
LX-25abec0cbb:PST.3MSG>PST.2MPL	train
LX-25abec0cbb:PST.3MSG>PST.2MSG	train
LX-25abec0cbb:PST.3MSG>PST.3FSG	train
LX-25abec0cbb:PST.3MSG>PST.3PL	train
LX-288fc0ffa7:PST.3MSG>PST.1PL	train
LX-288fc0ffa7:PST.3MSG>PST.1SG	train
LX-288fc0ffa7:PST.3MSG>PST.2FPL	train
LX-288fc0ffa7:PST.3MSG>PST.2FSG	train
LX-288fc0ffa7:PST.3MSG>PST.2MPL	train
LX-288fc0ffa7:PST.3MSG>PST.2MSG	train
LX-288fc0ffa7:PST.3MSG>PST.3FSG	train
LX-288fc0ffa7:PST.3MSG>PST.3PL	train
LX-292fa03563:PST.3MSG>PST.1PL	train
LX-292fa03563:PST.3MSG>PST.1SG	train
LX-292fa03563:PST.3MSG>PST.2FPL	train
LX-292fa03563:PST.3MSG>PST.2FSG	train
LX-292fa03563:PST.3MSG>PST.2MPL	train
LX-292fa03563:PST.3MSG>PST.2MSG	train
LX-292fa03563:PST.3MSG>PST.3FSG	train
LX-292fa03563:PST.3MSG>PST.3PL	train
LX-2994c0ce40:PST.3MSG>PST.1PL	train
LX-2994c0ce40:PST.3MSG>PST.1SG	train
LX-2994c0ce40:PST.3MSG>PST.2FPL	train
LX-2994c0ce40:PST.3MSG>PST.2FSG	train
LX-2994c0ce40:PST.3MSG>PST.2MPL	train
LX-2994c0ce40:PST.3MSG>PST.2MSG	train
LX-2994c0ce40:PST.3MSG>PST.3FSG	train
LX-2994c0ce40:PST.3MSG>PST.3PL	train
LX-2b38e4d0bf:PST.3MSG>PST.1PL	train
LX-2b38e4d0bf:PST.3MSG>PST.1SG	train
LX-2b38e4d0bf:PST.3MSG>PST.2FPL	train
LX-2b38e4d0bf:PST.3MSG>PST.2FSG	train
LX-2b38e4d0bf:PST.3MSG>PST.2MPL	train
LX-2b38e4d0bf:PST.3MSG>PST.2MSG	train
LX-2b38e4d0bf:PST.3MSG>PST.3FSG	train
LX-2b38e4d0bf:PST.3MSG>PST.3PL	train
LX-2d891da077:PST.3MSG>PST.1PL	train
LX-2d891da077:PST.3MSG>PST.1SG	train
LX-2d891da077:PST.3MSG>PST.2FPL	train
LX-2d891da077:PST.3MSG>PST.2FSG	train
LX-2d891da077:PST.3MSG>PST.2MPL	train
LX-2d891da077:PST.3MSG>PST.2MSG	train
LX-2d891da077:PST.3MSG>PST.3FSG	train
LX-2d891da077:PST.3MSG>PST.3PL	train
LX-2e3caa094d:PST.3MSG>PST.1PL	train
LX-2e3caa094d:PST.3MSG>PST.1SG	train
LX-2e3caa094d:PST.3MSG>PST.2FPL	train
LX-2e3caa094d:PST.3MSG>PST.2FSG	train
LX-2e3caa094d:PST.3MSG>PST.2MPL	train
LX-2e3caa094d:PST.3MSG>PST.2MSG	train
LX-2e3caa094d:PST.3MSG>PST.3FSG	train
LX-2e3caa094d:PST.3MSG>PST.3PL	train
LX-2f8a48da70:PST.3MSG>PST.1PL	train
LX-2f8a48da70:PST.3MSG>PST.1SG	train
LX-2f8a48da70:PST.3MSG>PST.2FPL	train
LX-2f8a48da70:PST.3MSG>PST.2FSG	train
LX-2f8a48da70:PST.3MSG>PST.2MPL	train
LX-2f8a48da70:PST.3MSG>PST.2MSG	train
LX-2f8a48da70:PST.3MSG>PST.3FSG	train
LX-2f8a48da70:PST.3MSG>PST.3PL	train
LX-309ffe2abc:PST.3MSG>PST.1PL	train
LX-309ffe2abc:PST.3MSG>PST.1SG	train
LX-309ffe2abc:PST.3MSG>PST.2FPL	train
LX-309ffe2abc:PST.3MSG>PST.2FSG	train
LX-309ffe2abc:PST.3MSG>PST.2MPL	train
LX-309ffe2abc:PST.3MSG>PST.2MSG	train
LX-309ffe2abc:PST.3MSG>PST.3FSG	train
LX-309ffe2abc:PST.3MSG>PST.3PL	train
LX-3266106ba0:PST.3MSG>PST.1PL	train
LX-3266106ba0:PST.3MSG>PST.1SG	train
LX-3266106ba0:PST.3MSG>PST.2FPL	train
LX-3266106ba0:PST.3MSG>PST.2FSG	train
LX-3266106ba0:PST.3MSG>PST.2MPL	train
LX-3266106ba0:PST.3MSG>PST.2MSG	train
LX-3266106ba0:PST.3MSG>PST.3FSG	train
LX-3266106ba0:PST.3MSG>PST.3PL	train
LX-32b5b7f907:PST.3MSG>PST.1PL	train
LX-32b5b7f907:PST.3MSG>PST.1SG	train
LX-32b5b7f907:PST.3MSG>PST.2FPL	train
LX-32b5b7f907:PST.3MSG>PST.2FSG	train
LX-32b5b7f907:PST.3MSG>PST.2MPL	train
LX-32b5b7f907:PST.3MSG>PST.2MSG	train
LX-32b5b7f907:PST.3MSG>PST.3FSG	train
LX-32b5b7f907:PST.3MSG>PST.3PL	train
LX-3523741b58:PST.3MSG>PST.1PL	train
LX-3523741b58:PST.3MSG>PST.1SG	train
LX-3523741b58:PST.3MSG>PST.2FPL	train
LX-3523741b58:PST.3MSG>PST.2FSG	train
LX-3523741b58:PST.3MSG>PST.2MPL	train
LX-3523741b58:PST.3MSG>PST.2MSG	train
LX-3523741b58:PST.3MSG>PST.3FSG	train
LX-3523741b58:PST.3MSG>PST.3PL	train
LX-35480bb99e:PST.3MSG>PST.1PL	train
LX-35480bb99e:PST.3MSG>PST.1SG	train
LX-35480bb99e:PST.3MSG>PST.2FPL	train
LX-35480bb99e:PST.3MSG>PST.2FSG	train
LX-35480bb99e:PST.3MSG>PST.2MPL	train
LX-35480bb99e:PST.3MSG>PST.2MSG	train
LX-35480bb99e:PST.3MSG>PST.3FSG	train
LX-35480bb99e:PST.3MSG>PST.3PL	train
LX-359f94bcdb:PST.3MSG>PST.1PL	train
LX-359f94bcdb:PST.3MSG>PST.1SG	train
LX-359f94bcdb:PST.3MSG>PST.2FPL	train
LX-359f94bcdb:PST.3MSG>PST.2FSG	train
LX-359f94bcdb:PST.3MSG>PST.2MPL	train
LX-359f94bcdb:PST.3MSG>PST.2MSG	train
LX-359f94bcdb:PST.3MSG>PST.3FSG	train
LX-359f94bcdb:PST.3MSG>PST.3PL	train
LX-39e26f5eec:PST.3MSG>PST.1PL	train
LX-39e26f5eec:PST.3MSG>PST.1SG	train
LX-39e26f5eec:PST.3MSG>PST.2FPL	train
LX-39e26f5eec:PST.3MSG>PST.2FSG	train
LX-39e26f5eec:PST.3MSG>PST.2MPL	train
LX-39e26f5eec:PST.3MSG>PST.2MSG	train
LX-39e26f5eec:PST.3MSG>PST.3FSG	train
LX-39e26f5eec:PST.3MSG>PST.3PL	train
LX-3cd3d29812:PST.3MSG>PST.1PL	train
LX-3cd3d29812:PST.3MSG>PST.1SG	train
LX-3cd3d29812:PST.3MSG>PST.2FPL	train
LX-3cd3d29812:PST.3MSG>PST.2FSG	train
LX-3cd3d29812:PST.3MSG>PST.2MPL	train
LX-3cd3d29812:PST.3MSG>PST.2MSG	train
LX-3cd3d29812:PST.3MSG>PST.3FSG	train
LX-3cd3d29812:PST.3MSG>PST.3PL	train
LX-3e6985e3c8:PST.3MSG>PST.1PL	train
LX-3e6985e3c8:PST.3MSG>PST.1SG	train
LX-3e6985e3c8:PST.3MSG>PST.2FPL	train
LX-3e6985e3c8:PST.3MSG>PST.2FSG	train
LX-3e6985e3c8:PST.3MSG>PST.2MPL	train
LX-3e6985e3c8:PST.3MSG>PST.2MSG	train
LX-3e6985e3c8:PST.3MSG>PST.3FSG	train
LX-3e6985e3c8:PST.3MSG>PST.3PL	train
LX-40563ba9c5:PST.3MSG>PST.1PL	train
LX-40563ba9c5:PST.3MSG>PST.1SG	train
LX-40563ba9c5:PST.3MSG>PST.2FPL	train
LX-40563ba9c5:PST.3MSG>PST.2FSG	train
LX-40563ba9c5:PST.3MSG>PST.2MPL	train
LX-40563ba9c5:PST.3MSG>PST.2MSG	train
LX-40563ba9c5:PST.3MSG>PST.3FSG	train
LX-40563ba9c5:PST.3MSG>PST.3PL	train
LX-410026e5d5:PST.3MSG>PST.1PL	train
LX-410026e5d5:PST.3MSG>PST.1SG	train
LX-410026e5d5:PST.3MSG>PST.2FPL	train
LX-410026e5d5:PST.3MSG>PST.2FSG	train
LX-410026e5d5:PST.3MSG>PST.2MPL	train
LX-410026e5d5:PST.3MSG>PST.2MSG	train
LX-410026e5d5:PST.3MSG>PST.3FSG	train
LX-410026e5d5:PST.3MSG>PST.3PL	train
LX-433573875b:PST.3MSG>PST.1PL	train
LX-433573875b:PST.3MSG>PST.1SG	train
LX-433573875b:PST.3MSG>PST.2FPL	train
LX-433573875b:PST.3MSG>PST.2FSG	train
LX-433573875b:PST.3MSG>PST.2MPL	train
LX-433573875b:PST.3MSG>PST.2MSG	train
LX-433573875b:PST.3MSG>PST.3FSG	train
LX-433573875b:PST.3MSG>PST.3PL	train
LX-434ead63cf:PST.3MSG>PST.1PL	train
LX-434ead63cf:PST.3MSG>PST.1SG	train
LX-434ead63cf:PST.3MSG>PST.2FPL	train
LX-434ead63cf:PST.3MSG>PST.2FSG	train
LX-434ead63cf:PST.3MSG>PST.2MPL	train
LX-434ead63cf:PST.3MSG>PST.2MSG	train
LX-434ead63cf:PST.3MSG>PST.3FSG	train
LX-434ead63cf:PST.3MSG>PST.3PL	train
LX-435ebe95bf:PST.3MSG>PST.1PL	train
LX-435ebe95bf:PST.3MSG>PST.1SG	train
LX-435ebe95bf:PST.3MSG>PST.2FPL	train
LX-435ebe95bf:PST.3MSG>PST.2FSG	train
LX-435ebe95bf:PST.3MSG>PST.2MPL	train
LX-435ebe95bf:PST.3MSG>PST.2MSG	train
LX-435ebe95bf:PST.3MSG>PST.3FSG	train
LX-435ebe95bf:PST.3MSG>PST.3PL	train
LX-43b63e2ddb:PST.3MSG>PST.1PL	train
LX-43b63e2ddb:PST.3MSG>PST.1SG	train
LX-43b63e2ddb:PST.3MSG>PST.2FPL	train
LX-43b63e2ddb:PST.3MSG>PST.2FSG	train
LX-43b63e2ddb:PST.3MSG>PST.2MPL	train
LX-43b63e2ddb:PST.3MSG>PST.2MSG	train
LX-43b63e2ddb:PST.3MSG>PST.3FSG	train
LX-43b63e2ddb:PST.3MSG>PST.3PL	train
LX-4474e9fa7e:PST.3MSG>PST.1PL	train
LX-4474e9fa7e:PST.3MSG>PST.1SG	train
LX-4474e9fa7e:PST.3MSG>PST.2FPL	train
LX-4474e9fa7e:PST.3MSG>PST.2FSG	train
LX-4474e9fa7e:PST.3MSG>PST.2MPL	train
LX-4474e9fa7e:PST.3MSG>PST.2MSG	train
LX-4474e9fa7e:PST.3MSG>PST.3FSG	train
LX-4474e9fa7e:PST.3MSG>PST.3PL	train
LX-45354b3bf0:PST.3MSG>PST.1PL	train
LX-45354b3bf0:PST.3MSG>PST.1SG	train
LX-45354b3bf0:PST.3MSG>PST.2FPL	train
LX-45354b3bf0:PST.3MSG>PST.2FSG	train
LX-45354b3bf0:PST.3MSG>PST.2MPL	train
LX-45354b3bf0:PST.3MSG>PST.2MSG	train
LX-45354b3bf0:PST.3MSG>PST.3FSG	train
LX-45354b3bf0:PST.3MSG>PST.3PL	train
LX-461c9f230b:PST.3MSG>PST.1PL	train
LX-461c9f230b:PST.3MSG>PST.1SG	train
LX-461c9f230b:PST.3MSG>PST.2FPL	train
LX-461c9f230b:PST.3MSG>PST.2FSG	train
LX-461c9f230b:PST.3MSG>PST.2MPL	train
LX-461c9f230b:PST.3MSG>PST.2MSG	train
LX-461c9f230b:PST.3MSG>PST.3FSG	train
LX-461c9f230b:PST.3MSG>PST.3PL	train
LX-473dcf4ef6:PST.3MSG>PST.1PL	train
LX-473dcf4ef6:PST.3MSG>PST.1SG	train
LX-473dcf4ef6:PST.3MSG>PST.2FPL	train
LX-473dcf4ef6:PST.3MSG>PST.2FSG	train
LX-473dcf4ef6:PST.3MSG>PST.2MPL	train
LX-473dcf4ef6:PST.3MSG>PST.2MSG	train
LX-473dcf4ef6:PST.3MSG>PST.3FSG	train
LX-473dcf4ef6:PST.3MSG>PST.3PL	train
LX-47b371ce9e:PST.3MSG>PST.1PL	train
LX-47b371ce9e:PST.3MSG>PST.1SG	train
LX-47b371ce9e:PST.3MSG>PST.2FPL	train
LX-47b371ce9e:PST.3MSG>PST.2FSG	train
LX-47b371ce9e:PST.3MSG>PST.2MPL	train
LX-47b371ce9e:PST.3MSG>PST.2MSG	train
LX-47b371ce9e:PST.3MSG>PST.3FSG	train
LX-47b371ce9e:PST.3MSG>PST.3PL	train
LX-482803b73d:PST.3MSG>PST.1PL	train
LX-482803b73d:PST.3MSG>PST.1SG	train
LX-482803b73d:PST.3MSG>PST.2FPL	train
LX-482803b73d:PST.3MSG>PST.2FSG	train
LX-482803b73d:PST.3MSG>PST.2MPL	train
LX-482803b73d:PST.3MSG>PST.2MSG	train
LX-482803b73d:PST.3MSG>PST.3FSG	train
LX-482803b73d:PST.3MSG>PST.3PL	train
LX-488a06c074:PST.3MSG>PST.1PL	train
LX-488a06c074:PST.3MSG>PST.1SG	train
LX-488a06c074:PST.3MSG>PST.2FPL	train
LX-488a06c074:PST.3MSG>PST.2FSG	train
LX-488a06c074:PST.3MSG>PST.2MPL	train
LX-488a06c074:PST.3MSG>PST.2MSG	train
LX-488a06c074:PST.3MSG>PST.3FSG	train
LX-488a06c074:PST.3MSG>PST.3PL	train
LX-49713c0a65:PST.3MSG>PST.1PL	train
LX-49713c0a65:PST.3MSG>PST.1SG	train
LX-49713c0a65:PST.3MSG>PST.2FPL	train
LX-49713c0a65:PST.3MSG>PST.2FSG	train
LX-49713c0a65:PST.3MSG>PST.2MPL	train
LX-49713c0a65:PST.3MSG>PST.2MSG	train
LX-49713c0a65:PST.3MSG>PST.3FSG	train
LX-49713c0a65:PST.3MSG>PST.3PL	train
LX-49fd01dc9c:PST.3MSG>PST.1PL	train
LX-49fd01dc9c:PST.3MSG>PST.1SG	train
LX-49fd01dc9c:PST.3MSG>PST.2FPL	train
LX-49fd01dc9c:PST.3MSG>PST.2FSG	train
LX-49fd01dc9c:PST.3MSG>PST.2MPL	train
LX-49fd01dc9c:PST.3MSG>PST.2MSG	train
LX-49fd01dc9c:PST.3MSG>PST.3FSG	train
LX-49fd01dc9c:PST.3MSG>PST.3PL	train
LX-4a74ca1f24:PST.3MSG>PST.1PL	train
LX-4a74ca1f24:PST.3MSG>PST.1SG	train
LX-4a74ca1f24:PST.3MSG>PST.2FPL	train
LX-4a74ca1f24:PST.3MSG>PST.2FSG	train
LX-4a74ca1f24:PST.3MSG>PST.2MPL	train
LX-4a74ca1f24:PST.3MSG>PST.2MSG	train
LX-4a74ca1f24:PST.3MSG>PST.3FSG	train
LX-4a74ca1f24:PST.3MSG>PST.3PL	train
LX-4ac10ca2bd:PST.3MSG>PST.1PL	train
LX-4ac10ca2bd:PST.3MSG>PST.1SG	train
LX-4ac10ca2bd:PST.3MSG>PST.2FPL	train
LX-4ac10ca2bd:PST.3MSG>PST.2FSG	train
LX-4ac10ca2bd:PST.3MSG>PST.2MPL	train
LX-4ac10ca2bd:PST.3MSG>PST.2MSG	train
LX-4ac10ca2bd:PST.3MSG>PST.3FSG	train
LX-4ac10ca2bd:PST.3MSG>PST.3PL	train
LX-4d2ff493ca:PST.3MSG>PST.1PL	train
LX-4d2ff493ca:PST.3MSG>PST.1SG	train
LX-4d2ff493ca:PST.3MSG>PST.2FPL	train
LX-4d2ff493ca:PST.3MSG>PST.2FSG	train
LX-4d2ff493ca:PST.3MSG>PST.2MPL	train
LX-4d2ff493ca:PST.3MSG>PST.2MSG	train
LX-4d2ff493ca:PST.3MSG>PST.3FSG	train
LX-4d2ff493ca:PST.3MSG>PST.3PL	train
LX-4d5a535508:PST.3MSG>PST.1PL	train
LX-4d5a535508:PST.3MSG>PST.1SG	train
LX-4d5a535508:PST.3MSG>PST.2FPL	train
LX-4d5a535508:PST.3MSG>PST.2FSG	train
LX-4d5a535508:PST.3MSG>PST.2MPL	train
LX-4d5a535508:PST.3MSG>PST.2MSG	train
LX-4d5a535508:PST.3MSG>PST.3FSG	train
LX-4d5a535508:PST.3MSG>PST.3PL	train
LX-4dbe934641:PST.3MSG>PST.1PL	train
LX-4dbe934641:PST.3MSG>PST.1SG	train
LX-4dbe934641:PST.3MSG>PST.2FPL	train
LX-4dbe934641:PST.3MSG>PST.2FSG	train
LX-4dbe934641:PST.3MSG>PST.2MPL	train
LX-4dbe934641:PST.3MSG>PST.2MSG	train
LX-4dbe934641:PST.3MSG>PST.3FSG	train
LX-4dbe934641:PST.3MSG>PST.3PL	train
LX-559749a19d:PST.3MSG>PST.1PL	train
LX-559749a19d:PST.3MSG>PST.1SG	train
LX-559749a19d:PST.3MSG>PST.2FPL	train
LX-559749a19d:PST.3MSG>PST.2FSG	train
LX-559749a19d:PST.3MSG>PST.2MPL	train
LX-559749a19d:PST.3MSG>PST.2MSG	train
LX-559749a19d:PST.3MSG>PST.3FSG	train
LX-559749a19d:PST.3MSG>PST.3PL	train
LX-58393261d6:PST.3MSG>PST.1PL	train
LX-58393261d6:PST.3MSG>PST.1SG	train
LX-58393261d6:PST.3MSG>PST.2FPL	train
LX-58393261d6:PST.3MSG>PST.2FSG	train
LX-58393261d6:PST.3MSG>PST.2MPL	train
LX-58393261d6:PST.3MSG>PST.2MSG	train
LX-58393261d6:PST.3MSG>PST.3FSG	train
LX-58393261d6:PST.3MSG>PST.3PL	train
LX-5a23bf0684:PST.3MSG>PST.1PL	train
LX-5a23bf0684:PST.3MSG>PST.1SG	train
LX-5a23bf0684:PST.3MSG>PST.2FPL	train
LX-5a23bf0684:PST.3MSG>PST.2FSG	train
LX-5a23bf0684:PST.3MSG>PST.2MPL	train
LX-5a23bf0684:PST.3MSG>PST.2MSG	train
LX-5a23bf0684:PST.3MSG>PST.3FSG	train
LX-5a23bf0684:PST.3MSG>PST.3PL	train
LX-5a46a5b300:PST.3MSG>PST.1PL	train
LX-5a46a5b300:PST.3MSG>PST.1SG	train
LX-5a46a5b300:PST.3MSG>PST.2FPL	train
LX-5a46a5b300:PST.3MSG>PST.2FSG	train
LX-5a46a5b300:PST.3MSG>PST.2MPL	train
LX-5a46a5b300:PST.3MSG>PST.2MSG	train
LX-5a46a5b300:PST.3MSG>PST.3FSG	train
LX-5a46a5b300:PST.3MSG>PST.3PL	train
LX-5a85c74caf:PST.3MSG>PST.1PL	train
LX-5a85c74caf:PST.3MSG>PST.1SG	train
LX-5a85c74caf:PST.3MSG>PST.2FPL	train
LX-5a85c74caf:PST.3MSG>PST.2FSG	train
LX-5a85c74caf:PST.3MSG>PST.2MPL	train
LX-5a85c74caf:PST.3MSG>PST.2MSG	train
LX-5a85c74caf:PST.3MSG>PST.3FSG	train
LX-5a85c74caf:PST.3MSG>PST.3PL	train
LX-5a876c8f8f:PST.3MSG>PST.1PL	train
LX-5a876c8f8f:PST.3MSG>PST.1SG	train
LX-5a876c8f8f:PST.3MSG>PST.2FPL	train
LX-5a876c8f8f:PST.3MSG>PST.2FSG	train
LX-5a876c8f8f:PST.3MSG>PST.2MPL	train
LX-5a876c8f8f:PST.3MSG>PST.2MSG	train
LX-5a876c8f8f:PST.3MSG>PST.3FSG	train
LX-5a876c8f8f:PST.3MSG>PST.3PL	train
LX-5bafca005d:PST.3MSG>PST.1PL	train
LX-5bafca005d:PST.3MSG>PST.1SG	train
LX-5bafca005d:PST.3MSG>PST.2FPL	train
LX-5bafca005d:PST.3MSG>PST.2FSG	train
LX-5bafca005d:PST.3MSG>PST.2MPL	train
LX-5bafca005d:PST.3MSG>PST.2MSG	train
LX-5bafca005d:PST.3MSG>PST.3FSG	train
LX-5bafca005d:PST.3MSG>PST.3PL	train
LX-5f3a36b9a2:PST.3MSG>PST.1PL	train
LX-5f3a36b9a2:PST.3MSG>PST.1SG	train
LX-5f3a36b9a2:PST.3MSG>PST.2FPL	train
LX-5f3a36b9a2:PST.3MSG>PST.2FSG	train
LX-5f3a36b9a2:PST.3MSG>PST.2MPL	train
LX-5f3a36b9a2:PST.3MSG>PST.2MSG	train
LX-5f3a36b9a2:PST.3MSG>PST.3FSG	train
LX-5f3a36b9a2:PST.3MSG>PST.3PL	train
LX-605a42ce47:PST.3MSG>PST.1PL	train
LX-605a42ce47:PST.3MSG>PST.1SG	train
LX-605a42ce47:PST.3MSG>PST.2FPL	train
LX-605a42ce47:PST.3MSG>PST.2FSG	train
LX-605a42ce47:PST.3MSG>PST.2MPL	train
LX-605a42ce47:PST.3MSG>PST.2MSG	train
LX-605a42ce47:PST.3MSG>PST.3FSG	train
LX-605a42ce47:PST.3MSG>PST.3PL	train
LX-60f0688ef8:PST.3MSG>PST.1PL	train
LX-60f0688ef8:PST.3MSG>PST.1SG	train
LX-60f0688ef8:PST.3MSG>PST.2FPL	train
LX-60f0688ef8:PST.3MSG>PST.2FSG	train
LX-60f0688ef8:PST.3MSG>PST.2MPL	train
LX-60f0688ef8:PST.3MSG>PST.2MSG	train
LX-60f0688ef8:PST.3MSG>PST.3FSG	train
LX-60f0688ef8:PST.3MSG>PST.3PL	train
LX-616836a354:PST.3MSG>PST.1PL	train
LX-616836a354:PST.3MSG>PST.1SG	train
LX-616836a354:PST.3MSG>PST.2FPL	train
LX-616836a354:PST.3MSG>PST.2FSG	train
LX-616836a354:PST.3MSG>PST.2MPL	train
LX-616836a354:PST.3MSG>PST.2MSG	train
LX-616836a354:PST.3MSG>PST.3FSG	train
LX-616836a354:PST.3MSG>PST.3PL	train
LX-6302ea5da3:PST.3MSG>PST.1PL	train
LX-6302ea5da3:PST.3MSG>PST.1SG	train
LX-6302ea5da3:PST.3MSG>PST.2FPL	train
LX-6302ea5da3:PST.3MSG>PST.2FSG	train
LX-6302ea5da3:PST.3MSG>PST.2MPL	train
LX-6302ea5da3:PST.3MSG>PST.2MSG	train
LX-6302ea5da3:PST.3MSG>PST.3FSG	train
LX-6302ea5da3:PST.3MSG>PST.3PL	train
LX-63942d7ff8:PST.3MSG>PST.1PL	train
LX-63942d7ff8:PST.3MSG>PST.1SG	train
LX-63942d7ff8:PST.3MSG>PST.2FPL	train
LX-63942d7ff8:PST.3MSG>PST.2FSG	train
LX-63942d7ff8:PST.3MSG>PST.2MPL	train
LX-63942d7ff8:PST.3MSG>PST.2MSG	train
LX-63942d7ff8:PST.3MSG>PST.3FSG	train
LX-63942d7ff8:PST.3MSG>PST.3PL	train
LX-64be2b7b0e:PST.3MSG>PST.1PL	train
LX-64be2b7b0e:PST.3MSG>PST.1SG	train
LX-64be2b7b0e:PST.3MSG>PST.2FPL	train
LX-64be2b7b0e:PST.3MSG>PST.2FSG	train
LX-64be2b7b0e:PST.3MSG>PST.2MPL	train
LX-64be2b7b0e:PST.3MSG>PST.2MSG	train
LX-64be2b7b0e:PST.3MSG>PST.3FSG	train
LX-64be2b7b0e:PST.3MSG>PST.3PL	train
LX-662bb44764:PST.3MSG>PST.1PL	train
LX-662bb44764:PST.3MSG>PST.1SG	train
LX-662bb44764:PST.3MSG>PST.2FPL	train
LX-662bb44764:PST.3MSG>PST.2FSG	train
LX-662bb44764:PST.3MSG>PST.2MPL	train
LX-662bb44764:PST.3MSG>PST.2MSG	train
LX-662bb44764:PST.3MSG>PST.3FSG	train
LX-662bb44764:PST.3MSG>PST.3PL	train
LX-6777e52d42:PST.3MSG>PST.1PL	train
LX-6777e52d42:PST.3MSG>PST.1SG	train
LX-6777e52d42:PST.3MSG>PST.2FPL	train
LX-6777e52d42:PST.3MSG>PST.2FSG	train
LX-6777e52d42:PST.3MSG>PST.2MPL	train
LX-6777e52d42:PST.3MSG>PST.2MSG	train
LX-6777e52d42:PST.3MSG>PST.3FSG	train
LX-6777e52d42:PST.3MSG>PST.3PL	train
LX-6a29cabe35:PST.3MSG>PST.1PL	train
LX-6a29cabe35:PST.3MSG>PST.1SG	train
LX-6a29cabe35:PST.3MSG>PST.2FPL	train
LX-6a29cabe35:PST.3MSG>PST.2FSG	train
LX-6a29cabe35:PST.3MSG>PST.2MPL	train
LX-6a29cabe35:PST.3MSG>PST.2MSG	train
LX-6a29cabe35:PST.3MSG>PST.3FSG	train
LX-6a29cabe35:PST.3MSG>PST.3PL	train
LX-6b869159a4:PST.3MSG>PST.1PL	train
LX-6b869159a4:PST.3MSG>PST.1SG	train
LX-6b869159a4:PST.3MSG>PST.2FPL	train
LX-6b869159a4:PST.3MSG>PST.2FSG	train
LX-6b869159a4:PST.3MSG>PST.2MPL	train
LX-6b869159a4:PST.3MSG>PST.2MSG	train
LX-6b869159a4:PST.3MSG>PST.3FSG	train
LX-6b869159a4:PST.3MSG>PST.3PL	train
LX-6d31183415:PST.3MSG>PST.1PL	train
LX-6d31183415:PST.3MSG>PST.1SG	train
LX-6d31183415:PST.3MSG>PST.2FPL	train
LX-6d31183415:PST.3MSG>PST.2FSG	train
LX-6d31183415:PST.3MSG>PST.2MPL	train
LX-6d31183415:PST.3MSG>PST.2MSG	train
LX-6d31183415:PST.3MSG>PST.3FSG	train
LX-6d31183415:PST.3MSG>PST.3PL	train
LX-6d612f84c0:PST.3MSG>PST.1PL	train
LX-6d612f84c0:PST.3MSG>PST.1SG	train
LX-6d612f84c0:PST.3MSG>PST.2FPL	train
LX-6d612f84c0:PST.3MSG>PST.2FSG	train
LX-6d612f84c0:PST.3MSG>PST.2MPL	train
LX-6d612f84c0:PST.3MSG>PST.2MSG	train
LX-6d612f84c0:PST.3MSG>PST.3FSG	train
LX-6d612f84c0:PST.3MSG>PST.3PL	train
LX-6e20d2b2c4:PST.3MSG>PST.1PL	train
LX-6e20d2b2c4:PST.3MSG>PST.1SG	train
LX-6e20d2b2c4:PST.3MSG>PST.2FPL	train
LX-6e20d2b2c4:PST.3MSG>PST.2FSG	train
LX-6e20d2b2c4:PST.3MSG>PST.2MPL	train
LX-6e20d2b2c4:PST.3MSG>PST.2MSG	train
LX-6e20d2b2c4:PST.3MSG>PST.3FSG	train
LX-6e20d2b2c4:PST.3MSG>PST.3PL	train
LX-6ed9158543:PST.3MSG>PST.1PL	train
LX-6ed9158543:PST.3MSG>PST.1SG	train
LX-6ed9158543:PST.3MSG>PST.2FPL	train
LX-6ed9158543:PST.3MSG>PST.2FSG	train
LX-6ed9158543:PST.3MSG>PST.2MPL	train
LX-6ed9158543:PST.3MSG>PST.2MSG	train
LX-6ed9158543:PST.3MSG>PST.3FSG	train
LX-6ed9158543:PST.3MSG>PST.3PL	train
LX-70571d1b99:PST.3MSG>PST.1PL	train
LX-70571d1b99:PST.3MSG>PST.1SG	train
LX-70571d1b99:PST.3MSG>PST.2FPL	train
LX-70571d1b99:PST.3MSG>PST.2FSG	train
LX-70571d1b99:PST.3MSG>PST.2MPL	train
LX-70571d1b99:PST.3MSG>PST.2MSG	train
LX-70571d1b99:PST.3MSG>PST.3FSG	train
LX-70571d1b99:PST.3MSG>PST.3PL	train
LX-71245d7de6:PST.3MSG>PST.1PL	train
LX-71245d7de6:PST.3MSG>PST.1SG	train
LX-71245d7de6:PST.3MSG>PST.2FPL	train
LX-71245d7de6:PST.3MSG>PST.2FSG	train
LX-71245d7de6:PST.3MSG>PST.2MPL	train
LX-71245d7de6:PST.3MSG>PST.2MSG	train
LX-71245d7de6:PST.3MSG>PST.3FSG	train
LX-71245d7de6:PST.3MSG>PST.3PL	train
LX-72853ec929:PST.3MSG>PST.1PL	train
LX-72853ec929:PST.3MSG>PST.1SG	train
LX-72853ec929:PST.3MSG>PST.2FPL	train
LX-72853ec929:PST.3MSG>PST.2FSG	train
LX-72853ec929:PST.3MSG>PST.2MPL	train
LX-72853ec929:PST.3MSG>PST.2MSG	train
LX-72853ec929:PST.3MSG>PST.3FSG	train
LX-72853ec929:PST.3MSG>PST.3PL	train
LX-731f551e05:PST.3MSG>PST.1PL	train
LX-731f551e05:PST.3MSG>PST.1SG	train
LX-731f551e05:PST.3MSG>PST.2FPL	train
LX-731f551e05:PST.3MSG>PST.2FSG	train
LX-731f551e05:PST.3MSG>PST.2MPL	train
LX-731f551e05:PST.3MSG>PST.2MSG	train
LX-731f551e05:PST.3MSG>PST.3FSG	train
LX-731f551e05:PST.3MSG>PST.3PL	train
LX-76478197e3:PST.3MSG>PST.1PL	train
LX-76478197e3:PST.3MSG>PST.1SG	train
LX-76478197e3:PST.3MSG>PST.2FPL	train
LX-76478197e3:PST.3MSG>PST.2FSG	train
LX-76478197e3:PST.3MSG>PST.2MPL	train
LX-76478197e3:PST.3MSG>PST.2MSG	train
LX-76478197e3:PST.3MSG>PST.3FSG	train
LX-76478197e3:PST.3MSG>PST.3PL	train
LX-769de717f6:PST.3MSG>PST.1PL	train
LX-769de717f6:PST.3MSG>PST.1SG	train
LX-769de717f6:PST.3MSG>PST.2FPL	train
LX-769de717f6:PST.3MSG>PST.2FSG	train
LX-769de717f6:PST.3MSG>PST.2MPL	train
LX-769de717f6:PST.3MSG>PST.2MSG	train
LX-769de717f6:PST.3MSG>PST.3FSG	train
LX-769de717f6:PST.3MSG>PST.3PL	train
LX-774bf3792c:PST.3MSG>PST.1PL	train
LX-774bf3792c:PST.3MSG>PST.1SG	train
LX-774bf3792c:PST.3MSG>PST.2FPL	train
LX-774bf3792c:PST.3MSG>PST.2FSG	train
LX-774bf3792c:PST.3MSG>PST.2MPL	train
LX-774bf3792c:PST.3MSG>PST.2MSG	train
LX-774bf3792c:PST.3MSG>PST.3FSG	train
LX-774bf3792c:PST.3MSG>PST.3PL	train
LX-779190b49f:PST.3MSG>PST.1PL	train
LX-779190b49f:PST.3MSG>PST.1SG	train
LX-779190b49f:PST.3MSG>PST.2FPL	train
LX-779190b49f:PST.3MSG>PST.2FSG	train
LX-779190b49f:PST.3MSG>PST.2MPL	train
LX-779190b49f:PST.3MSG>PST.2MSG	train
LX-779190b49f:PST.3MSG>PST.3FSG	train
LX-779190b49f:PST.3MSG>PST.3PL	train
LX-7c7f91a4b8:PST.3MSG>PST.1PL	train
LX-7c7f91a4b8:PST.3MSG>PST.1SG	train
LX-7c7f91a4b8:PST.3MSG>PST.2FPL	train
LX-7c7f91a4b8:PST.3MSG>PST.2FSG	train
LX-7c7f91a4b8:PST.3MSG>PST.2MPL	train
LX-7c7f91a4b8:PST.3MSG>PST.2MSG	train
LX-7c7f91a4b8:PST.3MSG>PST.3FSG	train
LX-7c7f91a4b8:PST.3MSG>PST.3PL	train
LX-7d453cb28b:PST.3MSG>PST.1PL	train
LX-7d453cb28b:PST.3MSG>PST.1SG	train
LX-7d453cb28b:PST.3MSG>PST.2FPL	train
LX-7d453cb28b:PST.3MSG>PST.2FSG	train
LX-7d453cb28b:PST.3MSG>PST.2MPL	train
LX-7d453cb28b:PST.3MSG>PST.2MSG	train
LX-7d453cb28b:PST.3MSG>PST.3FSG	train
LX-7d453cb28b:PST.3MSG>PST.3PL	train
LX-80738017ef:PST.3MSG>PST.1PL	train
LX-80738017ef:PST.3MSG>PST.1SG	train
LX-80738017ef:PST.3MSG>PST.2FPL	train
LX-80738017ef:PST.3MSG>PST.2FSG	train
LX-80738017ef:PST.3MSG>PST.2MPL	train
LX-80738017ef:PST.3MSG>PST.2MSG	train
LX-80738017ef:PST.3MSG>PST.3FSG	train
LX-80738017ef:PST.3MSG>PST.3PL	train
LX-8090a02b0a:PST.3MSG>PST.1PL	train
LX-8090a02b0a:PST.3MSG>PST.1SG	train
LX-8090a02b0a:PST.3MSG>PST.2FPL	train
LX-8090a02b0a:PST.3MSG>PST.2FSG	train
LX-8090a02b0a:PST.3MSG>PST.2MPL	train
LX-8090a02b0a:PST.3MSG>PST.2MSG	train
LX-8090a02b0a:PST.3MSG>PST.3FSG	train
LX-8090a02b0a:PST.3MSG>PST.3PL	train
LX-819d01186a:PST.3MSG>PST.1PL	train
LX-819d01186a:PST.3MSG>PST.1SG	train
LX-819d01186a:PST.3MSG>PST.2FPL	train
LX-819d01186a:PST.3MSG>PST.2FSG	train
LX-819d01186a:PST.3MSG>PST.2MPL	train
LX-819d01186a:PST.3MSG>PST.2MSG	train
LX-819d01186a:PST.3MSG>PST.3FSG	train
LX-819d01186a:PST.3MSG>PST.3PL	train
LX-83bd88989a:PST.3MSG>PST.1PL	train
LX-83bd88989a:PST.3MSG>PST.1SG	train
LX-83bd88989a:PST.3MSG>PST.2FPL	train
LX-83bd88989a:PST.3MSG>PST.2FSG	train
LX-83bd88989a:PST.3MSG>PST.2MPL	train
LX-83bd88989a:PST.3MSG>PST.2MSG	train
LX-83bd88989a:PST.3MSG>PST.3FSG	train
LX-83bd88989a:PST.3MSG>PST.3PL	train
LX-85351b2f42:PST.3MSG>PST.1PL	train
LX-85351b2f42:PST.3MSG>PST.1SG	train
LX-85351b2f42:PST.3MSG>PST.2FPL	train
LX-85351b2f42:PST.3MSG>PST.2FSG	train
LX-85351b2f42:PST.3MSG>PST.2MPL	train
LX-85351b2f42:PST.3MSG>PST.2MSG	train
LX-85351b2f42:PST.3MSG>PST.3FSG	train
LX-85351b2f42:PST.3MSG>PST.3PL	train
LX-870b26ad1b:PST.3MSG>PST.1PL	train
LX-870b26ad1b:PST.3MSG>PST.1SG	train
LX-870b26ad1b:PST.3MSG>PST.2FPL	train
LX-870b26ad1b:PST.3MSG>PST.2FSG	train
LX-870b26ad1b:PST.3MSG>PST.2MPL	train
LX-870b26ad1b:PST.3MSG>PST.2MSG	train
LX-870b26ad1b:PST.3MSG>PST.3FSG	train
LX-870b26ad1b:PST.3MSG>PST.3PL	train
LX-8748f07a1a:PST.3MSG>PST.1PL	train
LX-8748f07a1a:PST.3MSG>PST.1SG	train
LX-8748f07a1a:PST.3MSG>PST.2FPL	train
LX-8748f07a1a:PST.3MSG>PST.2FSG	train
LX-8748f07a1a:PST.3MSG>PST.2MPL	train
LX-8748f07a1a:PST.3MSG>PST.2MSG	train
LX-8748f07a1a:PST.3MSG>PST.3FSG	train
LX-8748f07a1a:PST.3MSG>PST.3PL	train
LX-89f498bc79:PST.3MSG>PST.1PL	train
LX-89f498bc79:PST.3MSG>PST.1SG	train
LX-89f498bc79:PST.3MSG>PST.2FPL	train
LX-89f498bc79:PST.3MSG>PST.2FSG	train
LX-89f498bc79:PST.3MSG>PST.2MPL	train
LX-89f498bc79:PST.3MSG>PST.2MSG	train
LX-89f498bc79:PST.3MSG>PST.3FSG	train
LX-89f498bc79:PST.3MSG>PST.3PL	train
LX-8bd5392093:PST.3MSG>PST.1PL	train
LX-8bd5392093:PST.3MSG>PST.1SG	train
LX-8bd5392093:PST.3MSG>PST.2FPL	train
LX-8bd5392093:PST.3MSG>PST.2FSG	train
LX-8bd5392093:PST.3MSG>PST.2MPL	train
LX-8bd5392093:PST.3MSG>PST.2MSG	train
LX-8bd5392093:PST.3MSG>PST.3FSG	train
LX-8bd5392093:PST.3MSG>PST.3PL	train
LX-8e9c369990:PST.3MSG>PST.1PL	train
LX-8e9c369990:PST.3MSG>PST.1SG	train
LX-8e9c369990:PST.3MSG>PST.2FPL	train
LX-8e9c369990:PST.3MSG>PST.2FSG	train
LX-8e9c369990:PST.3MSG>PST.2MPL	train
LX-8e9c369990:PST.3MSG>PST.2MSG	train
LX-8e9c369990:PST.3MSG>PST.3FSG	train
LX-8e9c369990:PST.3MSG>PST.3PL	train
LX-8f1e02a14f:PST.3MSG>PST.1PL	train
LX-8f1e02a14f:PST.3MSG>PST.1SG	train
LX-8f1e02a14f:PST.3MSG>PST.2FPL	train
LX-8f1e02a14f:PST.3MSG>PST.2FSG	train
LX-8f1e02a14f:PST.3MSG>PST.2MPL	train
LX-8f1e02a14f:PST.3MSG>PST.2MSG	train
LX-8f1e02a14f:PST.3MSG>PST.3FSG	train
LX-8f1e02a14f:PST.3MSG>PST.3PL	train
LX-8f40a0b7e1:PST.3MSG>PST.1PL	train
LX-8f40a0b7e1:PST.3MSG>PST.1SG	train
LX-8f40a0b7e1:PST.3MSG>PST.2FPL	train
LX-8f40a0b7e1:PST.3MSG>PST.2FSG	train
LX-8f40a0b7e1:PST.3MSG>PST.2MPL	train
LX-8f40a0b7e1:PST.3MSG>PST.2MSG	train
LX-8f40a0b7e1:PST.3MSG>PST.3FSG	train
LX-8f40a0b7e1:PST.3MSG>PST.3PL	train
LX-8f51ad5f53:PST.3MSG>PST.1PL	train
LX-8f51ad5f53:PST.3MSG>PST.1SG	train
LX-8f51ad5f53:PST.3MSG>PST.2FPL	train
LX-8f51ad5f53:PST.3MSG>PST.2FSG	train
LX-8f51ad5f53:PST.3MSG>PST.2MPL	train
LX-8f51ad5f53:PST.3MSG>PST.2MSG	train
LX-8f51ad5f53:PST.3MSG>PST.3FSG	train
LX-8f51ad5f53:PST.3MSG>PST.3PL	train
LX-8ffa519081:PST.3MSG>PST.1PL	train
LX-8ffa519081:PST.3MSG>PST.1SG	train
LX-8ffa519081:PST.3MSG>PST.2FPL	train
LX-8ffa519081:PST.3MSG>PST.2FSG	train
LX-8ffa519081:PST.3MSG>PST.2MPL	train
LX-8ffa519081:PST.3MSG>PST.2MSG	train
LX-8ffa519081:PST.3MSG>PST.3FSG	train
LX-8ffa519081:PST.3MSG>PST.3PL	train
LX-90e15d9d06:PST.3MSG>PST.1PL	train
LX-90e15d9d06:PST.3MSG>PST.1SG	train
LX-90e15d9d06:PST.3MSG>PST.2FPL	train
LX-90e15d9d06:PST.3MSG>PST.2FSG	train
LX-90e15d9d06:PST.3MSG>PST.2MPL	train
LX-90e15d9d06:PST.3MSG>PST.2MSG	train
LX-90e15d9d06:PST.3MSG>PST.3FSG	train
LX-90e15d9d06:PST.3MSG>PST.3PL	train
LX-929dec664d:PST.3MSG>PST.1PL	train
LX-929dec664d:PST.3MSG>PST.1SG	train
LX-929dec664d:PST.3MSG>PST.2FPL	train
LX-929dec664d:PST.3MSG>PST.2FSG	train
LX-929dec664d:PST.3MSG>PST.2MPL	train
LX-929dec664d:PST.3MSG>PST.2MSG	train
LX-929dec664d:PST.3MSG>PST.3FSG	train
LX-929dec664d:PST.3MSG>PST.3PL	train
LX-93aad878fe:PST.3MSG>PST.1PL	train
LX-93aad878fe:PST.3MSG>PST.1SG	train
LX-93aad878fe:PST.3MSG>PST.2FPL	train
LX-93aad878fe:PST.3MSG>PST.2FSG	train
LX-93aad878fe:PST.3MSG>PST.2MPL	train
LX-93aad878fe:PST.3MSG>PST.2MSG	train
LX-93aad878fe:PST.3MSG>PST.3FSG	train
LX-93aad878fe:PST.3MSG>PST.3PL	train
LX-94279da3a4:PST.3MSG>PST.1PL	train
LX-94279da3a4:PST.3MSG>PST.1SG	train
LX-94279da3a4:PST.3MSG>PST.2FPL	train
LX-94279da3a4:PST.3MSG>PST.2FSG	train
LX-94279da3a4:PST.3MSG>PST.2MPL	train
LX-94279da3a4:PST.3MSG>PST.2MSG	train
LX-94279da3a4:PST.3MSG>PST.3FSG	train
LX-94279da3a4:PST.3MSG>PST.3PL	train
LX-966fe7f207:PST.3MSG>PST.1PL	train
LX-966fe7f207:PST.3MSG>PST.1SG	train
LX-966fe7f207:PST.3MSG>PST.2FPL	train
LX-966fe7f207:PST.3MSG>PST.2FSG	train
LX-966fe7f207:PST.3MSG>PST.2MPL	train
LX-966fe7f207:PST.3MSG>PST.2MSG	train
LX-966fe7f207:PST.3MSG>PST.3FSG	train
LX-966fe7f207:PST.3MSG>PST.3PL	train
LX-97151a7cb5:PST.3MSG>PST.1PL	train
LX-97151a7cb5:PST.3MSG>PST.1SG	train
LX-97151a7cb5:PST.3MSG>PST.2FPL	train
LX-97151a7cb5:PST.3MSG>PST.2FSG	train
LX-97151a7cb5:PST.3MSG>PST.2MPL	train
LX-97151a7cb5:PST.3MSG>PST.2MSG	train
LX-97151a7cb5:PST.3MSG>PST.3FSG	train
LX-97151a7cb5:PST.3MSG>PST.3PL	train
LX-971f876f7b:PST.3MSG>PST.1PL	train
LX-971f876f7b:PST.3MSG>PST.1SG	train
LX-971f876f7b:PST.3MSG>PST.2FPL	train
LX-971f876f7b:PST.3MSG>PST.2FSG	train
LX-971f876f7b:PST.3MSG>PST.2MPL	train
LX-971f876f7b:PST.3MSG>PST.2MSG	train
LX-971f876f7b:PST.3MSG>PST.3FSG	train
LX-971f876f7b:PST.3MSG>PST.3PL	train
LX-993161330e:PST.3MSG>PST.1PL	train
LX-993161330e:PST.3MSG>PST.1SG	train
LX-993161330e:PST.3MSG>PST.2FPL	train
LX-993161330e:PST.3MSG>PST.2FSG	train
LX-993161330e:PST.3MSG>PST.2MPL	train
LX-993161330e:PST.3MSG>PST.2MSG	train
LX-993161330e:PST.3MSG>PST.3FSG	train
LX-993161330e:PST.3MSG>PST.3PL	train
LX-9951edac18:PST.3MSG>PST.1PL	train
LX-9951edac18:PST.3MSG>PST.1SG	train
LX-9951edac18:PST.3MSG>PST.2FPL	train
LX-9951edac18:PST.3MSG>PST.2FSG	train
LX-9951edac18:PST.3MSG>PST.2MPL	train
LX-9951edac18:PST.3MSG>PST.2MSG	train
LX-9951edac18:PST.3MSG>PST.3FSG	train
LX-9951edac18:PST.3MSG>PST.3PL	train
LX-9f68f0332b:PST.3MSG>PST.1PL	train
LX-9f68f0332b:PST.3MSG>PST.1SG	train
LX-9f68f0332b:PST.3MSG>PST.2FPL	train
LX-9f68f0332b:PST.3MSG>PST.2FSG	train
LX-9f68f0332b:PST.3MSG>PST.2MPL	train
LX-9f68f0332b:PST.3MSG>PST.2MSG	train
LX-9f68f0332b:PST.3MSG>PST.3FSG	train
LX-9f68f0332b:PST.3MSG>PST.3PL	train
LX-9ff98c324f:PST.3MSG>PST.1PL	train
LX-9ff98c324f:PST.3MSG>PST.1SG	train
LX-9ff98c324f:PST.3MSG>PST.2FPL	train
LX-9ff98c324f:PST.3MSG>PST.2FSG	train
LX-9ff98c324f:PST.3MSG>PST.2MPL	train
LX-9ff98c324f:PST.3MSG>PST.2MSG	train
LX-9ff98c324f:PST.3MSG>PST.3FSG	train
LX-9ff98c324f:PST.3MSG>PST.3PL	train
LX-a2fa6ff0d1:PST.3MSG>PST.1PL	train
LX-a2fa6ff0d1:PST.3MSG>PST.1SG	train
LX-a2fa6ff0d1:PST.3MSG>PST.2FPL	train
LX-a2fa6ff0d1:PST.3MSG>PST.2FSG	train
LX-a2fa6ff0d1:PST.3MSG>PST.2MPL	train
LX-a2fa6ff0d1:PST.3MSG>PST.2MSG	train
LX-a2fa6ff0d1:PST.3MSG>PST.3FSG	train
LX-a2fa6ff0d1:PST.3MSG>PST.3PL	train
LX-a411466c59:PST.3MSG>PST.1PL	train
LX-a411466c59:PST.3MSG>PST.1SG	train
LX-a411466c59:PST.3MSG>PST.2FPL	train
LX-a411466c59:PST.3MSG>PST.2FSG	train
LX-a411466c59:PST.3MSG>PST.2MPL	train
LX-a411466c59:PST.3MSG>PST.2MSG	train
LX-a411466c59:PST.3MSG>PST.3FSG	train
LX-a411466c59:PST.3MSG>PST.3PL	train
LX-a574dfad31:PST.3MSG>PST.1PL	train
LX-a574dfad31:PST.3MSG>PST.1SG	train
LX-a574dfad31:PST.3MSG>PST.2FPL	train
LX-a574dfad31:PST.3MSG>PST.2FSG	train
LX-a574dfad31:PST.3MSG>PST.2MPL	train
LX-a574dfad31:PST.3MSG>PST.2MSG	train
LX-a574dfad31:PST.3MSG>PST.3FSG	train
LX-a574dfad31:PST.3MSG>PST.3PL	train
LX-a5fa42846e:PST.3MSG>PST.1PL	train
LX-a5fa42846e:PST.3MSG>PST.1SG	train
LX-a5fa42846e:PST.3MSG>PST.2FPL	train
LX-a5fa42846e:PST.3MSG>PST.2FSG	train
LX-a5fa42846e:PST.3MSG>PST.2MPL	train
LX-a5fa42846e:PST.3MSG>PST.2MSG	train
LX-a5fa42846e:PST.3MSG>PST.3FSG	train
LX-a5fa42846e:PST.3MSG>PST.3PL	train
LX-a70d615cdb:PST.3MSG>PST.1PL	train
LX-a70d615cdb:PST.3MSG>PST.1SG	train
LX-a70d615cdb:PST.3MSG>PST.2FPL	train
LX-a70d615cdb:PST.3MSG>PST.2FSG	train
LX-a70d615cdb:PST.3MSG>PST.2MPL	train
LX-a70d615cdb:PST.3MSG>PST.2MSG	train
LX-a70d615cdb:PST.3MSG>PST.3FSG	train
LX-a70d615cdb:PST.3MSG>PST.3PL	train
LX-a74f1fcae7:PST.3MSG>PST.1PL	train
LX-a74f1fcae7:PST.3MSG>PST.1SG	train
LX-a74f1fcae7:PST.3MSG>PST.2FPL	train
LX-a74f1fcae7:PST.3MSG>PST.2FSG	train
LX-a74f1fcae7:PST.3MSG>PST.2MPL	train
LX-a74f1fcae7:PST.3MSG>PST.2MSG	train
LX-a74f1fcae7:PST.3MSG>PST.3FSG	train
LX-a74f1fcae7:PST.3MSG>PST.3PL	train
LX-aa5f3f97ad:PST.3MSG>PST.1PL	train
LX-aa5f3f97ad:PST.3MSG>PST.1SG	train
LX-aa5f3f97ad:PST.3MSG>PST.2FPL	train
LX-aa5f3f97ad:PST.3MSG>PST.2FSG	train
LX-aa5f3f97ad:PST.3MSG>PST.2MPL	train
LX-aa5f3f97ad:PST.3MSG>PST.2MSG	train
LX-aa5f3f97ad:PST.3MSG>PST.3FSG	train
LX-aa5f3f97ad:PST.3MSG>PST.3PL	train
LX-abdd104da2:PST.3MSG>PST.1PL	train
LX-abdd104da2:PST.3MSG>PST.1SG	train
LX-abdd104da2:PST.3MSG>PST.2FPL	train
LX-abdd104da2:PST.3MSG>PST.2FSG	train
LX-abdd104da2:PST.3MSG>PST.2MPL	train
LX-abdd104da2:PST.3MSG>PST.2MSG	train
LX-abdd104da2:PST.3MSG>PST.3FSG	train
LX-abdd104da2:PST.3MSG>PST.3PL	train
LX-ac2f785d0e:PST.3MSG>PST.1PL	train
LX-ac2f785d0e:PST.3MSG>PST.1SG	train
LX-ac2f785d0e:PST.3MSG>PST.2FPL	train
LX-ac2f785d0e:PST.3MSG>PST.2FSG	train
LX-ac2f785d0e:PST.3MSG>PST.2MPL	train
LX-ac2f785d0e:PST.3MSG>PST.2MSG	train
LX-ac2f785d0e:PST.3MSG>PST.3FSG	train
LX-ac2f785d0e:PST.3MSG>PST.3PL	train
LX-acf6d0c26e:PST.3MSG>PST.1PL	train
LX-acf6d0c26e:PST.3MSG>PST.1SG	train
LX-acf6d0c26e:PST.3MSG>PST.2FPL	train
LX-acf6d0c26e:PST.3MSG>PST.2FSG	train
LX-acf6d0c26e:PST.3MSG>PST.2MPL	train
LX-acf6d0c26e:PST.3MSG>PST.2MSG	train
LX-acf6d0c26e:PST.3MSG>PST.3FSG	train
LX-acf6d0c26e:PST.3MSG>PST.3PL	train
LX-ad6c5ac614:PST.3MSG>PST.1PL	train
LX-ad6c5ac614:PST.3MSG>PST.1SG	train
LX-ad6c5ac614:PST.3MSG>PST.2FPL	train
LX-ad6c5ac614:PST.3MSG>PST.2FSG	train
LX-ad6c5ac614:PST.3MSG>PST.2MPL	train
LX-ad6c5ac614:PST.3MSG>PST.2MSG	train
LX-ad6c5ac614:PST.3MSG>PST.3FSG	train
LX-ad6c5ac614:PST.3MSG>PST.3PL	train
LX-ae89415304:PST.3MSG>PST.1PL	train
LX-ae89415304:PST.3MSG>PST.1SG	train
LX-ae89415304:PST.3MSG>PST.2FPL	train
LX-ae89415304:PST.3MSG>PST.2FSG	train
LX-ae89415304:PST.3MSG>PST.2MPL	train
LX-ae89415304:PST.3MSG>PST.2MSG	train
LX-ae89415304:PST.3MSG>PST.3FSG	train
LX-ae89415304:PST.3MSG>PST.3PL	train
LX-af6492231a:PST.3MSG>PST.1PL	train
LX-af6492231a:PST.3MSG>PST.1SG	train
LX-af6492231a:PST.3MSG>PST.2FPL	train
LX-af6492231a:PST.3MSG>PST.2FSG	train
LX-af6492231a:PST.3MSG>PST.2MPL	train
LX-af6492231a:PST.3MSG>PST.2MSG	train
LX-af6492231a:PST.3MSG>PST.3FSG	train
LX-af6492231a:PST.3MSG>PST.3PL	train
LX-b2ef87ee2c:PST.3MSG>PST.1PL	train
LX-b2ef87ee2c:PST.3MSG>PST.1SG	train
LX-b2ef87ee2c:PST.3MSG>PST.2FPL	train
LX-b2ef87ee2c:PST.3MSG>PST.2FSG	train
LX-b2ef87ee2c:PST.3MSG>PST.2MPL	train
LX-b2ef87ee2c:PST.3MSG>PST.2MSG	train
LX-b2ef87ee2c:PST.3MSG>PST.3FSG	train
LX-b2ef87ee2c:PST.3MSG>PST.3PL	train
LX-b33353af4e:PST.3MSG>PST.1PL	train
LX-b33353af4e:PST.3MSG>PST.1SG	train
LX-b33353af4e:PST.3MSG>PST.2FPL	train
LX-b33353af4e:PST.3MSG>PST.2FSG	train
LX-b33353af4e:PST.3MSG>PST.2MPL	train
LX-b33353af4e:PST.3MSG>PST.2MSG	train
LX-b33353af4e:PST.3MSG>PST.3FSG	train
LX-b33353af4e:PST.3MSG>PST.3PL	train
LX-b49f377bc6:PST.3MSG>PST.1PL	train
LX-b49f377bc6:PST.3MSG>PST.1SG	train
LX-b49f377bc6:PST.3MSG>PST.2FPL	train
LX-b49f377bc6:PST.3MSG>PST.2FSG	train
LX-b49f377bc6:PST.3MSG>PST.2MPL	train
LX-b49f377bc6:PST.3MSG>PST.2MSG	train
LX-b49f377bc6:PST.3MSG>PST.3FSG	train
LX-b49f377bc6:PST.3MSG>PST.3PL	train
LX-b60a3a131b:PST.3MSG>PST.1PL	train
LX-b60a3a131b:PST.3MSG>PST.3FSG	train
LX-b60a3a131b:PST.3MSG>PST.3PL	train
LX-b84daf0549:PST.3MSG>PST.1PL	train
LX-b84daf0549:PST.3MSG>PST.1SG	train
LX-b84daf0549:PST.3MSG>PST.2FPL	train
LX-b84daf0549:PST.3MSG>PST.2FSG	train
LX-b84daf0549:PST.3MSG>PST.2MPL	train
LX-b84daf0549:PST.3MSG>PST.2MSG	train
LX-b84daf0549:PST.3MSG>PST.3FSG	train
LX-b84daf0549:PST.3MSG>PST.3PL	train
LX-ba9b4ec182:PST.3MSG>PST.1PL	train
LX-ba9b4ec182:PST.3MSG>PST.1SG	train
LX-ba9b4ec182:PST.3MSG>PST.2FPL	train
LX-ba9b4ec182:PST.3MSG>PST.2FSG	train
LX-ba9b4ec182:PST.3MSG>PST.2MPL	train
LX-ba9b4ec182:PST.3MSG>PST.2MSG	train
LX-ba9b4ec182:PST.3MSG>PST.3FSG	train
LX-ba9b4ec182:PST.3MSG>PST.3PL	train
LX-bafc724f01:PST.3MSG>PST.1PL	train
LX-bafc724f01:PST.3MSG>PST.1SG	train
LX-bafc724f01:PST.3MSG>PST.2FPL	train
LX-bafc724f01:PST.3MSG>PST.2FSG	train
LX-bafc724f01:PST.3MSG>PST.2MPL	train
LX-bafc724f01:PST.3MSG>PST.2MSG	train
LX-bafc724f01:PST.3MSG>PST.3FSG	train
LX-bafc724f01:PST.3MSG>PST.3PL	train
LX-bbf1210689:PST.3MSG>PST.1PL	train
LX-bbf1210689:PST.3MSG>PST.1SG	train
LX-bbf1210689:PST.3MSG>PST.2FPL	train
LX-bbf1210689:PST.3MSG>PST.2FSG	train
LX-bbf1210689:PST.3MSG>PST.2MPL	train
LX-bbf1210689:PST.3MSG>PST.2MSG	train
LX-bbf1210689:PST.3MSG>PST.3FSG	train
LX-bbf1210689:PST.3MSG>PST.3PL	train
LX-bce671e703:PST.3MSG>PST.1PL	train
LX-bce671e703:PST.3MSG>PST.1SG	train
LX-bce671e703:PST.3MSG>PST.2FPL	train
LX-bce671e703:PST.3MSG>PST.2FSG	train
LX-bce671e703:PST.3MSG>PST.2MPL	train
LX-bce671e703:PST.3MSG>PST.2MSG	train
LX-bce671e703:PST.3MSG>PST.3FSG	train
LX-bce671e703:PST.3MSG>PST.3PL	train
LX-bd5b8d806e:PST.3MSG>PST.1PL	train
LX-bd5b8d806e:PST.3MSG>PST.1SG	train
LX-bd5b8d806e:PST.3MSG>PST.2FPL	train
LX-bd5b8d806e:PST.3MSG>PST.2FSG	train
LX-bd5b8d806e:PST.3MSG>PST.2MPL	train
LX-bd5b8d806e:PST.3MSG>PST.2MSG	train
LX-bd5b8d806e:PST.3MSG>PST.3FSG	train
LX-bd5b8d806e:PST.3MSG>PST.3PL	train
LX-bfd2580e9e:PST.3MSG>PST.1PL	train
LX-bfd2580e9e:PST.3MSG>PST.1SG	train
LX-bfd2580e9e:PST.3MSG>PST.2FPL	train
LX-bfd2580e9e:PST.3MSG>PST.2FSG	train
LX-bfd2580e9e:PST.3MSG>PST.2MPL	train
LX-bfd2580e9e:PST.3MSG>PST.2MSG	train
LX-bfd2580e9e:PST.3MSG>PST.3FSG	train
LX-bfd2580e9e:PST.3MSG>PST.3PL	train
LX-c04cf3a925:PST.3MSG>PST.1PL	train
LX-c04cf3a925:PST.3MSG>PST.1SG	train
LX-c04cf3a925:PST.3MSG>PST.2FPL	train
LX-c04cf3a925:PST.3MSG>PST.2FSG	train
LX-c04cf3a925:PST.3MSG>PST.2MPL	train
LX-c04cf3a925:PST.3MSG>PST.2MSG	train
LX-c04cf3a925:PST.3MSG>PST.3FSG	train
LX-c04cf3a925:PST.3MSG>PST.3PL	train
LX-c1b252996c:PST.3MSG>PST.1PL	train
LX-c1b252996c:PST.3MSG>PST.1SG	train
LX-c1b252996c:PST.3MSG>PST.2FPL	train
LX-c1b252996c:PST.3MSG>PST.2FSG	train
LX-c1b252996c:PST.3MSG>PST.2MPL	train
LX-c1b252996c:PST.3MSG>PST.2MSG	train
LX-c1b252996c:PST.3MSG>PST.3FSG	train
LX-c1b252996c:PST.3MSG>PST.3PL	train
LX-c423043573:PST.3MSG>PST.1PL	train
LX-c423043573:PST.3MSG>PST.1SG	train
LX-c423043573:PST.3MSG>PST.2FPL	train
LX-c423043573:PST.3MSG>PST.2FSG	train
LX-c423043573:PST.3MSG>PST.2MPL	train
LX-c423043573:PST.3MSG>PST.2MSG	train
LX-c423043573:PST.3MSG>PST.3FSG	train
LX-c423043573:PST.3MSG>PST.3PL	train
LX-c80782e94b:PST.3MSG>PST.1PL	train
LX-c80782e94b:PST.3MSG>PST.1SG	train
LX-c80782e94b:PST.3MSG>PST.2FPL	train
LX-c80782e94b:PST.3MSG>PST.2FSG	train
LX-c80782e94b:PST.3MSG>PST.2MPL	train
LX-c80782e94b:PST.3MSG>PST.2MSG	train
LX-c80782e94b:PST.3MSG>PST.3FSG	train
LX-c80782e94b:PST.3MSG>PST.3PL	train
LX-cb3cae2754:PST.3MSG>PST.1PL	train
LX-cb3cae2754:PST.3MSG>PST.1SG	train
LX-cb3cae2754:PST.3MSG>PST.2FPL	train
LX-cb3cae2754:PST.3MSG>PST.2FSG	train
LX-cb3cae2754:PST.3MSG>PST.2MPL	train
LX-cb3cae2754:PST.3MSG>PST.2MSG	train
LX-cb3cae2754:PST.3MSG>PST.3FSG	train
LX-cb3cae2754:PST.3MSG>PST.3PL	train
LX-cba29fbefd:PST.3MSG>PST.1PL	train
LX-cba29fbefd:PST.3MSG>PST.1SG	train
LX-cba29fbefd:PST.3MSG>PST.2FPL	train
LX-cba29fbefd:PST.3MSG>PST.2FSG	train
LX-cba29fbefd:PST.3MSG>PST.2MPL	train
LX-cba29fbefd:PST.3MSG>PST.2MSG	train
LX-cba29fbefd:PST.3MSG>PST.3FSG	train
LX-cba29fbefd:PST.3MSG>PST.3PL	train
LX-ccdfd26a66:PST.3MSG>PST.1PL	train
LX-ccdfd26a66:PST.3MSG>PST.1SG	train
LX-ccdfd26a66:PST.3MSG>PST.2FPL	train
LX-ccdfd26a66:PST.3MSG>PST.2FSG	train
LX-ccdfd26a66:PST.3MSG>PST.2MPL	train
LX-ccdfd26a66:PST.3MSG>PST.2MSG	train
LX-ccdfd26a66:PST.3MSG>PST.3FSG	train
LX-ccdfd26a66:PST.3MSG>PST.3PL	train
LX-ce0a640291:PST.3MSG>PST.1PL	train
LX-ce0a640291:PST.3MSG>PST.1SG	train
LX-ce0a640291:PST.3MSG>PST.2FPL	train
LX-ce0a640291:PST.3MSG>PST.2FSG	train
LX-ce0a640291:PST.3MSG>PST.2MPL	train
LX-ce0a640291:PST.3MSG>PST.2MSG	train
LX-ce0a640291:PST.3MSG>PST.3FSG	train
LX-ce0a640291:PST.3MSG>PST.3PL	train
LX-cf3a338b24:PST.3MSG>PST.1PL	train
LX-cf3a338b24:PST.3MSG>PST.1SG	train
LX-cf3a338b24:PST.3MSG>PST.2FPL	train
LX-cf3a338b24:PST.3MSG>PST.2FSG	train
LX-cf3a338b24:PST.3MSG>PST.2MPL	train
LX-cf3a338b24:PST.3MSG>PST.2MSG	train
LX-cf3a338b24:PST.3MSG>PST.3FSG	train
LX-cf3a338b24:PST.3MSG>PST.3PL	train
LX-d8547e23a9:PST.3MSG>PST.1PL	train
LX-d8547e23a9:PST.3MSG>PST.1SG	train
LX-d8547e23a9:PST.3MSG>PST.2FPL	train
LX-d8547e23a9:PST.3MSG>PST.2FSG	train
LX-d8547e23a9:PST.3MSG>PST.2MPL	train
LX-d8547e23a9:PST.3MSG>PST.2MSG	train
LX-d8547e23a9:PST.3MSG>PST.3FSG	train
LX-d8547e23a9:PST.3MSG>PST.3PL	train
LX-da0d23398a:PST.3MSG>PST.1PL	train
LX-da0d23398a:PST.3MSG>PST.1SG	train
LX-da0d23398a:PST.3MSG>PST.2FPL	train
LX-da0d23398a:PST.3MSG>PST.2FSG	train
LX-da0d23398a:PST.3MSG>PST.2MPL	train
LX-da0d23398a:PST.3MSG>PST.2MSG	train
LX-da0d23398a:PST.3MSG>PST.3FSG	train
LX-da0d23398a:PST.3MSG>PST.3PL	train
LX-da58ea4612:PST.3MSG>PST.1PL	train
LX-da58ea4612:PST.3MSG>PST.1SG	train
LX-da58ea4612:PST.3MSG>PST.2FPL	train
LX-da58ea4612:PST.3MSG>PST.2FSG	train
LX-da58ea4612:PST.3MSG>PST.2MPL	train
LX-da58ea4612:PST.3MSG>PST.2MSG	train
LX-da58ea4612:PST.3MSG>PST.3FSG	train
LX-da58ea4612:PST.3MSG>PST.3PL	train
LX-dc8695bc5d:PST.3MSG>PST.1PL	train
LX-dc8695bc5d:PST.3MSG>PST.3FSG	train
LX-dc8695bc5d:PST.3MSG>PST.3PL	train
LX-df09f84dea:PST.3MSG>PST.1PL	train
LX-df09f84dea:PST.3MSG>PST.1SG	train
LX-df09f84dea:PST.3MSG>PST.2FPL	train
LX-df09f84dea:PST.3MSG>PST.2FSG	train
LX-df09f84dea:PST.3MSG>PST.2MPL	train
LX-df09f84dea:PST.3MSG>PST.2MSG	train
LX-df09f84dea:PST.3MSG>PST.3FSG	train
LX-df09f84dea:PST.3MSG>PST.3PL	train
LX-df5eb7224e:PST.3MSG>PST.1PL	train
LX-df5eb7224e:PST.3MSG>PST.1SG	train
LX-df5eb7224e:PST.3MSG>PST.2FPL	train
LX-df5eb7224e:PST.3MSG>PST.2FSG	train
LX-df5eb7224e:PST.3MSG>PST.2MPL	train
LX-df5eb7224e:PST.3MSG>PST.2MSG	train
LX-df5eb7224e:PST.3MSG>PST.3FSG	train
LX-df5eb7224e:PST.3MSG>PST.3PL	train
LX-dfdb8e45d1:PST.3MSG>PST.1PL	train
LX-dfdb8e45d1:PST.3MSG>PST.1SG	train
LX-dfdb8e45d1:PST.3MSG>PST.2FPL	train
LX-dfdb8e45d1:PST.3MSG>PST.2FSG	train
LX-dfdb8e45d1:PST.3MSG>PST.2MPL	train
LX-dfdb8e45d1:PST.3MSG>PST.2MSG	train
LX-dfdb8e45d1:PST.3MSG>PST.3FSG	train
LX-dfdb8e45d1:PST.3MSG>PST.3PL	train
LX-e34df5bc28:PST.3MSG>PST.1PL	train
LX-e34df5bc28:PST.3MSG>PST.1SG	train
LX-e34df5bc28:PST.3MSG>PST.2FPL	train
LX-e34df5bc28:PST.3MSG>PST.2FSG	train
LX-e34df5bc28:PST.3MSG>PST.2MPL	train
LX-e34df5bc28:PST.3MSG>PST.2MSG	train
LX-e34df5bc28:PST.3MSG>PST.3FSG	train
LX-e34df5bc28:PST.3MSG>PST.3PL	train
LX-e37f4c3b54:PST.3MSG>PST.1PL	train
LX-e37f4c3b54:PST.3MSG>PST.1SG	train
LX-e37f4c3b54:PST.3MSG>PST.2FPL	train
LX-e37f4c3b54:PST.3MSG>PST.2FSG	train
LX-e37f4c3b54:PST.3MSG>PST.2MPL	train
LX-e37f4c3b54:PST.3MSG>PST.2MSG	train
LX-e37f4c3b54:PST.3MSG>PST.3FSG	train
LX-e37f4c3b54:PST.3MSG>PST.3PL	train
LX-e665a00f13:PST.3MSG>PST.1PL	train
LX-e665a00f13:PST.3MSG>PST.1SG	train
LX-e665a00f13:PST.3MSG>PST.2FPL	train
LX-e665a00f13:PST.3MSG>PST.2FSG	train
LX-e665a00f13:PST.3MSG>PST.2MPL	train
LX-e665a00f13:PST.3MSG>PST.2MSG	train
LX-e665a00f13:PST.3MSG>PST.3FSG	train
LX-e665a00f13:PST.3MSG>PST.3PL	train
LX-e9ecf1fa4a:PST.3MSG>PST.1PL	train
LX-e9ecf1fa4a:PST.3MSG>PST.1SG	train
LX-e9ecf1fa4a:PST.3MSG>PST.2FPL	train
LX-e9ecf1fa4a:PST.3MSG>PST.2FSG	train
LX-e9ecf1fa4a:PST.3MSG>PST.2MPL	train
LX-e9ecf1fa4a:PST.3MSG>PST.2MSG	train
LX-e9ecf1fa4a:PST.3MSG>PST.3FSG	train
LX-e9ecf1fa4a:PST.3MSG>PST.3PL	train
LX-ea43dfa94f:PST.3MSG>PST.1PL	train
LX-ea43dfa94f:PST.3MSG>PST.3FSG	train
LX-ea43dfa94f:PST.3MSG>PST.3PL	train
LX-eac002a1ae:PST.3MSG>PST.1PL	train
LX-eac002a1ae:PST.3MSG>PST.1SG	train
LX-eac002a1ae:PST.3MSG>PST.2FPL	train
LX-eac002a1ae:PST.3MSG>PST.2FSG	train
LX-eac002a1ae:PST.3MSG>PST.2MPL	train
LX-eac002a1ae:PST.3MSG>PST.2MSG	train
LX-eac002a1ae:PST.3MSG>PST.3FSG	train
LX-eac002a1ae:PST.3MSG>PST.3PL	train
LX-eae923cd2c:PST.3MSG>PST.1PL	train
LX-eae923cd2c:PST.3MSG>PST.1SG	train
LX-eae923cd2c:PST.3MSG>PST.2FPL	train
LX-eae923cd2c:PST.3MSG>PST.2FSG	train
LX-eae923cd2c:PST.3MSG>PST.2MPL	train
LX-eae923cd2c:PST.3MSG>PST.2MSG	train
LX-eae923cd2c:PST.3MSG>PST.3FSG	train
LX-eae923cd2c:PST.3MSG>PST.3PL	train
LX-eca4a0ebc1:PST.3MSG>PST.1PL	train
LX-eca4a0ebc1:PST.3MSG>PST.1SG	train
LX-eca4a0ebc1:PST.3MSG>PST.2FPL	train
LX-eca4a0ebc1:PST.3MSG>PST.2FSG	train
LX-eca4a0ebc1:PST.3MSG>PST.2MPL	train
LX-eca4a0ebc1:PST.3MSG>PST.2MSG	train
LX-eca4a0ebc1:PST.3MSG>PST.3FSG	train
LX-eca4a0ebc1:PST.3MSG>PST.3PL	train
LX-f54543aebc:PST.3MSG>PST.1PL	train
LX-f54543aebc:PST.3MSG>PST.1SG	train
LX-f54543aebc:PST.3MSG>PST.2FPL	train
LX-f54543aebc:PST.3MSG>PST.2FSG	train
LX-f54543aebc:PST.3MSG>PST.2MPL	train
LX-f54543aebc:PST.3MSG>PST.2MSG	train
LX-f54543aebc:PST.3MSG>PST.3FSG	train
LX-f54543aebc:PST.3MSG>PST.3PL	train
LX-f55c3a8575:PST.3MSG>PST.1PL	train
LX-f55c3a8575:PST.3MSG>PST.1SG	train
LX-f55c3a8575:PST.3MSG>PST.2FPL	train
LX-f55c3a8575:PST.3MSG>PST.2FSG	train
LX-f55c3a8575:PST.3MSG>PST.2MPL	train
LX-f55c3a8575:PST.3MSG>PST.2MSG	train
LX-f55c3a8575:PST.3MSG>PST.3FSG	train
LX-f55c3a8575:PST.3MSG>PST.3PL	train
LX-f5eb0a9081:PST.3MSG>PST.1PL	train
LX-f5eb0a9081:PST.3MSG>PST.1SG	train
LX-f5eb0a9081:PST.3MSG>PST.2FPL	train
LX-f5eb0a9081:PST.3MSG>PST.2FSG	train
LX-f5eb0a9081:PST.3MSG>PST.2MPL	train
LX-f5eb0a9081:PST.3MSG>PST.2MSG	train
LX-f5eb0a9081:PST.3MSG>PST.3FSG	train
LX-f5eb0a9081:PST.3MSG>PST.3PL	train
LX-f7c78e84bd:PST.3MSG>PST.1PL	train
LX-f7c78e84bd:PST.3MSG>PST.1SG	train
LX-f7c78e84bd:PST.3MSG>PST.2FPL	train
LX-f7c78e84bd:PST.3MSG>PST.2FSG	train
LX-f7c78e84bd:PST.3MSG>PST.2MPL	train
LX-f7c78e84bd:PST.3MSG>PST.2MSG	train
LX-f7c78e84bd:PST.3MSG>PST.3FSG	train
LX-f7c78e84bd:PST.3MSG>PST.3PL	train
LX-f7cee11cd2:PST.3MSG>PST.1PL	train
LX-f7cee11cd2:PST.3MSG>PST.1SG	train
LX-f7cee11cd2:PST.3MSG>PST.2FPL	train
LX-f7cee11cd2:PST.3MSG>PST.2FSG	train
LX-f7cee11cd2:PST.3MSG>PST.2MPL	train
LX-f7cee11cd2:PST.3MSG>PST.2MSG	train
LX-f7cee11cd2:PST.3MSG>PST.3FSG	train
LX-f7cee11cd2:PST.3MSG>PST.3PL	train
LX-f91fe75339:PST.3MSG>PST.1PL	train
LX-f91fe75339:PST.3MSG>PST.1SG	train
LX-f91fe75339:PST.3MSG>PST.2FPL	train
LX-f91fe75339:PST.3MSG>PST.2FSG	train
LX-f91fe75339:PST.3MSG>PST.2MPL	train
LX-f91fe75339:PST.3MSG>PST.2MSG	train
LX-f91fe75339:PST.3MSG>PST.3FSG	train
LX-f91fe75339:PST.3MSG>PST.3PL	train
LX-f9823c6091:PST.3MSG>PST.1PL	train
LX-f9823c6091:PST.3MSG>PST.1SG	train
LX-f9823c6091:PST.3MSG>PST.2FPL	train
LX-f9823c6091:PST.3MSG>PST.2FSG	train
LX-f9823c6091:PST.3MSG>PST.2MPL	train
LX-f9823c6091:PST.3MSG>PST.2MSG	train
LX-f9823c6091:PST.3MSG>PST.3FSG	train
LX-f9823c6091:PST.3MSG>PST.3PL	train
LX-faedff9d1f:PST.3MSG>PST.1PL	train
LX-faedff9d1f:PST.3MSG>PST.1SG	train
LX-faedff9d1f:PST.3MSG>PST.2FPL	train
LX-faedff9d1f:PST.3MSG>PST.2FSG	train
LX-faedff9d1f:PST.3MSG>PST.2MPL	train
LX-faedff9d1f:PST.3MSG>PST.2MSG	train
LX-faedff9d1f:PST.3MSG>PST.3FSG	train
LX-faedff9d1f:PST.3MSG>PST.3PL	train
LX-ff0a75f9d2:PST.3MSG>PST.1PL	train
LX-ff0a75f9d2:PST.3MSG>PST.1SG	train
LX-ff0a75f9d2:PST.3MSG>PST.2FPL	train
LX-ff0a75f9d2:PST.3MSG>PST.2FSG	train
LX-ff0a75f9d2:PST.3MSG>PST.2MPL	train
LX-ff0a75f9d2:PST.3MSG>PST.2MSG	train
LX-ff0a75f9d2:PST.3MSG>PST.3FSG	train
LX-ff0a75f9d2:PST.3MSG>PST.3PL	train
LX-ff7f82d286:PST.3MSG>PST.1PL	train
LX-ff7f82d286:PST.3MSG>PST.1SG	train
LX-ff7f82d286:PST.3MSG>PST.2FPL	train
LX-ff7f82d286:PST.3MSG>PST.2FSG	train
LX-ff7f82d286:PST.3MSG>PST.2MPL	train
LX-ff7f82d286:PST.3MSG>PST.2MSG	train
LX-ff7f82d286:PST.3MSG>PST.3FSG	train
LX-ff7f82d286:PST.3MSG>PST.3PL	train
LX-0a3565f373:PST.3MSG>PST.1PL	dev
LX-0a3565f373:PST.3MSG>PST.1SG	dev
LX-0a3565f373:PST.3MSG>PST.2FPL	dev
LX-0a3565f373:PST.3MSG>PST.2FSG	dev
LX-0a3565f373:PST.3MSG>PST.2MPL	dev
LX-0a3565f373:PST.3MSG>PST.2MSG	dev
LX-0a3565f373:PST.3MSG>PST.3FSG	dev
LX-0a3565f373:PST.3MSG>PST.3PL	dev
LX-16667d60db:PST.3MSG>PST.1PL	dev
LX-16667d60db:PST.3MSG>PST.1SG	dev
LX-16667d60db:PST.3MSG>PST.2FPL	dev
LX-16667d60db:PST.3MSG>PST.2FSG	dev
LX-16667d60db:PST.3MSG>PST.2MPL	dev
LX-16667d60db:PST.3MSG>PST.2MSG	dev
LX-16667d60db:PST.3MSG>PST.3FSG	dev
LX-16667d60db:PST.3MSG>PST.3PL	dev
LX-1e9ae83f94:PST.3MSG>PST.1PL	dev
LX-1e9ae83f94:PST.3MSG>PST.1SG	dev
LX-1e9ae83f94:PST.3MSG>PST.2FPL	dev
LX-1e9ae83f94:PST.3MSG>PST.2FSG	dev
LX-1e9ae83f94:PST.3MSG>PST.2MPL	dev
LX-1e9ae83f94:PST.3MSG>PST.2MSG	dev
LX-1e9ae83f94:PST.3MSG>PST.3FSG	dev
LX-1e9ae83f94:PST.3MSG>PST.3PL	dev
LX-35a9911948:PST.3MSG>PST.1PL	dev
LX-35a9911948:PST.3MSG>PST.1SG	dev
LX-35a9911948:PST.3MSG>PST.2FPL	dev
LX-35a9911948:PST.3MSG>PST.2FSG	dev
LX-35a9911948:PST.3MSG>PST.2MPL	dev
LX-35a9911948:PST.3MSG>PST.2MSG	dev
LX-35a9911948:PST.3MSG>PST.3FSG	dev
LX-35a9911948:PST.3MSG>PST.3PL	dev
LX-3ab283c35d:PST.3MSG>PST.1PL	dev
LX-3ab283c35d:PST.3MSG>PST.1SG	dev
LX-3ab283c35d:PST.3MSG>PST.2FPL	dev
LX-3ab283c35d:PST.3MSG>PST.2FSG	dev
LX-3ab283c35d:PST.3MSG>PST.2MPL	dev
LX-3ab283c35d:PST.3MSG>PST.2MSG	dev
LX-3ab283c35d:PST.3MSG>PST.3FSG	dev
LX-3ab283c35d:PST.3MSG>PST.3PL	dev
LX-3b2fdf89d4:PST.3MSG>PST.1PL	dev
LX-3b2fdf89d4:PST.3MSG>PST.1SG	dev
LX-3b2fdf89d4:PST.3MSG>PST.2FPL	dev
LX-3b2fdf89d4:PST.3MSG>PST.2FSG	dev
LX-3b2fdf89d4:PST.3MSG>PST.2MPL	dev
LX-3b2fdf89d4:PST.3MSG>PST.2MSG	dev
LX-3b2fdf89d4:PST.3MSG>PST.3FSG	dev
LX-3b2fdf89d4:PST.3MSG>PST.3PL	dev
LX-3d32f79efb:PST.3MSG>PST.1PL	dev
LX-3d32f79efb:PST.3MSG>PST.1SG	dev
LX-3d32f79efb:PST.3MSG>PST.2FPL	dev
LX-3d32f79efb:PST.3MSG>PST.2FSG	dev
LX-3d32f79efb:PST.3MSG>PST.2MPL	dev
LX-3d32f79efb:PST.3MSG>PST.2MSG	dev
LX-3d32f79efb:PST.3MSG>PST.3FSG	dev
LX-3d32f79efb:PST.3MSG>PST.3PL	dev
LX-42d535a285:PST.3MSG>PST.1PL	dev
LX-42d535a285:PST.3MSG>PST.3FSG	dev
LX-42d535a285:PST.3MSG>PST.3PL	dev
LX-4c81f38b6a:PST.3MSG>PST.1PL	dev
LX-4c81f38b6a:PST.3MSG>PST.1SG	dev
LX-4c81f38b6a:PST.3MSG>PST.2FPL	dev
LX-4c81f38b6a:PST.3MSG>PST.2FSG	dev
LX-4c81f38b6a:PST.3MSG>PST.2MPL	dev
LX-4c81f38b6a:PST.3MSG>PST.2MSG	dev
LX-4c81f38b6a:PST.3MSG>PST.3FSG	dev
LX-4c81f38b6a:PST.3MSG>PST.3PL	dev
LX-5b1273359d:PST.3MSG>PST.1PL	dev
LX-5b1273359d:PST.3MSG>PST.1SG	dev
LX-5b1273359d:PST.3MSG>PST.2FPL	dev
LX-5b1273359d:PST.3MSG>PST.2FSG	dev
LX-5b1273359d:PST.3MSG>PST.2MPL	dev
LX-5b1273359d:PST.3MSG>PST.2MSG	dev
LX-5b1273359d:PST.3MSG>PST.3FSG	dev
LX-5b1273359d:PST.3MSG>PST.3PL	dev
LX-5cf9adf740:PST.3MSG>PST.1PL	dev
LX-5cf9adf740:PST.3MSG>PST.1SG	dev
LX-5cf9adf740:PST.3MSG>PST.2FPL	dev
LX-5cf9adf740:PST.3MSG>PST.2FSG	dev
LX-5cf9adf740:PST.3MSG>PST.2MPL	dev
LX-5cf9adf740:PST.3MSG>PST.2MSG	dev
LX-5cf9adf740:PST.3MSG>PST.3FSG	dev
LX-5cf9adf740:PST.3MSG>PST.3PL	dev
LX-6c1729499c:PST.3MSG>PST.1PL	dev
LX-6c1729499c:PST.3MSG>PST.1SG	dev
LX-6c1729499c:PST.3MSG>PST.2FPL	dev
LX-6c1729499c:PST.3MSG>PST.2FSG	dev
LX-6c1729499c:PST.3MSG>PST.2MPL	dev
LX-6c1729499c:PST.3MSG>PST.2MSG	dev
LX-6c1729499c:PST.3MSG>PST.3FSG	dev
LX-6c1729499c:PST.3MSG>PST.3PL	dev
LX-90c8fc6830:PST.3MSG>PST.1PL	dev
LX-90c8fc6830:PST.3MSG>PST.1SG	dev
LX-90c8fc6830:PST.3MSG>PST.2FPL	dev
LX-90c8fc6830:PST.3MSG>PST.2FSG	dev
LX-90c8fc6830:PST.3MSG>PST.2MPL	dev
LX-90c8fc6830:PST.3MSG>PST.2MSG	dev
LX-90c8fc6830:PST.3MSG>PST.3FSG	dev
LX-90c8fc6830:PST.3MSG>PST.3PL	dev
LX-af4d4f3365:PST.3MSG>PST.1PL	dev
LX-af4d4f3365:PST.3MSG>PST.1SG	dev
LX-af4d4f3365:PST.3MSG>PST.2FPL	dev
LX-af4d4f3365:PST.3MSG>PST.2FSG	dev
LX-af4d4f3365:PST.3MSG>PST.2MPL	dev
LX-af4d4f3365:PST.3MSG>PST.2MSG	dev
LX-af4d4f3365:PST.3MSG>PST.3FSG	dev
LX-af4d4f3365:PST.3MSG>PST.3PL	dev
LX-b776af48c7:PST.3MSG>PST.1PL	dev
LX-b776af48c7:PST.3MSG>PST.1SG	dev
LX-b776af48c7:PST.3MSG>PST.2FPL	dev
LX-b776af48c7:PST.3MSG>PST.2FSG	dev
LX-b776af48c7:PST.3MSG>PST.2MPL	dev
LX-b776af48c7:PST.3MSG>PST.2MSG	dev
LX-b776af48c7:PST.3MSG>PST.3FSG	dev
LX-b776af48c7:PST.3MSG>PST.3PL	dev
LX-baa093e1cf:PST.3MSG>PST.1PL	dev
LX-baa093e1cf:PST.3MSG>PST.1SG	dev
LX-baa093e1cf:PST.3MSG>PST.2FPL	dev
LX-baa093e1cf:PST.3MSG>PST.2FSG	dev
LX-baa093e1cf:PST.3MSG>PST.2MPL	dev
LX-baa093e1cf:PST.3MSG>PST.2MSG	dev
LX-baa093e1cf:PST.3MSG>PST.3FSG	dev
LX-baa093e1cf:PST.3MSG>PST.3PL	dev
LX-bf89c0b150:PST.3MSG>PST.1PL	dev
LX-bf89c0b150:PST.3MSG>PST.1SG	dev
LX-bf89c0b150:PST.3MSG>PST.2FPL	dev
LX-bf89c0b150:PST.3MSG>PST.2FSG	dev
LX-bf89c0b150:PST.3MSG>PST.2MPL	dev
LX-bf89c0b150:PST.3MSG>PST.2MSG	dev
LX-bf89c0b150:PST.3MSG>PST.3FSG	dev
LX-bf89c0b150:PST.3MSG>PST.3PL	dev
LX-c24a551a7f:PST.3MSG>PST.1PL	dev
LX-c24a551a7f:PST.3MSG>PST.1SG	dev
LX-c24a551a7f:PST.3MSG>PST.2FPL	dev
LX-c24a551a7f:PST.3MSG>PST.2FSG	dev
LX-c24a551a7f:PST.3MSG>PST.2MPL	dev
LX-c24a551a7f:PST.3MSG>PST.2MSG	dev
LX-c24a551a7f:PST.3MSG>PST.3FSG	dev
LX-c24a551a7f:PST.3MSG>PST.3PL	dev
LX-c5e586df34:PST.3MSG>PST.1PL	dev
LX-c5e586df34:PST.3MSG>PST.1SG	dev
LX-c5e586df34:PST.3MSG>PST.2FPL	dev
LX-c5e586df34:PST.3MSG>PST.2FSG	dev
LX-c5e586df34:PST.3MSG>PST.2MPL	dev
LX-c5e586df34:PST.3MSG>PST.2MSG	dev
LX-c5e586df34:PST.3MSG>PST.3FSG	dev
LX-c5e586df34:PST.3MSG>PST.3PL	dev
LX-c979d80b1d:PST.3MSG>PST.1PL	dev
LX-c979d80b1d:PST.3MSG>PST.1SG	dev
LX-c979d80b1d:PST.3MSG>PST.2FPL	dev
LX-c979d80b1d:PST.3MSG>PST.2FSG	dev
LX-c979d80b1d:PST.3MSG>PST.2MPL	dev
LX-c979d80b1d:PST.3MSG>PST.2MSG	dev
LX-c979d80b1d:PST.3MSG>PST.3FSG	dev
LX-c979d80b1d:PST.3MSG>PST.3PL	dev
LX-e2d7408010:PST.3MSG>PST.1PL	dev
LX-e2d7408010:PST.3MSG>PST.1SG	dev
LX-e2d7408010:PST.3MSG>PST.2FPL	dev
LX-e2d7408010:PST.3MSG>PST.2FSG	dev
LX-e2d7408010:PST.3MSG>PST.2MPL	dev
LX-e2d7408010:PST.3MSG>PST.2MSG	dev
LX-e2d7408010:PST.3MSG>PST.3FSG	dev
LX-e2d7408010:PST.3MSG>PST.3PL	dev
LX-f09c39ee18:PST.3MSG>PST.1PL	dev
LX-f09c39ee18:PST.3MSG>PST.1SG	dev
LX-f09c39ee18:PST.3MSG>PST.2FPL	dev
LX-f09c39ee18:PST.3MSG>PST.2FSG	dev
LX-f09c39ee18:PST.3MSG>PST.2MPL	dev
LX-f09c39ee18:PST.3MSG>PST.2MSG	dev
LX-f09c39ee18:PST.3MSG>PST.3FSG	dev
LX-f09c39ee18:PST.3MSG>PST.3PL	dev
LX-f71e97c383:PST.3MSG>PST.1PL	dev
LX-f71e97c383:PST.3MSG>PST.1SG	dev
LX-f71e97c383:PST.3MSG>PST.2FPL	dev
LX-f71e97c383:PST.3MSG>PST.2FSG	dev
LX-f71e97c383:PST.3MSG>PST.2MPL	dev
LX-f71e97c383:PST.3MSG>PST.2MSG	dev
LX-f71e97c383:PST.3MSG>PST.3FSG	dev
LX-f71e97c383:PST.3MSG>PST.3PL	dev
LX-006a00a0ca:PST.3MSG>PST.1PL	test
LX-006a00a0ca:PST.3MSG>PST.1SG	test
LX-006a00a0ca:PST.3MSG>PST.2FPL	test
LX-006a00a0ca:PST.3MSG>PST.2FSG	test
LX-006a00a0ca:PST.3MSG>PST.2MPL	test
LX-006a00a0ca:PST.3MSG>PST.2MSG	test
LX-006a00a0ca:PST.3MSG>PST.3FSG	test
LX-006a00a0ca:PST.3MSG>PST.3PL	test
LX-0175462ba3:PST.3MSG>PST.1PL	test
LX-0175462ba3:PST.3MSG>PST.1SG	test
LX-0175462ba3:PST.3MSG>PST.2FPL	test
LX-0175462ba3:PST.3MSG>PST.2FSG	test
LX-0175462ba3:PST.3MSG>PST.2MPL	test
LX-0175462ba3:PST.3MSG>PST.2MSG	test
LX-0175462ba3:PST.3MSG>PST.3FSG	test
LX-0175462ba3:PST.3MSG>PST.3PL	test
LX-0183a3d20c:PST.3MSG>PST.1PL	test
LX-0183a3d20c:PST.3MSG>PST.1SG	test
LX-0183a3d20c:PST.3MSG>PST.2FPL	test
LX-0183a3d20c:PST.3MSG>PST.2FSG	test
LX-0183a3d20c:PST.3MSG>PST.2MPL	test
LX-0183a3d20c:PST.3MSG>PST.2MSG	test
LX-0183a3d20c:PST.3MSG>PST.3FSG	test
LX-0183a3d20c:PST.3MSG>PST.3PL	test
LX-01f5e31b41:PST.3MSG>PST.1PL	test
LX-01f5e31b41:PST.3MSG>PST.1SG	test
LX-01f5e31b41:PST.3MSG>PST.2FPL	test
LX-01f5e31b41:PST.3MSG>PST.2FSG	test
LX-01f5e31b41:PST.3MSG>PST.2MPL	test
LX-01f5e31b41:PST.3MSG>PST.2MSG	test
LX-01f5e31b41:PST.3MSG>PST.3FSG	test
LX-01f5e31b41:PST.3MSG>PST.3PL	test
LX-02613594ca:PST.3MSG>PST.1PL	test
LX-02613594ca:PST.3MSG>PST.1SG	test
LX-02613594ca:PST.3MSG>PST.2FPL	test
LX-02613594ca:PST.3MSG>PST.2FSG	test
LX-02613594ca:PST.3MSG>PST.2MPL	test
LX-02613594ca:PST.3MSG>PST.2MSG	test
LX-02613594ca:PST.3MSG>PST.3FSG	test
LX-02613594ca:PST.3MSG>PST.3PL	test
LX-034fee4770:PST.3MSG>PST.1PL	test
LX-034fee4770:PST.3MSG>PST.1SG	test
LX-034fee4770:PST.3MSG>PST.2FPL	test
LX-034fee4770:PST.3MSG>PST.2FSG	test
LX-034fee4770:PST.3MSG>PST.2MPL	test
LX-034fee4770:PST.3MSG>PST.2MSG	test
LX-034fee4770:PST.3MSG>PST.3FSG	test
LX-034fee4770:PST.3MSG>PST.3PL	test
LX-0365751b4c:PST.3MSG>PST.1PL	test
LX-0365751b4c:PST.3MSG>PST.1SG	test
LX-0365751b4c:PST.3MSG>PST.2FPL	test
LX-0365751b4c:PST.3MSG>PST.2FSG	test
LX-0365751b4c:PST.3MSG>PST.2MPL	test
LX-0365751b4c:PST.3MSG>PST.2MSG	test
LX-0365751b4c:PST.3MSG>PST.3FSG	test
LX-0365751b4c:PST.3MSG>PST.3PL	test
LX-055a7768b7:PST.3MSG>PST.1PL	test
LX-055a7768b7:PST.3MSG>PST.1SG	test
LX-055a7768b7:PST.3MSG>PST.2FPL	test
LX-055a7768b7:PST.3MSG>PST.2FSG	test
LX-055a7768b7:PST.3MSG>PST.2MPL	test
LX-055a7768b7:PST.3MSG>PST.2MSG	test
LX-055a7768b7:PST.3MSG>PST.3FSG	test
LX-055a7768b7:PST.3MSG>PST.3PL	test
LX-066e3c4444:PST.3MSG>PST.1PL	test
LX-066e3c4444:PST.3MSG>PST.1SG	test
LX-066e3c4444:PST.3MSG>PST.2FPL	test
LX-066e3c4444:PST.3MSG>PST.2FSG	test
LX-066e3c4444:PST.3MSG>PST.2MPL	test
LX-066e3c4444:PST.3MSG>PST.2MSG	test
LX-066e3c4444:PST.3MSG>PST.3FSG	test
LX-066e3c4444:PST.3MSG>PST.3PL	test
LX-073639b610:PST.3MSG>PST.1PL	test
LX-073639b610:PST.3MSG>PST.3FSG	test
LX-073639b610:PST.3MSG>PST.3PL	test
LX-07447c1f05:PST.3MSG>PST.1PL	test
LX-07447c1f05:PST.3MSG>PST.1SG	test
LX-07447c1f05:PST.3MSG>PST.2FPL	test
LX-07447c1f05:PST.3MSG>PST.2FSG	test
LX-07447c1f05:PST.3MSG>PST.2MPL	test
LX-07447c1f05:PST.3MSG>PST.2MSG	test
LX-07447c1f05:PST.3MSG>PST.3FSG	test
LX-07447c1f05:PST.3MSG>PST.3PL	test
LX-07cb60a837:PST.3MSG>PST.1PL	test
LX-07cb60a837:PST.3MSG>PST.1SG	test
LX-07cb60a837:PST.3MSG>PST.2FPL	test
LX-07cb60a837:PST.3MSG>PST.2FSG	test
LX-07cb60a837:PST.3MSG>PST.2MPL	test
LX-07cb60a837:PST.3MSG>PST.2MSG	test
LX-07cb60a837:PST.3MSG>PST.3FSG	test
LX-07cb60a837:PST.3MSG>PST.3PL	test
LX-08ab7f012d:PST.3MSG>PST.1PL	test
LX-08ab7f012d:PST.3MSG>PST.1SG	test
LX-08ab7f012d:PST.3MSG>PST.2FPL	test
LX-08ab7f012d:PST.3MSG>PST.2FSG	test
LX-08ab7f012d:PST.3MSG>PST.2MPL	test
LX-08ab7f012d:PST.3MSG>PST.2MSG	test
LX-08ab7f012d:PST.3MSG>PST.3FSG	test
LX-08ab7f012d:PST.3MSG>PST.3PL	test
LX-08bd18db60:PST.3MSG>PST.1PL	test
LX-08bd18db60:PST.3MSG>PST.1SG	test
LX-08bd18db60:PST.3MSG>PST.2FPL	test
LX-08bd18db60:PST.3MSG>PST.2FSG	test
LX-08bd18db60:PST.3MSG>PST.2MPL	test
LX-08bd18db60:PST.3MSG>PST.2MSG	test
LX-08bd18db60:PST.3MSG>PST.3FSG	test
LX-08bd18db60:PST.3MSG>PST.3PL	test
LX-0966d22501:PST.3MSG>PST.1PL	test
LX-0966d22501:PST.3MSG>PST.1SG	test
LX-0966d22501:PST.3MSG>PST.2FPL	test
LX-0966d22501:PST.3MSG>PST.2FSG	test
LX-0966d22501:PST.3MSG>PST.2MPL	test
LX-0966d22501:PST.3MSG>PST.2MSG	test
LX-0966d22501:PST.3MSG>PST.3FSG	test
LX-0966d22501:PST.3MSG>PST.3PL	test
LX-09fb5f3364:PST.3MSG>PST.1PL	test
LX-09fb5f3364:PST.3MSG>PST.1SG	test
LX-09fb5f3364:PST.3MSG>PST.2FPL	test
LX-09fb5f3364:PST.3MSG>PST.2FSG	test
LX-09fb5f3364:PST.3MSG>PST.2MPL	test
LX-09fb5f3364:PST.3MSG>PST.2MSG	test
LX-09fb5f3364:PST.3MSG>PST.3FSG	test
LX-09fb5f3364:PST.3MSG>PST.3PL	test
LX-0a1e5f5d52:PST.3MSG>PST.1PL	test
LX-0a1e5f5d52:PST.3MSG>PST.1SG	test
LX-0a1e5f5d52:PST.3MSG>PST.2FPL	test
LX-0a1e5f5d52:PST.3MSG>PST.2FSG	test
LX-0a1e5f5d52:PST.3MSG>PST.2MPL	test
LX-0a1e5f5d52:PST.3MSG>PST.2MSG	test
LX-0a1e5f5d52:PST.3MSG>PST.3FSG	test
LX-0a1e5f5d52:PST.3MSG>PST.3PL	test
LX-0abda6f174:PST.3MSG>PST.1PL	test
LX-0abda6f174:PST.3MSG>PST.1SG	test
LX-0abda6f174:PST.3MSG>PST.2FPL	test
LX-0abda6f174:PST.3MSG>PST.2FSG	test
LX-0abda6f174:PST.3MSG>PST.2MPL	test
LX-0abda6f174:PST.3MSG>PST.2MSG	test
LX-0abda6f174:PST.3MSG>PST.3FSG	test
LX-0abda6f174:PST.3MSG>PST.3PL	test
LX-0e4e65521d:PST.3MSG>PST.1PL	test
LX-0e4e65521d:PST.3MSG>PST.1SG	test
LX-0e4e65521d:PST.3MSG>PST.2FPL	test
LX-0e4e65521d:PST.3MSG>PST.2FSG	test
LX-0e4e65521d:PST.3MSG>PST.2MPL	test
LX-0e4e65521d:PST.3MSG>PST.2MSG	test
LX-0e4e65521d:PST.3MSG>PST.3FSG	test
LX-0e4e65521d:PST.3MSG>PST.3PL	test
LX-0e88603fe5:PST.3MSG>PST.1PL	test
LX-0e88603fe5:PST.3MSG>PST.1SG	test
LX-0e88603fe5:PST.3MSG>PST.2FPL	test
LX-0e88603fe5:PST.3MSG>PST.2FSG	test
LX-0e88603fe5:PST.3MSG>PST.2MPL	test
LX-0e88603fe5:PST.3MSG>PST.2MSG	test
LX-0e88603fe5:PST.3MSG>PST.3FSG	test
LX-0e88603fe5:PST.3MSG>PST.3PL	test
LX-10a8c597e8:PST.3MSG>PST.1PL	test
LX-10a8c597e8:PST.3MSG>PST.1SG	test
LX-10a8c597e8:PST.3MSG>PST.2FPL	test
LX-10a8c597e8:PST.3MSG>PST.2FSG	test
LX-10a8c597e8:PST.3MSG>PST.2MPL	test
LX-10a8c597e8:PST.3MSG>PST.2MSG	test
LX-10a8c597e8:PST.3MSG>PST.3FSG	test
LX-10a8c597e8:PST.3MSG>PST.3PL	test
LX-113c768d0c:PST.3MSG>PST.1PL	test
LX-113c768d0c:PST.3MSG>PST.1SG	test
LX-113c768d0c:PST.3MSG>PST.2FPL	test
LX-113c768d0c:PST.3MSG>PST.2FSG	test
LX-113c768d0c:PST.3MSG>PST.2MPL	test
LX-113c768d0c:PST.3MSG>PST.2MSG	test
LX-113c768d0c:PST.3MSG>PST.3FSG	test
LX-113c768d0c:PST.3MSG>PST.3PL	test
LX-11450e52db:PST.3MSG>PST.1PL	test
LX-11450e52db:PST.3MSG>PST.1SG	test
LX-11450e52db:PST.3MSG>PST.2FPL	test
LX-11450e52db:PST.3MSG>PST.2FSG	test
LX-11450e52db:PST.3MSG>PST.2MPL	test
LX-11450e52db:PST.3MSG>PST.2MSG	test
LX-11450e52db:PST.3MSG>PST.3FSG	test
LX-11450e52db:PST.3MSG>PST.3PL	test
LX-12c3152541:PST.3MSG>PST.1PL	test
LX-12c3152541:PST.3MSG>PST.1SG	test
LX-12c3152541:PST.3MSG>PST.2FPL	test
LX-12c3152541:PST.3MSG>PST.2FSG	test
LX-12c3152541:PST.3MSG>PST.2MPL	test
LX-12c3152541:PST.3MSG>PST.2MSG	test
LX-12c3152541:PST.3MSG>PST.3FSG	test
LX-12c3152541:PST.3MSG>PST.3PL	test
LX-1455f46ab5:PST.3MSG>PST.1PL	test
LX-1455f46ab5:PST.3MSG>PST.1SG	test
LX-1455f46ab5:PST.3MSG>PST.2FPL	test
LX-1455f46ab5:PST.3MSG>PST.2FSG	test
LX-1455f46ab5:PST.3MSG>PST.2MPL	test
LX-1455f46ab5:PST.3MSG>PST.2MSG	test
LX-1455f46ab5:PST.3MSG>PST.3FSG	test
LX-1455f46ab5:PST.3MSG>PST.3PL	test
LX-15d854eb45:PST.3MSG>PST.1PL	test
LX-15d854eb45:PST.3MSG>PST.1SG	test
LX-15d854eb45:PST.3MSG>PST.2FPL	test
LX-15d854eb45:PST.3MSG>PST.2FSG	test
LX-15d854eb45:PST.3MSG>PST.2MPL	test
LX-15d854eb45:PST.3MSG>PST.2MSG	test
LX-15d854eb45:PST.3MSG>PST.3FSG	test
LX-15d854eb45:PST.3MSG>PST.3PL	test
LX-17bbbfa072:PST.3MSG>PST.1PL	test
LX-17bbbfa072:PST.3MSG>PST.1SG	test
LX-17bbbfa072:PST.3MSG>PST.2FPL	test
LX-17bbbfa072:PST.3MSG>PST.2FSG	test
LX-17bbbfa072:PST.3MSG>PST.2MPL	test
LX-17bbbfa072:PST.3MSG>PST.2MSG	test
LX-17bbbfa072:PST.3MSG>PST.3FSG	test
LX-17bbbfa072:PST.3MSG>PST.3PL	test
LX-17e67356d1:PST.3MSG>PST.1PL	test
LX-17e67356d1:PST.3MSG>PST.1SG	test
LX-17e67356d1:PST.3MSG>PST.2FPL	test
LX-17e67356d1:PST.3MSG>PST.2FSG	test
LX-17e67356d1:PST.3MSG>PST.2MPL	test
LX-17e67356d1:PST.3MSG>PST.2MSG	test
LX-17e67356d1:PST.3MSG>PST.3FSG	test
LX-17e67356d1:PST.3MSG>PST.3PL	test
LX-1935eb78f7:PST.3MSG>PST.1PL	test
LX-1935eb78f7:PST.3MSG>PST.1SG	test
LX-1935eb78f7:PST.3MSG>PST.2FPL	test
LX-1935eb78f7:PST.3MSG>PST.2FSG	test
LX-1935eb78f7:PST.3MSG>PST.2MPL	test
LX-1935eb78f7:PST.3MSG>PST.2MSG	test
LX-1935eb78f7:PST.3MSG>PST.3FSG	test
LX-1935eb78f7:PST.3MSG>PST.3PL	test
LX-1ac3d4f823:PST.3MSG>PST.1PL	test
LX-1ac3d4f823:PST.3MSG>PST.1SG	test
LX-1ac3d4f823:PST.3MSG>PST.2FPL	test
LX-1ac3d4f823:PST.3MSG>PST.2FSG	test
LX-1ac3d4f823:PST.3MSG>PST.2MPL	test
LX-1ac3d4f823:PST.3MSG>PST.2MSG	test
LX-1ac3d4f823:PST.3MSG>PST.3FSG	test
LX-1ac3d4f823:PST.3MSG>PST.3PL	test
LX-1cfad87fec:PST.3MSG>PST.1PL	test
LX-1cfad87fec:PST.3MSG>PST.1SG	test
LX-1cfad87fec:PST.3MSG>PST.2FPL	test
LX-1cfad87fec:PST.3MSG>PST.2FSG	test
LX-1cfad87fec:PST.3MSG>PST.2MPL	test
LX-1cfad87fec:PST.3MSG>PST.2MSG	test
LX-1cfad87fec:PST.3MSG>PST.3FSG	test
LX-1cfad87fec:PST.3MSG>PST.3PL	test
LX-1e28fa9ca0:PST.3MSG>PST.1PL	test
LX-1e28fa9ca0:PST.3MSG>PST.1SG	test
LX-1e28fa9ca0:PST.3MSG>PST.2FPL	test
LX-1e28fa9ca0:PST.3MSG>PST.2FSG	test
LX-1e28fa9ca0:PST.3MSG>PST.2MPL	test
LX-1e28fa9ca0:PST.3MSG>PST.2MSG	test
LX-1e28fa9ca0:PST.3MSG>PST.3FSG	test
LX-1e28fa9ca0:PST.3MSG>PST.3PL	test
LX-1e673925d8:PST.3MSG>PST.1PL	test
LX-1e673925d8:PST.3MSG>PST.1SG	test
LX-1e673925d8:PST.3MSG>PST.2FPL	test
LX-1e673925d8:PST.3MSG>PST.2FSG	test
LX-1e673925d8:PST.3MSG>PST.2MPL	test
LX-1e673925d8:PST.3MSG>PST.2MSG	test
LX-1e673925d8:PST.3MSG>PST.3FSG	test
LX-1e673925d8:PST.3MSG>PST.3PL	test
LX-1f9c8353a5:PST.3MSG>PST.1PL	test
LX-1f9c8353a5:PST.3MSG>PST.1SG	test
LX-1f9c8353a5:PST.3MSG>PST.2FPL	test
LX-1f9c8353a5:PST.3MSG>PST.2FSG	test
LX-1f9c8353a5:PST.3MSG>PST.2MPL	test
LX-1f9c8353a5:PST.3MSG>PST.2MSG	test
LX-1f9c8353a5:PST.3MSG>PST.3FSG	test
LX-1f9c8353a5:PST.3MSG>PST.3PL	test
LX-1fc0f540e7:PST.3MSG>PST.1PL	test
LX-1fc0f540e7:PST.3MSG>PST.1SG	test
LX-1fc0f540e7:PST.3MSG>PST.2FPL	test
LX-1fc0f540e7:PST.3MSG>PST.2FSG	test
LX-1fc0f540e7:PST.3MSG>PST.2MPL	test
LX-1fc0f540e7:PST.3MSG>PST.2MSG	test
LX-1fc0f540e7:PST.3MSG>PST.3FSG	test
LX-1fc0f540e7:PST.3MSG>PST.3PL	test
LX-222c345c8f:PST.3MSG>PST.1PL	test
LX-222c345c8f:PST.3MSG>PST.1SG	test
LX-222c345c8f:PST.3MSG>PST.2FPL	test
LX-222c345c8f:PST.3MSG>PST.2FSG	test
LX-222c345c8f:PST.3MSG>PST.2MPL	test
LX-222c345c8f:PST.3MSG>PST.2MSG	test
LX-222c345c8f:PST.3MSG>PST.3FSG	test
LX-222c345c8f:PST.3MSG>PST.3PL	test
LX-24b0345f81:PST.3MSG>PST.1PL	test
LX-24b0345f81:PST.3MSG>PST.1SG	test
LX-24b0345f81:PST.3MSG>PST.2FPL	test
LX-24b0345f81:PST.3MSG>PST.2FSG	test
LX-24b0345f81:PST.3MSG>PST.2MPL	test
LX-24b0345f81:PST.3MSG>PST.2MSG	test
LX-24b0345f81:PST.3MSG>PST.3FSG	test
LX-24b0345f81:PST.3MSG>PST.3PL	test
LX-2516618eea:PST.3MSG>PST.1PL	test
LX-2516618eea:PST.3MSG>PST.1SG	test
LX-2516618eea:PST.3MSG>PST.2FPL	test
LX-2516618eea:PST.3MSG>PST.2FSG	test
LX-2516618eea:PST.3MSG>PST.2MPL	test
LX-2516618eea:PST.3MSG>PST.2MSG	test
LX-2516618eea:PST.3MSG>PST.3FSG	test
LX-2516618eea:PST.3MSG>PST.3PL	test
LX-272ce88a0c:PST.3MSG>PST.1PL	test
LX-272ce88a0c:PST.3MSG>PST.1SG	test
LX-272ce88a0c:PST.3MSG>PST.2FPL	test
LX-272ce88a0c:PST.3MSG>PST.2FSG	test
LX-272ce88a0c:PST.3MSG>PST.2MPL	test
LX-272ce88a0c:PST.3MSG>PST.2MSG	test
LX-272ce88a0c:PST.3MSG>PST.3FSG	test
LX-272ce88a0c:PST.3MSG>PST.3PL	test
LX-279b759703:PST.3MSG>PST.1PL	test
LX-279b759703:PST.3MSG>PST.1SG	test
LX-279b759703:PST.3MSG>PST.2FPL	test
LX-279b759703:PST.3MSG>PST.2FSG	test
LX-279b759703:PST.3MSG>PST.2MPL	test
LX-279b759703:PST.3MSG>PST.2MSG	test
LX-279b759703:PST.3MSG>PST.3FSG	test
LX-279b759703:PST.3MSG>PST.3PL	test
LX-2855ce8717:PST.3MSG>PST.1PL	test
LX-2855ce8717:PST.3MSG>PST.1SG	test
LX-2855ce8717:PST.3MSG>PST.2FPL	test
LX-2855ce8717:PST.3MSG>PST.2FSG	test
LX-2855ce8717:PST.3MSG>PST.2MPL	test
LX-2855ce8717:PST.3MSG>PST.2MSG	test
LX-2855ce8717:PST.3MSG>PST.3FSG	test
LX-2855ce8717:PST.3MSG>PST.3PL	test
LX-2872215de7:PST.3MSG>PST.1PL	test
LX-2872215de7:PST.3MSG>PST.1SG	test
LX-2872215de7:PST.3MSG>PST.2FPL	test
LX-2872215de7:PST.3MSG>PST.2FSG	test
LX-2872215de7:PST.3MSG>PST.2MPL	test
LX-2872215de7:PST.3MSG>PST.2MSG	test
LX-2872215de7:PST.3MSG>PST.3FSG	test
LX-2872215de7:PST.3MSG>PST.3PL	test
LX-2b6ae5a58f:PST.3MSG>PST.1PL	test
LX-2b6ae5a58f:PST.3MSG>PST.1SG	test
LX-2b6ae5a58f:PST.3MSG>PST.2FPL	test
LX-2b6ae5a58f:PST.3MSG>PST.2FSG	test
LX-2b6ae5a58f:PST.3MSG>PST.2MPL	test
LX-2b6ae5a58f:PST.3MSG>PST.2MSG	test
LX-2b6ae5a58f:PST.3MSG>PST.3FSG	test
LX-2b6ae5a58f:PST.3MSG>PST.3PL	test
LX-2c4f064f15:PST.3MSG>PST.1PL	test
LX-2c4f064f15:PST.3MSG>PST.1SG	test
LX-2c4f064f15:PST.3MSG>PST.2FPL	test
LX-2c4f064f15:PST.3MSG>PST.2FSG	test
LX-2c4f064f15:PST.3MSG>PST.2MPL	test
LX-2c4f064f15:PST.3MSG>PST.2MSG	test
LX-2c4f064f15:PST.3MSG>PST.3FSG	test
LX-2c4f064f15:PST.3MSG>PST.3PL	test
LX-2d4117a3d2:PST.3MSG>PST.1PL	test
LX-2d4117a3d2:PST.3MSG>PST.1SG	test
LX-2d4117a3d2:PST.3MSG>PST.2FPL	test
LX-2d4117a3d2:PST.3MSG>PST.2FSG	test
LX-2d4117a3d2:PST.3MSG>PST.2MPL	test
LX-2d4117a3d2:PST.3MSG>PST.2MSG	test
LX-2d4117a3d2:PST.3MSG>PST.3FSG	test
LX-2d4117a3d2:PST.3MSG>PST.3PL	test
LX-2e98c0beb0:PST.3MSG>PST.1PL	test
LX-2e98c0beb0:PST.3MSG>PST.1SG	test
LX-2e98c0beb0:PST.3MSG>PST.2FPL	test
LX-2e98c0beb0:PST.3MSG>PST.2FSG	test
LX-2e98c0beb0:PST.3MSG>PST.2MPL	test
LX-2e98c0beb0:PST.3MSG>PST.2MSG	test
LX-2e98c0beb0:PST.3MSG>PST.3FSG	test
LX-2e98c0beb0:PST.3MSG>PST.3PL	test
LX-2e9e13f5fe:PST.3MSG>PST.1PL	test
LX-2e9e13f5fe:PST.3MSG>PST.1SG	test
LX-2e9e13f5fe:PST.3MSG>PST.2FPL	test
LX-2e9e13f5fe:PST.3MSG>PST.2FSG	test
LX-2e9e13f5fe:PST.3MSG>PST.2MPL	test
LX-2e9e13f5fe:PST.3MSG>PST.2MSG	test
LX-2e9e13f5fe:PST.3MSG>PST.3FSG	test
LX-2e9e13f5fe:PST.3MSG>PST.3PL	test
LX-2f20f9097a:PST.3MSG>PST.1PL	test
LX-2f20f9097a:PST.3MSG>PST.1SG	test
LX-2f20f9097a:PST.3MSG>PST.2FPL	test
LX-2f20f9097a:PST.3MSG>PST.2FSG	test
LX-2f20f9097a:PST.3MSG>PST.2MPL	test
LX-2f20f9097a:PST.3MSG>PST.2MSG	test
LX-2f20f9097a:PST.3MSG>PST.3FSG	test
LX-2f20f9097a:PST.3MSG>PST.3PL	test
LX-2fc0487e27:PST.3MSG>PST.1PL	test
LX-2fc0487e27:PST.3MSG>PST.1SG	test
LX-2fc0487e27:PST.3MSG>PST.2FPL	test
LX-2fc0487e27:PST.3MSG>PST.2FSG	test
LX-2fc0487e27:PST.3MSG>PST.2MPL	test
LX-2fc0487e27:PST.3MSG>PST.2MSG	test
LX-2fc0487e27:PST.3MSG>PST.3FSG	test
LX-2fc0487e27:PST.3MSG>PST.3PL	test
LX-2fc69aede1:PST.3MSG>PST.1PL	test
LX-2fc69aede1:PST.3MSG>PST.1SG	test
LX-2fc69aede1:PST.3MSG>PST.2FPL	test
LX-2fc69aede1:PST.3MSG>PST.2FSG	test
LX-2fc69aede1:PST.3MSG>PST.2MPL	test
LX-2fc69aede1:PST.3MSG>PST.2MSG	test
LX-2fc69aede1:PST.3MSG>PST.3FSG	test
LX-2fc69aede1:PST.3MSG>PST.3PL	test
LX-3474548eed:PST.3MSG>PST.1PL	test
LX-3474548eed:PST.3MSG>PST.1SG	test
LX-3474548eed:PST.3MSG>PST.2FPL	test
LX-3474548eed:PST.3MSG>PST.2FSG	test
LX-3474548eed:PST.3MSG>PST.2MPL	test
LX-3474548eed:PST.3MSG>PST.2MSG	test
LX-3474548eed:PST.3MSG>PST.3FSG	test
LX-3474548eed:PST.3MSG>PST.3PL	test
LX-352715d8b0:PST.3MSG>PST.1PL	test
LX-352715d8b0:PST.3MSG>PST.1SG	test
LX-352715d8b0:PST.3MSG>PST.2FPL	test
LX-352715d8b0:PST.3MSG>PST.2FSG	test
LX-352715d8b0:PST.3MSG>PST.2MPL	test
LX-352715d8b0:PST.3MSG>PST.2MSG	test
LX-352715d8b0:PST.3MSG>PST.3FSG	test
LX-352715d8b0:PST.3MSG>PST.3PL	test
LX-35284df122:PST.3MSG>PST.1PL	test
LX-35284df122:PST.3MSG>PST.1SG	test
LX-35284df122:PST.3MSG>PST.2FPL	test
LX-35284df122:PST.3MSG>PST.2FSG	test
LX-35284df122:PST.3MSG>PST.2MPL	test
LX-35284df122:PST.3MSG>PST.2MSG	test
LX-35284df122:PST.3MSG>PST.3FSG	test
LX-35284df122:PST.3MSG>PST.3PL	test
LX-365f2c8b45:PST.3MSG>PST.1PL	test
LX-365f2c8b45:PST.3MSG>PST.1SG	test
LX-365f2c8b45:PST.3MSG>PST.2FPL	test
LX-365f2c8b45:PST.3MSG>PST.2FSG	test
LX-365f2c8b45:PST.3MSG>PST.2MPL	test
LX-365f2c8b45:PST.3MSG>PST.2MSG	test
LX-365f2c8b45:PST.3MSG>PST.3FSG	test
LX-365f2c8b45:PST.3MSG>PST.3PL	test
LX-3777e4aec6:PST.3MSG>PST.1PL	test
LX-3777e4aec6:PST.3MSG>PST.1SG	test
LX-3777e4aec6:PST.3MSG>PST.2FPL	test
LX-3777e4aec6:PST.3MSG>PST.2FSG	test
LX-3777e4aec6:PST.3MSG>PST.2MPL	test
LX-3777e4aec6:PST.3MSG>PST.2MSG	test
LX-3777e4aec6:PST.3MSG>PST.3FSG	test
LX-3777e4aec6:PST.3MSG>PST.3PL	test
LX-37c3a23912:PST.3MSG>PST.1PL	test
LX-37c3a23912:PST.3MSG>PST.1SG	test
LX-37c3a23912:PST.3MSG>PST.2FPL	test
LX-37c3a23912:PST.3MSG>PST.2FSG	test
LX-37c3a23912:PST.3MSG>PST.2MPL	test
LX-37c3a23912:PST.3MSG>PST.2MSG	test
LX-37c3a23912:PST.3MSG>PST.3FSG	test
LX-37c3a23912:PST.3MSG>PST.3PL	test
LX-37d7967a61:PST.3MSG>PST.1PL	test
LX-37d7967a61:PST.3MSG>PST.1SG	test
LX-37d7967a61:PST.3MSG>PST.2FPL	test
LX-37d7967a61:PST.3MSG>PST.2FSG	test
LX-37d7967a61:PST.3MSG>PST.2MPL	test
LX-37d7967a61:PST.3MSG>PST.2MSG	test
LX-37d7967a61:PST.3MSG>PST.3FSG	test
LX-37d7967a61:PST.3MSG>PST.3PL	test
LX-38ec517501:PST.3MSG>PST.1PL	test
LX-38ec517501:PST.3MSG>PST.1SG	test
LX-38ec517501:PST.3MSG>PST.2FPL	test
LX-38ec517501:PST.3MSG>PST.2FSG	test
LX-38ec517501:PST.3MSG>PST.2MPL	test
LX-38ec517501:PST.3MSG>PST.2MSG	test
LX-38ec517501:PST.3MSG>PST.3FSG	test
LX-38ec517501:PST.3MSG>PST.3PL	test
LX-39491f25b2:PST.3MSG>PST.1PL	test
LX-39491f25b2:PST.3MSG>PST.1SG	test
LX-39491f25b2:PST.3MSG>PST.2FPL	test
LX-39491f25b2:PST.3MSG>PST.2FSG	test
LX-39491f25b2:PST.3MSG>PST.2MPL	test
LX-39491f25b2:PST.3MSG>PST.2MSG	test
LX-39491f25b2:PST.3MSG>PST.3FSG	test
LX-39491f25b2:PST.3MSG>PST.3PL	test
LX-3b3c7aa2d2:PST.3MSG>PST.1PL	test
LX-3b3c7aa2d2:PST.3MSG>PST.1SG	test
LX-3b3c7aa2d2:PST.3MSG>PST.2FPL	test
LX-3b3c7aa2d2:PST.3MSG>PST.2FSG	test
LX-3b3c7aa2d2:PST.3MSG>PST.2MPL	test
LX-3b3c7aa2d2:PST.3MSG>PST.2MSG	test
LX-3b3c7aa2d2:PST.3MSG>PST.3FSG	test
LX-3b3c7aa2d2:PST.3MSG>PST.3PL	test
LX-3bba7e3865:PST.3MSG>PST.1PL	test
LX-3bba7e3865:PST.3MSG>PST.1SG	test
LX-3bba7e3865:PST.3MSG>PST.2FPL	test
LX-3bba7e3865:PST.3MSG>PST.2FSG	test
LX-3bba7e3865:PST.3MSG>PST.2MPL	test
LX-3bba7e3865:PST.3MSG>PST.2MSG	test
LX-3bba7e3865:PST.3MSG>PST.3FSG	test
LX-3bba7e3865:PST.3MSG>PST.3PL	test
LX-3c90c37a94:PST.3MSG>PST.1PL	test
LX-3c90c37a94:PST.3MSG>PST.1SG	test
LX-3c90c37a94:PST.3MSG>PST.2FPL	test
LX-3c90c37a94:PST.3MSG>PST.2FSG	test
LX-3c90c37a94:PST.3MSG>PST.2MPL	test
LX-3c90c37a94:PST.3MSG>PST.2MSG	test
LX-3c90c37a94:PST.3MSG>PST.3FSG	test
LX-3c90c37a94:PST.3MSG>PST.3PL	test
LX-3e8d88da0b:PST.3MSG>PST.1PL	test
LX-3e8d88da0b:PST.3MSG>PST.1SG	test
LX-3e8d88da0b:PST.3MSG>PST.2FPL	test
LX-3e8d88da0b:PST.3MSG>PST.2FSG	test
LX-3e8d88da0b:PST.3MSG>PST.2MPL	test
LX-3e8d88da0b:PST.3MSG>PST.2MSG	test
LX-3e8d88da0b:PST.3MSG>PST.3FSG	test
LX-3e8d88da0b:PST.3MSG>PST.3PL	test
LX-3f5b6cb239:PST.3MSG>PST.1PL	test
LX-3f5b6cb239:PST.3MSG>PST.1SG	test
LX-3f5b6cb239:PST.3MSG>PST.2FPL	test
LX-3f5b6cb239:PST.3MSG>PST.2FSG	test
LX-3f5b6cb239:PST.3MSG>PST.2MPL	test
LX-3f5b6cb239:PST.3MSG>PST.2MSG	test
LX-3f5b6cb239:PST.3MSG>PST.3FSG	test
LX-3f5b6cb239:PST.3MSG>PST.3PL	test
LX-40049570f0:PST.3MSG>PST.1PL	test
LX-40049570f0:PST.3MSG>PST.1SG	test
LX-40049570f0:PST.3MSG>PST.2FPL	test
LX-40049570f0:PST.3MSG>PST.2FSG	test
LX-40049570f0:PST.3MSG>PST.2MPL	test
LX-40049570f0:PST.3MSG>PST.2MSG	test
LX-40049570f0:PST.3MSG>PST.3FSG	test
LX-40049570f0:PST.3MSG>PST.3PL	test
LX-41b6c6ff2a:PST.3MSG>PST.1PL	test
LX-41b6c6ff2a:PST.3MSG>PST.1SG	test
LX-41b6c6ff2a:PST.3MSG>PST.2FPL	test
LX-41b6c6ff2a:PST.3MSG>PST.2FSG	test
LX-41b6c6ff2a:PST.3MSG>PST.2MPL	test
LX-41b6c6ff2a:PST.3MSG>PST.2MSG	test
LX-41b6c6ff2a:PST.3MSG>PST.3FSG	test
LX-41b6c6ff2a:PST.3MSG>PST.3PL	test
LX-41b7b50d45:PST.3MSG>PST.1PL	test
LX-41b7b50d45:PST.3MSG>PST.1SG	test
LX-41b7b50d45:PST.3MSG>PST.2FPL	test
LX-41b7b50d45:PST.3MSG>PST.2FSG	test
LX-41b7b50d45:PST.3MSG>PST.2MPL	test
LX-41b7b50d45:PST.3MSG>PST.2MSG	test
LX-41b7b50d45:PST.3MSG>PST.3FSG	test
LX-41b7b50d45:PST.3MSG>PST.3PL	test
LX-41b87943ab:PST.3MSG>PST.1PL	test
LX-41b87943ab:PST.3MSG>PST.1SG	test
LX-41b87943ab:PST.3MSG>PST.2FPL	test
LX-41b87943ab:PST.3MSG>PST.2FSG	test
LX-41b87943ab:PST.3MSG>PST.2MPL	test
LX-41b87943ab:PST.3MSG>PST.2MSG	test
LX-41b87943ab:PST.3MSG>PST.3FSG	test
LX-41b87943ab:PST.3MSG>PST.3PL	test
LX-42b57ae79e:PST.3MSG>PST.1PL	test
LX-42b57ae79e:PST.3MSG>PST.1SG	test
LX-42b57ae79e:PST.3MSG>PST.2FPL	test
LX-42b57ae79e:PST.3MSG>PST.2FSG	test
LX-42b57ae79e:PST.3MSG>PST.2MPL	test
LX-42b57ae79e:PST.3MSG>PST.2MSG	test
LX-42b57ae79e:PST.3MSG>PST.3FSG	test
LX-42b57ae79e:PST.3MSG>PST.3PL	test
LX-42e21a560a:PST.3MSG>PST.1PL	test
LX-42e21a560a:PST.3MSG>PST.1SG	test
LX-42e21a560a:PST.3MSG>PST.2FPL	test
LX-42e21a560a:PST.3MSG>PST.2FSG	test
LX-42e21a560a:PST.3MSG>PST.2MPL	test
LX-42e21a560a:PST.3MSG>PST.2MSG	test
LX-42e21a560a:PST.3MSG>PST.3FSG	test
LX-42e21a560a:PST.3MSG>PST.3PL	test
LX-4389401c2e:PST.3MSG>PST.1PL	test
LX-4389401c2e:PST.3MSG>PST.1SG	test
LX-4389401c2e:PST.3MSG>PST.2FPL	test
LX-4389401c2e:PST.3MSG>PST.2FSG	test
LX-4389401c2e:PST.3MSG>PST.2MPL	test
LX-4389401c2e:PST.3MSG>PST.2MSG	test
LX-4389401c2e:PST.3MSG>PST.3FSG	test
LX-4389401c2e:PST.3MSG>PST.3PL	test
LX-43eebe26ce:PST.3MSG>PST.1PL	test
LX-43eebe26ce:PST.3MSG>PST.1SG	test
LX-43eebe26ce:PST.3MSG>PST.2FPL	test
LX-43eebe26ce:PST.3MSG>PST.2FSG	test
LX-43eebe26ce:PST.3MSG>PST.2MPL	test
LX-43eebe26ce:PST.3MSG>PST.2MSG	test
LX-43eebe26ce:PST.3MSG>PST.3FSG	test
LX-43eebe26ce:PST.3MSG>PST.3PL	test
LX-449289369e:PST.3MSG>PST.1PL	test
LX-449289369e:PST.3MSG>PST.1SG	test
LX-449289369e:PST.3MSG>PST.2FPL	test
LX-449289369e:PST.3MSG>PST.2FSG	test
LX-449289369e:PST.3MSG>PST.2MPL	test
LX-449289369e:PST.3MSG>PST.2MSG	test
LX-449289369e:PST.3MSG>PST.3FSG	test
LX-449289369e:PST.3MSG>PST.3PL	test
LX-4589a8c915:PST.3MSG>PST.1PL	test
LX-4589a8c915:PST.3MSG>PST.1SG	test
LX-4589a8c915:PST.3MSG>PST.2FPL	test
LX-4589a8c915:PST.3MSG>PST.2FSG	test
LX-4589a8c915:PST.3MSG>PST.2MPL	test
LX-4589a8c915:PST.3MSG>PST.2MSG	test
LX-4589a8c915:PST.3MSG>PST.3FSG	test
LX-4589a8c915:PST.3MSG>PST.3PL	test
LX-45a1e26f59:PST.3MSG>PST.1PL	test
LX-45a1e26f59:PST.3MSG>PST.1SG	test
LX-45a1e26f59:PST.3MSG>PST.2FPL	test
LX-45a1e26f59:PST.3MSG>PST.2FSG	test
LX-45a1e26f59:PST.3MSG>PST.2MPL	test
LX-45a1e26f59:PST.3MSG>PST.2MSG	test
LX-45a1e26f59:PST.3MSG>PST.3FSG	test
LX-45a1e26f59:PST.3MSG>PST.3PL	test
LX-471a2d7289:PST.3MSG>PST.1PL	test
LX-471a2d7289:PST.3MSG>PST.1SG	test
LX-471a2d7289:PST.3MSG>PST.2FPL	test
LX-471a2d7289:PST.3MSG>PST.2FSG	test
LX-471a2d7289:PST.3MSG>PST.2MPL	test
LX-471a2d7289:PST.3MSG>PST.2MSG	test
LX-471a2d7289:PST.3MSG>PST.3FSG	test
LX-471a2d7289:PST.3MSG>PST.3PL	test
LX-479fe41b4f:PST.3MSG>PST.1PL	test
LX-479fe41b4f:PST.3MSG>PST.1SG	test
LX-479fe41b4f:PST.3MSG>PST.2FPL	test
LX-479fe41b4f:PST.3MSG>PST.2FSG	test
LX-479fe41b4f:PST.3MSG>PST.2MPL	test
LX-479fe41b4f:PST.3MSG>PST.2MSG	test
LX-479fe41b4f:PST.3MSG>PST.3FSG	test
LX-479fe41b4f:PST.3MSG>PST.3PL	test
LX-489e35f223:PST.3MSG>PST.1PL	test
LX-489e35f223:PST.3MSG>PST.1SG	test
LX-489e35f223:PST.3MSG>PST.2FPL	test
LX-489e35f223:PST.3MSG>PST.2FSG	test
LX-489e35f223:PST.3MSG>PST.2MPL	test
LX-489e35f223:PST.3MSG>PST.2MSG	test
LX-489e35f223:PST.3MSG>PST.3FSG	test
LX-489e35f223:PST.3MSG>PST.3PL	test
LX-5216072da6:PST.3MSG>PST.1PL	test
LX-5216072da6:PST.3MSG>PST.1SG	test
LX-5216072da6:PST.3MSG>PST.2FPL	test
LX-5216072da6:PST.3MSG>PST.2FSG	test
LX-5216072da6:PST.3MSG>PST.2MPL	test
LX-5216072da6:PST.3MSG>PST.2MSG	test
LX-5216072da6:PST.3MSG>PST.3FSG	test
LX-5216072da6:PST.3MSG>PST.3PL	test
LX-54e68779c6:PST.3MSG>PST.1PL	test
LX-54e68779c6:PST.3MSG>PST.1SG	test
LX-54e68779c6:PST.3MSG>PST.2FPL	test
LX-54e68779c6:PST.3MSG>PST.2FSG	test
LX-54e68779c6:PST.3MSG>PST.2MPL	test
LX-54e68779c6:PST.3MSG>PST.2MSG	test
LX-54e68779c6:PST.3MSG>PST.3FSG	test
LX-54e68779c6:PST.3MSG>PST.3PL	test
LX-55334cadd8:PST.3MSG>PST.1PL	test
LX-55334cadd8:PST.3MSG>PST.1SG	test
LX-55334cadd8:PST.3MSG>PST.2FPL	test
LX-55334cadd8:PST.3MSG>PST.2FSG	test
LX-55334cadd8:PST.3MSG>PST.2MPL	test
LX-55334cadd8:PST.3MSG>PST.2MSG	test
LX-55334cadd8:PST.3MSG>PST.3FSG	test
LX-55334cadd8:PST.3MSG>PST.3PL	test
LX-56094e9f5f:PST.3MSG>PST.1PL	test
LX-56094e9f5f:PST.3MSG>PST.1SG	test
LX-56094e9f5f:PST.3MSG>PST.2FPL	test
LX-56094e9f5f:PST.3MSG>PST.2FSG	test
LX-56094e9f5f:PST.3MSG>PST.2MPL	test
LX-56094e9f5f:PST.3MSG>PST.2MSG	test
LX-56094e9f5f:PST.3MSG>PST.3FSG	test
LX-56094e9f5f:PST.3MSG>PST.3PL	test
LX-57bb45b232:PST.3MSG>PST.1PL	test
LX-57bb45b232:PST.3MSG>PST.1SG	test
LX-57bb45b232:PST.3MSG>PST.2FPL	test
LX-57bb45b232:PST.3MSG>PST.2FSG	test
LX-57bb45b232:PST.3MSG>PST.2MPL	test
LX-57bb45b232:PST.3MSG>PST.2MSG	test
LX-57bb45b232:PST.3MSG>PST.3FSG	test
LX-57bb45b232:PST.3MSG>PST.3PL	test
LX-580a14db7b:PST.3MSG>PST.1PL	test
LX-580a14db7b:PST.3MSG>PST.1SG	test
LX-580a14db7b:PST.3MSG>PST.2FPL	test
LX-580a14db7b:PST.3MSG>PST.2FSG	test
LX-580a14db7b:PST.3MSG>PST.2MPL	test
LX-580a14db7b:PST.3MSG>PST.2MSG	test
LX-580a14db7b:PST.3MSG>PST.3FSG	test
LX-580a14db7b:PST.3MSG>PST.3PL	test
LX-588d3f6399:PST.3MSG>PST.1PL	test
LX-588d3f6399:PST.3MSG>PST.1SG	test
LX-588d3f6399:PST.3MSG>PST.2FPL	test
LX-588d3f6399:PST.3MSG>PST.2FSG	test
LX-588d3f6399:PST.3MSG>PST.2MPL	test
LX-588d3f6399:PST.3MSG>PST.2MSG	test
LX-588d3f6399:PST.3MSG>PST.3FSG	test
LX-588d3f6399:PST.3MSG>PST.3PL	test
LX-58d1c93420:PST.3MSG>PST.1PL	test
LX-58d1c93420:PST.3MSG>PST.1SG	test
LX-58d1c93420:PST.3MSG>PST.2FPL	test
LX-58d1c93420:PST.3MSG>PST.2FSG	test
LX-58d1c93420:PST.3MSG>PST.2MPL	test
LX-58d1c93420:PST.3MSG>PST.2MSG	test
LX-58d1c93420:PST.3MSG>PST.3FSG	test
LX-58d1c93420:PST.3MSG>PST.3PL	test
LX-5911285775:PST.3MSG>PST.1PL	test
LX-5911285775:PST.3MSG>PST.1SG	test
LX-5911285775:PST.3MSG>PST.2FPL	test
LX-5911285775:PST.3MSG>PST.2FSG	test
LX-5911285775:PST.3MSG>PST.2MPL	test
LX-5911285775:PST.3MSG>PST.2MSG	test
LX-5911285775:PST.3MSG>PST.3FSG	test
LX-5911285775:PST.3MSG>PST.3PL	test
LX-598169fddb:PST.3MSG>PST.1PL	test
LX-598169fddb:PST.3MSG>PST.1SG	test
LX-598169fddb:PST.3MSG>PST.2FPL	test
LX-598169fddb:PST.3MSG>PST.2FSG	test
LX-598169fddb:PST.3MSG>PST.2MPL	test
LX-598169fddb:PST.3MSG>PST.2MSG	test
LX-598169fddb:PST.3MSG>PST.3FSG	test
LX-598169fddb:PST.3MSG>PST.3PL	test
LX-5a82cc12e2:PST.3MSG>PST.1PL	test
LX-5a82cc12e2:PST.3MSG>PST.1SG	test
LX-5a82cc12e2:PST.3MSG>PST.2FPL	test
LX-5a82cc12e2:PST.3MSG>PST.2FSG	test
LX-5a82cc12e2:PST.3MSG>PST.2MPL	test
LX-5a82cc12e2:PST.3MSG>PST.2MSG	test
LX-5a82cc12e2:PST.3MSG>PST.3FSG	test
LX-5a82cc12e2:PST.3MSG>PST.3PL	test
LX-5b11334936:PST.3MSG>PST.1PL	test
LX-5b11334936:PST.3MSG>PST.1SG	test
LX-5b11334936:PST.3MSG>PST.2FPL	test
LX-5b11334936:PST.3MSG>PST.2FSG	test
LX-5b11334936:PST.3MSG>PST.2MPL	test
LX-5b11334936:PST.3MSG>PST.2MSG	test
LX-5b11334936:PST.3MSG>PST.3FSG	test
LX-5b11334936:PST.3MSG>PST.3PL	test
LX-5c64623cf2:PST.3MSG>PST.1PL	test
LX-5c64623cf2:PST.3MSG>PST.1SG	test
LX-5c64623cf2:PST.3MSG>PST.2FPL	test
LX-5c64623cf2:PST.3MSG>PST.2FSG	test
LX-5c64623cf2:PST.3MSG>PST.2MPL	test
LX-5c64623cf2:PST.3MSG>PST.2MSG	test
LX-5c64623cf2:PST.3MSG>PST.3FSG	test
LX-5c64623cf2:PST.3MSG>PST.3PL	test
LX-5d28d2a61e:PST.3MSG>PST.1PL	test
LX-5d28d2a61e:PST.3MSG>PST.1SG	test
LX-5d28d2a61e:PST.3MSG>PST.2FPL	test
LX-5d28d2a61e:PST.3MSG>PST.2FSG	test
LX-5d28d2a61e:PST.3MSG>PST.2MPL	test
LX-5d28d2a61e:PST.3MSG>PST.2MSG	test
LX-5d28d2a61e:PST.3MSG>PST.3FSG	test
LX-5d28d2a61e:PST.3MSG>PST.3PL	test
LX-5f4ffeb810:PST.3MSG>PST.1PL	test
LX-5f4ffeb810:PST.3MSG>PST.1SG	test
LX-5f4ffeb810:PST.3MSG>PST.2FPL	test
LX-5f4ffeb810:PST.3MSG>PST.2FSG	test
LX-5f4ffeb810:PST.3MSG>PST.2MPL	test
LX-5f4ffeb810:PST.3MSG>PST.2MSG	test
LX-5f4ffeb810:PST.3MSG>PST.3FSG	test
LX-5f4ffeb810:PST.3MSG>PST.3PL	test
LX-5f5844711c:PST.3MSG>PST.1PL	test
LX-5f5844711c:PST.3MSG>PST.1SG	test
LX-5f5844711c:PST.3MSG>PST.2FPL	test
LX-5f5844711c:PST.3MSG>PST.2FSG	test
LX-5f5844711c:PST.3MSG>PST.2MPL	test
LX-5f5844711c:PST.3MSG>PST.2MSG	test
LX-5f5844711c:PST.3MSG>PST.3FSG	test
LX-5f5844711c:PST.3MSG>PST.3PL	test
LX-6165cd1c2a:PST.3MSG>PST.1PL	test
LX-6165cd1c2a:PST.3MSG>PST.1SG	test
LX-6165cd1c2a:PST.3MSG>PST.2FPL	test
LX-6165cd1c2a:PST.3MSG>PST.2FSG	test
LX-6165cd1c2a:PST.3MSG>PST.2MPL	test
LX-6165cd1c2a:PST.3MSG>PST.2MSG	test
LX-6165cd1c2a:PST.3MSG>PST.3FSG	test
LX-6165cd1c2a:PST.3MSG>PST.3PL	test
LX-6192a7a203:PST.3MSG>PST.1PL	test
LX-6192a7a203:PST.3MSG>PST.1SG	test
LX-6192a7a203:PST.3MSG>PST.2FPL	test
LX-6192a7a203:PST.3MSG>PST.2FSG	test
LX-6192a7a203:PST.3MSG>PST.2MPL	test
LX-6192a7a203:PST.3MSG>PST.2MSG	test
LX-6192a7a203:PST.3MSG>PST.3FSG	test
LX-6192a7a203:PST.3MSG>PST.3PL	test
LX-61a7d64f3c:PST.3MSG>PST.1PL	test
LX-61a7d64f3c:PST.3MSG>PST.1SG	test
LX-61a7d64f3c:PST.3MSG>PST.2FPL	test
LX-61a7d64f3c:PST.3MSG>PST.2FSG	test
LX-61a7d64f3c:PST.3MSG>PST.2MPL	test
LX-61a7d64f3c:PST.3MSG>PST.2MSG	test
LX-61a7d64f3c:PST.3MSG>PST.3FSG	test
LX-61a7d64f3c:PST.3MSG>PST.3PL	test
LX-61f287b1a3:PST.3MSG>PST.1PL	test
LX-61f287b1a3:PST.3MSG>PST.1SG	test
LX-61f287b1a3:PST.3MSG>PST.2FPL	test
LX-61f287b1a3:PST.3MSG>PST.2FSG	test
LX-61f287b1a3:PST.3MSG>PST.2MPL	test
LX-61f287b1a3:PST.3MSG>PST.2MSG	test
LX-61f287b1a3:PST.3MSG>PST.3FSG	test
LX-61f287b1a3:PST.3MSG>PST.3PL	test
LX-64f0bf6e84:PST.3MSG>PST.1PL	test
LX-64f0bf6e84:PST.3MSG>PST.1SG	test
LX-64f0bf6e84:PST.3MSG>PST.2FPL	test
LX-64f0bf6e84:PST.3MSG>PST.2FSG	test
LX-64f0bf6e84:PST.3MSG>PST.2MPL	test
LX-64f0bf6e84:PST.3MSG>PST.2MSG	test
LX-64f0bf6e84:PST.3MSG>PST.3FSG	test
LX-64f0bf6e84:PST.3MSG>PST.3PL	test
LX-64f2d1b9b5:PST.3MSG>PST.1PL	test
LX-64f2d1b9b5:PST.3MSG>PST.1SG	test
LX-64f2d1b9b5:PST.3MSG>PST.2FPL	test
LX-64f2d1b9b5:PST.3MSG>PST.2FSG	test
LX-64f2d1b9b5:PST.3MSG>PST.2MPL	test
LX-64f2d1b9b5:PST.3MSG>PST.2MSG	test
LX-64f2d1b9b5:PST.3MSG>PST.3FSG	test
LX-64f2d1b9b5:PST.3MSG>PST.3PL	test
LX-67def93c2e:PST.3MSG>PST.1PL	test
LX-67def93c2e:PST.3MSG>PST.1SG	test
LX-67def93c2e:PST.3MSG>PST.2FPL	test
LX-67def93c2e:PST.3MSG>PST.2FSG	test
LX-67def93c2e:PST.3MSG>PST.2MPL	test
LX-67def93c2e:PST.3MSG>PST.2MSG	test
LX-67def93c2e:PST.3MSG>PST.3FSG	test
LX-67def93c2e:PST.3MSG>PST.3PL	test
LX-68486119bb:PST.3MSG>PST.1PL	test
LX-68486119bb:PST.3MSG>PST.1SG	test
LX-68486119bb:PST.3MSG>PST.2FPL	test
LX-68486119bb:PST.3MSG>PST.2FSG	test
LX-68486119bb:PST.3MSG>PST.2MPL	test
LX-68486119bb:PST.3MSG>PST.2MSG	test
LX-68486119bb:PST.3MSG>PST.3FSG	test
LX-68486119bb:PST.3MSG>PST.3PL	test
LX-6a99ad64fb:PST.3MSG>PST.1PL	test
LX-6a99ad64fb:PST.3MSG>PST.1SG	test
LX-6a99ad64fb:PST.3MSG>PST.2FPL	test
LX-6a99ad64fb:PST.3MSG>PST.2FSG	test
LX-6a99ad64fb:PST.3MSG>PST.2MPL	test
LX-6a99ad64fb:PST.3MSG>PST.2MSG	test
LX-6a99ad64fb:PST.3MSG>PST.3FSG	test
LX-6a99ad64fb:PST.3MSG>PST.3PL	test
LX-6b0d107388:PST.3MSG>PST.1PL	test
LX-6b0d107388:PST.3MSG>PST.1SG	test
LX-6b0d107388:PST.3MSG>PST.2FPL	test
LX-6b0d107388:PST.3MSG>PST.2FSG	test
LX-6b0d107388:PST.3MSG>PST.2MPL	test
LX-6b0d107388:PST.3MSG>PST.2MSG	test
LX-6b0d107388:PST.3MSG>PST.3FSG	test
LX-6b0d107388:PST.3MSG>PST.3PL	test
LX-6b94440c9f:PST.3MSG>PST.1PL	test
LX-6b94440c9f:PST.3MSG>PST.1SG	test
LX-6b94440c9f:PST.3MSG>PST.2FPL	test
LX-6b94440c9f:PST.3MSG>PST.2FSG	test
LX-6b94440c9f:PST.3MSG>PST.2MPL	test
LX-6b94440c9f:PST.3MSG>PST.2MSG	test
LX-6b94440c9f:PST.3MSG>PST.3FSG	test
LX-6b94440c9f:PST.3MSG>PST.3PL	test
LX-6bdcd8bb1b:PST.3MSG>PST.1PL	test
LX-6bdcd8bb1b:PST.3MSG>PST.1SG	test
LX-6bdcd8bb1b:PST.3MSG>PST.2FPL	test
LX-6bdcd8bb1b:PST.3MSG>PST.2FSG	test
LX-6bdcd8bb1b:PST.3MSG>PST.2MPL	test
LX-6bdcd8bb1b:PST.3MSG>PST.2MSG	test
LX-6bdcd8bb1b:PST.3MSG>PST.3FSG	test
LX-6bdcd8bb1b:PST.3MSG>PST.3PL	test
LX-6d49275d16:PST.3MSG>PST.1PL	test
LX-6d49275d16:PST.3MSG>PST.1SG	test
LX-6d49275d16:PST.3MSG>PST.2FPL	test
LX-6d49275d16:PST.3MSG>PST.2FSG	test
LX-6d49275d16:PST.3MSG>PST.2MPL	test
LX-6d49275d16:PST.3MSG>PST.2MSG	test
LX-6d49275d16:PST.3MSG>PST.3FSG	test
LX-6d49275d16:PST.3MSG>PST.3PL	test
LX-6d85cac134:PST.3MSG>PST.1PL	test
LX-6d85cac134:PST.3MSG>PST.1SG	test
LX-6d85cac134:PST.3MSG>PST.2FPL	test
LX-6d85cac134:PST.3MSG>PST.2FSG	test
LX-6d85cac134:PST.3MSG>PST.2MPL	test
LX-6d85cac134:PST.3MSG>PST.2MSG	test
LX-6d85cac134:PST.3MSG>PST.3FSG	test
LX-6d85cac134:PST.3MSG>PST.3PL	test
LX-6df509260e:PST.3MSG>PST.1PL	test
LX-6df509260e:PST.3MSG>PST.1SG	test
LX-6df509260e:PST.3MSG>PST.2FPL	test
LX-6df509260e:PST.3MSG>PST.2FSG	test
LX-6df509260e:PST.3MSG>PST.2MPL	test
LX-6df509260e:PST.3MSG>PST.2MSG	test
LX-6df509260e:PST.3MSG>PST.3FSG	test
LX-6df509260e:PST.3MSG>PST.3PL	test
LX-737584c3fa:PST.3MSG>PST.1PL	test
LX-737584c3fa:PST.3MSG>PST.1SG	test
LX-737584c3fa:PST.3MSG>PST.2FPL	test
LX-737584c3fa:PST.3MSG>PST.2FSG	test
LX-737584c3fa:PST.3MSG>PST.2MPL	test
LX-737584c3fa:PST.3MSG>PST.2MSG	test
LX-737584c3fa:PST.3MSG>PST.3FSG	test
LX-737584c3fa:PST.3MSG>PST.3PL	test
LX-75064d0966:PST.3MSG>PST.1PL	test
LX-75064d0966:PST.3MSG>PST.1SG	test
LX-75064d0966:PST.3MSG>PST.2FPL	test
LX-75064d0966:PST.3MSG>PST.2FSG	test
LX-75064d0966:PST.3MSG>PST.2MPL	test
LX-75064d0966:PST.3MSG>PST.2MSG	test
LX-75064d0966:PST.3MSG>PST.3FSG	test
LX-75064d0966:PST.3MSG>PST.3PL	test
LX-758d520342:PST.3MSG>PST.1PL	test
LX-758d520342:PST.3MSG>PST.1SG	test
LX-758d520342:PST.3MSG>PST.2FPL	test
LX-758d520342:PST.3MSG>PST.2FSG	test
LX-758d520342:PST.3MSG>PST.2MPL	test
LX-758d520342:PST.3MSG>PST.2MSG	test
LX-758d520342:PST.3MSG>PST.3FSG	test
LX-758d520342:PST.3MSG>PST.3PL	test
LX-76b5be462b:PST.3MSG>PST.1PL	test
LX-76b5be462b:PST.3MSG>PST.1SG	test
LX-76b5be462b:PST.3MSG>PST.2FPL	test
LX-76b5be462b:PST.3MSG>PST.2FSG	test
LX-76b5be462b:PST.3MSG>PST.2MPL	test
LX-76b5be462b:PST.3MSG>PST.2MSG	test
LX-76b5be462b:PST.3MSG>PST.3FSG	test
LX-76b5be462b:PST.3MSG>PST.3PL	test
LX-7851e9cc86:PST.3MSG>PST.1PL	test
LX-7851e9cc86:PST.3MSG>PST.1SG	test
LX-7851e9cc86:PST.3MSG>PST.2FPL	test
LX-7851e9cc86:PST.3MSG>PST.2FSG	test
LX-7851e9cc86:PST.3MSG>PST.2MPL	test
LX-7851e9cc86:PST.3MSG>PST.2MSG	test
LX-7851e9cc86:PST.3MSG>PST.3FSG	test
LX-7851e9cc86:PST.3MSG>PST.3PL	test
LX-7a8b4fc1f5:PST.3MSG>PST.1PL	test
LX-7a8b4fc1f5:PST.3MSG>PST.1SG	test
LX-7a8b4fc1f5:PST.3MSG>PST.2FPL	test
LX-7a8b4fc1f5:PST.3MSG>PST.2FSG	test
LX-7a8b4fc1f5:PST.3MSG>PST.2MPL	test
LX-7a8b4fc1f5:PST.3MSG>PST.2MSG	test
LX-7a8b4fc1f5:PST.3MSG>PST.3FSG	test
LX-7a8b4fc1f5:PST.3MSG>PST.3PL	test
LX-7c30fc2e0d:PST.3MSG>PST.1PL	test
LX-7c30fc2e0d:PST.3MSG>PST.1SG	test
LX-7c30fc2e0d:PST.3MSG>PST.2FPL	test
LX-7c30fc2e0d:PST.3MSG>PST.2FSG	test
LX-7c30fc2e0d:PST.3MSG>PST.2MPL	test
LX-7c30fc2e0d:PST.3MSG>PST.2MSG	test
LX-7c30fc2e0d:PST.3MSG>PST.3FSG	test
LX-7c30fc2e0d:PST.3MSG>PST.3PL	test
LX-7d64a73c52:PST.3MSG>PST.1PL	test
LX-7d64a73c52:PST.3MSG>PST.1SG	test
LX-7d64a73c52:PST.3MSG>PST.2FPL	test
LX-7d64a73c52:PST.3MSG>PST.2FSG	test
LX-7d64a73c52:PST.3MSG>PST.2MPL	test
LX-7d64a73c52:PST.3MSG>PST.2MSG	test
LX-7d64a73c52:PST.3MSG>PST.3FSG	test
LX-7d64a73c52:PST.3MSG>PST.3PL	test
LX-7d70f2a865:PST.3MSG>PST.1PL	test
LX-7d70f2a865:PST.3MSG>PST.1SG	test
LX-7d70f2a865:PST.3MSG>PST.2FPL	test
LX-7d70f2a865:PST.3MSG>PST.2FSG	test
LX-7d70f2a865:PST.3MSG>PST.2MPL	test
LX-7d70f2a865:PST.3MSG>PST.2MSG	test
LX-7d70f2a865:PST.3MSG>PST.3FSG	test
LX-7d70f2a865:PST.3MSG>PST.3PL	test
LX-7dcd5a96fd:PST.3MSG>PST.1PL	test
LX-7dcd5a96fd:PST.3MSG>PST.1SG	test
LX-7dcd5a96fd:PST.3MSG>PST.2FPL	test
LX-7dcd5a96fd:PST.3MSG>PST.2FSG	test
LX-7dcd5a96fd:PST.3MSG>PST.2MPL	test
LX-7dcd5a96fd:PST.3MSG>PST.2MSG	test
LX-7dcd5a96fd:PST.3MSG>PST.3FSG	test
LX-7dcd5a96fd:PST.3MSG>PST.3PL	test
LX-810ea27ca3:PST.3MSG>PST.1PL	test
LX-810ea27ca3:PST.3MSG>PST.1SG	test
LX-810ea27ca3:PST.3MSG>PST.2FPL	test
LX-810ea27ca3:PST.3MSG>PST.2FSG	test
LX-810ea27ca3:PST.3MSG>PST.2MPL	test
LX-810ea27ca3:PST.3MSG>PST.2MSG	test
LX-810ea27ca3:PST.3MSG>PST.3FSG	test
LX-810ea27ca3:PST.3MSG>PST.3PL	test
LX-82d311e1e1:PST.3MSG>PST.1PL	test
LX-82d311e1e1:PST.3MSG>PST.1SG	test
LX-82d311e1e1:PST.3MSG>PST.2FPL	test
LX-82d311e1e1:PST.3MSG>PST.2FSG	test
LX-82d311e1e1:PST.3MSG>PST.2MPL	test
LX-82d311e1e1:PST.3MSG>PST.2MSG	test
LX-82d311e1e1:PST.3MSG>PST.3FSG	test
LX-82d311e1e1:PST.3MSG>PST.3PL	test
LX-84c0234a15:PST.3MSG>PST.1PL	test
LX-84c0234a15:PST.3MSG>PST.1SG	test
LX-84c0234a15:PST.3MSG>PST.2FPL	test
LX-84c0234a15:PST.3MSG>PST.2FSG	test
LX-84c0234a15:PST.3MSG>PST.2MPL	test
LX-84c0234a15:PST.3MSG>PST.2MSG	test
LX-84c0234a15:PST.3MSG>PST.3FSG	test
LX-84c0234a15:PST.3MSG>PST.3PL	test
LX-84c2e16a81:PST.3MSG>PST.1PL	test
LX-84c2e16a81:PST.3MSG>PST.3FSG	test
LX-84c2e16a81:PST.3MSG>PST.3PL	test
LX-84d1314266:PST.3MSG>PST.1PL	test
LX-84d1314266:PST.3MSG>PST.3FSG	test
LX-84d1314266:PST.3MSG>PST.3PL	test
LX-84f4a01728:PST.3MSG>PST.1PL	test
LX-84f4a01728:PST.3MSG>PST.1SG	test
LX-84f4a01728:PST.3MSG>PST.2FPL	test
LX-84f4a01728:PST.3MSG>PST.2FSG	test
LX-84f4a01728:PST.3MSG>PST.2MPL	test
LX-84f4a01728:PST.3MSG>PST.2MSG	test
LX-84f4a01728:PST.3MSG>PST.3FSG	test
LX-84f4a01728:PST.3MSG>PST.3PL	test
LX-859c0a3e6b:PST.3MSG>PST.1PL	test
LX-859c0a3e6b:PST.3MSG>PST.1SG	test
LX-859c0a3e6b:PST.3MSG>PST.2FPL	test
LX-859c0a3e6b:PST.3MSG>PST.2FSG	test
LX-859c0a3e6b:PST.3MSG>PST.2MPL	test
LX-859c0a3e6b:PST.3MSG>PST.2MSG	test
LX-859c0a3e6b:PST.3MSG>PST.3FSG	test
LX-859c0a3e6b:PST.3MSG>PST.3PL	test
LX-87906e22bd:PST.3MSG>PST.1PL	test
LX-87906e22bd:PST.3MSG>PST.1SG	test
LX-87906e22bd:PST.3MSG>PST.2FPL	test
LX-87906e22bd:PST.3MSG>PST.2FSG	test
LX-87906e22bd:PST.3MSG>PST.2MPL	test
LX-87906e22bd:PST.3MSG>PST.2MSG	test
LX-87906e22bd:PST.3MSG>PST.3FSG	test
LX-87906e22bd:PST.3MSG>PST.3PL	test
LX-8b75fd350a:PST.3MSG>PST.1PL	test
LX-8b75fd350a:PST.3MSG>PST.1SG	test
LX-8b75fd350a:PST.3MSG>PST.2FPL	test
LX-8b75fd350a:PST.3MSG>PST.2FSG	test
LX-8b75fd350a:PST.3MSG>PST.2MPL	test
LX-8b75fd350a:PST.3MSG>PST.2MSG	test
LX-8b75fd350a:PST.3MSG>PST.3FSG	test
LX-8b75fd350a:PST.3MSG>PST.3PL	test
LX-8d14308d16:PST.3MSG>PST.1PL	test
LX-8d14308d16:PST.3MSG>PST.1SG	test
LX-8d14308d16:PST.3MSG>PST.2FPL	test
LX-8d14308d16:PST.3MSG>PST.2FSG	test
LX-8d14308d16:PST.3MSG>PST.2MPL	test
LX-8d14308d16:PST.3MSG>PST.2MSG	test
LX-8d14308d16:PST.3MSG>PST.3FSG	test
LX-8d14308d16:PST.3MSG>PST.3PL	test
LX-90e9f30f07:PST.3MSG>PST.1PL	test
LX-90e9f30f07:PST.3MSG>PST.1SG	test
LX-90e9f30f07:PST.3MSG>PST.2FPL	test
LX-90e9f30f07:PST.3MSG>PST.2FSG	test
LX-90e9f30f07:PST.3MSG>PST.2MPL	test
LX-90e9f30f07:PST.3MSG>PST.2MSG	test
LX-90e9f30f07:PST.3MSG>PST.3FSG	test
LX-90e9f30f07:PST.3MSG>PST.3PL	test
LX-9359efa622:PST.3MSG>PST.1PL	test
LX-9359efa622:PST.3MSG>PST.1SG	test
LX-9359efa622:PST.3MSG>PST.2FPL	test
LX-9359efa622:PST.3MSG>PST.2FSG	test
LX-9359efa622:PST.3MSG>PST.2MPL	test
LX-9359efa622:PST.3MSG>PST.2MSG	test
LX-9359efa622:PST.3MSG>PST.3FSG	test
LX-9359efa622:PST.3MSG>PST.3PL	test
LX-9b1c3af462:PST.3MSG>PST.1PL	test
LX-9b1c3af462:PST.3MSG>PST.1SG	test
LX-9b1c3af462:PST.3MSG>PST.2FPL	test
LX-9b1c3af462:PST.3MSG>PST.2FSG	test
LX-9b1c3af462:PST.3MSG>PST.2MPL	test
LX-9b1c3af462:PST.3MSG>PST.2MSG	test
LX-9b1c3af462:PST.3MSG>PST.3FSG	test
LX-9b1c3af462:PST.3MSG>PST.3PL	test
LX-9c8c65490a:PST.3MSG>PST.1PL	test
LX-9c8c65490a:PST.3MSG>PST.1SG	test
LX-9c8c65490a:PST.3MSG>PST.2FPL	test
LX-9c8c65490a:PST.3MSG>PST.2FSG	test
LX-9c8c65490a:PST.3MSG>PST.2MPL	test
LX-9c8c65490a:PST.3MSG>PST.2MSG	test
LX-9c8c65490a:PST.3MSG>PST.3FSG	test
LX-9c8c65490a:PST.3MSG>PST.3PL	test
LX-9c9931e2cb:PST.3MSG>PST.1PL	test
LX-9c9931e2cb:PST.3MSG>PST.1SG	test
LX-9c9931e2cb:PST.3MSG>PST.2FPL	test
LX-9c9931e2cb:PST.3MSG>PST.2FSG	test
LX-9c9931e2cb:PST.3MSG>PST.2MPL	test
LX-9c9931e2cb:PST.3MSG>PST.2MSG	test
LX-9c9931e2cb:PST.3MSG>PST.3FSG	test
LX-9c9931e2cb:PST.3MSG>PST.3PL	test
LX-9e5c4f8bbc:PST.3MSG>PST.1PL	test
LX-9e5c4f8bbc:PST.3MSG>PST.1SG	test
LX-9e5c4f8bbc:PST.3MSG>PST.2FPL	test
LX-9e5c4f8bbc:PST.3MSG>PST.2FSG	test
LX-9e5c4f8bbc:PST.3MSG>PST.2MPL	test
LX-9e5c4f8bbc:PST.3MSG>PST.2MSG	test
LX-9e5c4f8bbc:PST.3MSG>PST.3FSG	test
LX-9e5c4f8bbc:PST.3MSG>PST.3PL	test
LX-a1721232ad:PST.3MSG>PST.1PL	test
LX-a1721232ad:PST.3MSG>PST.1SG	test
LX-a1721232ad:PST.3MSG>PST.2FPL	test
LX-a1721232ad:PST.3MSG>PST.2FSG	test
LX-a1721232ad:PST.3MSG>PST.2MPL	test
LX-a1721232ad:PST.3MSG>PST.2MSG	test
LX-a1721232ad:PST.3MSG>PST.3FSG	test
LX-a1721232ad:PST.3MSG>PST.3PL	test
LX-a1730da6ca:PST.3MSG>PST.1PL	test
LX-a1730da6ca:PST.3MSG>PST.1SG	test
LX-a1730da6ca:PST.3MSG>PST.2FPL	test
LX-a1730da6ca:PST.3MSG>PST.2FSG	test
LX-a1730da6ca:PST.3MSG>PST.2MPL	test
LX-a1730da6ca:PST.3MSG>PST.2MSG	test
LX-a1730da6ca:PST.3MSG>PST.3FSG	test
LX-a1730da6ca:PST.3MSG>PST.3PL	test
LX-a2d4cd4ef4:PST.3MSG>PST.1PL	test
LX-a2d4cd4ef4:PST.3MSG>PST.1SG	test
LX-a2d4cd4ef4:PST.3MSG>PST.2FPL	test
LX-a2d4cd4ef4:PST.3MSG>PST.2FSG	test
LX-a2d4cd4ef4:PST.3MSG>PST.2MPL	test
LX-a2d4cd4ef4:PST.3MSG>PST.2MSG	test
LX-a2d4cd4ef4:PST.3MSG>PST.3FSG	test
LX-a2d4cd4ef4:PST.3MSG>PST.3PL	test
LX-a498af67b5:PST.3MSG>PST.1PL	test
LX-a498af67b5:PST.3MSG>PST.1SG	test
LX-a498af67b5:PST.3MSG>PST.2FPL	test
LX-a498af67b5:PST.3MSG>PST.2FSG	test
LX-a498af67b5:PST.3MSG>PST.2MPL	test
LX-a498af67b5:PST.3MSG>PST.2MSG	test
LX-a498af67b5:PST.3MSG>PST.3FSG	test
LX-a498af67b5:PST.3MSG>PST.3PL	test
LX-a640e0449d:PST.3MSG>PST.1PL	test
LX-a640e0449d:PST.3MSG>PST.1SG	test
LX-a640e0449d:PST.3MSG>PST.2FPL	test
LX-a640e0449d:PST.3MSG>PST.2FSG	test
LX-a640e0449d:PST.3MSG>PST.2MPL	test
LX-a640e0449d:PST.3MSG>PST.2MSG	test
LX-a640e0449d:PST.3MSG>PST.3FSG	test
LX-a640e0449d:PST.3MSG>PST.3PL	test
LX-a6cb134b21:PST.3MSG>PST.1PL	test
LX-a6cb134b21:PST.3MSG>PST.1SG	test
LX-a6cb134b21:PST.3MSG>PST.2FPL	test
LX-a6cb134b21:PST.3MSG>PST.2FSG	test
LX-a6cb134b21:PST.3MSG>PST.2MPL	test
LX-a6cb134b21:PST.3MSG>PST.2MSG	test
LX-a6cb134b21:PST.3MSG>PST.3FSG	test
LX-a6cb134b21:PST.3MSG>PST.3PL	test
LX-a850898d95:PST.3MSG>PST.1PL	test
LX-a850898d95:PST.3MSG>PST.1SG	test
LX-a850898d95:PST.3MSG>PST.2FPL	test
LX-a850898d95:PST.3MSG>PST.2FSG	test
LX-a850898d95:PST.3MSG>PST.2MPL	test
LX-a850898d95:PST.3MSG>PST.2MSG	test
LX-a850898d95:PST.3MSG>PST.3FSG	test
LX-a850898d95:PST.3MSG>PST.3PL	test
LX-af3a35eb19:PST.3MSG>PST.1PL	test
LX-af3a35eb19:PST.3MSG>PST.1SG	test
LX-af3a35eb19:PST.3MSG>PST.2FPL	test
LX-af3a35eb19:PST.3MSG>PST.2FSG	test
LX-af3a35eb19:PST.3MSG>PST.2MPL	test
LX-af3a35eb19:PST.3MSG>PST.2MSG	test
LX-af3a35eb19:PST.3MSG>PST.3FSG	test
LX-af3a35eb19:PST.3MSG>PST.3PL	test
LX-aff5a4ad55:PST.3MSG>PST.1PL	test
LX-aff5a4ad55:PST.3MSG>PST.1SG	test
LX-aff5a4ad55:PST.3MSG>PST.2FPL	test
LX-aff5a4ad55:PST.3MSG>PST.2FSG	test
LX-aff5a4ad55:PST.3MSG>PST.2MPL	test
LX-aff5a4ad55:PST.3MSG>PST.2MSG	test
LX-aff5a4ad55:PST.3MSG>PST.3FSG	test
LX-aff5a4ad55:PST.3MSG>PST.3PL	test
LX-b0d0d2151e:PST.3MSG>PST.1PL	test
LX-b0d0d2151e:PST.3MSG>PST.1SG	test
LX-b0d0d2151e:PST.3MSG>PST.2FPL	test
LX-b0d0d2151e:PST.3MSG>PST.2FSG	test
LX-b0d0d2151e:PST.3MSG>PST.2MPL	test
LX-b0d0d2151e:PST.3MSG>PST.2MSG	test
LX-b0d0d2151e:PST.3MSG>PST.3FSG	test
LX-b0d0d2151e:PST.3MSG>PST.3PL	test
LX-b1c181eb09:PST.3MSG>PST.1PL	test
LX-b1c181eb09:PST.3MSG>PST.1SG	test
LX-b1c181eb09:PST.3MSG>PST.2FPL	test
LX-b1c181eb09:PST.3MSG>PST.2FSG	test
LX-b1c181eb09:PST.3MSG>PST.2MPL	test
LX-b1c181eb09:PST.3MSG>PST.2MSG	test
LX-b1c181eb09:PST.3MSG>PST.3FSG	test
LX-b1c181eb09:PST.3MSG>PST.3PL	test
LX-b21954ec6c:PST.3MSG>PST.1PL	test
LX-b21954ec6c:PST.3MSG>PST.1SG	test
LX-b21954ec6c:PST.3MSG>PST.2FPL	test
LX-b21954ec6c:PST.3MSG>PST.2FSG	test
LX-b21954ec6c:PST.3MSG>PST.2MPL	test
LX-b21954ec6c:PST.3MSG>PST.2MSG	test
LX-b21954ec6c:PST.3MSG>PST.3FSG	test
LX-b21954ec6c:PST.3MSG>PST.3PL	test
LX-b3899b9aae:PST.3MSG>PST.1PL	test
LX-b3899b9aae:PST.3MSG>PST.1SG	test
LX-b3899b9aae:PST.3MSG>PST.2FPL	test
LX-b3899b9aae:PST.3MSG>PST.2FSG	test
LX-b3899b9aae:PST.3MSG>PST.2MPL	test
LX-b3899b9aae:PST.3MSG>PST.2MSG	test
LX-b3899b9aae:PST.3MSG>PST.3FSG	test
LX-b3899b9aae:PST.3MSG>PST.3PL	test
LX-b3c9022775:PST.3MSG>PST.1PL	test
LX-b3c9022775:PST.3MSG>PST.1SG	test
LX-b3c9022775:PST.3MSG>PST.2FPL	test
LX-b3c9022775:PST.3MSG>PST.2FSG	test
LX-b3c9022775:PST.3MSG>PST.2MPL	test
LX-b3c9022775:PST.3MSG>PST.2MSG	test
LX-b3c9022775:PST.3MSG>PST.3FSG	test
LX-b3c9022775:PST.3MSG>PST.3PL	test
LX-b4edc12a9a:PST.3MSG>PST.1PL	test
LX-b4edc12a9a:PST.3MSG>PST.1SG	test
LX-b4edc12a9a:PST.3MSG>PST.2FPL	test
LX-b4edc12a9a:PST.3MSG>PST.2FSG	test
LX-b4edc12a9a:PST.3MSG>PST.2MPL	test
LX-b4edc12a9a:PST.3MSG>PST.2MSG	test
LX-b4edc12a9a:PST.3MSG>PST.3FSG	test
LX-b4edc12a9a:PST.3MSG>PST.3PL	test
LX-b50751ff7e:PST.3MSG>PST.1PL	test
LX-b50751ff7e:PST.3MSG>PST.1SG	test
LX-b50751ff7e:PST.3MSG>PST.2FPL	test
LX-b50751ff7e:PST.3MSG>PST.2FSG	test
LX-b50751ff7e:PST.3MSG>PST.2MPL	test
LX-b50751ff7e:PST.3MSG>PST.2MSG	test
LX-b50751ff7e:PST.3MSG>PST.3FSG	test
LX-b50751ff7e:PST.3MSG>PST.3PL	test
LX-b513d389f8:PST.3MSG>PST.1PL	test
LX-b513d389f8:PST.3MSG>PST.1SG	test
LX-b513d389f8:PST.3MSG>PST.2FPL	test
LX-b513d389f8:PST.3MSG>PST.2FSG	test
LX-b513d389f8:PST.3MSG>PST.2MPL	test
LX-b513d389f8:PST.3MSG>PST.2MSG	test
LX-b513d389f8:PST.3MSG>PST.3FSG	test
LX-b513d389f8:PST.3MSG>PST.3PL	test
LX-b8957b0c59:PST.3MSG>PST.1PL	test
LX-b8957b0c59:PST.3MSG>PST.1SG	test
LX-b8957b0c59:PST.3MSG>PST.2FPL	test
LX-b8957b0c59:PST.3MSG>PST.2FSG	test
LX-b8957b0c59:PST.3MSG>PST.2MPL	test
LX-b8957b0c59:PST.3MSG>PST.2MSG	test
LX-b8957b0c59:PST.3MSG>PST.3FSG	test
LX-b8957b0c59:PST.3MSG>PST.3PL	test
LX-b99bcc9306:PST.3MSG>PST.1PL	test
LX-b99bcc9306:PST.3MSG>PST.1SG	test
LX-b99bcc9306:PST.3MSG>PST.2FPL	test
LX-b99bcc9306:PST.3MSG>PST.2FSG	test
LX-b99bcc9306:PST.3MSG>PST.2MPL	test
LX-b99bcc9306:PST.3MSG>PST.2MSG	test
LX-b99bcc9306:PST.3MSG>PST.3FSG	test
LX-b99bcc9306:PST.3MSG>PST.3PL	test
LX-bb95efdabf:PST.3MSG>PST.1PL	test
LX-bb95efdabf:PST.3MSG>PST.1SG	test
LX-bb95efdabf:PST.3MSG>PST.2FPL	test
LX-bb95efdabf:PST.3MSG>PST.2FSG	test
LX-bb95efdabf:PST.3MSG>PST.2MPL	test
LX-bb95efdabf:PST.3MSG>PST.2MSG	test
LX-bb95efdabf:PST.3MSG>PST.3FSG	test
LX-bb95efdabf:PST.3MSG>PST.3PL	test
LX-bc7b3ef67f:PST.3MSG>PST.1PL	test
LX-bc7b3ef67f:PST.3MSG>PST.1SG	test
LX-bc7b3ef67f:PST.3MSG>PST.2FPL	test
LX-bc7b3ef67f:PST.3MSG>PST.2FSG	test
LX-bc7b3ef67f:PST.3MSG>PST.2MPL	test
LX-bc7b3ef67f:PST.3MSG>PST.2MSG	test
LX-bc7b3ef67f:PST.3MSG>PST.3FSG	test
LX-bc7b3ef67f:PST.3MSG>PST.3PL	test
LX-bcb4b554a9:PST.3MSG>PST.1PL	test
LX-bcb4b554a9:PST.3MSG>PST.1SG	test
LX-bcb4b554a9:PST.3MSG>PST.2FPL	test
LX-bcb4b554a9:PST.3MSG>PST.2FSG	test
LX-bcb4b554a9:PST.3MSG>PST.2MPL	test
LX-bcb4b554a9:PST.3MSG>PST.2MSG	test
LX-bcb4b554a9:PST.3MSG>PST.3FSG	test
LX-bcb4b554a9:PST.3MSG>PST.3PL	test
LX-bf0b93114e:PST.3MSG>PST.1PL	test
LX-bf0b93114e:PST.3MSG>PST.1SG	test
LX-bf0b93114e:PST.3MSG>PST.2FPL	test
LX-bf0b93114e:PST.3MSG>PST.2FSG	test
LX-bf0b93114e:PST.3MSG>PST.2MPL	test
LX-bf0b93114e:PST.3MSG>PST.2MSG	test
LX-bf0b93114e:PST.3MSG>PST.3FSG	test
LX-bf0b93114e:PST.3MSG>PST.3PL	test
LX-c77a638fe9:PST.3MSG>PST.1PL	test
LX-c77a638fe9:PST.3MSG>PST.1SG	test
LX-c77a638fe9:PST.3MSG>PST.2FPL	test
LX-c77a638fe9:PST.3MSG>PST.2FSG	test
LX-c77a638fe9:PST.3MSG>PST.2MPL	test
LX-c77a638fe9:PST.3MSG>PST.2MSG	test
LX-c77a638fe9:PST.3MSG>PST.3FSG	test
LX-c77a638fe9:PST.3MSG>PST.3PL	test
LX-c7ccef968d:PST.3MSG>PST.1PL	test
LX-c7ccef968d:PST.3MSG>PST.1SG	test
LX-c7ccef968d:PST.3MSG>PST.2FPL	test
LX-c7ccef968d:PST.3MSG>PST.2FSG	test
LX-c7ccef968d:PST.3MSG>PST.2MPL	test
LX-c7ccef968d:PST.3MSG>PST.2MSG	test
LX-c7ccef968d:PST.3MSG>PST.3FSG	test
LX-c7ccef968d:PST.3MSG>PST.3PL	test
LX-c7e5205e29:PST.3MSG>PST.1PL	test
LX-c7e5205e29:PST.3MSG>PST.1SG	test
LX-c7e5205e29:PST.3MSG>PST.2FPL	test
LX-c7e5205e29:PST.3MSG>PST.2FSG	test
LX-c7e5205e29:PST.3MSG>PST.2MPL	test
LX-c7e5205e29:PST.3MSG>PST.2MSG	test
LX-c7e5205e29:PST.3MSG>PST.3FSG	test
LX-c7e5205e29:PST.3MSG>PST.3PL	test
LX-c87515b843:PST.3MSG>PST.1PL	test
LX-c87515b843:PST.3MSG>PST.1SG	test
LX-c87515b843:PST.3MSG>PST.2FPL	test
LX-c87515b843:PST.3MSG>PST.2FSG	test
LX-c87515b843:PST.3MSG>PST.2MPL	test
LX-c87515b843:PST.3MSG>PST.2MSG	test
LX-c87515b843:PST.3MSG>PST.3FSG	test
LX-c87515b843:PST.3MSG>PST.3PL	test
LX-c9203ff974:PST.3MSG>PST.1PL	test
LX-c9203ff974:PST.3MSG>PST.1SG	test
LX-c9203ff974:PST.3MSG>PST.2FPL	test
LX-c9203ff974:PST.3MSG>PST.2FSG	test
LX-c9203ff974:PST.3MSG>PST.2MPL	test
LX-c9203ff974:PST.3MSG>PST.2MSG	test
LX-c9203ff974:PST.3MSG>PST.3FSG	test
LX-c9203ff974:PST.3MSG>PST.3PL	test
LX-c9603c82d9:PST.3MSG>PST.1PL	test
LX-c9603c82d9:PST.3MSG>PST.1SG	test
LX-c9603c82d9:PST.3MSG>PST.2FPL	test
LX-c9603c82d9:PST.3MSG>PST.2FSG	test
LX-c9603c82d9:PST.3MSG>PST.2MPL	test
LX-c9603c82d9:PST.3MSG>PST.2MSG	test
LX-c9603c82d9:PST.3MSG>PST.3FSG	test
LX-c9603c82d9:PST.3MSG>PST.3PL	test
LX-c9c893c95f:PST.3MSG>PST.1PL	test
LX-c9c893c95f:PST.3MSG>PST.1SG	test
LX-c9c893c95f:PST.3MSG>PST.2FPL	test
LX-c9c893c95f:PST.3MSG>PST.2FSG	test
LX-c9c893c95f:PST.3MSG>PST.2MPL	test
LX-c9c893c95f:PST.3MSG>PST.2MSG	test
LX-c9c893c95f:PST.3MSG>PST.3FSG	test
LX-c9c893c95f:PST.3MSG>PST.3PL	test
LX-ca93468c6e:PST.3MSG>PST.1PL	test
LX-ca93468c6e:PST.3MSG>PST.1SG	test
LX-ca93468c6e:PST.3MSG>PST.2FPL	test
LX-ca93468c6e:PST.3MSG>PST.2FSG	test
LX-ca93468c6e:PST.3MSG>PST.2MPL	test
LX-ca93468c6e:PST.3MSG>PST.2MSG	test
LX-ca93468c6e:PST.3MSG>PST.3FSG	test
LX-ca93468c6e:PST.3MSG>PST.3PL	test
LX-cb5eb43491:PST.3MSG>PST.1PL	test
LX-cb5eb43491:PST.3MSG>PST.1SG	test
LX-cb5eb43491:PST.3MSG>PST.2FPL	test
LX-cb5eb43491:PST.3MSG>PST.2FSG	test
LX-cb5eb43491:PST.3MSG>PST.2MPL	test
LX-cb5eb43491:PST.3MSG>PST.2MSG	test
LX-cb5eb43491:PST.3MSG>PST.3FSG	test
LX-cb5eb43491:PST.3MSG>PST.3PL	test
LX-cbdb386c05:PST.3MSG>PST.1PL	test
LX-cbdb386c05:PST.3MSG>PST.1SG	test
LX-cbdb386c05:PST.3MSG>PST.2FPL	test
LX-cbdb386c05:PST.3MSG>PST.2FSG	test
LX-cbdb386c05:PST.3MSG>PST.2MPL	test
LX-cbdb386c05:PST.3MSG>PST.2MSG	test
LX-cbdb386c05:PST.3MSG>PST.3FSG	test
LX-cbdb386c05:PST.3MSG>PST.3PL	test
LX-cc0b52fbbd:PST.3MSG>PST.1PL	test
LX-cc0b52fbbd:PST.3MSG>PST.1SG	test
LX-cc0b52fbbd:PST.3MSG>PST.2FPL	test
LX-cc0b52fbbd:PST.3MSG>PST.2FSG	test
LX-cc0b52fbbd:PST.3MSG>PST.2MPL	test
LX-cc0b52fbbd:PST.3MSG>PST.2MSG	test
LX-cc0b52fbbd:PST.3MSG>PST.3FSG	test
LX-cc0b52fbbd:PST.3MSG>PST.3PL	test
LX-cc671cd248:PST.3MSG>PST.1PL	test
LX-cc671cd248:PST.3MSG>PST.1SG	test
LX-cc671cd248:PST.3MSG>PST.2FPL	test
LX-cc671cd248:PST.3MSG>PST.2FSG	test
LX-cc671cd248:PST.3MSG>PST.2MPL	test
LX-cc671cd248:PST.3MSG>PST.2MSG	test
LX-cc671cd248:PST.3MSG>PST.3FSG	test
LX-cc671cd248:PST.3MSG>PST.3PL	test
LX-cdb366ab36:PST.3MSG>PST.1PL	test
LX-cdb366ab36:PST.3MSG>PST.1SG	test
LX-cdb366ab36:PST.3MSG>PST.2FPL	test
LX-cdb366ab36:PST.3MSG>PST.2FSG	test
LX-cdb366ab36:PST.3MSG>PST.2MPL	test
LX-cdb366ab36:PST.3MSG>PST.2MSG	test
LX-cdb366ab36:PST.3MSG>PST.3FSG	test
LX-cdb366ab36:PST.3MSG>PST.3PL	test
LX-ced0f34dcc:PST.3MSG>PST.1PL	test
LX-ced0f34dcc:PST.3MSG>PST.1SG	test
LX-ced0f34dcc:PST.3MSG>PST.2FPL	test
LX-ced0f34dcc:PST.3MSG>PST.2FSG	test
LX-ced0f34dcc:PST.3MSG>PST.2MPL	test
LX-ced0f34dcc:PST.3MSG>PST.2MSG	test
LX-ced0f34dcc:PST.3MSG>PST.3FSG	test
LX-ced0f34dcc:PST.3MSG>PST.3PL	test
LX-cfdfc400fd:PST.3MSG>PST.1PL	test
LX-cfdfc400fd:PST.3MSG>PST.1SG	test
LX-cfdfc400fd:PST.3MSG>PST.2FPL	test
LX-cfdfc400fd:PST.3MSG>PST.2FSG	test
LX-cfdfc400fd:PST.3MSG>PST.2MPL	test
LX-cfdfc400fd:PST.3MSG>PST.2MSG	test
LX-cfdfc400fd:PST.3MSG>PST.3FSG	test
LX-cfdfc400fd:PST.3MSG>PST.3PL	test
LX-d0cbfb1ff3:PST.3MSG>PST.1PL	test
LX-d0cbfb1ff3:PST.3MSG>PST.1SG	test
LX-d0cbfb1ff3:PST.3MSG>PST.2FPL	test
LX-d0cbfb1ff3:PST.3MSG>PST.2FSG	test
LX-d0cbfb1ff3:PST.3MSG>PST.2MPL	test
LX-d0cbfb1ff3:PST.3MSG>PST.2MSG	test
LX-d0cbfb1ff3:PST.3MSG>PST.3FSG	test
LX-d0cbfb1ff3:PST.3MSG>PST.3PL	test
LX-d1901793de:PST.3MSG>PST.1PL	test
LX-d1901793de:PST.3MSG>PST.1SG	test
LX-d1901793de:PST.3MSG>PST.2FPL	test
LX-d1901793de:PST.3MSG>PST.2FSG	test
LX-d1901793de:PST.3MSG>PST.2MPL	test
LX-d1901793de:PST.3MSG>PST.2MSG	test
LX-d1901793de:PST.3MSG>PST.3FSG	test
LX-d1901793de:PST.3MSG>PST.3PL	test
LX-d38eacbf0b:PST.3MSG>PST.1PL	test
LX-d38eacbf0b:PST.3MSG>PST.1SG	test
LX-d38eacbf0b:PST.3MSG>PST.2FPL	test
LX-d38eacbf0b:PST.3MSG>PST.2FSG	test
LX-d38eacbf0b:PST.3MSG>PST.2MPL	test
LX-d38eacbf0b:PST.3MSG>PST.2MSG	test
LX-d38eacbf0b:PST.3MSG>PST.3FSG	test
LX-d38eacbf0b:PST.3MSG>PST.3PL	test
LX-d3c5e99129:PST.3MSG>PST.1PL	test
LX-d3c5e99129:PST.3MSG>PST.1SG	test
LX-d3c5e99129:PST.3MSG>PST.2FPL	test
LX-d3c5e99129:PST.3MSG>PST.2FSG	test
LX-d3c5e99129:PST.3MSG>PST.2MPL	test
LX-d3c5e99129:PST.3MSG>PST.2MSG	test
LX-d3c5e99129:PST.3MSG>PST.3FSG	test
LX-d3c5e99129:PST.3MSG>PST.3PL	test
LX-d447946745:PST.3MSG>PST.1PL	test
LX-d447946745:PST.3MSG>PST.1SG	test
LX-d447946745:PST.3MSG>PST.2FPL	test
LX-d447946745:PST.3MSG>PST.2FSG	test
LX-d447946745:PST.3MSG>PST.2MPL	test
LX-d447946745:PST.3MSG>PST.2MSG	test
LX-d447946745:PST.3MSG>PST.3FSG	test
LX-d447946745:PST.3MSG>PST.3PL	test
LX-d7299b7567:PST.3MSG>PST.1PL	test
LX-d7299b7567:PST.3MSG>PST.1SG	test
LX-d7299b7567:PST.3MSG>PST.2FPL	test
LX-d7299b7567:PST.3MSG>PST.2FSG	test
LX-d7299b7567:PST.3MSG>PST.2MPL	test
LX-d7299b7567:PST.3MSG>PST.2MSG	test
LX-d7299b7567:PST.3MSG>PST.3FSG	test
LX-d7299b7567:PST.3MSG>PST.3PL	test
LX-d769196e21:PST.3MSG>PST.1PL	test
LX-d769196e21:PST.3MSG>PST.1SG	test
LX-d769196e21:PST.3MSG>PST.2FPL	test
LX-d769196e21:PST.3MSG>PST.2FSG	test
LX-d769196e21:PST.3MSG>PST.2MPL	test
LX-d769196e21:PST.3MSG>PST.2MSG	test
LX-d769196e21:PST.3MSG>PST.3FSG	test
LX-d769196e21:PST.3MSG>PST.3PL	test
LX-d7dfb92b44:PST.3MSG>PST.1PL	test
LX-d7dfb92b44:PST.3MSG>PST.1SG	test
LX-d7dfb92b44:PST.3MSG>PST.2FPL	test
LX-d7dfb92b44:PST.3MSG>PST.2FSG	test
LX-d7dfb92b44:PST.3MSG>PST.2MPL	test
LX-d7dfb92b44:PST.3MSG>PST.2MSG	test
LX-d7dfb92b44:PST.3MSG>PST.3FSG	test
LX-d7dfb92b44:PST.3MSG>PST.3PL	test
LX-d92be487e0:PST.3MSG>PST.1PL	test
LX-d92be487e0:PST.3MSG>PST.1SG	test
LX-d92be487e0:PST.3MSG>PST.2FPL	test
LX-d92be487e0:PST.3MSG>PST.2FSG	test
LX-d92be487e0:PST.3MSG>PST.2MPL	test
LX-d92be487e0:PST.3MSG>PST.2MSG	test
LX-d92be487e0:PST.3MSG>PST.3FSG	test
LX-d92be487e0:PST.3MSG>PST.3PL	test
LX-d99a5eb58a:PST.3MSG>PST.1PL	test
LX-d99a5eb58a:PST.3MSG>PST.1SG	test
LX-d99a5eb58a:PST.3MSG>PST.2FPL	test
LX-d99a5eb58a:PST.3MSG>PST.2FSG	test
LX-d99a5eb58a:PST.3MSG>PST.2MPL	test
LX-d99a5eb58a:PST.3MSG>PST.2MSG	test
LX-d99a5eb58a:PST.3MSG>PST.3FSG	test
LX-d99a5eb58a:PST.3MSG>PST.3PL	test
LX-de85f9dc81:PST.3MSG>PST.1PL	test
LX-de85f9dc81:PST.3MSG>PST.1SG	test
LX-de85f9dc81:PST.3MSG>PST.2FPL	test
LX-de85f9dc81:PST.3MSG>PST.2FSG	test
LX-de85f9dc81:PST.3MSG>PST.2MPL	test
LX-de85f9dc81:PST.3MSG>PST.2MSG	test
LX-de85f9dc81:PST.3MSG>PST.3FSG	test
LX-de85f9dc81:PST.3MSG>PST.3PL	test
LX-e25287e53f:PST.3MSG>PST.1PL	test
LX-e25287e53f:PST.3MSG>PST.1SG	test
LX-e25287e53f:PST.3MSG>PST.2FPL	test
LX-e25287e53f:PST.3MSG>PST.2FSG	test
LX-e25287e53f:PST.3MSG>PST.2MPL	test
LX-e25287e53f:PST.3MSG>PST.2MSG	test
LX-e25287e53f:PST.3MSG>PST.3FSG	test
LX-e25287e53f:PST.3MSG>PST.3PL	test
LX-e2cb522b2d:PST.3MSG>PST.1PL	test
LX-e2cb522b2d:PST.3MSG>PST.1SG	test
LX-e2cb522b2d:PST.3MSG>PST.2FPL	test
LX-e2cb522b2d:PST.3MSG>PST.2FSG	test
LX-e2cb522b2d:PST.3MSG>PST.2MPL	test
LX-e2cb522b2d:PST.3MSG>PST.2MSG	test
LX-e2cb522b2d:PST.3MSG>PST.3FSG	test
LX-e2cb522b2d:PST.3MSG>PST.3PL	test
LX-e5193defc1:PST.3MSG>PST.1PL	test
LX-e5193defc1:PST.3MSG>PST.1SG	test
LX-e5193defc1:PST.3MSG>PST.2FPL	test
LX-e5193defc1:PST.3MSG>PST.2FSG	test
LX-e5193defc1:PST.3MSG>PST.2MPL	test
LX-e5193defc1:PST.3MSG>PST.2MSG	test
LX-e5193defc1:PST.3MSG>PST.3FSG	test
LX-e5193defc1:PST.3MSG>PST.3PL	test
LX-e5c08439ab:PST.3MSG>PST.1PL	test
LX-e5c08439ab:PST.3MSG>PST.1SG	test
LX-e5c08439ab:PST.3MSG>PST.2FPL	test
LX-e5c08439ab:PST.3MSG>PST.2FSG	test
LX-e5c08439ab:PST.3MSG>PST.2MPL	test
LX-e5c08439ab:PST.3MSG>PST.2MSG	test
LX-e5c08439ab:PST.3MSG>PST.3FSG	test
LX-e5c08439ab:PST.3MSG>PST.3PL	test
LX-e5cd4ef5f5:PST.3MSG>PST.1PL	test
LX-e5cd4ef5f5:PST.3MSG>PST.1SG	test
LX-e5cd4ef5f5:PST.3MSG>PST.2FPL	test
LX-e5cd4ef5f5:PST.3MSG>PST.2FSG	test
LX-e5cd4ef5f5:PST.3MSG>PST.2MPL	test
LX-e5cd4ef5f5:PST.3MSG>PST.2MSG	test
LX-e5cd4ef5f5:PST.3MSG>PST.3FSG	test
LX-e5cd4ef5f5:PST.3MSG>PST.3PL	test
LX-e70e70af87:PST.3MSG>PST.1PL	test
LX-e70e70af87:PST.3MSG>PST.1SG	test
LX-e70e70af87:PST.3MSG>PST.2FPL	test
LX-e70e70af87:PST.3MSG>PST.2FSG	test
LX-e70e70af87:PST.3MSG>PST.2MPL	test
LX-e70e70af87:PST.3MSG>PST.2MSG	test
LX-e70e70af87:PST.3MSG>PST.3FSG	test
LX-e70e70af87:PST.3MSG>PST.3PL	test
LX-e8c2490fc9:PST.3MSG>PST.1PL	test
LX-e8c2490fc9:PST.3MSG>PST.1SG	test
LX-e8c2490fc9:PST.3MSG>PST.2FPL	test
LX-e8c2490fc9:PST.3MSG>PST.2FSG	test
LX-e8c2490fc9:PST.3MSG>PST.2MPL	test
LX-e8c2490fc9:PST.3MSG>PST.2MSG	test
LX-e8c2490fc9:PST.3MSG>PST.3FSG	test
LX-e8c2490fc9:PST.3MSG>PST.3PL	test
LX-e919f52b15:PST.3MSG>PST.1PL	test
LX-e919f52b15:PST.3MSG>PST.1SG	test
LX-e919f52b15:PST.3MSG>PST.2FPL	test
LX-e919f52b15:PST.3MSG>PST.2FSG	test
LX-e919f52b15:PST.3MSG>PST.2MPL	test
LX-e919f52b15:PST.3MSG>PST.2MSG	test
LX-e919f52b15:PST.3MSG>PST.3FSG	test
LX-e919f52b15:PST.3MSG>PST.3PL	test
LX-e9a5325895:PST.3MSG>PST.1PL	test
LX-e9a5325895:PST.3MSG>PST.1SG	test
LX-e9a5325895:PST.3MSG>PST.2FPL	test
LX-e9a5325895:PST.3MSG>PST.2FSG	test
LX-e9a5325895:PST.3MSG>PST.2MPL	test
LX-e9a5325895:PST.3MSG>PST.2MSG	test
LX-e9a5325895:PST.3MSG>PST.3FSG	test
LX-e9a5325895:PST.3MSG>PST.3PL	test
LX-ea25ee3884:PST.3MSG>PST.1PL	test
LX-ea25ee3884:PST.3MSG>PST.1SG	test
LX-ea25ee3884:PST.3MSG>PST.2FPL	test
LX-ea25ee3884:PST.3MSG>PST.2FSG	test
LX-ea25ee3884:PST.3MSG>PST.2MPL	test
LX-ea25ee3884:PST.3MSG>PST.2MSG	test
LX-ea25ee3884:PST.3MSG>PST.3FSG	test
LX-ea25ee3884:PST.3MSG>PST.3PL	test
LX-eb646aacf1:PST.3MSG>PST.1PL	test
LX-eb646aacf1:PST.3MSG>PST.1SG	test
LX-eb646aacf1:PST.3MSG>PST.2FPL	test
LX-eb646aacf1:PST.3MSG>PST.2FSG	test
LX-eb646aacf1:PST.3MSG>PST.2MPL	test
LX-eb646aacf1:PST.3MSG>PST.2MSG	test
LX-eb646aacf1:PST.3MSG>PST.3FSG	test
LX-eb646aacf1:PST.3MSG>PST.3PL	test
LX-ebbb34c23c:PST.3MSG>PST.1PL	test
LX-ebbb34c23c:PST.3MSG>PST.1SG	test
LX-ebbb34c23c:PST.3MSG>PST.2FPL	test
LX-ebbb34c23c:PST.3MSG>PST.2FSG	test
LX-ebbb34c23c:PST.3MSG>PST.2MPL	test
LX-ebbb34c23c:PST.3MSG>PST.2MSG	test
LX-ebbb34c23c:PST.3MSG>PST.3FSG	test
LX-ebbb34c23c:PST.3MSG>PST.3PL	test
LX-ec5617194d:PST.3MSG>PST.1PL	test
LX-ec5617194d:PST.3MSG>PST.1SG	test
LX-ec5617194d:PST.3MSG>PST.2FPL	test
LX-ec5617194d:PST.3MSG>PST.2FSG	test
LX-ec5617194d:PST.3MSG>PST.2MPL	test
LX-ec5617194d:PST.3MSG>PST.2MSG	test
LX-ec5617194d:PST.3MSG>PST.3FSG	test
LX-ec5617194d:PST.3MSG>PST.3PL	test
LX-eeb845125c:PST.3MSG>PST.1PL	test
LX-eeb845125c:PST.3MSG>PST.1SG	test
LX-eeb845125c:PST.3MSG>PST.2FPL	test
LX-eeb845125c:PST.3MSG>PST.2FSG	test
LX-eeb845125c:PST.3MSG>PST.2MPL	test
LX-eeb845125c:PST.3MSG>PST.2MSG	test
LX-eeb845125c:PST.3MSG>PST.3FSG	test
LX-eeb845125c:PST.3MSG>PST.3PL	test
LX-eef3b958e9:PST.3MSG>PST.1PL	test
LX-eef3b958e9:PST.3MSG>PST.1SG	test
LX-eef3b958e9:PST.3MSG>PST.2FPL	test
LX-eef3b958e9:PST.3MSG>PST.2FSG	test
LX-eef3b958e9:PST.3MSG>PST.2MPL	test
LX-eef3b958e9:PST.3MSG>PST.2MSG	test
LX-eef3b958e9:PST.3MSG>PST.3FSG	test
LX-eef3b958e9:PST.3MSG>PST.3PL	test
LX-f0664633a4:PST.3MSG>PST.1PL	test
LX-f0664633a4:PST.3MSG>PST.1SG	test
LX-f0664633a4:PST.3MSG>PST.2FPL	test
LX-f0664633a4:PST.3MSG>PST.2FSG	test
LX-f0664633a4:PST.3MSG>PST.2MPL	test
LX-f0664633a4:PST.3MSG>PST.2MSG	test
LX-f0664633a4:PST.3MSG>PST.3FSG	test
LX-f0664633a4:PST.3MSG>PST.3PL	test
LX-f1da8bbf7d:PST.3MSG>PST.1PL	test
LX-f1da8bbf7d:PST.3MSG>PST.1SG	test
LX-f1da8bbf7d:PST.3MSG>PST.2FPL	test
LX-f1da8bbf7d:PST.3MSG>PST.2FSG	test
LX-f1da8bbf7d:PST.3MSG>PST.2MPL	test
LX-f1da8bbf7d:PST.3MSG>PST.2MSG	test
LX-f1da8bbf7d:PST.3MSG>PST.3FSG	test
LX-f1da8bbf7d:PST.3MSG>PST.3PL	test
LX-f38c86e479:PST.3MSG>PST.1PL	test
LX-f38c86e479:PST.3MSG>PST.1SG	test
LX-f38c86e479:PST.3MSG>PST.2FPL	test
LX-f38c86e479:PST.3MSG>PST.2FSG	test
LX-f38c86e479:PST.3MSG>PST.2MPL	test
LX-f38c86e479:PST.3MSG>PST.2MSG	test
LX-f38c86e479:PST.3MSG>PST.3FSG	test
LX-f38c86e479:PST.3MSG>PST.3PL	test
LX-f5f12cd2b9:PST.3MSG>PST.1PL	test
LX-f5f12cd2b9:PST.3MSG>PST.1SG	test
LX-f5f12cd2b9:PST.3MSG>PST.2FPL	test
LX-f5f12cd2b9:PST.3MSG>PST.2FSG	test
LX-f5f12cd2b9:PST.3MSG>PST.2MPL	test
LX-f5f12cd2b9:PST.3MSG>PST.2MSG	test
LX-f5f12cd2b9:PST.3MSG>PST.3FSG	test
LX-f5f12cd2b9:PST.3MSG>PST.3PL	test
LX-fce081a266:PST.3MSG>PST.1PL	test
LX-fce081a266:PST.3MSG>PST.1SG	test
LX-fce081a266:PST.3MSG>PST.2FPL	test
LX-fce081a266:PST.3MSG>PST.2FSG	test
LX-fce081a266:PST.3MSG>PST.2MPL	test
LX-fce081a266:PST.3MSG>PST.2MSG	test
LX-fce081a266:PST.3MSG>PST.3FSG	test
LX-fce081a266:PST.3MSG>PST.3PL	test
LX-fda86f7c3a:PST.3MSG>PST.1PL	test
LX-fda86f7c3a:PST.3MSG>PST.1SG	test
LX-fda86f7c3a:PST.3MSG>PST.2FPL	test
LX-fda86f7c3a:PST.3MSG>PST.2FSG	test
LX-fda86f7c3a:PST.3MSG>PST.2MPL	test
LX-fda86f7c3a:PST.3MSG>PST.2MSG	test
LX-fda86f7c3a:PST.3MSG>PST.3FSG	test
LX-fda86f7c3a:PST.3MSG>PST.3PL	test
LX-fe24b909c1:PST.3MSG>PST.1PL	test
LX-fe24b909c1:PST.3MSG>PST.1SG	test
LX-fe24b909c1:PST.3MSG>PST.2FPL	test
LX-fe24b909c1:PST.3MSG>PST.2FSG	test
LX-fe24b909c1:PST.3MSG>PST.2MPL	test
LX-fe24b909c1:PST.3MSG>PST.2MSG	test
LX-fe24b909c1:PST.3MSG>PST.3FSG	test
LX-fe24b909c1:PST.3MSG>PST.3PL	test
LX-ff1c17daf7:PST.3MSG>PST.1PL	test
LX-ff1c17daf7:PST.3MSG>PST.1SG	test
LX-ff1c17daf7:PST.3MSG>PST.2FPL	test
LX-ff1c17daf7:PST.3MSG>PST.2FSG	test
LX-ff1c17daf7:PST.3MSG>PST.2MPL	test
LX-ff1c17daf7:PST.3MSG>PST.2MSG	test
LX-ff1c17daf7:PST.3MSG>PST.3FSG	test
LX-ff1c17daf7:PST.3MSG>PST.3PL	test
LX-00018e7d56:PST.3MSG>PST.1PL	excluded
LX-00018e7d56:PST.3MSG>PST.1SG	excluded
LX-00018e7d56:PST.3MSG>PST.2FPL	excluded
LX-00018e7d56:PST.3MSG>PST.2FSG	excluded
LX-00018e7d56:PST.3MSG>PST.2MPL	excluded
LX-00018e7d56:PST.3MSG>PST.2MSG	excluded
LX-00018e7d56:PST.3MSG>PST.3FSG	excluded
LX-00018e7d56:PST.3MSG>PST.3PL	excluded
LX-01012cf3d7:PST.3MSG>PST.1PL	excluded
LX-01012cf3d7:PST.3MSG>PST.1SG	excluded
LX-01012cf3d7:PST.3MSG>PST.2FPL	excluded
LX-01012cf3d7:PST.3MSG>PST.2FSG	excluded
LX-01012cf3d7:PST.3MSG>PST.2MPL	excluded
LX-01012cf3d7:PST.3MSG>PST.2MSG	excluded
LX-01012cf3d7:PST.3MSG>PST.3FSG	excluded
LX-01012cf3d7:PST.3MSG>PST.3PL	excluded
LX-013b1f126e:PST.3MSG>PST.1PL	excluded
LX-013b1f126e:PST.3MSG>PST.1SG	excluded
LX-013b1f126e:PST.3MSG>PST.2FPL	excluded
LX-013b1f126e:PST.3MSG>PST.2FSG	excluded
LX-013b1f126e:PST.3MSG>PST.2MPL	excluded
LX-013b1f126e:PST.3MSG>PST.2MSG	excluded
LX-013b1f126e:PST.3MSG>PST.3FSG	excluded
LX-013b1f126e:PST.3MSG>PST.3PL	excluded
LX-034b40ed0d:PST.3MSG>PST.1PL	excluded
LX-034b40ed0d:PST.3MSG>PST.1SG	excluded
LX-034b40ed0d:PST.3MSG>PST.2FPL	excluded
LX-034b40ed0d:PST.3MSG>PST.2FSG	excluded
LX-034b40ed0d:PST.3MSG>PST.2MPL	excluded
LX-034b40ed0d:PST.3MSG>PST.2MSG	excluded
LX-034b40ed0d:PST.3MSG>PST.3FSG	excluded
LX-034b40ed0d:PST.3MSG>PST.3PL	excluded
LX-03b66917fd:PST.3MSG>PST.1PL	excluded
LX-03b66917fd:PST.3MSG>PST.1SG	excluded
LX-03b66917fd:PST.3MSG>PST.2FPL	excluded
LX-03b66917fd:PST.3MSG>PST.2FSG	excluded
LX-03b66917fd:PST.3MSG>PST.2MPL	excluded
LX-03b66917fd:PST.3MSG>PST.2MSG	excluded
LX-03b66917fd:PST.3MSG>PST.3FSG	excluded
LX-03b66917fd:PST.3MSG>PST.3PL	excluded
LX-03d0a49dbc:PST.3MSG>PST.1PL	excluded
LX-03d0a49dbc:PST.3MSG>PST.1SG	excluded
LX-03d0a49dbc:PST.3MSG>PST.2FPL	excluded
LX-03d0a49dbc:PST.3MSG>PST.2FSG	excluded
LX-03d0a49dbc:PST.3MSG>PST.2MPL	excluded
LX-03d0a49dbc:PST.3MSG>PST.2MSG	excluded
LX-03d0a49dbc:PST.3MSG>PST.3FSG	excluded
LX-03d0a49dbc:PST.3MSG>PST.3PL	excluded
LX-041a1e9a8f:PST.3MSG>PST.1PL	excluded
LX-041a1e9a8f:PST.3MSG>PST.1SG	excluded
LX-041a1e9a8f:PST.3MSG>PST.2FPL	excluded
LX-041a1e9a8f:PST.3MSG>PST.2FSG	excluded
LX-041a1e9a8f:PST.3MSG>PST.2MPL	excluded
LX-041a1e9a8f:PST.3MSG>PST.2MSG	excluded
LX-041a1e9a8f:PST.3MSG>PST.3FSG	excluded
LX-041a1e9a8f:PST.3MSG>PST.3PL	excluded
LX-04565cf696:PST.3MSG>PST.1PL	excluded
LX-04565cf696:PST.3MSG>PST.1SG	excluded
LX-04565cf696:PST.3MSG>PST.2FPL	excluded
LX-04565cf696:PST.3MSG>PST.2FSG	excluded
LX-04565cf696:PST.3MSG>PST.2MPL	excluded
LX-04565cf696:PST.3MSG>PST.2MSG	excluded
LX-04565cf696:PST.3MSG>PST.3FSG	excluded
LX-04565cf696:PST.3MSG>PST.3PL	excluded
LX-0502c68f82:PST.3MSG>PST.1PL	excluded
LX-0502c68f82:PST.3MSG>PST.1SG	excluded
LX-0502c68f82:PST.3MSG>PST.2FPL	excluded
LX-0502c68f82:PST.3MSG>PST.2FSG	excluded
LX-0502c68f82:PST.3MSG>PST.2MPL	excluded
LX-0502c68f82:PST.3MSG>PST.2MSG	excluded
LX-0502c68f82:PST.3MSG>PST.3FSG	excluded
LX-0502c68f82:PST.3MSG>PST.3PL	excluded
LX-059f1efcac:PST.3MSG>PST.1PL	excluded
LX-059f1efcac:PST.3MSG>PST.1SG	excluded
LX-059f1efcac:PST.3MSG>PST.2FPL	excluded
LX-059f1efcac:PST.3MSG>PST.2FSG	excluded
LX-059f1efcac:PST.3MSG>PST.2MPL	excluded
LX-059f1efcac:PST.3MSG>PST.2MSG	excluded
LX-059f1efcac:PST.3MSG>PST.3FSG	excluded
LX-059f1efcac:PST.3MSG>PST.3PL	excluded
LX-05b4d79f2d:PST.3MSG>PST.1PL	excluded
LX-05b4d79f2d:PST.3MSG>PST.1SG	excluded
LX-05b4d79f2d:PST.3MSG>PST.2FPL	excluded
LX-05b4d79f2d:PST.3MSG>PST.2FSG	excluded
LX-05b4d79f2d:PST.3MSG>PST.2MPL	excluded
LX-05b4d79f2d:PST.3MSG>PST.2MSG	excluded
LX-05b4d79f2d:PST.3MSG>PST.3FSG	excluded
LX-05b4d79f2d:PST.3MSG>PST.3PL	excluded
LX-073fc756b3:PST.3MSG>PST.1PL	excluded
LX-073fc756b3:PST.3MSG>PST.1SG	excluded
LX-073fc756b3:PST.3MSG>PST.2FPL	excluded
LX-073fc756b3:PST.3MSG>PST.2FSG	excluded
LX-073fc756b3:PST.3MSG>PST.2MPL	excluded
LX-073fc756b3:PST.3MSG>PST.2MSG	excluded
LX-073fc756b3:PST.3MSG>PST.3FSG	excluded
LX-073fc756b3:PST.3MSG>PST.3PL	excluded
LX-08f48de8ae:PST.3MSG>PST.1PL	excluded
LX-08f48de8ae:PST.3MSG>PST.1SG	excluded
LX-08f48de8ae:PST.3MSG>PST.2FPL	excluded
LX-08f48de8ae:PST.3MSG>PST.2FSG	excluded
LX-08f48de8ae:PST.3MSG>PST.2MPL	excluded
LX-08f48de8ae:PST.3MSG>PST.2MSG	excluded
LX-08f48de8ae:PST.3MSG>PST.3FSG	excluded
LX-08f48de8ae:PST.3MSG>PST.3PL	excluded
LX-0a98035de4:PST.3MSG>PST.1PL	excluded
LX-0a98035de4:PST.3MSG>PST.1SG	excluded
LX-0a98035de4:PST.3MSG>PST.2FPL	excluded
LX-0a98035de4:PST.3MSG>PST.2FSG	excluded
LX-0a98035de4:PST.3MSG>PST.2MPL	excluded
LX-0a98035de4:PST.3MSG>PST.2MSG	excluded
LX-0a98035de4:PST.3MSG>PST.3FSG	excluded
LX-0a98035de4:PST.3MSG>PST.3PL	excluded
LX-0b0fa036c7:PST.3MSG>PST.1PL	excluded
LX-0b0fa036c7:PST.3MSG>PST.1SG	excluded
LX-0b0fa036c7:PST.3MSG>PST.2FPL	excluded
LX-0b0fa036c7:PST.3MSG>PST.2FSG	excluded
LX-0b0fa036c7:PST.3MSG>PST.2MPL	excluded
LX-0b0fa036c7:PST.3MSG>PST.2MSG	excluded
LX-0b0fa036c7:PST.3MSG>PST.3FSG	excluded
LX-0b0fa036c7:PST.3MSG>PST.3PL	excluded
LX-0c0e5ea21c:PST.3MSG>PST.1PL	excluded
LX-0c0e5ea21c:PST.3MSG>PST.1SG	excluded
LX-0c0e5ea21c:PST.3MSG>PST.2FPL	excluded
LX-0c0e5ea21c:PST.3MSG>PST.2FSG	excluded
LX-0c0e5ea21c:PST.3MSG>PST.2MPL	excluded
LX-0c0e5ea21c:PST.3MSG>PST.2MSG	excluded
LX-0c0e5ea21c:PST.3MSG>PST.3FSG	excluded
LX-0c0e5ea21c:PST.3MSG>PST.3PL	excluded
LX-0c712b4b70:PST.3MSG>PST.1PL	excluded
LX-0c712b4b70:PST.3MSG>PST.1SG	excluded
LX-0c712b4b70:PST.3MSG>PST.2FPL	excluded
LX-0c712b4b70:PST.3MSG>PST.2FSG	excluded
LX-0c712b4b70:PST.3MSG>PST.2MPL	excluded
LX-0c712b4b70:PST.3MSG>PST.2MSG	excluded
LX-0c712b4b70:PST.3MSG>PST.3FSG	excluded
LX-0c712b4b70:PST.3MSG>PST.3PL	excluded
LX-0d112e9865:PST.3MSG>PST.1PL	excluded
LX-0d112e9865:PST.3MSG>PST.1SG	excluded
LX-0d112e9865:PST.3MSG>PST.2FPL	excluded
LX-0d112e9865:PST.3MSG>PST.2FSG	excluded
LX-0d112e9865:PST.3MSG>PST.2MPL	excluded
LX-0d112e9865:PST.3MSG>PST.2MSG	excluded
LX-0d112e9865:PST.3MSG>PST.3FSG	excluded
LX-0d112e9865:PST.3MSG>PST.3PL	excluded
LX-0da79b5838:PST.3MSG>PST.1PL	excluded
LX-0da79b5838:PST.3MSG>PST.1SG	excluded
LX-0da79b5838:PST.3MSG>PST.2FPL	excluded
LX-0da79b5838:PST.3MSG>PST.2FSG	excluded
LX-0da79b5838:PST.3MSG>PST.2MPL	excluded
LX-0da79b5838:PST.3MSG>PST.2MSG	excluded
LX-0da79b5838:PST.3MSG>PST.3FSG	excluded
LX-0da79b5838:PST.3MSG>PST.3PL	excluded
LX-0f9c3c2451:PST.3MSG>PST.1PL	excluded
LX-0f9c3c2451:PST.3MSG>PST.1SG	excluded
LX-0f9c3c2451:PST.3MSG>PST.2FPL	excluded
LX-0f9c3c2451:PST.3MSG>PST.2FSG	excluded
LX-0f9c3c2451:PST.3MSG>PST.2MPL	excluded
LX-0f9c3c2451:PST.3MSG>PST.2MSG	excluded
LX-0f9c3c2451:PST.3MSG>PST.3FSG	excluded
LX-0f9c3c2451:PST.3MSG>PST.3PL	excluded
LX-1053f15348:PST.3MSG>PST.1PL	excluded
LX-1053f15348:PST.3MSG>PST.1SG	excluded
LX-1053f15348:PST.3MSG>PST.2FPL	excluded
LX-1053f15348:PST.3MSG>PST.2FSG	excluded
LX-1053f15348:PST.3MSG>PST.2MPL	excluded
LX-1053f15348:PST.3MSG>PST.2MSG	excluded
LX-1053f15348:PST.3MSG>PST.3FSG	excluded
LX-1053f15348:PST.3MSG>PST.3PL	excluded
LX-106744db77:PST.3MSG>PST.1PL	excluded
LX-106744db77:PST.3MSG>PST.1SG	excluded
LX-106744db77:PST.3MSG>PST.2FPL	excluded
LX-106744db77:PST.3MSG>PST.2FSG	excluded
LX-106744db77:PST.3MSG>PST.2MPL	excluded
LX-106744db77:PST.3MSG>PST.2MSG	excluded
LX-106744db77:PST.3MSG>PST.3FSG	excluded
LX-106744db77:PST.3MSG>PST.3PL	excluded
LX-10d9508264:PST.3MSG>PST.1PL	excluded
LX-10d9508264:PST.3MSG>PST.1SG	excluded
LX-10d9508264:PST.3MSG>PST.2FPL	excluded
LX-10d9508264:PST.3MSG>PST.2FSG	excluded
LX-10d9508264:PST.3MSG>PST.2MPL	excluded
LX-10d9508264:PST.3MSG>PST.2MSG	excluded
LX-10d9508264:PST.3MSG>PST.3FSG	excluded
LX-10d9508264:PST.3MSG>PST.3PL	excluded
LX-112318d6be:PST.3MSG>PST.1PL	excluded
LX-112318d6be:PST.3MSG>PST.1SG	excluded
LX-112318d6be:PST.3MSG>PST.2FPL	excluded
LX-112318d6be:PST.3MSG>PST.2FSG	excluded
LX-112318d6be:PST.3MSG>PST.2MPL	excluded
LX-112318d6be:PST.3MSG>PST.2MSG	excluded
LX-112318d6be:PST.3MSG>PST.3FSG	excluded
LX-112318d6be:PST.3MSG>PST.3PL	excluded
LX-11c0e46972:PST.3MSG>PST.1PL	excluded
LX-11c0e46972:PST.3MSG>PST.1SG	excluded
LX-11c0e46972:PST.3MSG>PST.2FPL	excluded
LX-11c0e46972:PST.3MSG>PST.2FSG	excluded
LX-11c0e46972:PST.3MSG>PST.2MPL	excluded
LX-11c0e46972:PST.3MSG>PST.2MSG	excluded
LX-11c0e46972:PST.3MSG>PST.3FSG	excluded
LX-11c0e46972:PST.3MSG>PST.3PL	excluded
LX-11f8f3b455:PST.3MSG>PST.1PL	excluded
LX-11f8f3b455:PST.3MSG>PST.1SG	excluded
LX-11f8f3b455:PST.3MSG>PST.2FPL	excluded
LX-11f8f3b455:PST.3MSG>PST.2FSG	excluded
LX-11f8f3b455:PST.3MSG>PST.2MPL	excluded
LX-11f8f3b455:PST.3MSG>PST.2MSG	excluded
LX-11f8f3b455:PST.3MSG>PST.3FSG	excluded
LX-11f8f3b455:PST.3MSG>PST.3PL	excluded
LX-127a854e85:PST.3MSG>PST.1PL	excluded
LX-127a854e85:PST.3MSG>PST.1SG	excluded
LX-127a854e85:PST.3MSG>PST.2FPL	excluded
LX-127a854e85:PST.3MSG>PST.2FSG	excluded
LX-127a854e85:PST.3MSG>PST.2MPL	excluded
LX-127a854e85:PST.3MSG>PST.2MSG	excluded
LX-127a854e85:PST.3MSG>PST.3FSG	excluded
LX-127a854e85:PST.3MSG>PST.3PL	excluded
LX-138c49c2ad:PST.3MSG>PST.1PL	excluded
LX-138c49c2ad:PST.3MSG>PST.1SG	excluded
LX-138c49c2ad:PST.3MSG>PST.2FPL	excluded
LX-138c49c2ad:PST.3MSG>PST.2FSG	excluded
LX-138c49c2ad:PST.3MSG>PST.2MPL	excluded
LX-138c49c2ad:PST.3MSG>PST.2MSG	excluded
LX-138c49c2ad:PST.3MSG>PST.3FSG	excluded
LX-138c49c2ad:PST.3MSG>PST.3PL	excluded
LX-14e1531e25:PST.3MSG>PST.1PL	excluded
LX-14e1531e25:PST.3MSG>PST.1SG	excluded
LX-14e1531e25:PST.3MSG>PST.2FPL	excluded
LX-14e1531e25:PST.3MSG>PST.2FSG	excluded
LX-14e1531e25:PST.3MSG>PST.2MPL	excluded
LX-14e1531e25:PST.3MSG>PST.2MSG	excluded
LX-14e1531e25:PST.3MSG>PST.3FSG	excluded
LX-14e1531e25:PST.3MSG>PST.3PL	excluded
LX-14fb70d88d:PST.3MSG>PST.1PL	excluded
LX-14fb70d88d:PST.3MSG>PST.1SG	excluded
LX-14fb70d88d:PST.3MSG>PST.2FPL	excluded
LX-14fb70d88d:PST.3MSG>PST.2FSG	excluded
LX-14fb70d88d:PST.3MSG>PST.2MPL	excluded
LX-14fb70d88d:PST.3MSG>PST.2MSG	excluded
LX-14fb70d88d:PST.3MSG>PST.3FSG	excluded
LX-14fb70d88d:PST.3MSG>PST.3PL	excluded
LX-15c5078205:PST.3MSG>PST.1PL	excluded
LX-15c5078205:PST.3MSG>PST.1SG	excluded
LX-15c5078205:PST.3MSG>PST.2FPL	excluded
LX-15c5078205:PST.3MSG>PST.2FSG	excluded
LX-15c5078205:PST.3MSG>PST.2MPL	excluded
LX-15c5078205:PST.3MSG>PST.2MSG	excluded
LX-15c5078205:PST.3MSG>PST.3FSG	excluded
LX-15c5078205:PST.3MSG>PST.3PL	excluded
LX-15d96bf6da:PST.3MSG>PST.1PL	excluded
LX-15d96bf6da:PST.3MSG>PST.1SG	excluded
LX-15d96bf6da:PST.3MSG>PST.2FPL	excluded
LX-15d96bf6da:PST.3MSG>PST.2FSG	excluded
LX-15d96bf6da:PST.3MSG>PST.2MPL	excluded
LX-15d96bf6da:PST.3MSG>PST.2MSG	excluded
LX-15d96bf6da:PST.3MSG>PST.3FSG	excluded
LX-15d96bf6da:PST.3MSG>PST.3PL	excluded
LX-16090f6c24:PST.3MSG>PST.1PL	excluded
LX-16090f6c24:PST.3MSG>PST.1SG	excluded
LX-16090f6c24:PST.3MSG>PST.2FPL	excluded
LX-16090f6c24:PST.3MSG>PST.2FSG	excluded
LX-16090f6c24:PST.3MSG>PST.2MPL	excluded
LX-16090f6c24:PST.3MSG>PST.2MSG	excluded
LX-16090f6c24:PST.3MSG>PST.3FSG	excluded
LX-16090f6c24:PST.3MSG>PST.3PL	excluded
LX-179937f7f4:PST.3MSG>PST.1PL	excluded
LX-179937f7f4:PST.3MSG>PST.1SG	excluded
LX-179937f7f4:PST.3MSG>PST.2FPL	excluded
LX-179937f7f4:PST.3MSG>PST.2FSG	excluded
LX-179937f7f4:PST.3MSG>PST.2MPL	excluded
LX-179937f7f4:PST.3MSG>PST.2MSG	excluded
LX-179937f7f4:PST.3MSG>PST.3FSG	excluded
LX-179937f7f4:PST.3MSG>PST.3PL	excluded
LX-1865ff0b18:PST.3MSG>PST.1PL	excluded
LX-1865ff0b18:PST.3MSG>PST.1SG	excluded
LX-1865ff0b18:PST.3MSG>PST.2FPL	excluded
LX-1865ff0b18:PST.3MSG>PST.2FSG	excluded
LX-1865ff0b18:PST.3MSG>PST.2MPL	excluded
LX-1865ff0b18:PST.3MSG>PST.2MSG	excluded
LX-1865ff0b18:PST.3MSG>PST.3FSG	excluded
LX-1865ff0b18:PST.3MSG>PST.3PL	excluded
LX-1916dd333a:PST.3MSG>PST.1PL	excluded
LX-1916dd333a:PST.3MSG>PST.1SG	excluded
LX-1916dd333a:PST.3MSG>PST.2FPL	excluded
LX-1916dd333a:PST.3MSG>PST.2FSG	excluded
LX-1916dd333a:PST.3MSG>PST.2MPL	excluded
LX-1916dd333a:PST.3MSG>PST.2MSG	excluded
LX-1916dd333a:PST.3MSG>PST.3FSG	excluded
LX-1916dd333a:PST.3MSG>PST.3PL	excluded
LX-1933198ef1:PST.3MSG>PST.1PL	excluded
LX-1933198ef1:PST.3MSG>PST.1SG	excluded
LX-1933198ef1:PST.3MSG>PST.2FPL	excluded
LX-1933198ef1:PST.3MSG>PST.2FSG	excluded
LX-1933198ef1:PST.3MSG>PST.2MPL	excluded
LX-1933198ef1:PST.3MSG>PST.2MSG	excluded
LX-1933198ef1:PST.3MSG>PST.3FSG	excluded
LX-1933198ef1:PST.3MSG>PST.3PL	excluded
LX-19525e7829:PST.3MSG>PST.1PL	excluded
LX-19525e7829:PST.3MSG>PST.1SG	excluded
LX-19525e7829:PST.3MSG>PST.2FPL	excluded
LX-19525e7829:PST.3MSG>PST.2FSG	excluded
LX-19525e7829:PST.3MSG>PST.2MPL	excluded
LX-19525e7829:PST.3MSG>PST.2MSG	excluded
LX-19525e7829:PST.3MSG>PST.3FSG	excluded
LX-19525e7829:PST.3MSG>PST.3PL	excluded
LX-19fbe79dd5:PST.3MSG>PST.1PL	excluded
LX-19fbe79dd5:PST.3MSG>PST.1SG	excluded
LX-19fbe79dd5:PST.3MSG>PST.2FPL	excluded
LX-19fbe79dd5:PST.3MSG>PST.2FSG	excluded
LX-19fbe79dd5:PST.3MSG>PST.2MPL	excluded
LX-19fbe79dd5:PST.3MSG>PST.2MSG	excluded
LX-19fbe79dd5:PST.3MSG>PST.3FSG	excluded
LX-19fbe79dd5:PST.3MSG>PST.3PL	excluded
LX-1a565e6bf3:PST.3MSG>PST.1PL	excluded
LX-1a565e6bf3:PST.3MSG>PST.1SG	excluded
LX-1a565e6bf3:PST.3MSG>PST.2FPL	excluded
LX-1a565e6bf3:PST.3MSG>PST.2FSG	excluded
LX-1a565e6bf3:PST.3MSG>PST.2MPL	excluded
LX-1a565e6bf3:PST.3MSG>PST.2MSG	excluded
LX-1a565e6bf3:PST.3MSG>PST.3FSG	excluded
LX-1a565e6bf3:PST.3MSG>PST.3PL	excluded
LX-1c0d767968:PST.3MSG>PST.1PL	excluded
LX-1c0d767968:PST.3MSG>PST.1SG	excluded
LX-1c0d767968:PST.3MSG>PST.2FPL	excluded
LX-1c0d767968:PST.3MSG>PST.2FSG	excluded
LX-1c0d767968:PST.3MSG>PST.2MPL	excluded
LX-1c0d767968:PST.3MSG>PST.2MSG	excluded
LX-1c0d767968:PST.3MSG>PST.3FSG	excluded
LX-1c0d767968:PST.3MSG>PST.3PL	excluded
LX-1ea3c159e4:PST.3MSG>PST.1PL	excluded
LX-1ea3c159e4:PST.3MSG>PST.1SG	excluded
LX-1ea3c159e4:PST.3MSG>PST.2FPL	excluded
LX-1ea3c159e4:PST.3MSG>PST.2FSG	excluded
LX-1ea3c159e4:PST.3MSG>PST.2MPL	excluded
LX-1ea3c159e4:PST.3MSG>PST.2MSG	excluded
LX-1ea3c159e4:PST.3MSG>PST.3FSG	excluded
LX-1ea3c159e4:PST.3MSG>PST.3PL	excluded
LX-1ee90f472e:PST.3MSG>PST.1PL	excluded
LX-1ee90f472e:PST.3MSG>PST.1SG	excluded
LX-1ee90f472e:PST.3MSG>PST.2FPL	excluded
LX-1ee90f472e:PST.3MSG>PST.2FSG	excluded
LX-1ee90f472e:PST.3MSG>PST.2MPL	excluded
LX-1ee90f472e:PST.3MSG>PST.2MSG	excluded
LX-1ee90f472e:PST.3MSG>PST.3FSG	excluded
LX-1ee90f472e:PST.3MSG>PST.3PL	excluded
LX-1f20528939:PST.3MSG>PST.1PL	excluded
LX-1f20528939:PST.3MSG>PST.1SG	excluded
LX-1f20528939:PST.3MSG>PST.2FPL	excluded
LX-1f20528939:PST.3MSG>PST.2FSG	excluded
LX-1f20528939:PST.3MSG>PST.2MPL	excluded
LX-1f20528939:PST.3MSG>PST.2MSG	excluded
LX-1f20528939:PST.3MSG>PST.3FSG	excluded
LX-1f20528939:PST.3MSG>PST.3PL	excluded
LX-1f9c2c0a46:PST.3MSG>PST.1PL	excluded
LX-1f9c2c0a46:PST.3MSG>PST.1SG	excluded
LX-1f9c2c0a46:PST.3MSG>PST.2FPL	excluded
LX-1f9c2c0a46:PST.3MSG>PST.2FSG	excluded
LX-1f9c2c0a46:PST.3MSG>PST.2MPL	excluded
LX-1f9c2c0a46:PST.3MSG>PST.2MSG	excluded
LX-1f9c2c0a46:PST.3MSG>PST.3FSG	excluded
LX-1f9c2c0a46:PST.3MSG>PST.3PL	excluded
LX-1fc8f3763d:PST.3MSG>PST.1PL	excluded
LX-1fc8f3763d:PST.3MSG>PST.1SG	excluded
LX-1fc8f3763d:PST.3MSG>PST.2FPL	excluded
LX-1fc8f3763d:PST.3MSG>PST.2FSG	excluded
LX-1fc8f3763d:PST.3MSG>PST.2MPL	excluded
LX-1fc8f3763d:PST.3MSG>PST.2MSG	excluded
LX-1fc8f3763d:PST.3MSG>PST.3FSG	excluded
LX-1fc8f3763d:PST.3MSG>PST.3PL	excluded
LX-1fffcfadc8:PST.3MSG>PST.1PL	excluded
LX-1fffcfadc8:PST.3MSG>PST.1SG	excluded
LX-1fffcfadc8:PST.3MSG>PST.2FPL	excluded
LX-1fffcfadc8:PST.3MSG>PST.2FSG	excluded
LX-1fffcfadc8:PST.3MSG>PST.2MPL	excluded
LX-1fffcfadc8:PST.3MSG>PST.2MSG	excluded
LX-1fffcfadc8:PST.3MSG>PST.3FSG	excluded
LX-1fffcfadc8:PST.3MSG>PST.3PL	excluded
LX-21420b715f:PST.3MSG>PST.1PL	excluded
LX-21420b715f:PST.3MSG>PST.1SG	excluded
LX-21420b715f:PST.3MSG>PST.2FPL	excluded
LX-21420b715f:PST.3MSG>PST.2FSG	excluded
LX-21420b715f:PST.3MSG>PST.2MPL	excluded
LX-21420b715f:PST.3MSG>PST.2MSG	excluded
LX-21420b715f:PST.3MSG>PST.3FSG	excluded
LX-21420b715f:PST.3MSG>PST.3PL	excluded
LX-21dd021067:PST.3MSG>PST.1PL	excluded
LX-21dd021067:PST.3MSG>PST.1SG	excluded
LX-21dd021067:PST.3MSG>PST.2FPL	excluded
LX-21dd021067:PST.3MSG>PST.2FSG	excluded
LX-21dd021067:PST.3MSG>PST.2MPL	excluded
LX-21dd021067:PST.3MSG>PST.2MSG	excluded
LX-21dd021067:PST.3MSG>PST.3FSG	excluded
LX-21dd021067:PST.3MSG>PST.3PL	excluded
LX-2364b4c5d8:PST.3MSG>PST.1PL	excluded
LX-2364b4c5d8:PST.3MSG>PST.1SG	excluded
LX-2364b4c5d8:PST.3MSG>PST.2FPL	excluded
LX-2364b4c5d8:PST.3MSG>PST.2FSG	excluded
LX-2364b4c5d8:PST.3MSG>PST.2MPL	excluded
LX-2364b4c5d8:PST.3MSG>PST.2MSG	excluded
LX-2364b4c5d8:PST.3MSG>PST.3FSG	excluded
LX-2364b4c5d8:PST.3MSG>PST.3PL	excluded
LX-246b3da697:PST.3MSG>PST.1PL	excluded
LX-246b3da697:PST.3MSG>PST.1SG	excluded
LX-246b3da697:PST.3MSG>PST.2FPL	excluded
LX-246b3da697:PST.3MSG>PST.2FSG	excluded
LX-246b3da697:PST.3MSG>PST.2MPL	excluded
LX-246b3da697:PST.3MSG>PST.2MSG	excluded
LX-246b3da697:PST.3MSG>PST.3FSG	excluded
LX-246b3da697:PST.3MSG>PST.3PL	excluded
LX-25b8eabac3:PST.3MSG>PST.1PL	excluded
LX-25b8eabac3:PST.3MSG>PST.1SG	excluded
LX-25b8eabac3:PST.3MSG>PST.2FPL	excluded
LX-25b8eabac3:PST.3MSG>PST.2FSG	excluded
LX-25b8eabac3:PST.3MSG>PST.2MPL	excluded
LX-25b8eabac3:PST.3MSG>PST.2MSG	excluded
LX-25b8eabac3:PST.3MSG>PST.3FSG	excluded
LX-25b8eabac3:PST.3MSG>PST.3PL	excluded
LX-2600ba1bcd:PST.3MSG>PST.1PL	excluded
LX-2600ba1bcd:PST.3MSG>PST.1SG	excluded
LX-2600ba1bcd:PST.3MSG>PST.2FPL	excluded
LX-2600ba1bcd:PST.3MSG>PST.2FSG	excluded
LX-2600ba1bcd:PST.3MSG>PST.2MPL	excluded
LX-2600ba1bcd:PST.3MSG>PST.2MSG	excluded
LX-2600ba1bcd:PST.3MSG>PST.3FSG	excluded
LX-2600ba1bcd:PST.3MSG>PST.3PL	excluded
LX-27fdc286ee:PST.3MSG>PST.1PL	excluded
LX-27fdc286ee:PST.3MSG>PST.1SG	excluded
LX-27fdc286ee:PST.3MSG>PST.2FPL	excluded
LX-27fdc286ee:PST.3MSG>PST.2FSG	excluded
LX-27fdc286ee:PST.3MSG>PST.2MPL	excluded
LX-27fdc286ee:PST.3MSG>PST.2MSG	excluded
LX-27fdc286ee:PST.3MSG>PST.3FSG	excluded
LX-27fdc286ee:PST.3MSG>PST.3PL	excluded
LX-2ae5d33863:PST.3MSG>PST.1PL	excluded
LX-2ae5d33863:PST.3MSG>PST.1SG	excluded
LX-2ae5d33863:PST.3MSG>PST.2FPL	excluded
LX-2ae5d33863:PST.3MSG>PST.2FSG	excluded
LX-2ae5d33863:PST.3MSG>PST.2MPL	excluded
LX-2ae5d33863:PST.3MSG>PST.2MSG	excluded
LX-2ae5d33863:PST.3MSG>PST.3FSG	excluded
LX-2ae5d33863:PST.3MSG>PST.3PL	excluded
LX-2b081a0c8f:PST.3MSG>PST.1PL	excluded
LX-2b081a0c8f:PST.3MSG>PST.1SG	excluded
LX-2b081a0c8f:PST.3MSG>PST.2FPL	excluded
LX-2b081a0c8f:PST.3MSG>PST.2FSG	excluded
LX-2b081a0c8f:PST.3MSG>PST.2MPL	excluded
LX-2b081a0c8f:PST.3MSG>PST.2MSG	excluded
LX-2b081a0c8f:PST.3MSG>PST.3FSG	excluded
LX-2b081a0c8f:PST.3MSG>PST.3PL	excluded
LX-2c25ffe1eb:PST.3MSG>PST.1PL	excluded
LX-2c25ffe1eb:PST.3MSG>PST.1SG	excluded
LX-2c25ffe1eb:PST.3MSG>PST.2FPL	excluded
LX-2c25ffe1eb:PST.3MSG>PST.2FSG	excluded
LX-2c25ffe1eb:PST.3MSG>PST.2MPL	excluded
LX-2c25ffe1eb:PST.3MSG>PST.2MSG	excluded
LX-2c25ffe1eb:PST.3MSG>PST.3FSG	excluded
LX-2c25ffe1eb:PST.3MSG>PST.3PL	excluded
LX-2c48f5e091:PST.3MSG>PST.1PL	excluded
LX-2c48f5e091:PST.3MSG>PST.1SG	excluded
LX-2c48f5e091:PST.3MSG>PST.2FPL	excluded
LX-2c48f5e091:PST.3MSG>PST.2FSG	excluded
LX-2c48f5e091:PST.3MSG>PST.2MPL	excluded
LX-2c48f5e091:PST.3MSG>PST.2MSG	excluded
LX-2c48f5e091:PST.3MSG>PST.3FSG	excluded
LX-2c48f5e091:PST.3MSG>PST.3PL	excluded
LX-2dbe7cf2e2:PST.3MSG>PST.1PL	excluded
LX-2dbe7cf2e2:PST.3MSG>PST.1SG	excluded
LX-2dbe7cf2e2:PST.3MSG>PST.2FPL	excluded
LX-2dbe7cf2e2:PST.3MSG>PST.2FSG	excluded
LX-2dbe7cf2e2:PST.3MSG>PST.2MPL	excluded
LX-2dbe7cf2e2:PST.3MSG>PST.2MSG	excluded
LX-2dbe7cf2e2:PST.3MSG>PST.3FSG	excluded
LX-2dbe7cf2e2:PST.3MSG>PST.3PL	excluded
LX-2e280e2457:PST.3MSG>PST.1PL	excluded
LX-2e280e2457:PST.3MSG>PST.1SG	excluded
LX-2e280e2457:PST.3MSG>PST.2FPL	excluded
LX-2e280e2457:PST.3MSG>PST.2FSG	excluded
LX-2e280e2457:PST.3MSG>PST.2MPL	excluded
LX-2e280e2457:PST.3MSG>PST.2MSG	excluded
LX-2e280e2457:PST.3MSG>PST.3FSG	excluded
LX-2e280e2457:PST.3MSG>PST.3PL	excluded
LX-2e8b88fd4d:PST.3MSG>PST.1PL	excluded
LX-2e8b88fd4d:PST.3MSG>PST.1SG	excluded
LX-2e8b88fd4d:PST.3MSG>PST.2FPL	excluded
LX-2e8b88fd4d:PST.3MSG>PST.2FSG	excluded
LX-2e8b88fd4d:PST.3MSG>PST.2MPL	excluded
LX-2e8b88fd4d:PST.3MSG>PST.2MSG	excluded
LX-2e8b88fd4d:PST.3MSG>PST.3FSG	excluded
LX-2e8b88fd4d:PST.3MSG>PST.3PL	excluded
LX-2ec5f13385:PST.3MSG>PST.1PL	excluded
LX-2ec5f13385:PST.3MSG>PST.1SG	excluded
LX-2ec5f13385:PST.3MSG>PST.2FPL	excluded
LX-2ec5f13385:PST.3MSG>PST.2FSG	excluded
LX-2ec5f13385:PST.3MSG>PST.2MPL	excluded
LX-2ec5f13385:PST.3MSG>PST.2MSG	excluded
LX-2ec5f13385:PST.3MSG>PST.3FSG	excluded
LX-2ec5f13385:PST.3MSG>PST.3PL	excluded
LX-3043db5936:PST.3MSG>PST.1PL	excluded
LX-3043db5936:PST.3MSG>PST.1SG	excluded
LX-3043db5936:PST.3MSG>PST.2FPL	excluded
LX-3043db5936:PST.3MSG>PST.2FSG	excluded
LX-3043db5936:PST.3MSG>PST.2MPL	excluded
LX-3043db5936:PST.3MSG>PST.2MSG	excluded
LX-3043db5936:PST.3MSG>PST.3FSG	excluded
LX-3043db5936:PST.3MSG>PST.3PL	excluded
LX-322406feb2:PST.3MSG>PST.1PL	excluded
LX-322406feb2:PST.3MSG>PST.1SG	excluded
LX-322406feb2:PST.3MSG>PST.2FPL	excluded
LX-322406feb2:PST.3MSG>PST.2FSG	excluded
LX-322406feb2:PST.3MSG>PST.2MPL	excluded
LX-322406feb2:PST.3MSG>PST.2MSG	excluded
LX-322406feb2:PST.3MSG>PST.3FSG	excluded
LX-322406feb2:PST.3MSG>PST.3PL	excluded
LX-337650597b:PST.3MSG>PST.1PL	excluded
LX-337650597b:PST.3MSG>PST.1SG	excluded
LX-337650597b:PST.3MSG>PST.2FPL	excluded
LX-337650597b:PST.3MSG>PST.2FSG	excluded
LX-337650597b:PST.3MSG>PST.2MPL	excluded
LX-337650597b:PST.3MSG>PST.2MSG	excluded
LX-337650597b:PST.3MSG>PST.3FSG	excluded
LX-337650597b:PST.3MSG>PST.3PL	excluded
LX-353c9b843f:PST.3MSG>PST.1PL	excluded
LX-353c9b843f:PST.3MSG>PST.1SG	excluded
LX-353c9b843f:PST.3MSG>PST.2FPL	excluded
LX-353c9b843f:PST.3MSG>PST.2FSG	excluded
LX-353c9b843f:PST.3MSG>PST.2MPL	excluded
LX-353c9b843f:PST.3MSG>PST.2MSG	excluded
LX-353c9b843f:PST.3MSG>PST.3FSG	excluded
LX-353c9b843f:PST.3MSG>PST.3PL	excluded
LX-355f14051c:PST.3MSG>PST.1PL	excluded
LX-355f14051c:PST.3MSG>PST.1SG	excluded
LX-355f14051c:PST.3MSG>PST.2FPL	excluded
LX-355f14051c:PST.3MSG>PST.2FSG	excluded
LX-355f14051c:PST.3MSG>PST.2MPL	excluded
LX-355f14051c:PST.3MSG>PST.2MSG	excluded
LX-355f14051c:PST.3MSG>PST.3FSG	excluded
LX-355f14051c:PST.3MSG>PST.3PL	excluded
LX-3649398165:PST.3MSG>PST.1PL	excluded
LX-3649398165:PST.3MSG>PST.1SG	excluded
LX-3649398165:PST.3MSG>PST.2FPL	excluded
LX-3649398165:PST.3MSG>PST.2FSG	excluded
LX-3649398165:PST.3MSG>PST.2MPL	excluded
LX-3649398165:PST.3MSG>PST.2MSG	excluded
LX-3649398165:PST.3MSG>PST.3FSG	excluded
LX-3649398165:PST.3MSG>PST.3PL	excluded
LX-3986a0a6c7:PST.3MSG>PST.1PL	excluded
LX-3986a0a6c7:PST.3MSG>PST.1SG	excluded
LX-3986a0a6c7:PST.3MSG>PST.2FPL	excluded
LX-3986a0a6c7:PST.3MSG>PST.2FSG	excluded
LX-3986a0a6c7:PST.3MSG>PST.2MPL	excluded
LX-3986a0a6c7:PST.3MSG>PST.2MSG	excluded
LX-3986a0a6c7:PST.3MSG>PST.3FSG	excluded
LX-3986a0a6c7:PST.3MSG>PST.3PL	excluded
LX-3b65295037:PST.3MSG>PST.1PL	excluded
LX-3b65295037:PST.3MSG>PST.1SG	excluded
LX-3b65295037:PST.3MSG>PST.2FPL	excluded
LX-3b65295037:PST.3MSG>PST.2FSG	excluded
LX-3b65295037:PST.3MSG>PST.2MPL	excluded
LX-3b65295037:PST.3MSG>PST.2MSG	excluded
LX-3b65295037:PST.3MSG>PST.3FSG	excluded
LX-3b65295037:PST.3MSG>PST.3PL	excluded
LX-3bfabf856f:PST.3MSG>PST.1PL	excluded
LX-3bfabf856f:PST.3MSG>PST.1SG	excluded
LX-3bfabf856f:PST.3MSG>PST.2FPL	excluded
LX-3bfabf856f:PST.3MSG>PST.2FSG	excluded
LX-3bfabf856f:PST.3MSG>PST.2MPL	excluded
LX-3bfabf856f:PST.3MSG>PST.2MSG	excluded
LX-3bfabf856f:PST.3MSG>PST.3FSG	excluded
LX-3bfabf856f:PST.3MSG>PST.3PL	excluded
LX-3c13146f11:PST.3MSG>PST.1PL	excluded
LX-3c13146f11:PST.3MSG>PST.1SG	excluded
LX-3c13146f11:PST.3MSG>PST.2FPL	excluded
LX-3c13146f11:PST.3MSG>PST.2FSG	excluded
LX-3c13146f11:PST.3MSG>PST.2MPL	excluded
LX-3c13146f11:PST.3MSG>PST.2MSG	excluded
LX-3c13146f11:PST.3MSG>PST.3FSG	excluded
LX-3c13146f11:PST.3MSG>PST.3PL	excluded
LX-3ca9c15e47:PST.3MSG>PST.1PL	excluded
LX-3ca9c15e47:PST.3MSG>PST.1SG	excluded
LX-3ca9c15e47:PST.3MSG>PST.2FPL	excluded
LX-3ca9c15e47:PST.3MSG>PST.2FSG	excluded
LX-3ca9c15e47:PST.3MSG>PST.2MPL	excluded
LX-3ca9c15e47:PST.3MSG>PST.2MSG	excluded
LX-3ca9c15e47:PST.3MSG>PST.3FSG	excluded
LX-3ca9c15e47:PST.3MSG>PST.3PL	excluded
LX-3cd850778d:PST.3MSG>PST.1PL	excluded
LX-3cd850778d:PST.3MSG>PST.1SG	excluded
LX-3cd850778d:PST.3MSG>PST.2FPL	excluded
LX-3cd850778d:PST.3MSG>PST.2FSG	excluded
LX-3cd850778d:PST.3MSG>PST.2MPL	excluded
LX-3cd850778d:PST.3MSG>PST.2MSG	excluded
LX-3cd850778d:PST.3MSG>PST.3FSG	excluded
LX-3cd850778d:PST.3MSG>PST.3PL	excluded
LX-3e6cdd925d:PST.3MSG>PST.1PL	excluded
LX-3e6cdd925d:PST.3MSG>PST.1SG	excluded
LX-3e6cdd925d:PST.3MSG>PST.2FPL	excluded
LX-3e6cdd925d:PST.3MSG>PST.2FSG	excluded
LX-3e6cdd925d:PST.3MSG>PST.2MPL	excluded
LX-3e6cdd925d:PST.3MSG>PST.2MSG	excluded
LX-3e6cdd925d:PST.3MSG>PST.3FSG	excluded
LX-3e6cdd925d:PST.3MSG>PST.3PL	excluded
LX-3e7578b8c1:PST.3MSG>PST.1PL	excluded
LX-3e7578b8c1:PST.3MSG>PST.1SG	excluded
LX-3e7578b8c1:PST.3MSG>PST.2FPL	excluded
LX-3e7578b8c1:PST.3MSG>PST.2FSG	excluded
LX-3e7578b8c1:PST.3MSG>PST.2MPL	excluded
LX-3e7578b8c1:PST.3MSG>PST.2MSG	excluded
LX-3e7578b8c1:PST.3MSG>PST.3FSG	excluded
LX-3e7578b8c1:PST.3MSG>PST.3PL	excluded
LX-3eb546c813:PST.3MSG>PST.1PL	excluded
LX-3eb546c813:PST.3MSG>PST.1SG	excluded
LX-3eb546c813:PST.3MSG>PST.2FPL	excluded
LX-3eb546c813:PST.3MSG>PST.2FSG	excluded
LX-3eb546c813:PST.3MSG>PST.2MPL	excluded
LX-3eb546c813:PST.3MSG>PST.2MSG	excluded
LX-3eb546c813:PST.3MSG>PST.3FSG	excluded
LX-3eb546c813:PST.3MSG>PST.3PL	excluded
LX-3edc7a821a:PST.3MSG>PST.1PL	excluded
LX-3edc7a821a:PST.3MSG>PST.1SG	excluded
LX-3edc7a821a:PST.3MSG>PST.2FPL	excluded
LX-3edc7a821a:PST.3MSG>PST.2FSG	excluded
LX-3edc7a821a:PST.3MSG>PST.2MPL	excluded
LX-3edc7a821a:PST.3MSG>PST.2MSG	excluded
LX-3edc7a821a:PST.3MSG>PST.3FSG	excluded
LX-3edc7a821a:PST.3MSG>PST.3PL	excluded
LX-3f949f0d85:PST.3MSG>PST.1PL	excluded
LX-3f949f0d85:PST.3MSG>PST.1SG	excluded
LX-3f949f0d85:PST.3MSG>PST.2FPL	excluded
LX-3f949f0d85:PST.3MSG>PST.2FSG	excluded
LX-3f949f0d85:PST.3MSG>PST.2MPL	excluded
LX-3f949f0d85:PST.3MSG>PST.2MSG	excluded
LX-3f949f0d85:PST.3MSG>PST.3FSG	excluded
LX-3f949f0d85:PST.3MSG>PST.3PL	excluded
LX-3fe1ba1ad8:PST.3MSG>PST.1PL	excluded
LX-3fe1ba1ad8:PST.3MSG>PST.1SG	excluded
LX-3fe1ba1ad8:PST.3MSG>PST.2FPL	excluded
LX-3fe1ba1ad8:PST.3MSG>PST.2FSG	excluded
LX-3fe1ba1ad8:PST.3MSG>PST.2MPL	excluded
LX-3fe1ba1ad8:PST.3MSG>PST.2MSG	excluded
LX-3fe1ba1ad8:PST.3MSG>PST.3FSG	excluded
LX-3fe1ba1ad8:PST.3MSG>PST.3PL	excluded
LX-3ff057211f:PST.3MSG>PST.1PL	excluded
LX-3ff057211f:PST.3MSG>PST.1SG	excluded
LX-3ff057211f:PST.3MSG>PST.2FPL	excluded
LX-3ff057211f:PST.3MSG>PST.2FSG	excluded
LX-3ff057211f:PST.3MSG>PST.2MPL	excluded
LX-3ff057211f:PST.3MSG>PST.2MSG	excluded
LX-3ff057211f:PST.3MSG>PST.3FSG	excluded
LX-3ff057211f:PST.3MSG>PST.3PL	excluded
LX-4132cb40c8:PST.3MSG>PST.1PL	excluded
LX-4132cb40c8:PST.3MSG>PST.1SG	excluded
LX-4132cb40c8:PST.3MSG>PST.2FPL	excluded
LX-4132cb40c8:PST.3MSG>PST.2FSG	excluded
LX-4132cb40c8:PST.3MSG>PST.2MPL	excluded
LX-4132cb40c8:PST.3MSG>PST.2MSG	excluded
LX-4132cb40c8:PST.3MSG>PST.3FSG	excluded
LX-4132cb40c8:PST.3MSG>PST.3PL	excluded
LX-4141dae76a:PST.3MSG>PST.1PL	excluded
LX-4141dae76a:PST.3MSG>PST.1SG	excluded
LX-4141dae76a:PST.3MSG>PST.2FPL	excluded
LX-4141dae76a:PST.3MSG>PST.2FSG	excluded
LX-4141dae76a:PST.3MSG>PST.2MPL	excluded
LX-4141dae76a:PST.3MSG>PST.2MSG	excluded
LX-4141dae76a:PST.3MSG>PST.3FSG	excluded
LX-4141dae76a:PST.3MSG>PST.3PL	excluded
LX-41a9722335:PST.3MSG>PST.1PL	excluded
LX-41a9722335:PST.3MSG>PST.1SG	excluded
LX-41a9722335:PST.3MSG>PST.2FPL	excluded
LX-41a9722335:PST.3MSG>PST.2FSG	excluded
LX-41a9722335:PST.3MSG>PST.2MPL	excluded
LX-41a9722335:PST.3MSG>PST.2MSG	excluded
LX-41a9722335:PST.3MSG>PST.3FSG	excluded
LX-41a9722335:PST.3MSG>PST.3PL	excluded
LX-425fc073a9:PST.3MSG>PST.1PL	excluded
LX-425fc073a9:PST.3MSG>PST.1SG	excluded
LX-425fc073a9:PST.3MSG>PST.2FPL	excluded
LX-425fc073a9:PST.3MSG>PST.2FSG	excluded
LX-425fc073a9:PST.3MSG>PST.2MPL	excluded
LX-425fc073a9:PST.3MSG>PST.2MSG	excluded
LX-425fc073a9:PST.3MSG>PST.3FSG	excluded
LX-425fc073a9:PST.3MSG>PST.3PL	excluded
LX-427a88d327:PST.3MSG>PST.1PL	excluded
LX-427a88d327:PST.3MSG>PST.1SG	excluded
LX-427a88d327:PST.3MSG>PST.2FPL	excluded
LX-427a88d327:PST.3MSG>PST.2FSG	excluded
LX-427a88d327:PST.3MSG>PST.2MPL	excluded
LX-427a88d327:PST.3MSG>PST.2MSG	excluded
LX-427a88d327:PST.3MSG>PST.3FSG	excluded
LX-427a88d327:PST.3MSG>PST.3PL	excluded
LX-43844d32e9:PST.3MSG>PST.1PL	excluded
LX-43844d32e9:PST.3MSG>PST.1SG	excluded
LX-43844d32e9:PST.3MSG>PST.2FPL	excluded
LX-43844d32e9:PST.3MSG>PST.2FSG	excluded
LX-43844d32e9:PST.3MSG>PST.2MPL	excluded
LX-43844d32e9:PST.3MSG>PST.2MSG	excluded
LX-43844d32e9:PST.3MSG>PST.3FSG	excluded
LX-43844d32e9:PST.3MSG>PST.3PL	excluded
LX-4384a81da4:PST.3MSG>PST.1PL	excluded
LX-4384a81da4:PST.3MSG>PST.1SG	excluded
LX-4384a81da4:PST.3MSG>PST.2FPL	excluded
LX-4384a81da4:PST.3MSG>PST.2FSG	excluded
LX-4384a81da4:PST.3MSG>PST.2MPL	excluded
LX-4384a81da4:PST.3MSG>PST.2MSG	excluded
LX-4384a81da4:PST.3MSG>PST.3FSG	excluded
LX-4384a81da4:PST.3MSG>PST.3PL	excluded
LX-43d85a6bb4:PST.3MSG>PST.1PL	excluded
LX-43d85a6bb4:PST.3MSG>PST.1SG	excluded
LX-43d85a6bb4:PST.3MSG>PST.2FPL	excluded
LX-43d85a6bb4:PST.3MSG>PST.2FSG	excluded
LX-43d85a6bb4:PST.3MSG>PST.2MPL	excluded
LX-43d85a6bb4:PST.3MSG>PST.2MSG	excluded
LX-43d85a6bb4:PST.3MSG>PST.3FSG	excluded
LX-43d85a6bb4:PST.3MSG>PST.3PL	excluded
LX-445cda1ca3:PST.3MSG>PST.1PL	excluded
LX-445cda1ca3:PST.3MSG>PST.1SG	excluded
LX-445cda1ca3:PST.3MSG>PST.2FPL	excluded
LX-445cda1ca3:PST.3MSG>PST.2FSG	excluded
LX-445cda1ca3:PST.3MSG>PST.2MPL	excluded
LX-445cda1ca3:PST.3MSG>PST.2MSG	excluded
LX-445cda1ca3:PST.3MSG>PST.3FSG	excluded
LX-445cda1ca3:PST.3MSG>PST.3PL	excluded
LX-44614d31d8:PST.3MSG>PST.1PL	excluded
LX-44614d31d8:PST.3MSG>PST.1SG	excluded
LX-44614d31d8:PST.3MSG>PST.2FPL	excluded
LX-44614d31d8:PST.3MSG>PST.2FSG	excluded
LX-44614d31d8:PST.3MSG>PST.2MPL	excluded
LX-44614d31d8:PST.3MSG>PST.2MSG	excluded
LX-44614d31d8:PST.3MSG>PST.3FSG	excluded
LX-44614d31d8:PST.3MSG>PST.3PL	excluded
LX-448ed27093:PST.3MSG>PST.1PL	excluded
LX-448ed27093:PST.3MSG>PST.1SG	excluded
LX-448ed27093:PST.3MSG>PST.2FPL	excluded
LX-448ed27093:PST.3MSG>PST.2FSG	excluded
LX-448ed27093:PST.3MSG>PST.2MPL	excluded
LX-448ed27093:PST.3MSG>PST.2MSG	excluded
LX-448ed27093:PST.3MSG>PST.3FSG	excluded
LX-448ed27093:PST.3MSG>PST.3PL	excluded
LX-44b810fc8a:PST.3MSG>PST.1PL	excluded
LX-44b810fc8a:PST.3MSG>PST.3FSG	excluded
LX-44b810fc8a:PST.3MSG>PST.3PL	excluded
LX-45483b9eef:PST.3MSG>PST.1PL	excluded
LX-45483b9eef:PST.3MSG>PST.1SG	excluded
LX-45483b9eef:PST.3MSG>PST.2FPL	excluded
LX-45483b9eef:PST.3MSG>PST.2FSG	excluded
LX-45483b9eef:PST.3MSG>PST.2MPL	excluded
LX-45483b9eef:PST.3MSG>PST.2MSG	excluded
LX-45483b9eef:PST.3MSG>PST.3FSG	excluded
LX-45483b9eef:PST.3MSG>PST.3PL	excluded
LX-459e134ebb:PST.3MSG>PST.1PL	excluded
LX-459e134ebb:PST.3MSG>PST.1SG	excluded
LX-459e134ebb:PST.3MSG>PST.2FPL	excluded
LX-459e134ebb:PST.3MSG>PST.2FSG	excluded
LX-459e134ebb:PST.3MSG>PST.2MPL	excluded
LX-459e134ebb:PST.3MSG>PST.2MSG	excluded
LX-459e134ebb:PST.3MSG>PST.3FSG	excluded
LX-459e134ebb:PST.3MSG>PST.3PL	excluded
LX-4615529d04:PST.3MSG>PST.1PL	excluded
LX-4615529d04:PST.3MSG>PST.1SG	excluded
LX-4615529d04:PST.3MSG>PST.2FPL	excluded
LX-4615529d04:PST.3MSG>PST.2FSG	excluded
LX-4615529d04:PST.3MSG>PST.2MPL	excluded
LX-4615529d04:PST.3MSG>PST.2MSG	excluded
LX-4615529d04:PST.3MSG>PST.3FSG	excluded
LX-4615529d04:PST.3MSG>PST.3PL	excluded
LX-46234064d7:PST.3MSG>PST.1PL	excluded
LX-46234064d7:PST.3MSG>PST.1SG	excluded
LX-46234064d7:PST.3MSG>PST.2FPL	excluded
LX-46234064d7:PST.3MSG>PST.2FSG	excluded
LX-46234064d7:PST.3MSG>PST.2MPL	excluded
LX-46234064d7:PST.3MSG>PST.2MSG	excluded
LX-46234064d7:PST.3MSG>PST.3FSG	excluded
LX-46234064d7:PST.3MSG>PST.3PL	excluded
LX-467ad555e3:PST.3MSG>PST.1PL	excluded
LX-467ad555e3:PST.3MSG>PST.1SG	excluded
LX-467ad555e3:PST.3MSG>PST.2FPL	excluded
LX-467ad555e3:PST.3MSG>PST.2FSG	excluded
LX-467ad555e3:PST.3MSG>PST.2MPL	excluded
LX-467ad555e3:PST.3MSG>PST.2MSG	excluded
LX-467ad555e3:PST.3MSG>PST.3FSG	excluded
LX-467ad555e3:PST.3MSG>PST.3PL	excluded
LX-476b8a962e:PST.3MSG>PST.1PL	excluded
LX-476b8a962e:PST.3MSG>PST.1SG	excluded
LX-476b8a962e:PST.3MSG>PST.2FPL	excluded
LX-476b8a962e:PST.3MSG>PST.2FSG	excluded
LX-476b8a962e:PST.3MSG>PST.2MPL	excluded
LX-476b8a962e:PST.3MSG>PST.2MSG	excluded
LX-476b8a962e:PST.3MSG>PST.3FSG	excluded
LX-476b8a962e:PST.3MSG>PST.3PL	excluded
LX-47ab8e5eda:PST.3MSG>PST.1PL	excluded
LX-47ab8e5eda:PST.3MSG>PST.1SG	excluded
LX-47ab8e5eda:PST.3MSG>PST.2FPL	excluded
LX-47ab8e5eda:PST.3MSG>PST.2FSG	excluded
LX-47ab8e5eda:PST.3MSG>PST.2MPL	excluded
LX-47ab8e5eda:PST.3MSG>PST.2MSG	excluded
LX-47ab8e5eda:PST.3MSG>PST.3FSG	excluded
LX-47ab8e5eda:PST.3MSG>PST.3PL	excluded
LX-47bf4fc994:PST.3MSG>PST.1PL	excluded
LX-47bf4fc994:PST.3MSG>PST.1SG	excluded
LX-47bf4fc994:PST.3MSG>PST.2FPL	excluded
LX-47bf4fc994:PST.3MSG>PST.2FSG	excluded
LX-47bf4fc994:PST.3MSG>PST.2MPL	excluded
LX-47bf4fc994:PST.3MSG>PST.2MSG	excluded
LX-47bf4fc994:PST.3MSG>PST.3FSG	excluded
LX-47bf4fc994:PST.3MSG>PST.3PL	excluded
LX-47d1ba36b1:PST.3MSG>PST.1PL	excluded
LX-47d1ba36b1:PST.3MSG>PST.1SG	excluded
LX-47d1ba36b1:PST.3MSG>PST.2FPL	excluded
LX-47d1ba36b1:PST.3MSG>PST.2FSG	excluded
LX-47d1ba36b1:PST.3MSG>PST.2MPL	excluded
LX-47d1ba36b1:PST.3MSG>PST.2MSG	excluded
LX-47d1ba36b1:PST.3MSG>PST.3FSG	excluded
LX-47d1ba36b1:PST.3MSG>PST.3PL	excluded
LX-48c554da1d:PST.3MSG>PST.1PL	excluded
LX-48c554da1d:PST.3MSG>PST.1SG	excluded
LX-48c554da1d:PST.3MSG>PST.2FPL	excluded
LX-48c554da1d:PST.3MSG>PST.2FSG	excluded
LX-48c554da1d:PST.3MSG>PST.2MPL	excluded
LX-48c554da1d:PST.3MSG>PST.2MSG	excluded
LX-48c554da1d:PST.3MSG>PST.3FSG	excluded
LX-48c554da1d:PST.3MSG>PST.3PL	excluded
LX-494e23621d:PST.3MSG>PST.1PL	excluded
LX-494e23621d:PST.3MSG>PST.1SG	excluded
LX-494e23621d:PST.3MSG>PST.2FPL	excluded
LX-494e23621d:PST.3MSG>PST.2FSG	excluded
LX-494e23621d:PST.3MSG>PST.2MPL	excluded
LX-494e23621d:PST.3MSG>PST.2MSG	excluded
LX-494e23621d:PST.3MSG>PST.3FSG	excluded
LX-494e23621d:PST.3MSG>PST.3PL	excluded
LX-4a81c81fb9:PST.3MSG>PST.1PL	excluded
LX-4a81c81fb9:PST.3MSG>PST.1SG	excluded
LX-4a81c81fb9:PST.3MSG>PST.2FPL	excluded
LX-4a81c81fb9:PST.3MSG>PST.2FSG	excluded
LX-4a81c81fb9:PST.3MSG>PST.2MPL	excluded
LX-4a81c81fb9:PST.3MSG>PST.2MSG	excluded
LX-4a81c81fb9:PST.3MSG>PST.3FSG	excluded
LX-4a81c81fb9:PST.3MSG>PST.3PL	excluded
LX-4ac8504d68:PST.3MSG>PST.1PL	excluded
LX-4ac8504d68:PST.3MSG>PST.1SG	excluded
LX-4ac8504d68:PST.3MSG>PST.2FPL	excluded
LX-4ac8504d68:PST.3MSG>PST.2FSG	excluded
LX-4ac8504d68:PST.3MSG>PST.2MPL	excluded
LX-4ac8504d68:PST.3MSG>PST.2MSG	excluded
LX-4ac8504d68:PST.3MSG>PST.3FSG	excluded
LX-4ac8504d68:PST.3MSG>PST.3PL	excluded
LX-4b1ca5313c:PST.3MSG>PST.1PL	excluded
LX-4b1ca5313c:PST.3MSG>PST.1SG	excluded
LX-4b1ca5313c:PST.3MSG>PST.2FPL	excluded
LX-4b1ca5313c:PST.3MSG>PST.2FSG	excluded
LX-4b1ca5313c:PST.3MSG>PST.2MPL	excluded
LX-4b1ca5313c:PST.3MSG>PST.2MSG	excluded
LX-4b1ca5313c:PST.3MSG>PST.3FSG	excluded
LX-4b1ca5313c:PST.3MSG>PST.3PL	excluded
LX-4b66ac5abe:PST.3MSG>PST.1PL	excluded
LX-4b66ac5abe:PST.3MSG>PST.1SG	excluded
LX-4b66ac5abe:PST.3MSG>PST.2FPL	excluded
LX-4b66ac5abe:PST.3MSG>PST.2FSG	excluded
LX-4b66ac5abe:PST.3MSG>PST.2MPL	excluded
LX-4b66ac5abe:PST.3MSG>PST.2MSG	excluded
LX-4b66ac5abe:PST.3MSG>PST.3FSG	excluded
LX-4b66ac5abe:PST.3MSG>PST.3PL	excluded
LX-4ba42bef9c:PST.3MSG>PST.1PL	excluded
LX-4ba42bef9c:PST.3MSG>PST.1SG	excluded
LX-4ba42bef9c:PST.3MSG>PST.2FPL	excluded
LX-4ba42bef9c:PST.3MSG>PST.2FSG	excluded
LX-4ba42bef9c:PST.3MSG>PST.2MPL	excluded
LX-4ba42bef9c:PST.3MSG>PST.2MSG	excluded
LX-4ba42bef9c:PST.3MSG>PST.3FSG	excluded
LX-4ba42bef9c:PST.3MSG>PST.3PL	excluded
LX-4bb8ff844c:PST.3MSG>PST.1PL	excluded
LX-4bb8ff844c:PST.3MSG>PST.1SG	excluded
LX-4bb8ff844c:PST.3MSG>PST.2FPL	excluded
LX-4bb8ff844c:PST.3MSG>PST.2FSG	excluded
LX-4bb8ff844c:PST.3MSG>PST.2MPL	excluded
LX-4bb8ff844c:PST.3MSG>PST.2MSG	excluded
LX-4bb8ff844c:PST.3MSG>PST.3FSG	excluded
LX-4bb8ff844c:PST.3MSG>PST.3PL	excluded
LX-4d4104b919:PST.3MSG>PST.1PL	excluded
LX-4d4104b919:PST.3MSG>PST.1SG	excluded
LX-4d4104b919:PST.3MSG>PST.2FPL	excluded
LX-4d4104b919:PST.3MSG>PST.2FSG	excluded
LX-4d4104b919:PST.3MSG>PST.2MPL	excluded
LX-4d4104b919:PST.3MSG>PST.2MSG	excluded
LX-4d4104b919:PST.3MSG>PST.3FSG	excluded
LX-4d4104b919:PST.3MSG>PST.3PL	excluded
LX-4e5da48139:PST.3MSG>PST.1PL	excluded
LX-4e5da48139:PST.3MSG>PST.1SG	excluded
LX-4e5da48139:PST.3MSG>PST.2FPL	excluded
LX-4e5da48139:PST.3MSG>PST.2FSG	excluded
LX-4e5da48139:PST.3MSG>PST.2MPL	excluded
LX-4e5da48139:PST.3MSG>PST.2MSG	excluded
LX-4e5da48139:PST.3MSG>PST.3FSG	excluded
LX-4e5da48139:PST.3MSG>PST.3PL	excluded
LX-4f44e4fd0c:PST.3MSG>PST.1PL	excluded
LX-4f44e4fd0c:PST.3MSG>PST.1SG	excluded
LX-4f44e4fd0c:PST.3MSG>PST.2FPL	excluded
LX-4f44e4fd0c:PST.3MSG>PST.2FSG	excluded
LX-4f44e4fd0c:PST.3MSG>PST.2MPL	excluded
LX-4f44e4fd0c:PST.3MSG>PST.2MSG	excluded
LX-4f44e4fd0c:PST.3MSG>PST.3FSG	excluded
LX-4f44e4fd0c:PST.3MSG>PST.3PL	excluded
LX-4f4b2885d6:PST.3MSG>PST.1PL	excluded
LX-4f4b2885d6:PST.3MSG>PST.1SG	excluded
LX-4f4b2885d6:PST.3MSG>PST.2FPL	excluded
LX-4f4b2885d6:PST.3MSG>PST.2FSG	excluded
LX-4f4b2885d6:PST.3MSG>PST.2MPL	excluded
LX-4f4b2885d6:PST.3MSG>PST.2MSG	excluded
LX-4f4b2885d6:PST.3MSG>PST.3FSG	excluded
LX-4f4b2885d6:PST.3MSG>PST.3PL	excluded
LX-4fd145b50b:PST.3MSG>PST.1PL	excluded
LX-4fd145b50b:PST.3MSG>PST.1SG	excluded
LX-4fd145b50b:PST.3MSG>PST.2FPL	excluded
LX-4fd145b50b:PST.3MSG>PST.2FSG	excluded
LX-4fd145b50b:PST.3MSG>PST.2MPL	excluded
LX-4fd145b50b:PST.3MSG>PST.2MSG	excluded
LX-4fd145b50b:PST.3MSG>PST.3FSG	excluded
LX-4fd145b50b:PST.3MSG>PST.3PL	excluded
LX-5066ee6f47:PST.3MSG>PST.1PL	excluded
LX-5066ee6f47:PST.3MSG>PST.1SG	excluded
LX-5066ee6f47:PST.3MSG>PST.2FPL	excluded
LX-5066ee6f47:PST.3MSG>PST.2FSG	excluded
LX-5066ee6f47:PST.3MSG>PST.2MPL	excluded
LX-5066ee6f47:PST.3MSG>PST.2MSG	excluded
LX-5066ee6f47:PST.3MSG>PST.3FSG	excluded
LX-5066ee6f47:PST.3MSG>PST.3PL	excluded
LX-50f7529e25:PST.3MSG>PST.1PL	excluded
LX-50f7529e25:PST.3MSG>PST.1SG	excluded
LX-50f7529e25:PST.3MSG>PST.2FPL	excluded
LX-50f7529e25:PST.3MSG>PST.2FSG	excluded
LX-50f7529e25:PST.3MSG>PST.2MPL	excluded
LX-50f7529e25:PST.3MSG>PST.2MSG	excluded
LX-50f7529e25:PST.3MSG>PST.3FSG	excluded
LX-50f7529e25:PST.3MSG>PST.3PL	excluded
LX-5131dbb21d:PST.3MSG>PST.1PL	excluded
LX-5131dbb21d:PST.3MSG>PST.1SG	excluded
LX-5131dbb21d:PST.3MSG>PST.2FPL	excluded
LX-5131dbb21d:PST.3MSG>PST.2FSG	excluded
LX-5131dbb21d:PST.3MSG>PST.2MPL	excluded
LX-5131dbb21d:PST.3MSG>PST.2MSG	excluded
LX-5131dbb21d:PST.3MSG>PST.3FSG	excluded
LX-5131dbb21d:PST.3MSG>PST.3PL	excluded
LX-51e5f73ea3:PST.3MSG>PST.1PL	excluded
LX-51e5f73ea3:PST.3MSG>PST.1SG	excluded
LX-51e5f73ea3:PST.3MSG>PST.2FPL	excluded
LX-51e5f73ea3:PST.3MSG>PST.2FSG	excluded
LX-51e5f73ea3:PST.3MSG>PST.2MPL	excluded
LX-51e5f73ea3:PST.3MSG>PST.2MSG	excluded
LX-51e5f73ea3:PST.3MSG>PST.3FSG	excluded
LX-51e5f73ea3:PST.3MSG>PST.3PL	excluded
LX-52b035f5e4:PST.3MSG>PST.1PL	excluded
LX-52b035f5e4:PST.3MSG>PST.1SG	excluded
LX-52b035f5e4:PST.3MSG>PST.2FPL	excluded
LX-52b035f5e4:PST.3MSG>PST.2FSG	excluded
LX-52b035f5e4:PST.3MSG>PST.2MPL	excluded
LX-52b035f5e4:PST.3MSG>PST.2MSG	excluded
LX-52b035f5e4:PST.3MSG>PST.3FSG	excluded
LX-52b035f5e4:PST.3MSG>PST.3PL	excluded
LX-5332a810c0:PST.3MSG>PST.1PL	excluded
LX-5332a810c0:PST.3MSG>PST.1SG	excluded
LX-5332a810c0:PST.3MSG>PST.2FPL	excluded
LX-5332a810c0:PST.3MSG>PST.2FSG	excluded
LX-5332a810c0:PST.3MSG>PST.2MPL	excluded
LX-5332a810c0:PST.3MSG>PST.2MSG	excluded
LX-5332a810c0:PST.3MSG>PST.3FSG	excluded
LX-5332a810c0:PST.3MSG>PST.3PL	excluded
LX-549458f290:PST.3MSG>PST.1PL	excluded
LX-549458f290:PST.3MSG>PST.1SG	excluded
LX-549458f290:PST.3MSG>PST.2FPL	excluded
LX-549458f290:PST.3MSG>PST.2FSG	excluded
LX-549458f290:PST.3MSG>PST.2MPL	excluded
LX-549458f290:PST.3MSG>PST.2MSG	excluded
LX-549458f290:PST.3MSG>PST.3FSG	excluded
LX-549458f290:PST.3MSG>PST.3PL	excluded
LX-5547676956:PST.3MSG>PST.1PL	excluded
LX-5547676956:PST.3MSG>PST.1SG	excluded
LX-5547676956:PST.3MSG>PST.2FPL	excluded
LX-5547676956:PST.3MSG>PST.2FSG	excluded
LX-5547676956:PST.3MSG>PST.2MPL	excluded
LX-5547676956:PST.3MSG>PST.2MSG	excluded
LX-5547676956:PST.3MSG>PST.3FSG	excluded
LX-5547676956:PST.3MSG>PST.3PL	excluded
LX-55fca0f10e:PST.3MSG>PST.1PL	excluded
LX-55fca0f10e:PST.3MSG>PST.1SG	excluded
LX-55fca0f10e:PST.3MSG>PST.2FPL	excluded
LX-55fca0f10e:PST.3MSG>PST.2FSG	excluded
LX-55fca0f10e:PST.3MSG>PST.2MPL	excluded
LX-55fca0f10e:PST.3MSG>PST.2MSG	excluded
LX-55fca0f10e:PST.3MSG>PST.3FSG	excluded
LX-55fca0f10e:PST.3MSG>PST.3PL	excluded
LX-5769f7912b:PST.3MSG>PST.1PL	excluded
LX-5769f7912b:PST.3MSG>PST.1SG	excluded
LX-5769f7912b:PST.3MSG>PST.2FPL	excluded
LX-5769f7912b:PST.3MSG>PST.2FSG	excluded
LX-5769f7912b:PST.3MSG>PST.2MPL	excluded
LX-5769f7912b:PST.3MSG>PST.2MSG	excluded
LX-5769f7912b:PST.3MSG>PST.3FSG	excluded
LX-5769f7912b:PST.3MSG>PST.3PL	excluded
LX-5796699888:PST.3MSG>PST.1PL	excluded
LX-5796699888:PST.3MSG>PST.1SG	excluded
LX-5796699888:PST.3MSG>PST.2FPL	excluded
LX-5796699888:PST.3MSG>PST.2FSG	excluded
LX-5796699888:PST.3MSG>PST.2MPL	excluded
LX-5796699888:PST.3MSG>PST.2MSG	excluded
LX-5796699888:PST.3MSG>PST.3FSG	excluded
LX-5796699888:PST.3MSG>PST.3PL	excluded
LX-57d102f7a1:PST.3MSG>PST.1PL	excluded
LX-57d102f7a1:PST.3MSG>PST.1SG	excluded
LX-57d102f7a1:PST.3MSG>PST.2FPL	excluded
LX-57d102f7a1:PST.3MSG>PST.2FSG	excluded
LX-57d102f7a1:PST.3MSG>PST.2MPL	excluded
LX-57d102f7a1:PST.3MSG>PST.2MSG	excluded
LX-57d102f7a1:PST.3MSG>PST.3FSG	excluded
LX-57d102f7a1:PST.3MSG>PST.3PL	excluded
LX-58e6bb7696:PST.3MSG>PST.1PL	excluded
LX-58e6bb7696:PST.3MSG>PST.1SG	excluded
LX-58e6bb7696:PST.3MSG>PST.2FPL	excluded
LX-58e6bb7696:PST.3MSG>PST.2FSG	excluded
LX-58e6bb7696:PST.3MSG>PST.2MPL	excluded
LX-58e6bb7696:PST.3MSG>PST.2MSG	excluded
LX-58e6bb7696:PST.3MSG>PST.3FSG	excluded
LX-58e6bb7696:PST.3MSG>PST.3PL	excluded
LX-5969287c64:PST.3MSG>PST.1PL	excluded
LX-5969287c64:PST.3MSG>PST.1SG	excluded
LX-5969287c64:PST.3MSG>PST.2FPL	excluded
LX-5969287c64:PST.3MSG>PST.2FSG	excluded
LX-5969287c64:PST.3MSG>PST.2MPL	excluded
LX-5969287c64:PST.3MSG>PST.2MSG	excluded
LX-5969287c64:PST.3MSG>PST.3FSG	excluded
LX-5969287c64:PST.3MSG>PST.3PL	excluded
LX-59eebdc538:PST.3MSG>PST.1PL	excluded
LX-59eebdc538:PST.3MSG>PST.1SG	excluded
LX-59eebdc538:PST.3MSG>PST.2FPL	excluded
LX-59eebdc538:PST.3MSG>PST.2FSG	excluded
LX-59eebdc538:PST.3MSG>PST.2MPL	excluded
LX-59eebdc538:PST.3MSG>PST.2MSG	excluded
LX-59eebdc538:PST.3MSG>PST.3FSG	excluded
LX-59eebdc538:PST.3MSG>PST.3PL	excluded
LX-5b7cb7882d:PST.3MSG>PST.1PL	excluded
LX-5b7cb7882d:PST.3MSG>PST.1SG	excluded
LX-5b7cb7882d:PST.3MSG>PST.2FPL	excluded
LX-5b7cb7882d:PST.3MSG>PST.2FSG	excluded
LX-5b7cb7882d:PST.3MSG>PST.2MPL	excluded
LX-5b7cb7882d:PST.3MSG>PST.2MSG	excluded
LX-5b7cb7882d:PST.3MSG>PST.3FSG	excluded
LX-5b7cb7882d:PST.3MSG>PST.3PL	excluded
LX-5dd48a81da:PST.3MSG>PST.1PL	excluded
LX-5dd48a81da:PST.3MSG>PST.1SG	excluded
LX-5dd48a81da:PST.3MSG>PST.2FPL	excluded
LX-5dd48a81da:PST.3MSG>PST.2FSG	excluded
LX-5dd48a81da:PST.3MSG>PST.2MPL	excluded
LX-5dd48a81da:PST.3MSG>PST.2MSG	excluded
LX-5dd48a81da:PST.3MSG>PST.3FSG	excluded
LX-5dd48a81da:PST.3MSG>PST.3PL	excluded
LX-5ea2106684:PST.3MSG>PST.1PL	excluded
LX-5ea2106684:PST.3MSG>PST.1SG	excluded
LX-5ea2106684:PST.3MSG>PST.2FPL	excluded
LX-5ea2106684:PST.3MSG>PST.2FSG	excluded
LX-5ea2106684:PST.3MSG>PST.2MPL	excluded
LX-5ea2106684:PST.3MSG>PST.2MSG	excluded
LX-5ea2106684:PST.3MSG>PST.3FSG	excluded
LX-5ea2106684:PST.3MSG>PST.3PL	excluded
LX-5fbefe15ca:PST.3MSG>PST.1PL	excluded
LX-5fbefe15ca:PST.3MSG>PST.1SG	excluded
LX-5fbefe15ca:PST.3MSG>PST.2FPL	excluded
LX-5fbefe15ca:PST.3MSG>PST.2FSG	excluded
LX-5fbefe15ca:PST.3MSG>PST.2MPL	excluded
LX-5fbefe15ca:PST.3MSG>PST.2MSG	excluded
LX-5fbefe15ca:PST.3MSG>PST.3FSG	excluded
LX-5fbefe15ca:PST.3MSG>PST.3PL	excluded
LX-5fe4e85eb2:PST.3MSG>PST.1PL	excluded
LX-5fe4e85eb2:PST.3MSG>PST.1SG	excluded
LX-5fe4e85eb2:PST.3MSG>PST.2FPL	excluded
LX-5fe4e85eb2:PST.3MSG>PST.2FSG	excluded
LX-5fe4e85eb2:PST.3MSG>PST.2MPL	excluded
LX-5fe4e85eb2:PST.3MSG>PST.2MSG	excluded
LX-5fe4e85eb2:PST.3MSG>PST.3FSG	excluded
LX-5fe4e85eb2:PST.3MSG>PST.3PL	excluded
LX-6006f30f19:PST.3MSG>PST.1PL	excluded
LX-6006f30f19:PST.3MSG>PST.1SG	excluded
LX-6006f30f19:PST.3MSG>PST.2FPL	excluded
LX-6006f30f19:PST.3MSG>PST.2FSG	excluded
LX-6006f30f19:PST.3MSG>PST.2MPL	excluded
LX-6006f30f19:PST.3MSG>PST.2MSG	excluded
LX-6006f30f19:PST.3MSG>PST.3FSG	excluded
LX-6006f30f19:PST.3MSG>PST.3PL	excluded
LX-60815ced6b:PST.3MSG>PST.1PL	excluded
LX-60815ced6b:PST.3MSG>PST.1SG	excluded
LX-60815ced6b:PST.3MSG>PST.2FPL	excluded
LX-60815ced6b:PST.3MSG>PST.2FSG	excluded
LX-60815ced6b:PST.3MSG>PST.2MPL	excluded
LX-60815ced6b:PST.3MSG>PST.2MSG	excluded
LX-60815ced6b:PST.3MSG>PST.3FSG	excluded
LX-60815ced6b:PST.3MSG>PST.3PL	excluded
LX-614ce13de3:PST.3MSG>PST.1PL	excluded
LX-614ce13de3:PST.3MSG>PST.1SG	excluded
LX-614ce13de3:PST.3MSG>PST.2FPL	excluded
LX-614ce13de3:PST.3MSG>PST.2FSG	excluded
LX-614ce13de3:PST.3MSG>PST.2MPL	excluded
LX-614ce13de3:PST.3MSG>PST.2MSG	excluded
LX-614ce13de3:PST.3MSG>PST.3FSG	excluded
LX-614ce13de3:PST.3MSG>PST.3PL	excluded
LX-614f488b75:PST.3MSG>PST.1PL	excluded
LX-614f488b75:PST.3MSG>PST.1SG	excluded
LX-614f488b75:PST.3MSG>PST.2FPL	excluded
LX-614f488b75:PST.3MSG>PST.2FSG	excluded
LX-614f488b75:PST.3MSG>PST.2MPL	excluded
LX-614f488b75:PST.3MSG>PST.2MSG	excluded
LX-614f488b75:PST.3MSG>PST.3FSG	excluded
LX-614f488b75:PST.3MSG>PST.3PL	excluded
LX-616f0e955d:PST.3MSG>PST.1PL	excluded
LX-616f0e955d:PST.3MSG>PST.2FPL	excluded
LX-616f0e955d:PST.3MSG>PST.2FSG	excluded
LX-616f0e955d:PST.3MSG>PST.2MPL	excluded
LX-616f0e955d:PST.3MSG>PST.2MSG	excluded
LX-616f0e955d:PST.3MSG>PST.3FSG	excluded
LX-616f0e955d:PST.3MSG>PST.3PL	excluded
LX-618c338ae7:PST.3MSG>PST.1PL	excluded
LX-618c338ae7:PST.3MSG>PST.1SG	excluded
LX-618c338ae7:PST.3MSG>PST.2FPL	excluded
LX-618c338ae7:PST.3MSG>PST.2FSG	excluded
LX-618c338ae7:PST.3MSG>PST.2MPL	excluded
LX-618c338ae7:PST.3MSG>PST.2MSG	excluded
LX-618c338ae7:PST.3MSG>PST.3FSG	excluded
LX-618c338ae7:PST.3MSG>PST.3PL	excluded
LX-61da2d7d4b:PST.3MSG>PST.1PL	excluded
LX-61da2d7d4b:PST.3MSG>PST.1SG	excluded
LX-61da2d7d4b:PST.3MSG>PST.2FPL	excluded
LX-61da2d7d4b:PST.3MSG>PST.2FSG	excluded
LX-61da2d7d4b:PST.3MSG>PST.2MPL	excluded
LX-61da2d7d4b:PST.3MSG>PST.2MSG	excluded
LX-61da2d7d4b:PST.3MSG>PST.3FSG	excluded
LX-61da2d7d4b:PST.3MSG>PST.3PL	excluded
LX-63ce11f077:PST.3MSG>PST.1PL	excluded
LX-63ce11f077:PST.3MSG>PST.1SG	excluded
LX-63ce11f077:PST.3MSG>PST.2FPL	excluded
LX-63ce11f077:PST.3MSG>PST.2FSG	excluded
LX-63ce11f077:PST.3MSG>PST.2MPL	excluded
LX-63ce11f077:PST.3MSG>PST.2MSG	excluded
LX-63ce11f077:PST.3MSG>PST.3FSG	excluded
LX-63ce11f077:PST.3MSG>PST.3PL	excluded
LX-63dde3ef4d:PST.3MSG>PST.1PL	excluded
LX-63dde3ef4d:PST.3MSG>PST.1SG	excluded
LX-63dde3ef4d:PST.3MSG>PST.2FPL	excluded
LX-63dde3ef4d:PST.3MSG>PST.2FSG	excluded
LX-63dde3ef4d:PST.3MSG>PST.2MPL	excluded
LX-63dde3ef4d:PST.3MSG>PST.2MSG	excluded
LX-63dde3ef4d:PST.3MSG>PST.3FSG	excluded
LX-63dde3ef4d:PST.3MSG>PST.3PL	excluded
LX-63e03e9768:PST.3MSG>PST.1PL	excluded
LX-63e03e9768:PST.3MSG>PST.1SG	excluded
LX-63e03e9768:PST.3MSG>PST.2FPL	excluded
LX-63e03e9768:PST.3MSG>PST.2FSG	excluded
LX-63e03e9768:PST.3MSG>PST.2MPL	excluded
LX-63e03e9768:PST.3MSG>PST.2MSG	excluded
LX-63e03e9768:PST.3MSG>PST.3FSG	excluded
LX-63e03e9768:PST.3MSG>PST.3PL	excluded
LX-63e472a7fb:PST.3MSG>PST.1PL	excluded
LX-63e472a7fb:PST.3MSG>PST.1SG	excluded
LX-63e472a7fb:PST.3MSG>PST.2FPL	excluded
LX-63e472a7fb:PST.3MSG>PST.2FSG	excluded
LX-63e472a7fb:PST.3MSG>PST.2MPL	excluded
LX-63e472a7fb:PST.3MSG>PST.2MSG	excluded
LX-63e472a7fb:PST.3MSG>PST.3FSG	excluded
LX-63e472a7fb:PST.3MSG>PST.3PL	excluded
LX-63fbaf3997:PST.3MSG>PST.1PL	excluded
LX-63fbaf3997:PST.3MSG>PST.1SG	excluded
LX-63fbaf3997:PST.3MSG>PST.2FPL	excluded
LX-63fbaf3997:PST.3MSG>PST.2FSG	excluded
LX-63fbaf3997:PST.3MSG>PST.2MPL	excluded
LX-63fbaf3997:PST.3MSG>PST.2MSG	excluded
LX-63fbaf3997:PST.3MSG>PST.3FSG	excluded
LX-63fbaf3997:PST.3MSG>PST.3PL	excluded
LX-63fea149d4:PST.3MSG>PST.1PL	excluded
LX-63fea149d4:PST.3MSG>PST.1SG	excluded
LX-63fea149d4:PST.3MSG>PST.2FPL	excluded
LX-63fea149d4:PST.3MSG>PST.2FSG	excluded
LX-63fea149d4:PST.3MSG>PST.2MPL	excluded
LX-63fea149d4:PST.3MSG>PST.2MSG	excluded
LX-63fea149d4:PST.3MSG>PST.3FSG	excluded
LX-63fea149d4:PST.3MSG>PST.3PL	excluded
LX-6703d1bf91:PST.3MSG>PST.1PL	excluded
LX-6703d1bf91:PST.3MSG>PST.1SG	excluded
LX-6703d1bf91:PST.3MSG>PST.2FPL	excluded
LX-6703d1bf91:PST.3MSG>PST.2FSG	excluded
LX-6703d1bf91:PST.3MSG>PST.2MPL	excluded
LX-6703d1bf91:PST.3MSG>PST.2MSG	excluded
LX-6703d1bf91:PST.3MSG>PST.3FSG	excluded
LX-6703d1bf91:PST.3MSG>PST.3PL	excluded
LX-675c10f4a7:PST.3MSG>PST.1PL	excluded
LX-675c10f4a7:PST.3MSG>PST.1SG	excluded
LX-675c10f4a7:PST.3MSG>PST.2FPL	excluded
LX-675c10f4a7:PST.3MSG>PST.2FSG	excluded
LX-675c10f4a7:PST.3MSG>PST.2MPL	excluded
LX-675c10f4a7:PST.3MSG>PST.2MSG	excluded
LX-675c10f4a7:PST.3MSG>PST.3FSG	excluded
LX-675c10f4a7:PST.3MSG>PST.3PL	excluded
LX-67dfe7696c:PST.3MSG>PST.1PL	excluded
LX-67dfe7696c:PST.3MSG>PST.1SG	excluded
LX-67dfe7696c:PST.3MSG>PST.2FPL	excluded
LX-67dfe7696c:PST.3MSG>PST.2FSG	excluded
LX-67dfe7696c:PST.3MSG>PST.2MPL	excluded
LX-67dfe7696c:PST.3MSG>PST.2MSG	excluded
LX-67dfe7696c:PST.3MSG>PST.3FSG	excluded
LX-67dfe7696c:PST.3MSG>PST.3PL	excluded
LX-685d8477f8:PST.3MSG>PST.1PL	excluded
LX-685d8477f8:PST.3MSG>PST.1SG	excluded
LX-685d8477f8:PST.3MSG>PST.2FPL	excluded
LX-685d8477f8:PST.3MSG>PST.2FSG	excluded
LX-685d8477f8:PST.3MSG>PST.2MPL	excluded
LX-685d8477f8:PST.3MSG>PST.2MSG	excluded
LX-685d8477f8:PST.3MSG>PST.3FSG	excluded
LX-685d8477f8:PST.3MSG>PST.3PL	excluded
LX-68707e7af8:PST.3MSG>PST.1PL	excluded
LX-68707e7af8:PST.3MSG>PST.1SG	excluded
LX-68707e7af8:PST.3MSG>PST.2FPL	excluded
LX-68707e7af8:PST.3MSG>PST.2FSG	excluded
LX-68707e7af8:PST.3MSG>PST.2MPL	excluded
LX-68707e7af8:PST.3MSG>PST.2MSG	excluded
LX-68707e7af8:PST.3MSG>PST.3FSG	excluded
LX-68707e7af8:PST.3MSG>PST.3PL	excluded
LX-6920078ed1:PST.3MSG>PST.1PL	excluded
LX-6920078ed1:PST.3MSG>PST.1SG	excluded
LX-6920078ed1:PST.3MSG>PST.2FPL	excluded
LX-6920078ed1:PST.3MSG>PST.2FSG	excluded
LX-6920078ed1:PST.3MSG>PST.2MPL	excluded
LX-6920078ed1:PST.3MSG>PST.2MSG	excluded
LX-6920078ed1:PST.3MSG>PST.3FSG	excluded
LX-6920078ed1:PST.3MSG>PST.3PL	excluded
LX-69c35ed59d:PST.3MSG>PST.1PL	excluded
LX-69c35ed59d:PST.3MSG>PST.1SG	excluded
LX-69c35ed59d:PST.3MSG>PST.2FPL	excluded
LX-69c35ed59d:PST.3MSG>PST.2FSG	excluded
LX-69c35ed59d:PST.3MSG>PST.2MPL	excluded
LX-69c35ed59d:PST.3MSG>PST.2MSG	excluded
LX-69c35ed59d:PST.3MSG>PST.3FSG	excluded
LX-69c35ed59d:PST.3MSG>PST.3PL	excluded
LX-6a7f3978c3:PST.3MSG>PST.1PL	excluded
LX-6a7f3978c3:PST.3MSG>PST.1SG	excluded
LX-6a7f3978c3:PST.3MSG>PST.2FPL	excluded
LX-6a7f3978c3:PST.3MSG>PST.2FSG	excluded
LX-6a7f3978c3:PST.3MSG>PST.2MPL	excluded
LX-6a7f3978c3:PST.3MSG>PST.2MSG	excluded
LX-6a7f3978c3:PST.3MSG>PST.3FSG	excluded
LX-6a7f3978c3:PST.3MSG>PST.3PL	excluded
LX-6b26f6ae8c:PST.3MSG>PST.1PL	excluded
LX-6b26f6ae8c:PST.3MSG>PST.1SG	excluded
LX-6b26f6ae8c:PST.3MSG>PST.2FPL	excluded
LX-6b26f6ae8c:PST.3MSG>PST.2FSG	excluded
LX-6b26f6ae8c:PST.3MSG>PST.2MPL	excluded
LX-6b26f6ae8c:PST.3MSG>PST.2MSG	excluded
LX-6b26f6ae8c:PST.3MSG>PST.3FSG	excluded
LX-6b26f6ae8c:PST.3MSG>PST.3PL	excluded
LX-6b83b9c2bd:PST.3MSG>PST.1PL	excluded
LX-6b83b9c2bd:PST.3MSG>PST.1SG	excluded
LX-6b83b9c2bd:PST.3MSG>PST.2FPL	excluded
LX-6b83b9c2bd:PST.3MSG>PST.2FSG	excluded
LX-6b83b9c2bd:PST.3MSG>PST.2MPL	excluded
LX-6b83b9c2bd:PST.3MSG>PST.2MSG	excluded
LX-6b83b9c2bd:PST.3MSG>PST.3FSG	excluded
LX-6b83b9c2bd:PST.3MSG>PST.3PL	excluded
LX-6caaa1a224:PST.3MSG>PST.1PL	excluded
LX-6caaa1a224:PST.3MSG>PST.1SG	excluded
LX-6caaa1a224:PST.3MSG>PST.2FPL	excluded
LX-6caaa1a224:PST.3MSG>PST.2FSG	excluded
LX-6caaa1a224:PST.3MSG>PST.2MPL	excluded
LX-6caaa1a224:PST.3MSG>PST.2MSG	excluded
LX-6caaa1a224:PST.3MSG>PST.3FSG	excluded
LX-6caaa1a224:PST.3MSG>PST.3PL	excluded
LX-6ce95ca814:PST.3MSG>PST.1PL	excluded
LX-6ce95ca814:PST.3MSG>PST.1SG	excluded
LX-6ce95ca814:PST.3MSG>PST.2FPL	excluded
LX-6ce95ca814:PST.3MSG>PST.2FSG	excluded
LX-6ce95ca814:PST.3MSG>PST.2MPL	excluded
LX-6ce95ca814:PST.3MSG>PST.2MSG	excluded
LX-6ce95ca814:PST.3MSG>PST.3FSG	excluded
LX-6ce95ca814:PST.3MSG>PST.3PL	excluded
LX-6d4848df9d:PST.3MSG>PST.1PL	excluded
LX-6d4848df9d:PST.3MSG>PST.1SG	excluded
LX-6d4848df9d:PST.3MSG>PST.2FPL	excluded
LX-6d4848df9d:PST.3MSG>PST.2FSG	excluded
LX-6d4848df9d:PST.3MSG>PST.2MPL	excluded
LX-6d4848df9d:PST.3MSG>PST.2MSG	excluded
LX-6d4848df9d:PST.3MSG>PST.3FSG	excluded
LX-6d4848df9d:PST.3MSG>PST.3PL	excluded
LX-6d643f462e:PST.3MSG>PST.1PL	excluded
LX-6d643f462e:PST.3MSG>PST.1SG	excluded
LX-6d643f462e:PST.3MSG>PST.2FPL	excluded
LX-6d643f462e:PST.3MSG>PST.2FSG	excluded
LX-6d643f462e:PST.3MSG>PST.2MPL	excluded
LX-6d643f462e:PST.3MSG>PST.2MSG	excluded
LX-6d643f462e:PST.3MSG>PST.3FSG	excluded
LX-6d643f462e:PST.3MSG>PST.3PL	excluded
LX-6e4190a5e7:PST.3MSG>PST.1PL	excluded
LX-6e4190a5e7:PST.3MSG>PST.1SG	excluded
LX-6e4190a5e7:PST.3MSG>PST.2FPL	excluded
LX-6e4190a5e7:PST.3MSG>PST.2FSG	excluded
LX-6e4190a5e7:PST.3MSG>PST.2MPL	excluded
LX-6e4190a5e7:PST.3MSG>PST.2MSG	excluded
LX-6e4190a5e7:PST.3MSG>PST.3FSG	excluded
LX-6e4190a5e7:PST.3MSG>PST.3PL	excluded
LX-6ee86465c8:PST.3MSG>PST.1PL	excluded
LX-6ee86465c8:PST.3MSG>PST.1SG	excluded
LX-6ee86465c8:PST.3MSG>PST.2FPL	excluded
LX-6ee86465c8:PST.3MSG>PST.2FSG	excluded
LX-6ee86465c8:PST.3MSG>PST.2MPL	excluded
LX-6ee86465c8:PST.3MSG>PST.2MSG	excluded
LX-6ee86465c8:PST.3MSG>PST.3FSG	excluded
LX-6ee86465c8:PST.3MSG>PST.3PL	excluded
LX-6f3c35b207:PST.3MSG>PST.1PL	excluded
LX-6f3c35b207:PST.3MSG>PST.1SG	excluded
LX-6f3c35b207:PST.3MSG>PST.2FPL	excluded
LX-6f3c35b207:PST.3MSG>PST.2FSG	excluded
LX-6f3c35b207:PST.3MSG>PST.2MPL	excluded
LX-6f3c35b207:PST.3MSG>PST.2MSG	excluded
LX-6f3c35b207:PST.3MSG>PST.3FSG	excluded
LX-6f3c35b207:PST.3MSG>PST.3PL	excluded
LX-6f57e0f547:PST.3MSG>PST.1PL	excluded
LX-6f57e0f547:PST.3MSG>PST.1SG	excluded
LX-6f57e0f547:PST.3MSG>PST.2FPL	excluded
LX-6f57e0f547:PST.3MSG>PST.2FSG	excluded
LX-6f57e0f547:PST.3MSG>PST.2MPL	excluded
LX-6f57e0f547:PST.3MSG>PST.2MSG	excluded
LX-6f57e0f547:PST.3MSG>PST.3FSG	excluded
LX-6f57e0f547:PST.3MSG>PST.3PL	excluded
LX-704e73012f:PST.3MSG>PST.1PL	excluded
LX-704e73012f:PST.3MSG>PST.1SG	excluded
LX-704e73012f:PST.3MSG>PST.2FPL	excluded
LX-704e73012f:PST.3MSG>PST.2FSG	excluded
LX-704e73012f:PST.3MSG>PST.2MPL	excluded
LX-704e73012f:PST.3MSG>PST.2MSG	excluded
LX-704e73012f:PST.3MSG>PST.3FSG	excluded
LX-704e73012f:PST.3MSG>PST.3PL	excluded
LX-70b2fa5dd7:PST.3MSG>PST.1PL	excluded
LX-70b2fa5dd7:PST.3MSG>PST.1SG	excluded
LX-70b2fa5dd7:PST.3MSG>PST.2FPL	excluded
LX-70b2fa5dd7:PST.3MSG>PST.2FSG	excluded
LX-70b2fa5dd7:PST.3MSG>PST.2MPL	excluded
LX-70b2fa5dd7:PST.3MSG>PST.2MSG	excluded
LX-70b2fa5dd7:PST.3MSG>PST.3FSG	excluded
LX-70b2fa5dd7:PST.3MSG>PST.3PL	excluded
LX-71e732f9a4:PST.3MSG>PST.1PL	excluded
LX-71e732f9a4:PST.3MSG>PST.1SG	excluded
LX-71e732f9a4:PST.3MSG>PST.2FPL	excluded
LX-71e732f9a4:PST.3MSG>PST.2FSG	excluded
LX-71e732f9a4:PST.3MSG>PST.2MPL	excluded
LX-71e732f9a4:PST.3MSG>PST.2MSG	excluded
LX-71e732f9a4:PST.3MSG>PST.3FSG	excluded
LX-71e732f9a4:PST.3MSG>PST.3PL	excluded
LX-7267c4c04d:PST.3MSG>PST.1PL	excluded
LX-7267c4c04d:PST.3MSG>PST.1SG	excluded
LX-7267c4c04d:PST.3MSG>PST.2FPL	excluded
LX-7267c4c04d:PST.3MSG>PST.2FSG	excluded
LX-7267c4c04d:PST.3MSG>PST.2MPL	excluded
LX-7267c4c04d:PST.3MSG>PST.2MSG	excluded
LX-7267c4c04d:PST.3MSG>PST.3FSG	excluded
LX-7267c4c04d:PST.3MSG>PST.3PL	excluded
LX-727540bcfc:PST.3MSG>PST.1PL	excluded
LX-727540bcfc:PST.3MSG>PST.1SG	excluded
LX-727540bcfc:PST.3MSG>PST.2FPL	excluded
LX-727540bcfc:PST.3MSG>PST.2FSG	excluded
LX-727540bcfc:PST.3MSG>PST.2MPL	excluded
LX-727540bcfc:PST.3MSG>PST.2MSG	excluded
LX-727540bcfc:PST.3MSG>PST.3FSG	excluded
LX-727540bcfc:PST.3MSG>PST.3PL	excluded
LX-736ba46633:PST.3MSG>PST.1PL	excluded
LX-736ba46633:PST.3MSG>PST.1SG	excluded
LX-736ba46633:PST.3MSG>PST.2FPL	excluded
LX-736ba46633:PST.3MSG>PST.2FSG	excluded
LX-736ba46633:PST.3MSG>PST.2MPL	excluded
LX-736ba46633:PST.3MSG>PST.2MSG	excluded
LX-736ba46633:PST.3MSG>PST.3FSG	excluded
LX-736ba46633:PST.3MSG>PST.3PL	excluded
LX-739bec155a:PST.3MSG>PST.1PL	excluded
LX-739bec155a:PST.3MSG>PST.1SG	excluded
LX-739bec155a:PST.3MSG>PST.2FPL	excluded
LX-739bec155a:PST.3MSG>PST.2FSG	excluded
LX-739bec155a:PST.3MSG>PST.2MPL	excluded
LX-739bec155a:PST.3MSG>PST.2MSG	excluded
LX-739bec155a:PST.3MSG>PST.3FSG	excluded
LX-739bec155a:PST.3MSG>PST.3PL	excluded
LX-741b821482:PST.3MSG>PST.1PL	excluded
LX-741b821482:PST.3MSG>PST.1SG	excluded
LX-741b821482:PST.3MSG>PST.2FPL	excluded
LX-741b821482:PST.3MSG>PST.2FSG	excluded
LX-741b821482:PST.3MSG>PST.2MPL	excluded
LX-741b821482:PST.3MSG>PST.2MSG	excluded
LX-741b821482:PST.3MSG>PST.3FSG	excluded
LX-741b821482:PST.3MSG>PST.3PL	excluded
LX-7564e8bfac:PST.3MSG>PST.1PL	excluded
LX-7564e8bfac:PST.3MSG>PST.1SG	excluded
LX-7564e8bfac:PST.3MSG>PST.2FPL	excluded
LX-7564e8bfac:PST.3MSG>PST.2FSG	excluded
LX-7564e8bfac:PST.3MSG>PST.2MPL	excluded
LX-7564e8bfac:PST.3MSG>PST.2MSG	excluded
LX-7564e8bfac:PST.3MSG>PST.3FSG	excluded
LX-7564e8bfac:PST.3MSG>PST.3PL	excluded
LX-770850bf80:PST.3MSG>PST.1PL	excluded
LX-770850bf80:PST.3MSG>PST.1SG	excluded
LX-770850bf80:PST.3MSG>PST.2FPL	excluded
LX-770850bf80:PST.3MSG>PST.2FSG	excluded
LX-770850bf80:PST.3MSG>PST.2MPL	excluded
LX-770850bf80:PST.3MSG>PST.2MSG	excluded
LX-770850bf80:PST.3MSG>PST.3FSG	excluded
LX-770850bf80:PST.3MSG>PST.3PL	excluded
LX-773cb624a8:PST.3MSG>PST.1PL	excluded
LX-773cb624a8:PST.3MSG>PST.1SG	excluded
LX-773cb624a8:PST.3MSG>PST.2FPL	excluded
LX-773cb624a8:PST.3MSG>PST.2FSG	excluded
LX-773cb624a8:PST.3MSG>PST.2MPL	excluded
LX-773cb624a8:PST.3MSG>PST.2MSG	excluded
LX-773cb624a8:PST.3MSG>PST.3FSG	excluded
LX-773cb624a8:PST.3MSG>PST.3PL	excluded
LX-777d67b75a:PST.3MSG>PST.1PL	excluded
LX-777d67b75a:PST.3MSG>PST.1SG	excluded
LX-777d67b75a:PST.3MSG>PST.2FPL	excluded
LX-777d67b75a:PST.3MSG>PST.2FSG	excluded
LX-777d67b75a:PST.3MSG>PST.2MPL	excluded
LX-777d67b75a:PST.3MSG>PST.2MSG	excluded
LX-777d67b75a:PST.3MSG>PST.3FSG	excluded
LX-777d67b75a:PST.3MSG>PST.3PL	excluded
LX-78a11bd615:PST.3MSG>PST.1PL	excluded
LX-78a11bd615:PST.3MSG>PST.1SG	excluded
LX-78a11bd615:PST.3MSG>PST.2FPL	excluded
LX-78a11bd615:PST.3MSG>PST.2FSG	excluded
LX-78a11bd615:PST.3MSG>PST.2MPL	excluded
LX-78a11bd615:PST.3MSG>PST.2MSG	excluded
LX-78a11bd615:PST.3MSG>PST.3FSG	excluded
LX-78a11bd615:PST.3MSG>PST.3PL	excluded
LX-7a323af8bb:PST.3MSG>PST.1PL	excluded
LX-7a323af8bb:PST.3MSG>PST.1SG	excluded
LX-7a323af8bb:PST.3MSG>PST.2FPL	excluded
LX-7a323af8bb:PST.3MSG>PST.2FSG	excluded
LX-7a323af8bb:PST.3MSG>PST.2MPL	excluded
LX-7a323af8bb:PST.3MSG>PST.2MSG	excluded
LX-7a323af8bb:PST.3MSG>PST.3FSG	excluded
LX-7a323af8bb:PST.3MSG>PST.3PL	excluded
LX-7b5df4ddb5:PST.3MSG>PST.1PL	excluded
LX-7b5df4ddb5:PST.3MSG>PST.1SG	excluded
LX-7b5df4ddb5:PST.3MSG>PST.2FPL	excluded
LX-7b5df4ddb5:PST.3MSG>PST.2FSG	excluded
LX-7b5df4ddb5:PST.3MSG>PST.2MPL	excluded
LX-7b5df4ddb5:PST.3MSG>PST.2MSG	excluded
LX-7b5df4ddb5:PST.3MSG>PST.3FSG	excluded
LX-7b5df4ddb5:PST.3MSG>PST.3PL	excluded
LX-7c29f63589:PST.3MSG>PST.1PL	excluded
LX-7c29f63589:PST.3MSG>PST.1SG	excluded
LX-7c29f63589:PST.3MSG>PST.2FPL	excluded
LX-7c29f63589:PST.3MSG>PST.2FSG	excluded
LX-7c29f63589:PST.3MSG>PST.2MPL	excluded
LX-7c29f63589:PST.3MSG>PST.2MSG	excluded
LX-7c29f63589:PST.3MSG>PST.3FSG	excluded
LX-7c29f63589:PST.3MSG>PST.3PL	excluded
LX-7c4d57096f:PST.3MSG>PST.1PL	excluded
LX-7c4d57096f:PST.3MSG>PST.1SG	excluded
LX-7c4d57096f:PST.3MSG>PST.2FPL	excluded
LX-7c4d57096f:PST.3MSG>PST.2FSG	excluded
LX-7c4d57096f:PST.3MSG>PST.2MPL	excluded
LX-7c4d57096f:PST.3MSG>PST.2MSG	excluded
LX-7c4d57096f:PST.3MSG>PST.3FSG	excluded
LX-7c4d57096f:PST.3MSG>PST.3PL	excluded
LX-7cc0fce52d:PST.3MSG>PST.1PL	excluded
LX-7cc0fce52d:PST.3MSG>PST.1SG	excluded
LX-7cc0fce52d:PST.3MSG>PST.2FPL	excluded
LX-7cc0fce52d:PST.3MSG>PST.2FSG	excluded
LX-7cc0fce52d:PST.3MSG>PST.2MPL	excluded
LX-7cc0fce52d:PST.3MSG>PST.2MSG	excluded
LX-7cc0fce52d:PST.3MSG>PST.3FSG	excluded
LX-7cc0fce52d:PST.3MSG>PST.3PL	excluded
LX-7dbcf03053:PST.3MSG>PST.1PL	excluded
LX-7dbcf03053:PST.3MSG>PST.1SG	excluded
LX-7dbcf03053:PST.3MSG>PST.2FPL	excluded
LX-7dbcf03053:PST.3MSG>PST.2FSG	excluded
LX-7dbcf03053:PST.3MSG>PST.2MPL	excluded
LX-7dbcf03053:PST.3MSG>PST.2MSG	excluded
LX-7dbcf03053:PST.3MSG>PST.3FSG	excluded
LX-7dbcf03053:PST.3MSG>PST.3PL	excluded
LX-7e19633dd9:PST.3MSG>PST.1PL	excluded
LX-7e19633dd9:PST.3MSG>PST.1SG	excluded
LX-7e19633dd9:PST.3MSG>PST.2FPL	excluded
LX-7e19633dd9:PST.3MSG>PST.2FSG	excluded
LX-7e19633dd9:PST.3MSG>PST.2MPL	excluded
LX-7e19633dd9:PST.3MSG>PST.2MSG	excluded
LX-7e19633dd9:PST.3MSG>PST.3FSG	excluded
LX-7e19633dd9:PST.3MSG>PST.3PL	excluded
LX-7e7c361128:PST.3MSG>PST.1PL	excluded
LX-7e7c361128:PST.3MSG>PST.1SG	excluded
LX-7e7c361128:PST.3MSG>PST.2FPL	excluded
LX-7e7c361128:PST.3MSG>PST.2FSG	excluded
LX-7e7c361128:PST.3MSG>PST.2MPL	excluded
LX-7e7c361128:PST.3MSG>PST.2MSG	excluded
LX-7e7c361128:PST.3MSG>PST.3FSG	excluded
LX-7e7c361128:PST.3MSG>PST.3PL	excluded
LX-7f3553a9e1:PST.3MSG>PST.1PL	excluded
LX-7f3553a9e1:PST.3MSG>PST.1SG	excluded
LX-7f3553a9e1:PST.3MSG>PST.2FPL	excluded
LX-7f3553a9e1:PST.3MSG>PST.2FSG	excluded
LX-7f3553a9e1:PST.3MSG>PST.2MPL	excluded
LX-7f3553a9e1:PST.3MSG>PST.2MSG	excluded
LX-7f3553a9e1:PST.3MSG>PST.3FSG	excluded
LX-7f3553a9e1:PST.3MSG>PST.3PL	excluded
LX-7f737d3646:PST.3MSG>PST.1PL	excluded
LX-7f737d3646:PST.3MSG>PST.1SG	excluded
LX-7f737d3646:PST.3MSG>PST.2FPL	excluded
LX-7f737d3646:PST.3MSG>PST.2FSG	excluded
LX-7f737d3646:PST.3MSG>PST.2MPL	excluded
LX-7f737d3646:PST.3MSG>PST.2MSG	excluded
LX-7f737d3646:PST.3MSG>PST.3FSG	excluded
LX-7f737d3646:PST.3MSG>PST.3PL	excluded
LX-803795b6b5:PST.3MSG>PST.1PL	excluded
LX-803795b6b5:PST.3MSG>PST.1SG	excluded
LX-803795b6b5:PST.3MSG>PST.2FPL	excluded
LX-803795b6b5:PST.3MSG>PST.2FSG	excluded
LX-803795b6b5:PST.3MSG>PST.2MPL	excluded
LX-803795b6b5:PST.3MSG>PST.2MSG	excluded
LX-803795b6b5:PST.3MSG>PST.3FSG	excluded
LX-803795b6b5:PST.3MSG>PST.3PL	excluded
LX-807238ca26:PST.3MSG>PST.1PL	excluded
LX-807238ca26:PST.3MSG>PST.1SG	excluded
LX-807238ca26:PST.3MSG>PST.2FPL	excluded
LX-807238ca26:PST.3MSG>PST.2FSG	excluded
LX-807238ca26:PST.3MSG>PST.2MPL	excluded
LX-807238ca26:PST.3MSG>PST.2MSG	excluded
LX-807238ca26:PST.3MSG>PST.3FSG	excluded
LX-807238ca26:PST.3MSG>PST.3PL	excluded
LX-8097b3b1bb:PST.3MSG>PST.1PL	excluded
LX-8097b3b1bb:PST.3MSG>PST.1SG	excluded
LX-8097b3b1bb:PST.3MSG>PST.2FPL	excluded
LX-8097b3b1bb:PST.3MSG>PST.2FSG	excluded
LX-8097b3b1bb:PST.3MSG>PST.2MPL	excluded
LX-8097b3b1bb:PST.3MSG>PST.2MSG	excluded
LX-8097b3b1bb:PST.3MSG>PST.3FSG	excluded
LX-8097b3b1bb:PST.3MSG>PST.3PL	excluded
LX-809e9f7de7:PST.3MSG>PST.1PL	excluded
LX-809e9f7de7:PST.3MSG>PST.1SG	excluded
LX-809e9f7de7:PST.3MSG>PST.2FPL	excluded
LX-809e9f7de7:PST.3MSG>PST.2FSG	excluded
LX-809e9f7de7:PST.3MSG>PST.2MPL	excluded
LX-809e9f7de7:PST.3MSG>PST.2MSG	excluded
LX-809e9f7de7:PST.3MSG>PST.3FSG	excluded
LX-809e9f7de7:PST.3MSG>PST.3PL	excluded
LX-8140f5e99e:PST.3MSG>PST.1PL	excluded
LX-8140f5e99e:PST.3MSG>PST.1SG	excluded
LX-8140f5e99e:PST.3MSG>PST.2FPL	excluded
LX-8140f5e99e:PST.3MSG>PST.2FSG	excluded
LX-8140f5e99e:PST.3MSG>PST.2MPL	excluded
LX-8140f5e99e:PST.3MSG>PST.2MSG	excluded
LX-8140f5e99e:PST.3MSG>PST.3FSG	excluded
LX-8140f5e99e:PST.3MSG>PST.3PL	excluded
LX-816bb52055:PST.3MSG>PST.1PL	excluded
LX-816bb52055:PST.3MSG>PST.1SG	excluded
LX-816bb52055:PST.3MSG>PST.2FPL	excluded
LX-816bb52055:PST.3MSG>PST.2FSG	excluded
LX-816bb52055:PST.3MSG>PST.2MPL	excluded
LX-816bb52055:PST.3MSG>PST.2MSG	excluded
LX-816bb52055:PST.3MSG>PST.3FSG	excluded
LX-816bb52055:PST.3MSG>PST.3PL	excluded
LX-81980f3698:PST.3MSG>PST.1PL	excluded
LX-81980f3698:PST.3MSG>PST.1SG	excluded
LX-81980f3698:PST.3MSG>PST.2FPL	excluded
LX-81980f3698:PST.3MSG>PST.2FSG	excluded
LX-81980f3698:PST.3MSG>PST.2MPL	excluded
LX-81980f3698:PST.3MSG>PST.2MSG	excluded
LX-81980f3698:PST.3MSG>PST.3FSG	excluded
LX-81980f3698:PST.3MSG>PST.3PL	excluded
LX-81d8a4ca7f:PST.3MSG>PST.1PL	excluded
LX-81d8a4ca7f:PST.3MSG>PST.1SG	excluded
LX-81d8a4ca7f:PST.3MSG>PST.2FPL	excluded
LX-81d8a4ca7f:PST.3MSG>PST.2FSG	excluded
LX-81d8a4ca7f:PST.3MSG>PST.2MPL	excluded
LX-81d8a4ca7f:PST.3MSG>PST.2MSG	excluded
LX-81d8a4ca7f:PST.3MSG>PST.3FSG	excluded
LX-81d8a4ca7f:PST.3MSG>PST.3PL	excluded
LX-82433c8f40:PST.3MSG>PST.1PL	excluded
LX-82433c8f40:PST.3MSG>PST.1SG	excluded
LX-82433c8f40:PST.3MSG>PST.2FPL	excluded
LX-82433c8f40:PST.3MSG>PST.2FSG	excluded
LX-82433c8f40:PST.3MSG>PST.2MPL	excluded
LX-82433c8f40:PST.3MSG>PST.2MSG	excluded
LX-82433c8f40:PST.3MSG>PST.3FSG	excluded
LX-82433c8f40:PST.3MSG>PST.3PL	excluded
LX-825701f142:PST.3MSG>PST.1PL	excluded
LX-825701f142:PST.3MSG>PST.1SG	excluded
LX-825701f142:PST.3MSG>PST.2FPL	excluded
LX-825701f142:PST.3MSG>PST.2FSG	excluded
LX-825701f142:PST.3MSG>PST.2MPL	excluded
LX-825701f142:PST.3MSG>PST.2MSG	excluded
LX-825701f142:PST.3MSG>PST.3FSG	excluded
LX-825701f142:PST.3MSG>PST.3PL	excluded
LX-82720ad029:PST.3MSG>PST.1PL	excluded
LX-82720ad029:PST.3MSG>PST.1SG	excluded
LX-82720ad029:PST.3MSG>PST.2FPL	excluded
LX-82720ad029:PST.3MSG>PST.2FSG	excluded
LX-82720ad029:PST.3MSG>PST.2MPL	excluded
LX-82720ad029:PST.3MSG>PST.2MSG	excluded
LX-82720ad029:PST.3MSG>PST.3FSG	excluded
LX-82720ad029:PST.3MSG>PST.3PL	excluded
LX-82b04903a1:PST.3MSG>PST.1PL	excluded
LX-82b04903a1:PST.3MSG>PST.1SG	excluded
LX-82b04903a1:PST.3MSG>PST.2FPL	excluded
LX-82b04903a1:PST.3MSG>PST.2FSG	excluded
LX-82b04903a1:PST.3MSG>PST.2MPL	excluded
LX-82b04903a1:PST.3MSG>PST.2MSG	excluded
LX-82b04903a1:PST.3MSG>PST.3FSG	excluded
LX-82b04903a1:PST.3MSG>PST.3PL	excluded
LX-83dfdafe98:PST.3MSG>PST.1PL	excluded
LX-83dfdafe98:PST.3MSG>PST.1SG	excluded
LX-83dfdafe98:PST.3MSG>PST.2FPL	excluded
LX-83dfdafe98:PST.3MSG>PST.2FSG	excluded
LX-83dfdafe98:PST.3MSG>PST.2MPL	excluded
LX-83dfdafe98:PST.3MSG>PST.2MSG	excluded
LX-83dfdafe98:PST.3MSG>PST.3FSG	excluded
LX-83dfdafe98:PST.3MSG>PST.3PL	excluded
LX-84abc2fe49:PST.3MSG>PST.1PL	excluded
LX-84abc2fe49:PST.3MSG>PST.1SG	excluded
LX-84abc2fe49:PST.3MSG>PST.2FPL	excluded
LX-84abc2fe49:PST.3MSG>PST.2FSG	excluded
LX-84abc2fe49:PST.3MSG>PST.2MPL	excluded
LX-84abc2fe49:PST.3MSG>PST.2MSG	excluded
LX-84abc2fe49:PST.3MSG>PST.3FSG	excluded
LX-84abc2fe49:PST.3MSG>PST.3PL	excluded
LX-856259bfb6:PST.3MSG>PST.1PL	excluded
LX-856259bfb6:PST.3MSG>PST.1SG	excluded
LX-856259bfb6:PST.3MSG>PST.2FPL	excluded
LX-856259bfb6:PST.3MSG>PST.2FSG	excluded
LX-856259bfb6:PST.3MSG>PST.2MPL	excluded
LX-856259bfb6:PST.3MSG>PST.2MSG	excluded
LX-856259bfb6:PST.3MSG>PST.3FSG	excluded
LX-856259bfb6:PST.3MSG>PST.3PL	excluded
LX-8595027f0d:PST.3MSG>PST.1PL	excluded
LX-8595027f0d:PST.3MSG>PST.1SG	excluded
LX-8595027f0d:PST.3MSG>PST.2FPL	excluded
LX-8595027f0d:PST.3MSG>PST.2FSG	excluded
LX-8595027f0d:PST.3MSG>PST.2MPL	excluded
LX-8595027f0d:PST.3MSG>PST.2MSG	excluded
LX-8595027f0d:PST.3MSG>PST.3FSG	excluded
LX-8595027f0d:PST.3MSG>PST.3PL	excluded
LX-85b2e16647:PST.3MSG>PST.1PL	excluded
LX-85b2e16647:PST.3MSG>PST.1SG	excluded
LX-85b2e16647:PST.3MSG>PST.2FPL	excluded
LX-85b2e16647:PST.3MSG>PST.2FSG	excluded
LX-85b2e16647:PST.3MSG>PST.2MPL	excluded
LX-85b2e16647:PST.3MSG>PST.2MSG	excluded
LX-85b2e16647:PST.3MSG>PST.3FSG	excluded
LX-85b2e16647:PST.3MSG>PST.3PL	excluded
LX-86048362c6:PST.3MSG>PST.1PL	excluded
LX-86048362c6:PST.3MSG>PST.1SG	excluded
LX-86048362c6:PST.3MSG>PST.2FPL	excluded
LX-86048362c6:PST.3MSG>PST.2FSG	excluded
LX-86048362c6:PST.3MSG>PST.2MPL	excluded
LX-86048362c6:PST.3MSG>PST.2MSG	excluded
LX-86048362c6:PST.3MSG>PST.3FSG	excluded
LX-86048362c6:PST.3MSG>PST.3PL	excluded
LX-87d23634c3:PST.3MSG>PST.1PL	excluded
LX-87d23634c3:PST.3MSG>PST.1SG	excluded
LX-87d23634c3:PST.3MSG>PST.2FPL	excluded
LX-87d23634c3:PST.3MSG>PST.2FSG	excluded
LX-87d23634c3:PST.3MSG>PST.2MPL	excluded
LX-87d23634c3:PST.3MSG>PST.2MSG	excluded
LX-87d23634c3:PST.3MSG>PST.3FSG	excluded
LX-87d23634c3:PST.3MSG>PST.3PL	excluded
LX-8807c45311:PST.3MSG>PST.1PL	excluded
LX-8807c45311:PST.3MSG>PST.1SG	excluded
LX-8807c45311:PST.3MSG>PST.2FPL	excluded
LX-8807c45311:PST.3MSG>PST.2FSG	excluded
LX-8807c45311:PST.3MSG>PST.2MPL	excluded
LX-8807c45311:PST.3MSG>PST.2MSG	excluded
LX-8807c45311:PST.3MSG>PST.3FSG	excluded
LX-8807c45311:PST.3MSG>PST.3PL	excluded
LX-8ac0c993da:PST.3MSG>PST.1PL	excluded
LX-8ac0c993da:PST.3MSG>PST.1SG	excluded
LX-8ac0c993da:PST.3MSG>PST.2FPL	excluded
LX-8ac0c993da:PST.3MSG>PST.2FSG	excluded
LX-8ac0c993da:PST.3MSG>PST.2MPL	excluded
LX-8ac0c993da:PST.3MSG>PST.2MSG	excluded
LX-8ac0c993da:PST.3MSG>PST.3FSG	excluded
LX-8ac0c993da:PST.3MSG>PST.3PL	excluded
LX-8b1af66757:PST.3MSG>PST.1PL	excluded
LX-8b1af66757:PST.3MSG>PST.1SG	excluded
LX-8b1af66757:PST.3MSG>PST.2FPL	excluded
LX-8b1af66757:PST.3MSG>PST.2FSG	excluded
LX-8b1af66757:PST.3MSG>PST.2MPL	excluded
LX-8b1af66757:PST.3MSG>PST.2MSG	excluded
LX-8b1af66757:PST.3MSG>PST.3FSG	excluded
LX-8b1af66757:PST.3MSG>PST.3PL	excluded
LX-8b4d802eda:PST.3MSG>PST.1PL	excluded
LX-8b4d802eda:PST.3MSG>PST.1SG	excluded
LX-8b4d802eda:PST.3MSG>PST.2FPL	excluded
LX-8b4d802eda:PST.3MSG>PST.2FSG	excluded
LX-8b4d802eda:PST.3MSG>PST.2MPL	excluded
LX-8b4d802eda:PST.3MSG>PST.2MSG	excluded
LX-8b4d802eda:PST.3MSG>PST.3FSG	excluded
LX-8b4d802eda:PST.3MSG>PST.3PL	excluded
LX-8c0991a569:PST.3MSG>PST.1PL	excluded
LX-8c0991a569:PST.3MSG>PST.1SG	excluded
LX-8c0991a569:PST.3MSG>PST.2FPL	excluded
LX-8c0991a569:PST.3MSG>PST.2FSG	excluded
LX-8c0991a569:PST.3MSG>PST.2MPL	excluded
LX-8c0991a569:PST.3MSG>PST.2MSG	excluded
LX-8c0991a569:PST.3MSG>PST.3FSG	excluded
LX-8c0991a569:PST.3MSG>PST.3PL	excluded
LX-8e660a607c:PST.3MSG>PST.1PL	excluded
LX-8e660a607c:PST.3MSG>PST.1SG	excluded
LX-8e660a607c:PST.3MSG>PST.2FPL	excluded
LX-8e660a607c:PST.3MSG>PST.2FSG	excluded
LX-8e660a607c:PST.3MSG>PST.2MPL	excluded
LX-8e660a607c:PST.3MSG>PST.2MSG	excluded
LX-8e660a607c:PST.3MSG>PST.3FSG	excluded
LX-8e660a607c:PST.3MSG>PST.3PL	excluded
LX-8e72ec679b:PST.3MSG>PST.1PL	excluded
LX-8e72ec679b:PST.3MSG>PST.1SG	excluded
LX-8e72ec679b:PST.3MSG>PST.2FPL	excluded
LX-8e72ec679b:PST.3MSG>PST.2FSG	excluded
LX-8e72ec679b:PST.3MSG>PST.2MPL	excluded
LX-8e72ec679b:PST.3MSG>PST.2MSG	excluded
LX-8e72ec679b:PST.3MSG>PST.3FSG	excluded
LX-8e72ec679b:PST.3MSG>PST.3PL	excluded
LX-8fd108f6c0:PST.3MSG>PST.1PL	excluded
LX-8fd108f6c0:PST.3MSG>PST.1SG	excluded
LX-8fd108f6c0:PST.3MSG>PST.2FPL	excluded
LX-8fd108f6c0:PST.3MSG>PST.2FSG	excluded
LX-8fd108f6c0:PST.3MSG>PST.2MPL	excluded
LX-8fd108f6c0:PST.3MSG>PST.2MSG	excluded
LX-8fd108f6c0:PST.3MSG>PST.3FSG	excluded
LX-8fd108f6c0:PST.3MSG>PST.3PL	excluded
LX-902e061982:PST.3MSG>PST.1PL	excluded
LX-902e061982:PST.3MSG>PST.1SG	excluded
LX-902e061982:PST.3MSG>PST.2FPL	excluded
LX-902e061982:PST.3MSG>PST.2FSG	excluded
LX-902e061982:PST.3MSG>PST.2MPL	excluded
LX-902e061982:PST.3MSG>PST.2MSG	excluded
LX-902e061982:PST.3MSG>PST.3FSG	excluded
LX-902e061982:PST.3MSG>PST.3PL	excluded
LX-90fd04ec38:PST.3MSG>PST.1PL	excluded
LX-90fd04ec38:PST.3MSG>PST.1SG	excluded
LX-90fd04ec38:PST.3MSG>PST.2FPL	excluded
LX-90fd04ec38:PST.3MSG>PST.2FSG	excluded
LX-90fd04ec38:PST.3MSG>PST.2MPL	excluded
LX-90fd04ec38:PST.3MSG>PST.2MSG	excluded
LX-90fd04ec38:PST.3MSG>PST.3FSG	excluded
LX-90fd04ec38:PST.3MSG>PST.3PL	excluded
LX-91549e4be9:PST.3MSG>PST.1PL	excluded
LX-91549e4be9:PST.3MSG>PST.1SG	excluded
LX-91549e4be9:PST.3MSG>PST.2FPL	excluded
LX-91549e4be9:PST.3MSG>PST.2FSG	excluded
LX-91549e4be9:PST.3MSG>PST.2MPL	excluded
LX-91549e4be9:PST.3MSG>PST.2MSG	excluded
LX-91549e4be9:PST.3MSG>PST.3FSG	excluded
LX-91549e4be9:PST.3MSG>PST.3PL	excluded
LX-915582e34b:PST.3MSG>PST.1PL	excluded
LX-915582e34b:PST.3MSG>PST.1SG	excluded
LX-915582e34b:PST.3MSG>PST.2FPL	excluded
LX-915582e34b:PST.3MSG>PST.2FSG	excluded
LX-915582e34b:PST.3MSG>PST.2MPL	excluded
LX-915582e34b:PST.3MSG>PST.2MSG	excluded
LX-915582e34b:PST.3MSG>PST.3FSG	excluded
LX-915582e34b:PST.3MSG>PST.3PL	excluded
LX-92432ef023:PST.3MSG>PST.1PL	excluded
LX-92432ef023:PST.3MSG>PST.1SG	excluded
LX-92432ef023:PST.3MSG>PST.2FPL	excluded
LX-92432ef023:PST.3MSG>PST.2FSG	excluded
LX-92432ef023:PST.3MSG>PST.2MPL	excluded
LX-92432ef023:PST.3MSG>PST.2MSG	excluded
LX-92432ef023:PST.3MSG>PST.3FSG	excluded
LX-92432ef023:PST.3MSG>PST.3PL	excluded
LX-92fcfa9de5:PST.3MSG>PST.1PL	excluded
LX-92fcfa9de5:PST.3MSG>PST.1SG	excluded
LX-92fcfa9de5:PST.3MSG>PST.2FPL	excluded
LX-92fcfa9de5:PST.3MSG>PST.2FSG	excluded
LX-92fcfa9de5:PST.3MSG>PST.2MPL	excluded
LX-92fcfa9de5:PST.3MSG>PST.2MSG	excluded
LX-92fcfa9de5:PST.3MSG>PST.3FSG	excluded
LX-92fcfa9de5:PST.3MSG>PST.3PL	excluded
LX-9300efaa00:PST.3MSG>PST.1PL	excluded
LX-9300efaa00:PST.3MSG>PST.1SG	excluded
LX-9300efaa00:PST.3MSG>PST.2FPL	excluded
LX-9300efaa00:PST.3MSG>PST.2FSG	excluded
LX-9300efaa00:PST.3MSG>PST.2MPL	excluded
LX-9300efaa00:PST.3MSG>PST.2MSG	excluded
LX-9300efaa00:PST.3MSG>PST.3FSG	excluded
LX-9300efaa00:PST.3MSG>PST.3PL	excluded
LX-932d874cf9:PST.3MSG>PST.1PL	excluded
LX-932d874cf9:PST.3MSG>PST.3FSG	excluded
LX-932d874cf9:PST.3MSG>PST.3PL	excluded
LX-9389d0d56a:PST.3MSG>PST.1PL	excluded
LX-9389d0d56a:PST.3MSG>PST.1SG	excluded
LX-9389d0d56a:PST.3MSG>PST.2FPL	excluded
LX-9389d0d56a:PST.3MSG>PST.2MPL	excluded
LX-9389d0d56a:PST.3MSG>PST.2MSG	excluded
LX-9389d0d56a:PST.3MSG>PST.3FSG	excluded
LX-9389d0d56a:PST.3MSG>PST.3PL	excluded
LX-94f949cad8:PST.3MSG>PST.1PL	excluded
LX-94f949cad8:PST.3MSG>PST.1SG	excluded
LX-94f949cad8:PST.3MSG>PST.2FPL	excluded
LX-94f949cad8:PST.3MSG>PST.2FSG	excluded
LX-94f949cad8:PST.3MSG>PST.2MPL	excluded
LX-94f949cad8:PST.3MSG>PST.2MSG	excluded
LX-94f949cad8:PST.3MSG>PST.3FSG	excluded
LX-94f949cad8:PST.3MSG>PST.3PL	excluded
LX-956f476cb6:PST.3MSG>PST.1PL	excluded
LX-956f476cb6:PST.3MSG>PST.1SG	excluded
LX-956f476cb6:PST.3MSG>PST.2FPL	excluded
LX-956f476cb6:PST.3MSG>PST.2FSG	excluded
LX-956f476cb6:PST.3MSG>PST.2MPL	excluded
LX-956f476cb6:PST.3MSG>PST.2MSG	excluded
LX-956f476cb6:PST.3MSG>PST.3FSG	excluded
LX-956f476cb6:PST.3MSG>PST.3PL	excluded
LX-97d731765c:PST.3MSG>PST.1PL	excluded
LX-97d731765c:PST.3MSG>PST.1SG	excluded
LX-97d731765c:PST.3MSG>PST.2FPL	excluded
LX-97d731765c:PST.3MSG>PST.2FSG	excluded
LX-97d731765c:PST.3MSG>PST.2MPL	excluded
LX-97d731765c:PST.3MSG>PST.2MSG	excluded
LX-97d731765c:PST.3MSG>PST.3FSG	excluded
LX-97d731765c:PST.3MSG>PST.3PL	excluded
LX-98e9624fa1:PST.3MSG>PST.1PL	excluded
LX-98e9624fa1:PST.3MSG>PST.1SG	excluded
LX-98e9624fa1:PST.3MSG>PST.2FPL	excluded
LX-98e9624fa1:PST.3MSG>PST.2FSG	excluded
LX-98e9624fa1:PST.3MSG>PST.2MPL	excluded
LX-98e9624fa1:PST.3MSG>PST.2MSG	excluded
LX-98e9624fa1:PST.3MSG>PST.3FSG	excluded
LX-98e9624fa1:PST.3MSG>PST.3PL	excluded
LX-9966c03a4e:PST.3MSG>PST.1PL	excluded
LX-9966c03a4e:PST.3MSG>PST.1SG	excluded
LX-9966c03a4e:PST.3MSG>PST.2FPL	excluded
LX-9966c03a4e:PST.3MSG>PST.2FSG	excluded
LX-9966c03a4e:PST.3MSG>PST.2MPL	excluded
LX-9966c03a4e:PST.3MSG>PST.2MSG	excluded
LX-9966c03a4e:PST.3MSG>PST.3FSG	excluded
LX-9966c03a4e:PST.3MSG>PST.3PL	excluded
LX-9af9390a84:PST.3MSG>PST.1PL	excluded
LX-9af9390a84:PST.3MSG>PST.1SG	excluded
LX-9af9390a84:PST.3MSG>PST.2FPL	excluded
LX-9af9390a84:PST.3MSG>PST.2FSG	excluded
LX-9af9390a84:PST.3MSG>PST.2MPL	excluded
LX-9af9390a84:PST.3MSG>PST.2MSG	excluded
LX-9af9390a84:PST.3MSG>PST.3FSG	excluded
LX-9af9390a84:PST.3MSG>PST.3PL	excluded
LX-9b09c788c8:PST.3MSG>PST.1PL	excluded
LX-9b09c788c8:PST.3MSG>PST.1SG	excluded
LX-9b09c788c8:PST.3MSG>PST.2FPL	excluded
LX-9b09c788c8:PST.3MSG>PST.2FSG	excluded
LX-9b09c788c8:PST.3MSG>PST.2MPL	excluded
LX-9b09c788c8:PST.3MSG>PST.2MSG	excluded
LX-9b09c788c8:PST.3MSG>PST.3FSG	excluded
LX-9b09c788c8:PST.3MSG>PST.3PL	excluded
LX-9b38478215:PST.3MSG>PST.1PL	excluded
LX-9b38478215:PST.3MSG>PST.1SG	excluded
LX-9b38478215:PST.3MSG>PST.2FPL	excluded
LX-9b38478215:PST.3MSG>PST.2FSG	excluded
LX-9b38478215:PST.3MSG>PST.2MPL	excluded
LX-9b38478215:PST.3MSG>PST.2MSG	excluded
LX-9b38478215:PST.3MSG>PST.3FSG	excluded
LX-9b38478215:PST.3MSG>PST.3PL	excluded
LX-9cae0823c4:PST.3MSG>PST.1PL	excluded
LX-9cae0823c4:PST.3MSG>PST.1SG	excluded
LX-9cae0823c4:PST.3MSG>PST.2FPL	excluded
LX-9cae0823c4:PST.3MSG>PST.2FSG	excluded
LX-9cae0823c4:PST.3MSG>PST.2MPL	excluded
LX-9cae0823c4:PST.3MSG>PST.2MSG	excluded
LX-9cae0823c4:PST.3MSG>PST.3FSG	excluded
LX-9cae0823c4:PST.3MSG>PST.3PL	excluded
LX-9cf290ffff:PST.3MSG>PST.1PL	excluded
LX-9cf290ffff:PST.3MSG>PST.1SG	excluded
LX-9cf290ffff:PST.3MSG>PST.2FPL	excluded
LX-9cf290ffff:PST.3MSG>PST.2FSG	excluded
LX-9cf290ffff:PST.3MSG>PST.2MPL	excluded
LX-9cf290ffff:PST.3MSG>PST.2MSG	excluded
LX-9cf290ffff:PST.3MSG>PST.3FSG	excluded
LX-9cf290ffff:PST.3MSG>PST.3PL	excluded
LX-9d187e35c4:PST.3MSG>PST.1PL	excluded
LX-9d187e35c4:PST.3MSG>PST.1SG	excluded
LX-9d187e35c4:PST.3MSG>PST.2FPL	excluded
LX-9d187e35c4:PST.3MSG>PST.2FSG	excluded
LX-9d187e35c4:PST.3MSG>PST.2MPL	excluded
LX-9d187e35c4:PST.3MSG>PST.2MSG	excluded
LX-9d187e35c4:PST.3MSG>PST.3FSG	excluded
LX-9d187e35c4:PST.3MSG>PST.3PL	excluded
LX-9d3b73f59f:PST.3MSG>PST.1PL	excluded
LX-9d3b73f59f:PST.3MSG>PST.1SG	excluded
LX-9d3b73f59f:PST.3MSG>PST.2FPL	excluded
LX-9d3b73f59f:PST.3MSG>PST.2FSG	excluded
LX-9d3b73f59f:PST.3MSG>PST.2MPL	excluded
LX-9d3b73f59f:PST.3MSG>PST.2MSG	excluded
LX-9d3b73f59f:PST.3MSG>PST.3FSG	excluded
LX-9d3b73f59f:PST.3MSG>PST.3PL	excluded
LX-9d48bcafe1:PST.3MSG>PST.1PL	excluded
LX-9d48bcafe1:PST.3MSG>PST.1SG	excluded
LX-9d48bcafe1:PST.3MSG>PST.2FPL	excluded
LX-9d48bcafe1:PST.3MSG>PST.2FSG	excluded
LX-9d48bcafe1:PST.3MSG>PST.2MPL	excluded
LX-9d48bcafe1:PST.3MSG>PST.2MSG	excluded
LX-9d48bcafe1:PST.3MSG>PST.3FSG	excluded
LX-9d48bcafe1:PST.3MSG>PST.3PL	excluded
LX-9e8eef1f05:PST.3MSG>PST.1PL	excluded
LX-9e8eef1f05:PST.3MSG>PST.1SG	excluded
LX-9e8eef1f05:PST.3MSG>PST.2FPL	excluded
LX-9e8eef1f05:PST.3MSG>PST.2FSG	excluded
LX-9e8eef1f05:PST.3MSG>PST.2MPL	excluded
LX-9e8eef1f05:PST.3MSG>PST.2MSG	excluded
LX-9e8eef1f05:PST.3MSG>PST.3FSG	excluded
LX-9e8eef1f05:PST.3MSG>PST.3PL	excluded
LX-9eb2863f07:PST.3MSG>PST.1PL	excluded
LX-9eb2863f07:PST.3MSG>PST.1SG	excluded
LX-9eb2863f07:PST.3MSG>PST.2FPL	excluded
LX-9eb2863f07:PST.3MSG>PST.2FSG	excluded
LX-9eb2863f07:PST.3MSG>PST.2MPL	excluded
LX-9eb2863f07:PST.3MSG>PST.2MSG	excluded
LX-9eb2863f07:PST.3MSG>PST.3FSG	excluded
LX-9eb2863f07:PST.3MSG>PST.3PL	excluded
LX-9eb79f75d1:PST.3MSG>PST.1PL	excluded
LX-9eb79f75d1:PST.3MSG>PST.1SG	excluded
LX-9eb79f75d1:PST.3MSG>PST.2FPL	excluded
LX-9eb79f75d1:PST.3MSG>PST.2FSG	excluded
LX-9eb79f75d1:PST.3MSG>PST.2MPL	excluded
LX-9eb79f75d1:PST.3MSG>PST.2MSG	excluded
LX-9eb79f75d1:PST.3MSG>PST.3FSG	excluded
LX-9eb79f75d1:PST.3MSG>PST.3PL	excluded
LX-a12a9457dd:PST.3MSG>PST.1PL	excluded
LX-a12a9457dd:PST.3MSG>PST.1SG	excluded
LX-a12a9457dd:PST.3MSG>PST.2FPL	excluded
LX-a12a9457dd:PST.3MSG>PST.2FSG	excluded
LX-a12a9457dd:PST.3MSG>PST.2MPL	excluded
LX-a12a9457dd:PST.3MSG>PST.2MSG	excluded
LX-a12a9457dd:PST.3MSG>PST.3FSG	excluded
LX-a12a9457dd:PST.3MSG>PST.3PL	excluded
LX-a15ae8bb13:PST.3MSG>PST.1PL	excluded
LX-a15ae8bb13:PST.3MSG>PST.1SG	excluded
LX-a15ae8bb13:PST.3MSG>PST.2FPL	excluded
LX-a15ae8bb13:PST.3MSG>PST.2FSG	excluded
LX-a15ae8bb13:PST.3MSG>PST.2MPL	excluded
LX-a15ae8bb13:PST.3MSG>PST.2MSG	excluded
LX-a15ae8bb13:PST.3MSG>PST.3FSG	excluded
LX-a15ae8bb13:PST.3MSG>PST.3PL	excluded
LX-a16eebd721:PST.3MSG>PST.1PL	excluded
LX-a16eebd721:PST.3MSG>PST.1SG	excluded
LX-a16eebd721:PST.3MSG>PST.2FPL	excluded
LX-a16eebd721:PST.3MSG>PST.2FSG	excluded
LX-a16eebd721:PST.3MSG>PST.2MPL	excluded
LX-a16eebd721:PST.3MSG>PST.2MSG	excluded
LX-a16eebd721:PST.3MSG>PST.3FSG	excluded
LX-a16eebd721:PST.3MSG>PST.3PL	excluded
LX-a27a5ada0f:PST.3MSG>PST.1PL	excluded
LX-a27a5ada0f:PST.3MSG>PST.1SG	excluded
LX-a27a5ada0f:PST.3MSG>PST.2FPL	excluded
LX-a27a5ada0f:PST.3MSG>PST.2FSG	excluded
LX-a27a5ada0f:PST.3MSG>PST.2MPL	excluded
LX-a27a5ada0f:PST.3MSG>PST.2MSG	excluded
LX-a27a5ada0f:PST.3MSG>PST.3FSG	excluded
LX-a27a5ada0f:PST.3MSG>PST.3PL	excluded
LX-a300384fed:PST.3MSG>PST.1PL	excluded
LX-a300384fed:PST.3MSG>PST.1SG	excluded
LX-a300384fed:PST.3MSG>PST.2FPL	excluded
LX-a300384fed:PST.3MSG>PST.2FSG	excluded
LX-a300384fed:PST.3MSG>PST.2MPL	excluded
LX-a300384fed:PST.3MSG>PST.2MSG	excluded
LX-a300384fed:PST.3MSG>PST.3FSG	excluded
LX-a300384fed:PST.3MSG>PST.3PL	excluded
LX-a3ab5c17da:PST.3MSG>PST.1PL	excluded
LX-a3ab5c17da:PST.3MSG>PST.1SG	excluded
LX-a3ab5c17da:PST.3MSG>PST.2FPL	excluded
LX-a3ab5c17da:PST.3MSG>PST.2FSG	excluded
LX-a3ab5c17da:PST.3MSG>PST.2MPL	excluded
LX-a3ab5c17da:PST.3MSG>PST.2MSG	excluded
LX-a3ab5c17da:PST.3MSG>PST.3FSG	excluded
LX-a3ab5c17da:PST.3MSG>PST.3PL	excluded
LX-a420b915b8:PST.3MSG>PST.1PL	excluded
LX-a420b915b8:PST.3MSG>PST.1SG	excluded
LX-a420b915b8:PST.3MSG>PST.2FPL	excluded
LX-a420b915b8:PST.3MSG>PST.2FSG	excluded
LX-a420b915b8:PST.3MSG>PST.2MPL	excluded
LX-a420b915b8:PST.3MSG>PST.2MSG	excluded
LX-a420b915b8:PST.3MSG>PST.3FSG	excluded
LX-a420b915b8:PST.3MSG>PST.3PL	excluded
LX-a484b60a5b:PST.3MSG>PST.1PL	excluded
LX-a484b60a5b:PST.3MSG>PST.1SG	excluded
LX-a484b60a5b:PST.3MSG>PST.2FPL	excluded
LX-a484b60a5b:PST.3MSG>PST.2FSG	excluded
LX-a484b60a5b:PST.3MSG>PST.2MPL	excluded
LX-a484b60a5b:PST.3MSG>PST.2MSG	excluded
LX-a484b60a5b:PST.3MSG>PST.3FSG	excluded
LX-a484b60a5b:PST.3MSG>PST.3PL	excluded
LX-a48e8319ba:PST.3MSG>PST.1PL	excluded
LX-a48e8319ba:PST.3MSG>PST.1SG	excluded
LX-a48e8319ba:PST.3MSG>PST.2FPL	excluded
LX-a48e8319ba:PST.3MSG>PST.2FSG	excluded
LX-a48e8319ba:PST.3MSG>PST.2MPL	excluded
LX-a48e8319ba:PST.3MSG>PST.2MSG	excluded
LX-a48e8319ba:PST.3MSG>PST.3FSG	excluded
LX-a48e8319ba:PST.3MSG>PST.3PL	excluded
LX-a491d2ecbf:PST.3MSG>PST.1PL	excluded
LX-a491d2ecbf:PST.3MSG>PST.1SG	excluded
LX-a491d2ecbf:PST.3MSG>PST.2FPL	excluded
LX-a491d2ecbf:PST.3MSG>PST.2FSG	excluded
LX-a491d2ecbf:PST.3MSG>PST.2MPL	excluded
LX-a491d2ecbf:PST.3MSG>PST.2MSG	excluded
LX-a491d2ecbf:PST.3MSG>PST.3FSG	excluded
LX-a491d2ecbf:PST.3MSG>PST.3PL	excluded
LX-a4d20d2ce7:PST.3MSG>PST.1PL	excluded
LX-a4d20d2ce7:PST.3MSG>PST.1SG	excluded
LX-a4d20d2ce7:PST.3MSG>PST.2FPL	excluded
LX-a4d20d2ce7:PST.3MSG>PST.2FSG	excluded
LX-a4d20d2ce7:PST.3MSG>PST.2MPL	excluded
LX-a4d20d2ce7:PST.3MSG>PST.2MSG	excluded
LX-a4d20d2ce7:PST.3MSG>PST.3FSG	excluded
LX-a4d20d2ce7:PST.3MSG>PST.3PL	excluded
LX-a502ee8488:PST.3MSG>PST.1PL	excluded
LX-a502ee8488:PST.3MSG>PST.1SG	excluded
LX-a502ee8488:PST.3MSG>PST.2FPL	excluded
LX-a502ee8488:PST.3MSG>PST.2FSG	excluded
LX-a502ee8488:PST.3MSG>PST.2MPL	excluded
LX-a502ee8488:PST.3MSG>PST.2MSG	excluded
LX-a502ee8488:PST.3MSG>PST.3FSG	excluded
LX-a502ee8488:PST.3MSG>PST.3PL	excluded
LX-a58050586e:PST.3MSG>PST.1PL	excluded
LX-a58050586e:PST.3MSG>PST.1SG	excluded
LX-a58050586e:PST.3MSG>PST.2FPL	excluded
LX-a58050586e:PST.3MSG>PST.2FSG	excluded
LX-a58050586e:PST.3MSG>PST.2MPL	excluded
LX-a58050586e:PST.3MSG>PST.2MSG	excluded
LX-a58050586e:PST.3MSG>PST.3FSG	excluded
LX-a58050586e:PST.3MSG>PST.3PL	excluded
LX-a69a95507a:PST.3MSG>PST.1PL	excluded
LX-a69a95507a:PST.3MSG>PST.1SG	excluded
LX-a69a95507a:PST.3MSG>PST.2FPL	excluded
LX-a69a95507a:PST.3MSG>PST.2FSG	excluded
LX-a69a95507a:PST.3MSG>PST.2MPL	excluded
LX-a69a95507a:PST.3MSG>PST.2MSG	excluded
LX-a69a95507a:PST.3MSG>PST.3FSG	excluded
LX-a69a95507a:PST.3MSG>PST.3PL	excluded
LX-a7d48f1ec2:PST.3MSG>PST.1PL	excluded
LX-a7d48f1ec2:PST.3MSG>PST.1SG	excluded
LX-a7d48f1ec2:PST.3MSG>PST.2FPL	excluded
LX-a7d48f1ec2:PST.3MSG>PST.2FSG	excluded
LX-a7d48f1ec2:PST.3MSG>PST.2MPL	excluded
LX-a7d48f1ec2:PST.3MSG>PST.2MSG	excluded
LX-a7d48f1ec2:PST.3MSG>PST.3FSG	excluded
LX-a7d48f1ec2:PST.3MSG>PST.3PL	excluded
LX-a8183f4292:PST.3MSG>PST.1PL	excluded
LX-a8183f4292:PST.3MSG>PST.1SG	excluded
LX-a8183f4292:PST.3MSG>PST.2FPL	excluded
LX-a8183f4292:PST.3MSG>PST.2FSG	excluded
LX-a8183f4292:PST.3MSG>PST.2MPL	excluded
LX-a8183f4292:PST.3MSG>PST.2MSG	excluded
LX-a8183f4292:PST.3MSG>PST.3FSG	excluded
LX-a8183f4292:PST.3MSG>PST.3PL	excluded
LX-a87c528197:PST.3MSG>PST.1PL	excluded
LX-a87c528197:PST.3MSG>PST.1SG	excluded
LX-a87c528197:PST.3MSG>PST.2FPL	excluded
LX-a87c528197:PST.3MSG>PST.2FSG	excluded
LX-a87c528197:PST.3MSG>PST.2MPL	excluded
LX-a87c528197:PST.3MSG>PST.2MSG	excluded
LX-a87c528197:PST.3MSG>PST.3FSG	excluded
LX-a87c528197:PST.3MSG>PST.3PL	excluded
LX-a8ba7feb50:PST.3MSG>PST.1PL	excluded
LX-a8ba7feb50:PST.3MSG>PST.1SG	excluded
LX-a8ba7feb50:PST.3MSG>PST.2FPL	excluded
LX-a8ba7feb50:PST.3MSG>PST.2FSG	excluded
LX-a8ba7feb50:PST.3MSG>PST.2MPL	excluded
LX-a8ba7feb50:PST.3MSG>PST.2MSG	excluded
LX-a8ba7feb50:PST.3MSG>PST.3FSG	excluded
LX-a8ba7feb50:PST.3MSG>PST.3PL	excluded
LX-a92a8a3005:PST.3MSG>PST.1PL	excluded
LX-a92a8a3005:PST.3MSG>PST.1SG	excluded
LX-a92a8a3005:PST.3MSG>PST.2FPL	excluded
LX-a92a8a3005:PST.3MSG>PST.2FSG	excluded
LX-a92a8a3005:PST.3MSG>PST.2MPL	excluded
LX-a92a8a3005:PST.3MSG>PST.2MSG	excluded
LX-a92a8a3005:PST.3MSG>PST.3FSG	excluded
LX-a92a8a3005:PST.3MSG>PST.3PL	excluded
LX-a97e8484bf:PST.3MSG>PST.1PL	excluded
LX-a97e8484bf:PST.3MSG>PST.1SG	excluded
LX-a97e8484bf:PST.3MSG>PST.2FPL	excluded
LX-a97e8484bf:PST.3MSG>PST.2FSG	excluded
LX-a97e8484bf:PST.3MSG>PST.2MPL	excluded
LX-a97e8484bf:PST.3MSG>PST.2MSG	excluded
LX-a97e8484bf:PST.3MSG>PST.3FSG	excluded
LX-a97e8484bf:PST.3MSG>PST.3PL	excluded
LX-aa1972304f:PST.3MSG>PST.1PL	excluded
LX-aa1972304f:PST.3MSG>PST.1SG	excluded
LX-aa1972304f:PST.3MSG>PST.2FPL	excluded
LX-aa1972304f:PST.3MSG>PST.2FSG	excluded
LX-aa1972304f:PST.3MSG>PST.2MPL	excluded
LX-aa1972304f:PST.3MSG>PST.2MSG	excluded
LX-aa1972304f:PST.3MSG>PST.3FSG	excluded
LX-aa1972304f:PST.3MSG>PST.3PL	excluded
LX-aba7ae51c2:PST.3MSG>PST.1PL	excluded
LX-aba7ae51c2:PST.3MSG>PST.1SG	excluded
LX-aba7ae51c2:PST.3MSG>PST.2FPL	excluded
LX-aba7ae51c2:PST.3MSG>PST.2FSG	excluded
LX-aba7ae51c2:PST.3MSG>PST.2MPL	excluded
LX-aba7ae51c2:PST.3MSG>PST.2MSG	excluded
LX-aba7ae51c2:PST.3MSG>PST.3FSG	excluded
LX-aba7ae51c2:PST.3MSG>PST.3PL	excluded
LX-ac6c145b91:PST.3MSG>PST.1PL	excluded
LX-ac6c145b91:PST.3MSG>PST.1SG	excluded
LX-ac6c145b91:PST.3MSG>PST.2FPL	excluded
LX-ac6c145b91:PST.3MSG>PST.2FSG	excluded
LX-ac6c145b91:PST.3MSG>PST.2MPL	excluded
LX-ac6c145b91:PST.3MSG>PST.2MSG	excluded
LX-ac6c145b91:PST.3MSG>PST.3FSG	excluded
LX-ac6c145b91:PST.3MSG>PST.3PL	excluded
LX-acf3993b6d:PST.3MSG>PST.1PL	excluded
LX-acf3993b6d:PST.3MSG>PST.1SG	excluded
LX-acf3993b6d:PST.3MSG>PST.2FPL	excluded
LX-acf3993b6d:PST.3MSG>PST.2FSG	excluded
LX-acf3993b6d:PST.3MSG>PST.2MPL	excluded
LX-acf3993b6d:PST.3MSG>PST.2MSG	excluded
LX-acf3993b6d:PST.3MSG>PST.3FSG	excluded
LX-acf3993b6d:PST.3MSG>PST.3PL	excluded
LX-ad7554a06a:PST.3MSG>PST.1PL	excluded
LX-ad7554a06a:PST.3MSG>PST.1SG	excluded
LX-ad7554a06a:PST.3MSG>PST.2FPL	excluded
LX-ad7554a06a:PST.3MSG>PST.2FSG	excluded
LX-ad7554a06a:PST.3MSG>PST.2MPL	excluded
LX-ad7554a06a:PST.3MSG>PST.2MSG	excluded
LX-ad7554a06a:PST.3MSG>PST.3FSG	excluded
LX-ad7554a06a:PST.3MSG>PST.3PL	excluded
LX-ada99b0657:PST.3MSG>PST.1PL	excluded
LX-ada99b0657:PST.3MSG>PST.1SG	excluded
LX-ada99b0657:PST.3MSG>PST.2FPL	excluded
LX-ada99b0657:PST.3MSG>PST.2FSG	excluded
LX-ada99b0657:PST.3MSG>PST.2MPL	excluded
LX-ada99b0657:PST.3MSG>PST.2MSG	excluded
LX-ada99b0657:PST.3MSG>PST.3FSG	excluded
LX-ada99b0657:PST.3MSG>PST.3PL	excluded
LX-b0201f1aa7:PST.3MSG>PST.1PL	excluded
LX-b0201f1aa7:PST.3MSG>PST.1SG	excluded
LX-b0201f1aa7:PST.3MSG>PST.2FPL	excluded
LX-b0201f1aa7:PST.3MSG>PST.2FSG	excluded
LX-b0201f1aa7:PST.3MSG>PST.2MPL	excluded
LX-b0201f1aa7:PST.3MSG>PST.2MSG	excluded
LX-b0201f1aa7:PST.3MSG>PST.3FSG	excluded
LX-b0201f1aa7:PST.3MSG>PST.3PL	excluded
LX-b0ae740bb6:PST.3MSG>PST.1PL	excluded
LX-b0ae740bb6:PST.3MSG>PST.1SG	excluded
LX-b0ae740bb6:PST.3MSG>PST.2FPL	excluded
LX-b0ae740bb6:PST.3MSG>PST.2FSG	excluded
LX-b0ae740bb6:PST.3MSG>PST.2MPL	excluded
LX-b0ae740bb6:PST.3MSG>PST.2MSG	excluded
LX-b0ae740bb6:PST.3MSG>PST.3FSG	excluded
LX-b0ae740bb6:PST.3MSG>PST.3PL	excluded
LX-b1fc7e2196:PST.3MSG>PST.1PL	excluded
LX-b1fc7e2196:PST.3MSG>PST.1SG	excluded
LX-b1fc7e2196:PST.3MSG>PST.2FPL	excluded
LX-b1fc7e2196:PST.3MSG>PST.2FSG	excluded
LX-b1fc7e2196:PST.3MSG>PST.2MPL	excluded
LX-b1fc7e2196:PST.3MSG>PST.2MSG	excluded
LX-b1fc7e2196:PST.3MSG>PST.3FSG	excluded
LX-b1fc7e2196:PST.3MSG>PST.3PL	excluded
LX-b28d05a18f:PST.3MSG>PST.1PL	excluded
LX-b28d05a18f:PST.3MSG>PST.1SG	excluded
LX-b28d05a18f:PST.3MSG>PST.2FPL	excluded
LX-b28d05a18f:PST.3MSG>PST.2FSG	excluded
LX-b28d05a18f:PST.3MSG>PST.2MPL	excluded
LX-b28d05a18f:PST.3MSG>PST.2MSG	excluded
LX-b28d05a18f:PST.3MSG>PST.3FSG	excluded
LX-b28d05a18f:PST.3MSG>PST.3PL	excluded
LX-b42f636984:PST.3MSG>PST.1PL	excluded
LX-b42f636984:PST.3MSG>PST.1SG	excluded
LX-b42f636984:PST.3MSG>PST.2FPL	excluded
LX-b42f636984:PST.3MSG>PST.2FSG	excluded
LX-b42f636984:PST.3MSG>PST.2MPL	excluded
LX-b42f636984:PST.3MSG>PST.2MSG	excluded
LX-b42f636984:PST.3MSG>PST.3FSG	excluded
LX-b42f636984:PST.3MSG>PST.3PL	excluded
LX-b43202ccf1:PST.3MSG>PST.1PL	excluded
LX-b43202ccf1:PST.3MSG>PST.1SG	excluded
LX-b43202ccf1:PST.3MSG>PST.2FPL	excluded
LX-b43202ccf1:PST.3MSG>PST.2FSG	excluded
LX-b43202ccf1:PST.3MSG>PST.2MPL	excluded
LX-b43202ccf1:PST.3MSG>PST.2MSG	excluded
LX-b43202ccf1:PST.3MSG>PST.3FSG	excluded
LX-b43202ccf1:PST.3MSG>PST.3PL	excluded
LX-b48c6ea1ba:PST.3MSG>PST.1PL	excluded
LX-b48c6ea1ba:PST.3MSG>PST.1SG	excluded
LX-b48c6ea1ba:PST.3MSG>PST.2FPL	excluded
LX-b48c6ea1ba:PST.3MSG>PST.2FSG	excluded
LX-b48c6ea1ba:PST.3MSG>PST.2MPL	excluded
LX-b48c6ea1ba:PST.3MSG>PST.2MSG	excluded
LX-b48c6ea1ba:PST.3MSG>PST.3FSG	excluded
LX-b48c6ea1ba:PST.3MSG>PST.3PL	excluded
LX-b625926ad5:PST.3MSG>PST.1PL	excluded
LX-b625926ad5:PST.3MSG>PST.1SG	excluded
LX-b625926ad5:PST.3MSG>PST.2FPL	excluded
LX-b625926ad5:PST.3MSG>PST.2FSG	excluded
LX-b625926ad5:PST.3MSG>PST.2MPL	excluded
LX-b625926ad5:PST.3MSG>PST.2MSG	excluded
LX-b625926ad5:PST.3MSG>PST.3FSG	excluded
LX-b625926ad5:PST.3MSG>PST.3PL	excluded
LX-b71b9f8aa9:PST.3MSG>PST.1PL	excluded
LX-b71b9f8aa9:PST.3MSG>PST.1SG	excluded
LX-b71b9f8aa9:PST.3MSG>PST.2FPL	excluded
LX-b71b9f8aa9:PST.3MSG>PST.2FSG	excluded
LX-b71b9f8aa9:PST.3MSG>PST.2MPL	excluded
LX-b71b9f8aa9:PST.3MSG>PST.2MSG	excluded
LX-b71b9f8aa9:PST.3MSG>PST.3FSG	excluded
LX-b71b9f8aa9:PST.3MSG>PST.3PL	excluded
LX-b71dee7c98:PST.3MSG>PST.1PL	excluded
LX-b71dee7c98:PST.3MSG>PST.1SG	excluded
LX-b71dee7c98:PST.3MSG>PST.2FPL	excluded
LX-b71dee7c98:PST.3MSG>PST.2FSG	excluded
LX-b71dee7c98:PST.3MSG>PST.2MPL	excluded
LX-b71dee7c98:PST.3MSG>PST.2MSG	excluded
LX-b71dee7c98:PST.3MSG>PST.3FSG	excluded
LX-b71dee7c98:PST.3MSG>PST.3PL	excluded
LX-b7acb7ab10:PST.3MSG>PST.1PL	excluded
LX-b7acb7ab10:PST.3MSG>PST.1SG	excluded
LX-b7acb7ab10:PST.3MSG>PST.2FPL	excluded
LX-b7acb7ab10:PST.3MSG>PST.2FSG	excluded
LX-b7acb7ab10:PST.3MSG>PST.2MPL	excluded
LX-b7acb7ab10:PST.3MSG>PST.2MSG	excluded
LX-b7acb7ab10:PST.3MSG>PST.3FSG	excluded
LX-b7acb7ab10:PST.3MSG>PST.3PL	excluded
LX-b8ce4669c5:PST.3MSG>PST.1PL	excluded
LX-b8ce4669c5:PST.3MSG>PST.1SG	excluded
LX-b8ce4669c5:PST.3MSG>PST.2FPL	excluded
LX-b8ce4669c5:PST.3MSG>PST.2FSG	excluded
LX-b8ce4669c5:PST.3MSG>PST.2MPL	excluded
LX-b8ce4669c5:PST.3MSG>PST.2MSG	excluded
LX-b8ce4669c5:PST.3MSG>PST.3FSG	excluded
LX-b8ce4669c5:PST.3MSG>PST.3PL	excluded
LX-b97bf4b70c:PST.3MSG>PST.1PL	excluded
LX-b97bf4b70c:PST.3MSG>PST.1SG	excluded
LX-b97bf4b70c:PST.3MSG>PST.2FPL	excluded
LX-b97bf4b70c:PST.3MSG>PST.2FSG	excluded
LX-b97bf4b70c:PST.3MSG>PST.2MPL	excluded
LX-b97bf4b70c:PST.3MSG>PST.2MSG	excluded
LX-b97bf4b70c:PST.3MSG>PST.3FSG	excluded
LX-b97bf4b70c:PST.3MSG>PST.3PL	excluded
LX-b9d8b05a05:PST.3MSG>PST.1PL	excluded
LX-b9d8b05a05:PST.3MSG>PST.1SG	excluded
LX-b9d8b05a05:PST.3MSG>PST.2FPL	excluded
LX-b9d8b05a05:PST.3MSG>PST.2FSG	excluded
LX-b9d8b05a05:PST.3MSG>PST.2MPL	excluded
LX-b9d8b05a05:PST.3MSG>PST.2MSG	excluded
LX-b9d8b05a05:PST.3MSG>PST.3FSG	excluded
LX-b9d8b05a05:PST.3MSG>PST.3PL	excluded
LX-ba17312739:PST.3MSG>PST.1PL	excluded
LX-ba17312739:PST.3MSG>PST.1SG	excluded
LX-ba17312739:PST.3MSG>PST.2FPL	excluded
LX-ba17312739:PST.3MSG>PST.2FSG	excluded
LX-ba17312739:PST.3MSG>PST.2MPL	excluded
LX-ba17312739:PST.3MSG>PST.2MSG	excluded
LX-ba17312739:PST.3MSG>PST.3FSG	excluded
LX-ba17312739:PST.3MSG>PST.3PL	excluded
LX-ba6e15c2a7:PST.3MSG>PST.1PL	excluded
LX-ba6e15c2a7:PST.3MSG>PST.1SG	excluded
LX-ba6e15c2a7:PST.3MSG>PST.2FPL	excluded
LX-ba6e15c2a7:PST.3MSG>PST.2FSG	excluded
LX-ba6e15c2a7:PST.3MSG>PST.2MPL	excluded
LX-ba6e15c2a7:PST.3MSG>PST.2MSG	excluded
LX-ba6e15c2a7:PST.3MSG>PST.3FSG	excluded
LX-ba6e15c2a7:PST.3MSG>PST.3PL	excluded
LX-bab2836fec:PST.3MSG>PST.1PL	excluded
LX-bab2836fec:PST.3MSG>PST.1SG	excluded
LX-bab2836fec:PST.3MSG>PST.2FPL	excluded
LX-bab2836fec:PST.3MSG>PST.2FSG	excluded
LX-bab2836fec:PST.3MSG>PST.2MPL	excluded
LX-bab2836fec:PST.3MSG>PST.2MSG	excluded
LX-bab2836fec:PST.3MSG>PST.3FSG	excluded
LX-bab2836fec:PST.3MSG>PST.3PL	excluded
LX-bb77b6c1b1:PST.3MSG>PST.1PL	excluded
LX-bb77b6c1b1:PST.3MSG>PST.1SG	excluded
LX-bb77b6c1b1:PST.3MSG>PST.2FPL	excluded
LX-bb77b6c1b1:PST.3MSG>PST.2FSG	excluded
LX-bb77b6c1b1:PST.3MSG>PST.2MPL	excluded
LX-bb77b6c1b1:PST.3MSG>PST.2MSG	excluded
LX-bb77b6c1b1:PST.3MSG>PST.3FSG	excluded
LX-bb77b6c1b1:PST.3MSG>PST.3PL	excluded
LX-bba5c2c463:PST.3MSG>PST.1PL	excluded
LX-bba5c2c463:PST.3MSG>PST.1SG	excluded
LX-bba5c2c463:PST.3MSG>PST.2FPL	excluded
LX-bba5c2c463:PST.3MSG>PST.2FSG	excluded
LX-bba5c2c463:PST.3MSG>PST.2MPL	excluded
LX-bba5c2c463:PST.3MSG>PST.2MSG	excluded
LX-bba5c2c463:PST.3MSG>PST.3FSG	excluded
LX-bba5c2c463:PST.3MSG>PST.3PL	excluded
LX-bbb5072543:PST.3MSG>PST.1PL	excluded
LX-bbb5072543:PST.3MSG>PST.1SG	excluded
LX-bbb5072543:PST.3MSG>PST.2FPL	excluded
LX-bbb5072543:PST.3MSG>PST.2FSG	excluded
LX-bbb5072543:PST.3MSG>PST.2MPL	excluded
LX-bbb5072543:PST.3MSG>PST.2MSG	excluded
LX-bbb5072543:PST.3MSG>PST.3FSG	excluded
LX-bbb5072543:PST.3MSG>PST.3PL	excluded
LX-bc41ac231c:PST.3MSG>PST.1PL	excluded
LX-bc41ac231c:PST.3MSG>PST.1SG	excluded
LX-bc41ac231c:PST.3MSG>PST.2FPL	excluded
LX-bc41ac231c:PST.3MSG>PST.2FSG	excluded
LX-bc41ac231c:PST.3MSG>PST.2MPL	excluded
LX-bc41ac231c:PST.3MSG>PST.2MSG	excluded
LX-bc41ac231c:PST.3MSG>PST.3FSG	excluded
LX-bc41ac231c:PST.3MSG>PST.3PL	excluded
LX-bcc6e77d08:PST.3MSG>PST.1PL	excluded
LX-bcc6e77d08:PST.3MSG>PST.1SG	excluded
LX-bcc6e77d08:PST.3MSG>PST.2FPL	excluded
LX-bcc6e77d08:PST.3MSG>PST.2FSG	excluded
LX-bcc6e77d08:PST.3MSG>PST.2MPL	excluded
LX-bcc6e77d08:PST.3MSG>PST.2MSG	excluded
LX-bcc6e77d08:PST.3MSG>PST.3FSG	excluded
LX-bcc6e77d08:PST.3MSG>PST.3PL	excluded
LX-bd8d081d7a:PST.3MSG>PST.1PL	excluded
LX-bd8d081d7a:PST.3MSG>PST.1SG	excluded
LX-bd8d081d7a:PST.3MSG>PST.2FPL	excluded
LX-bd8d081d7a:PST.3MSG>PST.2FSG	excluded
LX-bd8d081d7a:PST.3MSG>PST.2MPL	excluded
LX-bd8d081d7a:PST.3MSG>PST.2MSG	excluded
LX-bd8d081d7a:PST.3MSG>PST.3FSG	excluded
LX-bd8d081d7a:PST.3MSG>PST.3PL	excluded
LX-bdb8967668:PST.3MSG>PST.1PL	excluded
LX-bdb8967668:PST.3MSG>PST.1SG	excluded
LX-bdb8967668:PST.3MSG>PST.2FPL	excluded
LX-bdb8967668:PST.3MSG>PST.2FSG	excluded
LX-bdb8967668:PST.3MSG>PST.2MPL	excluded
LX-bdb8967668:PST.3MSG>PST.2MSG	excluded
LX-bdb8967668:PST.3MSG>PST.3FSG	excluded
LX-bdb8967668:PST.3MSG>PST.3PL	excluded
LX-be357ff004:PST.3MSG>PST.1PL	excluded
LX-be357ff004:PST.3MSG>PST.1SG	excluded
LX-be357ff004:PST.3MSG>PST.2FPL	excluded
LX-be357ff004:PST.3MSG>PST.2FSG	excluded
LX-be357ff004:PST.3MSG>PST.2MPL	excluded
LX-be357ff004:PST.3MSG>PST.2MSG	excluded
LX-be357ff004:PST.3MSG>PST.3FSG	excluded
LX-be357ff004:PST.3MSG>PST.3PL	excluded
LX-be895af0f1:PST.3MSG>PST.1PL	excluded
LX-be895af0f1:PST.3MSG>PST.1SG	excluded
LX-be895af0f1:PST.3MSG>PST.2FPL	excluded
LX-be895af0f1:PST.3MSG>PST.2FSG	excluded
LX-be895af0f1:PST.3MSG>PST.2MPL	excluded
LX-be895af0f1:PST.3MSG>PST.2MSG	excluded
LX-be895af0f1:PST.3MSG>PST.3FSG	excluded
LX-be895af0f1:PST.3MSG>PST.3PL	excluded
LX-bf1c5ed831:PST.3MSG>PST.1PL	excluded
LX-bf1c5ed831:PST.3MSG>PST.1SG	excluded
LX-bf1c5ed831:PST.3MSG>PST.2FPL	excluded
LX-bf1c5ed831:PST.3MSG>PST.2FSG	excluded
LX-bf1c5ed831:PST.3MSG>PST.2MPL	excluded
LX-bf1c5ed831:PST.3MSG>PST.2MSG	excluded
LX-bf1c5ed831:PST.3MSG>PST.3FSG	excluded
LX-bf1c5ed831:PST.3MSG>PST.3PL	excluded
LX-bf2dc576e3:PST.3MSG>PST.1PL	excluded
LX-bf2dc576e3:PST.3MSG>PST.1SG	excluded
LX-bf2dc576e3:PST.3MSG>PST.2FPL	excluded
LX-bf2dc576e3:PST.3MSG>PST.2FSG	excluded
LX-bf2dc576e3:PST.3MSG>PST.2MPL	excluded
LX-bf2dc576e3:PST.3MSG>PST.2MSG	excluded
LX-bf2dc576e3:PST.3MSG>PST.3FSG	excluded
LX-bf2dc576e3:PST.3MSG>PST.3PL	excluded
LX-bf9a05e950:PST.3MSG>PST.1PL	excluded
LX-bf9a05e950:PST.3MSG>PST.1SG	excluded
LX-bf9a05e950:PST.3MSG>PST.2FPL	excluded
LX-bf9a05e950:PST.3MSG>PST.2FSG	excluded
LX-bf9a05e950:PST.3MSG>PST.2MPL	excluded
LX-bf9a05e950:PST.3MSG>PST.2MSG	excluded
LX-bf9a05e950:PST.3MSG>PST.3FSG	excluded
LX-bf9a05e950:PST.3MSG>PST.3PL	excluded
LX-bfdee6e589:PST.3MSG>PST.1PL	excluded
LX-bfdee6e589:PST.3MSG>PST.1SG	excluded
LX-bfdee6e589:PST.3MSG>PST.2FPL	excluded
LX-bfdee6e589:PST.3MSG>PST.2FSG	excluded
LX-bfdee6e589:PST.3MSG>PST.2MPL	excluded
LX-bfdee6e589:PST.3MSG>PST.2MSG	excluded
LX-bfdee6e589:PST.3MSG>PST.3FSG	excluded
LX-bfdee6e589:PST.3MSG>PST.3PL	excluded
LX-c05c81dbad:PST.3MSG>PST.1PL	excluded
LX-c05c81dbad:PST.3MSG>PST.1SG	excluded
LX-c05c81dbad:PST.3MSG>PST.2FPL	excluded
LX-c05c81dbad:PST.3MSG>PST.2FSG	excluded
LX-c05c81dbad:PST.3MSG>PST.2MPL	excluded
LX-c05c81dbad:PST.3MSG>PST.2MSG	excluded
LX-c05c81dbad:PST.3MSG>PST.3FSG	excluded
LX-c05c81dbad:PST.3MSG>PST.3PL	excluded
LX-c0c7bcf341:PST.3MSG>PST.1PL	excluded
LX-c0c7bcf341:PST.3MSG>PST.1SG	excluded
LX-c0c7bcf341:PST.3MSG>PST.2FPL	excluded
LX-c0c7bcf341:PST.3MSG>PST.2FSG	excluded
LX-c0c7bcf341:PST.3MSG>PST.2MPL	excluded
LX-c0c7bcf341:PST.3MSG>PST.2MSG	excluded
LX-c0c7bcf341:PST.3MSG>PST.3FSG	excluded
LX-c0c7bcf341:PST.3MSG>PST.3PL	excluded
LX-c157d29cd8:PST.3MSG>PST.1PL	excluded
LX-c157d29cd8:PST.3MSG>PST.1SG	excluded
LX-c157d29cd8:PST.3MSG>PST.2FPL	excluded
LX-c157d29cd8:PST.3MSG>PST.2FSG	excluded
LX-c157d29cd8:PST.3MSG>PST.2MPL	excluded
LX-c157d29cd8:PST.3MSG>PST.2MSG	excluded
LX-c157d29cd8:PST.3MSG>PST.3FSG	excluded
LX-c157d29cd8:PST.3MSG>PST.3PL	excluded
LX-c181da4369:PST.3MSG>PST.1PL	excluded
LX-c181da4369:PST.3MSG>PST.1SG	excluded
LX-c181da4369:PST.3MSG>PST.2FPL	excluded
LX-c181da4369:PST.3MSG>PST.2FSG	excluded
LX-c181da4369:PST.3MSG>PST.2MPL	excluded
LX-c181da4369:PST.3MSG>PST.2MSG	excluded
LX-c181da4369:PST.3MSG>PST.3FSG	excluded
LX-c181da4369:PST.3MSG>PST.3PL	excluded
LX-c1e5a303f6:PST.3MSG>PST.1PL	excluded
LX-c1e5a303f6:PST.3MSG>PST.1SG	excluded
LX-c1e5a303f6:PST.3MSG>PST.2FPL	excluded
LX-c1e5a303f6:PST.3MSG>PST.2FSG	excluded
LX-c1e5a303f6:PST.3MSG>PST.2MPL	excluded
LX-c1e5a303f6:PST.3MSG>PST.2MSG	excluded
LX-c1e5a303f6:PST.3MSG>PST.3FSG	excluded
LX-c1e5a303f6:PST.3MSG>PST.3PL	excluded
LX-c2004fa5b5:PST.3MSG>PST.1PL	excluded
LX-c2004fa5b5:PST.3MSG>PST.1SG	excluded
LX-c2004fa5b5:PST.3MSG>PST.2FPL	excluded
LX-c2004fa5b5:PST.3MSG>PST.2FSG	excluded
LX-c2004fa5b5:PST.3MSG>PST.2MPL	excluded
LX-c2004fa5b5:PST.3MSG>PST.2MSG	excluded
LX-c2004fa5b5:PST.3MSG>PST.3FSG	excluded
LX-c2004fa5b5:PST.3MSG>PST.3PL	excluded
LX-c2a4598837:PST.3MSG>PST.1PL	excluded
LX-c2a4598837:PST.3MSG>PST.1SG	excluded
LX-c2a4598837:PST.3MSG>PST.2FPL	excluded
LX-c2a4598837:PST.3MSG>PST.2FSG	excluded
LX-c2a4598837:PST.3MSG>PST.2MPL	excluded
LX-c2a4598837:PST.3MSG>PST.2MSG	excluded
LX-c2a4598837:PST.3MSG>PST.3FSG	excluded
LX-c2a4598837:PST.3MSG>PST.3PL	excluded
LX-c30481b203:PST.3MSG>PST.1PL	excluded
LX-c30481b203:PST.3MSG>PST.1SG	excluded
LX-c30481b203:PST.3MSG>PST.2FPL	excluded
LX-c30481b203:PST.3MSG>PST.2FSG	excluded
LX-c30481b203:PST.3MSG>PST.2MPL	excluded
LX-c30481b203:PST.3MSG>PST.2MSG	excluded
LX-c30481b203:PST.3MSG>PST.3FSG	excluded
LX-c30481b203:PST.3MSG>PST.3PL	excluded
LX-c31fd2810d:PST.3MSG>PST.1PL	excluded
LX-c31fd2810d:PST.3MSG>PST.1SG	excluded
LX-c31fd2810d:PST.3MSG>PST.2FPL	excluded
LX-c31fd2810d:PST.3MSG>PST.2FSG	excluded
LX-c31fd2810d:PST.3MSG>PST.2MPL	excluded
LX-c31fd2810d:PST.3MSG>PST.2MSG	excluded
LX-c31fd2810d:PST.3MSG>PST.3FSG	excluded
LX-c31fd2810d:PST.3MSG>PST.3PL	excluded
LX-c3b2b297b6:PST.3MSG>PST.1PL	excluded
LX-c3b2b297b6:PST.3MSG>PST.1SG	excluded
LX-c3b2b297b6:PST.3MSG>PST.2FPL	excluded
LX-c3b2b297b6:PST.3MSG>PST.2FSG	excluded
LX-c3b2b297b6:PST.3MSG>PST.2MPL	excluded
LX-c3b2b297b6:PST.3MSG>PST.2MSG	excluded
LX-c3b2b297b6:PST.3MSG>PST.3FSG	excluded
LX-c3b2b297b6:PST.3MSG>PST.3PL	excluded
LX-c4177147a0:PST.3MSG>PST.1PL	excluded
LX-c4177147a0:PST.3MSG>PST.1SG	excluded
LX-c4177147a0:PST.3MSG>PST.2FPL	excluded
LX-c4177147a0:PST.3MSG>PST.2FSG	excluded
LX-c4177147a0:PST.3MSG>PST.2MPL	excluded
LX-c4177147a0:PST.3MSG>PST.2MSG	excluded
LX-c4177147a0:PST.3MSG>PST.3FSG	excluded
LX-c4177147a0:PST.3MSG>PST.3PL	excluded
LX-c431433be8:PST.3MSG>PST.1PL	excluded
LX-c431433be8:PST.3MSG>PST.1SG	excluded
LX-c431433be8:PST.3MSG>PST.2FPL	excluded
LX-c431433be8:PST.3MSG>PST.2FSG	excluded
LX-c431433be8:PST.3MSG>PST.2MPL	excluded
LX-c431433be8:PST.3MSG>PST.2MSG	excluded
LX-c431433be8:PST.3MSG>PST.3FSG	excluded
LX-c431433be8:PST.3MSG>PST.3PL	excluded
LX-c498149530:PST.3MSG>PST.1PL	excluded
LX-c498149530:PST.3MSG>PST.1SG	excluded
LX-c498149530:PST.3MSG>PST.2FPL	excluded
LX-c498149530:PST.3MSG>PST.2FSG	excluded
LX-c498149530:PST.3MSG>PST.2MPL	excluded
LX-c498149530:PST.3MSG>PST.2MSG	excluded
LX-c498149530:PST.3MSG>PST.3FSG	excluded
LX-c498149530:PST.3MSG>PST.3PL	excluded
LX-c4c8af1a81:PST.3MSG>PST.1PL	excluded
LX-c4c8af1a81:PST.3MSG>PST.1SG	excluded
LX-c4c8af1a81:PST.3MSG>PST.2FPL	excluded
LX-c4c8af1a81:PST.3MSG>PST.2FSG	excluded
LX-c4c8af1a81:PST.3MSG>PST.2MPL	excluded
LX-c4c8af1a81:PST.3MSG>PST.2MSG	excluded
LX-c4c8af1a81:PST.3MSG>PST.3FSG	excluded
LX-c4c8af1a81:PST.3MSG>PST.3PL	excluded
LX-c56987a72e:PST.3MSG>PST.1PL	excluded
LX-c56987a72e:PST.3MSG>PST.1SG	excluded
LX-c56987a72e:PST.3MSG>PST.2FPL	excluded
LX-c56987a72e:PST.3MSG>PST.2FSG	excluded
LX-c56987a72e:PST.3MSG>PST.2MPL	excluded
LX-c56987a72e:PST.3MSG>PST.2MSG	excluded
LX-c56987a72e:PST.3MSG>PST.3FSG	excluded
LX-c56987a72e:PST.3MSG>PST.3PL	excluded
LX-c5fa19b84d:PST.3MSG>PST.1PL	excluded
LX-c5fa19b84d:PST.3MSG>PST.1SG	excluded
LX-c5fa19b84d:PST.3MSG>PST.2FPL	excluded
LX-c5fa19b84d:PST.3MSG>PST.2FSG	excluded
LX-c5fa19b84d:PST.3MSG>PST.2MPL	excluded
LX-c5fa19b84d:PST.3MSG>PST.2MSG	excluded
LX-c5fa19b84d:PST.3MSG>PST.3FSG	excluded
LX-c5fa19b84d:PST.3MSG>PST.3PL	excluded
LX-c6c5520e5b:PST.3MSG>PST.1PL	excluded
LX-c6c5520e5b:PST.3MSG>PST.1SG	excluded
LX-c6c5520e5b:PST.3MSG>PST.2FPL	excluded
LX-c6c5520e5b:PST.3MSG>PST.2FSG	excluded
LX-c6c5520e5b:PST.3MSG>PST.2MPL	excluded
LX-c6c5520e5b:PST.3MSG>PST.2MSG	excluded
LX-c6c5520e5b:PST.3MSG>PST.3FSG	excluded
LX-c6c5520e5b:PST.3MSG>PST.3PL	excluded
LX-c70f6633ad:PST.3MSG>PST.1PL	excluded
LX-c70f6633ad:PST.3MSG>PST.1SG	excluded
LX-c70f6633ad:PST.3MSG>PST.2FPL	excluded
LX-c70f6633ad:PST.3MSG>PST.2FSG	excluded
LX-c70f6633ad:PST.3MSG>PST.2MPL	excluded
LX-c70f6633ad:PST.3MSG>PST.2MSG	excluded
LX-c70f6633ad:PST.3MSG>PST.3FSG	excluded
LX-c70f6633ad:PST.3MSG>PST.3PL	excluded
LX-c7e36dca16:PST.3MSG>PST.1PL	excluded
LX-c7e36dca16:PST.3MSG>PST.1SG	excluded
LX-c7e36dca16:PST.3MSG>PST.2FPL	excluded
LX-c7e36dca16:PST.3MSG>PST.2FSG	excluded
LX-c7e36dca16:PST.3MSG>PST.2MPL	excluded
LX-c7e36dca16:PST.3MSG>PST.2MSG	excluded
LX-c7e36dca16:PST.3MSG>PST.3FSG	excluded
LX-c7e36dca16:PST.3MSG>PST.3PL	excluded
LX-c8a5d92ac7:PST.3MSG>PST.1PL	excluded
LX-c8a5d92ac7:PST.3MSG>PST.1SG	excluded
LX-c8a5d92ac7:PST.3MSG>PST.2FPL	excluded
LX-c8a5d92ac7:PST.3MSG>PST.2FSG	excluded
LX-c8a5d92ac7:PST.3MSG>PST.2MPL	excluded
LX-c8a5d92ac7:PST.3MSG>PST.2MSG	excluded
LX-c8a5d92ac7:PST.3MSG>PST.3FSG	excluded
LX-c8a5d92ac7:PST.3MSG>PST.3PL	excluded
LX-c8a888740b:PST.3MSG>PST.1PL	excluded
LX-c8a888740b:PST.3MSG>PST.1SG	excluded
LX-c8a888740b:PST.3MSG>PST.2FPL	excluded
LX-c8a888740b:PST.3MSG>PST.2FSG	excluded
LX-c8a888740b:PST.3MSG>PST.2MPL	excluded
LX-c8a888740b:PST.3MSG>PST.2MSG	excluded
LX-c8a888740b:PST.3MSG>PST.3FSG	excluded
LX-c8a888740b:PST.3MSG>PST.3PL	excluded
LX-c9a5b2736d:PST.3MSG>PST.1PL	excluded
LX-c9a5b2736d:PST.3MSG>PST.1SG	excluded
LX-c9a5b2736d:PST.3MSG>PST.2FPL	excluded
LX-c9a5b2736d:PST.3MSG>PST.2FSG	excluded
LX-c9a5b2736d:PST.3MSG>PST.2MPL	excluded
LX-c9a5b2736d:PST.3MSG>PST.2MSG	excluded
LX-c9a5b2736d:PST.3MSG>PST.3FSG	excluded
LX-c9a5b2736d:PST.3MSG>PST.3PL	excluded
LX-c9fa5fb2eb:PST.3MSG>PST.1PL	excluded
LX-c9fa5fb2eb:PST.3MSG>PST.1SG	excluded
LX-c9fa5fb2eb:PST.3MSG>PST.2FPL	excluded
LX-c9fa5fb2eb:PST.3MSG>PST.2FSG	excluded
LX-c9fa5fb2eb:PST.3MSG>PST.2MPL	excluded
LX-c9fa5fb2eb:PST.3MSG>PST.2MSG	excluded
LX-c9fa5fb2eb:PST.3MSG>PST.3FSG	excluded
LX-c9fa5fb2eb:PST.3MSG>PST.3PL	excluded
LX-ca3adcaa91:PST.3MSG>PST.1PL	excluded
LX-ca3adcaa91:PST.3MSG>PST.1SG	excluded
LX-ca3adcaa91:PST.3MSG>PST.2FPL	excluded
LX-ca3adcaa91:PST.3MSG>PST.2FSG	excluded
LX-ca3adcaa91:PST.3MSG>PST.2MPL	excluded
LX-ca3adcaa91:PST.3MSG>PST.2MSG	excluded
LX-ca3adcaa91:PST.3MSG>PST.3FSG	excluded
LX-ca3adcaa91:PST.3MSG>PST.3PL	excluded
LX-ca66f4d375:PST.3MSG>PST.1PL	excluded
LX-ca66f4d375:PST.3MSG>PST.1SG	excluded
LX-ca66f4d375:PST.3MSG>PST.2FPL	excluded
LX-ca66f4d375:PST.3MSG>PST.2FSG	excluded
LX-ca66f4d375:PST.3MSG>PST.2MPL	excluded
LX-ca66f4d375:PST.3MSG>PST.2MSG	excluded
LX-ca66f4d375:PST.3MSG>PST.3FSG	excluded
LX-ca66f4d375:PST.3MSG>PST.3PL	excluded
LX-ca90f091bd:PST.3MSG>PST.1PL	excluded
LX-ca90f091bd:PST.3MSG>PST.1SG	excluded
LX-ca90f091bd:PST.3MSG>PST.2FPL	excluded
LX-ca90f091bd:PST.3MSG>PST.2FSG	excluded
LX-ca90f091bd:PST.3MSG>PST.2MPL	excluded
LX-ca90f091bd:PST.3MSG>PST.2MSG	excluded
LX-ca90f091bd:PST.3MSG>PST.3FSG	excluded
LX-ca90f091bd:PST.3MSG>PST.3PL	excluded
LX-caa5d9467a:PST.3MSG>PST.1PL	excluded
LX-caa5d9467a:PST.3MSG>PST.1SG	excluded
LX-caa5d9467a:PST.3MSG>PST.2FPL	excluded
LX-caa5d9467a:PST.3MSG>PST.2FSG	excluded
LX-caa5d9467a:PST.3MSG>PST.2MPL	excluded
LX-caa5d9467a:PST.3MSG>PST.2MSG	excluded
LX-caa5d9467a:PST.3MSG>PST.3FSG	excluded
LX-caa5d9467a:PST.3MSG>PST.3PL	excluded
LX-ccbea17ae7:PST.3MSG>PST.1PL	excluded
LX-ccbea17ae7:PST.3MSG>PST.1SG	excluded
LX-ccbea17ae7:PST.3MSG>PST.2FPL	excluded
LX-ccbea17ae7:PST.3MSG>PST.2FSG	excluded
LX-ccbea17ae7:PST.3MSG>PST.2MPL	excluded
LX-ccbea17ae7:PST.3MSG>PST.2MSG	excluded
LX-ccbea17ae7:PST.3MSG>PST.3FSG	excluded
LX-ccbea17ae7:PST.3MSG>PST.3PL	excluded
LX-cd0c117aac:PST.3MSG>PST.1PL	excluded
LX-cd0c117aac:PST.3MSG>PST.1SG	excluded
LX-cd0c117aac:PST.3MSG>PST.2FPL	excluded
LX-cd0c117aac:PST.3MSG>PST.2FSG	excluded
LX-cd0c117aac:PST.3MSG>PST.2MPL	excluded
LX-cd0c117aac:PST.3MSG>PST.2MSG	excluded
LX-cd0c117aac:PST.3MSG>PST.3FSG	excluded
LX-cd0c117aac:PST.3MSG>PST.3PL	excluded
LX-cd21b2a15b:PST.3MSG>PST.1PL	excluded
LX-cd21b2a15b:PST.3MSG>PST.1SG	excluded
LX-cd21b2a15b:PST.3MSG>PST.2FPL	excluded
LX-cd21b2a15b:PST.3MSG>PST.2FSG	excluded
LX-cd21b2a15b:PST.3MSG>PST.2MPL	excluded
LX-cd21b2a15b:PST.3MSG>PST.2MSG	excluded
LX-cd21b2a15b:PST.3MSG>PST.3FSG	excluded
LX-cd21b2a15b:PST.3MSG>PST.3PL	excluded
LX-ce1ade4176:PST.3MSG>PST.1PL	excluded
LX-ce1ade4176:PST.3MSG>PST.1SG	excluded
LX-ce1ade4176:PST.3MSG>PST.2FPL	excluded
LX-ce1ade4176:PST.3MSG>PST.2FSG	excluded
LX-ce1ade4176:PST.3MSG>PST.2MPL	excluded
LX-ce1ade4176:PST.3MSG>PST.2MSG	excluded
LX-ce1ade4176:PST.3MSG>PST.3FSG	excluded
LX-ce1ade4176:PST.3MSG>PST.3PL	excluded
LX-ce89cee166:PST.3MSG>PST.1PL	excluded
LX-ce89cee166:PST.3MSG>PST.1SG	excluded
LX-ce89cee166:PST.3MSG>PST.2FPL	excluded
LX-ce89cee166:PST.3MSG>PST.2FSG	excluded
LX-ce89cee166:PST.3MSG>PST.2MPL	excluded
LX-ce89cee166:PST.3MSG>PST.2MSG	excluded
LX-ce89cee166:PST.3MSG>PST.3FSG	excluded
LX-ce89cee166:PST.3MSG>PST.3PL	excluded
LX-ceeec4b77e:PST.3MSG>PST.1PL	excluded
LX-ceeec4b77e:PST.3MSG>PST.1SG	excluded
LX-ceeec4b77e:PST.3MSG>PST.2FPL	excluded
LX-ceeec4b77e:PST.3MSG>PST.2FSG	excluded
LX-ceeec4b77e:PST.3MSG>PST.2MPL	excluded
LX-ceeec4b77e:PST.3MSG>PST.2MSG	excluded
LX-ceeec4b77e:PST.3MSG>PST.3FSG	excluded
LX-ceeec4b77e:PST.3MSG>PST.3PL	excluded
LX-cf42f5d720:PST.3MSG>PST.1PL	excluded
LX-cf42f5d720:PST.3MSG>PST.1SG	excluded
LX-cf42f5d720:PST.3MSG>PST.2FPL	excluded
LX-cf42f5d720:PST.3MSG>PST.2FSG	excluded
LX-cf42f5d720:PST.3MSG>PST.2MPL	excluded
LX-cf42f5d720:PST.3MSG>PST.2MSG	excluded
LX-cf42f5d720:PST.3MSG>PST.3FSG	excluded
LX-cf42f5d720:PST.3MSG>PST.3PL	excluded
LX-cfb75fb8a2:PST.3MSG>PST.1PL	excluded
LX-cfb75fb8a2:PST.3MSG>PST.1SG	excluded
LX-cfb75fb8a2:PST.3MSG>PST.2FPL	excluded
LX-cfb75fb8a2:PST.3MSG>PST.2FSG	excluded
LX-cfb75fb8a2:PST.3MSG>PST.2MPL	excluded
LX-cfb75fb8a2:PST.3MSG>PST.2MSG	excluded
LX-cfb75fb8a2:PST.3MSG>PST.3FSG	excluded
LX-cfb75fb8a2:PST.3MSG>PST.3PL	excluded
LX-cff72e0868:PST.3MSG>PST.1PL	excluded
LX-cff72e0868:PST.3MSG>PST.1SG	excluded
LX-cff72e0868:PST.3MSG>PST.2FPL	excluded
LX-cff72e0868:PST.3MSG>PST.2FSG	excluded
LX-cff72e0868:PST.3MSG>PST.2MPL	excluded
LX-cff72e0868:PST.3MSG>PST.2MSG	excluded
LX-cff72e0868:PST.3MSG>PST.3FSG	excluded
LX-cff72e0868:PST.3MSG>PST.3PL	excluded
LX-d00cc5ab8c:PST.3MSG>PST.1PL	excluded
LX-d00cc5ab8c:PST.3MSG>PST.1SG	excluded
LX-d00cc5ab8c:PST.3MSG>PST.2FPL	excluded
LX-d00cc5ab8c:PST.3MSG>PST.2FSG	excluded
LX-d00cc5ab8c:PST.3MSG>PST.2MPL	excluded
LX-d00cc5ab8c:PST.3MSG>PST.2MSG	excluded
LX-d00cc5ab8c:PST.3MSG>PST.3FSG	excluded
LX-d00cc5ab8c:PST.3MSG>PST.3PL	excluded
LX-d02bdb95db:PST.3MSG>PST.1PL	excluded
LX-d02bdb95db:PST.3MSG>PST.1SG	excluded
LX-d02bdb95db:PST.3MSG>PST.2FPL	excluded
LX-d02bdb95db:PST.3MSG>PST.2FSG	excluded
LX-d02bdb95db:PST.3MSG>PST.2MPL	excluded
LX-d02bdb95db:PST.3MSG>PST.2MSG	excluded
LX-d02bdb95db:PST.3MSG>PST.3FSG	excluded
LX-d02bdb95db:PST.3MSG>PST.3PL	excluded
LX-d14f973955:PST.3MSG>PST.1PL	excluded
LX-d14f973955:PST.3MSG>PST.1SG	excluded
LX-d14f973955:PST.3MSG>PST.2FPL	excluded
LX-d14f973955:PST.3MSG>PST.2FSG	excluded
LX-d14f973955:PST.3MSG>PST.2MPL	excluded
LX-d14f973955:PST.3MSG>PST.2MSG	excluded
LX-d14f973955:PST.3MSG>PST.3FSG	excluded
LX-d14f973955:PST.3MSG>PST.3PL	excluded
LX-d17a23d201:PST.3MSG>PST.1PL	excluded
LX-d17a23d201:PST.3MSG>PST.1SG	excluded
LX-d17a23d201:PST.3MSG>PST.2FPL	excluded
LX-d17a23d201:PST.3MSG>PST.2FSG	excluded
LX-d17a23d201:PST.3MSG>PST.2MPL	excluded
LX-d17a23d201:PST.3MSG>PST.2MSG	excluded
LX-d17a23d201:PST.3MSG>PST.3FSG	excluded
LX-d17a23d201:PST.3MSG>PST.3PL	excluded
LX-d1af4c4396:PST.3MSG>PST.1PL	excluded
LX-d1af4c4396:PST.3MSG>PST.1SG	excluded
LX-d1af4c4396:PST.3MSG>PST.2FPL	excluded
LX-d1af4c4396:PST.3MSG>PST.2FSG	excluded
LX-d1af4c4396:PST.3MSG>PST.2MPL	excluded
LX-d1af4c4396:PST.3MSG>PST.2MSG	excluded
LX-d1af4c4396:PST.3MSG>PST.3FSG	excluded
LX-d1af4c4396:PST.3MSG>PST.3PL	excluded
LX-d284aaf979:PST.3MSG>PST.1PL	excluded
LX-d284aaf979:PST.3MSG>PST.1SG	excluded
LX-d284aaf979:PST.3MSG>PST.2FPL	excluded
LX-d284aaf979:PST.3MSG>PST.2FSG	excluded
LX-d284aaf979:PST.3MSG>PST.2MPL	excluded
LX-d284aaf979:PST.3MSG>PST.2MSG	excluded
LX-d284aaf979:PST.3MSG>PST.3FSG	excluded
LX-d284aaf979:PST.3MSG>PST.3PL	excluded
LX-d2a3bcec99:PST.3MSG>PST.1PL	excluded
LX-d2a3bcec99:PST.3MSG>PST.1SG	excluded
LX-d2a3bcec99:PST.3MSG>PST.2FPL	excluded
LX-d2a3bcec99:PST.3MSG>PST.2FSG	excluded
LX-d2a3bcec99:PST.3MSG>PST.2MPL	excluded
LX-d2a3bcec99:PST.3MSG>PST.2MSG	excluded
LX-d2a3bcec99:PST.3MSG>PST.3FSG	excluded
LX-d2a3bcec99:PST.3MSG>PST.3PL	excluded
LX-d4dd0863eb:PST.3MSG>PST.1PL	excluded
LX-d4dd0863eb:PST.3MSG>PST.1SG	excluded
LX-d4dd0863eb:PST.3MSG>PST.2FPL	excluded
LX-d4dd0863eb:PST.3MSG>PST.2FSG	excluded
LX-d4dd0863eb:PST.3MSG>PST.2MPL	excluded
LX-d4dd0863eb:PST.3MSG>PST.2MSG	excluded
LX-d4dd0863eb:PST.3MSG>PST.3FSG	excluded
LX-d4dd0863eb:PST.3MSG>PST.3PL	excluded
LX-d4e0896ffd:PST.3MSG>PST.1PL	excluded
LX-d4e0896ffd:PST.3MSG>PST.1SG	excluded
LX-d4e0896ffd:PST.3MSG>PST.2FPL	excluded
LX-d4e0896ffd:PST.3MSG>PST.2FSG	excluded
LX-d4e0896ffd:PST.3MSG>PST.2MPL	excluded
LX-d4e0896ffd:PST.3MSG>PST.2MSG	excluded
LX-d4e0896ffd:PST.3MSG>PST.3FSG	excluded
LX-d4e0896ffd:PST.3MSG>PST.3PL	excluded
LX-d602805687:PST.3MSG>PST.1PL	excluded
LX-d602805687:PST.3MSG>PST.3FSG	excluded
LX-d602805687:PST.3MSG>PST.3PL	excluded
LX-d6085abe9a:PST.3MSG>PST.1PL	excluded
LX-d6085abe9a:PST.3MSG>PST.1SG	excluded
LX-d6085abe9a:PST.3MSG>PST.2FPL	excluded
LX-d6085abe9a:PST.3MSG>PST.2FSG	excluded
LX-d6085abe9a:PST.3MSG>PST.2MPL	excluded
LX-d6085abe9a:PST.3MSG>PST.2MSG	excluded
LX-d6085abe9a:PST.3MSG>PST.3FSG	excluded
LX-d6085abe9a:PST.3MSG>PST.3PL	excluded
LX-d65b9dba6b:PST.3MSG>PST.1PL	excluded
LX-d65b9dba6b:PST.3MSG>PST.1SG	excluded
LX-d65b9dba6b:PST.3MSG>PST.2FPL	excluded
LX-d65b9dba6b:PST.3MSG>PST.2FSG	excluded
LX-d65b9dba6b:PST.3MSG>PST.2MPL	excluded
LX-d65b9dba6b:PST.3MSG>PST.2MSG	excluded
LX-d65b9dba6b:PST.3MSG>PST.3FSG	excluded
LX-d65b9dba6b:PST.3MSG>PST.3PL	excluded
LX-d716b2c31d:PST.3MSG>PST.1PL	excluded
LX-d716b2c31d:PST.3MSG>PST.1SG	excluded
LX-d716b2c31d:PST.3MSG>PST.2FPL	excluded
LX-d716b2c31d:PST.3MSG>PST.2FSG	excluded
LX-d716b2c31d:PST.3MSG>PST.2MPL	excluded
LX-d716b2c31d:PST.3MSG>PST.2MSG	excluded
LX-d716b2c31d:PST.3MSG>PST.3FSG	excluded
LX-d716b2c31d:PST.3MSG>PST.3PL	excluded
LX-d735eedbfd:PST.3MSG>PST.1PL	excluded
LX-d735eedbfd:PST.3MSG>PST.1SG	excluded
LX-d735eedbfd:PST.3MSG>PST.2FPL	excluded
LX-d735eedbfd:PST.3MSG>PST.2FSG	excluded
LX-d735eedbfd:PST.3MSG>PST.2MPL	excluded
LX-d735eedbfd:PST.3MSG>PST.2MSG	excluded
LX-d735eedbfd:PST.3MSG>PST.3FSG	excluded
LX-d735eedbfd:PST.3MSG>PST.3PL	excluded
LX-d756a3a904:PST.3MSG>PST.1PL	excluded
LX-d756a3a904:PST.3MSG>PST.1SG	excluded
LX-d756a3a904:PST.3MSG>PST.2FPL	excluded
LX-d756a3a904:PST.3MSG>PST.2FSG	excluded
LX-d756a3a904:PST.3MSG>PST.2MPL	excluded
LX-d756a3a904:PST.3MSG>PST.2MSG	excluded
LX-d756a3a904:PST.3MSG>PST.3FSG	excluded
LX-d756a3a904:PST.3MSG>PST.3PL	excluded
LX-d8afb5b1e7:PST.3MSG>PST.1PL	excluded
LX-d8afb5b1e7:PST.3MSG>PST.1SG	excluded
LX-d8afb5b1e7:PST.3MSG>PST.2FPL	excluded
LX-d8afb5b1e7:PST.3MSG>PST.2FSG	excluded
LX-d8afb5b1e7:PST.3MSG>PST.2MPL	excluded
LX-d8afb5b1e7:PST.3MSG>PST.2MSG	excluded
LX-d8afb5b1e7:PST.3MSG>PST.3FSG	excluded
LX-d8afb5b1e7:PST.3MSG>PST.3PL	excluded
LX-d8d15a72aa:PST.3MSG>PST.1PL	excluded
LX-d8d15a72aa:PST.3MSG>PST.1SG	excluded
LX-d8d15a72aa:PST.3MSG>PST.2FPL	excluded
LX-d8d15a72aa:PST.3MSG>PST.2FSG	excluded
LX-d8d15a72aa:PST.3MSG>PST.2MPL	excluded
LX-d8d15a72aa:PST.3MSG>PST.2MSG	excluded
LX-d8d15a72aa:PST.3MSG>PST.3FSG	excluded
LX-d8d15a72aa:PST.3MSG>PST.3PL	excluded
LX-d91b907eb2:PST.3MSG>PST.1PL	excluded
LX-d91b907eb2:PST.3MSG>PST.1SG	excluded
LX-d91b907eb2:PST.3MSG>PST.2FPL	excluded
LX-d91b907eb2:PST.3MSG>PST.2FSG	excluded
LX-d91b907eb2:PST.3MSG>PST.2MPL	excluded
LX-d91b907eb2:PST.3MSG>PST.2MSG	excluded
LX-d91b907eb2:PST.3MSG>PST.3FSG	excluded
LX-d91b907eb2:PST.3MSG>PST.3PL	excluded
LX-d931a00a27:PST.3MSG>PST.1PL	excluded
LX-d931a00a27:PST.3MSG>PST.1SG	excluded
LX-d931a00a27:PST.3MSG>PST.2FPL	excluded
LX-d931a00a27:PST.3MSG>PST.2FSG	excluded
LX-d931a00a27:PST.3MSG>PST.2MPL	excluded
LX-d931a00a27:PST.3MSG>PST.2MSG	excluded
LX-d931a00a27:PST.3MSG>PST.3FSG	excluded
LX-d931a00a27:PST.3MSG>PST.3PL	excluded
LX-d97045723d:PST.3MSG>PST.1PL	excluded
LX-d97045723d:PST.3MSG>PST.1SG	excluded
LX-d97045723d:PST.3MSG>PST.2FPL	excluded
LX-d97045723d:PST.3MSG>PST.2FSG	excluded
LX-d97045723d:PST.3MSG>PST.2MPL	excluded
LX-d97045723d:PST.3MSG>PST.2MSG	excluded
LX-d97045723d:PST.3MSG>PST.3FSG	excluded
LX-d97045723d:PST.3MSG>PST.3PL	excluded
LX-d9bcdab04e:PST.3MSG>PST.1PL	excluded
LX-d9bcdab04e:PST.3MSG>PST.1SG	excluded
LX-d9bcdab04e:PST.3MSG>PST.2FPL	excluded
LX-d9bcdab04e:PST.3MSG>PST.2FSG	excluded
LX-d9bcdab04e:PST.3MSG>PST.2MPL	excluded
LX-d9bcdab04e:PST.3MSG>PST.2MSG	excluded
LX-d9bcdab04e:PST.3MSG>PST.3FSG	excluded
LX-d9bcdab04e:PST.3MSG>PST.3PL	excluded
LX-db00b0b070:PST.3MSG>PST.1PL	excluded
LX-db00b0b070:PST.3MSG>PST.1SG	excluded
LX-db00b0b070:PST.3MSG>PST.2FPL	excluded
LX-db00b0b070:PST.3MSG>PST.2FSG	excluded
LX-db00b0b070:PST.3MSG>PST.2MPL	excluded
LX-db00b0b070:PST.3MSG>PST.2MSG	excluded
LX-db00b0b070:PST.3MSG>PST.3FSG	excluded
LX-db00b0b070:PST.3MSG>PST.3PL	excluded
LX-dbfe953468:PST.3MSG>PST.1PL	excluded
LX-dbfe953468:PST.3MSG>PST.1SG	excluded
LX-dbfe953468:PST.3MSG>PST.2FPL	excluded
LX-dbfe953468:PST.3MSG>PST.2FSG	excluded
LX-dbfe953468:PST.3MSG>PST.2MPL	excluded
LX-dbfe953468:PST.3MSG>PST.2MSG	excluded
LX-dbfe953468:PST.3MSG>PST.3FSG	excluded
LX-dbfe953468:PST.3MSG>PST.3PL	excluded
LX-dc300e87c0:PST.3MSG>PST.1PL	excluded
LX-dc300e87c0:PST.3MSG>PST.1SG	excluded
LX-dc300e87c0:PST.3MSG>PST.2FPL	excluded
LX-dc300e87c0:PST.3MSG>PST.2FSG	excluded
LX-dc300e87c0:PST.3MSG>PST.2MPL	excluded
LX-dc300e87c0:PST.3MSG>PST.2MSG	excluded
LX-dc300e87c0:PST.3MSG>PST.3FSG	excluded
LX-dc300e87c0:PST.3MSG>PST.3PL	excluded
LX-dc53fec8d9:PST.3MSG>PST.1PL	excluded
LX-dc53fec8d9:PST.3MSG>PST.1SG	excluded
LX-dc53fec8d9:PST.3MSG>PST.2FPL	excluded
LX-dc53fec8d9:PST.3MSG>PST.2FSG	excluded
LX-dc53fec8d9:PST.3MSG>PST.2MPL	excluded
LX-dc53fec8d9:PST.3MSG>PST.2MSG	excluded
LX-dc53fec8d9:PST.3MSG>PST.3FSG	excluded
LX-dc53fec8d9:PST.3MSG>PST.3PL	excluded
LX-dc8e6a82ec:PST.3MSG>PST.1PL	excluded
LX-dc8e6a82ec:PST.3MSG>PST.1SG	excluded
LX-dc8e6a82ec:PST.3MSG>PST.2FPL	excluded
LX-dc8e6a82ec:PST.3MSG>PST.2FSG	excluded
LX-dc8e6a82ec:PST.3MSG>PST.2MPL	excluded
LX-dc8e6a82ec:PST.3MSG>PST.2MSG	excluded
LX-dc8e6a82ec:PST.3MSG>PST.3FSG	excluded
LX-dc8e6a82ec:PST.3MSG>PST.3PL	excluded
LX-dcb25d506c:PST.3MSG>PST.1PL	excluded
LX-dcb25d506c:PST.3MSG>PST.1SG	excluded
LX-dcb25d506c:PST.3MSG>PST.2FPL	excluded
LX-dcb25d506c:PST.3MSG>PST.2FSG	excluded
LX-dcb25d506c:PST.3MSG>PST.2MPL	excluded
LX-dcb25d506c:PST.3MSG>PST.2MSG	excluded
LX-dcb25d506c:PST.3MSG>PST.3FSG	excluded
LX-dcb25d506c:PST.3MSG>PST.3PL	excluded
LX-dcdd01b224:PST.3MSG>PST.1PL	excluded
LX-dcdd01b224:PST.3MSG>PST.1SG	excluded
LX-dcdd01b224:PST.3MSG>PST.2FPL	excluded
LX-dcdd01b224:PST.3MSG>PST.2FSG	excluded
LX-dcdd01b224:PST.3MSG>PST.2MPL	excluded
LX-dcdd01b224:PST.3MSG>PST.2MSG	excluded
LX-dcdd01b224:PST.3MSG>PST.3FSG	excluded
LX-dcdd01b224:PST.3MSG>PST.3PL	excluded
LX-dd5401200e:PST.3MSG>PST.1PL	excluded
LX-dd5401200e:PST.3MSG>PST.1SG	excluded
LX-dd5401200e:PST.3MSG>PST.2FPL	excluded
LX-dd5401200e:PST.3MSG>PST.2FSG	excluded
LX-dd5401200e:PST.3MSG>PST.2MPL	excluded
LX-dd5401200e:PST.3MSG>PST.2MSG	excluded
LX-dd5401200e:PST.3MSG>PST.3FSG	excluded
LX-dd5401200e:PST.3MSG>PST.3PL	excluded
LX-ddd8ae83f6:PST.3MSG>PST.1PL	excluded
LX-ddd8ae83f6:PST.3MSG>PST.1SG	excluded
LX-ddd8ae83f6:PST.3MSG>PST.2FPL	excluded
LX-ddd8ae83f6:PST.3MSG>PST.2FSG	excluded
LX-ddd8ae83f6:PST.3MSG>PST.2MPL	excluded
LX-ddd8ae83f6:PST.3MSG>PST.2MSG	excluded
LX-ddd8ae83f6:PST.3MSG>PST.3FSG	excluded
LX-ddd8ae83f6:PST.3MSG>PST.3PL	excluded
LX-de6e534bda:PST.3MSG>PST.1PL	excluded
LX-de6e534bda:PST.3MSG>PST.1SG	excluded
LX-de6e534bda:PST.3MSG>PST.2FPL	excluded
LX-de6e534bda:PST.3MSG>PST.2FSG	excluded
LX-de6e534bda:PST.3MSG>PST.2MPL	excluded
LX-de6e534bda:PST.3MSG>PST.2MSG	excluded
LX-de6e534bda:PST.3MSG>PST.3FSG	excluded
LX-de6e534bda:PST.3MSG>PST.3PL	excluded
LX-df31d26a25:PST.3MSG>PST.1PL	excluded
LX-df31d26a25:PST.3MSG>PST.1SG	excluded
LX-df31d26a25:PST.3MSG>PST.2FPL	excluded
LX-df31d26a25:PST.3MSG>PST.2FSG	excluded
LX-df31d26a25:PST.3MSG>PST.2MPL	excluded
LX-df31d26a25:PST.3MSG>PST.2MSG	excluded
LX-df31d26a25:PST.3MSG>PST.3FSG	excluded
LX-df31d26a25:PST.3MSG>PST.3PL	excluded
LX-df5a88d9d0:PST.3MSG>PST.1PL	excluded
LX-df5a88d9d0:PST.3MSG>PST.1SG	excluded
LX-df5a88d9d0:PST.3MSG>PST.2FPL	excluded
LX-df5a88d9d0:PST.3MSG>PST.2FSG	excluded
LX-df5a88d9d0:PST.3MSG>PST.2MPL	excluded
LX-df5a88d9d0:PST.3MSG>PST.2MSG	excluded
LX-df5a88d9d0:PST.3MSG>PST.3FSG	excluded
LX-df5a88d9d0:PST.3MSG>PST.3PL	excluded
LX-df9c2f7d3a:PST.3MSG>PST.1PL	excluded
LX-df9c2f7d3a:PST.3MSG>PST.1SG	excluded
LX-df9c2f7d3a:PST.3MSG>PST.2FPL	excluded
LX-df9c2f7d3a:PST.3MSG>PST.2FSG	excluded
LX-df9c2f7d3a:PST.3MSG>PST.2MPL	excluded
LX-df9c2f7d3a:PST.3MSG>PST.2MSG	excluded
LX-df9c2f7d3a:PST.3MSG>PST.3FSG	excluded
LX-df9c2f7d3a:PST.3MSG>PST.3PL	excluded
LX-dfaa111745:PST.3MSG>PST.1PL	excluded
LX-dfaa111745:PST.3MSG>PST.1SG	excluded
LX-dfaa111745:PST.3MSG>PST.2FPL	excluded
LX-dfaa111745:PST.3MSG>PST.2FSG	excluded
LX-dfaa111745:PST.3MSG>PST.2MPL	excluded
LX-dfaa111745:PST.3MSG>PST.2MSG	excluded
LX-dfaa111745:PST.3MSG>PST.3FSG	excluded
LX-dfaa111745:PST.3MSG>PST.3PL	excluded
LX-dfdc540224:PST.3MSG>PST.1PL	excluded
LX-dfdc540224:PST.3MSG>PST.1SG	excluded
LX-dfdc540224:PST.3MSG>PST.2FPL	excluded
LX-dfdc540224:PST.3MSG>PST.2FSG	excluded
LX-dfdc540224:PST.3MSG>PST.2MPL	excluded
LX-dfdc540224:PST.3MSG>PST.2MSG	excluded
LX-dfdc540224:PST.3MSG>PST.3FSG	excluded
LX-dfdc540224:PST.3MSG>PST.3PL	excluded
LX-e06ae3db70:PST.3MSG>PST.1PL	excluded
LX-e06ae3db70:PST.3MSG>PST.1SG	excluded
LX-e06ae3db70:PST.3MSG>PST.2FPL	excluded
LX-e06ae3db70:PST.3MSG>PST.2FSG	excluded
LX-e06ae3db70:PST.3MSG>PST.2MPL	excluded
LX-e06ae3db70:PST.3MSG>PST.2MSG	excluded
LX-e06ae3db70:PST.3MSG>PST.3FSG	excluded
LX-e06ae3db70:PST.3MSG>PST.3PL	excluded
LX-e0f85e0df1:PST.3MSG>PST.1PL	excluded
LX-e0f85e0df1:PST.3MSG>PST.1SG	excluded
LX-e0f85e0df1:PST.3MSG>PST.2FPL	excluded
LX-e0f85e0df1:PST.3MSG>PST.2FSG	excluded
LX-e0f85e0df1:PST.3MSG>PST.2MPL	excluded
LX-e0f85e0df1:PST.3MSG>PST.2MSG	excluded
LX-e0f85e0df1:PST.3MSG>PST.3FSG	excluded
LX-e0f85e0df1:PST.3MSG>PST.3PL	excluded
LX-e28abbab54:PST.3MSG>PST.1PL	excluded
LX-e28abbab54:PST.3MSG>PST.1SG	excluded
LX-e28abbab54:PST.3MSG>PST.2FPL	excluded
LX-e28abbab54:PST.3MSG>PST.2FSG	excluded
LX-e28abbab54:PST.3MSG>PST.2MPL	excluded
LX-e28abbab54:PST.3MSG>PST.2MSG	excluded
LX-e28abbab54:PST.3MSG>PST.3FSG	excluded
LX-e28abbab54:PST.3MSG>PST.3PL	excluded
LX-e2dc7aa7a1:PST.3MSG>PST.1PL	excluded
LX-e2dc7aa7a1:PST.3MSG>PST.1SG	excluded
LX-e2dc7aa7a1:PST.3MSG>PST.2FPL	excluded
LX-e2dc7aa7a1:PST.3MSG>PST.2FSG	excluded
LX-e2dc7aa7a1:PST.3MSG>PST.2MPL	excluded
LX-e2dc7aa7a1:PST.3MSG>PST.2MSG	excluded
LX-e2dc7aa7a1:PST.3MSG>PST.3FSG	excluded
LX-e2dc7aa7a1:PST.3MSG>PST.3PL	excluded
LX-e365017775:PST.3MSG>PST.1PL	excluded
LX-e365017775:PST.3MSG>PST.1SG	excluded
LX-e365017775:PST.3MSG>PST.2FPL	excluded
LX-e365017775:PST.3MSG>PST.2FSG	excluded
LX-e365017775:PST.3MSG>PST.2MPL	excluded
LX-e365017775:PST.3MSG>PST.2MSG	excluded
LX-e365017775:PST.3MSG>PST.3FSG	excluded
LX-e365017775:PST.3MSG>PST.3PL	excluded
LX-e393eb217e:PST.3MSG>PST.1PL	excluded
LX-e393eb217e:PST.3MSG>PST.1SG	excluded
LX-e393eb217e:PST.3MSG>PST.2FPL	excluded
LX-e393eb217e:PST.3MSG>PST.2FSG	excluded
LX-e393eb217e:PST.3MSG>PST.2MPL	excluded
LX-e393eb217e:PST.3MSG>PST.2MSG	excluded
LX-e393eb217e:PST.3MSG>PST.3FSG	excluded
LX-e393eb217e:PST.3MSG>PST.3PL	excluded
LX-e3c3e1e3c8:PST.3MSG>PST.1PL	excluded
LX-e3c3e1e3c8:PST.3MSG>PST.1SG	excluded
LX-e3c3e1e3c8:PST.3MSG>PST.2FPL	excluded
LX-e3c3e1e3c8:PST.3MSG>PST.2FSG	excluded
LX-e3c3e1e3c8:PST.3MSG>PST.2MPL	excluded
LX-e3c3e1e3c8:PST.3MSG>PST.2MSG	excluded
LX-e3c3e1e3c8:PST.3MSG>PST.3FSG	excluded
LX-e3c3e1e3c8:PST.3MSG>PST.3PL	excluded
LX-e405d57fd3:PST.3MSG>PST.1PL	excluded
LX-e405d57fd3:PST.3MSG>PST.1SG	excluded
LX-e405d57fd3:PST.3MSG>PST.2FPL	excluded
LX-e405d57fd3:PST.3MSG>PST.2FSG	excluded
LX-e405d57fd3:PST.3MSG>PST.2MPL	excluded
LX-e405d57fd3:PST.3MSG>PST.2MSG	excluded
LX-e405d57fd3:PST.3MSG>PST.3FSG	excluded
LX-e405d57fd3:PST.3MSG>PST.3PL	excluded
LX-e4491b8f04:PST.3MSG>PST.1PL	excluded
LX-e4491b8f04:PST.3MSG>PST.1SG	excluded
LX-e4491b8f04:PST.3MSG>PST.2FPL	excluded
LX-e4491b8f04:PST.3MSG>PST.2FSG	excluded
LX-e4491b8f04:PST.3MSG>PST.2MPL	excluded
LX-e4491b8f04:PST.3MSG>PST.2MSG	excluded
LX-e4491b8f04:PST.3MSG>PST.3FSG	excluded
LX-e4491b8f04:PST.3MSG>PST.3PL	excluded
LX-e48552f170:PST.3MSG>PST.1PL	excluded
LX-e48552f170:PST.3MSG>PST.1SG	excluded
LX-e48552f170:PST.3MSG>PST.2FPL	excluded
LX-e48552f170:PST.3MSG>PST.2FSG	excluded
LX-e48552f170:PST.3MSG>PST.2MPL	excluded
LX-e48552f170:PST.3MSG>PST.2MSG	excluded
LX-e48552f170:PST.3MSG>PST.3FSG	excluded
LX-e48552f170:PST.3MSG>PST.3PL	excluded
LX-e514f8ec59:PST.3MSG>PST.1PL	excluded
LX-e514f8ec59:PST.3MSG>PST.1SG	excluded
LX-e514f8ec59:PST.3MSG>PST.2FPL	excluded
LX-e514f8ec59:PST.3MSG>PST.2FSG	excluded
LX-e514f8ec59:PST.3MSG>PST.2MPL	excluded
LX-e514f8ec59:PST.3MSG>PST.2MSG	excluded
LX-e514f8ec59:PST.3MSG>PST.3FSG	excluded
LX-e514f8ec59:PST.3MSG>PST.3PL	excluded
LX-e545484ad5:PST.3MSG>PST.1PL	excluded
LX-e545484ad5:PST.3MSG>PST.1SG	excluded
LX-e545484ad5:PST.3MSG>PST.2FPL	excluded
LX-e545484ad5:PST.3MSG>PST.2FSG	excluded
LX-e545484ad5:PST.3MSG>PST.2MPL	excluded
LX-e545484ad5:PST.3MSG>PST.2MSG	excluded
LX-e545484ad5:PST.3MSG>PST.3FSG	excluded
LX-e545484ad5:PST.3MSG>PST.3PL	excluded
LX-e671b27ab0:PST.3MSG>PST.1PL	excluded
LX-e671b27ab0:PST.3MSG>PST.3FSG	excluded
LX-e671b27ab0:PST.3MSG>PST.3PL	excluded
LX-e7e8ab0d7d:PST.3MSG>PST.1PL	excluded
LX-e7e8ab0d7d:PST.3MSG>PST.1SG	excluded
LX-e7e8ab0d7d:PST.3MSG>PST.2FPL	excluded
LX-e7e8ab0d7d:PST.3MSG>PST.2FSG	excluded
LX-e7e8ab0d7d:PST.3MSG>PST.2MPL	excluded
LX-e7e8ab0d7d:PST.3MSG>PST.2MSG	excluded
LX-e7e8ab0d7d:PST.3MSG>PST.3FSG	excluded
LX-e7e8ab0d7d:PST.3MSG>PST.3PL	excluded
LX-e84a8e4575:PST.3MSG>PST.1PL	excluded
LX-e84a8e4575:PST.3MSG>PST.1SG	excluded
LX-e84a8e4575:PST.3MSG>PST.2FPL	excluded
LX-e84a8e4575:PST.3MSG>PST.2FSG	excluded
LX-e84a8e4575:PST.3MSG>PST.2MPL	excluded
LX-e84a8e4575:PST.3MSG>PST.2MSG	excluded
LX-e84a8e4575:PST.3MSG>PST.3FSG	excluded
LX-e84a8e4575:PST.3MSG>PST.3PL	excluded
LX-e8646b5b9e:PST.3MSG>PST.1PL	excluded
LX-e8646b5b9e:PST.3MSG>PST.1SG	excluded
LX-e8646b5b9e:PST.3MSG>PST.2FPL	excluded
LX-e8646b5b9e:PST.3MSG>PST.2FSG	excluded
LX-e8646b5b9e:PST.3MSG>PST.2MPL	excluded
LX-e8646b5b9e:PST.3MSG>PST.2MSG	excluded
LX-e8646b5b9e:PST.3MSG>PST.3FSG	excluded
LX-e8646b5b9e:PST.3MSG>PST.3PL	excluded
LX-e8ec2d746a:PST.3MSG>PST.1PL	excluded
LX-e8ec2d746a:PST.3MSG>PST.1SG	excluded
LX-e8ec2d746a:PST.3MSG>PST.2FPL	excluded
LX-e8ec2d746a:PST.3MSG>PST.2FSG	excluded
LX-e8ec2d746a:PST.3MSG>PST.2MPL	excluded
LX-e8ec2d746a:PST.3MSG>PST.2MSG	excluded
LX-e8ec2d746a:PST.3MSG>PST.3FSG	excluded
LX-e8ec2d746a:PST.3MSG>PST.3PL	excluded
LX-ea77133061:PST.3MSG>PST.1PL	excluded
LX-ea77133061:PST.3MSG>PST.1SG	excluded
LX-ea77133061:PST.3MSG>PST.2FPL	excluded
LX-ea77133061:PST.3MSG>PST.2FSG	excluded
LX-ea77133061:PST.3MSG>PST.2MPL	excluded
LX-ea77133061:PST.3MSG>PST.2MSG	excluded
LX-ea77133061:PST.3MSG>PST.3FSG	excluded
LX-ea77133061:PST.3MSG>PST.3PL	excluded
LX-eaa7f02910:PST.3MSG>PST.1PL	excluded
LX-eaa7f02910:PST.3MSG>PST.1SG	excluded
LX-eaa7f02910:PST.3MSG>PST.2FPL	excluded
LX-eaa7f02910:PST.3MSG>PST.2FSG	excluded
LX-eaa7f02910:PST.3MSG>PST.2MPL	excluded
LX-eaa7f02910:PST.3MSG>PST.2MSG	excluded
LX-eaa7f02910:PST.3MSG>PST.3FSG	excluded
LX-eaa7f02910:PST.3MSG>PST.3PL	excluded
LX-eacd12f96d:PST.3MSG>PST.1PL	excluded
LX-eacd12f96d:PST.3MSG>PST.1SG	excluded
LX-eacd12f96d:PST.3MSG>PST.2FPL	excluded
LX-eacd12f96d:PST.3MSG>PST.2FSG	excluded
LX-eacd12f96d:PST.3MSG>PST.2MPL	excluded
LX-eacd12f96d:PST.3MSG>PST.2MSG	excluded
LX-eacd12f96d:PST.3MSG>PST.3FSG	excluded
LX-eacd12f96d:PST.3MSG>PST.3PL	excluded
LX-ebf8ffff61:PST.3MSG>PST.1PL	excluded
LX-ebf8ffff61:PST.3MSG>PST.1SG	excluded
LX-ebf8ffff61:PST.3MSG>PST.2FPL	excluded
LX-ebf8ffff61:PST.3MSG>PST.2FSG	excluded
LX-ebf8ffff61:PST.3MSG>PST.2MPL	excluded
LX-ebf8ffff61:PST.3MSG>PST.2MSG	excluded
LX-ebf8ffff61:PST.3MSG>PST.3FSG	excluded
LX-ebf8ffff61:PST.3MSG>PST.3PL	excluded
LX-ec81c77bf3:PST.3MSG>PST.1PL	excluded
LX-ec81c77bf3:PST.3MSG>PST.1SG	excluded
LX-ec81c77bf3:PST.3MSG>PST.2FPL	excluded
LX-ec81c77bf3:PST.3MSG>PST.2FSG	excluded
LX-ec81c77bf3:PST.3MSG>PST.2MPL	excluded
LX-ec81c77bf3:PST.3MSG>PST.2MSG	excluded
LX-ec81c77bf3:PST.3MSG>PST.3FSG	excluded
LX-ec81c77bf3:PST.3MSG>PST.3PL	excluded
LX-eef2be3e89:PST.3MSG>PST.1PL	excluded
LX-eef2be3e89:PST.3MSG>PST.1SG	excluded
LX-eef2be3e89:PST.3MSG>PST.2FPL	excluded
LX-eef2be3e89:PST.3MSG>PST.2FSG	excluded
LX-eef2be3e89:PST.3MSG>PST.2MPL	excluded
LX-eef2be3e89:PST.3MSG>PST.2MSG	excluded
LX-eef2be3e89:PST.3MSG>PST.3FSG	excluded
LX-eef2be3e89:PST.3MSG>PST.3PL	excluded
LX-ef2a8cd329:PST.3MSG>PST.1PL	excluded
LX-ef2a8cd329:PST.3MSG>PST.1SG	excluded
LX-ef2a8cd329:PST.3MSG>PST.2FPL	excluded
LX-ef2a8cd329:PST.3MSG>PST.2FSG	excluded
LX-ef2a8cd329:PST.3MSG>PST.2MPL	excluded
LX-ef2a8cd329:PST.3MSG>PST.2MSG	excluded
LX-ef2a8cd329:PST.3MSG>PST.3FSG	excluded
LX-ef2a8cd329:PST.3MSG>PST.3PL	excluded
LX-efc8a8fffa:PST.3MSG>PST.1PL	excluded
LX-efc8a8fffa:PST.3MSG>PST.1SG	excluded
LX-efc8a8fffa:PST.3MSG>PST.2FPL	excluded
LX-efc8a8fffa:PST.3MSG>PST.2FSG	excluded
LX-efc8a8fffa:PST.3MSG>PST.2MPL	excluded
LX-efc8a8fffa:PST.3MSG>PST.2MSG	excluded
LX-efc8a8fffa:PST.3MSG>PST.3FSG	excluded
LX-efc8a8fffa:PST.3MSG>PST.3PL	excluded
LX-f014ecdb3c:PST.3MSG>PST.1PL	excluded
LX-f014ecdb3c:PST.3MSG>PST.1SG	excluded
LX-f014ecdb3c:PST.3MSG>PST.2FPL	excluded
LX-f014ecdb3c:PST.3MSG>PST.2FSG	excluded
LX-f014ecdb3c:PST.3MSG>PST.2MPL	excluded
LX-f014ecdb3c:PST.3MSG>PST.2MSG	excluded
LX-f014ecdb3c:PST.3MSG>PST.3FSG	excluded
LX-f014ecdb3c:PST.3MSG>PST.3PL	excluded
LX-f24c0c7236:PST.3MSG>PST.1PL	excluded
LX-f24c0c7236:PST.3MSG>PST.3FSG	excluded
LX-f24c0c7236:PST.3MSG>PST.3PL	excluded
LX-f381657aef:PST.3MSG>PST.1PL	excluded
LX-f381657aef:PST.3MSG>PST.1SG	excluded
LX-f381657aef:PST.3MSG>PST.2FPL	excluded
LX-f381657aef:PST.3MSG>PST.2FSG	excluded
LX-f381657aef:PST.3MSG>PST.2MPL	excluded
LX-f381657aef:PST.3MSG>PST.2MSG	excluded
LX-f381657aef:PST.3MSG>PST.3FSG	excluded
LX-f381657aef:PST.3MSG>PST.3PL	excluded
LX-f494071938:PST.3MSG>PST.1PL	excluded
LX-f494071938:PST.3MSG>PST.1SG	excluded
LX-f494071938:PST.3MSG>PST.2FPL	excluded
LX-f494071938:PST.3MSG>PST.2FSG	excluded
LX-f494071938:PST.3MSG>PST.2MPL	excluded
LX-f494071938:PST.3MSG>PST.2MSG	excluded
LX-f494071938:PST.3MSG>PST.3FSG	excluded
LX-f494071938:PST.3MSG>PST.3PL	excluded
LX-f4e1738ecc:PST.3MSG>PST.1PL	excluded
LX-f4e1738ecc:PST.3MSG>PST.1SG	excluded
LX-f4e1738ecc:PST.3MSG>PST.2FPL	excluded
LX-f4e1738ecc:PST.3MSG>PST.2FSG	excluded
LX-f4e1738ecc:PST.3MSG>PST.2MPL	excluded
LX-f4e1738ecc:PST.3MSG>PST.2MSG	excluded
LX-f4e1738ecc:PST.3MSG>PST.3FSG	excluded
LX-f4e1738ecc:PST.3MSG>PST.3PL	excluded
LX-f55cc7a592:PST.3MSG>PST.1PL	excluded
LX-f55cc7a592:PST.3MSG>PST.1SG	excluded
LX-f55cc7a592:PST.3MSG>PST.2FPL	excluded
LX-f55cc7a592:PST.3MSG>PST.2FSG	excluded
LX-f55cc7a592:PST.3MSG>PST.2MPL	excluded
LX-f55cc7a592:PST.3MSG>PST.2MSG	excluded
LX-f55cc7a592:PST.3MSG>PST.3FSG	excluded
LX-f55cc7a592:PST.3MSG>PST.3PL	excluded
LX-f5741c51d2:PST.3MSG>PST.1PL	excluded
LX-f5741c51d2:PST.3MSG>PST.1SG	excluded
LX-f5741c51d2:PST.3MSG>PST.2FPL	excluded
LX-f5741c51d2:PST.3MSG>PST.2FSG	excluded
LX-f5741c51d2:PST.3MSG>PST.2MPL	excluded
LX-f5741c51d2:PST.3MSG>PST.2MSG	excluded
LX-f5741c51d2:PST.3MSG>PST.3FSG	excluded
LX-f5741c51d2:PST.3MSG>PST.3PL	excluded
LX-f5a3110c70:PST.3MSG>PST.1PL	excluded
LX-f5a3110c70:PST.3MSG>PST.1SG	excluded
LX-f5a3110c70:PST.3MSG>PST.2FPL	excluded
LX-f5a3110c70:PST.3MSG>PST.2FSG	excluded
LX-f5a3110c70:PST.3MSG>PST.2MPL	excluded
LX-f5a3110c70:PST.3MSG>PST.2MSG	excluded
LX-f5a3110c70:PST.3MSG>PST.3FSG	excluded
LX-f5a3110c70:PST.3MSG>PST.3PL	excluded
LX-f668c623a6:PST.3MSG>PST.1PL	excluded
LX-f668c623a6:PST.3MSG>PST.1SG	excluded
LX-f668c623a6:PST.3MSG>PST.2FPL	excluded
LX-f668c623a6:PST.3MSG>PST.2FSG	excluded
LX-f668c623a6:PST.3MSG>PST.2MPL	excluded
LX-f668c623a6:PST.3MSG>PST.2MSG	excluded
LX-f668c623a6:PST.3MSG>PST.3FSG	excluded
LX-f668c623a6:PST.3MSG>PST.3PL	excluded
LX-f70a98db8e:PST.3MSG>PST.1PL	excluded
LX-f70a98db8e:PST.3MSG>PST.1SG	excluded
LX-f70a98db8e:PST.3MSG>PST.2FPL	excluded
LX-f70a98db8e:PST.3MSG>PST.2FSG	excluded
LX-f70a98db8e:PST.3MSG>PST.2MPL	excluded
LX-f70a98db8e:PST.3MSG>PST.2MSG	excluded
LX-f70a98db8e:PST.3MSG>PST.3FSG	excluded
LX-f70a98db8e:PST.3MSG>PST.3PL	excluded
LX-f73b86a02a:PST.3MSG>PST.1PL	excluded
LX-f73b86a02a:PST.3MSG>PST.1SG	excluded
LX-f73b86a02a:PST.3MSG>PST.2FPL	excluded
LX-f73b86a02a:PST.3MSG>PST.2FSG	excluded
LX-f73b86a02a:PST.3MSG>PST.2MPL	excluded
LX-f73b86a02a:PST.3MSG>PST.2MSG	excluded
LX-f73b86a02a:PST.3MSG>PST.3FSG	excluded
LX-f73b86a02a:PST.3MSG>PST.3PL	excluded
LX-f77a5756d8:PST.3MSG>PST.1PL	excluded
LX-f77a5756d8:PST.3MSG>PST.1SG	excluded
LX-f77a5756d8:PST.3MSG>PST.2FPL	excluded
LX-f77a5756d8:PST.3MSG>PST.2FSG	excluded
LX-f77a5756d8:PST.3MSG>PST.2MPL	excluded
LX-f77a5756d8:PST.3MSG>PST.2MSG	excluded
LX-f77a5756d8:PST.3MSG>PST.3FSG	excluded
LX-f77a5756d8:PST.3MSG>PST.3PL	excluded
LX-f88c1c94a9:PST.3MSG>PST.1PL	excluded
LX-f88c1c94a9:PST.3MSG>PST.1SG	excluded
LX-f88c1c94a9:PST.3MSG>PST.2FPL	excluded
LX-f88c1c94a9:PST.3MSG>PST.2FSG	excluded
LX-f88c1c94a9:PST.3MSG>PST.2MPL	excluded
LX-f88c1c94a9:PST.3MSG>PST.2MSG	excluded
LX-f88c1c94a9:PST.3MSG>PST.3FSG	excluded
LX-f88c1c94a9:PST.3MSG>PST.3PL	excluded
LX-f8dff23754:PST.3MSG>PST.1PL	excluded
LX-f8dff23754:PST.3MSG>PST.1SG	excluded
LX-f8dff23754:PST.3MSG>PST.2FPL	excluded
LX-f8dff23754:PST.3MSG>PST.2FSG	excluded
LX-f8dff23754:PST.3MSG>PST.2MPL	excluded
LX-f8dff23754:PST.3MSG>PST.2MSG	excluded
LX-f8dff23754:PST.3MSG>PST.3FSG	excluded
LX-f8dff23754:PST.3MSG>PST.3PL	excluded
LX-f94a41ebd9:PST.3MSG>PST.1PL	excluded
LX-f94a41ebd9:PST.3MSG>PST.1SG	excluded
LX-f94a41ebd9:PST.3MSG>PST.2FPL	excluded
LX-f94a41ebd9:PST.3MSG>PST.2FSG	excluded
LX-f94a41ebd9:PST.3MSG>PST.2MPL	excluded
LX-f94a41ebd9:PST.3MSG>PST.2MSG	excluded
LX-f94a41ebd9:PST.3MSG>PST.3FSG	excluded
LX-f94a41ebd9:PST.3MSG>PST.3PL	excluded
LX-f9d62d9df6:PST.3MSG>PST.1PL	excluded
LX-f9d62d9df6:PST.3MSG>PST.1SG	excluded
LX-f9d62d9df6:PST.3MSG>PST.2FPL	excluded
LX-f9d62d9df6:PST.3MSG>PST.2FSG	excluded
LX-f9d62d9df6:PST.3MSG>PST.2MPL	excluded
LX-f9d62d9df6:PST.3MSG>PST.2MSG	excluded
LX-f9d62d9df6:PST.3MSG>PST.3FSG	excluded
LX-f9d62d9df6:PST.3MSG>PST.3PL	excluded
LX-fa50a91874:PST.3MSG>PST.1PL	excluded
LX-fa50a91874:PST.3MSG>PST.1SG	excluded
LX-fa50a91874:PST.3MSG>PST.2FPL	excluded
LX-fa50a91874:PST.3MSG>PST.2FSG	excluded
LX-fa50a91874:PST.3MSG>PST.2MPL	excluded
LX-fa50a91874:PST.3MSG>PST.2MSG	excluded
LX-fa50a91874:PST.3MSG>PST.3FSG	excluded
LX-fa50a91874:PST.3MSG>PST.3PL	excluded
LX-fac650e6e0:PST.3MSG>PST.1PL	excluded
LX-fac650e6e0:PST.3MSG>PST.1SG	excluded
LX-fac650e6e0:PST.3MSG>PST.2FPL	excluded
LX-fac650e6e0:PST.3MSG>PST.2FSG	excluded
LX-fac650e6e0:PST.3MSG>PST.2MPL	excluded
LX-fac650e6e0:PST.3MSG>PST.2MSG	excluded
LX-fac650e6e0:PST.3MSG>PST.3FSG	excluded
LX-fac650e6e0:PST.3MSG>PST.3PL	excluded
LX-fbe233163f:PST.3MSG>PST.1PL	excluded
LX-fbe233163f:PST.3MSG>PST.1SG	excluded
LX-fbe233163f:PST.3MSG>PST.2FPL	excluded
LX-fbe233163f:PST.3MSG>PST.2FSG	excluded
LX-fbe233163f:PST.3MSG>PST.2MPL	excluded
LX-fbe233163f:PST.3MSG>PST.2MSG	excluded
LX-fbe233163f:PST.3MSG>PST.3FSG	excluded
LX-fbe233163f:PST.3MSG>PST.3PL	excluded
LX-fc59358a20:PST.3MSG>PST.1PL	excluded
LX-fc59358a20:PST.3MSG>PST.1SG	excluded
LX-fc59358a20:PST.3MSG>PST.2FPL	excluded
LX-fc59358a20:PST.3MSG>PST.2FSG	excluded
LX-fc59358a20:PST.3MSG>PST.2MPL	excluded
LX-fc59358a20:PST.3MSG>PST.2MSG	excluded
LX-fc59358a20:PST.3MSG>PST.3FSG	excluded
LX-fc59358a20:PST.3MSG>PST.3PL	excluded
LX-fdb3a823b3:PST.3MSG>PST.1PL	excluded
LX-fdb3a823b3:PST.3MSG>PST.1SG	excluded
LX-fdb3a823b3:PST.3MSG>PST.2FPL	excluded
LX-fdb3a823b3:PST.3MSG>PST.2FSG	excluded
LX-fdb3a823b3:PST.3MSG>PST.2MPL	excluded
LX-fdb3a823b3:PST.3MSG>PST.2MSG	excluded
LX-fdb3a823b3:PST.3MSG>PST.3FSG	excluded
LX-fdb3a823b3:PST.3MSG>PST.3PL	excluded
LX-fdc31b123d:PST.3MSG>PST.1PL	excluded
LX-fdc31b123d:PST.3MSG>PST.1SG	excluded
LX-fdc31b123d:PST.3MSG>PST.2FPL	excluded
LX-fdc31b123d:PST.3MSG>PST.2FSG	excluded
LX-fdc31b123d:PST.3MSG>PST.2MPL	excluded
LX-fdc31b123d:PST.3MSG>PST.2MSG	excluded
LX-fdc31b123d:PST.3MSG>PST.3FSG	excluded
LX-fdc31b123d:PST.3MSG>PST.3PL	excluded
LX-ff60cb398a:PST.3MSG>PST.1PL	excluded
LX-ff60cb398a:PST.3MSG>PST.1SG	excluded
LX-ff60cb398a:PST.3MSG>PST.2FPL	excluded
LX-ff60cb398a:PST.3MSG>PST.2FSG	excluded
LX-ff60cb398a:PST.3MSG>PST.2MPL	excluded
LX-ff60cb398a:PST.3MSG>PST.2MSG	excluded
LX-ff60cb398a:PST.3MSG>PST.3FSG	excluded
LX-ff60cb398a:PST.3MSG>PST.3PL	excluded
LX-ff6d26978f:PST.3MSG>PST.1PL	excluded
LX-ff6d26978f:PST.3MSG>PST.1SG	excluded
LX-ff6d26978f:PST.3MSG>PST.2FPL	excluded
LX-ff6d26978f:PST.3MSG>PST.2FSG	excluded
LX-ff6d26978f:PST.3MSG>PST.2MPL	excluded
LX-ff6d26978f:PST.3MSG>PST.2MSG	excluded
LX-ff6d26978f:PST.3MSG>PST.3FSG	excluded
LX-ff6d26978f:PST.3MSG>PST.3PL	excluded
LX-ff717a0d94:PST.3MSG>PST.1PL	excluded
LX-ff717a0d94:PST.3MSG>PST.1SG	excluded
LX-ff717a0d94:PST.3MSG>PST.2FPL	excluded
LX-ff717a0d94:PST.3MSG>PST.2FSG	excluded
LX-ff717a0d94:PST.3MSG>PST.2MPL	excluded
LX-ff717a0d94:PST.3MSG>PST.2MSG	excluded
LX-ff717a0d94:PST.3MSG>PST.3FSG	excluded
LX-ff717a0d94:PST.3MSG>PST.3PL	excluded
LX-ffc5e79e93:PST.3MSG>PST.1PL	excluded
LX-ffc5e79e93:PST.3MSG>PST.1SG	excluded
LX-ffc5e79e93:PST.3MSG>PST.2FPL	excluded
LX-ffc5e79e93:PST.3MSG>PST.2FSG	excluded
LX-ffc5e79e93:PST.3MSG>PST.2MPL	excluded
LX-ffc5e79e93:PST.3MSG>PST.2MSG	excluded
LX-ffc5e79e93:PST.3MSG>PST.3FSG	excluded
LX-ffc5e79e93:PST.3MSG>PST.3PL	excluded
LX-ffec1cf59b:PST.3MSG>PST.1PL	excluded
LX-ffec1cf59b:PST.3MSG>PST.1SG	excluded
LX-ffec1cf59b:PST.3MSG>PST.2FPL	excluded
LX-ffec1cf59b:PST.3MSG>PST.2FSG	excluded
LX-ffec1cf59b:PST.3MSG>PST.2MPL	excluded
LX-ffec1cf59b:PST.3MSG>PST.2MSG	excluded
LX-ffec1cf59b:PST.3MSG>PST.3FSG	excluded
LX-ffec1cf59b:PST.3MSG>PST.3PL	excluded
